signal_id,market,session_date,signal_minute,direction,side,strike,contract,confidence,market_state,market_lookback_pct,strike_band,strike_distance,strike_distance_pct,underlying_at_signal,underlying_at_exit,und_move_to_exit_pct,und_pre_1m_pct,und_pre_3m_pct,und_pre_5m_pct,opt_pre_5m_pct,premium_position_in_range,und_1m_pct,und_3m_pct,und_5m_pct,und_10m_pct,opt_1m_pct,opt_3m_pct,opt_5m_pct,opt_10m_pct,opt_mid_1m_pct,opt_mid_3m_pct,opt_mid_5m_pct,opt_mid_10m_pct,und_direction_ok_1m,und_direction_ok_3m,und_direction_ok_5m,und_direction_ok_10m,opt_profitable_1m,opt_profitable_3m,opt_profitable_5m,opt_profitable_10m,quadrant_1m,quadrant_3m,quadrant_5m,quadrant_10m,response_ratio_5m,response_ratio_10m,theoretical_elasticity_5m,response_efficiency_5m,response_efficiency_10m,response_gap_5m,entry_ask,entry_bid,entry_ltp,entry_mid,entry_spread,entry_spread_pct,entry_delta,entry_gamma,entry_theta,entry_vega,entry_iv,greeks_status,iv_1m,iv_3m,iv_5m,iv_10m,iv_change_to_exit_pct,iv_state,exit_minute,exit_bid,exit_ask,exit_ltp,exit_spread,exit_reason,hold_minutes,entry_spread_cost,exit_spread_cost,mid_to_mid_per_unit,ask_to_bid_per_unit,execution_friction_per_unit,theta_estimate_per_unit,mfe_per_unit,mae_per_unit,final_pnl_per_unit,final_pnl,final_pnl_pct,loss_reason,loss_note,version,config_hash
NIF-2026-09-11-0927-438aaa,NIFTY,2026-09-11,09:27,BUY_CE,CE,23250.0,NIFTY 23250 CE,MODERATE,RANGE,0.0949,ATM,-7.9,0.034,23257.9,23256.1,-0.007739305784283663,0.007739904799183486,0.030536583687452403,,,61.4,-0.007739305784283663,0.0034396914596729385,-0.011608958676409854,0.02515274379887498,-0.6300630063006198,-0.45004500450045004,0.6750675067506752,4.18541854185419,-0.49527239981989835,-0.2701485817199434,0.8779828905898321,4.3448896893291336,,,,True,False,False,True,True,,,,UNDERLYING_CORRECT_OPTION_PROFITABLE,,,118.12,,,2.2493,111.1,111.0,111.0,111.05,0.09999999999999432,0.09004952723997688,0.564,0.00171,-13.67744,10.15572,8.939065902374688,VALID,8.939141292602894,8.86908311037555,9.314953853774801,9.076950038318238,0.0008433792638892004,IV_NEUTRAL,09:28,110.4,110.6,110.4,0.19999999999998863,SIGNAL_FLIP,1,0.04999999999999716,0.09999999999999432,-0.5499999999999972,-0.7,0.1500000000000028,-0.03647317333333333,147.8,-5.2,-0.7,-45.5,-0.63,MIXED,The underlying moved as expected and no single measured factor dominates.,12E-option-audit-v1,9d8fb5671d76d03c
NIF-2026-09-11-0931-7eeaaa,NIFTY,2026-09-11,09:31,BUY_CE,CE,23250.0,NIFTY 23250 CE,MODERATE,UNKNOWN,,ATM,-11.95,0.0514,23261.95,23243.0,-0.08146350585398354,0.013973265917699613,0.02515469059731504,0.02515469059731504,2.358811521887057,83.8,-0.02901734377384527,-0.011821880796751777,-0.001719546297715605,-0.08017384613070466,-0.9738822487826547,1.2394864984506344,2.4789729969012813,-5.710491367861889,-0.7090627077332127,1.4624418346997485,2.7033015732328805,-5.517394194549087,False,,,False,False,True,True,False,UNDERLYING_WRONG_OPTION_LOSS,,,UNDERLYING_WRONG_OPTION_LOSS,,68.82,118.14,,0.583,2.9065,112.95,112.7,112.7,112.825,0.25,0.22158209616662972,0.57302,0.00172,-13.58706,10.11451,8.8384967204503,VALID,9.314953853774801,9.190365830677456,9.225600170217154,9.291888068660167,7.922546946278676,IV_TAILWIND,09:33,108.7,109.0,109.0,0.29999999999999716,SIGNAL_FLIP,2,0.125,0.14999999999999858,-3.9750000000000085,-4.25,0.2749999999999915,-0.07246432,145.95,-7.05,-4.25,-276.25,-3.763,SIGNAL_FLIP,The underlying never moved the expected way and 12C flipped to the other side.,12E-option-audit-v1,9d8fb5671d76d03c
NIF-2026-09-11-0935-aef637,NIFTY,2026-09-11,09:35,BUY_CE,CE,23250.0,NIFTY 23250 CE,STRONG,RANGE,-0.0075,ATM,-9.05,0.0389,23259.05,23253.05,-0.025796410429488735,-0.000644906101677853,0.01655543706353222,0.0015048132526690864,3.4311512415349994,100.0,0.010748504345620307,-0.0010748504345620307,-0.025796410429488735,-0.04750838920763863,0.9594417793283858,0.13083296990840948,-3.5324901875272667,-6.279982555604015,1.1567001309471745,0.3055434308162325,-3.3391532082060382,-6.1108686163247485,,,False,False,True,True,False,False,,,UNDERLYING_WRONG_OPTION_LOSS,UNDERLYING_WRONG_OPTION_LOSS,,,115.17,,,-0.3683,114.65,114.45,114.45,114.55000000000001,0.20000000000000284,0.17459624618070957,0.5672,0.00167,-13.91401,10.13696,9.136133873580661,VALID,9.225600170217154,9.249691419136626,9.159587364391198,9.16562948050473,0.2567113303621621,IV_NEUTRAL,09:40,110.6,110.85,110.6,0.25,SIGNAL_FLIP,5,0.10000000000000142,0.125,-3.825000000000017,-4.05,0.22499999999998277,-0.18552013333333334,144.25,-8.75,-4.05,-263.25,-3.532,SIGNAL_FLIP,The underlying never moved the expected way and 12C flipped to the other side.,12E-option-audit-v1,9d8fb5671d76d03c
NIF-2026-09-11-0944-6fb6d1,NIFTY,2026-09-11,09:44,BUY_CE,CE,23250.0,NIFTY 23250 CE,STRONG,RANGE,-0.0275,ATM,-2.8,0.012,23252.8,23244.5,-0.03569462602352952,0.028391737144129126,0.04087199321955144,-0.0337479821071302,-3.7409757164734243,36.7,-0.02064267529071455,-0.03569462602352952,-0.035049542420688334,-0.03031892933323846,-2.4069028156221544,-3.542234332425061,-2.815622161671203,-3.360581289736593,-2.227272727272717,-3.386363636363631,-2.6136363636363633,-3.1818181818181817,False,False,False,False,False,False,False,False,UNDERLYING_WRONG_OPTION_LOSS,UNDERLYING_WRONG_OPTION_LOSS,UNDERLYING_WRONG_OPTION_LOSS,UNDERLYING_WRONG_OPTION_LOSS,,,117.37,,,1.5003,110.1,109.9,109.9,110.0,0.19999999999998863,0.18181818181817147,0.55525,0.00169,-13.84624,10.17416,9.097308832856971,VALID,9.16562948050473,9.237736489178044,9.260980006748012,9.143232292912495,1.5436175565886796,IV_TAILWIND,09:47,106.2,106.35,106.35,0.14999999999999147,SIGNAL_FLIP,3,0.09999999999999432,0.07499999999999574,-3.7249999999999943,-3.9,0.1750000000000056,-0.11076992000000001,148.8,-4.2,-3.9,-253.5,-3.542,SIGNAL_FLIP,The underlying never moved the expected way and 12C flipped to the other side.,12E-option-audit-v1,9d8fb5671d76d03c
NIF-2026-09-11-0953-665111,NIFTY,2026-09-11,09:53,BUY_PE,PE,23250.0,NIFTY 23250 PE,STRONG,RANGE,0.0133,ATM,0.7,0.003,23249.3,23258.1,0.037850601953604075,0.0010753127547147088,-0.00129034478012212,0.02538354973884121,-1.578298397040685,54.6,-0.015269276924463414,0.037850601953604075,0.04967891506410633,0.07290542080837155,-0.5505505505505619,-5.255255255255255,-5.055055055055066,-8.508508508508509,-0.3257328990228184,-5.011275369581558,-4.8358807316462205,-8.343773490353296,,False,False,False,False,False,False,False,,UNDERLYING_WRONG_OPTION_LOSS,UNDERLYING_WRONG_OPTION_LOSS,UNDERLYING_WRONG_OPTION_LOSS,,114.45,107.25,,1.067,0.4923,99.9,99.65,99.75,99.775,0.25,0.2505637684790779,-0.46028,0.00141,-9.56554,10.21259,10.963514845151574,VALID,10.847439305457605,10.932080065723335,11.114585229302758,10.948351484506727,-0.28672172995816075,IV_NEUTRAL,09:56,94.65,94.9,94.9,0.25,SIGNAL_FLIP,3,0.125,0.125,-5.0,-5.25,0.25,-0.07652432,-0.55,-63.55,-5.25,-341.25,-5.255,SIGNAL_FLIP,The underlying never moved the expected way and 12C flipped to the other side.,12E-option-audit-v1,9d8fb5671d76d03c
NIF-2026-09-11-1005-a83912,NIFTY,2026-09-11,10:05,BUY_CE,CE,23300.0,NIFTY 23300 CE,MODERATE,TRENDING_UP,0.1123,NEAR_ATM,24.9,0.107,23275.1,23297.9,0.09795876279802412,0.012461219824502268,0.0647032143095104,0.05265906799897691,5.489051094890515,100.0,-0.0036519714200950576,-0.006444655447237607,0.032652920932679914,0.07260978470554995,-0.9950248756218968,-0.331674958540627,5.140961857379758,10.55831951354339,-0.7196235815112157,-0.08303349017437348,5.397176861334056,10.794353722668143,,,True,True,False,False,True,True,,,UNDERLYING_CORRECT_OPTION_PROFITABLE,UNDERLYING_CORRECT_OPTION_PROFITABLE,,148.66,131.38,,1.132,1.1072,90.45,90.2,90.45,90.325,0.25,0.2767783005812344,0.50986,0.0018,-13.1119,10.26315,8.594602252492939,VALID,8.606346925079631,8.664332648465148,8.695136088313355,8.725210813810671,6.9657536946560015,IV_TAILWIND,10:25,108.5,108.7,108.7,0.20000000000000284,POSITION_SIGNAL,20,0.125,0.10000000000000142,18.27499999999999,18.05,0.22499999999999076,-0.6993013333333334,128.6,-1.2,18.05,1173.25,19.956,,,12E-option-audit-v1,9d8fb5671d76d03c
NIF-2026-09-11-1027-de6555,NIFTY,2026-09-11,10:27,BUY_PE,PE,23300.0,NIFTY 23300 PE,MODERATE,RANGE,-0.0142,ATM,9.4,0.0404,23290.6,23283.8,-0.029196328132376465,-0.018888173427780448,-0.04785048333280314,-0.06736376001339006,7.150025087807325,100.0,-0.043794492198556884,-0.06440366499789615,-0.029196328132376465,0.02232660386594046,2.3854069223573404,3.6014967259120616,0.4677268475210477,-4.677268475210477,2.645750409740097,3.8164364317489943,0.6555841723249718,-4.4486068836338095,True,True,True,False,True,True,True,False,UNDERLYING_CORRECT_OPTION_PROFITABLE,UNDERLYING_CORRECT_OPTION_PROFITABLE,UNDERLYING_CORRECT_OPTION_PROFITABLE,UNDERLYING_WRONG_OPTION_LOSS,,,102.76,,,-2.3447,106.9,106.65,106.65,106.775,0.25,0.23413720440177943,-0.47111,0.00137,-9.98374,10.22836,11.318784974326721,VALID,11.148386911758138,10.994555293348157,11.077594071367823,11.079914651376034,-2.1308904048090653,IV_HEADWIND,10:32,107.4,107.55,107.55,0.14999999999999147,SIGNAL_FLIP,5,0.125,0.07499999999999574,0.6999999999999886,0.5,0.19999999999998863,-0.13311653333333334,3.85,-60.8,0.5,32.5,0.468,,,12E-option-audit-v1,9d8fb5671d76d03c
NIF-2026-09-11-1044-0f3086,NIFTY,2026-09-11,10:44,BUY_CE,CE,23300.0,NIFTY 23300 CE,MODERATE,RANGE,0.0741,ATM,-0.45,0.0019,23300.45,23292.2,-0.035407041494906755,0.012662302822194344,0.016740676194550073,0.024469032721968376,5.171208944793848,100.0,0.042703037924163384,0.015664933509858467,-0.024248458720760566,-0.07939760820069999,5.530973451327434,0.7964601769911555,-3.3185840707964607,-9.159292035398225,5.758582502768549,1.0409745293466324,-3.078626799557027,-8.947951273532665,True,,False,False,True,True,False,False,UNDERLYING_CORRECT_OPTION_PROFITABLE,,UNDERLYING_WRONG_OPTION_LOSS,UNDERLYING_WRONG_OPTION_LOSS,,112.7,113.21,,0.995,-0.3335,113.0,112.75,112.75,112.875,0.25,0.22148394241417496,0.54842,0.00161,-14.42476,10.1702,9.55306288159347,VALID,9.665642989685203,9.476547125400936,9.497764276175735,9.534526183276542,-2.3144920030566034,IV_HEADWIND,10:50,106.1,106.4,106.1,0.30000000000001137,POSITION_SIGNAL,6,0.125,0.15000000000000568,-6.625,-6.9,0.27500000000000036,-0.23079616,106.05,-13.4,-6.9,-448.5,-6.106,MOMENTUM_REVERSAL,"The underlying moved the right way first, then reversed (-0.04% by the exit).",12E-option-audit-v1,9d8fb5671d76d03c
NIF-2026-09-11-1052-edf38f,NIFTY,2026-09-11,10:52,BUY_PE,PE,23300.0,NIFTY 23300 PE,MODERATE,RANGE,-0.0431,ATM,15.55,0.0668,23284.45,23280.85,-0.015460962144273036,-0.01588790865741043,-0.044430516681828326,-0.08431992653652284,6.791979949874692,100.0,-0.0034357693653887995,-0.012669399534885847,-0.028559832849826623,0.02877456843516049,-0.1406469760900194,0.0937646507266707,0.1875293014533414,-5.016408813877176,0.09387467730579142,0.3050927012438288,0.375498709223179,-4.787608542595643,,,True,False,False,True,True,False,,,UNDERLYING_CORRECT_OPTION_PROFITABLE,UNDERLYING_WRONG_OPTION_LOSS,,,104.84,,,-2.6187,106.65,106.4,106.45,106.525,0.25,0.23468669326449187,-0.47964,0.00141,-9.62002,10.21906,11.016001665132888,VALID,10.995708184823181,10.867986550195738,10.772302379166762,10.844614668315165,-2.006881160731446,IV_HEADWIND,10:59,106.05,106.15,106.05,0.10000000000000853,SIGNAL_FLIP,7,0.125,0.05000000000000426,-0.42500000000001137,-0.6,0.1749999999999886,-0.1795737066666667,1.8,-60.55,-0.6,-39.0,-0.563,IV_HEADWIND,The underlying moved as expected but IV fell -2.01% over the hold.,12E-option-audit-v1,9d8fb5671d76d03c
NIF-2026-09-11-1105-71a40d,NIFTY,2026-09-11,11:05,BUY_PE,PE,23300.0,NIFTY 23300 PE,MODERATE,RANGE,-0.0017,ATM,18.9,0.0812,23281.1,23289.4,0.0356512364106632,-0.009019378779558577,-0.043149436588587976,-0.012240191204680402,0.2622169249106133,51.9,0.016537019298925665,0.04359759633351283,0.07452397008733344,0.19779993213380345,-1.4245014245014245,-4.795821462488126,-6.742640075973403,-19.135802469135797,-1.1650023775558804,-4.541131716595345,-6.490727532097007,-18.925344745601528,,False,False,False,False,False,False,False,,UNDERLYING_WRONG_OPTION_LOSS,UNDERLYING_WRONG_OPTION_LOSS,UNDERLYING_WRONG_OPTION_LOSS,87.1,95.68,107.2,0.812,0.893,1.4982,105.3,105.0,105.25,105.15,0.29999999999999716,0.2853067047075579,-0.48417,0.00145,-9.301,10.21243,10.748875401288206,VALID,10.781990357992527,10.76665656066426,10.892564595411033,10.829675945849363,-0.684528840446615,IV_NEUTRAL,11:07,100.4,100.65,100.4,0.25,SIGNAL_FLIP,2,0.14999999999999858,0.125,-4.625,-4.9,0.27500000000000036,-0.049605333333333335,-1.5,-59.2,-4.9,-318.5,-4.653,SIGNAL_FLIP,The underlying never moved the expected way and 12C flipped to the other side.,12E-option-audit-v1,9d8fb5671d76d03c
NIF-2026-09-11-1113-07cc6f,NIFTY,2026-09-11,11:13,BUY_CE,CE,23350.0,NIFTY 23350 CE,STRONG,TRENDING_UP,0.1436,NEAR_ATM,28.55,0.1224,23321.45,23336.35,0.06388968095893616,0.06285719189250114,0.098719013496606,0.12966242687704924,15.943312666076153,100.0,0.06817757900987209,0.033659999699840897,0.10205197361227228,0.0896170692645518,12.41098677517803,11.800610376398788,25.534079348931847,19.938962360122083,12.706900942195068,12.095747389865052,25.79577285459639,20.244461420932026,True,True,True,True,True,True,True,True,UNDERLYING_CORRECT_OPTION_PROFITABLE,UNDERLYING_CORRECT_OPTION_PROFITABLE,UNDERLYING_CORRECT_OPTION_PROFITABLE,UNDERLYING_CORRECT_OPTION_PROFITABLE,252.77,225.9,118.77,2.128,1.902,13.6751,98.3,98.05,98.05,98.175,0.25,0.2546473134708429,0.49998,0.00161,-14.34825,10.23133,9.647821199114919,VALID,10.064204516589184,10.38070186263441,10.911235525297588,10.50687227819345,8.94457690967341,IV_TAILWIND,11:21,114.55,114.7,114.7,0.15000000000000568,POSITION_SIGNAL,8,0.125,0.07500000000000284,16.450000000000003,16.25,0.20000000000000284,-0.306096,86.2,-8.6,16.25,1056.25,16.531,,,12E-option-audit-v1,9d8fb5671d76d03c
NIF-2026-09-11-1124-a758a4,NIFTY,2026-09-11,11:24,BUY_CE,CE,23350.0,NIFTY 23350 CE,MODERATE,RANGE,0.0514,ATM,0.65,0.0028,23349.35,23343.15,-0.02655320169510967,0.029988411620937912,0.05570708358419377,0.050133582430095094,6.8167063406189135,91.2,0.005353468083693979,-0.01970076254798761,-0.030407698715375568,-0.014347294464293631,-1.0926750303520796,-4.977741804937265,-5.868069607446378,-6.515580736543908,-0.9116693679092381,-4.740680713128034,-5.652350081037284,-6.300648298217185,,,False,,False,False,False,False,,,UNDERLYING_WRONG_OPTION_LOSS,,,,102.84,,,-2.5252,123.55,123.25,123.3,123.4,0.29999999999999716,0.2431118314424612,0.54352,0.00146,-15.70322,10.17446,10.619844401279801,VALID,10.49274200016085,10.311141780767484,10.38500447643367,10.103848490542685,-1.9993493350728104,IV_HEADWIND,11:28,117.4,117.65,117.35,0.25,POSITION_SIGNAL,4,0.14999999999999858,0.125,-5.875,-6.15,0.27500000000000036,-0.16750101333333334,60.95,-33.85,-6.15,-399.75,-4.978,UNDERLYING_DID_NOT_CONTINUE,The underlying did not move up at any measured horizon (move to exit -0.03%).,12E-option-audit-v1,9d8fb5671d76d03c
NIF-2026-09-11-1133-59ce3f,NIFTY,2026-09-11,11:33,BUY_CE,CE,23350.0,NIFTY 23350 CE,MODERATE,RANGE,0.0176,ATM,3.55,0.0152,23346.45,23343.85,-0.011136596784531192,0.03149221692354111,0.041350999280113196,0.01413690954305341,1.340140395660488,54.9,-0.0019274879050165125,-0.011136596784531192,0.02077403630958259,0.0029983145189128434,-3.1446540880503147,-2.3899371069182345,2.138364779874211,-0.7127882599580665,-2.9177162048698526,-2.1830394626364353,2.3929471032745546,-0.4827875734676647,,,True,,False,False,True,False,,,UNDERLYING_CORRECT_OPTION_PROFITABLE,,,,105.46,,,0.2021,119.25,118.95,119.2,119.1,0.29999999999999716,0.2518891687657407,0.53798,0.00148,-15.49248,10.17997,10.447064352877366,VALID,10.103848490542685,10.279058337370016,10.412071125968971,10.242889916447146,-1.6081648378195104,IV_HEADWIND,11:36,116.4,116.6,116.25,0.19999999999998863,POSITION_SIGNAL,3,0.14999999999999858,0.09999999999999432,-2.5999999999999943,-2.85,0.2500000000000058,-0.12393984000000001,65.25,-29.55,-2.85,-185.25,-2.39,IV_HEADWIND,The underlying moved as expected but IV fell -1.61% over the hold.,12E-option-audit-v1,9d8fb5671d76d03c
NIF-2026-09-11-1137-7c6352,NIFTY,2026-09-11,11:37,BUY_CE,CE,23350.0,NIFTY 23350 CE,MODERATE,RANGE,0.0146,ATM,1.85,0.0079,23348.15,23340.55,-0.03255075883957479,0.018420269150131237,0.009209286387395935,0.03877613104191212,3.6391370668991168,96.4,0.013491432940073697,0.0004282994584091022,0.004282994584153348,0.04411484421677637,2.3099538009239815,-1.1759764804703834,0.12599748005040376,3.275934481310379,2.5651808242220207,-0.9251471825063031,0.3364171572750258,3.532380151387711,,,,True,True,False,True,True,,,,UNDERLYING_CORRECT_OPTION_PROFITABLE,,,106.54,,,-0.1199,119.05,118.75,118.75,118.9,0.29999999999999716,0.25231286795626334,0.54255,0.00151,-15.30442,10.16607,10.26630872247588,VALID,10.412071125968971,10.174573789765763,10.313554963630324,10.257700500763663,-0.9970963931830892,IV_NEUTRAL,11:49,113.6,113.85,113.9,0.25,POSITION_SIGNAL,12,0.14999999999999858,0.125,-5.175000000000011,-5.45,0.2749999999999888,-0.48974144000000003,65.45,-29.35,-5.45,-354.25,-4.578,MOMENTUM_REVERSAL,"The underlying moved the right way first, then reversed (-0.03% by the exit).",12E-option-audit-v1,9d8fb5671d76d03c
NIF-2026-09-11-1150-7efd98,NIFTY,2026-09-11,11:50,BUY_PE,PE,23350.0,NIFTY 23350 PE,MODERATE,RANGE,-0.0313,ATM,9.05,0.0388,23340.95,23349.45,0.03641668398244287,0.001713755674144162,-0.07491935466608443,-0.07620270776475313,6.308411214953258,100.0,0.009425494677811862,-0.012210299923534314,0.015637752533627883,0.05505345754992211,-2.585365853658542,-0.5365853658536558,-2.3902439024390274,-5.121951219512195,-2.3443223443223498,-0.2930402930402903,-2.173382173382168,-4.908424908424914,,,,False,False,False,False,False,,,,UNDERLYING_WRONG_OPTION_LOSS,,89.16,107.27,,0.831,-0.496,102.5,102.25,102.5,102.375,0.25,0.2442002442002442,-0.47049,0.00142,-9.66779,10.18255,10.951178936854813,VALID,10.804268410982997,10.769532489681948,10.874037003336896,10.99313438656924,-1.4354702677687041,IV_HEADWIND,11:56,97.65,97.9,97.65,0.25,SIGNAL_FLIP,6,0.125,0.125,-4.599999999999994,-4.85,0.25000000000000533,-0.15468464,8.0,-44.5,-4.85,-315.25,-4.732,SIGNAL_FLIP,The underlying never moved the expected way and 12C flipped to the other side.,12E-option-audit-v1,9d8fb5671d76d03c
NIF-2026-09-11-1200-8b4b75,NIFTY,2026-09-11,12:00,BUY_CE,CE,23350.0,NIFTY 23350 CE,STRONG,RANGE,0.0551,ATM,-3.8,0.0163,23353.8,23345.7,-0.034683863011580746,0.02205694975939858,0.039195276005413726,0.039409542249602594,2.302126726595045,100.0,-0.01755602942561187,-0.034683863011580746,-0.01584324606702433,-0.037038940129648354,-1.9700214132762288,-4.239828693790152,-2.869379014989289,-5.524625267665955,-1.7359622803257657,-4.0291470210030145,-2.7218174024860793,-5.357908272610373,,False,,False,False,False,False,False,,UNDERLYING_WRONG_OPTION_LOSS,,UNDERLYING_WRONG_OPTION_LOSS,,,110.57,,,-0.97,116.75,116.55,116.8,116.65,0.20000000000000284,0.17145306472353436,0.5523,0.00157,-14.84203,10.12008,9.81991928632147,VALID,9.800407190081529,9.771334446733023,9.656661694101482,9.63360516906,-0.4947580338681841,IV_NEUTRAL,12:03,111.8,112.1,111.8,0.29999999999999716,SIGNAL_FLIP,3,0.10000000000000142,0.14999999999999858,-4.700000000000017,-4.95,0.24999999999998312,-0.11873623999999999,67.75,-27.05,-4.95,-321.75,-4.24,SIGNAL_FLIP,The underlying never moved the expected way and 12C flipped to the other side.,12E-option-audit-v1,9d8fb5671d76d03c
NIF-2026-09-11-1216-af9c25,NIFTY,2026-09-11,12:16,BUY_CE,CE,23350.0,NIFTY 23350 CE,STRONG,RANGE,-0.0767,ATM,19.5,0.0836,23330.5,23332.1,0.006857975611317994,-0.018641645435897573,0.01028802174202552,-0.030851369243758926,-3.143189755529686,25.1,0.02378860290177781,0.03643299543515999,0.009001092989856819,0.04329097104647798,2.3043686989918304,4.224675948151696,0.5280844935189603,5.28084493518963,2.5240384615384617,4.519230769230758,0.8173076923076869,5.576923076923087,True,True,,True,True,True,True,True,UNDERLYING_CORRECT_OPTION_PROFITABLE,UNDERLYING_CORRECT_OPTION_PROFITABLE,,UNDERLYING_CORRECT_OPTION_PROFITABLE,,,115.42,,,-0.2216,104.15,103.85,104.15,104.0,0.30000000000001137,0.2884615384615494,0.51452,0.00159,-14.71819,10.17786,9.840588222732885,VALID,9.772581807607219,9.832532803517301,9.822640027957306,9.849848003698787,-0.7494937177088878,IV_NEUTRAL,12:22,104.2,104.5,104.5,0.29999999999999716,POSITION_SIGNAL,6,0.15000000000000568,0.14999999999999858,0.3499999999999943,0.05,0.2999999999999943,-0.23549104,80.35,-14.45,0.05,3.25,0.048,,,12E-option-audit-v1,9d8fb5671d76d03c
NIF-2026-09-11-1224-ad32db,NIFTY,2026-09-11,12:24,BUY_CE,CE,23350.0,NIFTY 23350 CE,MODERATE,RANGE,0.0521,ATM,7.9,0.0338,23342.1,23338.25,-0.016493803042564915,0.02613986972916757,0.04071556534633946,0.013282488538491559,1.0119595216191564,100.0,-0.0032130785147865878,-0.0059977465609256115,-0.025704628118292702,-0.007497183201168704,-1.0464058234758922,-1.0464058234758922,-4.686078252957239,-1.8653321201092004,-0.8196721311475461,-0.8652094717668642,-4.5309653916211365,-1.6393442622950922,,,False,,False,False,False,False,,,UNDERLYING_WRONG_OPTION_LOSS,,,,113.32,,,-1.618,109.9,109.7,109.75,109.80000000000001,0.20000000000000284,0.1821493624772339,0.53307,0.00159,-14.77004,10.1482,9.79927347445119,VALID,9.730965640999747,9.770683193750065,9.578706756160333,9.667361559258763,-0.9076316873822287,IV_NEUTRAL,12:28,106.7,106.95,106.95,0.25,POSITION_SIGNAL,4,0.10000000000000142,0.125,-2.9750000000000085,-3.2,0.22499999999999165,-0.15754709333333333,74.6,-20.2,-3.2,-208.0,-2.912,UNDERLYING_DID_NOT_CONTINUE,The underlying did not move up at any measured horizon (move to exit -0.02%).,12E-option-audit-v1,9d8fb5671d76d03c
NIF-2026-09-11-1232-e6c5a0,NIFTY,2026-09-11,12:32,BUY_CE,CE,23350.0,NIFTY 23350 CE,MODERATE,RANGE,0.0478,ATM,6.75,0.0289,23343.25,23344.6,0.005783256401737311,0.01542439582426705,0.030639224206278924,0.010925122211412992,1.8603582912264636,100.0,-0.019063326657602207,0.0025703361785464527,0.018206547931414862,0.03555631713664238,-4.369369369369364,-0.9009009009009009,-0.5405405405405355,3.063063063063068,-4.1488162344983035,-0.6764374295377678,-0.3382187147688839,3.314543404735072,,,,True,False,False,False,True,,,,UNDERLYING_CORRECT_OPTION_PROFITABLE,,,112.67,,,-2.3895,111.0,110.75,111.0,110.875,0.25,0.2254791431792559,0.53516,0.00158,-14.85008,10.1378,9.854270948338806,VALID,9.622107299970201,9.615274818506055,9.61774088406192,9.64136338352036,-4.097534272064785,IV_HEADWIND,12:39,108.4,108.65,108.4,0.25,SIGNAL_FLIP,7,0.125,0.125,-2.3499999999999943,-2.6,0.2500000000000058,-0.2772014933333334,73.5,-21.3,-2.6,-169.0,-2.342,IV_HEADWIND,The underlying moved as expected but IV fell -4.10% over the hold.,12E-option-audit-v1,9d8fb5671d76d03c
NIF-2026-09-11-1241-1b2e7d,NIFTY,2026-09-11,12:41,BUY_PE,PE,23350.0,NIFTY 23350 PE,MODERATE,RANGE,0.0206,ATM,5.55,0.0238,23344.45,23351.55,0.03041408129126428,-0.009637336325904732,-0.03682602486612474,-0.03875222129444954,2.8622540250447197,64.7,0.03041408129126428,0.0327701016729793,-0.02634459154103633,-0.016920510014160655,-3.3746898263027356,-2.977667493796526,-1.4392059553349905,0.9429280397022362,-3.1801242236024874,-2.757763975155285,-1.1677018633540486,1.1180124223602486,False,False,True,,False,False,False,True,UNDERLYING_WRONG_OPTION_LOSS,UNDERLYING_WRONG_OPTION_LOSS,UNDERLYING_CORRECT_OPTION_LOSS,,,,108.07,,,-4.0148,100.75,100.5,100.9,100.625,0.25,0.2484472049689441,-0.46583,0.00142,-9.78304,10.1334,10.988889884489268,VALID,11.040735170379055,11.108669670722565,10.67211919166785,10.903767693263863,0.47179730104462936,IV_NEUTRAL,12:42,97.35,97.5,97.35,0.15000000000000568,SIGNAL_FLIP,1,0.125,0.07500000000000284,-3.200000000000003,-3.4,0.19999999999999707,-0.026088106666666666,9.75,-42.75,-3.4,-221.0,-3.375,MOMENTUM_REVERSAL,"The underlying moved the right way first, then reversed (+0.03% by the exit).",12E-option-audit-v1,9d8fb5671d76d03c
NIF-2026-09-11-1247-328512,NIFTY,2026-09-11,12:47,BUY_PE,PE,23350.0,NIFTY 23350 PE,MODERATE,RANGE,-0.0296,ATM,9.4,0.0403,23340.6,23347.45,0.02934800305048792,0.009855045140388428,-0.04924610634589609,-0.04689196220379687,2.33512958686168,79.5,-0.0006426570010960182,0.0006426570011116047,-0.0017137520029383015,0.046913961080695135,0.9018036072144346,0.1503006012024105,1.803607214428855,-1.553106212424847,1.1033099297893911,0.3259779338014213,1.980942828485465,-1.3540621865596734,,,,False,True,True,True,False,,,,UNDERLYING_WRONG_OPTION_LOSS,,,110.2,,,1.792,99.8,99.6,99.9,99.69999999999999,0.20000000000000284,0.2006018054162516,-0.47072,0.00146,-9.45143,10.13679,10.716306401259104,VALID,10.80631456606995,10.793025040062812,10.886109833365959,11.06029675337229,0.9812126515059987,IV_NEUTRAL,12:54,97.65,97.75,97.75,0.09999999999999432,SIGNAL_FLIP,7,0.10000000000000142,0.04999999999999716,-1.9999999999999858,-2.15,0.15000000000001412,-0.17642669333333336,10.7,-41.8,-2.15,-139.75,-2.154,SIGNAL_FLIP,The underlying never moved the expected way and 12C flipped to the other side.,12E-option-audit-v1,9d8fb5671d76d03c
NIF-2026-09-11-1259-dd9146,NIFTY,2026-09-11,12:59,BUY_CE,CE,23350.0,NIFTY 23350 CE,STRONG,RANGE,0.0396,ATM,-4.25,0.0182,23354.25,23341.05,-0.056520761745723916,0.001498679021484826,0.011348258791695024,0.029125236374847242,2.3972602739726026,100.0,-0.00984831454659975,-0.05609257415673184,-0.07728785981138024,-0.10297911515034426,-2.0935412026726006,-7.082405345211584,-9.131403118040089,-13.808463251670378,-1.89520624303233,-6.867335562987739,-8.918617614269788,-13.600891861761427,,False,False,False,False,False,False,False,,UNDERLYING_WRONG_OPTION_LOSS,UNDERLYING_WRONG_OPTION_LOSS,UNDERLYING_WRONG_OPTION_LOSS,115.39,132.07,115.56,0.999,1.143,0.0126,112.25,112.0,112.2,112.125,0.25,0.2229654403567447,0.5548,0.00165,-14.42141,10.06426,9.40433281404359,VALID,9.328071724332966,9.284133372471349,9.375983652746191,9.117341181640594,-1.0143809729510749,IV_HEADWIND,13:01,104.45,104.65,104.65,0.20000000000000284,SIGNAL_FLIP,2,0.125,0.10000000000000142,-7.574999999999989,-7.8,0.2250000000000112,-0.07691418666666666,72.25,-22.55,-7.8,-507.0,-6.949,SIGNAL_FLIP,The underlying never moved the expected way and 12C flipped to the other side.,12E-option-audit-v1,9d8fb5671d76d03c
NIF-2026-09-11-1305-df7f7d,NIFTY,2026-09-11,13:05,BUY_PE,PE,23350.0,NIFTY 23350 PE,STRONG,RANGE,-0.0966,ATM,20.25,0.0868,23329.75,23335.9,0.0263611911829379,-0.027639461437597924,-0.048840781195448615,-0.09506700725207413,9.121274409044178,100.0,-0.009858656865158317,0.0263611911829379,-0.004715009805070971,0.02571823530042114,0.7996237064910711,-2.6340545625587932,-0.6114769520225696,-1.4581373471307593,1.0360254297151013,-2.401695314339531,-0.37673651989638945,-1.2243936896632892,,False,,False,True,False,False,False,,UNDERLYING_WRONG_OPTION_LOSS,,UNDERLYING_WRONG_OPTION_LOSS,,,106.97,,,-0.881,106.3,106.05,106.1,106.175,0.25,0.23546032493524843,-0.48681,0.00145,-9.51414,10.13928,10.824773050545575,VALID,10.813438256515848,10.887603894377875,10.731272381621963,11.029867043411429,0.5804356686178586,IV_NEUTRAL,13:08,103.5,103.75,103.75,0.25,SIGNAL_FLIP,3,0.125,0.125,-2.549999999999997,-2.8,0.25000000000000266,-0.07611311999999999,4.2,-48.3,-2.8,-182.0,-2.634,SIGNAL_FLIP,The underlying never moved the expected way and 12C flipped to the other side.,12E-option-audit-v1,9d8fb5671d76d03c
NIF-2026-09-11-1311-1c958b,NIFTY,2026-09-11,13:11,BUY_PE,PE,23350.0,NIFTY 23350 PE,STRONG,RANGE,-0.079,ITM,27.4,0.1175,23322.6,23330.65,0.03451587730357212,-0.025933776708051734,-0.05699373068963661,-0.02079095657691768,3.1461197855977625,100.0,0.03451587730357212,0.06281460900586322,0.06581598964095849,0.024654198073971168,-4.73826714801444,-6.543321299638989,-5.866425992779783,-2.978339350180503,-4.541346588341623,-6.303660189787625,-5.648441030275643,-2.7338454586534167,False,False,False,False,False,False,False,False,UNDERLYING_WRONG_OPTION_LOSS,UNDERLYING_WRONG_OPTION_LOSS,UNDERLYING_WRONG_OPTION_LOSS,UNDERLYING_WRONG_OPTION_LOSS,85.82,,104.8,0.819,,1.2489,110.8,110.5,110.8,110.65,0.29999999999999716,0.27112516945322834,-0.49719,0.00143,-9.59728,10.13659,10.945292438465213,VALID,10.806261786727415,10.92716232344973,11.084674018426185,10.96686144834438,-1.2702324083109955,IV_HEADWIND,13:12,105.55,105.7,105.55,0.15000000000000568,SIGNAL_FLIP,1,0.14999999999999858,0.07500000000000284,-5.025000000000006,-5.25,0.22499999999999432,-0.025592746666666666,-2.0,-52.8,-5.25,-341.25,-4.738,SIGNAL_FLIP,The underlying never moved the expected way and 12C flipped to the other side.,12E-option-audit-v1,9d8fb5671d76d03c
NIF-2026-09-11-1319-e0c5c9,NIFTY,2026-09-11,13:19,BUY_PE,PE,23350.0,NIFTY 23350 PE,STRONG,RANGE,-0.0028,ATM,20.45,0.0877,23329.55,23337.65,0.03471991530056166,-0.026568676815618645,-0.03599287855189275,-0.03299446164394146,3.038340969375458,45.2,0.004072088831549377,0.012430586959463237,0.038792004132095444,0.10673159147948183,-0.5142589995324891,-1.3090229079008935,-4.4413277232351565,-10.472183263207109,-0.2574303767844526,-1.0999297917154198,-4.282705359232392,-10.27381230985257,,,False,False,False,False,False,False,,,UNDERLYING_WRONG_OPTION_LOSS,UNDERLYING_WRONG_OPTION_LOSS,,96.26,106.36,,0.905,-0.1568,106.95,106.7,106.65,106.825,0.25,0.2340276152586005,-0.48701,0.00144,-9.59855,10.12806,10.885812524670902,VALID,10.970566558027569,10.940347170609744,10.881948908613706,10.985504728416716,-1.8739993168671976,IV_HEADWIND,13:23,100.9,101.1,100.9,0.19999999999998863,SIGNAL_FLIP,4,0.125,0.09999999999999432,-5.825000000000003,-6.05,0.22499999999999698,-0.10238453333333332,1.85,-48.95,-6.05,-393.25,-5.657,SIGNAL_FLIP,The underlying never moved the expected way and 12C flipped to the other side.,12E-option-audit-v1,9d8fb5671d76d03c
NIF-2026-09-11-1328-ef8c68,NIFTY,2026-09-11,13:28,BUY_CE,CE,23350.0,NIFTY 23350 CE,MODERATE,RANGE,0.0403,ATM,4.85,0.0208,23345.15,23341.1,-0.017348357153425486,0.01863689333699866,0.03985284444321895,0.03213691181417152,0.6850990946904848,100.0,0.039836968278204564,0.016705825406980967,0.04155038626865576,-0.016705825406996548,6.3592233009708705,2.8155339805825297,6.067961165048544,0.533980582524269,6.561360874848117,3.06196840826246,6.342648845686519,0.7290400972053462,True,,True,,True,True,True,True,UNDERLYING_CORRECT_OPTION_PROFITABLE,,UNDERLYING_CORRECT_OPTION_PROFITABLE,,,,122.8,,,1.2401,103.0,102.75,103.0,102.875,0.25,0.24301336573511542,0.54115,0.00173,-13.94711,10.07876,9.014463984422145,VALID,9.15751142248897,9.017609166309446,9.127040235125886,9.300725791898689,4.088401765125896,IV_TAILWIND,13:36,104.65,104.7,104.65,0.04999999999999716,SIGNAL_FLIP,8,0.125,0.02499999999999858,1.8000000000000114,1.65,0.15000000000001146,-0.2975383466666667,81.5,-13.3,1.65,107.25,1.602,,,12E-option-audit-v1,9d8fb5671d76d03c
NIF-2026-09-11-1339-0ca0e1,NIFTY,2026-09-11,13:39,BUY_PE,PE,23350.0,NIFTY 23350 PE,MODERATE,RANGE,-0.0486,ATM,6.9,0.0296,23343.1,23333.95,-0.03919787860223286,0.007925882289931107,0.008568576459549894,-0.02869403592322302,2.139037433155089,87.3,-0.013708547707875517,-0.09317528520205114,-0.03919787860223286,-0.03769850619668884,0.3984063745019835,7.768924302788842,2.838645418326687,2.0916334661354523,0.6482174021440952,7.953128895537266,3.091498379456489,2.368486661680379,,True,True,True,True,True,True,True,,UNDERLYING_CORRECT_OPTION_PROFITABLE,UNDERLYING_CORRECT_OPTION_PROFITABLE,UNDERLYING_CORRECT_OPTION_PROFITABLE,,,109.65,,,-1.2065,100.4,100.15,100.15,100.275,0.25,0.24931438544003987,-0.47102,0.00146,-9.57372,10.09519,10.77730230258017,VALID,10.807307741317707,10.654413399048702,10.794183955531908,10.693688109707775,0.15664080377235964,IV_NEUTRAL,13:44,103.25,103.5,103.5,0.25,SIGNAL_FLIP,5,0.125,0.125,3.0999999999999943,2.85,0.24999999999999423,-0.1276496,8.4,-42.4,2.85,185.25,2.839,,,12E-option-audit-v1,9d8fb5671d76d03c
NIF-2026-09-11-1346-ef730a,NIFTY,2026-09-11,13:46,BUY_PE,PE,23350.0,NIFTY 23350 PE,STRONG,RANGE,-0.0737,ITM,26.1,0.1119,23323.9,23339.3,0.06602669364899445,-0.03021737220301476,-0.03493049260565539,0.04053280261812192,-2.01973835207712,78.6,0.03794391160997322,0.04458945545126594,0.10654307384270446,0.208584327663889,-6.036499766027131,-4.07112774918109,-8.656995788488537,-19.419747309312122,-5.785898336847021,-3.8182244085265764,-8.432888264230499,-19.231670180370116,False,False,False,False,False,False,False,False,UNDERLYING_WRONG_OPTION_LOSS,UNDERLYING_WRONG_OPTION_LOSS,UNDERLYING_WRONG_OPTION_LOSS,UNDERLYING_WRONG_OPTION_LOSS,79.15,92.2,108.59,0.729,0.849,3.137,106.85,106.6,106.6,106.725,0.25,0.23424689622862496,-0.4969,0.00149,-9.19921,10.10824,10.57257832477434,VALID,10.459366597854846,10.693688109707775,10.883406217442879,10.856267937801844,1.1164647134809695,IV_TAILWIND,13:48,99.95,100.25,99.9,0.29999999999999716,POSITION_SIGNAL,2,0.125,0.14999999999999858,-6.625,-6.9,0.27500000000000036,-0.04906245333333334,-4.35,-48.85,-6.9,-448.5,-6.458,UNDERLYING_DID_NOT_CONTINUE,The underlying did not move down at any measured horizon (move to exit +0.07%).,12E-option-audit-v1,9d8fb5671d76d03c
NIF-2026-09-11-1349-62ed76,NIFTY,2026-09-11,13:49,BUY_CE,CE,23350.0,NIFTY 23350 CE,STRONG,RANGE,-0.0377,ATM,15.7,0.0673,23334.3,23416.55,0.3524853970335515,-0.02142309323758639,0.04458945545126594,0.0014999603581842972,-1.146560319042877,75.3,0.024213282592584547,0.05999751438868961,0.17399279172720925,0.21749098965899985,2.2177419354838737,6.602822580645158,24.8991935483871,29.23387096774192,2.3953605648008067,6.7826525466464895,25.138678769541094,29.42511346444779,True,True,True,True,True,True,True,True,UNDERLYING_CORRECT_OPTION_PROFITABLE,UNDERLYING_CORRECT_OPTION_PROFITABLE,UNDERLYING_CORRECT_OPTION_PROFITABLE,UNDERLYING_CORRECT_OPTION_PROFITABLE,144.48,135.29,122.71,1.177,1.103,3.7884,99.2,99.1,99.1,99.15,0.10000000000000853,0.10085728693898993,0.5214,0.0017,-14.12692,10.09625,9.229995910897056,VALID,9.168545223825474,9.142199257210326,9.460057733213588,9.282296542656356,15.89466546579859,IV_TAILWIND,14:07,161.55,161.95,161.6,0.39999999999997726,POSITION_SIGNAL,18,0.05000000000000426,0.19999999999998863,62.599999999999994,62.35,0.2499999999999929,-0.67809216,85.3,2.2,62.35,4052.75,62.853,,,12E-option-audit-v1,9d8fb5671d76d03c
NIF-2026-09-11-1422-b20b91,NIFTY,2026-09-11,14:22,BUY_CE,CE,23450.0,NIFTY 23450 CE,STRONG,RANGE,-0.0201,NEAR_ATM,39.45,0.1685,23410.55,23422.9,0.05275399339187753,0.01025283928887083,0.0051261568561311085,-0.0059798521695179395,-0.6974941875484488,78.9,0.005766630856610301,0.023707260188245354,0.03823062679006144,0.08222788443671764,-1.1954261954262013,1.5592515592515592,6.496881496881497,11.642411642411645,-0.9625390218522344,1.7429760665973064,6.763787721123831,11.940686784599386,,True,True,True,False,True,True,True,,UNDERLYING_CORRECT_OPTION_PROFITABLE,UNDERLYING_CORRECT_OPTION_PROFITABLE,UNDERLYING_CORRECT_OPTION_PROFITABLE,,145.21,118.01,,1.231,2.2521,96.2,96.0,96.25,96.1,0.20000000000000284,0.20811654526535156,0.48444,0.00156,-14.9558,10.10957,10.061978218493287,VALID,9.886702001555337,9.938007108677928,10.30193290999111,10.187294240748297,-1.5222240971722567,IV_HEADWIND,14:34,100.1,100.35,100.3,0.25,POSITION_SIGNAL,12,0.10000000000000142,0.125,4.125,3.9,0.2250000000000001,-0.4785856,13.85,-11.7,3.9,253.5,4.054,,,12E-option-audit-v1,9d8fb5671d76d03c
NIF-2026-09-11-1436-1af18e,NIFTY,2026-09-11,14:36,BUY_CE,CE,23450.0,NIFTY 23450 CE,STRONG,RANGE,0.072,ATM,17.75,0.0758,23432.25,23418.35,-0.05931995433644424,0.020488785591258427,0.03436616832164715,0.005548217208432745,-3.385952871196525,64.8,0.0021338113070661162,-0.05931995433644424,-0.02432544890055683,-0.03840860352719009,0.3784295175023571,-6.149479659413434,-3.3112582781456954,-5.3453169347209135,0.6393559081221853,-5.919962112242481,-3.0783802983660906,-5.162206961875446,,False,False,False,True,False,False,False,,UNDERLYING_WRONG_OPTION_LOSS,UNDERLYING_WRONG_OPTION_LOSS,UNDERLYING_WRONG_OPTION_LOSS,,,115.02,,,-0.2806,105.7,105.45,105.5,105.575,0.25,0.23679848448969926,0.51821,0.00158,-15.02977,10.1045,9.922990569044282,VALID,10.03867805233293,10.0837869417144,9.923573484718396,9.881359054900452,1.6204426634419862,IV_TAILWIND,14:39,99.2,99.45,99.45,0.25,SIGNAL_FLIP,3,0.125,0.125,-6.25,-6.5,0.25,-0.12023816,4.35,-21.2,-6.5,-422.5,-6.149,SIGNAL_FLIP,The underlying never moved the expected way and 12C flipped to the other side.,12E-option-audit-v1,9d8fb5671d76d03c
NIF-2026-09-11-1442-15b39c,NIFTY,2026-09-11,14:42,BUY_CE,CE,23450.0,NIFTY 23450 CE,STRONG,RANGE,0.0002,ATM,20.15,0.086,23429.85,23423.25,-0.02816919442505413,0.01408658125075725,0.04910679018803631,-0.012375841503884329,-0.870588235294115,72.7,0.019419671914258568,0.003841253785241712,-0.03073003028187159,-0.03329086613870457,-1.0431484115694722,-2.3233760075865364,-4.646752015173073,-3.319108582266477,-0.8070258723000318,-2.0887728459530055,-4.391170187514849,-3.180631379064808,,,False,False,False,False,False,False,,,UNDERLYING_WRONG_OPTION_LOSS,UNDERLYING_WRONG_OPTION_LOSS,,,114.06,,,-0.8861,105.45,105.2,105.2,105.325,0.25,0.23736055067647754,0.51274,0.00156,-15.1789,10.10355,10.070374650851129,VALID,9.75357446721279,9.827064382948082,9.971620357507089,10.095504069501049,-1.8769470104540897,IV_HEADWIND,14:46,100.05,100.2,100.2,0.15000000000000568,SIGNAL_FLIP,4,0.125,0.07500000000000284,-5.200000000000003,-5.4,0.1999999999999975,-0.16190826666666666,4.6,-20.95,-5.4,-351.0,-5.121,SIGNAL_FLIP,The underlying never moved the expected way and 12C flipped to the other side.,12E-option-audit-v1,9d8fb5671d76d03c
NIF-2026-09-11-1449-f98778,NIFTY,2026-09-11,14:49,BUY_CE,CE,23450.0,NIFTY 23450 CE,STRONG,RANGE,0.019,NEAR_ATM,27.2,0.1161,23422.8,23417.05,-0.024548730296975595,-0.0021346266324557173,-0.0019211680701897798,-0.04694074371207401,-1.6264051662281775,58.3,0.017077377597896067,-0.0032020082996055124,0.0034154755195761077,0.005977082159269837,0.09713453132588083,-0.9713453132588635,1.0684798445847443,-1.6027197668771302,0.3403841478239672,-0.8266472161439421,1.3129102844638894,-1.4344760515438935,,,,,True,False,True,False,,,,,,,114.46,,,0.922,102.95,102.7,102.95,102.825,0.25,0.24313153415998057,0.50248,0.00155,-15.25671,10.09992,10.184096457201848,VALID,9.966968138498517,10.095504069501049,10.250726086900377,9.971164536587786,-0.9937700158579721,IV_NEUTRAL,15:00,98.9,99.0,98.9,0.09999999999999432,POSITION_SIGNAL,11,0.125,0.04999999999999716,-3.875,-4.05,0.17499999999999982,-0.44753016,7.1,-18.45,-4.05,-263.25,-3.934,MIXED,The underlying moved as expected and no single measured factor dominates.,12E-option-audit-v1,9d8fb5671d76d03c
NIF-2026-09-11-1501-df8ba5,NIFTY,2026-09-11,15:01,BUY_PE,PE,23450.0,NIFTY 23450 PE,MODERATE,RANGE,-0.0269,ITM,31.85,0.136,23418.15,23409.35,-0.03757769080821034,0.0046974319993431405,-0.04567018867762221,-0.04055037530439459,3.2453887462059385,100.0,-0.05273687289560526,-0.07664994886445226,-0.1031251401156857,0.01985639343841344,1.9873532068654043,5.645889792231255,6.142728093947603,0.22583559168925021,2.238805970149248,5.924920850293969,6.422433288104925,0.4975124378109298,True,True,True,,True,True,True,True,UNDERLYING_CORRECT_OPTION_PROFITABLE,UNDERLYING_CORRECT_OPTION_PROFITABLE,UNDERLYING_CORRECT_OPTION_PROFITABLE,,62.28,,107.4,0.58,,-4.653,110.7,110.4,110.65,110.55000000000001,0.29999999999999716,0.2713704206241494,-0.50699,0.00148,-9.34101,10.08595,10.653852162810924,VALID,10.317856142679261,10.499634574501705,10.162476443470723,11.006570539710497,0.9205319695942604,IV_NEUTRAL,15:08,114.9,115.1,115.1,0.19999999999998863,SIGNAL_FLIP,7,0.14999999999999858,0.09999999999999432,4.449999999999989,4.2,0.24999999999998845,-0.17436552000000002,14.15,-18.9,4.2,273.0,3.794,,,12E-option-audit-v1,9d8fb5671d76d03c
NIF-2026-09-11-1525-6f669d,NIFTY,2026-09-11,15:25,BUY_PE,PE,23450.0,NIFTY 23450 PE,MODERATE,RANGE,0.0,ATM,14.9,0.0636,23435.1,23435.1,0.0,0.0,0.0,0.0,13.338595106550887,100.0,0.0,0.0,,-0.15788283386885485,-3.5697728326379177,-4.543347241539167,,-6.305053314789057,-3.3658310120705535,-4.294336118848641,,-6.058495821727012,,,,True,False,False,,False,,,,UNDERLYING_CORRECT_OPTION_LOSS,,38.37,,,0.367,,107.85,107.55,107.55,107.69999999999999,0.29999999999999716,0.2785515320334236,-0.48032,0.0014,-10.27276,10.0635,11.278000605515405,VALID,10.935849427754093,10.822904406944472,,8.768806096724543,-0.8121413330868361,IV_NEUTRAL,15:29,106.2,106.5,106.6,0.29999999999999716,SESSION_END,4,0.14999999999999858,0.14999999999999858,-1.3499999999999943,-1.65,0.3000000000000056,-0.10957610666666666,-1.55,-16.05,-1.65,-107.25,-1.53,MIXED,The underlying moved as expected and no single measured factor dominates.,12E-option-audit-v1,9d8fb5671d76d03c
SEN-2026-09-11-0918-6c8b0b,SENSEX,2026-09-11,09:18,BUY_CE,CE,74300.0,SENSEX 74300 CE,MODERATE,UNKNOWN,,NEAR_ATM,98.7,0.133,74201.3,74258.97,0.0777210102787933,0.04133711128824491,0.020529460584710748,,,83.3,0.04956786471395897,,,0.09728940059001975,1.4696619777451185,,,3.705647701028759,1.6392581306152374,,,3.930016287500642,True,,,True,True,,,True,UNDERLYING_CORRECT_OPTION_PROFITABLE,,,UNDERLYING_CORRECT_OPTION_PROFITABLE,,40.4,,,0.503,,476.3,475.35,475.15,475.82500000000005,0.9499999999999886,0.1996532338569828,0.51468,0.00035,-45.59976,39.45889,11.608635606109182,VALID,11.32613989020221,,,11.115735025283147,-3.0299781769780783,IV_HEADWIND,09:40,490.35,491.45,490.55,1.099999999999966,SIGNAL_FLIP,22,0.4749999999999943,0.549999999999983,15.074999999999932,14.05,1.024999999999931,-2.67518592,438.05,-6.45,14.05,281.0,2.95,,,12E-option-audit-v1,9d8fb5671d76d03c
SEN-2026-09-11-0944-b69b9f,SENSEX,2026-09-11,09:44,BUY_CE,CE,74300.0,SENSEX 74300 CE,MODERATE,RANGE,-0.004,ATM,43.49,0.0586,74256.51,74249.12,-0.009951989394599098,0.03822000659048622,0.04136027616269474,-0.024624771793405234,-2.756493183401327,34.6,-0.008968910604590683,-0.01217401679663318,-0.04256865829002815,-0.04523509117247297,-1.6864268192968113,-2.5040883074407194,-2.6369582992641,-3.95543744889615,-1.4326647564469912,-2.2769136307818254,-2.3894801473598055,-3.7300450266066356,,,False,False,False,False,False,False,,,UNDERLYING_WRONG_OPTION_LOSS,UNDERLYING_WRONG_OPTION_LOSS,,,81.25,,,1.0692,489.2,488.0,488.15,488.6,1.1999999999999886,0.2455996725337676,0.53461,0.00036,-44.81375,39.31136,11.225826254421982,VALID,11.18454068164577,11.084638409618364,11.388717777098572,11.217006296481099,-1.1577438268043532,IV_HEADWIND,09:46,479.55,480.15,480.0,0.5999999999999659,POSITION_SIGNAL,2,0.5999999999999943,0.29999999999998295,-8.75,-9.65,0.9000000000000004,-0.23900666666666665,425.15,-19.35,-9.65,-193.0,-1.973,UNDERLYING_DID_NOT_CONTINUE,The underlying did not move up at any measured horizon (move to exit -0.01%).,12E-option-audit-v1,9d8fb5671d76d03c
SEN-2026-09-11-0947-5fc5d8,SENSEX,2026-09-11,09:47,BUY_PE,PE,74300.0,SENSEX 74300 PE,MODERATE,RANGE,-0.0409,ATM,52.53,0.0707,74247.47,74275.16,0.03729420005826775,-0.0022222485599750937,-0.01217401679663318,0.04662264105943595,-0.7905138339920995,80.5,-0.03693055130363129,-0.015354058528855165,-0.014128427541039768,0.03729420005826775,0.558254936420975,-1.0338054378166028,-0.46521244701747133,-3.390881836038453,0.72437522636727,-0.8382056190821039,-0.29492419930666003,-3.2389920836135935,True,,,False,True,False,False,False,UNDERLYING_CORRECT_OPTION_PROFITABLE,,,UNDERLYING_WRONG_OPTION_LOSS,,,72.59,,,-1.3205,483.65,482.7,483.7,483.17499999999995,0.9499999999999886,0.19661613287111063,-0.47239,0.0003,-30.52255,39.35437,13.247565475290385,VALID,13.000115102289794,13.00390377336383,13.054967743088744,13.178245291541035,-0.5232673420535018,IV_NEUTRAL,09:57,467.25,467.8,467.8,0.5500000000000114,POSITION_SIGNAL,10,0.4749999999999943,0.2750000000000057,-15.649999999999977,-16.4,0.7500000000000213,-0.8139346666666667,2.7,-258.25,-16.4,-328.0,-3.391,MOMENTUM_REVERSAL,"The underlying moved the right way first, then reversed (+0.04% by the exit).",12E-option-audit-v1,9d8fb5671d76d03c
SEN-2026-09-11-0958-80bbec,SENSEX,2026-09-11,09:58,BUY_CE,CE,74300.0,SENSEX 74300 CE,STRONG,RANGE,0.0769,ATM,22.91,0.0308,74277.09,74373.83,0.13024204367727013,0.0025984461022945157,0.05338275312758559,0.0581809658390605,1.3029145518287943,100.0,0.017946314267295267,-0.009181835206511769,0.011712898283975705,0.053394660453180774,0.31985142385471615,-0.7738340899711101,0.42302930251753085,2.8992983904250833,0.5578512396694191,-0.6095041322314027,0.5733471074380118,3.0630165289256177,,,,True,True,False,True,True,,,,UNDERLYING_CORRECT_OPTION_PROFITABLE,,57.37,83.36,,0.688,-0.4031,484.6,483.4,484.55,484.0,1.2000000000000455,0.24793388429753005,0.54318,0.00037,-43.84942,39.21008,10.861025808999106,VALID,10.747561485395877,10.930577783951534,10.842637549294503,10.764187134292012,1.704495297642818,IV_TAILWIND,10:25,544.95,546.4,545.15,1.4499999999999318,POSITION_SIGNAL,27,0.6000000000000227,0.7249999999999659,61.674999999999955,60.35,1.324999999999953,-3.15715824,429.75,-5.95,60.35,1207.0,12.454,,,12E-option-audit-v1,9d8fb5671d76d03c
SEN-2026-09-11-1026-013a59,SENSEX,2026-09-11,10:26,BUY_PE,PE,74400.0,SENSEX 74400 PE,STRONG,RANGE,-0.0127,ATM,24.78,0.0333,74375.22,74343.56,-0.042567941311640475,0.0018689369634445584,-0.07329056639568134,-0.026722190036715665,1.3251839030722754,85.1,-0.012625172738984057,-0.06270905820513797,-0.04964018929960578,-0.031999905344821715,0.8745733788395832,4.074232081911255,3.018344709897606,-0.17064846416382495,1.083649175252214,4.307905834623382,3.26162387231089,-1.21376007816811e-14,,True,True,True,True,True,True,False,,UNDERLYING_CORRECT_OPTION_PROFITABLE,UNDERLYING_CORRECT_OPTION_PROFITABLE,UNDERLYING_CORRECT_OPTION_LOSS,,,73.68,,,-0.3961,468.8,467.85,468.8,468.32500000000005,0.9499999999999886,0.20285058452997137,-0.46397,0.0003,-30.63596,39.27306,13.204435219591021,VALID,13.22482082598204,13.160156702177304,13.157862905004638,12.924085649823663,-1.3497692700132264,IV_HEADWIND,10:32,477.0,477.75,477.0,0.75,SIGNAL_FLIP,6,0.4749999999999943,0.375,9.049999999999955,8.2,0.8499999999999552,-0.49017536,19.4,-218.75,8.2,164.0,1.749,,,12E-option-audit-v1,9d8fb5671d76d03c
SEN-2026-09-11-1036-f89fd6,SENSEX,2026-09-11,10:36,BUY_CE,CE,74400.0,SENSEX 74400 CE,STRONG,RANGE,-0.032,ATM,48.58,0.0653,74351.42,74360.39,0.01206432910091181,0.004357873992349563,0.015456027467345262,0.01764904497411878,3.3317567922644313,100.0,0.02043000658225805,0.03223879248036038,0.02688583486368551,0.041989783113760525,1.0870669511327895,-0.609570252971655,0.5181347150259091,0.5790917403230769,1.2561664039058154,-0.40685551543508114,0.6662259065249523,0.8137110308701623,True,True,True,True,True,False,True,True,UNDERLYING_CORRECT_OPTION_PROFITABLE,UNDERLYING_CORRECT_OPTION_LOSS,UNDERLYING_CORRECT_OPTION_PROFITABLE,UNDERLYING_CORRECT_OPTION_PROFITABLE,,,80.47,,,-1.4973,492.15,491.0,492.2,491.575,1.1499999999999773,0.233941921375167,0.53202,0.00035,-45.54474,39.27292,11.427031145233219,VALID,11.358077181136943,11.01554327711815,11.184961737333074,11.073721072749807,-2.5860192421785033,IV_HEADWIND,10:50,483.15,484.25,483.0,1.1000000000000227,SIGNAL_FLIP,14,0.5749999999999886,0.5500000000000114,-7.875,-9.0,1.125,-1.70033696,348.35,-25.1,-9.0,-180.0,-1.829,IV_HEADWIND,The underlying moved as expected but IV fell -2.59% over the hold.,12E-option-audit-v1,9d8fb5671d76d03c
SEN-2026-09-11-1053-eef21b,SENSEX,2026-09-11,10:53,BUY_PE,PE,74400.0,SENSEX 74400 PE,MODERATE,RANGE,-0.0522,ITM,76.27,0.1026,74323.73,74330.7,0.009377893170863686,-0.0007400004413132699,-0.0493004407319589,-0.05546965789542335,2.1572463384973153,95.5,0.007184784724893463,-0.008126610437869032,-0.009377893170863686,0.03171261722199221,-0.40335091529630546,0.7239631813010653,0.2689006101975409,-2.068466232288758,-0.26913720821902687,0.8177630557424659,0.46063868329797064,-1.863257595362559,,,,False,False,True,True,False,,,,UNDERLYING_WRONG_OPTION_LOSS,,,73.65,,,-0.2301,483.45,482.6,483.6,483.025,0.8499999999999659,0.1759743284509013,-0.47865,0.00031,-29.89546,39.29464,13.013687564696507,VALID,12.97932866839374,12.931125981475924,12.92290290560192,12.98513415798808,-0.012371991256461231,IV_NEUTRAL,10:55,482.2,483.15,482.5,0.9499999999999886,SIGNAL_FLIP,2,0.42499999999998295,0.4749999999999943,-0.35000000000002274,-1.25,0.8999999999999773,-0.15944245333333332,3.5,-233.4,-1.25,-25.0,-0.259,SIGNAL_FLIP,The underlying never moved the expected way and 12C flipped to the other side.,12E-option-audit-v1,9d8fb5671d76d03c
SEN-2026-09-11-1059-e09b10,SENSEX,2026-09-11,10:59,BUY_CE,CE,74400.0,SENSEX 74400 CE,STRONG,RANGE,-0.0458,NEAR_ATM,75.02,0.1009,74324.98,74323.95,-0.001385805956488432,0.011060762067669748,0.009809239226883393,-0.00550255774760946,-0.6178980991778671,30.5,0.00048435936343418066,0.02891356311162847,0.003336697836999724,0.03387824658682393,0.15794461408865956,1.6005054227650763,-1.1161419395598635,2.316521006633674,0.3477527793877395,1.7861847304915888,-0.9589546340692368,2.4606143632435753,,True,,True,True,True,False,True,,UNDERLYING_CORRECT_OPTION_PROFITABLE,,UNDERLYING_CORRECT_OPTION_PROFITABLE,,,81.96,,,-1.2325,474.85,474.1,475.0,474.475,0.75,0.15806944517624744,0.52319,0.00036,-45.20075,39.27125,11.34514168206828,VALID,11.392362925991353,11.255894785101653,11.199506808146108,11.325765730254634,-0.8529928235701189,IV_NEUTRAL,11:05,469.0,470.1,470.05,1.1000000000000227,POSITION_SIGNAL,6,0.375,0.5500000000000114,-4.925000000000011,-5.85,0.9249999999999883,-0.723212,365.65,-5.85,-5.85,-117.0,-1.232,MIXED,The underlying moved as expected and no single measured factor dominates.,12E-option-audit-v1,9d8fb5671d76d03c
SEN-2026-09-11-1107-ec9255,SENSEX,2026-09-11,11:07,BUY_CE,CE,74400.0,SENSEX 74400 CE,STRONG,RANGE,0.0453,ATM,60.25,0.081,74339.75,74532.02,0.2586368665485209,0.010964381232200273,0.01653493876959282,-0.009038761356122442,0.5538875660006236,100.0,0.013734240429926658,0.036696383832335776,0.0689402372216748,0.22927168843048612,0.8744855967078189,1.1728395061728372,4.609053497942382,24.567901234567895,1.0398970398970424,1.3487773487773393,4.7722007722007636,24.772200772200765,,True,True,True,True,True,True,True,,UNDERLYING_CORRECT_OPTION_PROFITABLE,UNDERLYING_CORRECT_OPTION_PROFITABLE,UNDERLYING_CORRECT_OPTION_PROFITABLE,69.22,108.05,80.82,0.856,1.337,-0.7993,486.0,485.25,486.0,485.625,0.75,0.15444015444015444,0.52793,0.00035,-45.59627,39.23163,11.444898299837734,VALID,11.40977418742902,11.246015213265533,11.319260192766075,12.150370417646581,2.8053598665637605,IV_TAILWIND,11:28,605.25,606.7,605.6,1.4500000000000455,POSITION_SIGNAL,21,0.375,0.7250000000000227,120.35000000000002,119.25,1.1000000000000227,-2.5533911199999997,354.5,-0.15,119.25,2385.0,24.537,,,12E-option-audit-v1,9d8fb5671d76d03c
SEN-2026-09-11-1133-e6ff35,SENSEX,2026-09-11,11:33,BUY_CE,CE,74600.0,SENSEX 74600 CE,STRONG,RANGE,0.0141,ATM,54.17,0.0727,74545.83,74556.36,0.014125538611614943,0.043012178418546085,0.03412488392441206,0.01852894903425088,1.0083096878800208,69.8,0.008907272210933083,-0.007042647455934155,0.016352356664353095,-0.0054999722989278145,-1.2927147008718287,-0.992083375087682,2.2346928549954974,-0.1402946186992662,-1.0684725357411564,-0.7524454477050414,2.488086280411332,0.055179332831698465,,,,,False,False,True,False,,,,,,,79.22,,,1.1927,498.95,497.8,497.95,498.375,1.1499999999999773,0.2307499372962081,0.52961,0.00035,-46.43079,39.2731,11.65288038792377,VALID,11.453115172782665,11.692563322666878,11.832044552547146,11.674491308796444,-0.5373142136865491,IV_NEUTRAL,11:48,501.25,502.2,501.3,0.9499999999999886,POSITION_SIGNAL,15,0.5749999999999886,0.4749999999999943,3.3500000000000227,2.3,1.050000000000023,-1.8572316000000002,201.05,-68.5,2.3,46.0,0.461,,,12E-option-audit-v1,9d8fb5671d76d03c
SEN-2026-09-11-1156-4d343b,SENSEX,2026-09-11,11:56,BUY_CE,CE,74600.0,SENSEX 74600 CE,STRONG,RANGE,-0.048,ATM,64.91,0.0871,74535.09,74524.76,-0.013859244015136692,0.006051207437262345,0.026155596948814322,0.008882511609315667,1.5187034960758308,48.2,0.0015965634441473516,0.006721666264855,0.016891372909050635,0.0032736258854753225,-1.5847542627883606,-1.183550651955863,-0.7823470411233655,-1.5546639919759278,-1.3805220883534137,-1.044176706827307,-0.557228915662646,-1.3604417670682685,,,,,False,False,False,False,,,,,,,78.47,,,-1.8826,498.5,497.5,498.5,498.0,1.0,0.2008032128514056,0.52428,0.00034,-47.07495,39.25212,11.87567181120354,VALID,11.635623432870721,11.608704825023501,11.534985555949984,11.480303125174503,-3.341431983975627,IV_HEADWIND,12:10,478.25,478.65,478.85,0.39999999999997726,POSITION_SIGNAL,14,0.5,0.19999999999998863,-19.55000000000001,-20.25,0.6999999999999886,-1.7574648000000002,201.5,-68.05,-20.25,-405.0,-4.062,IV_HEADWIND,The underlying moved as expected but IV fell -3.34% over the hold.,12E-option-audit-v1,9d8fb5671d76d03c
SEN-2026-09-11-1211-909369,SENSEX,2026-09-11,12:11,BUY_PE,PE,74600.0,SENSEX 74600 PE,STRONG,RANGE,-0.0667,ITM,102.03,0.137,74497.97,74491.14,-0.009168035048474134,-0.035947784333681315,-0.05185370627215747,-0.05307393470107968,4.023111491547201,100.0,-0.005221618790417266,-0.03328949768698786,-0.042752842795590024,-0.01638970833702771,0.5650297924799671,0.16437230326690186,0.8424080542428648,0.0,0.7405883563052799,0.3908660769388968,1.0285949393128986,0.2417198107385218,,True,True,,True,True,True,False,,UNDERLYING_CORRECT_OPTION_PROFITABLE,UNDERLYING_CORRECT_OPTION_PROFITABLE,,,,74.74,,,-2.1669,486.7,485.5,486.75,486.1,1.1999999999999886,0.2468627854350933,-0.4877,0.00032,-29.17713,39.25644,12.750845741635084,VALID,12.765650905011292,12.403243228322843,12.49384191139677,12.63165317772185,-1.0986424742234688,IV_HEADWIND,12:15,483.75,484.9,484.95,1.1499999999999773,POSITION_SIGNAL,4,0.5999999999999943,0.5749999999999886,-1.775000000000034,-2.95,1.174999999999966,-0.31122271999999995,19.5,-179.85,-2.95,-59.0,-0.606,IV_HEADWIND,The underlying moved as expected but IV fell -1.10% over the hold.,12E-option-audit-v1,9d8fb5671d76d03c
SEN-2026-09-11-1217-94571a,SENSEX,2026-09-11,12:17,BUY_CE,CE,74600.0,SENSEX 74600 CE,STRONG,RANGE,-0.0467,NEAR_ATM,103.66,0.1391,74496.34,74476.18,-0.02706173216026921,0.04058221376379106,0.031111875592241146,0.003033798121937691,1.3654836087781115,40.5,0.00036243391286615496,0.0019329808685934482,-0.02706173216026921,0.023464239988179928,1.6123865456486943,0.37373198077949815,-1.2813667912439934,1.6764548852108965,1.838883840273687,0.6147431442775432,-1.0691185117870314,1.9083765435398539,,,False,True,True,True,False,True,,,UNDERLYING_WRONG_OPTION_LOSS,UNDERLYING_CORRECT_OPTION_PROFITABLE,,,81.6,,,1.1392,468.25,467.1,469.0,467.675,1.1499999999999773,0.2458972577110124,0.51228,0.00035,-46.08414,39.2428,11.60820903946891,VALID,11.772421673817686,11.617343118840662,11.623927819766147,11.599612337658614,0.1354108996813468,IV_NEUTRAL,12:22,462.25,463.1,463.9,0.8500000000000227,SIGNAL_FLIP,5,0.5749999999999886,0.42500000000001137,-5.0,-6.0,1.0,-0.6144552,231.75,-37.8,-6.0,-120.0,-1.281,MOMENTUM_REVERSAL,"The underlying moved the right way first, then reversed (-0.03% by the exit).",12E-option-audit-v1,9d8fb5671d76d03c
SEN-2026-09-11-1224-320113,SENSEX,2026-09-11,12:24,BUY_CE,CE,74600.0,SENSEX 74600 CE,STRONG,RANGE,0.0469,NEAR_ATM,91.88,0.1233,74508.12,74502.79,-0.007153582723603477,0.03219477327656052,0.030019160709376644,-0.0002281625306368644,0.5116573478215026,100.0,0.015595615618821003,0.007650172893923027,-0.007153582723603477,0.0014763491549723987,-0.38796267169970067,-0.15728216420257943,-2.086610045087563,-1.7720457166824042,-0.19417475728155578,0.047231697717139386,-1.8840199422723742,-1.5796378903174972,,,,,False,False,False,False,,,,,,,80.74,,,-1.3064,476.85,475.9,477.25,476.375,0.9500000000000455,0.1994227236945779,0.51622,0.00035,-46.37027,39.22007,11.673082916911127,VALID,11.47895594035283,11.599612337658614,11.499146898035024,11.478553299057618,-1.4900606816055217,IV_HEADWIND,12:29,466.9,467.9,467.65,1.0,POSITION_SIGNAL,5,0.47500000000002274,0.5,-8.975000000000023,-9.95,0.9749999999999766,-0.6182702666666666,223.15,-46.4,-9.95,-199.0,-2.087,IV_HEADWIND,The underlying moved as expected but IV fell -1.49% over the hold.,12E-option-audit-v1,9d8fb5671d76d03c
SEN-2026-09-11-1232-bf9fd2,SENSEX,2026-09-11,12:32,BUY_CE,CE,74600.0,SENSEX 74600 CE,STRONG,RANGE,0.0589,NEAR_ATM,79.94,0.1073,74520.06,74522.53,0.0033145437617752376,0.02232111998065681,0.02318033995774397,0.008374285468106032,0.9861519093579377,100.0,0.000993021207987807,0.011902835290249825,0.0073805630322895605,0.03423239326432281,-2.8740402573147885,-0.07262917617762314,-0.3112678979041295,1.504461506536626,-2.6490754207354965,0.18179929357989963,-0.05713692083938859,1.7608560149594898,,,,True,False,False,False,True,,,,UNDERLYING_CORRECT_OPTION_PROFITABLE,,,80.46,,,-0.6509,481.9,480.7,483.1,481.29999999999995,1.1999999999999886,0.24932474548098665,0.51965,0.00035,-46.51736,39.19305,11.69598600669673,VALID,11.300174285963346,11.558810708725858,11.530990308305187,11.524212094935713,-2.4455490978814933,IV_HEADWIND,12:41,473.3,474.45,474.0,1.1499999999999773,POSITION_SIGNAL,9,0.5999999999999943,0.5749999999999886,-7.4249999999999545,-8.6,1.1750000000000451,-1.11641664,218.1,-51.45,-8.6,-172.0,-1.785,IV_HEADWIND,The underlying moved as expected but IV fell -2.45% over the hold.,12E-option-audit-v1,9d8fb5671d76d03c
SEN-2026-09-11-1242-649e09,SENSEX,2026-09-11,12:42,BUY_CE,CE,74600.0,SENSEX 74600 CE,MODERATE,RANGE,0.0342,ATM,54.43,0.073,74545.57,74520.72,-0.033335314224582115,0.03091682475086145,0.003380596849745314,0.02684984856203605,1.819032274829791,100.0,0.027768249675999643,0.004453651638846457,-0.04280603126383431,-0.05128406691371529,1.7128874388254556,-2.1105220228384924,-4.119086460032624,-4.43515497553018,1.8682047879128243,-1.9345617885763802,-3.879332346485631,-4.2315348884691995,True,,False,False,True,False,False,False,UNDERLYING_CORRECT_OPTION_PROFITABLE,,UNDERLYING_WRONG_OPTION_LOSS,UNDERLYING_WRONG_OPTION_LOSS,,82.51,80.59,,1.024,-0.4294,490.4,489.15,490.55,489.775,1.25,0.2552192333214231,0.52952,0.00035,-46.16984,39.12629,11.524212094935713,VALID,11.379026164810648,11.24388357310249,11.433006797076567,11.516969403775352,-1.810884401016897,IV_HEADWIND,12:46,469.3,470.35,469.2,1.0500000000000114,POSITION_SIGNAL,4,0.625,0.5250000000000057,-19.949999999999932,-21.1,1.1500000000000696,-0.4924782933333333,209.6,-59.95,-21.1,-422.0,-4.303,MOMENTUM_REVERSAL,"The underlying moved the right way first, then reversed (-0.03% by the exit).",12E-option-audit-v1,9d8fb5671d76d03c
SEN-2026-09-11-1249-6357a6,SENSEX,2026-09-11,12:49,BUY_CE,CE,74600.0,SENSEX 74600 CE,STRONG,RANGE,-0.0328,NEAR_ATM,81.41,0.1092,74518.59,74517.93,-0.000885685035108008,0.013676310322060774,-0.002858265459599232,-0.047737095358028905,-3.185750636132311,19.8,-0.000885685035108008,-0.015096904007442976,0.028570052117207465,0.0497728150787562,-1.2397562513132965,-1.5234292918680397,0.9560832107585652,1.744063878966172,-1.0775862068965516,-1.3772077375946317,1.135407905803191,1.8870899915895638,,,True,True,False,False,True,True,,,UNDERLYING_CORRECT_OPTION_PROFITABLE,UNDERLYING_CORRECT_OPTION_PROFITABLE,,,81.57,,,-1.1951,475.9,475.3,476.15,475.6,0.5999999999999659,0.1261564339781257,0.52061,0.00035,-45.97149,39.15309,11.502094639519406,VALID,11.36623241105538,11.516969403775352,11.381647009833125,11.238136507307459,-2.283021813566529,IV_HEADWIND,13:01,463.45,464.6,464.3,1.150000000000034,SIGNAL_FLIP,12,0.29999999999998295,0.575000000000017,-11.575000000000045,-12.45,0.8749999999999538,-1.4710876800000001,224.1,-45.45,-12.45,-249.0,-2.616,IV_HEADWIND,The underlying moved as expected but IV fell -2.28% over the hold.,12E-option-audit-v1,9d8fb5671d76d03c
SEN-2026-09-11-1305-c38eef,SENSEX,2026-09-11,13:05,BUY_PE,PE,74600.0,SENSEX 74600 PE,MODERATE,RANGE,-0.0852,ITM,116.77,0.1568,74483.23,74491.82,0.01153279738272771,-0.02943420294649064,-0.05696023169462808,-0.0807180783275223,6.5672125831036166,100.0,-0.014687870007788772,0.01153279738272771,-0.004954135313415286,0.02148134553241045,0.14188709840883523,-1.226309921962098,-0.36485253876558454,-2.635046113306983,0.3144654088050453,-1.0549807263136401,-0.1470886589571852,-2.4954351795495953,,,,False,True,False,False,False,,,,UNDERLYING_WRONG_OPTION_LOSS,,,74.42,,,-0.5158,493.35,492.45,492.0,492.9,0.9000000000000341,0.18259281801583163,-0.49249,0.00032,-29.14736,39.14494,12.733766123189818,VALID,12.660956878893995,12.728302960571652,12.643878829154891,12.696064509134105,-0.04290296025005193,IV_NEUTRAL,13:08,487.3,488.1,487.35,0.8000000000000114,POSITION_SIGNAL,3,0.45000000000001705,0.4000000000000057,-5.199999999999932,-6.05,0.850000000000068,-0.23317888,12.85,-186.5,-6.05,-121.0,-1.226,UNDERLYING_DID_NOT_CONTINUE,The underlying did not move down at any measured horizon (move to exit +0.01%).,12E-option-audit-v1,9d8fb5671d76d03c
SEN-2026-09-11-1309-6bfbbc,SENSEX,2026-09-11,13:09,BUY_CE,CE,74500.0,SENSEX 74500 CE,STRONG,RANGE,-0.0749,ATM,0.18,0.0002,74499.82,74492.51,-0.00981210424402666,0.010739434209017849,0.03696676978781422,-0.0071672888159645684,-2.732107137629886,13.9,-0.02722154228025435,-0.0245369720356551,-0.004939609250072774,-0.025463148770025434,0.8319134008218857,1.2829507868096577,2.1549563997193544,-0.230530219504868,0.9931283543160934,1.4796609319355971,2.312283693634957,-0.030094798615646106,False,False,,False,True,True,True,False,UNDERLYING_WRONG_OPTION_PROFITABLE,UNDERLYING_WRONG_OPTION_PROFITABLE,,UNDERLYING_WRONG_OPTION_LOSS,,,82.29,,,2.7188,498.85,498.0,497.05,498.425,0.8500000000000227,0.17053719215529373,0.55055,0.00037,-44.76144,38.83709,10.979146782898946,VALID,11.454678082985719,11.489389850440737,11.362633540081617,11.31566697816144,2.416158169903779,IV_TAILWIND,13:16,504.3,504.75,503.75,0.44999999999998863,POSITION_SIGNAL,7,0.42500000000001137,0.22499999999999432,6.099999999999966,5.45,0.6499999999999657,-0.8355468800000001,271.35,-16.5,5.45,109.0,1.093,,,12E-option-audit-v1,9d8fb5671d76d03c
SEN-2026-09-11-1321-a18dae,SENSEX,2026-09-11,13:21,BUY_PE,PE,74500.0,SENSEX 74500 PE,MODERATE,RANGE,0.0008,ATM,31.1,0.0418,74468.9,74507.93,0.05241114075808671,-0.004793717732212971,-0.03941031642886771,-0.031694461631109734,2.1160719350995736,59.6,0.025393150697812773,0.05088030036699806,0.0645504364909472,0.10924023317117056,-1.3653013653013604,-2.963702963702956,-4.218004218004219,-7.437007437007437,-1.155555555555553,-2.7944444444444416,-4.011111111111114,-7.222222222222221,False,False,False,False,False,False,False,False,UNDERLYING_WRONG_OPTION_LOSS,UNDERLYING_WRONG_OPTION_LOSS,UNDERLYING_WRONG_OPTION_LOSS,UNDERLYING_WRONG_OPTION_LOSS,62.14,66.11,76.93,0.808,0.859,0.9549,450.45,449.55,450.05,450.0,0.8999999999999773,0.19999999999999493,-0.46488,0.00032,-29.65167,38.95908,12.748668045002853,VALID,12.806992383735718,12.884707871925302,12.832763978126549,12.847555686417127,0.609628515652391,IV_NEUTRAL,13:23,435.9,436.4,435.9,0.5,SIGNAL_FLIP,2,0.44999999999998863,0.25,-13.850000000000023,-14.55,0.699999999999978,-0.15814224,-0.1,-173.45,-14.55,-291.0,-3.23,SIGNAL_FLIP,The underlying never moved the expected way and 12C flipped to the other side.,12E-option-audit-v1,9d8fb5671d76d03c
SEN-2026-09-11-1326-9a41a3,SENSEX,2026-09-11,13:26,BUY_CE,CE,74600.0,SENSEX 74600 CE,MODERATE,RANGE,0.0328,NEAR_ATM,83.03,0.1114,74516.97,74529.3,0.016546566506933584,0.016294245621390476,0.012132936722316873,0.0645504364909472,3.7408450704225404,100.0,-0.001637210960135878,0.06795767460754164,0.04466096783054764,0.01822403675297284,-0.933463584065984,3.7664170194290727,3.1043091284055166,1.5847172473678524,-0.7820136852394965,3.9154990767893945,3.296404909308125,1.7541001411969004,,True,True,,False,True,True,True,,UNDERLYING_CORRECT_OPTION_PROFITABLE,UNDERLYING_CORRECT_OPTION_PROFITABLE,,,,83.94,,,-0.4523,460.65,460.05,460.0,460.35,0.5999999999999659,0.13033561420657452,0.51855,0.00036,-45.08678,39.08037,11.2030852984793,VALID,11.076087006056305,10.939269066267968,11.121263436667888,11.24074149887498,-1.5513539857796874,IV_HEADWIND,13:35,460.05,460.55,460.5,0.5,SIGNAL_FLIP,9,0.29999999999998295,0.25,-0.05000000000001137,-0.6,0.5499999999999886,-1.08208272,239.35,-30.2,-0.6,-12.0,-0.13,SPREAD_FRICTION,Execution friction of 0.55/unit accounts for most of a 0.60/unit loss.,12E-option-audit-v1,9d8fb5671d76d03c
SEN-2026-09-11-1342-848843,SENSEX,2026-09-11,13:42,BUY_PE,PE,74500.0,SENSEX 74500 PE,MODERATE,TRENDING_DOWN,-0.1522,ATM,40.02,0.0537,74459.98,74518.47,0.07855226391412573,-0.10300957540950108,-0.09250100497900993,-0.0764926329542609,5.0739834556681895,100.0,0.0644507291030769,0.07649746884166019,0.047112556302058836,0.14967771949441444,-3.3111849390919135,-3.2779623477297926,-5.060908084163903,-7.220376522702108,-3.071464212452174,-3.0326550978544127,-4.867771802406162,-7.029993901424845,False,False,False,False,False,False,False,False,UNDERLYING_WRONG_OPTION_LOSS,UNDERLYING_WRONG_OPTION_LOSS,UNDERLYING_WRONG_OPTION_LOSS,UNDERLYING_WRONG_OPTION_LOSS,,46.97,77.3,,0.608,-1.226,451.5,450.35,450.7,450.925,1.1499999999999773,0.2550313244996346,-0.46813,0.00032,-29.34608,38.93533,12.649081301527868,VALID,12.850488975966897,12.989022484645908,12.501734005779294,13.106845839525258,1.9213648876337035,IV_TAILWIND,13:44,433.25,434.4,433.25,1.1499999999999773,SIGNAL_FLIP,2,0.5749999999999886,0.5749999999999886,-17.100000000000023,-18.25,1.1499999999999773,-0.15651242666666668,-8.25,-174.5,-18.25,-365.0,-4.042,SIGNAL_FLIP,The underlying never moved the expected way and 12C flipped to the other side.,12E-option-audit-v1,9d8fb5671d76d03c
SEN-2026-09-11-1346-f46219,SENSEX,2026-09-11,13:46,BUY_PE,PE,74500.0,SENSEX 74500 PE,MODERATE,RANGE,-0.0712,ATM,22.48,0.0302,74477.52,74522.91,0.06094456421212658,-0.052900722976545,-0.04086811115642674,-0.07947756248056757,1.7318499827961815,70.1,0.02355073047544225,0.04982711561824371,0.10660935004279705,0.20812991624854688,-3.4028169014084555,-3.1436619718309835,-5.5098591549295755,-12.292957746478876,-3.2750845546786875,-3.015783540022548,-5.394588500563688,-12.198421645997751,False,False,False,False,False,False,False,False,UNDERLYING_WRONG_OPTION_LOSS,UNDERLYING_WRONG_OPTION_LOSS,UNDERLYING_WRONG_OPTION_LOSS,UNDERLYING_WRONG_OPTION_LOSS,50.6,58.61,77.69,0.651,0.754,2.8881,443.75,443.25,444.4,443.5,0.5,0.11273957158962795,-0.46264,0.00032,-29.58269,38.88916,12.699060158981196,VALID,12.501734005779294,12.766386274029157,12.994623375413411,13.044568559542114,-0.9057789598243047,IV_NEUTRAL,13:48,421.0,421.85,421.6,0.8500000000000227,SIGNAL_FLIP,2,0.25,0.42500000000001137,-22.07499999999999,-22.75,0.6750000000000114,-0.15777434666666665,-13.95,-166.75,-22.75,-455.0,-5.127,SIGNAL_FLIP,The underlying never moved the expected way and 12C flipped to the other side.,12E-option-audit-v1,9d8fb5671d76d03c
SEN-2026-09-11-1402-57439d,SENSEX,2026-09-11,14:02,BUY_CE,CE,74900.0,SENSEX 74900 CE,MODERATE,TRENDING_UP,0.275,NEAR_ATM,123.52,0.1652,74776.48,74780.56,0.0054562611131223964,0.07419596943511805,0.12303742980981675,0.126992390633088,18.771874005727014,100.0,0.09089756565166102,0.10941943242047097,0.03181481663754185,0.019671961023046823,8.44392123287671,9.150256849315069,1.6267123287671281,-0.6956335616438356,8.679346370211626,9.440128582909178,1.8376640771497552,-0.45539780337530134,True,True,True,,True,True,True,False,UNDERLYING_CORRECT_OPTION_PROFITABLE,UNDERLYING_CORRECT_OPTION_PROFITABLE,UNDERLYING_CORRECT_OPTION_PROFITABLE,,,,80.9,,,-0.7362,467.2,466.05,466.1,466.625,1.1499999999999773,0.24645057594427588,0.50486,0.00034,-47.01941,39.1797,11.830441771151452,VALID,12.00297275638938,11.871453421827846,11.795790109651401,11.578248277221187,2.7759718018853614,IV_TAILWIND,14:06,479.75,480.7,480.8,0.9499999999999886,SIGNAL_FLIP,4,0.5749999999999886,0.4749999999999943,13.600000000000023,12.55,1.050000000000022,-0.5015403733333333,51.7,-28.05,12.55,251.0,2.686,,,12E-option-audit-v1,9d8fb5671d76d03c
SEN-2026-09-11-1416-694ff4,SENSEX,2026-09-11,14:16,BUY_PE,PE,74900.0,SENSEX 74900 PE,STRONG,RANGE,-0.0377,ITM,147.63,0.1975,74752.37,74762.67,0.013778827346882662,-0.0363468354650537,-0.049525728308336896,-0.03010369257698483,0.8549157656525018,100.0,0.019664928349444496,0.015691810172721584,0.00238119540557555,0.05880750001639601,-1.285500747384153,-0.45839561534629025,-0.7174887892376727,-2.610861983059297,-1.0770381451009678,-0.3390675641984633,-0.5435053602592915,-2.448267265021187,,,,False,False,False,False,False,,,,UNDERLYING_WRONG_OPTION_LOSS,,41.63,74.96,,0.555,-0.365,501.75,501.0,501.75,501.375,0.75,0.14958863126402394,-0.50276,0.00032,-28.71357,39.13901,12.577330282231902,VALID,12.53429296200175,12.609788747526274,12.529898750804675,12.86594177763338,0.3883242778726253,IV_NEUTRAL,14:22,496.95,498.15,499.0,1.1999999999999886,SIGNAL_FLIP,6,0.375,0.5999999999999943,-3.8250000000000455,-4.8,0.9749999999999543,-0.45941712,9.95,-84.9,-4.8,-96.0,-0.957,SIGNAL_FLIP,The underlying never moved the expected way and 12C flipped to the other side.,12E-option-audit-v1,9d8fb5671d76d03c
SEN-2026-09-11-1430-eeafd4,SENSEX,2026-09-11,14:30,BUY_CE,CE,74900.0,SENSEX 74900 CE,MODERATE,RANGE,0.0698,NEAR_ATM,81.44,0.1088,74818.56,74831.49,0.017281808150287264,-0.00041433397750817636,0.025775649177370203,0.03925700502211627,4.923817161186843,100.0,0.02730605881750139,-0.004263647950458187,0.014688868644364765,0.01455521196879413,2.200040741495215,-2.7602363006722257,-0.4990833163577081,-0.2648197188836738,2.3845918679303058,-2.583307856924479,-0.34138387852847335,-0.12738204422704577,True,,,,True,False,False,False,UNDERLYING_CORRECT_OPTION_PROFITABLE,,,,,,79.18,,,-1.5044,490.9,490.4,490.4,490.65,0.5,0.10190563538163662,0.51924,0.00034,-47.625,39.09876,11.918385033090306,VALID,11.968401496005196,11.628168291470828,11.76580481941585,11.813407180482114,-3.01272600564284,IV_HEADWIND,14:38,482.1,482.65,482.85,0.5499999999999545,POSITION_SIGNAL,8,0.25,0.27499999999997726,-8.274999999999977,-8.8,0.5250000000000234,-1.016,19.1,-45.1,-8.8,-176.0,-1.793,IV_HEADWIND,The underlying moved as expected but IV fell -3.01% over the hold.,12E-option-audit-v1,9d8fb5671d76d03c
SEN-2026-09-11-1439-810ad0,SENSEX,2026-09-11,14:39,BUY_PE,PE,74900.0,SENSEX 74900 PE,STRONG,RANGE,-0.0155,ITM,92.72,0.1239,74807.28,74833.02,0.03440841586541475,-0.032352690023954356,-0.07613777892474222,-0.02465729368760865,2.152080344332855,100.0,0.029636153058897816,0.05167946221277327,0.07268009209798211,0.052294375627606485,-2.9106029106029108,-4.293139293139289,-4.979209979209977,-2.484407484407482,-2.751768622555144,-4.099042863087816,-4.801290054099052,-2.33562213899293,False,False,False,False,False,False,False,False,UNDERLYING_WRONG_OPTION_LOSS,UNDERLYING_WRONG_OPTION_LOSS,UNDERLYING_WRONG_OPTION_LOSS,UNDERLYING_WRONG_OPTION_LOSS,66.06,44.66,75.52,0.875,0.591,0.6879,481.0,480.2,480.2,480.6,0.8000000000000114,0.16645859342488792,-0.48521,0.00032,-29.60524,39.09203,12.73168943340901,VALID,12.675363616530689,12.736083327419372,12.82943574139655,12.911942737564722,-0.007081652716764535,IV_NEUTRAL,14:41,467.15,468.0,467.95,0.8500000000000227,SIGNAL_FLIP,2,0.4000000000000057,0.42500000000001137,-13.025000000000034,-13.85,0.8249999999999655,-0.15789461333333332,30.7,-64.15,-13.85,-277.0,-2.879,SIGNAL_FLIP,The underlying never moved the expected way and 12C flipped to the other side.,12E-option-audit-v1,9d8fb5671d76d03c
SEN-2026-09-11-1447-781638,SENSEX,2026-09-11,14:47,BUY_PE,PE,74900.0,SENSEX 74900 PE,STRONG,RANGE,-0.0565,ITM,79.12,0.1057,74820.88,74846.4,0.034108125966962055,-0.02600201976633438,-0.0544604613977778,-0.033482110051657674,3.2219570405727973,79.0,0.028147223074625253,0.04536166909558177,0.022707565054020596,0.025955321562641676,-1.144356955380575,-1.753280839895018,0.35695538057742543,-0.850393700787404,-0.9406200735680553,-1.555438780872302,0.5885444035732957,-0.64109301103521,False,False,False,False,False,False,True,False,UNDERLYING_WRONG_OPTION_LOSS,UNDERLYING_WRONG_OPTION_LOSS,UNDERLYING_WRONG_OPTION_PROFITABLE,UNDERLYING_WRONG_OPTION_LOSS,,,75.42,,,2.3011,476.25,475.25,476.1,475.75,1.0,0.21019442984760903,-0.47956,0.00032,-30.10888,39.05984,12.855786516365287,VALID,12.950903616670391,13.011399610119723,13.107106303084192,13.0275873150596,0.4368166905070258,IV_NEUTRAL,14:49,469.05,469.7,469.1,0.6499999999999773,SIGNAL_FLIP,2,0.5,0.32499999999998863,-6.375,-7.2,0.8250000000000002,-0.16058069333333333,35.45,-59.4,-7.2,-144.0,-1.512,SIGNAL_FLIP,The underlying never moved the expected way and 12C flipped to the other side.,12E-option-audit-v1,9d8fb5671d76d03c
SEN-2026-09-11-1501-2e51bc,SENSEX,2026-09-11,15:01,BUY_PE,PE,74900.0,SENSEX 74900 PE,STRONG,RANGE,-0.0671,ITM,92.51,0.1237,74807.49,74778.17,-0.03919393632911221,-0.010826620494460138,-0.05680693963833742,-0.04490847943175686,1.8539058786246307,100.0,-0.028860746430619526,-0.058242831032035675,-0.11238179492455498,0.03750961300799916,2.238805970149256,3.679519071310116,6.001243781094537,-0.08291873963515284,2.426882389545723,3.8788633063679594,6.165733250362988,0.015556938394521599,True,True,True,False,True,True,True,False,UNDERLYING_CORRECT_OPTION_PROFITABLE,UNDERLYING_CORRECT_OPTION_PROFITABLE,UNDERLYING_CORRECT_OPTION_PROFITABLE,UNDERLYING_WRONG_OPTION_LOSS,54.86,,75.3,0.729,,-2.2968,482.4,481.8,482.2,482.1,0.5999999999999659,0.12445550715618459,-0.48528,0.00032,-29.85629,39.04473,12.797116510468221,VALID,12.85651135625557,12.687408543833733,12.507448918008857,13.152268865521599,0.08591283090788711,IV_NEUTRAL,15:08,497.35,498.5,496.85,1.1499999999999773,SIGNAL_FLIP,7,0.29999999999998295,0.5749999999999886,15.824999999999989,14.95,0.8749999999999893,-0.5573174133333334,29.3,-65.55,14.95,299.0,3.099,,,12E-option-audit-v1,9d8fb5671d76d03c
SEN-2026-09-11-1529-5ba84a,SENSEX,2026-09-11,15:29,BUY_PE,PE,74900.0,SENSEX 74900 PE,MODERATE,TRENDING_DOWN,-0.1766,ITM,118.24,0.1581,74781.76,,,-0.176602362760746,-0.176602362760746,-0.176602362760746,4.513927116591435,100.0,,0.0,0.0,0.0,,-2.756443976854292,-8.690163072067335,-12.28826933193056,,-2.5071105024755034,-8.448330348677977,-12.045717897398074,,,,,,False,False,False,,,,,,,77.77,,,-8.4483,475.25,474.05,475.25,474.65,1.1999999999999886,0.2528178657958472,-0.4936,0.00033,-28.24133,38.99214,12.310774460766522,VALID,,12.003190239817163,11.283307202466354,10.846743270086861,,IV_UNKNOWN,,,,,,STILL_OPEN,,0.5999999999999943,,,,,,-8.3,-58.4,,,,,,12E-option-audit-v1,9d8fb5671d76d03c
NIF-2026-09-15-0923-81bbd6,NIFTY,2026-09-15,09:23,BUY_PE,PE,23500.0,NIFTY 23500 PE,MODERATE,UNKNOWN,,ATM,15.45,0.0658,23484.55,23463.95,-0.08771724389012583,-0.03639366452277168,-0.058302213994662275,-0.04936979036992095,4.3741879601559095,100.0,0.013838885565190733,-0.09729801081987326,-0.10836911927203513,-0.14413731580974956,0.9121061359867402,27.280265339966835,28.855721393034838,35.406301824212285,1.1203319502074642,27.510373443983404,29.128630705394208,35.72614107883819,,True,True,True,True,True,True,True,,UNDERLYING_CORRECT_OPTION_PROFITABLE,UNDERLYING_CORRECT_OPTION_PROFITABLE,UNDERLYING_CORRECT_OPTION_PROFITABLE,268.79,247.86,209.18,1.285,1.185,6.4601,60.3,60.2,60.2,60.25,0.09999999999999432,0.1659751037344304,-0.53665,0.00296,-50.88994,3.42064,15.595909841063381,VALID,16.436285007085807,16.820299201780806,16.531018979835736,16.248375940211726,9.716850908154418,IV_TAILWIND,09:35,75.9,76.05,76.1,0.14999999999999147,SIGNAL_FLIP,12,0.04999999999999716,0.07499999999999574,15.724999999999994,15.6,0.12499999999999467,-1.62847808,322.8,0.55,15.6,1014.0,25.871,,,12E-option-audit-v1,9d8fb5671d76d03c
NIF-2026-09-15-0938-429a02,NIFTY,2026-09-15,09:38,BUY_PE,PE,23450.0,NIFTY 23450 PE,STRONG,RANGE,-0.0584,ATM,4.6,0.0196,23445.4,23451.9,0.027723988500942612,-0.003625313216393004,-0.07905744770168395,-0.02260060467277852,1.8944519621109557,100.0,-0.0006397843500279593,0.027723988500942612,0.06035299035204269,-0.0569408071519453,-1.7683465959328029,-5.039787798408478,-12.20159151193634,5.923961096374892,-1.5493581230633025,-4.780876494023885,-11.952191235059763,6.15316511730856,,False,False,True,False,False,False,True,,UNDERLYING_WRONG_OPTION_LOSS,UNDERLYING_WRONG_OPTION_LOSS,UNDERLYING_CORRECT_OPTION_PROFITABLE,198.04,108.06,209.18,0.947,0.517,0.6722,56.55,56.4,56.55,56.474999999999994,0.14999999999999858,0.2656042496679922,-0.50386,0.00286,-54.69103,3.39272,16.405348839353287,VALID,16.306700062670032,16.446222401477904,16.445217698646637,15.835533369869923,0.24914777811105562,IV_NEUTRAL,09:41,53.7,53.85,53.7,0.14999999999999858,POSITION_SIGNAL,3,0.07499999999999929,0.07499999999999929,-2.6999999999999886,-2.85,0.15000000000001146,-0.43752824,275.8,-9.3,-2.85,-185.25,-5.04,MOMENTUM_REVERSAL,"The underlying moved the right way first, then reversed (+0.03% by the exit).",12E-option-audit-v1,9d8fb5671d76d03c
NIF-2026-09-15-0944-bc1096,NIFTY,2026-09-15,09:44,BUY_CE,CE,23450.0,NIFTY 23450 CE,MODERATE,RANGE,0.0392,ATM,-15.45,0.0658,23465.45,23438.0,-0.11698049685814986,0.025149672521431382,0.05777783463173249,0.08615817702946536,10.605410047230592,91.8,-0.11698049685814986,-0.10483498079091678,-0.17557728490184815,-0.21116151618656054,-18.449612403100772,-16.821705426356594,-28.217054263565895,-30.542635658914737,-18.206521739130448,-16.61490683229814,-27.989130434782616,-30.357142857142872,False,False,False,False,False,False,False,False,UNDERLYING_WRONG_OPTION_LOSS,UNDERLYING_WRONG_OPTION_LOSS,UNDERLYING_WRONG_OPTION_LOSS,UNDERLYING_WRONG_OPTION_LOSS,159.41,143.76,201.29,0.792,0.714,7.3527,64.5,64.3,64.5,64.4,0.20000000000000284,0.31055900621118454,0.55243,0.00286,-60.95893,3.35171,16.31485184916496,VALID,16.84001844049074,16.929312280717355,17.060700709063518,17.567861140593678,3.218947963371553,IV_TAILWIND,09:45,52.6,52.75,52.55,0.14999999999999858,STOP_LOSS,1,0.10000000000000142,0.07499999999999929,-11.725000000000009,-11.9,0.17499999999999183,-0.16255714666666668,-9.6,-64.45,-11.9,-773.5,-18.45,STOP_LOSS,Closed by the hard stop.,12E-option-audit-v1,9d8fb5671d76d03c
NIF-2026-09-15-0947-a8ed8d,NIFTY,2026-09-15,09:47,BUY_PE,PE,23450.0,NIFTY 23450 PE,MODERATE,RANGE,-0.023,ATM,9.15,0.039,23440.85,23388.4,-0.22375468466372633,-0.01386276291263047,-0.10483498079091678,-0.0648020446750443,11.65523996082273,80.5,-0.03754130076340778,-0.11155738806399007,-0.08681425801538147,-0.2585230484389369,4.903677758318734,31.436077057793337,27.495621716287204,82.39929947460595,5.175438596491233,31.842105263157904,27.93859649122806,82.9824561403509,True,True,True,True,True,True,True,True,UNDERLYING_CORRECT_OPTION_PROFITABLE,UNDERLYING_CORRECT_OPTION_PROFITABLE,UNDERLYING_CORRECT_OPTION_PROFITABLE,UNDERLYING_CORRECT_OPTION_PROFITABLE,321.82,320.99,213.55,1.507,1.503,9.3994,57.1,56.9,56.9,57.0,0.20000000000000284,0.3508771929824611,-0.51928,0.00298,-52.90279,3.36607,15.844164718065517,VALID,15.835533369869923,17.225974008776905,17.40065889644998,19.806475765585642,22.139749182623408,IV_TAILWIND,10:03,97.6,97.85,97.9,0.25,POSITION_SIGNAL,16,0.10000000000000142,0.125,40.724999999999994,40.5,0.22499999999999432,-2.2571857066666667,275.25,2.8,40.5,2632.5,70.928,,,12E-option-audit-v1,9d8fb5671d76d03c
NIF-2026-09-15-1008-1657e6,NIFTY,2026-09-15,10:08,BUY_PE,PE,23400.0,NIFTY 23400 PE,STRONG,RANGE,0.0419,ATM,14.0,0.0599,23386.0,23398.15,0.051954160608917534,0.014754592634253869,-0.015391456031734382,-0.010261497152440761,2.0712209302325544,29.2,-0.0401949884546372,-0.02309073804841125,0.051954160608917534,0.0044898657316312,4.338549075391176,0.7823613086770941,-14.580369843527738,-5.4765291607396795,4.556781772872913,1.0323958704165104,-14.38234247063011,-5.233179067283706,True,True,False,,True,True,False,False,UNDERLYING_CORRECT_OPTION_PROFITABLE,UNDERLYING_CORRECT_OPTION_PROFITABLE,UNDERLYING_WRONG_OPTION_LOSS,,276.83,,175.0,1.582,,-5.2905,70.3,70.15,70.15,70.225,0.14999999999999147,0.21359914560340545,-0.52549,0.00246,-66.7032,3.30333,19.496830998117375,VALID,18.934341751924784,18.921861865673364,18.30342379433057,18.667224091977825,-6.121031689211652,IV_HEADWIND,10:13,60.05,60.2,60.05,0.15000000000000568,STOP_LOSS,5,0.07499999999999574,0.07500000000000284,-10.099999999999994,-10.25,0.15000000000000568,-0.8893759999999999,212.5,-10.25,-10.25,-666.25,-14.58,STOP_LOSS,Closed by the hard stop.,12E-option-audit-v1,9d8fb5671d76d03c
NIF-2026-09-15-1016-b54c27,NIFTY,2026-09-15,10:16,BUY_PE,PE,23400.0,NIFTY 23400 PE,STRONG,RANGE,-0.0015,ATM,15.15,0.0648,23384.85,23383.7,-0.004917713818980311,0.0002138141014645086,-0.056842100764389114,0.018177463367065005,-7.188160676532762,40.7,-0.03485162402152598,0.019670855275967916,-0.055805361163314166,-0.03228586028988543,8.794541319181192,-0.9097801364670333,9.401061410159215,7.354056103108407,9.111617312072893,-0.6454062262718256,9.68109339407745,7.668944570994703,True,,True,True,True,False,True,True,UNDERLYING_CORRECT_OPTION_PROFITABLE,,UNDERLYING_CORRECT_OPTION_PROFITABLE,UNDERLYING_CORRECT_OPTION_PROFITABLE,173.48,,188.7,0.919,,-0.8493,65.95,65.75,65.95,65.85,0.20000000000000284,0.30372057706910077,-0.53136,0.00266,-62.04544,3.27965,18.12087653267209,VALID,18.592207640687565,18.714274047137973,17.90049444092558,18.550832935471615,3.1322819915465496,IV_TAILWIND,10:24,68.0,68.15,68.2,0.15000000000000568,SIGNAL_FLIP,8,0.10000000000000142,0.07500000000000284,2.2250000000000085,2.05,0.1750000000000087,-1.3236360533333333,216.85,-0.6,2.05,133.25,3.108,,,12E-option-audit-v1,9d8fb5671d76d03c
NIF-2026-09-15-1028-20f1f3,NIFTY,2026-09-15,10:28,BUY_PE,PE,23400.0,NIFTY 23400 PE,STRONG,RANGE,-0.059,ITM,26.75,0.1144,23373.25,23374.05,0.003422716139173082,-0.03806322344181974,-0.035711841790119346,-0.013902851153936645,0.46082949308754145,79.8,-0.03358540211566019,-0.022889414180734577,-0.027809568630806584,-0.007915031071838724,5.144467935165597,3.664552501761796,3.875968992248062,3.3121916842846995,5.398729710656321,3.987297106563166,4.199011997177147,3.5638673253352238,True,True,True,,True,True,True,True,UNDERLYING_CORRECT_OPTION_PROFITABLE,UNDERLYING_CORRECT_OPTION_PROFITABLE,UNDERLYING_CORRECT_OPTION_PROFITABLE,,,,186.25,,,-0.9805,70.95,70.75,71.0,70.85,0.20000000000000284,0.282286520818635,-0.56457,0.0027,-60.70986,3.2151,17.834401647902663,VALID,17.721118768548067,17.85924555346266,17.512229208564758,18.335271105604807,6.876993597011624,IV_TAILWIND,10:37,73.7,73.9,73.95,0.20000000000000284,SIGNAL_FLIP,9,0.10000000000000142,0.10000000000000142,2.950000000000017,2.75,0.20000000000001705,-1.45703664,211.85,2.35,2.75,178.75,3.876,,,12E-option-audit-v1,9d8fb5671d76d03c
NIF-2026-09-15-1041-0bb837,NIFTY,2026-09-15,10:41,BUY_PE,PE,23350.0,NIFTY 23350 PE,STRONG,RANGE,-0.0139,ATM,-14.65,0.0627,23364.65,23329.4,-0.15086894090003486,-0.02652877409250023,-0.02888145340030978,-0.019470071718326997,2.8411973617452895,57.1,-0.0021399849773054594,-0.04579567851433994,-0.06612553579874181,-0.09394534050371277,0.788177339901475,10.83743842364532,16.35467980295566,19.21182266009852,1.036013813517525,11.149481993093254,16.67488899851999,19.48692649235323,,True,True,True,True,True,True,True,,UNDERLYING_CORRECT_OPTION_PROFITABLE,UNDERLYING_CORRECT_OPTION_PROFITABLE,UNDERLYING_CORRECT_OPTION_PROFITABLE,252.17,207.43,208.12,1.212,0.997,2.9127,50.75,50.6,50.75,50.675,0.14999999999999858,0.2960039467192868,-0.45139,0.00267,-64.37158,3.19959,18.357182555035877,VALID,18.47803691950145,18.57706036368782,18.71019955909739,18.221953363634334,-3.5879568427112116,IV_HEADWIND,10:58,65.5,65.55,65.55,0.04999999999999716,POSITION_SIGNAL,17,0.07499999999999929,0.02499999999999858,14.850000000000009,14.75,0.10000000000000853,-2.9181782933333333,181.2,0.05,14.75,958.75,29.064,,,12E-option-audit-v1,9d8fb5671d76d03c
NIF-2026-09-15-1102-78decb,NIFTY,2026-09-15,11:02,BUY_CE,CE,23350.0,NIFTY 23350 CE,MODERATE,RANGE,0.0849,ATM,-3.05,0.0131,23353.05,23349.55,-0.014987335701332373,0.06534463402720052,0.0831417287908142,0.09472396109030512,11.064030131826744,100.0,0.02248100355199856,0.00942061101226918,-0.02119637477760176,-0.04153633037226712,3.725656223539378,3.810330228619814,-1.9475021168501245,-6.096528365791692,3.984739296312011,4.027130139889784,-1.6956337431114883,-5.892327257312411,True,,False,False,True,True,False,False,UNDERLYING_CORRECT_OPTION_PROFITABLE,,UNDERLYING_WRONG_OPTION_LOSS,UNDERLYING_WRONG_OPTION_LOSS,,,204.92,,,2.648,59.05,58.9,59.05,58.974999999999994,0.14999999999999858,0.2543450614667208,0.5175,0.00283,-69.75112,3.16458,17.721641237430543,VALID,17.574548966075408,18.043816115316226,18.33832738140716,18.090288882785472,4.035982578735571,IV_TAILWIND,11:06,59.7,59.8,59.65,0.09999999999999432,SIGNAL_FLIP,4,0.07499999999999929,0.04999999999999716,0.7750000000000057,0.65,0.12500000000000566,-0.7440119466666666,2.25,-59.0,0.65,42.25,1.101,,,12E-option-audit-v1,9d8fb5671d76d03c
NIF-2026-09-15-1109-d9b313,NIFTY,2026-09-15,11:09,BUY_PE,PE,23350.0,NIFTY 23350 PE,MODERATE,RANGE,0.0214,ATM,11.35,0.0486,23338.65,23331.25,-0.03170706103395635,0.01135584504628666,-0.04668184183420159,-0.052460504734292895,9.103199639477252,70.0,-0.047560591550934526,0.020138268494523416,0.034063666921596104,-0.07241207182078421,7.679603633360868,-5.119735755573897,-9.165978530140375,4.8720066061106575,7.889301941346573,-4.997934737711687,-9.087154068566708,5.080545229244119,True,False,False,True,True,False,False,True,UNDERLYING_CORRECT_OPTION_PROFITABLE,UNDERLYING_WRONG_OPTION_LOSS,UNDERLYING_WRONG_OPTION_LOSS,UNDERLYING_CORRECT_OPTION_PROFITABLE,,70.16,201.84,,0.348,-2.2118,60.55,60.5,60.5,60.525,0.04999999999999716,0.08261049153241992,-0.52344,0.00284,-63.70366,3.14195,17.80579801721675,VALID,17.28161451813132,17.795749649912736,17.501012641014587,16.217525234338847,-5.7817647794836144,IV_HEADWIND,11:23,60.85,60.95,60.9,0.10000000000000142,SIGNAL_FLIP,14,0.02499999999999858,0.05000000000000071,0.3750000000000071,0.3,0.07500000000000712,-2.3782699733333335,171.4,-9.75,0.3,19.5,0.495,,,12E-option-audit-v1,9d8fb5671d76d03c
NIF-2026-09-15-1127-0a613e,NIFTY,2026-09-15,11:27,BUY_PE,PE,23350.0,NIFTY 23350 PE,STRONG,RANGE,-0.0838,ITM,31.75,0.1362,23318.25,23322.6,0.018654916213689043,-0.03129615378843917,-0.06728393606740705,-0.042866481626354314,6.178861788617905,85.4,0.0027875162158457656,0.005146183783091474,0.020155886483765838,0.08298221350229346,-1.2232415902140847,0.8409785932721668,-3.975535168195731,-9.938837920489306,-0.9954058192955676,1.1102603369065762,-3.713629402756525,-9.647779479326204,,,False,False,False,True,False,False,,,UNDERLYING_WRONG_OPTION_LOSS,UNDERLYING_WRONG_OPTION_LOSS,,116.26,211.73,,0.549,0.554,65.4,65.2,65.45,65.30000000000001,0.20000000000000284,0.30627871362940706,-0.59293,0.00314,-55.48991,3.01273,15.925929374401354,VALID,15.83030073744906,16.41437716703338,15.959820020119173,17.55484590857596,3.477555332277697,IV_TAILWIND,11:33,64.4,64.55,64.6,0.14999999999999147,POSITION_SIGNAL,6,0.10000000000000142,0.07499999999999574,-0.825000000000017,-1.0,0.17499999999998295,-0.88783856,166.55,-14.6,-1.0,-65.0,-1.529,UNDERLYING_DID_NOT_CONTINUE,The underlying did not move down at any measured horizon (move to exit +0.02%).,12E-option-audit-v1,9d8fb5671d76d03c
NIF-2026-09-15-1136-ae83e8,NIFTY,2026-09-15,11:36,BUY_CE,CE,23350.0,NIFTY 23350 CE,MODERATE,RANGE,0.0255,ATM,18.5,0.0793,23331.5,23338.75,0.03107387008979277,0.023364435898922998,0.038160410931892055,0.06283009926298559,6.5530101225359685,71.8,0.026144911385888373,0.06279064783662197,0.03107387008979277,0.038574459421811716,5.189620758483036,11.976047904191617,9.081836327345304,8.682634730538926,5.550000000000011,12.400000000000006,9.449999999999989,9.050000000000011,True,True,True,True,True,True,True,True,UNDERLYING_CORRECT_OPTION_PROFITABLE,UNDERLYING_CORRECT_OPTION_PROFITABLE,UNDERLYING_CORRECT_OPTION_PROFITABLE,UNDERLYING_CORRECT_OPTION_PROFITABLE,,,213.58,,,2.8134,50.1,49.9,50.1,50.0,0.20000000000000284,0.40000000000000563,0.4577,0.00275,-74.85214,3.05762,18.74427557409868,VALID,18.682062959418786,18.4940842566884,19.321390557443458,19.04483994613197,3.078886570267086,IV_TAILWIND,11:41,54.65,54.8,54.85,0.14999999999999858,SIGNAL_FLIP,5,0.10000000000000142,0.07499999999999929,4.724999999999994,4.55,0.1749999999999945,-0.9980285333333335,9.2,-50.05,4.55,295.75,9.082,,,12E-option-audit-v1,9d8fb5671d76d03c
NIF-2026-09-15-1143-0c1290,NIFTY,2026-09-15,11:43,BUY_PE,PE,23350.0,NIFTY 23350 PE,MODERATE,RANGE,0.042,ATM,17.6,0.0754,23332.4,23339.05,0.028501140045592465,-0.006642681586269244,-0.044125144049314224,-0.03920048154470383,9.21228304405874,63.6,0.0327870257667356,0.034715674341253125,0.028501140045592465,-0.03257273148069715,-8.387622149837132,-5.700325732899024,-8.713355048859937,0.5700325732899046,-8.149959250203738,-5.501222493887531,-8.557457212713937,0.7334963325183421,False,False,False,True,False,False,False,True,UNDERLYING_WRONG_OPTION_LOSS,UNDERLYING_WRONG_OPTION_LOSS,UNDERLYING_WRONG_OPTION_LOSS,UNDERLYING_CORRECT_OPTION_PROFITABLE,,,207.38,,,-2.6469,61.4,61.3,61.45,61.349999999999994,0.10000000000000142,0.1629991850040773,-0.54529,0.00297,-63.76331,3.03642,17.433343987547335,VALID,17.32891708518311,17.8476553062423,17.115385597843257,16.382321591310504,-1.8238519811872929,IV_HEADWIND,11:48,56.05,56.15,56.15,0.10000000000000142,SIGNAL_FLIP,5,0.05000000000000071,0.05000000000000071,-5.25,-5.35,0.09999999999999964,-0.8501774666666667,170.55,-10.6,-5.35,-347.75,-8.713,MOMENTUM_REVERSAL,"The underlying moved the right way first, then reversed (+0.03% by the exit).",12E-option-audit-v1,9d8fb5671d76d03c
NIF-2026-09-15-1150-5f9fb5,NIFTY,2026-09-15,11:50,BUY_PE,PE,23350.0,NIFTY 23350 PE,STRONG,RANGE,-0.063,ATM,22.0,0.0943,23328.0,23332.9,0.02100480109739993,-0.04948681529849235,-0.04477589557147423,-0.04863031746813234,3.3722438391699012,70.0,0.01650377229080309,-0.01371742112483165,-0.031507201646084296,0.03515089163237623,-3.5953177257525057,3.260869565217396,6.187290969899671,-2.0903010033444818,-3.4295273943956572,3.3877038895859446,6.398996235884572,-1.9657047260560507,,,True,False,False,True,True,False,,,UNDERLYING_CORRECT_OPTION_PROFITABLE,UNDERLYING_WRONG_OPTION_LOSS,,,219.52,,,-0.5176,59.8,59.75,59.8,59.775,0.04999999999999716,0.08364700961940136,-0.5625,0.00319,-58.99744,2.99933,16.224284693829503,VALID,16.347613401362207,16.382321591310504,16.34402384562781,17.312496115603746,0.5697747441527026,IV_NEUTRAL,11:58,57.05,57.2,57.0,0.15000000000000568,POSITION_SIGNAL,8,0.02499999999999858,0.07500000000000284,-2.6499999999999986,-2.75,0.10000000000000142,-1.2586120533333331,172.15,-9.0,-2.75,-178.75,-4.599,MOMENTUM_REVERSAL,"The underlying moved the right way first, then reversed (+0.02% by the exit).",12E-option-audit-v1,9d8fb5671d76d03c
NIF-2026-09-15-1202-d6c88b,NIFTY,2026-09-15,12:02,BUY_CE,CE,23350.0,NIFTY 23350 CE,MODERATE,RANGE,0.0281,ATM,12.15,0.0521,23337.85,23340.7,0.01221192183513984,0.0,0.008570504181334728,0.03879325126024173,9.010875194199883,100.0,0.04156338308799109,0.06341629584560236,0.004927617582602747,0.007284304252537091,5.692599620493358,12.523719165085378,-2.7514231499051287,-3.700189753320688,5.938242280285035,12.779097387173385,-2.422802850356292,-3.4204275534441755,True,True,,,True,True,False,False,UNDERLYING_CORRECT_OPTION_PROFITABLE,UNDERLYING_CORRECT_OPTION_PROFITABLE,,,,,210.85,,,-3.4618,52.7,52.55,52.65,52.625,0.15000000000000568,0.28503562945369254,0.47544,0.00278,-78.029,2.99958,19.017526451750147,VALID,18.697341465965774,18.987565493742462,18.73848276623611,18.297475532522807,-3.5410907613059277,IV_HEADWIND,12:06,52.0,52.15,52.05,0.14999999999999858,SIGNAL_FLIP,4,0.07500000000000284,0.07499999999999929,-0.5499999999999972,-0.7,0.1500000000000028,-0.8323093333333332,6.6,-52.65,-0.7,-45.5,-1.328,IV_HEADWIND,The underlying moved as expected but IV fell -3.54% over the hold.,12E-option-audit-v1,9d8fb5671d76d03c
NIF-2026-09-15-1211-6fd477,NIFTY,2026-09-15,12:11,BUY_PE,PE,23350.0,NIFTY 23350 PE,MODERATE,RANGE,0.0129,ATM,9.15,0.0392,23340.85,23333.65,-0.030847205650167367,0.0062126704199640505,-0.012423025435079862,0.0006426542477210075,-3.868131868131873,60.6,-0.005569634353501576,-0.02292118753172462,-0.01756576988412395,-0.05248309294648653,1.82648401826484,4.474885844748864,0.09132420091323681,6.210045662100454,2.1033379058070523,4.7096479195244685,0.32007315957932725,6.492912665752167,,True,,True,True,True,True,True,,UNDERLYING_CORRECT_OPTION_PROFITABLE,,UNDERLYING_CORRECT_OPTION_PROFITABLE,,123.71,222.1,,0.557,-3.5813,54.75,54.6,54.6,54.675,0.14999999999999858,0.27434842249656805,-0.52026,0.00311,-64.86825,2.97694,17.14003825010416,VALID,17.410416946235593,17.21368995336719,16.56892067149089,16.262597391465672,-3.2881372575090233,IV_HEADWIND,12:28,55.8,55.85,55.8,0.05000000000000426,POSITION_SIGNAL,17,0.07499999999999929,0.02500000000000213,1.1500000000000057,1.05,0.10000000000000564,-2.940694,177.2,-1.6,1.05,68.25,1.918,,,12E-option-audit-v1,9d8fb5671d76d03c
NIF-2026-09-15-1230-e01087,NIFTY,2026-09-15,12:30,BUY_PE,PE,23350.0,NIFTY 23350 PE,STRONG,RANGE,0.0084,ATM,19.3,0.0827,23330.7,23328.9,-0.007715156424793393,-0.013928203326054954,0.0023574644826513005,-0.0019287519046456243,4.113785557986861,76.1,-0.04693386825084857,-0.04479076924396065,-0.04950558705910784,-0.034718203911593665,7.304785894206551,9.151973131822004,3.946263643996644,3.022670025188924,7.524169819251801,9.457755359394703,4.245481294661632,3.236654056326207,True,True,True,True,True,True,True,True,UNDERLYING_CORRECT_OPTION_PROFITABLE,UNDERLYING_CORRECT_OPTION_PROFITABLE,UNDERLYING_CORRECT_OPTION_PROFITABLE,UNDERLYING_CORRECT_OPTION_PROFITABLE,,,216.6,,,-6.4774,59.55,59.4,59.6,59.474999999999994,0.14999999999999858,0.2522068095838564,-0.55216,0.00312,-66.01602,2.9014,17.301792423418334,VALID,16.56463316240114,17.023696345449277,15.759263294631367,16.428540192185544,-7.24128037749558,IV_HEADWIND,12:36,56.2,56.3,56.3,0.09999999999999432,POSITION_SIGNAL,6,0.07499999999999929,0.04999999999999716,-3.2249999999999943,-3.35,0.12500000000000577,-1.05625632,172.4,-6.4,-3.35,-217.75,-5.626,IV_HEADWIND,The underlying moved as expected but IV fell -7.24% over the hold.,12E-option-audit-v1,9d8fb5671d76d03c
NIF-2026-09-15-1238-7135dc,NIFTY,2026-09-15,12:38,BUY_PE,PE,23300.0,NIFTY 23300 PE,MODERATE,RANGE,-0.0429,NEAR_ATM,-23.65,0.1014,23323.65,23324.55,0.0038587442359914385,-0.02271855355684363,0.019297444375116588,0.014579603563432875,-4.608585858585831,71.1,0.0015006227584385154,0.0032156201966673315,-0.0032156201966673315,-0.002786870837117926,-1.3210039630118888,-5.9445178335535,-3.566710700132104,-4.227212681638049,-0.9927200529450694,-5.625413633355393,-3.3090668431502497,-3.8385175380542758,,,,,False,False,False,False,,,,,,,258.35,,,-4.1398,37.85,37.7,37.75,37.775000000000006,0.14999999999999858,0.39708802117802394,-0.41842,0.00316,-65.27105,2.84197,16.990211677193287,VALID,17.066418831375245,16.49779505229122,16.653512337709483,16.611341559340698,-2.1726837861748405,IV_HEADWIND,12:42,35.75,35.9,35.8,0.14999999999999858,POSITION_SIGNAL,4,0.07499999999999929,0.07499999999999929,-1.9500000000000028,-2.1,0.14999999999999725,-0.6962245333333333,145.15,-6.6,-2.1,-136.5,-5.548,IV_HEADWIND,The underlying moved as expected but IV fell -2.17% over the hold.,12E-option-audit-v1,9d8fb5671d76d03c
NIF-2026-09-15-1244-cbab17,NIFTY,2026-09-15,12:44,BUY_PE,PE,23350.0,NIFTY 23350 PE,STRONG,RANGE,-0.0009,ITM,28.4,0.1218,23321.6,23326.35,0.020367384742041715,-0.005573920910362392,-0.01200459604535555,-0.010289830217807645,0.24096385542169588,92.8,-0.033445389681665376,-0.015221940175628055,0.020367384742041715,0.022940107025256343,6.405124099279423,3.522818254603687,-4.083266613290639,-7.285828662930351,6.6506410256410335,3.7259615384615197,-3.8862179487179667,-7.13141025641026,True,,False,False,True,True,False,False,UNDERLYING_CORRECT_OPTION_PROFITABLE,,UNDERLYING_WRONG_OPTION_LOSS,UNDERLYING_WRONG_OPTION_LOSS,,,219.94,,,0.5935,62.45,62.35,62.45,62.400000000000006,0.10000000000000142,0.16025641025641252,-0.58849,0.00326,-62.44418,2.81425,16.523701906698577,VALID,16.4713755669964,16.709995237749002,16.897345526022534,16.292455639495483,2.261258532947056,IV_TAILWIND,12:49,59.9,60.05,59.9,0.14999999999999858,POSITION_SIGNAL,5,0.05000000000000071,0.07499999999999929,-2.4250000000000114,-2.55,0.12499999999998845,-0.8325890666666668,169.5,-9.3,-2.55,-165.75,-4.083,MOMENTUM_REVERSAL,"The underlying moved the right way first, then reversed (+0.02% by the exit).",12E-option-audit-v1,9d8fb5671d76d03c
NIF-2026-09-15-1253-774f4d,NIFTY,2026-09-15,12:53,BUY_PE,PE,23350.0,NIFTY 23350 PE,STRONG,RANGE,0.0056,ITM,25.8,0.1106,23324.2,23311.25,-0.05552173279255334,-0.0330020272673924,-0.04478318723443774,0.005145135702957285,-2.524429967426717,49.6,0.01179032935749136,-0.0017149569974595276,-0.024438137213712484,-0.10182557172378902,-3.33889816360601,-0.16694490818030286,4.590984974958264,22.53756260434058,-3.1746031746031607,0.0,4.803675856307436,22.80701754385966,,,True,True,False,False,True,True,,,UNDERLYING_CORRECT_OPTION_PROFITABLE,UNDERLYING_CORRECT_OPTION_PROFITABLE,,223.98,225.07,,0.995,-0.6967,59.9,59.8,59.85,59.849999999999994,0.10000000000000142,0.1670843776106958,-0.57754,0.00331,-63.40188,2.80601,16.495617073349404,VALID,16.292455639495483,16.61240381416916,16.44209875395425,16.389715759122208,3.0004714540419792,IV_TAILWIND,13:06,68.15,68.35,68.35,0.19999999999998863,SIGNAL_FLIP,13,0.05000000000000071,0.09999999999999432,8.400000000000006,8.25,0.15000000000000568,-2.19793184,172.05,-2.7,8.25,536.25,13.773,,,12E-option-audit-v1,9d8fb5671d76d03c
NIF-2026-09-15-1308-e016cd,NIFTY,2026-09-15,13:08,BUY_PE,PE,23300.0,NIFTY 23300 PE,MODERATE,RANGE,-0.0532,ATM,-6.1,0.0262,23306.1,23291.15,-0.06414629646314522,-0.013084990229171421,-0.02509442582024319,0.024248458720744954,-4.333145751266173,72.9,0.005577938822895767,-0.05256134660024629,-0.026173405245830686,-0.07294227691462751,-1.762632197414806,15.393654524089317,5.875440658049355,14.218566392479449,-1.5294117647058958,15.70588235294117,6.176470588235294,14.529411764705877,,True,True,True,False,True,True,True,,UNDERLYING_CORRECT_OPTION_PROFITABLE,UNDERLYING_CORRECT_OPTION_PROFITABLE,UNDERLYING_CORRECT_OPTION_PROFITABLE,,199.19,259.22,,0.768,-0.6083,42.55,42.45,42.45,42.5,0.09999999999999432,0.23529411764704544,-0.47271,0.00344,-65.83992,2.80781,16.406573701743675,VALID,16.484073544435372,16.87116556977634,16.514005497540857,16.093097361110942,-2.762661845428948,IV_HEADWIND,13:15,47.75,47.9,47.9,0.14999999999999858,POSITION_SIGNAL,7,0.04999999999999716,0.07499999999999929,5.325000000000003,5.2,0.12500000000000266,-1.2290118400000003,140.45,-0.75,5.2,338.0,12.221,,,12E-option-audit-v1,9d8fb5671d76d03c
NIF-2026-09-15-1316-23a6cc,NIFTY,2026-09-15,13:16,BUY_PE,PE,23300.0,NIFTY 23300 PE,MODERATE,RANGE,-0.086,ATM,8.8,0.0378,23291.2,23294.0,0.01202170776945487,0.00021467381387038596,-0.03776824034334452,-0.011376393339863601,0.05083884087443962,100.0,-0.0330596963660126,0.025760802363124266,-0.021682008655626472,-0.026404822422208624,7.918781725888321,-8.42639593908629,1.6243654822334967,2.842639593908627,8.180894308943072,-8.231707317073164,1.8292682926829094,3.048780487804878,True,False,True,True,True,False,True,True,UNDERLYING_CORRECT_OPTION_PROFITABLE,UNDERLYING_WRONG_OPTION_LOSS,UNDERLYING_CORRECT_OPTION_PROFITABLE,UNDERLYING_CORRECT_OPTION_PROFITABLE,,,248.51,,,-3.5589,49.25,49.15,49.2,49.2,0.10000000000000142,0.20325203252032809,-0.52495,0.0035,-65.51745,2.78365,16.27637892949452,VALID,16.555855371034326,16.07871754892435,15.797419883511605,15.993123429400812,-0.6546275646816957,IV_NEUTRAL,13:20,46.65,46.75,46.65,0.10000000000000142,SIGNAL_FLIP,4,0.05000000000000071,0.05000000000000071,-2.5,-2.6,0.10000000000000009,-0.6988527999999999,133.75,-4.15,-2.6,-169.0,-5.279,MIXED,The underlying moved as expected and no single measured factor dominates.,12E-option-audit-v1,9d8fb5671d76d03c
NIF-2026-09-15-1321-d30903,NIFTY,2026-09-15,13:21,BUY_PE,PE,23300.0,NIFTY 23300 PE,STRONG,RANGE,-0.0331,ATM,13.85,0.0595,23286.15,23285.05,-0.004723837989543925,-0.03369966514981774,-0.012666869909086612,-0.021682008655626472,1.8292682926829094,62.6,-0.010306555613536179,0.0010735995430760344,-0.004723837989543925,-0.05453885678826568,1.595214356929221,-2.29312063808574,0.9970089730807578,15.752741774675968,1.7465069860279583,-2.0958083832335275,1.1976047904191787,16.0179640718563,,,,True,True,False,True,True,,,,UNDERLYING_CORRECT_OPTION_PROFITABLE,,293.7,252.04,,1.165,0.007,50.15,50.05,50.05,50.099999999999994,0.10000000000000142,0.19960079840319644,-0.54227,0.00361,-63.47564,2.75826,15.797419883511605,VALID,16.015127770045805,15.76380809172121,15.993123429400812,16.368100617007983,1.23883233675058,IV_TAILWIND,13:26,50.65,50.75,50.8,0.10000000000000142,POSITION_SIGNAL,5,0.05000000000000071,0.05000000000000071,0.6000000000000085,0.5,0.10000000000000853,-0.8463418666666667,132.85,-4.1,0.5,32.5,0.997,,,12E-option-audit-v1,9d8fb5671d76d03c
NIF-2026-09-15-1327-75567d,NIFTY,2026-09-15,13:27,BUY_CE,CE,23300.0,NIFTY 23300 CE,STRONG,RANGE,0.0515,ATM,4.5,0.0193,23295.5,23281.65,-0.059453542529666864,0.04487858089203471,0.03907860382024935,0.0504643796639287,6.403013182674192,72.8,-0.016956064475974877,-0.059453542529666864,-0.11568757914619016,-0.08220471764933766,-1.648998822143705,-11.542991755005902,-25.441696113074215,-21.08362779740872,-1.4159292035398263,-11.268436578171105,-25.25073746312685,-20.825958702064902,,False,False,False,False,False,False,False,,UNDERLYING_WRONG_OPTION_LOSS,UNDERLYING_WRONG_OPTION_LOSS,UNDERLYING_WRONG_OPTION_LOSS,218.27,253.34,270.68,0.806,0.936,6.0635,42.45,42.3,42.5,42.375,0.15000000000000568,0.3539823008849691,0.49237,0.00364,-71.07675,2.75662,15.836271201277457,VALID,16.253016328556917,16.287450310394153,16.37682419347923,15.926390561965617,2.84902363303996,IV_TAILWIND,13:30,37.55,37.65,37.6,0.10000000000000142,SIGNAL_FLIP,3,0.07500000000000284,0.05000000000000071,-4.775000000000006,-4.9,0.12499999999999467,-0.5686140000000001,-0.7,-42.4,-4.9,-318.5,-11.543,SIGNAL_FLIP,The underlying never moved the expected way and 12C flipped to the other side.,12E-option-audit-v1,9d8fb5671d76d03c
NIF-2026-09-15-1338-289bc6,NIFTY,2026-09-15,13:38,BUY_PE,PE,23250.0,NIFTY 23250 PE,STRONG,RANGE,-0.0842,ATM,-21.95,0.0943,23271.95,23262.7,-0.03974742125176446,-0.0189033074343607,0.006875702342260357,0.015256743050657854,-3.508771929824561,86.1,-0.002148509256852133,-0.07820573694942078,-0.04382958883978664,-0.02556726015654351,-1.4513788098693758,18.722786647314933,8.998548621190114,4.644412191581986,-1.090909090909091,19.199999999999985,9.454545454545455,5.018181818181802,,True,True,True,False,True,True,True,,UNDERLYING_CORRECT_OPTION_PROFITABLE,UNDERLYING_CORRECT_OPTION_PROFITABLE,UNDERLYING_CORRECT_OPTION_PROFITABLE,,,282.46,,,-2.9256,34.45,34.3,34.45,34.375,0.15000000000000568,0.4363636363636529,-0.41722,0.00344,-67.85409,2.66255,16.61347314236692,VALID,16.229151503695494,16.272683989783364,16.171273701595716,16.566191083932335,-1.6264284625980236,IV_HEADWIND,13:44,37.2,37.35,37.2,0.14999999999999858,SIGNAL_FLIP,6,0.07500000000000284,0.07499999999999929,2.9000000000000057,2.75,0.15000000000000568,-1.08566544,101.25,-2.6,2.75,178.75,7.983,,,12E-option-audit-v1,9d8fb5671d76d03c
NIF-2026-09-15-1356-09092d,NIFTY,2026-09-15,13:56,BUY_PE,PE,23250.0,NIFTY 23250 PE,STRONG,RANGE,-0.0052,ATM,-15.25,0.0655,23265.25,23272.5,0.03116235587410408,-0.01224852910206912,-0.030937868595703192,-0.0259976881394648,4.902667627974053,85.2,0.02213601831057674,0.02299566950709124,0.034815873459337614,0.031592181472361335,-6.995884773662563,-3.4293552812071324,-2.880658436214003,-3.5665294924554303,-6.666666666666658,-3.0927835051546393,-2.5429553264604734,-3.2302405498281708,False,False,False,False,False,False,False,False,UNDERLYING_WRONG_OPTION_LOSS,UNDERLYING_WRONG_OPTION_LOSS,UNDERLYING_WRONG_OPTION_LOSS,UNDERLYING_WRONG_OPTION_LOSS,,,281.5,,,7.2576,36.45,36.3,36.45,36.375,0.15000000000000568,0.4123711340206342,-0.44012,0.00356,-69.73512,2.63567,16.576900281666592,VALID,16.479850898856398,17.09349407537419,17.61060320540326,17.766931198427535,2.6902837100900396,IV_TAILWIND,13:58,34.15,34.25,34.25,0.10000000000000142,POSITION_SIGNAL,2,0.07500000000000284,0.05000000000000071,-2.174999999999997,-2.3,0.12500000000000266,-0.37192063999999997,99.25,-2.55,-2.3,-149.5,-6.31,UNDERLYING_DID_NOT_CONTINUE,The underlying did not move down at any measured horizon (move to exit +0.03%).,12E-option-audit-v1,9d8fb5671d76d03c
NIF-2026-09-15-1400-525c3e,NIFTY,2026-09-15,14:00,BUY_PE,PE,23300.0,NIFTY 23300 PE,STRONG,RANGE,-0.0155,ITM,29.25,0.1257,23270.75,23208.6,-0.26707347206257404,0.0006445901695764407,0.001504056655659313,0.011388983200181602,-0.6514657980456003,70.4,0.011172824253616856,0.003008068068286272,-0.009668790219481537,-0.0552195352534772,-0.7364975450081879,1.8821603927986885,4.828150572831417,11.3747954173486,-0.45081967213115687,2.213114754098363,5.163934426229518,11.721311475409845,,,,True,False,True,True,True,,,,UNDERLYING_CORRECT_OPTION_PROFITABLE,,212.27,225.48,,0.941,2.9838,61.1,60.9,60.9,61.0,0.20000000000000284,0.32786885245902103,-0.59106,0.00336,-71.54377,2.58477,17.389279199466728,VALID,17.78784135755256,18.254332611671863,18.198647622372825,17.335046283117833,6.253432552408222,IV_TAILWIND,14:20,105.2,105.45,105.4,0.25,POSITION_SIGNAL,20,0.10000000000000142,0.125,44.325,44.1,0.22500000000000142,-3.815667733333333,121.9,-0.7,44.1,2866.5,72.177,,,12E-option-audit-v1,9d8fb5671d76d03c
NIF-2026-09-15-1422-50d58a,NIFTY,2026-09-15,14:22,BUY_CE,CE,23200.0,NIFTY 23200 CE,STRONG,RANGE,-0.0919,ATM,-12.65,0.0545,23212.65,23211.15,-0.00646199378356198,0.010986596352462552,0.05280081377907277,0.027578777269060946,6.611947104423164,27.8,0.008615991711415973,-0.00646199378356198,-0.020462980314612935,-0.02757117347653738,-0.7685738684884641,-0.3415883859948689,-2.134927412467976,-6.660973526900084,-0.4704875962361089,-0.042771599657836924,-1.8819503849444112,-6.41573994867408,,,False,False,False,False,False,False,,,UNDERLYING_WRONG_OPTION_LOSS,UNDERLYING_WRONG_OPTION_LOSS,,,214.99,,,2.5173,58.55,58.35,58.55,58.45,0.19999999999999574,0.3421727972626103,0.54134,0.00306,-94.3481,2.56487,20.068571818191476,VALID,19.060042730771485,20.073605724392127,20.80363472504677,19.915577625096137,0.02508352984086495,IV_NEUTRAL,14:25,58.35,58.5,58.5,0.14999999999999858,SIGNAL_FLIP,3,0.09999999999999787,0.07499999999999929,-0.025000000000005684,-0.2,0.17499999999999433,-0.7547848,6.15,-58.5,-0.2,-13.0,-0.342,SIGNAL_FLIP,The underlying never moved the expected way and 12C flipped to the other side.,12E-option-audit-v1,9d8fb5671d76d03c
NIF-2026-09-15-1429-4c87ee,NIFTY,2026-09-15,14:29,BUY_PE,PE,23200.0,NIFTY 23200 PE,MODERATE,RANGE,0.0155,ATM,-4.0,0.0172,23204.0,23212.5,0.036631615238751934,-0.02542018707534912,-0.023266435151281184,-0.030804160931282833,3.106682297772557,67.7,-0.004309601792794346,0.009696604033787278,0.028012411653163247,0.07520255128426447,2.9545454545454484,3.1818181818181785,-1.818181818181812,-11.477272727272721,3.183627060830014,3.4110289937464304,-1.6486640136441193,-11.313246162592385,,,False,False,True,True,False,False,,,UNDERLYING_WRONG_OPTION_LOSS,UNDERLYING_WRONG_OPTION_LOSS,,150.44,254.66,,0.591,5.485,44.0,43.95,43.95,43.975,0.04999999999999716,0.11370096645820843,-0.48262,0.00343,-80.05272,2.55316,18.117129826515214,VALID,18.60494351564604,19.327174840869034,19.74420743560059,19.678919236061564,4.9836143494480885,IV_TAILWIND,14:33,42.2,42.35,42.35,0.14999999999999858,SIGNAL_FLIP,4,0.02499999999999858,0.07499999999999929,-1.6999999999999957,-1.8,0.10000000000000431,-0.8538956799999999,45.95,-5.35,-1.8,-117.0,-4.091,SIGNAL_FLIP,The underlying never moved the expected way and 12C flipped to the other side.,12E-option-audit-v1,9d8fb5671d76d03c
NIF-2026-09-15-1436-76d3c4,NIFTY,2026-09-15,14:36,BUY_PE,PE,23200.0,NIFTY 23200 PE,MODERATE,RANGE,0.0041,ATM,-10.35,0.0446,23210.35,23221.45,0.047823492536744096,0.006247603290104613,-0.009262250942386453,0.017883151916288826,-3.0150753768844405,35.9,-0.006893476401685217,0.047823492536744096,0.045238438886100386,-0.03231317063292884,0.4597701149425352,-10.459770114942522,-8.620689655172415,3.4482758620689653,0.748416810592983,-10.189982728842827,-8.347725964306276,3.7996545768566627,,False,False,True,True,False,False,True,,UNDERLYING_WRONG_OPTION_LOSS,UNDERLYING_WRONG_OPTION_LOSS,UNDERLYING_CORRECT_OPTION_PROFITABLE,,,246.38,,,2.7981,43.5,43.35,43.45,43.425,0.14999999999999858,0.3454231433506012,-0.46096,0.00323,-86.46452,2.52164,19.381284455603197,VALID,19.220367668802684,19.678919236061564,19.924480446331476,18.932171102720638,1.5356813999617014,IV_TAILWIND,14:39,38.95,39.05,39.05,0.09999999999999432,SIGNAL_FLIP,3,0.07499999999999929,0.04999999999999716,-4.424999999999997,-4.55,0.12500000000000266,-0.6917161599999999,46.45,-4.85,-4.55,-295.75,-10.46,MOMENTUM_REVERSAL,"The underlying moved the right way first, then reversed (+0.05% by the exit).",12E-option-audit-v1,9d8fb5671d76d03c
NIF-2026-09-15-1501-697d46,NIFTY,2026-09-15,15:01,BUY_PE,PE,23200.0,NIFTY 23200 PE,STRONG,RANGE,-0.0578,ITM,28.6,0.1234,23171.4,23174.7,0.014241694502702783,-0.009062075215218006,-0.05240784953123149,-0.048743243884445175,7.344110854503468,100.0,0.03128857125594483,0.020499408753894888,-0.012083862002308493,0.0649507582623375,-4.8969072164948475,-11.769759450171822,-3.865979381443299,-22.766323024054984,-4.604130808950093,-11.488812392426857,-3.657487091222031,-22.504302925989663,False,False,,False,False,False,False,False,UNDERLYING_WRONG_OPTION_LOSS,UNDERLYING_WRONG_OPTION_LOSS,,UNDERLYING_WRONG_OPTION_LOSS,,346.48,237.13,,1.461,-6.5229,58.2,58.0,58.2,58.1,0.20000000000000284,0.3442340791738431,-0.59458,0.00354,-79.10116,2.37891,17.838113509813304,VALID,18.35227969168254,16.16783378964411,15.596331322644563,16.012885949723632,-4.537588680421299,IV_HEADWIND,15:03,54.45,54.6,54.45,0.14999999999999858,POSITION_SIGNAL,2,0.10000000000000142,0.07499999999999929,-3.5749999999999957,-3.75,0.17500000000000426,-0.4218728533333333,31.75,-13.4,-3.75,-243.75,-6.443,UNDERLYING_DID_NOT_CONTINUE,The underlying did not move down at any measured horizon (move to exit +0.01%).,12E-option-audit-v1,9d8fb5671d76d03c
NIF-2026-09-15-1506-c32af7,NIFTY,2026-09-15,15:06,BUY_PE,PE,23200.0,NIFTY 23200 PE,MODERATE,RANGE,-0.0608,ITM,31.4,0.1355,23168.6,23177.85,0.03992472570634393,-0.03861495283151467,-0.026321807833552032,-0.012083862002308493,-3.657487091222031,68.2,0.03992472570634393,0.01165370371969272,0.07704393014684609,0.016185699610679973,-12.32142857142857,-3.482142857142862,-19.73214285714285,-20.000000000000004,-12.148280482358203,-3.260384100044668,-19.562304600267968,-19.830281375614113,False,,False,,False,False,False,False,UNDERLYING_WRONG_OPTION_LOSS,,UNDERLYING_WRONG_OPTION_LOSS,,253.91,,260.99,0.973,,0.5458,56.0,55.95,56.0,55.975,0.04999999999999716,0.08932559178204048,-0.63056,0.00397,-66.99807,2.29948,15.596331322644563,VALID,15.679397555928935,15.718016543119406,16.012885949723632,12.468327140862009,0.532601107055008,IV_NEUTRAL,15:07,49.1,49.25,49.25,0.14999999999999858,STOP_LOSS,1,0.02499999999999858,0.07499999999999929,-6.800000000000004,-6.9,0.09999999999999609,-0.17866152,33.95,-11.2,-6.9,-448.5,-12.321,STOP_LOSS,Closed by the hard stop.,12E-option-audit-v1,9d8fb5671d76d03c
NIF-2026-09-15-1510-c32441,NIFTY,2026-09-15,15:10,BUY_PE,PE,23200.0,NIFTY 23200 PE,MODERATE,RANGE,-0.0106,ITM,28.95,0.1249,23171.05,23186.45,0.06646224491337879,-0.001078920906466189,-0.029338355369455206,-0.02804437915137709,4.192472606002864,61.6,0.06646224491337879,0.06646224491337879,0.005610449245930902,0.005610449245930902,-17.824497257769654,-15.356489945155403,0.09140767824496737,34.36928702010968,-17.649748513946033,-15.272062185642424,0.32007315957934024,34.613625971650656,False,False,,,False,False,True,True,UNDERLYING_WRONG_OPTION_LOSS,UNDERLYING_WRONG_OPTION_LOSS,,,,,258.02,,,1.7677,54.7,54.65,54.7,54.675,0.05000000000000426,0.09144947416553136,-0.60883,0.00389,-72.05981,2.32732,16.296332119343948,VALID,16.012885949723632,16.298407772718413,16.869178164810528,25.06403174812137,-1.739324944684096,IV_HEADWIND,15:11,44.95,45.1,44.95,0.14999999999999858,SIGNAL_FLIP,1,0.02500000000000213,0.07499999999999929,-9.649999999999991,-9.75,0.10000000000000853,-0.19215949333333332,35.25,-9.9,-9.75,-633.75,-17.824,SIGNAL_FLIP,The underlying never moved the expected way and 12C flipped to the other side.,12E-option-audit-v1,9d8fb5671d76d03c
NIF-2026-09-15-1513-5c78d8,NIFTY,2026-09-15,15:13,BUY_CE,CE,23200.0,NIFTY 23200 CE,MODERATE,RANGE,0.0507,ATM,13.55,0.0584,23186.45,23172.4,-0.060595735871594274,0.03257272778259224,0.06646224491337879,0.0552351485415516,21.316249271986038,100.0,-0.060595735871594274,-0.06081137905976198,-0.06081137905976198,-0.06081137905976198,-4.026845637583895,-12.943432406519657,-27.80441035474593,-86.48130393096837,-3.7926068170907503,-12.67402784445513,-27.556409025444083,-86.41382621219394,False,False,False,False,False,False,False,False,UNDERLYING_WRONG_OPTION_LOSS,UNDERLYING_WRONG_OPTION_LOSS,UNDERLYING_WRONG_OPTION_LOSS,UNDERLYING_WRONG_OPTION_LOSS,453.15,1421.01,207.09,2.188,6.862,-14.9632,52.15,52.0,52.15,52.075,0.14999999999999858,0.28804608737397713,0.4651,0.00271,-120.71713,2.4,24.30461111892584,VALID,24.463221733462458,24.033215728959213,20.801108399073534,7.188968742876134,0.6525947432794248,IV_NEUTRAL,15:14,50.05,50.15,50.2,0.10000000000000142,SIGNAL_FLIP,1,0.07499999999999929,0.05000000000000071,-1.9750000000000085,-2.1,0.12499999999999156,-0.3219123466666666,-2.1,-52.1,-2.1,-136.5,-4.027,SIGNAL_FLIP,The underlying never moved the expected way and 12C flipped to the other side.,12E-option-audit-v1,9d8fb5671d76d03c
NIF-2026-09-15-1519-2c1bf0,NIFTY,2026-09-15,15:19,BUY_PE,PE,23200.0,NIFTY 23200 PE,MODERATE,RANGE,0.0045,ITM,27.65,0.1193,23172.35,23172.35,0.0,0.0,0.0,-0.00021577393797323705,8.581706063720446,79.7,0.0,0.0,0.0,-0.2319574838115254,38.94139886578451,53.02457466918715,38.37429111531192,53.49716446124765,39.327969711310914,53.57311878845243,38.85470894462848,53.90440132513016,,,,True,True,True,True,True,,,,UNDERLYING_CORRECT_OPTION_PROFITABLE,,232.39,265.87,,0.874,38.8547,52.9,52.75,52.85,52.825,0.14999999999999858,0.2839564600094625,-0.60609,0.004,-72.137,2.3027,16.071901513533323,VALID,25.06403174812137,28.18132568877151,25.14058829231954,8.958723487488527,56.42572393285226,IV_TAILWIND,15:24,73.2,73.5,73.6,0.29999999999999716,POSITION_SIGNAL,5,0.07499999999999929,0.14999999999999858,20.52499999999999,20.3,0.22499999999999076,-0.9618266666666667,37.05,16.9,20.3,1319.5,38.374,,,12E-option-audit-v1,9d8fb5671d76d03c
SEN-2026-09-15-0923-679df4,SENSEX,2026-09-15,09:23,BUY_PE,PE,75100.0,SENSEX 75100 PE,STRONG,UNKNOWN,,ATM,-15.32,0.0204,75115.32,75024.61,-0.12076098457678992,-0.04726494075114732,-0.05223899860792883,-0.03794057343097199,2.7665012780033043,100.0,0.021087575743532087,-0.12137337629662338,-0.1105233925649309,-0.1628828846099648,-1.2273524254821708,12.682641729982477,14.026884862653418,19.900642898889544,-1.024140453547915,12.940746159473306,14.330651060716907,20.204828090709587,False,True,True,True,False,True,True,True,UNDERLYING_WRONG_OPTION_LOSS,UNDERLYING_CORRECT_OPTION_PROFITABLE,UNDERLYING_CORRECT_OPTION_PROFITABLE,UNDERLYING_CORRECT_OPTION_PROFITABLE,129.66,124.05,102.92,1.26,1.205,2.9554,342.2,341.3,341.3,341.75,0.8999999999999773,0.2633504023408858,-0.46826,0.00042,-65.29627,24.6772,15.145522052497048,VALID,15.033910276227683,15.267440909484788,15.499030409083764,15.465478585119927,2.512411630760076,IV_TAILWIND,09:42,394.0,395.0,394.9,1.0,SIGNAL_FLIP,19,0.44999999999998863,0.5,52.75,51.8,0.9500000000000028,-3.308344346666667,752.8,-4.2,51.8,1036.0,15.137,,,12E-option-audit-v1,9d8fb5671d76d03c
SEN-2026-09-15-0944-42f9c2,SENSEX,2026-09-15,09:44,BUY_CE,CE,75100.0,SENSEX 75100 CE,MODERATE,RANGE,0.049,ATM,49.07,0.0654,75050.93,74980.85,-0.09337659106954065,0.0484705837812388,0.058167671679943286,0.09754888747721083,5.7182923028981065,100.0,-0.09337659106954065,-0.10638109347878369,-0.17067076983589213,-0.21536042258235855,-8.773737671132036,-8.891505962019723,-14.058589724716622,-17.856617105844247,-8.56300663227707,-8.73249815770081,-13.839351510685349,-17.649226234340457,False,False,False,False,False,False,False,False,UNDERLYING_WRONG_OPTION_LOSS,UNDERLYING_WRONG_OPTION_LOSS,UNDERLYING_WRONG_OPTION_LOSS,UNDERLYING_WRONG_OPTION_LOSS,81.09,81.95,110.74,0.732,0.74,5.0605,339.65,338.85,339.65,339.25,0.7999999999999545,0.23581429624169625,0.50057,0.00047,-79.14963,24.65918,13.847560159452563,VALID,13.891464316310175,14.103431423964711,14.304210513059768,14.34721186447098,0.3170533751221362,IV_NEUTRAL,09:45,309.85,310.55,310.45,0.6999999999999886,SIGNAL_FLIP,1,0.39999999999997726,0.3499999999999943,-29.049999999999955,-29.8,0.7500000000000462,-0.21106568,-21.8,-278.4,-29.8,-596.0,-8.774,SIGNAL_FLIP,The underlying never moved the expected way and 12C flipped to the other side.,12E-option-audit-v1,9d8fb5671d76d03c
SEN-2026-09-15-0947-a37165,SENSEX,2026-09-15,09:47,BUY_PE,PE,75000.0,SENSEX 75000 PE,STRONG,RANGE,-0.0157,ATM,28.91,0.0386,74971.09,74810.54,-0.21414921405037984,-0.01089634653635986,-0.10638109347878369,-0.07133659208625552,6.306306306306306,100.0,-0.022115191335755884,-0.09865136014427943,-0.08758042600154739,-0.25855299689519856,1.5845070422535272,12.10725893824485,11.538461538461545,37.37811484290358,1.8169491525423853,12.393220338983047,11.83050847457627,37.70169491525423,True,True,True,True,True,True,True,True,UNDERLYING_CORRECT_OPTION_PROFITABLE,UNDERLYING_CORRECT_OPTION_PROFITABLE,UNDERLYING_CORRECT_OPTION_PROFITABLE,UNDERLYING_CORRECT_OPTION_PROFITABLE,135.08,145.82,99.27,1.361,1.469,3.1361,369.2,368.3,368.4,368.75,0.8999999999999773,0.2440677966101633,-0.48828,0.00042,-66.49333,24.61381,15.403905320312699,VALID,15.365026886492172,15.724581003459924,15.837976821793564,17.001328134766588,10.409633223361636,IV_TAILWIND,10:03,490.2,491.15,490.45,0.9499999999999886,POSITION_SIGNAL,16,0.44999999999998863,0.4749999999999943,121.92499999999995,121.0,0.9249999999999545,-2.8370487466666665,638.45,5.85,121.0,2420.0,32.774,,,12E-option-audit-v1,9d8fb5671d76d03c
SEN-2026-09-15-1009-984291,SENSEX,2026-09-15,10:09,BUY_PE,PE,74800.0,SENSEX 74800 PE,STRONG,RANGE,-0.0345,ATM,24.89,0.0333,74775.11,74806.26,0.04165824697548981,-0.030295020827497254,-0.03208594326857633,0.008372470621113955,-0.030513853289393388,99.3,-0.030638537342176416,0.04165824697548981,0.04394510419309391,0.02162484281199754,1.4765100671140967,-4.258694325808417,-5.161683953630257,-2.78218425869432,1.6238324888590525,-4.090104389231427,-5.072950369330317,-2.649410902875274,True,False,False,False,True,False,False,False,UNDERLYING_CORRECT_OPTION_PROFITABLE,UNDERLYING_WRONG_OPTION_LOSS,UNDERLYING_WRONG_OPTION_LOSS,UNDERLYING_WRONG_OPTION_LOSS,,,89.03,,,-1.1608,409.75,409.3,409.3,409.525,0.44999999999998863,0.10988340150173705,-0.48757,0.00038,-75.66986,24.47223,17.235417772270196,VALID,17.05903759688321,17.19142764322009,17.054213565034786,17.123320231456248,-0.2552309995112498,IV_NEUTRAL,10:12,392.3,393.25,393.1,0.9499999999999886,SIGNAL_FLIP,3,0.22499999999999432,0.4749999999999943,-16.75,-17.45,0.6999999999999993,-0.60535888,430.8,-29.5,-17.45,-349.0,-4.259,MOMENTUM_REVERSAL,"The underlying moved the right way first, then reversed (+0.04% by the exit).",12E-option-audit-v1,9d8fb5671d76d03c
SEN-2026-09-15-1016-9c00f8,SENSEX,2026-09-15,10:16,BUY_PE,PE,74800.0,SENSEX 74800 PE,STRONG,RANGE,-0.0182,ATM,14.51,0.0194,74785.49,74797.56,0.016139494439352385,-0.013155901578342535,-0.04078004704875262,0.027673450607775756,-4.245631306916072,23.6,-0.030981945829328995,0.00774214356286707,-0.060131985496118506,-0.038376428368673714,4.842646114322421,2.3378291586384132,6.358381502890173,3.994861913937062,4.9800796812749,2.4739750674720473,6.483742449556604,4.183266932270925,True,,True,True,True,True,True,True,UNDERLYING_CORRECT_OPTION_PROFITABLE,,UNDERLYING_CORRECT_OPTION_PROFITABLE,UNDERLYING_CORRECT_OPTION_PROFITABLE,107.83,,92.9,1.161,,0.8974,389.25,388.85,389.1,389.05,0.39999999999997726,0.10281454825857275,-0.48329,0.00039,-72.81135,24.44181,16.63029456266722,VALID,16.9743520684384,17.123320231456248,16.852462832342983,16.71722894475059,3.1936921712374,IV_TAILWIND,10:20,394.7,395.55,395.0,0.8500000000000227,SIGNAL_FLIP,4,0.19999999999998863,0.42500000000001137,6.074999999999989,5.45,0.6249999999999885,-0.7766544,451.3,3.85,5.45,109.0,1.4,,,12E-option-audit-v1,9d8fb5671d76d03c
SEN-2026-09-15-1021-c44baf,SENSEX,2026-09-15,10:21,BUY_PE,PE,74800.0,SENSEX 74800 PE,STRONG,RANGE,-0.0325,ATM,59.48,0.0796,74740.52,74771.66,0.041664146837618224,-0.07625917209063184,-0.06097388124961058,-0.060131985496118506,6.483742449556604,100.0,0.02519383060219777,0.041664146837618224,0.021768647047129885,-0.0031575910898139084,-2.6776022192739166,-4.1128934989747945,-2.3519478953081654,0.9407791581232607,-2.5164443908031995,-3.9949309033854212,-2.1604007000180876,1.1103735441433886,False,False,False,,False,False,False,True,UNDERLYING_WRONG_OPTION_LOSS,UNDERLYING_WRONG_OPTION_LOSS,UNDERLYING_WRONG_OPTION_LOSS,,,,90.1,,,-0.1991,414.55,414.0,414.55,414.275,0.5500000000000114,0.1327620541910594,-0.4994,0.00039,-73.67307,24.43246,16.852462832342983,VALID,16.740238220266466,16.711484339187884,16.71722894475059,16.93566073720317,-0.836545343892026,IV_NEUTRAL,10:24,397.5,397.95,397.4,0.44999999999998863,SIGNAL_FLIP,3,0.2750000000000057,0.22499999999999432,-16.549999999999955,-17.05,0.5000000000000462,-0.58938456,426.0,-18.65,-17.05,-341.0,-4.113,SIGNAL_FLIP,The underlying never moved the expected way and 12C flipped to the other side.,12E-option-audit-v1,9d8fb5671d76d03c
SEN-2026-09-15-1029-be2571,SENSEX,2026-09-15,10:29,BUY_PE,PE,74700.0,SENSEX 74700 PE,MODERATE,RANGE,-0.096,ATM,-19.48,0.0261,74719.48,74757.38,0.05072305107049559,-0.043490480989214216,-0.04990850998283591,-0.0697857985231404,6.483384113937488,100.0,-0.024143636973910414,-0.012593770727511677,0.0040953175798301485,0.03348524374099509,4.797979797979801,3.0967570441254746,0.9569377990430682,0.7044125465178188,5.037263774287999,3.347085440511043,1.224381155177009,0.964865584242762,True,,,False,True,True,True,True,UNDERLYING_CORRECT_OPTION_PROFITABLE,,,UNDERLYING_WRONG_OPTION_PROFITABLE,,,93.38,,,1.6068,376.2,375.2,376.15,375.7,1.0,0.2661698163428267,-0.46951,0.00039,-74.13279,24.32618,16.854465544981057,VALID,17.16495603298722,17.068380570447403,17.075038666383595,17.43046973161814,3.094269059004075,IV_TAILWIND,10:37,371.05,371.95,371.65,0.8999999999999773,SIGNAL_FLIP,8,0.5,0.44999999999998863,-4.199999999999989,-5.15,0.9500000000000117,-1.58149952,388.95,-7.0,-5.15,-103.0,-1.369,MOMENTUM_REVERSAL,"The underlying moved the right way first, then reversed (+0.05% by the exit).",12E-option-audit-v1,9d8fb5671d76d03c
SEN-2026-09-15-1041-e745a4,SENSEX,2026-09-15,10:41,BUY_PE,PE,74700.0,SENSEX 74700 PE,STRONG,RANGE,-0.017,ATM,-25.48,0.0341,74725.48,74647.83,-0.10391368513122189,-0.021728159319862106,-0.03566453080808588,-0.015133109142094104,0.9655806621124421,76.2,0.014827606326519076,-0.03986591989772913,-0.05181632824573514,-0.08978195924602493,0.09101547263033828,3.783643219347292,5.681965934208807,9.088545052658949,0.2797475766053075,3.9945351636198096,5.835664563138381,9.218658512783817,,True,True,True,True,True,True,True,,UNDERLYING_CORRECT_OPTION_PROFITABLE,UNDERLYING_CORRECT_OPTION_PROFITABLE,UNDERLYING_CORRECT_OPTION_PROFITABLE,112.62,102.68,91.16,1.235,1.126,1.1123,384.55,384.0,384.9,384.275,0.5500000000000114,0.1431266671003868,-0.46877,0.00038,-76.56872,24.28238,17.313676765863857,VALID,17.56197709096253,17.320989773797585,17.44669527229804,17.39938817337786,1.2435820251671248,IV_TAILWIND,11:00,426.85,427.75,428.1,0.8999999999999773,SIGNAL_FLIP,19,0.2750000000000057,0.44999999999998863,43.025000000000034,42.3,0.725000000000037,-3.8794818133333333,380.6,-15.35,42.3,846.0,11.0,,,12E-option-audit-v1,9d8fb5671d76d03c
SEN-2026-09-15-1103-9574e9,SENSEX,2026-09-15,11:03,BUY_CE,CE,74700.0,SENSEX 74700 CE,MODERATE,TRENDING_UP,0.13,ATM,-22.55,0.0302,74722.55,74679.16,-0.05806814676426248,0.03890566634387772,0.10009668064028274,0.14985778186893423,8.170515097690942,100.0,-0.030834065486266393,-0.05806814676426248,-0.10696904749638171,-0.07585394235074629,-1.3130252100840336,-1.7988445378151319,-5.580357142857142,-3.3482142857142856,-1.136288998357961,-1.6354679802955723,-5.425287356321833,-3.185550082101806,False,False,False,False,False,False,False,False,UNDERLYING_WRONG_OPTION_LOSS,UNDERLYING_WRONG_OPTION_LOSS,UNDERLYING_WRONG_OPTION_LOSS,UNDERLYING_WRONG_OPTION_LOSS,50.72,42.0,105.0,0.483,0.4,5.8062,380.8,380.45,380.45,380.625,0.35000000000002274,0.09195402298851171,0.53484,0.00046,-81.6591,24.18643,14.178577024292771,VALID,14.498413939658874,14.848962442309663,15.032271511294146,14.915774808113232,4.728157253497945,IV_TAILWIND,11:06,373.95,374.85,374.6,0.9000000000000341,SIGNAL_FLIP,3,0.17500000000001137,0.45000000000001705,-6.225000000000023,-6.85,0.6249999999999769,-0.6532728,8.7,-251.6,-6.85,-137.0,-1.799,SIGNAL_FLIP,The underlying never moved the expected way and 12C flipped to the other side.,12E-option-audit-v1,9d8fb5671d76d03c
SEN-2026-09-15-1116-d95f80,SENSEX,2026-09-15,11:16,BUY_CE,CE,74700.0,SENSEX 74700 CE,MODERATE,RANGE,0.0204,ATM,5.58,0.0075,74694.42,74636.44,-0.07762293354710556,0.005301881927078572,0.038237015118156276,0.05722575641278251,1.5700401005913074,96.5,-0.05144962635762219,-0.09280479050509052,-0.12555154722400796,-0.10832134448597833,-2.3538852480941586,-6.2324461682493,-7.195399224287824,-5.764343988230577,-2.154710920770881,-6.089400428265524,-6.999464668094227,-5.5942184154175525,False,False,False,False,False,False,False,False,UNDERLYING_WRONG_OPTION_LOSS,UNDERLYING_WRONG_OPTION_LOSS,UNDERLYING_WRONG_OPTION_LOSS,UNDERLYING_WRONG_OPTION_LOSS,55.75,51.64,104.46,0.534,0.494,6.1151,373.85,373.35,373.5,373.6,0.5,0.13383297644539613,0.52246,0.00045,-83.22302,24.18698,14.488268297144113,VALID,15.036148340952845,15.150142026011174,15.41489930499946,15.41052743836196,4.758610653102909,IV_TAILWIND,11:18,360.0,360.75,360.25,0.75,SIGNAL_FLIP,2,0.25,0.375,-13.225000000000023,-13.85,0.6249999999999769,-0.4438561066666667,15.65,-244.65,-13.85,-277.0,-3.705,SIGNAL_FLIP,The underlying never moved the expected way and 12C flipped to the other side.,12E-option-audit-v1,9d8fb5671d76d03c
SEN-2026-09-15-1121-86e5ee,SENSEX,2026-09-15,11:21,BUY_PE,PE,74600.0,SENSEX 74600 PE,MODERATE,RANGE,-0.0684,ATM,-0.64,0.0009,74600.64,74631.0,0.040696701797733346,-0.014595599366477833,-0.04796584617380319,-0.12555154722400796,5.424706447847267,61.0,0.030683382877143436,0.06444984922381597,0.017251862718597778,-0.003954389667430587,-1.613952882988413,-5.427567356501358,-2.1866458414681706,-1.340622152804888,-1.4785383964046144,-5.2563016999934895,-2.019149351918192,-1.1593825311014105,False,False,,,False,False,False,False,UNDERLYING_WRONG_OPTION_LOSS,UNDERLYING_WRONG_OPTION_LOSS,,,,,93.07,,,-0.4134,384.15,383.5,383.45,383.825,0.6499999999999773,0.1693480101608747,-0.47887,0.00039,-74.40039,24.14251,16.82058888435367,VALID,17.075486120526637,16.990143719837835,16.848758906050943,16.668678453165043,1.5994134522914654,IV_TAILWIND,11:23,373.1,373.45,374.15,0.3499999999999659,POSITION_SIGNAL,2,0.32499999999998863,0.17499999999998295,-10.550000000000011,-11.05,0.49999999999998934,-0.39680208,306.35,-59.65,-11.05,-221.0,-2.876,UNDERLYING_DID_NOT_CONTINUE,The underlying did not move down at any measured horizon (move to exit +0.04%).,12E-option-audit-v1,9d8fb5671d76d03c
SEN-2026-09-15-1124-1f535c,SENSEX,2026-09-15,11:24,BUY_CE,CE,74600.0,SENSEX 74600 CE,MODERATE,RANGE,-0.0187,ATM,-48.72,0.0653,74648.72,74596.92,-0.06939167878565489,0.023743484610954112,0.06444984922381597,0.03165154887564016,3.0359703260395268,63.0,-0.022840311260531876,-0.06939167878565489,-0.07523236835139771,-0.024407652267850223,-0.785498489425982,-4.2658610271903274,-5.703927492447136,-2.5015105740181327,-0.5384801548886655,-4.017424975798637,-5.4755566311713455,-2.2628267182962163,False,False,False,False,False,False,False,False,UNDERLYING_WRONG_OPTION_LOSS,UNDERLYING_WRONG_OPTION_LOSS,UNDERLYING_WRONG_OPTION_LOSS,UNDERLYING_WRONG_OPTION_LOSS,72.78,,98.51,0.739,,1.9357,413.75,412.65,413.7,413.2,1.1000000000000227,0.2662149080348555,0.54529,0.00044,-85.94344,24.02642,15.006447928768688,VALID,15.297048774466438,15.468772971887566,15.354076696794278,15.05262908822127,3.080842617209628,IV_TAILWIND,11:27,396.1,397.1,397.1,1.0,SIGNAL_FLIP,3,0.5500000000000114,0.5,-16.599999999999966,-17.65,1.0500000000000327,-0.68754752,30.65,-259.0,-17.65,-353.0,-4.266,SIGNAL_FLIP,The underlying never moved the expected way and 12C flipped to the other side.,12E-option-audit-v1,9d8fb5671d76d03c
SEN-2026-09-15-1134-5290d3,SENSEX,2026-09-15,11:34,BUY_CE,CE,74600.0,SENSEX 74600 CE,MODERATE,RANGE,-0.0244,ATM,-30.5,0.0409,74630.5,74663.41,0.044097252463809695,0.012034062023925436,0.043982595171509556,0.05086298150915095,3.398835050886522,58.7,-0.0028540610072351875,0.043789067472404734,0.08350473331949669,0.06784089614836382,-0.07420232500618633,3.920356171160021,6.925550333910463,5.577541429631464,0.1423795963847935,4.141389129627329,7.1499319054104244,5.794230531137793,,True,True,True,False,True,True,True,,UNDERLYING_CORRECT_OPTION_PROFITABLE,UNDERLYING_CORRECT_OPTION_PROFITABLE,UNDERLYING_CORRECT_OPTION_PROFITABLE,85.62,85.41,99.28,0.862,0.86,-1.1403,404.3,403.4,404.35,403.85,0.9000000000000341,0.2228550204283853,0.53723,0.00044,-86.25778,24.03643,15.05262908822127,VALID,15.127655826147585,15.012535877672262,14.812335935412166,14.882506014100011,-0.7427133756723457,IV_NEUTRAL,11:42,419.6,420.5,420.3,0.8999999999999773,SIGNAL_FLIP,8,0.45000000000001705,0.44999999999998863,16.19999999999999,15.3,0.8999999999999879,-1.840165973333333,40.1,-249.55,15.3,306.0,3.784,,,12E-option-audit-v1,9d8fb5671d76d03c
SEN-2026-09-15-1150-6ea58d,SENSEX,2026-09-15,11:50,BUY_PE,PE,74700.0,SENSEX 74700 PE,STRONG,RANGE,-0.0621,ATM,51.07,0.0684,74648.93,74650.24,0.0017548811483462975,-0.045070745403987054,-0.02484347938353204,-0.035567225605097764,2.5435159612049523,92.6,0.0011252673012340023,-0.03130654384462757,-0.045801058367464585,0.02217044504188193,-2.3898898898898926,1.1386386386386271,3.140640640640629,-1.7517517517517518,-2.1797682430316287,1.3842781083620364,3.3823989978077043,-1.5220795490134642,,True,True,False,False,True,True,False,,UNDERLYING_CORRECT_OPTION_PROFITABLE,UNDERLYING_CORRECT_OPTION_PROFITABLE,UNDERLYING_WRONG_OPTION_LOSS,,,93.18,,,-0.8855,399.6,398.65,398.45,399.125,0.9500000000000455,0.23802067021610912,-0.49822,0.0004,-72.87338,24.09138,16.493128808002407,VALID,16.155061975462626,16.314419689627464,16.35523894264438,16.661419760401127,-1.8869611828136734,IV_HEADWIND,11:58,390.0,390.9,390.9,0.8999999999999773,SIGNAL_FLIP,8,0.47500000000002274,0.44999999999998863,-8.675000000000011,-9.6,0.9249999999999883,-1.5546321066666666,365.55,-30.4,-9.6,-192.0,-2.402,IV_HEADWIND,The underlying moved as expected but IV fell -1.89% over the hold.,12E-option-audit-v1,9d8fb5671d76d03c
SEN-2026-09-15-1203-32019f,SENSEX,2026-09-15,12:03,BUY_CE,CE,74700.0,SENSEX 74700 CE,MODERATE,RANGE,0.1,ATM,-0.15,0.0002,74700.15,74700.02,-0.00017402910166861073,0.039279065101986546,0.04643377367961507,0.06685845886093458,4.893863900075083,100.0,0.0011780431498526532,-0.00017402910166861073,-0.011070928237747212,-0.0393038032721495,-2.262973078423719,-3.238392508778772,-1.7427493822343578,-6.320717908700744,-2.082248828735034,-3.064809994794372,-1.5486725663716785,-6.129619989588759,,,,False,False,False,False,False,,,,UNDERLYING_WRONG_OPTION_LOSS,,,101.97,,,-0.4197,384.45,383.95,384.6,384.2,0.5,0.1301405517959396,0.52448,0.00044,-85.96894,24.01756,14.929365543883904,VALID,14.601773861735309,14.435008862098927,14.896137634371357,14.594628131316787,-3.3113040224773598,IV_HEADWIND,12:06,372.0,372.85,371.95,0.8500000000000227,SIGNAL_FLIP,3,0.25,0.42500000000001137,-11.774999999999977,-12.45,0.675000000000022,-0.6877515200000001,5.05,-255.25,-12.45,-249.0,-3.238,SIGNAL_FLIP,The underlying never moved the expected way and 12C flipped to the other side.,12E-option-audit-v1,9d8fb5671d76d03c
SEN-2026-09-15-1208-9ac319,SENSEX,2026-09-15,12:08,BUY_PE,PE,74700.0,SENSEX 74700 PE,MODERATE,RANGE,0.0558,ATM,8.12,0.0109,74691.88,74668.07,-0.03187762846509911,0.005315451992164681,-0.02796041426385264,-0.011070928237747212,1.5025489669975913,37.0,0.009104068608245445,0.0070958181799525705,-0.02823600102181262,-0.04979122228547779,0.33003300330033003,-0.9636963696369577,3.643564356435647,4.937293729372935,0.5352894528152199,-0.7203277821834432,3.905630452022214,5.161247687020877,,,True,True,True,False,True,True,,,UNDERLYING_CORRECT_OPTION_PROFITABLE,UNDERLYING_CORRECT_OPTION_PROFITABLE,,,95.11,,,1.2201,378.75,377.85,377.45,378.3,0.8999999999999773,0.23790642347342777,-0.48171,0.0004,-73.43386,24.01661,16.5019977870232,VALID,16.799641791421728,16.54981511494266,16.781107282717894,16.7282199209043,-0.03852001270562506,IV_NEUTRAL,12:29,387.0,387.1,387.0,0.10000000000002274,SIGNAL_FLIP,21,0.44999999999998863,0.05000000000001137,8.75,8.25,0.5,-4.11229616,386.4,-4.05,8.25,165.0,2.178,,,12E-option-audit-v1,9d8fb5671d76d03c
SEN-2026-09-15-1231-d05b7e,SENSEX,2026-09-15,12:31,BUY_PE,PE,74600.0,SENSEX 74600 PE,STRONG,RANGE,0.0033,ATM,-41.61,0.0557,74641.61,74642.6,0.0013263379501128642,-0.02258283621402981,-0.012792835369206468,-0.015659053250160846,3.8806398393228707,100.0,-0.04485433794902859,-0.028268414896203096,0.01402702862384823,0.0013263379501128642,0.5520287054926856,-1.6836875517526975,-6.086116478056862,-2.8705492685619745,0.6905123601712471,-1.5053169451733155,-5.91769092666759,-2.6860930810661574,True,True,,,True,False,False,False,UNDERLYING_CORRECT_OPTION_PROFITABLE,UNDERLYING_CORRECT_OPTION_LOSS,,,,,95.33,,,-4.5805,362.3,361.8,361.7,362.05,0.5,0.1381024720342494,-0.4624,0.00039,-75.81996,23.83854,16.905633541758856,VALID,16.389877437946932,16.295384273900503,16.26105829175159,16.590539778851106,-1.8638388329513509,IV_HEADWIND,12:41,351.9,352.75,352.75,0.8500000000000227,POSITION_SIGNAL,10,0.25,0.42500000000001137,-9.725000000000023,-10.4,0.6749999999999776,-2.0218656,328.2,-33.8,-10.4,-208.0,-2.871,IV_HEADWIND,The underlying moved as expected but IV fell -1.86% over the hold.,12E-option-audit-v1,9d8fb5671d76d03c
SEN-2026-09-15-1244-d0fc0a,SENSEX,2026-09-15,12:44,BUY_PE,PE,74600.0,SENSEX 74600 PE,MODERATE,RANGE,0.0306,ATM,-43.32,0.058,74643.32,74648.99,0.0075961251455565655,0.0022507544046561235,0.000964596624449261,0.012648411150542258,-0.5091365601897024,72.7,-0.030036177383338258,-0.031121338118414985,0.0075961251455565655,0.007020052162726265,2.2131951253677085,1.7929682028295375,-4.272307045804735,-3.459868328897595,2.4255169996494854,1.955835962145117,-4.086926042762018,-3.2527164388363192,True,True,,,True,True,False,False,UNDERLYING_CORRECT_OPTION_PROFITABLE,UNDERLYING_CORRECT_OPTION_PROFITABLE,,,,,96.54,,,-3.3536,356.95,356.3,356.95,356.625,0.6499999999999773,0.18226428321064908,-0.46125,0.00039,-75.35179,23.78703,16.78001542967459,VALID,16.721046075680007,16.635934078763782,16.26219863523621,16.513562577930728,-3.0859136966146603,IV_HEADWIND,12:49,341.7,342.4,341.6,0.6999999999999886,POSITION_SIGNAL,5,0.32499999999998863,0.3499999999999943,-14.575000000000045,-15.25,0.6749999999999545,-1.0046905333333334,333.55,-28.45,-15.25,-305.0,-4.272,IV_HEADWIND,The underlying moved as expected but IV fell -3.09% over the hold.,12E-option-audit-v1,9d8fb5671d76d03c
SEN-2026-09-15-1251-886d13,SENSEX,2026-09-15,12:51,BUY_CE,CE,74700.0,SENSEX 74700 CE,MODERATE,RANGE,0.0325,ATM,33.12,0.0444,74666.88,74648.0,-0.025285642041028972,-0.0024374336234492273,0.046186368629930565,0.06836347281082338,7.692877788482915,83.0,-0.0017812449107311651,-0.024535644183883116,-0.03049544858443807,-0.10230774340644663,-1.2510310695628297,-3.4231509485839946,-4.811657959857025,-10.80560901842178,-0.9978666299635264,-3.234464248847292,-4.597068336659552,-10.584268116440711,,False,False,False,False,False,False,False,,UNDERLYING_WRONG_OPTION_LOSS,UNDERLYING_WRONG_OPTION_LOSS,UNDERLYING_WRONG_OPTION_LOSS,,103.46,104.63,,0.989,-1.4064,363.7,362.85,362.85,363.275,0.8499999999999659,0.2339825201293692,0.50905,0.00045,-86.02913,23.87668,14.880821296568852,VALID,14.733366879252813,14.777339919741328,14.567009270502155,14.894768678598458,-1.2525998306223363,IV_HEADWIND,12:53,347.7,348.45,348.75,0.75,SIGNAL_FLIP,2,0.42499999999998295,0.375,-15.199999999999989,-16.0,0.8000000000000114,-0.4588220266666666,-4.55,-234.5,-16.0,-320.0,-4.399,SIGNAL_FLIP,The underlying never moved the expected way and 12C flipped to the other side.,12E-option-audit-v1,9d8fb5671d76d03c
SEN-2026-09-15-1257-c58a2a,SENSEX,2026-09-15,12:57,BUY_PE,PE,74600.0,SENSEX 74600 PE,STRONG,RANGE,0.0287,ATM,-41.47,0.0556,74641.47,74595.13,-0.06208345039292033,-0.003536782741464019,-0.009497838940224042,-0.032250482317483425,2.920672194907166,62.7,-0.023699961964846524,-0.07221186828179318,-0.09469266883410464,-0.08381399776826164,1.666429283577828,6.352371457057402,8.374875373878359,6.722689075630242,1.882352941176477,6.56684491978609,8.606060606060593,6.9875222816399285,True,True,True,True,True,True,True,True,UNDERLYING_CORRECT_OPTION_PROFITABLE,UNDERLYING_CORRECT_OPTION_PROFITABLE,UNDERLYING_CORRECT_OPTION_PROFITABLE,UNDERLYING_CORRECT_OPTION_PROFITABLE,90.88,83.37,98.21,0.925,0.849,-0.6939,351.05,350.2,351.05,350.625,0.8500000000000227,0.24242424242424893,-0.46135,0.0004,-74.25765,23.74138,16.53183732726994,VALID,16.47236344901359,16.394132905242138,16.388710834685973,16.299110266089105,0.0005800032272648899,IV_NEUTRAL,13:06,372.45,373.25,372.4,0.8000000000000114,SIGNAL_FLIP,9,0.42500000000001137,0.4000000000000057,22.225000000000023,21.4,0.8250000000000242,-1.7821836,339.45,5.85,21.4,428.0,6.096,,,12E-option-audit-v1,9d8fb5671d76d03c
SEN-2026-09-15-1308-73f8a4,SENSEX,2026-09-15,13:08,BUY_PE,PE,74600.0,SENSEX 74600 PE,MODERATE,RANGE,-0.0747,ATM,31.95,0.0428,74568.05,74550.13,-0.024031740135350532,-0.014561757472723296,-0.022377231589199516,0.01914054525471958,-3.998483987113873,58.9,0.013209410732869197,-0.02766600440806036,-0.031085699572414145,-0.053923899042560994,-1.0386536944517455,6.849855377333687,2.5637654483302654,6.560610044701548,-0.8158968285300756,7.099618370838258,2.7766811422555477,6.790367153572825,,True,True,True,False,True,True,True,,UNDERLYING_CORRECT_OPTION_PROFITABLE,UNDERLYING_CORRECT_OPTION_PROFITABLE,UNDERLYING_CORRECT_OPTION_PROFITABLE,,125.93,96.35,,1.307,-0.2184,380.3,379.6,380.45,379.95000000000005,0.6999999999999886,0.1842347677325934,-0.49094,0.00041,-73.01353,23.78494,16.32196322448309,VALID,16.353345132440147,16.97546880988193,16.295973692981004,16.5687104510829,2.653395019401189,IV_TAILWIND,13:20,398.15,399.25,398.7,1.1000000000000227,SIGNAL_FLIP,12,0.3499999999999943,0.5500000000000114,18.749999999999943,17.85,0.8999999999999417,-2.3364329600000002,310.2,-3.95,17.85,357.0,4.694,,,12E-option-audit-v1,9d8fb5671d76d03c
SEN-2026-09-15-1321-7a39e4,SENSEX,2026-09-15,13:21,BUY_PE,PE,74500.0,SENSEX 74500 PE,MODERATE,RANGE,-0.0521,ATM,-8.6,0.0115,74508.6,74536.21,0.03705612506475841,-0.055707481663678976,-0.025815856195470964,-0.020530326512687016,2.546955036994891,69.7,-0.013501797108001255,0.004898763364221284,-0.0028587304015974756,-0.05610090647254533,-0.2356528971444319,-0.5683393401718911,-1.5802606043803684,5.184363737177708,-0.006937699458853132,-0.353822672401841,-1.4361037879839076,5.4183432773692175,,,,True,False,False,False,True,,,,UNDERLYING_CORRECT_OPTION_PROFITABLE,,96.58,98.17,,0.984,-1.7167,360.7,360.0,360.7,360.35,0.6999999999999886,0.1942555848480612,-0.47479,0.00041,-73.41745,23.67844,16.343932244104572,VALID,16.16908929498575,16.38055544073773,16.107025552565077,16.36383529553973,-0.5183265567714128,IV_NEUTRAL,13:27,345.1,345.95,345.0,0.8499999999999659,POSITION_SIGNAL,6,0.3499999999999943,0.42499999999998295,-14.825000000000045,-15.6,0.7749999999999542,-1.1746792000000001,260.15,-15.6,-15.6,-312.0,-4.325,MOMENTUM_REVERSAL,"The underlying moved the right way first, then reversed (+0.04% by the exit).",12E-option-audit-v1,9d8fb5671d76d03c
SEN-2026-09-15-1330-c0af1c,SENSEX,2026-09-15,13:30,BUY_PE,PE,74500.0,SENSEX 74500 PE,STRONG,RANGE,-0.0763,ATM,6.76,0.0091,74493.24,74453.24,-0.053696147462508,-0.037170760325885704,-0.05764983220907148,-0.023365787306900344,1.1088011088011087,76.4,-0.03549315347272091,-0.05362902727819549,-0.053696147462508,-0.058918097803236126,3.9025058195262226,8.859372860468309,5.3402711214569365,9.160618923729986,4.146675805346128,9.05414667580534,5.592871830020556,9.314599040438663,True,True,True,True,True,True,True,True,UNDERLYING_CORRECT_OPTION_PROFITABLE,UNDERLYING_CORRECT_OPTION_PROFITABLE,UNDERLYING_CORRECT_OPTION_PROFITABLE,UNDERLYING_CORRECT_OPTION_PROFITABLE,104.16,158.09,98.09,1.062,1.612,0.3256,365.15,364.35,364.45,364.75,0.7999999999999545,0.21932830705961742,-0.48031,0.00041,-72.97428,23.66077,16.247286735123254,VALID,16.36383529553973,16.878356990609166,16.251834746045386,16.77279475309301,0.027992433421516794,IV_NEUTRAL,13:35,384.65,385.65,384.25,1.0,POSITION_SIGNAL,5,0.39999999999997726,0.5,20.399999999999977,19.5,0.8999999999999773,-0.9729903999999999,255.7,14.25,19.5,390.0,5.34,,,12E-option-audit-v1,9d8fb5671d76d03c
SEN-2026-09-15-1337-6e28d3,SENSEX,2026-09-15,13:37,BUY_CE,CE,74500.0,SENSEX 74500 CE,STRONG,RANGE,-0.0699,ATM,15.87,0.0213,74484.13,74473.09,-0.014821949319953322,0.020505215200023304,0.036423702751439926,0.04659538070400842,1.1945151258128424,20.2,-0.014821949319953322,-0.04669451062930967,-0.07204219207501449,-0.054790194904602726,-1.409236779684669,-4.562578484721646,-7.353146365285341,-5.49741872471049,-1.173430187888521,-4.379409094083959,-7.194244604316546,-5.280435845498368,,False,False,False,False,False,False,False,,UNDERLYING_WRONG_OPTION_LOSS,UNDERLYING_WRONG_OPTION_LOSS,UNDERLYING_WRONG_OPTION_LOSS,99.86,96.38,107.56,0.928,0.896,0.555,358.35,357.5,357.65,357.925,0.8500000000000227,0.23747991897744575,0.51689,0.00047,-84.23077,23.64036,14.446130010310497,VALID,14.53860120252747,14.545147360602565,14.530141661960586,14.568477293056366,0.6401104804606783,IV_NEUTRAL,13:38,353.3,354.15,354.1,0.8499999999999659,SIGNAL_FLIP,1,0.42500000000001137,0.42499999999998295,-4.199999999999989,-5.05,0.8500000000000112,-0.22461538666666667,3.55,-175.05,-5.05,-101.0,-1.409,SIGNAL_FLIP,The underlying never moved the expected way and 12C flipped to the other side.,12E-option-audit-v1,9d8fb5671d76d03c
SEN-2026-09-15-1356-0b62d6,SENSEX,2026-09-15,13:56,BUY_PE,PE,74400.0,SENSEX 74400 PE,STRONG,RANGE,-0.0074,ATM,-33.84,0.0455,74433.84,74451.92,0.02429002722417888,-0.024512407912256055,-0.04381837892947612,-0.04407341486781733,3.5446939674152493,55.3,0.016578480970478628,0.03318383144010452,0.04045203095796292,0.019399778380374207,-4.418637586744094,-3.3989519898031437,-3.6113864891658403,-1.940235094179301,-4.195903324119375,-3.2178042384293772,-3.4516974980508923,-1.750655609894413,,False,False,,False,False,False,False,,UNDERLYING_WRONG_OPTION_LOSS,UNDERLYING_WRONG_OPTION_LOSS,,,,98.03,,,0.514,353.05,352.4,352.05,352.725,0.6500000000000341,0.18427953788363005,-0.46456,0.00041,-75.11709,23.48503,16.59613252386726,VALID,16.228296134736713,16.583791326579945,16.742494555136012,16.716445133730122,-1.5328060265844268,IV_HEADWIND,13:58,337.25,338.05,337.65,0.8000000000000114,POSITION_SIGNAL,2,0.32500000000001705,0.4000000000000057,-15.075000000000045,-15.8,0.7249999999999552,-0.40062448,202.8,-15.8,-15.8,-316.0,-4.475,UNDERLYING_DID_NOT_CONTINUE,The underlying did not move down at any measured horizon (move to exit +0.02%).,12E-option-audit-v1,9d8fb5671d76d03c
SEN-2026-09-15-1403-ca0c4f,SENSEX,2026-09-15,14:03,BUY_PE,PE,74500.0,SENSEX 74500 PE,STRONG,RANGE,-0.0087,ATM,40.04,0.0538,74459.96,74256.59,-0.2731266576023004,0.011148173190500937,0.0010341235245831637,0.010798915595471748,2.8074952992284223,59.3,0.005170564152856473,-0.015686282936503815,-0.02653775263914903,-0.15954883671707976,-1.4489101675696106,-0.6551593801184383,3.3891898702280425,17.865692327075713,-1.223511604439951,-0.447780020181629,3.6390010090817526,18.144550958627654,,,True,True,False,False,True,True,,,UNDERLYING_CORRECT_OPTION_PROFITABLE,UNDERLYING_CORRECT_OPTION_PROFITABLE,,113.72,92.91,,1.224,1.1735,396.85,395.95,396.3,396.4,0.9000000000000341,0.22704339051464031,-0.4946,0.0004,-76.82869,23.55929,16.964988385410603,VALID,16.854645868879455,16.636111324226142,17.14407433068968,17.43177433738668,3.1982990883069045,IV_TAILWIND,14:22,515.55,516.9,515.85,1.3500000000000227,POSITION_SIGNAL,19,0.45000000000001705,0.6750000000000114,119.82499999999993,118.7,1.124999999999929,-3.8926536266666663,224.0,-5.75,118.7,2374.0,29.911,,,12E-option-audit-v1,9d8fb5671d76d03c
SEN-2026-09-15-1423-5f2330,SENSEX,2026-09-15,14:23,BUY_CE,CE,74300.0,SENSEX 74300 CE,STRONG,RANGE,-0.0818,ATM,19.65,0.0265,74280.35,74254.51,-0.034787127416619684,0.031997160117383946,0.05672278868680154,0.027228608406693017,1.6374687164819515,34.0,-0.01439142384224405,-0.034787127416619684,-0.032861988399359304,-0.025174894840979664,-1.9814502529510991,-3.021360314783586,-3.0494659921304166,-0.9134345137717819,-1.7658646404952956,-2.856338820880815,-2.7930209652455513,-0.5768960180104155,,False,False,False,False,False,False,False,,UNDERLYING_WRONG_OPTION_LOSS,UNDERLYING_WRONG_OPTION_LOSS,UNDERLYING_WRONG_OPTION_LOSS,,,107.58,,,0.7422,355.8,354.9,355.85,355.35,0.9000000000000341,0.2532714225411662,0.51464,0.00046,-85.3508,23.41759,14.615101490849042,VALID,14.609240790701353,14.72997904514168,14.680843180743663,14.903829696169336,0.7860195453624914,IV_NEUTRAL,14:26,345.05,345.35,345.35,0.30000000000001137,SIGNAL_FLIP,3,0.45000000000001705,0.15000000000000568,-10.149999999999977,-10.75,0.6000000000000227,-0.6828064,9.1,-100.95,-10.75,-215.0,-3.021,SIGNAL_FLIP,The underlying never moved the expected way and 12C flipped to the other side.,12E-option-audit-v1,9d8fb5671d76d03c
SEN-2026-09-15-1439-fd2ebe,SENSEX,2026-09-15,14:39,BUY_CE,CE,74300.0,SENSEX 74300 CE,STRONG,RANGE,0.0844,ATM,9.27,0.0125,74290.73,74293.36,0.0035401455874840065,0.0409370655907322,0.037690502666600616,0.028921794686220647,1.9822859552931444,100.0,-0.022479251448999208,0.002072936959978922,0.0035401455874840065,-0.2293825891870883,-1.9140732580556443,0.4957312035251871,0.2340952905535571,-18.218121729551097,-1.702508960573495,0.7168458781361755,0.44802867383510975,-18.065894678797928,False,,,False,False,True,True,False,UNDERLYING_WRONG_OPTION_LOSS,,,UNDERLYING_WRONG_OPTION_LOSS,,78.76,106.38,,0.74,0.0714,363.1,362.3,363.45,362.70000000000005,0.8000000000000114,0.2205679625034495,0.51938,0.00046,-86.27359,23.35201,14.745640058504947,VALID,14.806390614030265,14.73362724676143,14.725595031396715,15.414339289585117,-0.13593867087966954,IV_NEUTRAL,14:44,363.95,364.7,364.05,0.75,SIGNAL_FLIP,5,0.4000000000000057,0.375,1.6249999999999432,0.85,0.7749999999999432,-1.1503145333333333,1.8,-108.25,0.85,17.0,0.234,,,12E-option-audit-v1,9d8fb5671d76d03c
SEN-2026-09-15-1451-e1fd6d,SENSEX,2026-09-15,14:51,BUY_CE,CE,74200.0,SENSEX 74200 CE,MODERATE,REVERSING,-0.1255,ATM,2.67,0.0036,74197.33,74185.43,-0.01603831296895553,0.08804557704184138,0.10986846277250573,-0.06654837640009985,-9.135094715852437,30.5,0.009447779320353927,-0.01603831296895553,-0.021510207981886142,-0.058425282958302974,-0.9724695247226437,-0.13696753869332967,-2.205177372962611,-4.917134639090532,-0.7200658345905911,0.12343985735838393,-2.0161843368536614,-4.676999039912223,,,False,False,False,False,False,False,,,UNDERLYING_WRONG_OPTION_LOSS,UNDERLYING_WRONG_OPTION_LOSS,,80.05,106.38,,0.752,0.2721,365.05,364.05,365.1,364.55,1.0,0.274310794129749,0.52269,0.00046,-86.14245,23.26982,14.70750095418081,VALID,14.449541749518099,14.93935053893949,14.68222968462265,14.916958735025327,1.5764036696715138,IV_TAILWIND,14:54,364.55,365.45,365.2,0.8999999999999773,SIGNAL_FLIP,3,0.5,0.44999999999998863,0.44999999999998863,-0.5,0.9499999999999886,-0.6891396,6.8,-65.65,-0.5,-10.0,-0.137,SIGNAL_FLIP,The underlying never moved the expected way and 12C flipped to the other side.,12E-option-audit-v1,9d8fb5671d76d03c
SEN-2026-09-15-1501-61fd06,SENSEX,2026-09-15,15:01,BUY_PE,PE,74100.0,SENSEX 74100 PE,MODERATE,RANGE,-0.0584,ATM,-53.98,0.0728,74153.98,74167.61,0.01838067221746514,-0.006998460203913188,-0.045223233608131866,-0.03692301719420849,1.6998478735365974,99.3,0.0455403742321101,0.01838067221746514,-0.015670096197122993,0.015238561706334457,-3.793193037152499,-3.0267601974538785,-1.558846453624318,-4.910366328916596,-3.577003121748179,-2.7900624349635708,-1.3202393340270524,-4.676118626430792,False,,,,False,False,False,False,UNDERLYING_WRONG_OPTION_LOSS,,,,,,88.85,,,-2.7125,384.9,383.9,384.1,384.4,1.0,0.2601456815816858,-0.46057,0.00037,-85.85971,23.14411,18.58355206823015,VALID,18.601699322204514,18.473199861019744,18.186195054329822,17.972479413144434,-0.5938165470478722,IV_NEUTRAL,15:04,373.25,374.1,374.9,0.8500000000000227,POSITION_SIGNAL,3,0.5,0.42500000000001137,-10.724999999999966,-11.65,0.9250000000000345,-0.68687768,-3.35,-36.5,-11.65,-233.0,-3.027,UNDERLYING_DID_NOT_CONTINUE,The underlying did not move down at any measured horizon (move to exit +0.02%).,12E-option-audit-v1,9d8fb5671d76d03c
SEN-2026-09-15-1510-bb10fe,SENSEX,2026-09-15,15:10,BUY_PE,PE,74100.0,SENSEX 74100 PE,MODERATE,RANGE,-0.0031,ATM,-56.84,0.0766,74156.84,74182.48,0.034575367558811056,0.018207973905680536,-0.02335044980624922,-0.021342092714205577,-0.22745517795021833,42.0,0.011381283236991124,0.02142755813219579,0.020200429252393275,0.020200429252393275,-1.8635205791661051,-3.418688832283148,0.4424185547660636,-2.8019841801850083,-1.7232130883733436,-3.3458495373474646,0.616870054981884,-2.58817218720666,,False,False,False,False,False,True,False,,UNDERLYING_WRONG_OPTION_LOSS,UNDERLYING_WRONG_OPTION_PROFITABLE,UNDERLYING_WRONG_OPTION_LOSS,,,91.19,,,2.459,372.95,372.75,371.95,372.85,0.19999999999998863,0.05364087434624879,-0.4585,0.00038,-83.7536,23.10083,18.1477971297502,VALID,17.972479413144434,17.959670337271163,18.5779505721633,18.09820635913502,0.7342843643631654,IV_NEUTRAL,15:12,362.1,362.85,362.1,0.75,SIGNAL_FLIP,2,0.09999999999999432,0.375,-10.375,-10.85,0.47499999999999964,-0.4466858666666667,8.6,-24.55,-10.85,-217.0,-2.909,SIGNAL_FLIP,The underlying never moved the expected way and 12C flipped to the other side.,12E-option-audit-v1,9d8fb5671d76d03c
NIF-2026-09-16-0920-101101,NIFTY,2026-09-16,09:20,BUY_PE,PE,23300.0,NIFTY 23300 PE,STRONG,UNKNOWN,,ITM,63.35,0.2726,23236.65,23252.4,0.067780854813409,-0.031190979138612712,-0.14739406857046777,0.10403877221325343,-11.048859934853414,33.2,0.013556170962672403,0.067780854813409,-0.030340001678395595,-0.18892568421007955,0.5266237565828003,-1.375073142188411,4.0667056758338145,17.027501462843762,0.7909770030760183,-1.1864655046140358,4.33572579463892,17.298960011718165,,False,True,True,True,False,True,True,,UNDERLYING_WRONG_OPTION_LOSS,UNDERLYING_CORRECT_OPTION_PROFITABLE,UNDERLYING_CORRECT_OPTION_PROFITABLE,,91.56,70.42,,1.3,2.1991,170.9,170.45,170.5,170.675,0.45000000000001705,0.26365900102535056,-0.51725,0.00099,-8.95627,12.35286,12.925836640781215,VALID,13.12356807804246,13.389782852524556,13.222689213324804,13.463014486718567,3.5892934796930946,IV_TAILWIND,09:23,168.55,168.75,168.9,0.19999999999998863,SIGNAL_FLIP,3,0.22500000000000853,0.09999999999999432,-2.0250000000000057,-2.35,0.3249999999999944,-0.07165016,63.2,-22.95,-2.35,-152.75,-1.375,MOMENTUM_REVERSAL,"The underlying moved the right way first, then reversed (+0.07% by the exit).",12E-option-audit-v1,9d8fb5671d76d03c
NIF-2026-09-16-0924-0442a0,NIFTY,2026-09-16,09:24,BUY_PE,PE,23250.0,NIFTY 23250 PE,STRONG,UNKNOWN,,ATM,16.35,0.0704,23233.65,23125.65,-0.4648430186389138,-0.0806368374877432,-0.0264632225750558,-0.04409759119596969,4.696507290606994,56.7,-0.017431613198971796,-0.04540827635779531,-0.16291026162485095,-0.12245170259516144,-0.16175994823681655,3.558718861209964,12.779035910708508,9.479132966677435,0.016194331983809353,3.8056680161943324,13.052631578947372,9.74898785425102,,True,True,True,False,True,True,True,,UNDERLYING_CORRECT_OPTION_PROFITABLE,UNDERLYING_CORRECT_OPTION_PROFITABLE,UNDERLYING_CORRECT_OPTION_PROFITABLE,80.12,79.61,71.15,1.126,1.119,1.4619,154.55,154.2,154.5,154.375,0.35000000000002274,0.2267206477732941,-0.47274,0.00095,-9.76132,12.33062,13.487558988323265,VALID,13.357349275583537,13.526575301517862,13.611467050534335,13.571136556429847,-5.559569106863449,IV_HEADWIND,09:48,202.7,202.9,202.2,0.20000000000001705,SIGNAL_FLIP,24,0.17500000000001137,0.10000000000000853,48.42500000000001,48.15,0.2750000000000128,-0.62472448,51.95,-24.45,48.15,3129.75,31.155,,,12E-option-audit-v1,9d8fb5671d76d03c
NIF-2026-09-16-0950-ad0dd9,NIFTY,2026-09-16,09:50,BUY_CE,CE,23200.0,NIFTY 23200 CE,MODERATE,RANGE,0.0516,NEAR_ATM,33.75,0.1457,23166.25,23209.0,0.1845356930880052,0.10976260595441159,0.18141089676228353,0.21131269087353483,12.133484529402251,100.0,-0.01640317271893065,0.04769869961689644,0.24151513516430467,0.20914045216640903,-0.6349206349206317,3.9538239538239504,17.056277056277064,15.757575757575765,-0.4189540595203829,4.175093903496079,17.33603004911875,16.035827795434844,,True,True,True,False,True,True,True,,UNDERLYING_CORRECT_OPTION_PROFITABLE,UNDERLYING_CORRECT_OPTION_PROFITABLE,UNDERLYING_CORRECT_OPTION_PROFITABLE,71.78,76.67,68.33,1.05,1.122,0.8333,173.25,172.85,173.25,173.05,0.4000000000000057,0.23114706732158663,0.51042,0.00094,-16.29452,12.30228,13.78576935693674,VALID,13.842082332062155,13.923472466188144,13.825604599896996,13.790812603826765,1.0419927013916905,IV_TAILWIND,09:58,197.7,198.2,197.7,0.5,SIGNAL_FLIP,8,0.20000000000000284,0.25,24.899999999999977,24.45,0.449999999999978,-0.34761642666666664,54.9,-1.15,24.45,1589.25,14.113,,,12E-option-audit-v1,9d8fb5671d76d03c
NIF-2026-09-16-1001-27e273,NIFTY,2026-09-16,10:01,BUY_CE,CE,23250.0,NIFTY 23250 CE,MODERATE,TRENDING_UP,0.2346,NEAR_ATM,33.2,0.143,23216.8,23198.75,-0.07774542572619514,0.009045992409975338,0.03360765220388329,-0.03638281611608369,-0.6981051431827864,95.8,-0.07774542572619514,-0.10854209021054033,-0.19748630302194337,-0.1703507804693122,-5.273717397535104,-7.738607050730869,-12.467755803955288,-13.098308971051875,-5.035868005738884,-7.532281205164992,-12.309899569583925,-12.91248206599713,False,False,False,False,False,False,False,False,UNDERLYING_WRONG_OPTION_LOSS,UNDERLYING_WRONG_OPTION_LOSS,UNDERLYING_WRONG_OPTION_LOSS,UNDERLYING_WRONG_OPTION_LOSS,62.33,75.8,68.02,0.916,1.114,1.1233,174.45,174.05,174.25,174.25,0.39999999999997726,0.22955523672882483,0.51052,0.00093,-16.38919,12.32153,13.839570223838313,VALID,13.871698957215738,13.751112421959085,13.927323822435339,13.635935659044474,0.23215123633018447,IV_NEUTRAL,10:02,165.25,165.7,165.3,0.44999999999998863,SIGNAL_FLIP,1,0.19999999999998863,0.22499999999999432,-8.775000000000006,-9.2,0.4249999999999936,-0.04370450666666666,17.75,-30.5,-9.2,-598.0,-5.274,SIGNAL_FLIP,The underlying never moved the expected way and 12C flipped to the other side.,12E-option-audit-v1,9d8fb5671d76d03c
NIF-2026-09-16-1004-329396,NIFTY,2026-09-16,10:04,BUY_PE,PE,23250.0,NIFTY 23250 PE,MODERATE,RANGE,-0.0321,ITM,58.4,0.2518,23191.6,23187.35,-0.01832560064851067,-0.06528273024013037,-0.10854209021054033,-0.10897234342226098,6.79275019700552,100.0,-0.06489418582589934,-0.06554097173113149,-0.06489418582589934,-0.05260525362630043,5.275567344532854,4.214559386973183,6.454465075154723,4.892425582080744,5.519480519480516,4.501180637544274,6.759149940968117,5.150531286894919,True,True,True,True,True,True,True,True,UNDERLYING_CORRECT_OPTION_PROFITABLE,UNDERLYING_CORRECT_OPTION_PROFITABLE,UNDERLYING_CORRECT_OPTION_PROFITABLE,UNDERLYING_CORRECT_OPTION_PROFITABLE,104.16,97.91,70.3,1.482,1.393,2.1968,169.65,169.15,169.6,169.4,0.5,0.29515938606847697,-0.51352,0.00099,-9.12586,12.30376,13.062497461918918,VALID,13.183078425384817,13.00943852726753,13.3577644315868,13.225758506653266,1.0741653137412828,IV_TAILWIND,10:08,173.05,173.35,173.75,0.29999999999998295,SIGNAL_FLIP,4,0.25,0.14999999999999147,3.799999999999983,3.4,0.39999999999998304,-0.09734250666666666,10.95,-39.55,3.4,221.0,2.004,,,12E-option-audit-v1,9d8fb5671d76d03c
NIF-2026-09-16-1017-8a00bb,NIFTY,2026-09-16,10:17,BUY_CE,CE,23250.0,NIFTY 23250 CE,MODERATE,TRENDING_UP,0.102,NEAR_ATM,49.95,0.2153,23200.05,23201.25,0.005172402645687089,0.06038113434586745,0.08908772444497189,0.0360042601447869,1.8397056470964648,100.0,0.03060338232030613,0.009051704629956326,0.0334051004200422,0.10668080456723153,1.255098839033574,-0.6903043614684621,0.9413241292751805,4.14182616881079,1.52371976123155,-0.4555450832547697,1.1938422871505086,4.3512409676405985,True,,True,True,True,False,True,True,UNDERLYING_CORRECT_OPTION_PROFITABLE,,UNDERLYING_CORRECT_OPTION_PROFITABLE,UNDERLYING_CORRECT_OPTION_PROFITABLE,,40.79,72.08,,0.566,-1.2141,159.35,158.95,159.35,159.14999999999998,0.4000000000000057,0.2513352183474745,0.49448,0.00097,-15.80044,12.30524,13.3216758214531,VALID,13.165254968705586,13.160693552573195,13.152509524518816,12.84913093515628,-2.866692779784551,IV_HEADWIND,10:21,155.2,155.35,155.35,0.15000000000000568,SIGNAL_FLIP,4,0.20000000000000284,0.07500000000000284,-3.875,-4.15,0.27500000000000036,-0.16853802666666667,32.85,-15.4,-4.15,-269.75,-2.604,IV_HEADWIND,The underlying moved as expected but IV fell -2.87% over the hold.,12E-option-audit-v1,9d8fb5671d76d03c
NIF-2026-09-16-1023-d34efc,NIFTY,2026-09-16,10:23,BUY_CE,CE,23250.0,NIFTY 23250 CE,MODERATE,TRENDING_UP,0.119,NEAR_ATM,37.25,0.1605,23212.75,23231.25,0.07969757999375343,0.02132903592757921,0.04568542139413177,0.024130494265769575,0.32492650471919177,100.0,0.02326307740358835,0.1003758710191566,0.07258941745376375,0.09606789372219694,0.3388786198397923,5.884165126309293,3.3271719038816863,4.867529266789881,0.5397902529302724,6.138186304750146,3.5780382479950363,5.104873534855013,True,True,True,True,True,True,True,True,UNDERLYING_CORRECT_OPTION_PROFITABLE,UNDERLYING_CORRECT_OPTION_PROFITABLE,UNDERLYING_CORRECT_OPTION_PROFITABLE,UNDERLYING_CORRECT_OPTION_PROFITABLE,49.29,53.14,72.73,0.678,0.731,-1.7012,162.3,161.9,161.65,162.10000000000002,0.4000000000000057,0.24676125848242172,0.50787,0.001,-15.5445,12.30736,12.95198529737958,VALID,12.911002060419346,12.846814089466244,12.807943295941307,12.762097555430191,-2.1178325160575215,IV_HEADWIND,10:37,167.25,167.65,167.3,0.4000000000000057,POSITION_SIGNAL,14,0.20000000000000284,0.20000000000000284,5.349999999999966,4.95,0.3999999999999657,-0.5803280000000001,29.9,-18.35,4.95,321.75,3.05,,,12E-option-audit-v1,9d8fb5671d76d03c
NIF-2026-09-16-1038-f27291,NIFTY,2026-09-16,10:38,BUY_PE,PE,23250.0,NIFTY 23250 PE,MODERATE,RANGE,0.0312,ATM,13.15,0.0566,23236.85,23246.25,0.040452987388572274,0.024105461393590724,-0.03914660403210961,0.007746916834692728,-0.28368794326240415,42.6,0.00021517546484532278,0.04561719854456255,0.024960353920617087,0.06648921863333768,-0.15787811809283234,-2.083991158825376,-2.1787180296810793,-4.767919166403526,0.04741583688951391,-1.912438754544021,-1.9756598703967125,-4.551920341394018,,False,False,False,False,False,False,False,,UNDERLYING_WRONG_OPTION_LOSS,UNDERLYING_WRONG_OPTION_LOSS,UNDERLYING_WRONG_OPTION_LOSS,,68.46,69.13,,0.99,-0.2501,158.35,158.0,158.0,158.175,0.3499999999999943,0.22127390548442818,-0.4706,0.00092,-10.25132,12.27874,13.93837001407423,VALID,13.941066714020398,14.12227040642928,13.956256529958031,13.986052185317371,1.0045301115727958,IV_TAILWIND,10:40,154.7,154.95,154.95,0.25,SIGNAL_FLIP,2,0.17499999999999716,0.125,-3.3500000000000227,-3.65,0.2999999999999772,-0.05467370666666666,16.4,-28.25,-3.65,-237.25,-2.305,SIGNAL_FLIP,The underlying never moved the expected way and 12C flipped to the other side.,12E-option-audit-v1,9d8fb5671d76d03c
NIF-2026-09-16-1045-4aa746,NIFTY,2026-09-16,10:45,BUY_CE,CE,23300.0,NIFTY 23300 CE,STRONG,RANGE,0.0314,NEAR_ATM,46.75,0.201,23253.25,23245.0,-0.03547891154999839,0.04388408578048375,0.04840375182858618,0.030112383717803948,4.99746749957794,100.0,0.001075118531818133,-0.004085450420912034,0.026662939589092827,-0.03547891154999839,-0.8673305493093442,-2.2486347574686794,-1.0600706713780954,-5.428846771602966,-0.6271104679209021,-2.009969448464383,-0.8683068017366281,-5.209840810419696,,,True,False,False,False,False,False,,,UNDERLYING_CORRECT_OPTION_LOSS,UNDERLYING_WRONG_OPTION_LOSS,,,74.45,,,-2.8534,155.65,155.3,155.3,155.47500000000002,0.3499999999999943,0.22511657822800726,0.49779,0.00101,-15.4115,12.31618,12.832547320307627,VALID,12.75015958980729,12.627835322453485,12.487197161754118,12.53775289042942,-2.297240154428983,IV_HEADWIND,10:55,147.2,147.55,147.25,0.35000000000002274,SIGNAL_FLIP,10,0.17499999999999716,0.17500000000001137,-8.100000000000023,-8.45,0.34999999999997655,-0.41097333333333336,10.75,-36.9,-8.45,-549.25,-5.429,MOMENTUM_REVERSAL,"The underlying moved the right way first, then reversed (-0.04% by the exit).",12E-option-audit-v1,9d8fb5671d76d03c
NIF-2026-09-16-1101-4d9a20,NIFTY,2026-09-16,11:01,BUY_CE,CE,23300.0,NIFTY 23300 CE,STRONG,RANGE,0.0209,NEAR_ATM,38.7,0.1664,23261.3,23264.5,0.013756754781550163,0.029671804045676587,0.04774152480408145,0.07765695416948694,4.109819774296759,62.4,0.025364016628483595,0.062120345810426456,0.013756754781550163,0.007308275977699989,1.3251454427925091,2.844214608920495,-0.38784744667097243,-1.1312217194570138,1.4884322925093103,3.0254004206439165,-0.22650056625139356,-0.8898236531305614,True,True,,,True,True,False,False,UNDERLYING_CORRECT_OPTION_PROFITABLE,UNDERLYING_CORRECT_OPTION_PROFITABLE,,,,,75.99,,,-1.2719,154.7,154.35,154.4,154.52499999999998,0.3499999999999943,0.226500566251412,0.50482,0.00104,-15.13735,12.30857,12.484194095824003,VALID,12.41383243456498,12.253507411262822,12.34664304786473,12.316915227546096,-1.101801581291381,IV_HEADWIND,11:06,154.1,154.25,154.25,0.15000000000000568,POSITION_SIGNAL,5,0.17499999999999716,0.07500000000000284,-0.3499999999999659,-0.6,0.2500000000000341,-0.20183133333333333,11.7,-35.95,-0.6,-39.0,-0.388,IV_HEADWIND,The underlying moved as expected but IV fell -1.10% over the hold.,12E-option-audit-v1,9d8fb5671d76d03c
NIF-2026-09-16-1107-084bc6,NIFTY,2026-09-16,11:07,BUY_PE,PE,23300.0,NIFTY 23300 PE,STRONG,RANGE,0.0383,ITM,41.4,0.178,23258.6,23259.8,0.005159381906050784,-0.025360527842856948,-0.07368183624588447,-0.036961903452079246,3.0705023103293945,70.9,-0.013113429011201331,0.005159381906050784,0.01719793968682552,0.015908094210316734,0.6645478185495389,-1.0401618029471316,-2.0514302224790586,-2.427044206876635,0.8966015907447644,-0.8098336948662361,-1.8365871294287845,-2.255965292841652,,,,,True,False,False,False,,,,,,,66.91,,,-0.6859,173.05,172.7,173.2,172.875,0.35000000000002274,0.20245842371657136,-0.49731,0.00092,-10.23211,12.30385,14.031153279277461,VALID,14.058445073526238,13.985687154811858,13.93291053522708,13.872747739761223,-0.3240369737301072,IV_NEUTRAL,11:10,171.25,171.7,171.7,0.44999999999998863,SIGNAL_FLIP,3,0.17500000000001137,0.22499999999999432,-1.4000000000000057,-1.8,0.39999999999999436,-0.08185688,27.05,-25.1,-1.8,-117.0,-1.04,LATE_ENTRY,88% of the move around this signal happened in the 5 minutes BEFORE it (-0.04% before vs +0.01% after).,12E-option-audit-v1,9d8fb5671d76d03c
NIF-2026-09-16-1116-deb1e2,NIFTY,2026-09-16,11:16,BUY_CE,CE,23300.0,NIFTY 23300 CE,STRONG,RANGE,0.009,NEAR_ATM,33.4,0.1436,23266.6,23251.6,-0.06447009876819132,0.04149297306825623,0.02321462349318959,0.015475218157583048,0.2122102513875583,89.3,-0.01848142831354505,-0.06447009876819132,-0.11217797185664663,-0.1383958120223715,-0.9437032216075607,-5.27172144484217,-9.567198177676548,-10.868857793686962,-0.7167291089754179,-5.033393060759096,-9.382635608405298,-10.66949014497477,,False,False,False,False,False,False,False,,UNDERLYING_WRONG_OPTION_LOSS,UNDERLYING_WRONG_OPTION_LOSS,UNDERLYING_WRONG_OPTION_LOSS,83.64,77.09,77.49,1.079,0.995,-0.6895,153.65,153.3,153.6,153.47500000000002,0.3499999999999943,0.22805017103762457,0.51118,0.00106,-14.89634,12.29787,12.180044206565876,VALID,12.283683178792066,12.183972410406094,12.044210320890608,12.163863083631401,0.03225114600241087,IV_NEUTRAL,11:19,145.55,145.95,145.55,0.39999999999997726,SIGNAL_FLIP,3,0.17499999999999716,0.19999999999998863,-7.725000000000023,-8.1,0.3749999999999769,-0.11917072000000001,12.75,-34.9,-8.1,-526.5,-5.272,SIGNAL_FLIP,The underlying never moved the expected way and 12C flipped to the other side.,12E-option-audit-v1,9d8fb5671d76d03c
NIF-2026-09-16-1123-837c79,NIFTY,2026-09-16,11:23,BUY_CE,CE,23300.0,NIFTY 23300 CE,STRONG,RANGE,-0.0213,NEAR_ATM,43.75,0.1881,23256.25,23234.4,-0.09395323837677418,0.07702784405950275,0.06109615976215837,-0.02042044624048837,-2.1599340478153377,64.4,-0.021499596882558453,-0.09395323837677418,-0.10620800859984189,-0.0758935769954376,-2.7272727272727346,-7.777777777777785,-7.744107744107744,-7.912457912457913,-2.494101786316156,-7.583417593528817,-7.583417593528817,-7.735085945399389,False,False,False,False,False,False,False,False,UNDERLYING_WRONG_OPTION_LOSS,UNDERLYING_WRONG_OPTION_LOSS,UNDERLYING_WRONG_OPTION_LOSS,UNDERLYING_WRONG_OPTION_LOSS,71.4,101.92,78.41,0.911,1.3,0.7442,148.5,148.2,148.55,148.35,0.30000000000001137,0.20222446916077613,0.50016,0.00106,-14.84986,12.29257,12.200863161650902,VALID,12.082640720585488,12.163863083631401,12.270223248824209,11.973736631336031,-0.30325787224462664,IV_NEUTRAL,11:26,136.95,137.25,137.2,0.30000000000001137,SIGNAL_FLIP,3,0.15000000000000568,0.15000000000000568,-11.25,-11.55,0.3000000000000007,-0.11879888,17.9,-29.75,-11.55,-750.75,-7.778,SIGNAL_FLIP,The underlying never moved the expected way and 12C flipped to the other side.,12E-option-audit-v1,9d8fb5671d76d03c
NIF-2026-09-16-1133-57888a,NIFTY,2026-09-16,11:33,BUY_CE,CE,23250.0,NIFTY 23250 CE,STRONG,RANGE,-0.0759,ATM,11.4,0.0491,23238.6,23233.55,-0.021731085349372476,0.037236412476125934,0.04994187798681941,0.0303466621899928,-0.5792682926829199,21.2,-0.021731085349372476,-0.05852331896068844,0.019364333479641633,-0.01355503343573975,-1.7151607963246625,-4.379785604900463,3.215926493108729,-0.3675344563552798,-1.487273842379645,-4.155167126648288,3.4038638454461716,-0.12266176019625184,False,False,,,False,False,True,False,UNDERLYING_WRONG_OPTION_LOSS,UNDERLYING_WRONG_OPTION_LOSS,,,,,76.2,,,1.9282,163.25,162.85,162.85,163.05,0.4000000000000057,0.24532352039252112,0.53468,0.00107,-14.86523,12.23014,12.042552711952622,VALID,12.109805792094447,12.116266919820513,12.223872342508406,12.190424058005139,0.5584619951472074,IV_NEUTRAL,11:34,160.45,160.8,160.95,0.35000000000002274,SIGNAL_FLIP,1,0.20000000000000284,0.17500000000001137,-2.4250000000000114,-2.8,0.37499999999998845,-0.03964061333333333,28.95,-19.3,-2.8,-182.0,-1.715,SIGNAL_FLIP,The underlying never moved the expected way and 12C flipped to the other side.,12E-option-audit-v1,9d8fb5671d76d03c
NIF-2026-09-16-1141-3a85d3,NIFTY,2026-09-16,11:41,BUY_PE,PE,23250.0,NIFTY 23250 PE,MODERATE,RANGE,0.0189,ATM,12.95,0.0557,23237.05,23235.45,-0.006885555610538105,0.018508355661724388,-0.026029230180136354,0.05188374596339837,-3.2985074626865534,59.7,-0.014631805672397387,-0.00903729173883322,-0.03980711837345963,0.012264895931291547,0.27752081406104756,-0.5550416281221127,1.3876040703052728,-2.621029910576626,0.49390338015122975,-0.4012964963729181,1.6206204661213148,-2.392344497607655,,,True,,True,False,True,False,,,UNDERLYING_CORRECT_OPTION_PROFITABLE,,,,67.62,,,-1.071,162.15,161.8,161.8,161.97500000000002,0.3499999999999943,0.21608272881617183,-0.47132,0.00091,-10.62512,12.23856,14.28559485585782,VALID,14.26646023668111,14.17176401476279,14.147622734455032,14.157058031791864,-1.3417003034352482,IV_HEADWIND,11:43,159.9,160.25,160.1,0.3499999999999943,POSITION_SIGNAL,2,0.17499999999999716,0.17499999999999716,-1.900000000000034,-2.25,0.3499999999999659,-0.05666730666666667,12.6,-32.05,-2.25,-146.25,-1.388,IV_HEADWIND,The underlying moved as expected but IV fell -1.34% over the hold.,12E-option-audit-v1,9d8fb5671d76d03c
NIF-2026-09-16-1147-e57a0c,NIFTY,2026-09-16,11:47,BUY_PE,PE,23250.0,NIFTY 23250 PE,STRONG,RANGE,0.0127,ITM,24.9,0.1072,23225.1,23233.15,0.034660776487519585,-0.011624002273141355,-0.042393032909484124,-0.03680007230892653,2.0887728459530237,90.7,-0.007319667084305728,0.034660776487519585,0.03810532570366622,-0.03745947272561621,-0.751201923076923,-4.687500000000007,-2.584134615384622,2.674278846153839,-0.541597713254103,-4.4531367534226165,-2.331879043177373,2.9486986610500843,,False,False,True,False,False,False,True,,UNDERLYING_WRONG_OPTION_LOSS,UNDERLYING_WRONG_OPTION_LOSS,UNDERLYING_CORRECT_OPTION_PROFITABLE,,,67.34,,,0.2341,166.4,165.95,165.95,166.175,0.45000000000001705,0.27079885662706005,-0.48182,0.00091,-10.47124,12.24739,14.174706281580878,VALID,14.055243564602076,13.86518644081959,14.236996812180694,14.262208162480755,-2.18360673309675,IV_HEADWIND,11:50,158.6,158.95,158.6,0.3499999999999943,SIGNAL_FLIP,3,0.22500000000000853,0.17499999999999716,-7.400000000000034,-7.8,0.3999999999999657,-0.08376992,8.35,-36.3,-7.8,-507.0,-4.688,MOMENTUM_REVERSAL,"The underlying moved the right way first, then reversed (+0.03% by the exit).",12E-option-audit-v1,9d8fb5671d76d03c
NIF-2026-09-16-1153-fdd0fa,NIFTY,2026-09-16,11:53,BUY_PE,PE,23250.0,NIFTY 23250 PE,MODERATE,RANGE,-0.0383,ITM,23.45,0.101,23226.55,23222.35,-0.01808275443404521,-0.03184994372459894,-0.02840768470914268,0.013563905371297128,-0.12101043715021453,86.4,0.008826106330898358,-0.03874875950151874,-0.03379752912076286,-0.07728224811692105,-0.4839685420447739,2.722323049001815,2.2383545069570405,5.353901996370232,-0.3028926245645919,2.9229138270483217,2.498864152657883,5.60351355444495,,True,True,True,False,True,True,True,,UNDERLYING_CORRECT_OPTION_PROFITABLE,UNDERLYING_CORRECT_OPTION_PROFITABLE,UNDERLYING_CORRECT_OPTION_PROFITABLE,,72.51,67.71,,1.071,0.2105,165.3,164.85,165.3,165.075,0.45000000000001705,0.272603362108143,-0.48122,0.00092,-10.45599,12.2429,14.150737485067799,VALID,14.157035674894153,14.21698387698796,14.16726987590208,14.267508846487345,-0.723883246112504,IV_NEUTRAL,12:06,165.0,165.5,165.4,0.5,SIGNAL_FLIP,13,0.22500000000000853,0.25,0.17500000000001137,-0.3,0.47500000000001136,-0.36247431999999996,9.45,-35.2,-0.3,-19.5,-0.181,SPREAD_FRICTION,Mid-to-mid the trade was +0.18/unit; the ASK-to-BID round trip cost 0.48/unit and turned it negative.,12E-option-audit-v1,9d8fb5671d76d03c
NIF-2026-09-16-1213-4f80b9,NIFTY,2026-09-16,12:13,BUY_CE,CE,23250.0,NIFTY 23250 CE,STRONG,TRENDING_UP,0.1316,ATM,10.85,0.0467,23239.15,23222.55,-0.07143118401491526,0.023026797166206918,0.03637428058560752,0.04584884947371313,2.6492180019151195,100.0,0.0107577084359798,-0.07143118401491526,-0.0107577084359798,0.0015060791810309103,0.9006211180124154,-3.509316770186339,-0.7142857142857179,1.335403726708078,1.1504975124377896,-3.311567164179115,-0.46641791044776115,1.570273631840782,,False,,,True,False,False,True,,UNDERLYING_WRONG_OPTION_LOSS,,,,,77.37,,,0.3659,161.0,160.6,160.55,160.8,0.4000000000000057,0.24875621890547614,0.53534,0.00109,-14.73091,12.20199,11.872585098201755,VALID,11.911939582428804,12.094229721911345,11.920081602663982,12.055240908456911,1.8668606868369457,IV_TAILWIND,12:16,155.35,155.6,155.4,0.25,POSITION_SIGNAL,3,0.20000000000000284,0.125,-5.325000000000017,-5.65,0.3249999999999833,-0.11784728,31.2,-17.05,-5.65,-367.25,-3.509,UNDERLYING_DID_NOT_CONTINUE,The underlying did not move up at any measured horizon (move to exit -0.07%).,12E-option-audit-v1,9d8fb5671d76d03c
NIF-2026-09-16-1219-7dfacc,NIFTY,2026-09-16,12:19,BUY_CE,CE,23250.0,NIFTY 23250 CE,MODERATE,RANGE,0.0825,ATM,8.85,0.0381,23241.15,23235.3,-0.025170871493029316,0.01936595851811685,0.08009456325856627,-0.002151310255511119,-0.2920381186596778,87.2,-0.009896240074191296,-0.0157049027264204,-0.014629224457487924,-0.02194383668623189,-1.1395133969818259,-0.5235602094240802,-0.3387742531567496,-0.2771789344009785,-0.9249267766301833,-0.30830892554339445,-0.12332357021735077,-0.046246338831502164,,,,False,False,False,False,False,,,,UNDERLYING_WRONG_OPTION_LOSS,,,77.0,,,1.0032,162.35,162.0,162.35,162.175,0.3499999999999943,0.21581624788037262,0.53733,0.00108,-14.8048,12.19347,11.937260304262981,VALID,11.91153650385294,12.146145232455401,12.125301137962486,12.071181225695405,0.20688489206933544,IV_NEUTRAL,12:26,159.75,160.2,159.8,0.44999999999998863,POSITION_SIGNAL,7,0.17499999999999716,0.22499999999999432,-2.200000000000017,-2.6,0.39999999999998304,-0.2763562666666667,29.85,-18.4,-2.6,-169.0,-1.601,UNDERLYING_DID_NOT_CONTINUE,The underlying did not move up at any measured horizon (move to exit -0.03%).,12E-option-audit-v1,9d8fb5671d76d03c
NIF-2026-09-16-1228-202feb,NIFTY,2026-09-16,12:28,BUY_PE,PE,23250.0,NIFTY 23250 PE,STRONG,RANGE,-0.0284,ATM,19.95,0.0859,23230.05,23239.3,0.039819113605007304,-0.0172161116981327,-0.036146989149454696,-0.0406635254631155,2.5869037995149555,94.7,0.025828614230275014,0.039819113605007304,0.1203182946227009,0.07877727340233565,-2.0787401574803224,-3.2440944881889795,-9.921259842519685,-5.763779527559058,-1.8912529550827424,-3.0417651694247367,-9.739952718676117,-5.579196217494104,False,False,False,False,False,False,False,False,UNDERLYING_WRONG_OPTION_LOSS,UNDERLYING_WRONG_OPTION_LOSS,UNDERLYING_WRONG_OPTION_LOSS,UNDERLYING_WRONG_OPTION_LOSS,80.95,70.82,69.76,1.16,1.015,-1.3466,158.75,158.5,158.8,158.625,0.25,0.15760441292356187,-0.47635,0.00094,-10.20741,12.21429,13.837463230327279,VALID,13.83226064007258,13.743743157248044,13.627098806919092,13.806984335525707,-0.6772923007580619,IV_NEUTRAL,12:31,153.6,154.0,153.55,0.4000000000000057,SIGNAL_FLIP,3,0.125,0.20000000000000284,-4.824999999999989,-5.15,0.3250000000000117,-0.08165928,9.55,-28.65,-5.15,-334.75,-3.244,SIGNAL_FLIP,The underlying never moved the expected way and 12C flipped to the other side.,12E-option-audit-v1,9d8fb5671d76d03c
NIF-2026-09-16-1237-30e5fe,NIFTY,2026-09-16,12:37,BUY_PE,PE,23250.0,NIFTY 23250 PE,MODERATE,RANGE,0.0583,ATM,2.4,0.0103,23247.6,23255.55,0.03419707840809687,-0.0051615567255115435,-0.049443013702163884,-0.006236813977348441,1.811776547559165,54.5,0.0032261394724616738,-0.006667354909750996,-0.004301519296615565,0.02559403981486574,-1.5141540487162681,-0.49374588545095455,-1.283739302172493,-5.036208031599741,-1.2852199703411074,-0.3460207612456972,-1.038062283737054,-4.844290657439461,,,,False,False,False,False,False,,,,UNDERLYING_WRONG_OPTION_LOSS,,,70.53,,,-1.3415,151.9,151.55,151.4,151.72500000000002,0.3499999999999943,0.23068050749711272,-0.46031,0.00093,-10.34335,12.17828,13.90026511798848,VALID,13.806984335525707,13.779830492170635,13.765894683767305,13.52024397228405,-1.5409019506188326,IV_HEADWIND,12:43,145.0,145.35,145.35,0.3499999999999943,SIGNAL_FLIP,6,0.17499999999999716,0.17499999999999716,-6.550000000000011,-6.9,0.349999999999989,-0.1654936,16.4,-21.8,-6.9,-448.5,-4.542,SIGNAL_FLIP,The underlying never moved the expected way and 12C flipped to the other side.,12E-option-audit-v1,9d8fb5671d76d03c
NIF-2026-09-16-1246-2c2979,NIFTY,2026-09-16,12:46,BUY_PE,PE,23250.0,NIFTY 23250 PE,MODERATE,RANGE,-0.0129,ATM,4.2,0.0181,23245.8,23251.85,0.026026206884681415,-0.0285991368651538,-0.04192547585415095,-0.011613652493712401,-1.0217755443885945,46.5,0.033339355926662026,0.03549028211547893,0.020218706174882032,0.048395839248380354,-2.467883705206224,-1.5889114266396176,-0.4394861392833033,-3.0764029749831043,-2.2677271958030274,-1.3877136571331943,-0.2876967337959122,-2.8600440006769485,False,False,False,False,False,False,False,False,UNDERLYING_WRONG_OPTION_LOSS,UNDERLYING_WRONG_OPTION_LOSS,UNDERLYING_WRONG_OPTION_LOSS,UNDERLYING_WRONG_OPTION_LOSS,,,72.57,,,1.1796,147.9,147.55,147.6,147.72500000000002,0.3499999999999943,0.23692672194956457,-0.4612,0.00096,-9.98612,12.17401,13.523395952034198,VALID,13.52024397228405,13.67061301585338,13.666517117086638,13.602919393894592,0.5852398643711539,IV_NEUTRAL,12:53,145.9,146.3,145.9,0.4000000000000057,SIGNAL_FLIP,7,0.17499999999999716,0.20000000000000284,-1.625,-2.0,0.375,-0.18640757333333335,20.4,-17.8,-2.0,-130.0,-1.352,SIGNAL_FLIP,The underlying never moved the expected way and 12C flipped to the other side.,12E-option-audit-v1,9d8fb5671d76d03c
NIF-2026-09-16-1256-8ee94b,NIFTY,2026-09-16,12:56,BUY_CE,CE,23300.0,NIFTY 23300 CE,STRONG,RANGE,0.0484,NEAR_ATM,42.95,0.1847,23257.05,23248.45,-0.036978034617453824,0.018922574416239943,0.022363811911743487,0.02817143717339099,3.648219950652085,100.0,-0.008384554360938845,-0.036978034617453824,-0.023648743069305866,0.007954577214230448,-1.7663043478260834,-3.1929347826086882,-1.7323369565217277,-0.7812499999999847,-1.5473558918551114,-2.9756844074136866,-1.4963441591565985,-0.5441251487841896,,False,False,,False,False,False,False,,UNDERLYING_WRONG_OPTION_LOSS,UNDERLYING_WRONG_OPTION_LOSS,,,,79.27,,,0.3784,147.2,146.85,146.85,147.02499999999998,0.3499999999999943,0.23805475259309258,0.50114,0.00108,-14.80329,12.23116,12.083137398186393,VALID,11.991994370840997,12.095461251849814,12.151761508676476,12.009611687829148,0.10199216691246832,IV_NEUTRAL,12:59,142.5,142.8,142.7,0.30000000000001137,SIGNAL_FLIP,3,0.17499999999999716,0.15000000000000568,-4.374999999999972,-4.7,0.3250000000000286,-0.11842632,19.2,-28.45,-4.7,-305.5,-3.193,SIGNAL_FLIP,The underlying never moved the expected way and 12C flipped to the other side.,12E-option-audit-v1,9d8fb5671d76d03c
NIF-2026-09-16-1305-32ec3d,NIFTY,2026-09-16,13:05,BUY_CE,CE,23300.0,NIFTY 23300 CE,STRONG,RANGE,0.0183,NEAR_ATM,43.1,0.1853,23256.9,23263.2,0.02708873495607442,0.023009218740265416,0.027741398553579513,0.05700481636920191,3.1897926634768745,76.7,0.008599598398754777,0.06342203819081649,0.08427606430779055,-0.007954628518857556,0.24021962937544458,3.6719286204530013,7.584076870281409,-0.2059025394646417,0.44650523784992896,3.8811609136184333,7.7623218272368275,0.0,,True,True,,True,True,True,False,,UNDERLYING_CORRECT_OPTION_PROFITABLE,UNDERLYING_CORRECT_OPTION_PROFITABLE,,92.11,,79.92,1.152,,1.0269,145.7,145.45,145.8,145.575,0.25,0.17173278378842521,0.50026,0.00108,-14.75738,12.22478,12.03553585246496,VALID,12.009611687829148,11.887638230967665,12.11758294590175,12.103147126967537,-0.3691450838287755,IV_NEUTRAL,13:13,148.25,148.5,148.5,0.25,POSITION_SIGNAL,8,0.125,0.125,2.8000000000000114,2.55,0.25000000000001155,-0.31482410666666666,20.7,-26.95,2.55,165.75,1.75,,,12E-option-audit-v1,9d8fb5671d76d03c
NIF-2026-09-16-1315-57f4fb,NIFTY,2026-09-16,13:15,BUY_PE,PE,23300.0,NIFTY 23300 PE,MODERATE,RANGE,-0.008,ITM,44.95,0.1933,23255.05,23256.55,0.006450211889460569,-0.020636418549557597,-0.04921238690821881,-0.09215302987992494,5.334407735697022,83.9,0.0021500706298201895,0.04020632077764694,0.039346292525715726,-0.03762623602185332,-1.4984709480122256,-4.678899082568811,-3.241590214067285,2.2018348623853177,-1.3310893512851794,-4.482864137086914,-3.059975520195856,2.3102815177478613,,False,False,True,False,False,False,True,,UNDERLYING_WRONG_OPTION_LOSS,UNDERLYING_WRONG_OPTION_LOSS,UNDERLYING_CORRECT_OPTION_PROFITABLE,,,71.32,,,-0.2537,163.5,163.3,163.65,163.4,0.19999999999998863,0.12239902080782657,-0.50115,0.00099,-9.50277,12.217,13.201639317206226,VALID,13.009849772606213,12.94080917681735,13.193135309302908,13.11516588817353,-1.2473051728535345,IV_HEADWIND,13:17,160.55,160.8,160.55,0.25,SIGNAL_FLIP,2,0.09999999999999432,0.125,-2.7249999999999943,-2.95,0.22500000000000586,-0.05068144,29.15,-8.65,-2.95,-191.75,-1.804,IV_HEADWIND,The underlying moved as expected but IV fell -1.25% over the hold.,12E-option-audit-v1,9d8fb5671d76d03c
NIF-2026-09-16-1322-0ad70b,NIFTY,2026-09-16,13:22,BUY_PE,PE,23300.0,NIFTY 23300 PE,MODERATE,RANGE,-0.0266,ITM,39.7,0.1707,23260.3,23233.45,-0.11543273302579307,-0.013755453822514788,-0.03738880055009123,0.016124489659902264,-0.6068149992220462,55.7,0.003009419482984861,-0.060188389659634654,-0.08533853819597574,-0.11543273302579307,0.43791054113232225,4.535502033156083,7.225523928683147,10.947763528307789,0.6574827802129064,4.680651221039463,7.451471509079546,11.177207263619302,,True,True,True,True,True,True,True,,UNDERLYING_CORRECT_OPTION_PROFITABLE,UNDERLYING_CORRECT_OPTION_PROFITABLE,UNDERLYING_CORRECT_OPTION_PROFITABLE,87.32,96.83,72.23,1.209,1.341,1.2873,159.85,159.55,159.55,159.7,0.29999999999998295,0.18785222291796053,-0.49593,0.001,-9.43405,12.21453,13.088121983449383,VALID,13.235729462307694,13.11516588817353,13.23099932334329,13.456683504638795,2.816000046878205,IV_TAILWIND,13:32,177.35,177.75,177.7,0.4000000000000057,POSITION_SIGNAL,10,0.14999999999999147,0.20000000000000284,17.850000000000023,17.5,0.35000000000002274,-0.25157466666666667,32.8,0.7,17.5,1137.5,10.948,,,12E-option-audit-v1,9d8fb5671d76d03c
NIF-2026-09-16-1334-2e9975,NIFTY,2026-09-16,13:34,BUY_PE,PE,23250.0,NIFTY 23250 PE,MODERATE,TRENDING_DOWN,-0.1121,ITM,28.65,0.1234,23221.35,23222.75,0.006028934579606505,-0.03486952984251535,-0.03551503254468437,-0.01205641541241729,0.5229793977812923,100.0,0.0529684966636432,0.0318672256350361,0.01916339919944675,-0.031651906542894986,-1.9212598425196923,0.15748031496062992,2.4881889763779457,5.259842519685036,-1.7341951757843292,0.3783698565347771,2.6958852278101886,5.502128330443023,False,False,,True,False,True,True,True,UNDERLYING_WRONG_OPTION_LOSS,UNDERLYING_WRONG_OPTION_PROFITABLE,,UNDERLYING_CORRECT_OPTION_PROFITABLE,,,71.06,,,4.0577,158.75,158.4,158.75,158.575,0.3499999999999943,0.22071574964527468,-0.48528,0.00097,-9.88223,12.17838,13.49862504195941,VALID,13.70846150047336,13.830714210627418,14.014450489847686,13.998515284261806,1.7696264271293956,IV_TAILWIND,13:45,161.0,161.2,161.0,0.19999999999998863,POSITION_SIGNAL,11,0.17499999999999716,0.09999999999999432,2.5250000000000057,2.25,0.2750000000000057,-0.28987874666666663,9.55,-11.7,2.25,146.25,1.417,,,12E-option-audit-v1,9d8fb5671d76d03c
NIF-2026-09-16-1346-236b3f,NIFTY,2026-09-16,13:46,BUY_PE,PE,23250.0,NIFTY 23250 PE,STRONG,RANGE,-0.0568,ITM,32.7,0.1408,23217.3,23220.05,0.011844615868339558,-0.02346836614957629,-0.015072693447254187,-0.010766673270226273,1.680799515445188,93.0,0.011198545911894075,0.011844615868339558,-0.008183552781752474,0.030149931301227968,-2.676977989292088,-1.397977394408087,-1.100535395597855,-3.6287923854848274,-2.427401340282942,-1.1615785554728153,-0.8190618019359642,-3.3804914370811687,,,,False,False,False,False,False,,,,UNDERLYING_WRONG_OPTION_LOSS,,,67.63,,,-1.3725,168.1,167.65,167.6,167.875,0.44999999999998863,0.26805658972449065,-0.48898,0.00093,-10.43627,12.1721,14.088410726189196,VALID,13.885527771717227,14.024394089190404,13.961176430766969,13.91053354725806,-0.4543921826454871,IV_NEUTRAL,13:49,165.75,166.1,165.75,0.3499999999999943,POSITION_SIGNAL,3,0.22499999999999432,0.17499999999999716,-1.9499999999999886,-2.35,0.40000000000001146,-0.08349016000000001,-1.85,-21.05,-2.35,-152.75,-1.398,UNDERLYING_DID_NOT_CONTINUE,The underlying did not move down at any measured horizon (move to exit +0.01%).,12E-option-audit-v1,9d8fb5671d76d03c
NIF-2026-09-16-1350-d19dfc,NIFTY,2026-09-16,13:50,BUY_PE,PE,23250.0,NIFTY 23250 PE,MODERATE,RANGE,-0.0058,ITM,33.85,0.1458,23216.15,23219.05,0.012491304544456412,-0.01679582946633542,-0.01614994035288696,-0.02842040671323829,3.0105524518932305,65.3,-0.003230509795982538,0.012491304544456412,0.033381934558486225,0.04156589270829925,0.15060240963855423,-3.1024096385542204,-2.5903614457831394,-6.024096385542169,0.3314251280506245,-2.9526965953600346,-2.470623681831874,-5.905393190720087,,,False,False,True,False,False,False,,,UNDERLYING_WRONG_OPTION_LOSS,UNDERLYING_WRONG_OPTION_LOSS,,,68.57,,,-0.1815,166.0,165.9,166.0,165.95,0.09999999999999432,0.06025911419101797,-0.49017,0.00094,-10.25756,12.16969,13.907019801839027,VALID,13.961176430766969,13.628871377680458,13.869250987205739,13.498871808829557,-2.0000577271184143,IV_HEADWIND,13:53,160.85,161.25,161.25,0.4000000000000057,POSITION_SIGNAL,3,0.04999999999999716,0.20000000000000284,-4.899999999999977,-5.15,0.2500000000000231,-0.08206048,0.25,-18.95,-5.15,-334.75,-3.102,UNDERLYING_DID_NOT_CONTINUE,The underlying did not move down at any measured horizon (move to exit +0.01%).,12E-option-audit-v1,9d8fb5671d76d03c
NIF-2026-09-16-1354-681432,NIFTY,2026-09-16,13:54,BUY_CE,CE,23250.0,NIFTY 23250 CE,MODERATE,RANGE,0.0463,NEAR_ATM,25.25,0.1087,23224.75,23225.15,0.0017223005629832624,0.024548807983103216,0.04027498987740269,0.020241127818418685,2.292263610315209,86.6,-0.0036598886963198516,0.0017223005629832624,-0.02432749545205634,0.03616831182252319,-1.1849901250822983,-0.7570770243581341,-0.3620803159973741,4.772876892692561,-0.9556763882023697,-0.527269731421988,-0.16477179106938764,5.009062448508792,,,False,True,False,False,False,True,,,UNDERLYING_WRONG_OPTION_LOSS,UNDERLYING_CORRECT_OPTION_PROFITABLE,,,79.53,,,1.77,151.9,151.55,151.55,151.72500000000002,0.3499999999999943,0.23068050749711272,0.51958,0.0011,-14.67632,12.16042,11.82900511502386,VALID,11.767903782638118,11.819066657080498,12.081433183017227,12.133881542429844,-0.08401769926313377,IV_NEUTRAL,13:57,150.75,151.1,150.75,0.3499999999999943,SIGNAL_FLIP,3,0.17499999999999716,0.17499999999999716,-0.8000000000000114,-1.15,0.34999999999998854,-0.11741056000000001,12.3,-7.95,-1.15,-74.75,-0.757,LATE_ENTRY,92% of the move around this signal happened in the 5 minutes BEFORE it (+0.02% before vs +0.00% after).,12E-option-audit-v1,9d8fb5671d76d03c
NIF-2026-09-16-1402-cc29d7,NIFTY,2026-09-16,14:02,BUY_CE,CE,23250.0,NIFTY 23250 CE,MODERATE,RANGE,0.0536,ATM,17.2,0.074,23232.8,23229.1,-0.015925760132229985,0.020664714999135837,0.05900314827017726,0.03293843096814366,5.814146099055807,100.0,0.008178093040879512,0.01248235253607596,-0.015925760132229985,-0.022812575324538033,0.8130081300812901,0.28142589118198164,-2.5015634771732334,-3.9399624765478496,1.0331872260488453,0.532247964934266,-2.3168440826549714,-3.694427050720086,,,,False,True,True,False,False,,,,UNDERLYING_WRONG_OPTION_LOSS,,,76.76,,,-1.0944,159.9,159.5,159.9,159.7,0.4000000000000057,0.25046963055729854,0.52762,0.00107,-15.06253,12.14466,12.182494303745464,VALID,12.213020809993244,12.106643686106173,12.008777401869681,11.899418441396653,-1.425955124989264,IV_HEADWIND,14:07,155.9,156.1,155.95,0.19999999999998863,POSITION_SIGNAL,5,0.20000000000000284,0.09999999999999432,-3.6999999999999886,-4.0,0.30000000000001137,-0.20083373333333335,4.3,-15.95,-4.0,-260.0,-2.502,UNDERLYING_DID_NOT_CONTINUE,The underlying did not move up at any measured horizon (move to exit -0.02%).,12E-option-audit-v1,9d8fb5671d76d03c
NIF-2026-09-16-1408-d49360,NIFTY,2026-09-16,14:08,BUY_PE,PE,23250.0,NIFTY 23250 PE,STRONG,RANGE,0.0222,ITM,23.9,0.1029,23226.1,23236.0,0.042624461274176274,-0.012914835271276117,-0.04131573397832724,-0.03701360465167264,4.16047548291234,56.8,-0.016576179384393184,0.005597151480459098,0.042624461274176274,0.08374199714976138,2.5982256020278793,0.22179974651457182,-2.978453738910023,-6.337135614702154,2.757964812173064,0.38040893961005917,-2.805515929624353,-6.229196386115084,,,False,False,True,True,False,False,,,UNDERLYING_WRONG_OPTION_LOSS,UNDERLYING_WRONG_OPTION_LOSS,,74.39,70.76,,1.051,0.2108,157.8,157.65,157.65,157.72500000000002,0.15000000000000568,0.0951022349025238,-0.48055,0.00096,-10.06138,12.15212,13.63198824182669,VALID,13.826312988903547,13.737430701213643,13.628689032156805,13.56606182086708,-0.024201969744679575,IV_NEUTRAL,14:13,153.1,153.5,153.1,0.4000000000000057,SIGNAL_FLIP,5,0.07500000000000284,0.20000000000000284,-4.425000000000011,-4.7,0.2749999999999888,-0.13415173333333333,6.75,-10.75,-4.7,-305.5,-2.978,SIGNAL_FLIP,The underlying never moved the expected way and 12C flipped to the other side.,12E-option-audit-v1,9d8fb5671d76d03c
NIF-2026-09-16-1420-f997f4,NIFTY,2026-09-16,14:20,BUY_PE,PE,23250.0,NIFTY 23250 PE,STRONG,RANGE,0.0532,ATM,15.35,0.0661,23234.65,23239.3,0.02001321302450356,-0.022590458650854777,-0.03743006064098803,-0.025816833866522663,2.950928381962857,56.7,-0.0030127417456287378,0.02001321302450356,0.004303916779465152,-0.002151958389732576,0.16087516087516088,-2.8635778635778744,-1.0617760617760654,1.1261261261261262,0.3703703703703631,-2.657004830917874,-0.8534621578099765,1.3526570048309325,,False,,,True,False,False,True,,UNDERLYING_WRONG_OPTION_LOSS,,,,,70.76,,,-0.549,155.4,155.1,155.5,155.25,0.30000000000001137,0.19323671497585274,-0.47278,0.00095,-10.26291,12.13459,13.791620520682574,VALID,13.75580476416118,13.623074951924915,13.680192886412568,13.907567719018585,-1.2220867627912222,IV_HEADWIND,14:23,150.95,151.3,151.2,0.35000000000002274,SIGNAL_FLIP,3,0.15000000000000568,0.17500000000001137,-4.125,-4.45,0.3250000000000002,-0.08210328,9.15,-8.0,-4.45,-289.25,-2.864,SIGNAL_FLIP,The underlying never moved the expected way and 12C flipped to the other side.,12E-option-audit-v1,9d8fb5671d76d03c
NIF-2026-09-16-1427-040865,NIFTY,2026-09-16,14:27,BUY_PE,PE,23250.0,NIFTY 23250 PE,STRONG,RANGE,-0.0506,ATM,18.4,0.0792,23231.6,23232.6,0.004304481826477729,-0.020872379386705726,-0.02001183495616313,-0.0228085501938852,3.662943495400781,100.0,-0.025181218684888446,0.010976428657530736,-0.008824187744276213,-0.017217927305910916,1.8688628444726116,-0.4434589800443387,0.7285397529300005,1.3937282229965267,1.9806686737442742,-0.26937093962919,0.8873395658374484,1.5053081920456528,True,,,,True,False,True,True,UNDERLYING_CORRECT_OPTION_PROFITABLE,,,,,,70.09,,,0.2688,157.85,157.7,157.85,157.77499999999998,0.15000000000000568,0.09507209633972791,-0.47601,0.00094,-10.31878,12.1345,13.860393031345636,VALID,13.883182409794076,13.907567719018585,13.904412389278962,13.867811756287074,0.16975670020059003,IV_NEUTRAL,14:35,157.3,157.65,157.65,0.3499999999999943,SIGNAL_FLIP,8,0.07500000000000284,0.17499999999999716,-0.2999999999999545,-0.55,0.2500000000000455,-0.22013397333333334,6.7,-10.45,-0.55,-35.75,-0.348,LATE_ENTRY,84% of the move around this signal happened in the 5 minutes BEFORE it (-0.02% before vs +0.00% after).,12E-option-audit-v1,9d8fb5671d76d03c
NIF-2026-09-16-1439-22128e,NIFTY,2026-09-16,14:39,BUY_PE,PE,23250.0,NIFTY 23250 PE,STRONG,RANGE,-0.0383,ITM,24.9,0.1072,23225.1,23235.6,0.04520970846196572,-0.014637191381283575,-0.04045707891282987,-0.016789358129930067,0.5796647344508923,100.0,0.017007461754742617,0.017007461754742617,0.05166823824224654,0.031000942945351054,-1.2141967621419605,-0.49813200498130944,-3.175591531755912,-2.179327521793275,-1.1214953271028107,-0.3271028037383036,-2.9750778816199412,-2.0093457943925372,,,False,False,False,False,False,False,,,UNDERLYING_WRONG_OPTION_LOSS,UNDERLYING_WRONG_OPTION_LOSS,57.58,,69.8,0.825,,0.6313,160.6,160.4,160.55,160.5,0.19999999999998863,0.12461059190030443,-0.48235,0.00095,-10.26089,12.13302,13.825388815941897,VALID,13.850004500713514,13.92970343893864,13.897258396842682,13.862940558985922,-0.648468901457063,IV_NEUTRAL,14:45,154.55,154.75,154.55,0.19999999999998863,POSITION_SIGNAL,6,0.09999999999999432,0.09999999999999432,-5.849999999999994,-6.05,0.2000000000000055,-0.16417424,3.95,-13.2,-6.05,-393.25,-3.767,UNDERLYING_DID_NOT_CONTINUE,The underlying did not move down at any measured horizon (move to exit +0.05%).,12E-option-audit-v1,9d8fb5671d76d03c
NIF-2026-09-16-1446-634e76,NIFTY,2026-09-16,14:46,BUY_CE,CE,23250.0,NIFTY 23250 CE,MODERATE,RANGE,0.011,ATM,12.95,0.0557,23237.05,23232.3,-0.02044149321880359,0.006240424176697514,0.04542225475211191,0.02604278765442414,1.7609652698516152,72.5,-0.005809687546390548,-0.02044149321880359,0.022593229347098707,0.05745135462548896,-0.7682458386683666,-1.5685019206145894,1.2483994878361186,3.4250960307298484,-0.6088767825668892,-1.345938150937328,1.4100304438391578,3.653260695401408,,False,True,True,False,False,True,True,,UNDERLYING_WRONG_OPTION_LOSS,UNDERLYING_CORRECT_OPTION_PROFITABLE,UNDERLYING_CORRECT_OPTION_PROFITABLE,,63.59,79.47,,0.8,-0.3856,156.2,155.85,156.2,156.02499999999998,0.3499999999999943,0.22432302515622135,0.53363,0.00112,-14.66052,12.10358,11.706911035350217,VALID,11.720856835572139,11.752534885143985,11.667429534924464,11.543013098148046,0.3897172333163101,IV_NEUTRAL,14:49,153.75,154.1,154.2,0.3499999999999943,SIGNAL_FLIP,3,0.17499999999999716,0.17499999999999716,-2.099999999999966,-2.45,0.3500000000000343,-0.11728416,5.35,-12.25,-2.45,-159.25,-1.569,MOMENTUM_REVERSAL,"The underlying moved the right way first, then reversed (-0.02% by the exit).",12E-option-audit-v1,9d8fb5671d76d03c
NIF-2026-09-16-1451-c7abc6,NIFTY,2026-09-16,14:51,BUY_CE,CE,23250.0,NIFTY 23250 CE,STRONG,RANGE,0.0486,ATM,7.7,0.0331,23242.3,23225.55,-0.07206687806284232,0.030557085800847615,0.02151712978702345,0.022593229347098707,1.4100304438391578,100.0,-0.030332626289133486,-0.008389875356572834,0.03485025148114508,-0.048188002047993214,-3.2533164876816207,-2.116234996841454,2.053063802905875,-4.011370814908416,-3.0968557434034025,-2.0066361194501567,2.2120398167167004,-3.839469110444016,False,,True,False,False,False,True,False,UNDERLYING_WRONG_OPTION_LOSS,,UNDERLYING_CORRECT_OPTION_PROFITABLE,UNDERLYING_WRONG_OPTION_LOSS,,,79.2,,,-0.5482,158.3,158.15,158.3,158.22500000000002,0.15000000000000568,0.09480170643071933,0.53918,0.00112,-14.64901,12.08733,11.667429534924464,VALID,11.526237839533755,11.467558600094135,11.543013098148046,11.68843052660355,-2.623654161226618,IV_HEADWIND,15:00,145.15,145.5,145.6,0.3499999999999943,SIGNAL_FLIP,9,0.07500000000000284,0.17499999999999716,-12.900000000000034,-13.15,0.24999999999996625,-0.35157624000000004,3.25,-14.35,-13.15,-854.75,-8.307,MOMENTUM_REVERSAL,"The underlying moved the right way first, then reversed (-0.07% by the exit).",12E-option-audit-v1,9d8fb5671d76d03c
NIF-2026-09-16-1505-c69daf,NIFTY,2026-09-16,15:05,BUY_PE,PE,23250.0,NIFTY 23250 PE,MODERATE,RANGE,-0.0432,ATM,18.8,0.0809,23231.2,23234.6,0.01463549020282128,-0.0027978830786089667,-0.006456417032888988,0.024326657495738337,-3.7329286798179098,60.7,-0.029916663796965833,-0.0008609111884049365,0.01463549020282128,-0.030347119391160474,2.4566929133858304,-0.8503937007873981,-1.6062992125984326,-3.968503937007881,2.632408575031533,-0.630517023959629,-1.3871374527112341,-3.7358133669608975,True,,,True,True,False,False,False,UNDERLYING_CORRECT_OPTION_PROFITABLE,,,UNDERLYING_CORRECT_OPTION_LOSS,,,69.8,,,-0.3655,158.75,158.45,158.75,158.6,0.30000000000001137,0.18915510718790124,-0.47656,0.00094,-10.42463,12.10979,13.943459232680446,VALID,14.029426283477628,13.865212175101894,13.851582146615007,13.180856282603054,-0.658926056527633,IV_NEUTRAL,15:10,156.2,156.6,156.2,0.4000000000000057,SIGNAL_FLIP,5,0.15000000000000568,0.20000000000000284,-2.200000000000017,-2.55,0.34999999999998277,-0.1389950666666667,3.9,-11.35,-2.55,-165.75,-1.606,MIXED,The underlying moved as expected and no single measured factor dominates.,12E-option-audit-v1,9d8fb5671d76d03c
NIF-2026-09-16-1511-9d9ab2,NIFTY,2026-09-16,15:11,BUY_PE,PE,23250.0,NIFTY 23250 PE,MODERATE,RANGE,0.0039,ATM,18.0,0.0775,23232.0,23232.4,0.001721763085405713,-0.011190207707464492,0.004304593000731781,0.03337029182858435,-1.7508831208723663,62.6,0.001721763085405713,-0.04046143250689332,-0.03378960055095793,-0.03378960055095793,-0.9059668853483394,-0.09372071227741685,-4.529834426741643,-3.3114651671352773,-0.7190870720650517,0.10942629357512043,-4.3301547600437775,-3.188994841331888,,True,True,True,False,False,False,False,,UNDERLYING_CORRECT_OPTION_LOSS,UNDERLYING_CORRECT_OPTION_LOSS,UNDERLYING_CORRECT_OPTION_LOSS,,,69.14,,,-6.6665,160.05,159.8,160.15,159.925,0.25,0.15632327653587616,-0.47596,0.00093,-10.5796,12.10512,14.096139956718481,VALID,13.943138041433462,13.752460348990144,13.177241411067318,13.345236556269482,-1.0854171124492524,IV_HEADWIND,15:12,158.6,158.95,158.6,0.3499999999999943,SIGNAL_FLIP,1,0.125,0.17499999999999716,-1.150000000000034,-1.45,0.29999999999996585,-0.028212266666666663,-0.1,-12.65,-1.45,-94.25,-0.906,IV_HEADWIND,The underlying moved as expected but IV fell -1.09% over the hold.,12E-option-audit-v1,9d8fb5671d76d03c
NIF-2026-09-16-1513-d3b5df,NIFTY,2026-09-16,15:13,BUY_PE,PE,23250.0,NIFTY 23250 PE,STRONG,RANGE,-0.0344,ITM,26.2,0.1128,23223.8,23224.15,0.0015070746389573748,-0.03701726898642491,-0.046482401246413854,-0.030993069605271952,1.5228426395938939,56.5,-0.005167113047824764,0.0015070746389573748,0.0015070746389573748,0.0015070746389573748,-0.09372071227741685,-4.529834426741643,-1.1246485473289667,-4.37363323961262,0.06250000000001421,-4.375,-0.9843749999999929,-4.265624999999993,,,,,False,False,False,False,,,,,,,70.17,,,-0.8786,160.05,159.95,159.95,160.0,0.10000000000002274,0.06250000000001421,-0.48346,0.00095,-10.2092,12.11104,13.752010957947622,VALID,13.752460348990144,13.177241411067318,13.620238204640877,13.222434302029482,-2.957926683755696,IV_HEADWIND,15:21,154.75,154.9,154.8,0.15000000000000568,POSITION_SIGNAL,8,0.05000000000001137,0.07500000000000284,-5.175000000000011,-5.3,0.12499999999998845,-0.21779626666666665,-0.15,-12.65,-5.3,-344.5,-3.311,IV_HEADWIND,The underlying moved as expected but IV fell -2.96% over the hold.,12E-option-audit-v1,9d8fb5671d76d03c
SEN-2026-09-16-0918-173be2,SENSEX,2026-09-16,09:18,BUY_CE,CE,74500.0,SENSEX 74500 CE,MODERATE,UNKNOWN,,ATM,49.52,0.0665,74450.48,74359.15,-0.1226721439539433,-0.0518196761189772,0.24937628997022174,,,98.2,-0.09165824048413213,-0.11536527366915489,-0.06421718167565564,-0.20623104108931684,-8.946772366930928,-11.179420805694875,-7.328911179420816,-21.679339912635495,-8.71466753057424,-11.039118814286867,-7.094840852028844,-21.53559569126104,False,False,False,False,False,False,False,False,UNDERLYING_WRONG_OPTION_LOSS,UNDERLYING_WRONG_OPTION_LOSS,UNDERLYING_WRONG_OPTION_LOSS,UNDERLYING_WRONG_OPTION_LOSS,110.48,104.42,118.23,0.934,0.883,0.4978,309.05,308.3,308.35,308.675,0.75,0.24297400178180933,0.4902,0.0005,-117.0199,18.99677,16.849349751762862,VALID,17.012411166838667,17.12346263139302,16.832162600769273,17.258130458384745,2.309579296532688,IV_TAILWIND,09:20,274.35,275.0,275.05,0.6499999999999773,SIGNAL_FLIP,2,0.375,0.32499999999998863,-34.0,-34.7,0.7000000000000028,-0.6241061333333333,3.5,-152.25,-34.7,-694.0,-11.228,SIGNAL_FLIP,The underlying never moved the expected way and 12C flipped to the other side.,12E-option-audit-v1,9d8fb5671d76d03c
SEN-2026-09-16-0923-6bd273,SENSEX,2026-09-16,09:23,BUY_CE,CE,74400.0,SENSEX 74400 CE,STRONG,UNKNOWN,,ATM,-2.67,0.0036,74402.67,74334.14,-0.09210690960418334,0.003924744370778469,0.05852675830749017,-0.06421718167565564,-6.94521306032098,75.9,-0.06001128722933489,-0.13374520027304768,-0.1421051153137326,-0.2724230192276733,-5.94000594000594,-10.588060588060582,-14.404514404514405,-22.304722304722297,-5.686886708296165,-10.377639012786197,-14.235801367826348,-22.152839726434717,False,False,False,False,False,False,False,False,UNDERLYING_WRONG_OPTION_LOSS,UNDERLYING_WRONG_OPTION_LOSS,UNDERLYING_WRONG_OPTION_LOSS,UNDERLYING_WRONG_OPTION_LOSS,100.18,81.32,114.9,0.872,0.708,2.0928,336.7,335.9,336.85,336.29999999999995,0.8000000000000114,0.23788284269997367,0.51937,0.0005,-117.47721,18.94757,16.83441447032328,VALID,17.00719023410026,17.34847322971038,17.42063055737805,18.05714384310575,1.1280015246881363,IV_TAILWIND,09:25,303.15,303.8,303.15,0.6500000000000341,POSITION_SIGNAL,2,0.4000000000000057,0.32500000000001705,-32.82499999999993,-33.55,0.7250000000000654,-0.62654512,30.8,-148.7,-33.55,-671.0,-9.964,UNDERLYING_DID_NOT_CONTINUE,The underlying did not move up at any measured horizon (move to exit -0.09%).,12E-option-audit-v1,9d8fb5671d76d03c
SEN-2026-09-16-0927-c77b19,SENSEX,2026-09-16,09:27,BUY_PE,PE,74300.0,SENSEX 74300 PE,MODERATE,TRENDING_DOWN,-0.1987,ATM,-41.06,0.0552,74341.06,74221.28,-0.16112226540756727,0.05100725191229307,-0.022808568598257997,-0.07888467367162165,7.0853039061131415,97.0,-0.05934809108182658,-0.1121587451134066,-0.1869088226613894,-0.18115157357185685,6.387845123345862,14.393073027283126,22.20225453357294,20.02940695964712,6.649218941686427,14.672446225566357,22.48302936124968,20.32387339494561,True,True,True,True,True,True,True,True,UNDERLYING_CORRECT_OPTION_PROFITABLE,UNDERLYING_CORRECT_OPTION_PROFITABLE,UNDERLYING_CORRECT_OPTION_PROFITABLE,UNDERLYING_CORRECT_OPTION_PROFITABLE,120.29,112.19,112.93,1.065,0.993,1.3747,306.05,305.3,305.45,305.675,0.75,0.24535863253455467,-0.46436,0.00047,-104.28297,18.86051,17.960153026234824,VALID,17.616483933445682,18.24448610701202,18.048443249195106,17.784233108142512,-1.6841660484103804,IV_HEADWIND,09:35,358.55,359.3,358.15,0.75,POSITION_SIGNAL,8,0.375,0.375,53.25,52.5,0.75,-2.22470336,173.65,-75.3,52.5,1050.0,17.154,,,12E-option-audit-v1,9d8fb5671d76d03c
SEN-2026-09-16-0936-353be3,SENSEX,2026-09-16,09:36,BUY_PE,PE,74200.0,SENSEX 74200 PE,STRONG,TRENDING_DOWN,-0.1319,ATM,-5.16,0.007,74205.16,74001.12,-0.2749674011888232,-0.021718838586447638,0.006981133957189163,-0.03930795370443519,5.740405205073302,92.7,0.0016575666705602756,-0.11713471138664515,-0.2170334246297736,-0.24541420030628674,-0.528935905413811,4.044803982576229,16.521468574984453,24.797759800871205,-0.295973206636045,4.338344107796543,16.81595139808395,25.048679803723022,,True,True,True,False,True,True,True,,UNDERLYING_CORRECT_OPTION_PROFITABLE,UNDERLYING_CORRECT_OPTION_PROFITABLE,UNDERLYING_CORRECT_OPTION_PROFITABLE,77.48,102.07,111.24,0.697,0.918,-7.3268,321.4,320.55,321.85,320.975,0.8499999999999659,0.2648181322532801,-0.48117,0.00047,-104.48873,18.84079,17.987590897585463,VALID,17.89807630630863,16.34724186499594,16.343014624871202,17.017140286410676,-6.878813115261262,IV_HEADWIND,09:48,405.65,406.25,406.2,0.6000000000000227,POSITION_SIGNAL,12,0.42499999999998295,0.30000000000001137,84.97499999999997,84.25,0.7249999999999659,-3.34363936,101.4,-124.55,84.25,1685.0,26.213,,,12E-option-audit-v1,9d8fb5671d76d03c
SEN-2026-09-16-0949-1c513f,SENSEX,2026-09-16,09:49,BUY_CE,CE,74100.0,SENSEX 74100 CE,MODERATE,RANGE,-0.0656,ATM,30.37,0.041,74069.63,74323.65,0.3429475751397564,0.092579679875128,0.06292634523976214,0.06426462597772473,7.697620874904082,53.1,0.08204442225509904,0.15718993060987752,0.2519251142472174,0.3329839773737217,8.51124395103899,17.62026757756902,27.170509536009106,39.097637346996855,8.814936221762974,17.929166963585825,27.42820494548563,39.44274210788853,True,True,True,True,True,True,True,True,UNDERLYING_CORRECT_OPTION_PROFITABLE,UNDERLYING_CORRECT_OPTION_PROFITABLE,UNDERLYING_CORRECT_OPTION_PROFITABLE,UNDERLYING_CORRECT_OPTION_PROFITABLE,108.87,118.45,106.02,1.027,1.117,0.7189,351.3,350.35,351.3,350.82500000000005,0.9499999999999886,0.2707902800541548,0.50216,0.00045,-129.44435,18.76959,18.72895280227062,VALID,18.946087019191445,18.806373822928688,18.42382668554324,18.837094702458863,-1.2735255443614306,IV_HEADWIND,09:58,488.7,490.05,488.6,1.3500000000000227,POSITION_SIGNAL,9,0.4749999999999943,0.6750000000000114,138.54999999999995,137.4,1.1499999999999488,-3.1066643999999997,211.85,29.8,137.4,2748.0,39.112,,,12E-option-audit-v1,9d8fb5671d76d03c
SEN-2026-09-16-0959-b0eef0,SENSEX,2026-09-16,09:59,BUY_PE,PE,74300.0,SENSEX 74300 PE,MODERATE,TRENDING_UP,0.333,ATM,-16.27,0.0219,74316.27,74333.87,0.02368256641512184,-0.009929544633491634,-0.0758746152822111,0.0808551686505067,-6.92653032138531,22.0,0.0390896905886193,-0.05901803198680529,-0.09310208921949706,-0.15201247317714028,-3.55011476664117,6.044376434583015,8.75286916602908,16.755929609793423,-3.399433427762047,6.216981854375626,8.927340938672394,16.966541612433975,False,True,True,True,False,True,True,True,UNDERLYING_WRONG_OPTION_LOSS,UNDERLYING_CORRECT_OPTION_PROFITABLE,UNDERLYING_CORRECT_OPTION_PROFITABLE,UNDERLYING_CORRECT_OPTION_PROFITABLE,95.89,111.61,108.5,0.884,1.029,-1.1747,326.75,326.3,326.55,326.525,0.44999999999998863,0.13781486869305218,-0.47674,0.00046,-109.09449,18.75597,18.582441408155802,VALID,18.696931413796307,18.664637173679946,18.310476500615756,18.445593079894373,0.35092285914943455,IV_NEUTRAL,10:01,319.2,320.1,319.2,0.9000000000000341,SIGNAL_FLIP,2,0.22499999999999432,0.45000000000001705,-6.875,-7.55,0.6749999999999998,-0.5818372799999999,73.5,-96.0,-7.55,-151.0,-2.311,MOMENTUM_REVERSAL,"The underlying moved the right way first, then reversed (+0.02% by the exit).",12E-option-audit-v1,9d8fb5671d76d03c
SEN-2026-09-16-1002-06c6e7,SENSEX,2026-09-16,10:02,BUY_PE,PE,74300.0,SENSEX 74300 PE,STRONG,REVERSING,0.1164,ATM,27.59,0.0371,74272.41,74203.3,-0.0930493570896657,-0.0826810174150651,-0.05901803198680529,-0.11863804811766814,14.425932035631792,64.7,0.007593667688983592,-0.09543247620483118,-0.109273416602482,-0.047043040612257406,-4.061644822122992,6.52455710787845,8.973066397810756,5.329108454558548,-3.8492034887911677,6.77575145966988,9.197722194190163,5.507100122540177,,True,True,True,False,True,True,True,,UNDERLYING_CORRECT_OPTION_PROFITABLE,UNDERLYING_CORRECT_OPTION_PROFITABLE,UNDERLYING_CORRECT_OPTION_PROFITABLE,84.17,,105.98,0.794,,-2.3831,347.15,346.5,347.2,346.825,0.6499999999999773,0.18741440207596835,-0.49489,0.00045,-109.46516,18.76296,18.664637173679946,VALID,18.095474259067842,17.90964901970779,17.912511853437262,18.448567772046403,-1.1735780971647265,IV_HEADWIND,10:09,381.5,382.35,382.3,0.8500000000000227,SIGNAL_FLIP,7,0.32499999999998863,0.42500000000001137,35.10000000000002,34.35,0.7500000000000213,-2.0433496533333333,53.1,-116.4,34.35,687.0,9.895,,,12E-option-audit-v1,9d8fb5671d76d03c
SEN-2026-09-16-1011-e18b27,SENSEX,2026-09-16,10:11,BUY_PE,PE,74200.0,SENSEX 74200 PE,STRONG,TRENDING_DOWN,-0.1852,ATM,3.81,0.0051,74196.19,74237.47,0.05563627997609963,-0.011050559138074028,-0.019134786921342267,0.04227070401554945,-1.160597707819527,94.0,0.05563627997609963,-0.0002830334010498421,0.026119939581809602,0.09792955676026423,-6.68425681618294,-0.5716798592788171,-4.089709762532995,-7.109352096159484,-6.44356377513575,-0.3082342580360941,-3.8455893145457285,-6.891237340378678,False,,False,False,False,False,False,False,UNDERLYING_WRONG_OPTION_LOSS,,UNDERLYING_WRONG_OPTION_LOSS,UNDERLYING_WRONG_OPTION_LOSS,,70.37,105.86,,0.665,-1.0806,341.1,340.2,341.3,340.65,0.9000000000000341,0.2642007926023878,-0.48601,0.00045,-111.4399,18.69272,18.932630062149663,VALID,18.801672590960603,18.867362245166376,18.687295890396978,19.518708371222328,-0.691702477464404,IV_NEUTRAL,10:12,318.3,319.1,319.1,0.8000000000000114,SIGNAL_FLIP,1,0.45000000000001705,0.4000000000000057,-21.949999999999932,-22.8,0.8500000000000689,-0.29717306666666665,8.15,-144.25,-22.8,-456.0,-6.684,SIGNAL_FLIP,The underlying never moved the expected way and 12C flipped to the other side.,12E-option-audit-v1,9d8fb5671d76d03c
SEN-2026-09-16-1015-4a5b8d,SENSEX,2026-09-16,10:15,BUY_PE,PE,74200.0,SENSEX 74200 PE,STRONG,RANGE,-0.0223,ATM,15.03,0.0203,74184.97,74252.54,0.09108313988668112,-0.014839078882703298,-0.07071900483677582,-0.026170958348957864,5.212485896953738,100.0,0.04124824745498424,0.1471591887143693,0.08647304164171554,0.19681884349349302,-6.568613451377982,-13.565614736541484,-10.709695844638013,-16.892760245609022,-6.334000571918798,-13.361452673720322,-10.50185873605947,-16.678581641406918,False,False,False,False,False,False,False,False,UNDERLYING_WRONG_OPTION_LOSS,UNDERLYING_WRONG_OPTION_LOSS,UNDERLYING_WRONG_OPTION_LOSS,UNDERLYING_WRONG_OPTION_LOSS,121.45,84.74,104.18,1.166,0.813,-1.4928,350.15,349.25,349.25,349.7,0.8999999999999773,0.25736345438947017,-0.49111,0.00045,-112.43323,18.67886,19.081409177587343,VALID,18.687295890396978,19.224387499646745,18.7949309671226,19.603183645638865,-1.0050362707649576,IV_HEADWIND,10:17,311.2,311.7,311.65,0.5,SIGNAL_FLIP,2,0.44999999999998863,0.25,-38.25,-38.95,0.7000000000000028,-0.5996438933333332,-23.0,-153.3,-38.95,-779.0,-11.124,SIGNAL_FLIP,The underlying never moved the expected way and 12C flipped to the other side.,12E-option-audit-v1,9d8fb5671d76d03c
SEN-2026-09-16-1023-5d11e0,SENSEX,2026-09-16,10:23,BUY_CE,CE,74300.0,SENSEX 74300 CE,STRONG,RANGE,0.0796,ATM,6.15,0.0083,74293.85,74349.96,0.07552442093120841,0.026294417774540155,0.06024313823518781,-0.00039034034177338507,-0.030145451804965778,99.8,0.030338984990000647,0.09462425220928562,0.049708017554606486,0.08572714969003191,2.997439373399605,11.76381985238741,5.9195661997288855,7.199879499924698,3.218997361477559,12.001507727101398,6.121372031662273,7.402940067847723,True,True,True,True,True,True,True,True,UNDERLYING_CORRECT_OPTION_PROFITABLE,UNDERLYING_CORRECT_OPTION_PROFITABLE,UNDERLYING_CORRECT_OPTION_PROFITABLE,UNDERLYING_CORRECT_OPTION_PROFITABLE,,86.35,114.62,,0.753,0.4241,331.95,331.3,331.5,331.625,0.6499999999999773,0.19600452318129735,0.51161,0.00049,-121.34493,18.66622,17.237843463761372,VALID,17.047439829323167,17.143155788847395,17.234644405980703,16.670628688414755,-6.231250979050521,IV_HEADWIND,10:31,342.5,343.45,342.65,0.9499999999999886,POSITION_SIGNAL,8,0.32499999999998863,0.4749999999999943,11.350000000000023,10.55,0.800000000000022,-2.58869184,95.25,-67.45,10.55,211.0,3.178,,,12E-option-audit-v1,9d8fb5671d76d03c
SEN-2026-09-16-1034-c7645a,SENSEX,2026-09-16,10:34,BUY_CE,CE,74300.0,SENSEX 74300 CE,STRONG,RANGE,0.0661,ATM,-65.5,0.0881,74365.5,74351.25,-0.019162111462976784,0.01070503408263157,0.02090115448615385,0.015318588306684618,0.14508774354013465,68.9,0.04265418776179971,0.010125663109908272,-0.002407030141656544,0.03238060659849224,3.128445424476286,-1.3368246968026525,-0.7855567805953756,4.368798235942658,3.3666781648844393,-1.1176267678509864,-0.5726112452569977,4.6084856847188655,True,,,True,True,False,False,True,UNDERLYING_CORRECT_OPTION_PROFITABLE,,,UNDERLYING_CORRECT_OPTION_PROFITABLE,,,112.91,,,-0.3008,362.8,361.95,362.8,362.375,0.8500000000000227,0.2345636426353978,0.55018,0.0005,-118.9242,18.49615,16.804468035588112,VALID,16.45784680762746,16.380745629625892,16.71779963674502,17.02922340804375,3.9814301681553212,IV_TAILWIND,10:38,365.8,366.7,366.6,0.8999999999999773,SIGNAL_FLIP,4,0.42500000000001137,0.44999999999998863,3.875,3.0,0.875,-1.2685248,64.4,-98.3,3.0,60.0,0.827,,,12E-option-audit-v1,9d8fb5671d76d03c
SEN-2026-09-16-1040-258d6d,SENSEX,2026-09-16,10:40,BUY_CE,CE,74400.0,SENSEX 74400 CE,STRONG,RANGE,0.0639,ATM,-0.28,0.0004,74400.28,74415.89,0.020981103834556245,0.04917721291741957,0.03663962595042854,0.004113056912607315,1.2479525778020437,100.0,0.00543008709108104,-0.026290223638940166,0.010053725604253003,0.05897827266242098,-0.10772545398583132,-0.35395506309633035,3.5549399815327827,7.756232686980624,0.13866420152532025,-0.10014636776827321,3.728526307680463,7.980895154456524,,False,,True,False,False,True,True,,UNDERLYING_WRONG_OPTION_LOSS,,UNDERLYING_CORRECT_OPTION_PROFITABLE,,135.32,118.5,,1.142,2.5371,324.9,324.15,324.7,324.525,0.75,0.23110700254217703,0.51689,0.00051,-118.23249,18.60876,16.650163946193658,VALID,16.526526878333726,17.133912801251828,17.09482548699646,16.834815546837227,-2.7364579916259473,IV_HEADWIND,10:55,323.75,324.4,323.65,0.6499999999999773,POSITION_SIGNAL,15,0.375,0.32499999999998863,-0.44999999999998863,-1.15,0.7000000000000113,-4.7292996,42.6,-107.55,-1.15,-23.0,-0.354,SPREAD_FRICTION,Execution friction of 0.70/unit accounts for most of a 1.15/unit loss.,12E-option-audit-v1,9d8fb5671d76d03c
SEN-2026-09-16-1056-298a32,SENSEX,2026-09-16,10:56,BUY_PE,PE,74400.0,SENSEX 74400 PE,STRONG,RANGE,-0.0532,ATM,21.1,0.0284,74378.9,74407.16,0.03799464633116289,-0.04970712572275255,-0.10192762614735656,-0.04625515969454501,6.0331140848264875,100.0,0.014224464196165508,0.03799464633116289,0.08289985466308791,0.08631480164403028,-2.3643355647343713,-2.948297963253104,-8.645492095143148,-10.254949437402079,-2.117647058823533,-2.695187165775414,-8.42780748663102,-10.053475935828878,,False,False,False,False,False,False,False,,UNDERLYING_WRONG_OPTION_LOSS,UNDERLYING_WRONG_OPTION_LOSS,UNDERLYING_WRONG_OPTION_LOSS,101.66,116.47,104.8,0.97,1.111,0.2603,351.05,350.2,350.15,350.625,0.8500000000000227,0.24242424242424893,-0.49404,0.00045,-113.97956,18.54606,19.092986758647605,VALID,18.99220135709422,19.3883334228988,19.09991512681617,18.996614009934323,1.5468856077084234,IV_TAILWIND,10:59,340.7,341.65,341.6,0.9499999999999886,SIGNAL_FLIP,3,0.42500000000001137,0.4749999999999943,-9.450000000000045,-10.35,0.8999999999999542,-0.9118364800000001,58.35,-81.05,-10.35,-207.0,-2.948,SIGNAL_FLIP,The underlying never moved the expected way and 12C flipped to the other side.,12E-option-audit-v1,9d8fb5671d76d03c
SEN-2026-09-16-1101-f199fa,SENSEX,2026-09-16,11:01,BUY_CE,CE,74400.0,SENSEX 74400 CE,MODERATE,RANGE,0.0366,ATM,-40.56,0.0545,74440.56,74434.26,-0.00846312816561685,0.04067985758421863,0.055659238042374805,0.08289985466308791,8.944059839261547,79.7,0.010693095269576697,0.060880788645339294,0.0034121183397977516,-0.022339971649870255,0.6858310229096813,4.84459360863856,0.5545016780971938,-2.4077046548956664,0.8618800671974424,5.069023446059462,0.7669271784383902,-2.176612373091809,,True,,False,True,True,True,False,,UNDERLYING_CORRECT_OPTION_PROFITABLE,,UNDERLYING_WRONG_OPTION_LOSS,,,116.93,,,0.3679,342.65,341.9,342.75,342.275,0.75,0.21912205098239718,0.53763,0.00052,-118.38722,18.4582,16.574192638550457,VALID,16.48401729920033,16.15021040320162,16.61373253125062,16.62378579159541,-2.343202967549076,IV_HEADWIND,11:07,332.2,332.95,332.15,0.75,POSITION_SIGNAL,6,0.375,0.375,-9.699999999999989,-10.45,0.7500000000000107,-1.89419552,24.85,-125.3,-10.45,-209.0,-3.05,IV_HEADWIND,The underlying moved as expected but IV fell -2.34% over the hold.,12E-option-audit-v1,9d8fb5671d76d03c
SEN-2026-09-16-1108-3748c6,SENSEX,2026-09-16,11:08,BUY_PE,PE,74400.0,SENSEX 74400 PE,MODERATE,RANGE,0.0298,ATM,-21.33,0.0287,74421.33,74423.93,0.0034936220569979992,-0.017371033177454864,-0.04706111780629864,-0.06609324088515683,7.769749127222542,75.2,0.0025933425269247606,0.0034936220569979992,0.00393704331808235,-0.014592590591972196,-0.10532651218778896,-2.3773698465242354,-0.43635269334937965,-0.7523322299127294,0.14313695946962962,-2.1093867711315353,-0.27874039475667056,-0.5424137411481125,,,,,False,False,False,False,,,,,,,106.57,,,0.1409,332.3,331.4,331.95,331.85,0.9000000000000341,0.2712068705740648,-0.4752,0.00045,-115.73874,18.46866,19.27225170693545,VALID,19.326266432386515,18.945751890622898,19.317932642329815,18.932130899833428,-1.6941446244968632,IV_HEADWIND,11:11,324.4,325.3,324.45,0.9000000000000341,SIGNAL_FLIP,3,0.45000000000001705,0.45000000000001705,-7.0,-7.9,0.9000000000000004,-0.92590992,77.1,-62.3,-7.9,-158.0,-2.377,IV_HEADWIND,The underlying moved as expected but IV fell -1.69% over the hold.,12E-option-audit-v1,9d8fb5671d76d03c
SEN-2026-09-16-1115-0426c1,SENSEX,2026-09-16,11:15,BUY_PE,PE,74400.0,SENSEX 74400 PE,STRONG,RANGE,-0.0849,ATM,6.88,0.0092,74393.12,74410.47,0.023322049135734355,-0.017632929711284828,-0.034990988879756435,-0.028717525309936133,3.7758738342558154,100.0,0.0403935202610173,0.023322049135734355,-0.022703712386305912,-0.03365902653362784,-5.430656934306576,-3.7080291970802883,5.182481751824818,5.79562043795621,-5.216628917951347,-3.5435084386644258,5.391977789142978,6.020311244246355,False,False,True,True,False,False,True,True,UNDERLYING_WRONG_OPTION_LOSS,UNDERLYING_WRONG_OPTION_LOSS,UNDERLYING_CORRECT_OPTION_PROFITABLE,UNDERLYING_CORRECT_OPTION_PROFITABLE,,,106.1,,,2.9831,342.5,341.85,342.5,342.175,0.6499999999999773,0.18996127712427185,-0.48802,0.00045,-114.85413,18.45722,19.12254771746532,VALID,18.908360153450626,18.932130899833428,19.713129358995435,19.68476236216018,-0.9957711725722471,IV_NEUTRAL,11:18,329.8,330.3,330.25,0.5,POSITION_SIGNAL,3,0.32499999999998863,0.25,-12.125,-12.7,0.5749999999999993,-0.91883304,66.9,-72.5,-12.7,-254.0,-3.708,MOMENTUM_REVERSAL,"The underlying moved the right way first, then reversed (+0.02% by the exit).",12E-option-audit-v1,9d8fb5671d76d03c
SEN-2026-09-16-1119-2f8603,SENSEX,2026-09-16,11:19,BUY_PE,PE,74400.0,SENSEX 74400 PE,STRONG,RANGE,-0.0482,ATM,12.58,0.0169,74387.42,74394.48,0.00949085208224411,-0.030976823557226436,-0.04803611563441869,-0.02529357752791565,2.9071054379103987,100.0,-0.015042866119032395,-0.04757524861058418,0.019438770695376185,-0.1143069621180555,3.238286287433733,3.2526149878206114,-1.0746525290156184,9.915460667717445,3.4272603427260475,3.463110346311048,-0.8890800889079993,10.145551014555119,,True,,True,True,True,False,True,,UNDERLYING_CORRECT_OPTION_PROFITABLE,,UNDERLYING_CORRECT_OPTION_PROFITABLE,,88.76,104.62,,0.848,1.1446,348.95,348.4,348.6,348.67499999999995,0.5500000000000114,0.15774001577400484,-0.49039,0.00045,-116.3312,18.44074,19.335393047204864,VALID,19.713129358995435,19.14196223467051,19.55529766275733,18.920221563305507,-2.9273409647440123,IV_HEADWIND,11:23,333.3,334.15,334.4,0.8499999999999659,SIGNAL_FLIP,4,0.2750000000000057,0.42499999999998295,-14.949999999999932,-15.65,0.7000000000000686,-1.2408661333333333,60.45,-78.95,-15.65,-313.0,-4.485,IV_HEADWIND,The underlying moved as expected but IV fell -2.93% over the hold.,12E-option-audit-v1,9d8fb5671d76d03c
SEN-2026-09-16-1126-4e7881,SENSEX,2026-09-16,11:26,BUY_PE,PE,74300.0,SENSEX 74300 PE,MODERATE,TRENDING_DOWN,-0.1311,ATM,-25.58,0.0344,74325.58,74354.55,0.03897715968042384,-0.057148174324253086,-0.09261439827255219,-0.0428470910241135,3.73905498146248,100.0,0.005825719758933258,-0.031200563789750887,-0.013535044058852513,-0.016225907688843695,-1.610942249240125,1.504559270516714,-2.3708206686930127,0.6686930091185376,-1.4295490837198659,1.6956885407953908,-2.182343548019148,0.8592502471295097,,True,,,False,True,False,True,,UNDERLYING_CORRECT_OPTION_PROFITABLE,,,,,106.64,,,-3.6256,329.0,328.55,329.0,328.775,0.44999999999998863,0.13687172078168616,-0.4717,0.00044,-117.17239,18.35368,19.428751993325207,VALID,19.160498764907434,19.03052546969014,18.69179604117732,19.217199039891625,1.1967761080716326,IV_TAILWIND,11:33,321.1,321.5,321.05,0.39999999999997726,SIGNAL_FLIP,7,0.22499999999999432,0.19999999999998863,-7.474999999999966,-7.9,0.42500000000003446,-2.187217946666667,26.15,-98.25,-7.9,-158.0,-2.401,MOMENTUM_REVERSAL,"The underlying moved the right way first, then reversed (+0.04% by the exit).",12E-option-audit-v1,9d8fb5671d76d03c
SEN-2026-09-16-1134-e0680d,SENSEX,2026-09-16,11:34,BUY_PE,PE,74300.0,SENSEX 74300 PE,MODERATE,RANGE,-0.0883,ATM,-36.2,0.0487,74336.2,74344.51,0.01117894108119284,-0.024679054610653714,0.027827296370923616,0.04550324693458403,-2.609540900254231,75.1,-0.016842399799833832,-0.04654529018162251,0.004910124542293972,0.004694886206189231,-0.7360834227879264,3.189694832080962,-3.6957521852476645,-3.0363441190001637,-0.4836852207293805,3.4625719769673635,-3.45489443378119,-2.802303262955854,,True,,,False,True,False,False,,UNDERLYING_CORRECT_OPTION_PROFITABLE,,,,,107.01,,,-2.9295,326.05,325.2,326.35,325.625,0.8500000000000227,0.2610364683301413,-0.46876,0.00044,-117.85671,18.30894,19.494746412142852,VALID,19.07575914339653,19.20255801843961,18.932094788695935,19.108683119193497,-3.0444264764045865,IV_HEADWIND,11:43,310.9,311.75,311.0,0.8500000000000227,SIGNAL_FLIP,9,0.42500000000001137,0.42500000000001137,-14.300000000000011,-15.15,0.849999999999989,-2.8285610400000003,29.1,-95.3,-15.15,-303.0,-4.647,IV_HEADWIND,The underlying moved as expected but IV fell -3.04% over the hold.,12E-option-audit-v1,9d8fb5671d76d03c
SEN-2026-09-16-1145-a34562,SENSEX,2026-09-16,11:45,BUY_PE,PE,74300.0,SENSEX 74300 PE,MODERATE,RANGE,0.0004,ATM,-23.97,0.0323,74323.97,74323.49,-0.0006458212606187822,-0.021146173733037038,-0.02076960255670892,-0.014892034765828382,0.9519350811485678,63.6,-0.009633500470983308,-0.022913200142563477,0.00040363828789408097,-0.019441910866705707,1.7752392713800556,2.593393022537831,-2.8558196974374805,1.8524235875270147,2.040500850208677,2.797959499149795,-2.5892719121966303,2.1100633791930714,,True,,,True,True,False,True,,UNDERLYING_CORRECT_OPTION_PROFITABLE,,,,,108.88,,,-2.5454,323.9,323.0,323.6,323.45,0.8999999999999773,0.2782501159375413,-0.47383,0.00045,-115.42925,18.27259,19.072360652423924,VALID,19.262588120668102,19.10275203915257,18.659111780947757,19.08227922228215,-0.691058660591082,IV_NEUTRAL,11:49,320.4,321.2,321.1,0.8000000000000114,SIGNAL_FLIP,4,0.44999999999998863,0.4000000000000057,-2.650000000000034,-3.5,0.8499999999999659,-1.2312453333333333,31.25,-93.15,-3.5,-70.0,-1.081,LATE_ENTRY,96% of the move around this signal happened in the 5 minutes BEFORE it (-0.01% before vs -0.00% after).,12E-option-audit-v1,9d8fb5671d76d03c
SEN-2026-09-16-1153-9ac74d,SENSEX,2026-09-16,11:53,BUY_PE,PE,74300.0,SENSEX 74300 PE,STRONG,RANGE,-0.039,ATM,-15.5,0.0209,74315.5,74289.66,-0.034770673681797884,-0.05211538008923498,-0.011799644988109637,0.011519785365939806,-0.819548872180458,88.2,0.015151617091985873,-0.01979398644967255,-0.0413507276409308,-0.05897827505702276,-1.4843986670705949,1.0299909118448887,3.9533474704634823,7.588609512268995,-1.2735956333863965,1.2281100750511749,4.184671366841031,7.808354180880904,,,True,True,False,True,True,True,,,UNDERLYING_CORRECT_OPTION_PROFITABLE,UNDERLYING_CORRECT_OPTION_PROFITABLE,,132.39,107.24,,1.235,-0.2497,330.1,329.45,330.3,329.775,0.6500000000000341,0.19710408611933414,-0.47587,0.00045,-117.67162,18.24105,19.376503280533743,VALID,19.26673978893351,19.109503379592056,19.185856442724816,19.488961419414412,-2.25768346957759,IV_HEADWIND,12:01,336.15,336.95,336.95,0.8000000000000114,POSITION_SIGNAL,8,0.32500000000001705,0.4000000000000057,6.774999999999977,6.05,0.7249999999999774,-2.5103278933333333,25.05,-99.35,6.05,121.0,1.833,,,12E-option-audit-v1,9d8fb5671d76d03c
SEN-2026-09-16-1202-856b7b,SENSEX,2026-09-16,12:02,BUY_PE,PE,74200.0,SENSEX 74200 PE,MODERATE,RANGE,-0.0951,NEAR_ATM,-83.53,0.1124,74283.53,74297.31,0.018550545457383133,-0.00825148479614075,0.002530907700629505,-0.0045095446194614985,1.4404852160727748,100.0,-0.015965854072902273,-0.002261604961413405,0.044693621856684906,0.07758112733738509,1.9074473378669763,-1.9406203350472602,-7.264886382484651,-8.59180626969646,2.167414050822134,-1.7854177047001973,-7.033715329679441,-8.370702541106107,,,False,False,True,False,False,False,,,UNDERLYING_WRONG_OPTION_LOSS,UNDERLYING_WRONG_OPTION_LOSS,,107.9,110.43,,0.977,-2.098,301.45,300.65,300.7,301.04999999999995,0.8000000000000114,0.2657365886065476,-0.44756,0.00045,-117.91458,18.06663,19.422583021866163,VALID,19.488510067523908,19.134227578604225,19.106261102138724,19.477658627724153,-2.572310647661667,IV_HEADWIND,12:06,284.5,285.15,285.25,0.6499999999999773,SIGNAL_FLIP,4,0.4000000000000057,0.32499999999998863,-16.224999999999966,-16.95,0.7250000000000334,-1.25775552,5.75,-104.6,-16.95,-339.0,-5.623,SIGNAL_FLIP,The underlying never moved the expected way and 12C flipped to the other side.,12E-option-audit-v1,9d8fb5671d76d03c
SEN-2026-09-16-1213-5bd228,SENSEX,2026-09-16,12:13,BUY_CE,CE,74300.0,SENSEX 74300 CE,MODERATE,TRENDING_UP,0.1051,ATM,-49.72,0.0669,74349.72,74305.39,-0.05962362736537777,0.011514482690339606,0.01896802636475733,0.02994855467951516,4.366164180270238,100.0,0.035548217262947344,-0.05962362736537777,0.021385420146833343,0.011123108466318468,1.406343506882103,-5.475763016157993,-1.2268102932375722,1.5858767205266342,1.5566531956294105,-5.313575812004192,-1.0552312528064596,1.6988474779224871,True,False,True,,True,False,False,True,UNDERLYING_CORRECT_OPTION_PROFITABLE,UNDERLYING_WRONG_OPTION_LOSS,UNDERLYING_CORRECT_OPTION_LOSS,,,,121.15,,,-3.646,334.2,333.9,333.9,334.04999999999995,0.30000000000001137,0.0898069151324686,0.54432,0.00054,-117.17389,18.07777,16.124925779228192,VALID,15.652073419867929,16.461654059110813,15.464996452987759,16.242911227983804,2.0882470064847536,IV_TAILWIND,12:16,315.9,316.7,315.9,0.8000000000000114,POSITION_SIGNAL,3,0.15000000000000568,0.4000000000000057,-17.75,-18.3,0.5500000000000007,-0.93739112,93.0,-69.7,-18.3,-366.0,-5.476,MOMENTUM_REVERSAL,"The underlying moved the right way first, then reversed (-0.06% by the exit).",12E-option-audit-v1,9d8fb5671d76d03c
SEN-2026-09-16-1221-760f4d,SENSEX,2026-09-16,12:21,BUY_CE,CE,74300.0,SENSEX 74300 CE,MODERATE,RANGE,-0.0013,ATM,-53.79,0.0723,74353.79,74341.01,-0.017188094917554082,-0.008149559204345118,-0.015907888618425754,0.06513659372488884,6.149225418906117,84.7,-0.012669159164580923,-0.00879578566202691,-0.008499902963914056,-0.0032009128250087924,0.41654269562629487,-0.7289497173460414,-1.026480214221971,2.3356144004760386,0.6403574087862925,-0.5137751303052934,-0.811615785554735,2.5763216679076626,,,,,True,False,False,True,,,,,,,120.74,,,0.2147,336.1,335.4,335.4,335.75,0.7000000000000455,0.20848845867462262,0.54523,0.00054,-117.78598,18.03693,16.18595588789155,VALID,16.54668081420749,16.292171188953162,16.16334415438634,16.786134136624227,0.24808572853657632,IV_NEUTRAL,12:27,328.05,328.8,328.85,0.75,POSITION_SIGNAL,6,0.35000000000002274,0.375,-7.324999999999989,-8.05,0.7250000000000121,-1.88457568,91.1,-71.6,-8.05,-161.0,-2.395,LATE_ENTRY,79% of the move around this signal happened in the 5 minutes BEFORE it (+0.07% before vs -0.02% after).,12E-option-audit-v1,9d8fb5671d76d03c
SEN-2026-09-16-1228-1d5109,SENSEX,2026-09-16,12:28,BUY_PE,PE,74300.0,SENSEX 74300 PE,MODERATE,RANGE,-0.0407,ATM,-35.37,0.0476,74335.37,74351.41,0.021577884121661263,-0.0075866604448869045,-0.030178403586660674,-0.03042040270320633,4.295503927795428,100.0,0.01216110177430764,0.021577884121661263,0.07541497405608888,0.05877417439370024,-1.7451168747998684,-5.075248158821653,-11.767531219980787,-8.74159462055716,-1.5224358974358974,-4.847756410256411,-11.586538461538453,-8.533653846153847,,False,False,False,False,False,False,False,,UNDERLYING_WRONG_OPTION_LOSS,UNDERLYING_WRONG_OPTION_LOSS,UNDERLYING_WRONG_OPTION_LOSS,153.64,145.19,111.6,1.377,1.301,-3.1705,312.3,311.7,311.65,312.0,0.6000000000000227,0.19230769230769962,-0.46839,0.00046,-115.65921,18.06039,18.90017508428358,VALID,18.958313739708306,18.51979768981818,18.327018477564113,18.56207368592542,-2.012560162903997,IV_HEADWIND,12:31,296.45,297.3,297.25,0.8500000000000227,SIGNAL_FLIP,3,0.30000000000001137,0.42500000000001137,-15.125,-15.85,0.7249999999999996,-0.92527368,32.15,-81.55,-15.85,-317.0,-5.075,SIGNAL_FLIP,The underlying never moved the expected way and 12C flipped to the other side.,12E-option-audit-v1,9d8fb5671d76d03c
SEN-2026-09-16-1243-decfc7,SENSEX,2026-09-16,12:43,BUY_CE,CE,74400.0,SENSEX 74400 CE,STRONG,RANGE,-0.0194,ATM,22.99,0.0309,74377.01,74387.05,0.013498794856109636,0.014213400560780418,0.006830534046920319,-0.0027561520675347473,3.214344736407213,53.8,0.029458027420036774,-0.022076714296525572,0.02007340709179835,0.02117589830513488,1.0396673064619322,-2.431222008957141,1.6314779270633288,-0.1599488163787588,1.2569049715795593,-2.2095909054519183,1.8653430469938503,0.0720518773517005,True,False,True,True,True,False,True,False,UNDERLYING_CORRECT_OPTION_PROFITABLE,UNDERLYING_WRONG_OPTION_LOSS,UNDERLYING_CORRECT_OPTION_PROFITABLE,UNDERLYING_CORRECT_OPTION_LOSS,,,120.14,,,-0.5464,312.6,311.95,312.6,312.275,0.6500000000000341,0.20814986790490247,0.50443,0.00051,-124.96195,18.05693,17.18487542336187,VALID,16.75048925310105,17.179604202818723,17.109784866407864,16.766258469936325,-5.441383194059736,IV_HEADWIND,12:51,301.4,301.9,301.95,0.5,POSITION_SIGNAL,8,0.32500000000001705,0.25,-10.625,-11.2,0.5749999999999993,-2.6658549333333332,54.9,-95.25,-11.2,-224.0,-3.583,IV_HEADWIND,The underlying moved as expected but IV fell -5.44% over the hold.,12E-option-audit-v1,9d8fb5671d76d03c
SEN-2026-09-16-1253-660b3c,SENSEX,2026-09-16,12:53,BUY_CE,CE,74400.0,SENSEX 74400 CE,STRONG,RANGE,0.0212,ATM,7.24,0.0097,74392.76,74371.53,-0.02853772329457319,0.01952183864526711,-0.0029168654369299816,0.0011022699502021764,-1.7604526878340216,70.5,0.013630358653179984,0.02082191869209482,0.013858875514246579,0.0008334144344286935,1.5500159795461883,2.3489932885906115,0.2876318312560033,-1.230425055928401,1.8079999999999925,2.6160000000000037,0.48,-0.9759999999999854,,True,,,True,True,True,False,,UNDERLYING_CORRECT_OPTION_PROFITABLE,,,,,122.04,,,-1.2114,312.9,312.1,312.2,312.5,0.7999999999999545,0.25599999999998546,0.51266,0.00053,-122.59939,18.00631,16.766258469936325,VALID,16.789028865898,16.78857796592995,16.47821536158271,16.726312292448902,2.9394522419721536,IV_TAILWIND,13:00,309.75,310.3,309.7,0.5500000000000114,SIGNAL_FLIP,7,0.39999999999997726,0.2750000000000057,-2.4750000000000227,-3.15,0.6749999999999772,-2.2885219466666666,54.6,-95.55,-3.15,-63.0,-1.007,MOMENTUM_REVERSAL,"The underlying moved the right way first, then reversed (-0.03% by the exit).",12E-option-audit-v1,9d8fb5671d76d03c
SEN-2026-09-16-1301-198f3d,SENSEX,2026-09-16,13:01,BUY_CE,CE,74400.0,SENSEX 74400 CE,STRONG,RANGE,0.0127,ATM,3.51,0.0047,74396.49,74454.85,0.07844456102700621,0.03356122968023705,-0.008843721099145163,-0.015804699075700288,0.5613159741171002,100.0,-0.00676107165808338,0.0011156440310581134,0.046440362979474376,0.10496462937968781,-2.6637757472510524,-2.369521449589603,1.7500387176707377,10.933870218367648,-2.4498023102566195,-2.139700751996289,1.9458872780835652,11.194666253197912,,,True,True,False,False,True,True,,,UNDERLYING_CORRECT_OPTION_PROFITABLE,UNDERLYING_CORRECT_OPTION_PROFITABLE,,106.65,118.65,,0.899,-3.5642,322.85,322.1,322.0,322.475,0.75,0.23257616869524766,0.51429,0.00051,-126.05072,17.96751,17.242994690902698,VALID,16.961922815379385,16.863400013109995,16.628049299030895,16.937570763603365,-6.682652839813967,IV_HEADWIND,13:13,330.5,331.3,331.3,0.8000000000000114,POSITION_SIGNAL,12,0.375,0.4000000000000057,8.424999999999955,7.65,0.7749999999999542,-4.03362304,44.65,-105.5,7.65,153.0,2.37,,,12E-option-audit-v1,9d8fb5671d76d03c
SEN-2026-09-16-1315-648c26,SENSEX,2026-09-16,13:15,BUY_PE,PE,74400.0,SENSEX 74400 PE,MODERATE,RANGE,0.0009,ATM,-22.63,0.0304,74422.63,74429.26,0.008908580629292602,-0.0228775897149434,-0.03786392144505907,-0.08018006950640139,10.408921933085496,86.1,-0.011622808815018672,0.008908580629292602,0.036615206960570995,-0.06336782239488646,-0.7216663933081991,-5.838937182220768,-4.034771198950307,4.24799081515499,-0.48451999671512613,-5.584298267225096,-3.8268867537160327,4.451014207111772,,,False,True,False,False,False,True,,,UNDERLYING_WRONG_OPTION_LOSS,UNDERLYING_CORRECT_OPTION_PROFITABLE,,70.24,115.82,,0.606,0.4138,304.85,304.0,304.75,304.425,0.8500000000000227,0.2792149133612623,-0.47375,0.00048,-113.75386,17.88116,18.366548343133843,VALID,18.05971203696734,17.60312895390585,18.443779577545605,17.865243548583457,-4.1565751765948535,IV_HEADWIND,13:18,287.05,287.8,287.75,0.75,SIGNAL_FLIP,3,0.42500000000001137,0.375,-17.0,-17.8,0.8000000000000007,-0.9100308800000001,92.35,-22.25,-17.8,-356.0,-5.839,IV_HEADWIND,The underlying moved as expected but IV fell -4.16% over the hold.,12E-option-audit-v1,9d8fb5671d76d03c
SEN-2026-09-16-1323-c5e6e4,SENSEX,2026-09-16,13:23,BUY_PE,PE,74400.0,SENSEX 74400 PE,STRONG,RANGE,-0.0463,ATM,-20.39,0.0274,74420.39,74337.94,-0.11078952958993778,-0.009203619535006027,-0.03961054067515654,-0.01191735615804234,3.9923458293467737,74.2,-0.030381458629819842,-0.06209319784538404,-0.10474279965476813,-0.12117646790079038,7.536764705882357,7.33622994652406,16.945187165775398,20.688502673796805,7.74506523921045,7.561057209769162,17.196386751421873,20.96018735362999,True,True,True,True,True,True,True,True,UNDERLYING_CORRECT_OPTION_PROFITABLE,UNDERLYING_CORRECT_OPTION_PROFITABLE,UNDERLYING_CORRECT_OPTION_PROFITABLE,UNDERLYING_CORRECT_OPTION_PROFITABLE,164.18,172.97,118.12,1.39,1.464,4.824,299.2,298.6,298.6,298.9,0.5999999999999659,0.20073603211775373,-0.47442,0.00049,-111.52637,17.84516,17.997855674072085,VALID,18.690660811181075,18.219485739932093,18.746922465007625,19.03334226081859,3.6886192869734242,IV_TAILWIND,13:32,349.5,350.2,350.15,0.6999999999999886,SIGNAL_FLIP,9,0.29999999999998295,0.3499999999999943,50.950000000000045,50.3,0.6500000000000483,-2.67663288,98.0,18.15,50.3,1006.0,16.811,,,12E-option-audit-v1,9d8fb5671d76d03c
SEN-2026-09-16-1334-64301a,SENSEX,2026-09-16,13:34,BUY_PE,PE,74300.0,SENSEX 74300 PE,MODERATE,TRENDING_DOWN,-0.1248,ATM,-4.92,0.0066,74304.92,74273.27,-0.042594756847856345,-0.034023851136715674,-0.020546233802690862,-0.008101095208867058,2.8302651853053353,100.0,0.03473525037103555,0.03402197324214713,0.008021003185262028,-0.03725190741069773,-5.119722747321991,-0.945179584120983,1.7013232514177805,8.38059231253939,-4.889589905362776,-0.7255520504731897,1.9637223974763478,8.667192429022089,False,False,,True,False,False,True,True,UNDERLYING_WRONG_OPTION_LOSS,UNDERLYING_WRONG_OPTION_LOSS,,UNDERLYING_CORRECT_OPTION_PROFITABLE,,,112.96,,,2.8697,317.4,316.6,317.35,317.0,0.7999999999999545,0.25236593059935475,-0.48189,0.00048,-116.75143,17.78468,18.749577702973564,VALID,18.49484956674616,19.288116919775344,19.198536164266862,19.54211580809878,-1.5164186604205196,IV_HEADWIND,13:52,327.25,327.8,327.4,0.5500000000000114,POSITION_SIGNAL,18,0.39999999999997726,0.2750000000000057,10.524999999999977,9.85,0.6749999999999776,-5.60406864,27.05,-46.4,9.85,197.0,3.103,,,12E-option-audit-v1,9d8fb5671d76d03c
SEN-2026-09-16-1402-c11c6a,SENSEX,2026-09-16,14:02,BUY_CE,CE,74300.0,SENSEX 74300 CE,MODERATE,RANGE,0.0604,ATM,-18.16,0.0244,74318.16,74321.11,0.003969420125575081,0.025787695662126665,0.06704065270317384,0.02922077703578893,8.864289335812055,100.0,0.008665445969063722,0.0220403734430321,0.009688076238697364,-0.025767591662668624,0.6201550387596899,-0.9922480620155003,-4.961240310077519,-6.511627906976744,0.8150275556935496,-0.7374058837227178,-4.703873321431336,-6.287355429635955,,True,,False,True,False,False,False,,UNDERLYING_CORRECT_OPTION_LOSS,,UNDERLYING_WRONG_OPTION_LOSS,,,121.29,,,-5.879,322.5,321.65,322.5,322.075,0.8500000000000227,0.26391368470077553,0.52566,0.00053,-125.94353,17.63723,16.962132511766438,VALID,16.90201702009431,16.310306453116137,15.907579279785367,16.331394110689818,-4.754001422026336,IV_HEADWIND,14:06,308.65,309.45,309.5,0.8000000000000114,SIGNAL_FLIP,4,0.42500000000001137,0.4000000000000057,-13.025000000000034,-13.85,0.8249999999999655,-1.3433976533333332,11.3,-58.0,-13.85,-277.0,-4.295,IV_HEADWIND,The underlying moved as expected but IV fell -4.75% over the hold.,12E-option-audit-v1,9d8fb5671d76d03c
SEN-2026-09-16-1414-cb23ff,SENSEX,2026-09-16,14:14,BUY_CE,CE,74300.0,SENSEX 74300 CE,MODERATE,RANGE,0.0066,ATM,-27.2,0.0366,74327.2,74324.34,-0.0038478511231427822,0.003592353695338879,0.04541449543471347,0.05618865387653341,6.295316898404842,71.1,0.026934957861999474,0.025966268068759367,0.03440194168488385,-0.002233368134415789,3.2873636946760745,5.628608082103916,0.4490057729313589,-0.8980115458627362,3.5229917342107453,5.850252788700754,0.666078163871293,-0.7142283925848538,True,True,True,,True,True,True,False,UNDERLYING_CORRECT_OPTION_PROFITABLE,UNDERLYING_CORRECT_OPTION_PROFITABLE,UNDERLYING_CORRECT_OPTION_PROFITABLE,,,,126.89,,,-3.6993,311.8,311.25,311.15,311.525,0.5500000000000114,0.1765508386164871,0.53185,0.00056,-120.48316,17.5629,16.10404189996964,VALID,16.225201699182552,16.65434191937858,15.45390576041876,16.119426680318185,-1.178867302088164,IV_HEADWIND,14:20,304.85,305.35,305.8,0.5,SIGNAL_FLIP,6,0.2750000000000057,0.25,-6.4249999999999545,-6.95,0.5250000000000457,-1.92773056,22.0,-47.3,-6.95,-139.0,-2.229,IV_HEADWIND,The underlying moved as expected but IV fell -1.18% over the hold.,12E-option-audit-v1,9d8fb5671d76d03c
SEN-2026-09-16-1423-8512ba,SENSEX,2026-09-16,14:23,BUY_CE,CE,74300.0,SENSEX 74300 CE,MODERATE,RANGE,0.0131,ATM,-34.26,0.0461,74334.26,74334.14,-0.00016143296508950704,-0.004963817269648044,0.013346906275922873,-0.040825865848572326,-3.8302043278293127,54.2,-0.011730795463627626,0.0009955032847643048,-0.03080679083910189,-0.026649891987890476,-3.2258064516129066,-2.442843720638901,-8.753523332289378,-6.232383338553095,-3.002744021952172,-2.2030576244609885,-8.506468051744413,-5.989807918463355,,,False,False,False,False,False,False,,,UNDERLYING_WRONG_OPTION_LOSS,UNDERLYING_WRONG_OPTION_LOSS,,,124.79,,,-4.662,319.3,318.45,318.45,318.875,0.8500000000000227,0.2665621324970671,0.53533,0.00055,-122.42053,17.50899,16.34881250670099,VALID,16.119426680318185,15.980558703672815,15.503408491998078,15.932799862111558,-3.780901431634773,IV_HEADWIND,14:25,307.9,308.55,307.4,0.6500000000000341,SIGNAL_FLIP,2,0.42500000000001137,0.32500000000001705,-10.649999999999977,-11.4,0.7500000000000231,-0.6529094933333333,14.5,-54.8,-11.4,-228.0,-3.57,SIGNAL_FLIP,The underlying never moved the expected way and 12C flipped to the other side.,12E-option-audit-v1,9d8fb5671d76d03c
SEN-2026-09-16-1432-222384,SENSEX,2026-09-16,14:32,BUY_PE,PE,74300.0,SENSEX 74300 PE,MODERATE,RANGE,-0.0316,ATM,-14.47,0.0195,74314.47,74315.05,0.0007804671149531798,-0.0016954687789445943,0.005625062154928432,-0.009324366871443508,1.5921214608124816,85.6,-2.691265914171834e-05,-0.003135324789373787,-0.014465554285726588,0.0007804671149531798,-0.37126715092816054,-0.6295399515738462,0.9523809523809487,2.4374495560936276,-0.17772033282171784,-0.42006624121496444,1.1794167541804597,2.6415704014863732,,,,,False,False,True,True,,,,,,,114.84,,,-0.4818,309.75,309.2,309.2,309.475,0.5500000000000114,0.17772033282171784,-0.47823,0.00048,-118.93334,17.50431,18.77409153180177,VALID,18.73736627142088,18.65875506738578,18.739440901932465,19.298493429858766,2.7932211642235956,IV_TAILWIND,14:42,317.3,318.0,317.25,0.6999999999999886,POSITION_SIGNAL,10,0.2750000000000057,0.3499999999999943,8.174999999999955,7.55,0.6249999999999547,-3.1715557333333337,12.05,-38.75,7.55,151.0,2.437,,,12E-option-audit-v1,9d8fb5671d76d03c
SEN-2026-09-16-1443-4bb3cd,SENSEX,2026-09-16,14:43,BUY_PE,PE,74300.0,SENSEX 74300 PE,STRONG,RANGE,-0.018,ATM,-1.04,0.0014,74301.04,74317.9,0.022691472420844423,-0.018852170589953598,-0.001709233535275114,-0.009151120527797485,0.7888301648655045,88.9,0.0286940801905424,0.022691472420844423,0.040039816400954824,0.06705155136456635,-4.628616106333077,-7.365129007036751,-5.551211884284597,-7.14620797498046,-4.398528606089069,-7.192611724191914,-5.337716208812713,-6.942161696798939,False,False,False,False,False,False,False,False,UNDERLYING_WRONG_OPTION_LOSS,UNDERLYING_WRONG_OPTION_LOSS,UNDERLYING_WRONG_OPTION_LOSS,UNDERLYING_WRONG_OPTION_LOSS,,103.53,113.13,,0.915,-0.8078,319.75,319.1,319.2,319.425,0.6499999999999773,0.20349064725678243,-0.48637,0.00048,-120.39202,17.46383,18.941160669855936,VALID,18.87561205586323,18.19449211360828,18.875507456085938,19.201830351939556,-3.9420422500081918,IV_HEADWIND,14:46,296.2,296.7,296.7,0.5,POSITION_SIGNAL,3,0.32499999999998863,0.25,-22.975000000000023,-23.55,0.574999999999978,-0.96313616,-0.35,-48.75,-23.55,-471.0,-7.365,UNDERLYING_DID_NOT_CONTINUE,The underlying did not move down at any measured horizon (move to exit +0.02%).,12E-option-audit-v1,9d8fb5671d76d03c
SEN-2026-09-16-1449-7c3023,SENSEX,2026-09-16,14:49,BUY_PE,PE,74300.0,SENSEX 74300 PE,STRONG,RANGE,0.0596,ATM,-27.95,0.0376,74327.95,74330.52,0.0034576495113977784,-0.0038207585308813585,0.013522987059649036,0.00752128968993518,1.9647973802701595,58.6,-0.01833765091057954,0.0034576495113977784,0.04636210200874154,0.05734047555463308,-1.1226944667201284,-2.4538893344025587,-3.464314354450685,-5.196471531676019,-0.8831794460056202,-2.240064231232444,-3.2517061421116016,-5.010036130068253,,,False,False,False,False,False,False,,,UNDERLYING_WRONG_OPTION_LOSS,UNDERLYING_WRONG_OPTION_LOSS,,87.37,113.11,,0.772,1.9924,311.75,311.0,311.9,311.375,0.75,0.24086712163789645,-0.47385,0.00047,-123.12198,17.41411,19.29244717769179,VALID,18.832575709809166,19.105897147903033,19.64715447339706,19.647860776245103,-0.96695887292344,IV_NEUTRAL,14:52,304.1,304.7,304.75,0.5999999999999659,POSITION_SIGNAL,3,0.375,0.29999999999998295,-6.975000000000023,-7.65,0.6749999999999776,-0.9849758399999999,7.65,-40.75,-7.65,-153.0,-2.454,UNDERLYING_DID_NOT_CONTINUE,The underlying did not move down at any measured horizon (move to exit +0.00%).,12E-option-audit-v1,9d8fb5671d76d03c
SEN-2026-09-16-1457-2c10fa,SENSEX,2026-09-16,14:57,BUY_CE,CE,74400.0,SENSEX 74400 CE,STRONG,TRENDING_UP,0.1126,ATM,-14.18,0.0191,74414.18,74370.57,-0.05860442189914078,0.05574624674207405,0.06961850752280556,0.1125513449925938,14.274250175544195,100.0,-0.035477109335874134,-0.12175098885721952,-0.13216567057513942,-0.15342505957869626,-4.069461497982818,-18.08454657077706,-12.629363269601823,-16.611120855990187,-3.8623595505618176,-17.907303370786515,-12.456109550561806,-16.441362359550567,False,False,False,False,False,False,False,False,UNDERLYING_WRONG_OPTION_LOSS,UNDERLYING_WRONG_OPTION_LOSS,UNDERLYING_WRONG_OPTION_LOSS,UNDERLYING_WRONG_OPTION_LOSS,94.25,107.16,137.17,0.687,0.781,5.673,285.05,284.55,285.2,284.8,0.5,0.17556179775280897,0.52498,0.0006,-115.85893,17.39973,15.226815251924883,VALID,15.35093885541013,14.867553752436406,15.974648810266851,15.763386163851584,-2.5540841746150225,IV_HEADWIND,14:59,256.5,257.05,256.5,0.5500000000000114,STOP_LOSS,2,0.25,0.2750000000000057,-28.025000000000034,-28.55,0.5249999999999666,-0.6179142933333334,-11.6,-67.7,-28.55,-571.0,-10.016,STOP_LOSS,Closed by the hard stop.,12E-option-audit-v1,9d8fb5671d76d03c
SEN-2026-09-16-1500-955a40,SENSEX,2026-09-16,15:00,BUY_PE,PE,74300.0,SENSEX 74300 PE,MODERATE,RANGE,0.0125,ATM,-23.58,0.0317,74323.58,74321.1,-0.00333676068886338,-0.06318359533886218,-0.12175098885721952,-0.03323546513308087,3.791000494478325,100.0,-0.03227777779273447,-0.016845259606714416,-0.01274158214660968,-0.01580924923153594,-2.568981921979075,-4.091341579448155,-3.5838883602917893,-1.506501744370441,-2.350325551850098,-3.851040177862474,-3.334921391138637,-1.262505955216777,True,,,,False,False,False,False,UNDERLYING_CORRECT_OPTION_LOSS,,,,,,112.05,,,-4.7626,315.3,314.4,315.3,314.85,0.9000000000000341,0.28585040495475117,-0.47468,0.00047,-125.01923,17.36342,19.508968407276743,VALID,18.433520599267265,18.473861700116416,18.668400943619282,18.880500339848744,-4.539469365715885,IV_HEADWIND,15:04,299.6,300.3,300.5,0.6999999999999886,POSITION_SIGNAL,4,0.45000000000001705,0.3499999999999943,-14.899999999999977,-15.7,0.800000000000022,-1.3335384533333332,4.1,-42.05,-15.7,-314.0,-4.979,IV_HEADWIND,The underlying moved as expected but IV fell -4.54% over the hold.,12E-option-audit-v1,9d8fb5671d76d03c
SEN-2026-09-16-1505-3856ba,SENSEX,2026-09-16,15:05,BUY_PE,PE,74300.0,SENSEX 74300 PE,MODERATE,RANGE,-0.046,ATM,-14.11,0.019,74314.11,74303.16,-0.014734752256330714,-0.009405135284603213,-0.002314446329942307,-0.01274158214660968,-3.334921391138637,75.9,-0.008020011273776141,-0.0008881220538111706,-0.0030680580040571516,-0.014734752256330714,4.168034131933045,2.297341647522153,1.9199212340006637,4.463406629471619,4.443896829308355,2.4889107934943095,2.1439132577624367,4.690323640545417,,,,,True,True,True,True,,,,,,,116.81,,,1.7855,304.7,304.0,304.8,304.35,0.6999999999999886,0.229998357154588,-0.47838,0.00049,-119.37394,17.3467,18.668400943619282,VALID,19.236640802707548,19.082808960486656,18.880500339848744,19.197759968580666,-3.4133665734501633,IV_HEADWIND,15:17,297.75,298.55,298.05,0.8000000000000114,POSITION_SIGNAL,12,0.3499999999999943,0.4000000000000057,-6.2000000000000455,-6.95,0.7499999999999547,-3.8199660800000004,14.7,-31.45,-6.95,-139.0,-2.281,IV_HEADWIND,The underlying moved as expected but IV fell -3.41% over the hold.,12E-option-audit-v1,9d8fb5671d76d03c
SEN-2026-09-16-1519-3e3622,SENSEX,2026-09-16,15:19,BUY_PE,PE,74300.0,SENSEX 74300 PE,MODERATE,RANGE,0.0085,ATM,-3.16,0.0043,74303.16,74303.16,0.0,0.0,0.0,0.013298645584102164,-3.660448346135762,50.0,0.0,0.0,0.0,0.04480293974037389,-5.703607409814759,-11.195970100747479,-4.923626909327259,-0.5687357816054599,-5.491823285330731,-10.926694329183952,-4.702627939142441,-0.3335774143682295,,,,False,False,False,False,False,,,,UNDERLYING_WRONG_OPTION_LOSS,,,116.98,,,-4.7026,307.7,306.85,307.7,307.275,0.8499999999999659,0.27662517289072197,-0.48376,0.00049,-119.34788,17.28786,18.598641980075538,VALID,17.642952630690353,16.618506634562827,17.74216864810495,19.5002114586916,-10.64666628689343,IV_HEADWIND,15:22,273.25,274.15,273.25,0.8999999999999773,STOP_LOSS,3,0.42499999999998295,0.44999999999998863,-33.57499999999999,-34.45,0.8750000000000142,-0.95478304,0.1,-34.45,-34.45,-689.0,-11.196,STOP_LOSS,Closed by the hard stop.,12E-option-audit-v1,9d8fb5671d76d03c
NIF-2026-09-17-1442-32a2ca,NIFTY,2026-09-17,14:42,BUY_PE,PE,23300.0,NIFTY 23300 PE,STRONG,UNKNOWN,,ATM,5.4,0.0232,23294.6,23296.9,0.009873532921805529,-0.0345454272368289,-0.0491288742622655,,,100.0,-0.018029929683261742,-0.0008585680801434223,0.014381015342620963,0.04550410824827292,1.9666524155622038,1.3253527148353972,-0.2992731936725169,-2.3941855493800746,2.140410958904097,1.583904109589036,-0.08561643835618384,-2.1190068493150758,,,,False,True,True,False,False,,,,UNDERLYING_WRONG_OPTION_LOSS,,,92.32,,,1.2421,116.95,116.65,116.65,116.80000000000001,0.29999999999999716,0.25684931506849074,-0.4629,0.00122,-9.32506,11.11738,11.669923711037491,VALID,11.741637971870365,11.82106019603084,11.84039085192612,11.895011906715816,1.7641013282086053,IV_TAILWIND,14:46,117.85,118.0,117.85,0.15000000000000568,SIGNAL_FLIP,4,0.14999999999999858,0.07500000000000284,1.1249999999999858,0.9,0.22499999999998577,-0.09946730666666667,8.6,-17.2,0.9,58.5,0.77,,,12E-option-audit-v1,9d8fb5671d76d03c
NIF-2026-09-17-1455-57a2b3,NIFTY,2026-09-17,14:55,BUY_PE,PE,23300.0,NIFTY 23300 PE,STRONG,RANGE,-0.0009,ATM,5.8,0.0249,23294.2,23292.9,-0.0055807883507451314,-0.01116033103258192,-0.04719976657569984,-0.036690948493200475,4.0511265164644685,100.0,-0.015454490817466075,-0.03176756445811169,-0.060530089035048126,-0.022108507697201258,-0.29118136439268594,2.371048252911809,4.450915141430944,-2.703826955074875,-0.062460961898815615,2.6025400791172064,4.705392463043924,-2.477618155319599,,True,True,True,False,True,True,False,,UNDERLYING_CORRECT_OPTION_PROFITABLE,UNDERLYING_CORRECT_OPTION_PROFITABLE,UNDERLYING_CORRECT_OPTION_LOSS,77.74,,89.91,0.865,,-0.737,120.2,119.95,120.2,120.075,0.25,0.2082032063293775,-0.46347,0.00118,-9.69134,11.10952,12.009543901877473,VALID,11.859390590454,11.972183941386172,11.938112224117475,11.522140396377157,-2.7126118881369967,IV_HEADWIND,15:03,117.35,117.55,117.55,0.20000000000000284,SIGNAL_FLIP,8,0.125,0.10000000000000142,-2.625000000000014,-2.85,0.22499999999998588,-0.20674858666666668,5.35,-20.45,-2.85,-185.25,-2.371,IV_HEADWIND,The underlying moved as expected but IV fell -2.71% over the hold.,12E-option-audit-v1,9d8fb5671d76d03c
NIF-2026-09-17-1510-e39651,NIFTY,2026-09-17,15:10,BUY_PE,PE,23300.0,NIFTY 23300 PE,STRONG,RANGE,0.0163,ATM,16.1,0.0691,23283.9,23288.5,0.019756140509100902,-0.004938791198635249,-0.021684103405259884,-0.022113396639183724,-0.2988898377455118,24.3,-0.01052229222767976,0.019756140509100902,0.04488079746089396,0.04488079746089396,1.3692768506632507,-4.364569961489083,-4.835258878904571,-7.445442875481377,1.5631691648822295,-4.154175588865091,-4.646680942184152,-7.28051391862955,,,False,False,True,False,False,False,,,UNDERLYING_WRONG_OPTION_LOSS,UNDERLYING_WRONG_OPTION_LOSS,,,94.57,,,-0.4023,116.85,116.65,116.6,116.75,0.19999999999998863,0.1713062098500973,-0.47419,0.00126,-8.87653,11.11714,11.270469285387536,VALID,11.278062627934835,11.02628677762417,11.191579553085532,10.919223481619996,-2.166569124854056,IV_HEADWIND,15:13,111.75,112.05,112.1,0.29999999999999716,SIGNAL_FLIP,3,0.09999999999999432,0.14999999999999858,-4.849999999999994,-5.1,0.25000000000000533,-0.07101224,1.6,-17.1,-5.1,-331.5,-4.365,SIGNAL_FLIP,The underlying never moved the expected way and 12C flipped to the other side.,12E-option-audit-v1,9d8fb5671d76d03c
SEN-2026-09-17-1441-1abcd1,SENSEX,2026-09-17,14:41,BUY_CE,CE,74500.0,SENSEX 74500 CE,STRONG,UNKNOWN,,ATM,39.23,0.0527,74460.77,74439.23,-0.028927984494396375,-0.01608642087205847,-0.014770697675105611,,,90.1,-0.028927984494396375,-0.06363082197512146,-0.013738778151247261,-0.01516234656183135,-10.250817884405675,-20.82878953107961,-11.195928753180665,-7.451835696110515,-10.027297543221113,-20.61874431301182,-11.010009099181074,-7.224749772520482,False,False,,,False,False,False,False,UNDERLYING_WRONG_OPTION_LOSS,UNDERLYING_WRONG_OPTION_LOSS,,,,,253.47,,,-7.5276,137.55,137.2,137.55,137.375,0.35000000000002274,0.2547770700637108,0.46764,0.00104,-292.08246,8.05176,18.94636379143325,VALID,18.52497783373996,18.15791627731037,17.897448943371245,18.676275936093276,-2.2240993698422598,IV_HEADWIND,14:42,123.45,123.75,123.4,0.29999999999999716,SIGNAL_FLIP,1,0.17500000000001137,0.14999999999999858,-13.775000000000006,-14.1,0.32499999999999396,-0.77888656,-3.65,-137.5,-14.1,-282.0,-10.251,SIGNAL_FLIP,The underlying never moved the expected way and 12C flipped to the other side.,12E-option-audit-v1,9d8fb5671d76d03c
SEN-2026-09-17-1446-a7ad0b,SENSEX,2026-09-17,14:46,BUY_CE,CE,74400.0,SENSEX 74400 CE,MODERATE,UNKNOWN,,ATM,-50.54,0.0679,74450.54,74449.48,-0.0014237640183639658,0.0111630186253121,0.03927638468067268,-0.013738778151247261,-8.120340788072417,52.1,0.017112031692456817,0.039771370362123075,-0.0014237640183639658,-0.03858937759215169,2.372685185185182,5.5266203703703605,1.8229166666666532,-7.609953703703706,2.651405389742097,5.795421616922631,2.1008403361344534,-7.374674007534061,,True,,False,True,True,True,False,,UNDERLYING_CORRECT_OPTION_PROFITABLE,,UNDERLYING_WRONG_OPTION_LOSS,,,242.35,,,2.4459,172.8,172.3,172.8,172.55,0.5,0.2897710808461315,0.56169,0.00109,-277.77234,7.92872,17.902916955634257,VALID,17.502754119668356,17.02761449954249,18.478097779303763,18.426813004162803,3.21277714181928,IV_TAILWIND,14:51,175.95,176.4,176.3,0.45000000000001705,SIGNAL_FLIP,5,0.25,0.22500000000000853,3.625,3.15,0.4750000000000001,-3.7036312000000002,9.55,-172.75,3.15,63.0,1.823,,,12E-option-audit-v1,9d8fb5671d76d03c
SEN-2026-09-17-1456-d4e406,SENSEX,2026-09-17,14:56,BUY_PE,PE,74400.0,SENSEX 74400 PE,STRONG,RANGE,-0.0386,ATM,-21.81,0.0293,74421.81,74420.31,-0.002015538186991152,-0.024247761884564144,-0.03720642352111799,-0.03716614273195495,10.798039901995086,100.0,-0.02737100857933359,-0.02049130490107671,-0.01975227423250938,-0.03703215495564764,5.48895899053627,7.3186119873817,-8.80126182965299,-11.135646687697164,5.76528194598008,7.834465329331862,-8.545253514452696,-10.882956878850099,True,True,,True,True,True,False,False,UNDERLYING_CORRECT_OPTION_PROFITABLE,UNDERLYING_CORRECT_OPTION_PROFITABLE,,UNDERLYING_CORRECT_OPTION_LOSS,,,222.76,,,-12.9453,158.5,158.05,158.5,158.275,0.44999999999998863,0.2843152740483264,-0.47375,0.00092,-320.47678,7.89947,21.693728844843754,VALID,21.628179539388498,22.41299436372052,19.292738160763246,18.077563195933337,-11.424937888073416,IV_HEADWIND,15:03,137.9,138.3,138.25,0.4000000000000057,STOP_LOSS,7,0.22499999999999432,0.20000000000000284,-20.174999999999983,-20.6,0.4250000000000185,-5.982233226666668,14.7,-143.65,-20.6,-412.0,-12.997,STOP_LOSS,Closed by the hard stop.,12E-option-audit-v1,9d8fb5671d76d03c
SEN-2026-09-17-1508-7a9dfe,SENSEX,2026-09-17,15:08,BUY_PE,PE,74400.0,SENSEX 74400 PE,STRONG,RANGE,-0.0197,ATM,12.75,0.0171,74387.25,74417.05,0.040060628669567576,-0.011506024331205846,-0.008831378735501128,-0.044423357011006366,9.92034757422157,41.7,0.006506491367803632,-0.008939704048737087,-0.0009006919868636813,0.03626965642633102,-6.1513157894736805,-0.39473684210525944,-4.111842105263158,-13.91447368421053,-5.9453227931488835,-0.13175230566534166,-3.853754940711477,-13.669301712779971,,,,False,False,False,False,False,,,,UNDERLYING_WRONG_OPTION_LOSS,,,246.82,,,-4.0761,152.0,151.6,152.0,151.8,0.4000000000000057,0.263504611330702,-0.50367,0.00106,-287.84494,7.78492,19.239621940019287,VALID,18.199159379679582,18.52083724159893,18.317863440270393,18.245404705869,0.2822698247202411,IV_NEUTRAL,15:14,139.65,140.0,140.0,0.3499999999999943,SIGNAL_FLIP,6,0.20000000000000284,0.17499999999999716,-11.975000000000023,-12.35,0.3749999999999769,-4.60551904,3.25,-137.15,-12.35,-247.0,-8.125,SIGNAL_FLIP,The underlying never moved the expected way and 12C flipped to the other side.,12E-option-audit-v1,9d8fb5671d76d03c
NIF-2026-09-18-0921-53b042,NIFTY,2026-09-18,09:21,BUY_PE,PE,23300.0,NIFTY 23300 PE,STRONG,UNKNOWN,,ATM,-8.5,0.0365,23308.5,23328.65,0.08644914945192293,-0.027021462761847723,-0.1090685460455719,,,100.0,0.043760859772189235,0.08644914945192293,0.030890018662722733,-0.02509814016345344,-4.287826515524897,-8.57565303104978,-1.9221291276490908,4.829965500246418,-4.07206317867721,-8.316880552813435,-1.628825271470884,5.108588351431374,False,False,False,True,False,False,False,True,UNDERLYING_WRONG_OPTION_LOSS,UNDERLYING_WRONG_OPTION_LOSS,UNDERLYING_WRONG_OPTION_LOSS,UNDERLYING_CORRECT_OPTION_PROFITABLE,,,103.26,,,1.5609,101.45,101.15,101.1,101.30000000000001,0.29999999999999716,0.2961500493583387,-0.44878,0.00133,-10.18336,10.23027,11.483988604128445,VALID,11.576475679418333,11.58725590847508,11.741804986866686,11.758057047426943,0.8992285512153112,IV_NEUTRAL,09:24,92.75,93.0,92.95,0.25,SIGNAL_FLIP,3,0.14999999999999858,0.125,-8.425000000000011,-8.7,0.2749999999999879,-0.08146688,10.3,-45.3,-8.7,-565.5,-8.576,MOMENTUM_REVERSAL,"The underlying moved the right way first, then reversed (+0.09% by the exit).",12E-option-audit-v1,9d8fb5671d76d03c
NIF-2026-09-18-0926-e829f6,NIFTY,2026-09-18,09:26,BUY_PE,PE,23300.0,NIFTY 23300 PE,MODERATE,UNKNOWN,,ATM,-15.7,0.0673,23315.7,23302.65,-0.05597086941416845,-0.025727112517526594,-0.007290692787363632,0.030890018662722733,-1.628825271470884,86.3,-0.06476322821104312,-0.07570006476323446,-0.05597086941416845,-0.044176241759841105,7.114228456913836,5.460921843687378,6.563126252505007,3.3066132264529027,7.4259909683893675,5.745107877571494,6.848971399899637,3.6126442548921167,True,True,True,True,True,True,True,True,UNDERLYING_CORRECT_OPTION_PROFITABLE,UNDERLYING_CORRECT_OPTION_PROFITABLE,UNDERLYING_CORRECT_OPTION_PROFITABLE,UNDERLYING_CORRECT_OPTION_PROFITABLE,122.37,,102.53,1.193,,1.1101,99.8,99.5,99.75,99.65,0.29999999999999716,0.301053687907674,-0.43822,0.0013,-10.50319,10.19141,11.741804986866686,VALID,11.706234012958303,11.537377196594937,11.758057047426943,11.594794999289586,0.13841194414687555,IV_NEUTRAL,09:31,106.35,106.6,106.6,0.25,SIGNAL_FLIP,5,0.14999999999999858,0.125,6.824999999999989,6.55,0.2749999999999888,-0.14004253333333333,11.95,-43.65,6.55,425.75,6.563,,,12E-option-audit-v1,9d8fb5671d76d03c
NIF-2026-09-18-0932-adadd8,NIFTY,2026-09-18,09:32,BUY_PE,PE,23300.0,NIFTY 23300 PE,MODERATE,TRENDING_DOWN,-0.1091,ATM,6.75,0.029,23293.25,23305.4,0.05216103377588552,-0.04033875975479808,-0.020602582619572336,-0.03154425207933935,3.503035964502568,100.0,-0.005366361499576058,-0.012879267598982539,0.08328593047342667,0.12063580651046353,0.7664562669071183,0.49594229035166565,-9.242560865644725,-12.984670874661862,0.9927797833934967,0.722021660649804,-9.115523465703978,-12.793321299638999,,,False,False,True,True,False,False,,,UNDERLYING_WRONG_OPTION_LOSS,UNDERLYING_WRONG_OPTION_LOSS,109.45,106.05,98.54,1.111,1.076,-0.9081,110.9,110.7,110.7,110.80000000000001,0.20000000000000284,0.1805054151624574,-0.46875,0.00131,-10.46952,10.26863,11.78360950209281,VALID,11.829397281593279,11.784945944841,11.706919852501558,11.631636771820473,-1.6023486077817637,IV_HEADWIND,09:36,103.1,103.4,103.05,0.30000000000001137,SIGNAL_FLIP,4,0.10000000000000142,0.15000000000000568,-7.550000000000011,-7.8,0.24999999999998845,-0.11167487999999999,0.85,-54.75,-7.8,-507.0,-7.033,SIGNAL_FLIP,The underlying never moved the expected way and 12C flipped to the other side.,12E-option-audit-v1,9d8fb5671d76d03c
NIF-2026-09-18-0941-e2a288,NIFTY,2026-09-18,09:41,BUY_CE,CE,23300.0,NIFTY 23300 CE,MODERATE,RANGE,0.0524,ATM,-14.85,0.0637,23314.85,23306.15,-0.03731527331291898,-0.013294479145903405,0.01930472944421684,0.04054854239788671,1.9077568134171954,96.4,0.027879227187822354,-0.03731527331291898,-0.03495626178164482,-0.005146934250047029,2.2605836415947387,-3.4114262227702468,-2.8771064529387584,-1.8495684340320588,2.489199753137219,-3.209216210656248,-2.674346842213536,-1.625180004114375,True,False,False,,True,False,False,False,UNDERLYING_CORRECT_OPTION_PROFITABLE,UNDERLYING_WRONG_OPTION_LOSS,UNDERLYING_WRONG_OPTION_LOSS,,,,109.94,,,1.169,121.65,121.4,121.45,121.525,0.25,0.20571898786257972,0.57307,0.0016,-14.38739,10.12955,9.513862557460525,VALID,9.511818085055397,9.664484752103544,9.692494288923111,9.357999834728483,1.5831865736267585,IV_TAILWIND,09:44,117.5,117.75,117.75,0.25,SIGNAL_FLIP,3,0.125,0.125,-3.9000000000000057,-4.15,0.24999999999999467,-0.11509912,22.45,-21.15,-4.15,-269.75,-3.411,MOMENTUM_REVERSAL,"The underlying moved the right way first, then reversed (-0.04% by the exit).",12E-option-audit-v1,9d8fb5671d76d03c
NIF-2026-09-18-0948-b034af,NIFTY,2026-09-18,09:48,BUY_CE,CE,23350.0,NIFTY 23350 CE,MODERATE,RANGE,0.0313,NEAR_ATM,32.35,0.1387,23317.65,23313.65,-0.01715438734177758,0.0332476758802054,0.028312752964805028,0.013081931493583035,2.0510123586642153,86.2,0.005575175886074593,-0.01715438734177758,0.012008071139241187,0.04460140708861235,-0.7720020586721564,-3.808543489449308,-0.5661348430262597,0.2573340195573855,-0.48956454522029813,-3.581551146611692,-0.2834321051275503,0.515331100231899,,,,True,False,False,False,True,,,,UNDERLYING_CORRECT_OPTION_PROFITABLE,,,119.24,,,-1.7152,97.15,96.9,96.85,97.025,0.25,0.2576655501159495,0.49615,0.00161,-14.17257,10.2978,9.582358874690648,VALID,9.418689053798321,9.448800943374707,9.473430826511775,9.138235910508477,-1.3937897031669368,IV_HEADWIND,09:51,93.45,93.65,93.45,0.20000000000000284,SIGNAL_FLIP,3,0.125,0.10000000000000142,-3.4749999999999943,-3.7,0.22500000000000586,-0.11338056,15.35,-22.5,-3.7,-240.5,-3.809,IV_HEADWIND,The underlying moved as expected but IV fell -1.39% over the hold.,12E-option-audit-v1,9d8fb5671d76d03c
NIF-2026-09-18-0954-79287f,NIFTY,2026-09-18,09:54,BUY_CE,CE,23350.0,NIFTY 23350 CE,MODERATE,RANGE,0.0783,NEAR_ATM,25.6,0.1098,23324.4,23328.05,0.015648848416241434,0.016937923582095234,0.046110325924940965,0.02337154974816931,0.36250647332987496,97.6,0.022294249798481804,0.055521256709699235,0.03451321363035822,-0.024009192090695505,2.1123132405976275,4.327666151468319,2.3183925811437405,-2.472952086553314,2.3993808049535486,4.6181630546955565,2.5799793601651184,-2.2187822497420076,True,True,True,False,True,True,True,False,UNDERLYING_CORRECT_OPTION_PROFITABLE,UNDERLYING_CORRECT_OPTION_PROFITABLE,UNDERLYING_CORRECT_OPTION_PROFITABLE,UNDERLYING_WRONG_OPTION_LOSS,,,121.94,,,-1.6285,97.05,96.75,96.75,96.9,0.29999999999999716,0.3095975232198113,0.50659,0.00167,-13.88104,10.29494,9.264294967746956,VALID,9.227141128699163,9.064446493702546,9.220182706395102,9.287037177174405,-1.3606977938131828,IV_HEADWIND,09:58,97.4,97.65,97.3,0.25,POSITION_SIGNAL,4,0.14999999999999858,0.125,0.625,0.35,0.275,-0.14806442666666667,15.45,-22.4,0.35,22.75,0.361,,,12E-option-audit-v1,9d8fb5671d76d03c
NIF-2026-09-18-1000-ba52a9,NIFTY,2026-09-18,10:00,BUY_PE,PE,23350.0,NIFTY 23350 PE,MODERATE,RANGE,0.054,ATM,22.7,0.0973,23327.3,23331.15,0.016504267532042642,-0.022072264164292456,-0.04306401540877294,-0.00985872025238012,-1.050558108995394,19.2,0.016504267532042642,-0.01457519730100705,-0.021434113677965303,0.00985969229186092,-1.9451812555260732,1.6799292661361678,0.7957559681697663,-0.9725906277630366,-1.8358770183587725,1.8579960185799553,0.9732360097323551,-0.8184030081840401,,,True,,False,True,True,False,,,UNDERLYING_CORRECT_OPTION_PROFITABLE,,,,101.07,,,-1.1931,113.1,112.95,113.0,113.025,0.14999999999999147,0.13271400132713246,-0.48969,0.00137,-9.80721,10.28941,11.254484970511001,VALID,11.224005307732053,11.326848228707895,11.1517023566442,11.289748097115378,1.1052998724607301,IV_TAILWIND,10:09,111.9,112.15,112.1,0.25,POSITION_SIGNAL,9,0.07499999999999574,0.125,-1.0,-1.2,0.19999999999999996,-0.23537304,15.9,-39.0,-1.2,-78.0,-1.061,MIXED,The underlying moved as expected and no single measured factor dominates.,12E-option-audit-v1,9d8fb5671d76d03c
NIF-2026-09-18-1010-33196c,NIFTY,2026-09-18,10:10,BUY_CE,CE,23350.0,NIFTY 23350 CE,MODERATE,RANGE,0.0099,ATM,20.4,0.0874,23329.6,23323.55,-0.025932720663874528,-0.0066434787826699935,0.06605416441481078,0.03130051495778406,1.54122784484973,80.2,-0.003000480076799815,-0.0070725601810481846,0.0002143200054990672,-0.04672176119606774,-1.9201616978271914,-0.9095502779181462,0.05053057099544938,-5.406771096513399,-1.7202124968378474,-0.6577283076144758,0.3035669112066756,-5.185934733114104,,,,False,False,False,True,False,,,,UNDERLYING_WRONG_OPTION_LOSS,,,121.77,,,0.2775,98.95,98.7,98.75,98.825,0.25,0.25297242600556535,0.51582,0.00168,-13.87267,10.27788,9.197917339157033,VALID,9.10064984942854,9.241892636816642,9.256287468019897,9.265314980891262,1.0659078443686016,IV_TAILWIND,10:17,96.4,96.55,96.55,0.14999999999999147,POSITION_SIGNAL,7,0.125,0.07499999999999574,-2.3500000000000085,-2.55,0.1999999999999913,-0.2589565066666667,13.55,-24.3,-2.55,-165.75,-2.577,UNDERLYING_DID_NOT_CONTINUE,The underlying did not move up at any measured horizon (move to exit -0.03%).,12E-option-audit-v1,9d8fb5671d76d03c
NIF-2026-09-18-1020-1729df,NIFTY,2026-09-18,10:20,BUY_PE,PE,23350.0,NIFTY 23350 PE,STRONG,RANGE,-0.0467,ITM,31.3,0.1342,23318.7,23315.1,-0.015438253418939231,-0.016293279022400138,-0.02079443309444122,-0.04693598060837058,6.040574424435846,100.0,0.023157380128385446,-0.00428840372748052,-0.039238894106452996,-0.015438253418939231,-3.8643194504079,-1.9750966079862577,0.8158007728638925,0.9875483039931228,-3.63284608770422,-1.7626827171109298,1.0318142734307727,1.2252794496990393,False,,True,,False,False,True,True,UNDERLYING_WRONG_OPTION_LOSS,,UNDERLYING_CORRECT_OPTION_PROFITABLE,,,,100.59,,,-2.9152,116.45,116.15,116.45,116.30000000000001,0.29999999999999716,0.2579535683576932,-0.50168,0.00138,-9.67443,10.27296,11.188589611021872,VALID,11.005691454070359,10.990978897300645,10.848871451318312,11.152135332902237,-0.32581656300740336,IV_NEUTRAL,10:30,117.6,117.85,117.9,0.25,SIGNAL_FLIP,10,0.14999999999999858,0.125,1.424999999999983,1.15,0.27499999999998304,-0.2579848,12.55,-42.35,1.15,74.75,0.988,,,12E-option-audit-v1,9d8fb5671d76d03c
NIF-2026-09-18-1034-cba9a4,NIFTY,2026-09-18,10:34,BUY_PE,PE,23300.0,NIFTY 23300 PE,STRONG,RANGE,-0.047,ATM,-1.8,0.0077,23301.8,23308.75,0.02982602202405277,-0.006222308047163926,-0.05961648159824262,-0.038179891637752,3.0132788559754733,100.0,0.014161996068970091,0.00944133071265193,0.029182294930002288,-0.0015020298860969744,-2.17929668152551,-2.3774145616641955,-5.299653293709765,-1.2877662209014336,-2.0079325731284,-2.156668319286066,-5.106593951412996,-1.1403073872087175,,,False,,False,False,False,False,,,UNDERLYING_WRONG_OPTION_LOSS,,,,105.61,,,-2.0245,100.95,100.75,101.0,100.85,0.20000000000000284,0.19831432821021602,-0.4571,0.00137,-9.93949,10.19474,11.227016773788641,VALID,11.176336424470728,11.128798773629791,11.037498356141285,11.14692355953529,-0.6701204202196642,IV_NEUTRAL,10:38,96.15,96.35,96.35,0.19999999999998863,POSITION_SIGNAL,4,0.10000000000000142,0.09999999999999432,-4.599999999999994,-4.8,0.2000000000000055,-0.10602122666666665,2.8,-44.8,-4.8,-312.0,-4.755,UNDERLYING_DID_NOT_CONTINUE,The underlying did not move down at any measured horizon (move to exit +0.03%).,12E-option-audit-v1,9d8fb5671d76d03c
NIF-2026-09-18-1041-a53ebc,NIFTY,2026-09-18,10:41,BUY_PE,PE,23300.0,NIFTY 23300 PE,STRONG,RANGE,-0.0821,ATM,3.45,0.0148,23296.55,23301.45,0.021033157270074133,-0.0006438680156479467,-0.05234085911943252,-0.027678839634384958,4.051658647758927,100.0,0.04185169048635957,0.021033157270074133,0.038846953733489606,0.047431915884537726,-6.028196402527943,-3.1113271754982876,-5.396208070004859,-5.3475935828877015,-5.792163543441216,-2.9447554149428004,-5.159406181552686,-5.1107325383304945,False,False,False,False,False,False,False,False,UNDERLYING_WRONG_OPTION_LOSS,UNDERLYING_WRONG_OPTION_LOSS,UNDERLYING_WRONG_OPTION_LOSS,UNDERLYING_WRONG_OPTION_LOSS,,,105.04,,,-1.0787,102.85,102.6,102.8,102.725,0.25,0.24336821611097592,-0.46319,0.00138,-9.90259,10.20287,11.207465526487786,VALID,11.025546962383672,11.14692355953529,11.078876823875124,11.193161934199136,-0.5401932025524447,IV_NEUTRAL,10:44,99.65,99.75,99.75,0.09999999999999432,POSITION_SIGNAL,3,0.125,0.04999999999999716,-3.0249999999999915,-3.2,0.1750000000000087,-0.07922072000000001,0.9,-46.7,-3.2,-208.0,-3.111,UNDERLYING_DID_NOT_CONTINUE,The underlying did not move down at any measured horizon (move to exit +0.02%).,12E-option-audit-v1,9d8fb5671d76d03c
NIF-2026-09-18-1045-85377e,NIFTY,2026-09-18,10:45,BUY_PE,PE,23300.0,NIFTY 23300 PE,MODERATE,RANGE,-0.0041,ATM,-4.15,0.0178,23304.15,23307.6,0.014804230147836711,0.011587261736933656,-0.009224973505008591,0.03197877811020757,-1.9310681984844726,65.5,0.006222067743286451,0.0,-0.0032183109017063483,0.04012160924126623,-3.1358885017421656,-0.9955201592832255,-1.6426082628173275,-7.068193130910909,-2.8664007976071924,-0.7477567298105682,-1.3459621136590454,-6.804586241276188,,,,False,False,False,False,False,,,,UNDERLYING_WRONG_OPTION_LOSS,,,105.3,,,-1.6849,100.45,100.15,100.4,100.30000000000001,0.29999999999999716,0.29910269192422445,-0.4532,0.00136,-10.06267,10.17603,11.314134962836443,VALID,11.078876823875124,11.260275614580586,11.136231757448169,11.048878044957181,-1.069220307470852,IV_HEADWIND,10:51,97.35,97.6,97.35,0.25,POSITION_SIGNAL,6,0.14999999999999858,0.125,-2.825000000000017,-3.1,0.27499999999998304,-0.16100272000000002,3.3,-44.3,-3.1,-201.5,-3.086,UNDERLYING_DID_NOT_CONTINUE,The underlying did not move down at any measured horizon (move to exit +0.01%).,12E-option-audit-v1,9d8fb5671d76d03c
NIF-2026-09-18-1052-7f9728,NIFTY,2026-09-18,10:52,BUY_CE,CE,23300.0,NIFTY 23300 CE,MODERATE,RANGE,0.0287,ATM,-13.0,0.0558,23313.0,23308.65,-0.018659117230723395,0.023168408587763027,0.055364569250781995,0.046991573702746016,4.518884892086337,100.0,-0.016299918500404374,0.002144726118474671,-0.006648650967268359,-0.04289452236949342,-2.1916630855178316,-0.3008165019338155,-1.0313708637730887,-4.770090244950578,-1.9574101957410246,-0.06453000645299087,-0.7958700795869933,-4.581630458163036,,,,False,False,False,False,False,,,,UNDERLYING_WRONG_OPTION_LOSS,,,114.81,,,-0.0325,116.35,116.1,116.1,116.225,0.25,0.21510002151000218,0.57239,0.00167,-14.04559,10.07598,9.161413093614689,VALID,9.164499051498433,9.169225205742551,9.206409935378728,9.196891665042607,0.17814331558693317,IV_NEUTRAL,10:58,113.4,113.7,113.45,0.29999999999999716,POSITION_SIGNAL,6,0.125,0.14999999999999858,-2.674999999999983,-2.95,0.27500000000001723,-0.22472944,27.75,-15.85,-2.95,-191.75,-2.535,UNDERLYING_DID_NOT_CONTINUE,The underlying did not move up at any measured horizon (move to exit -0.02%).,12E-option-audit-v1,9d8fb5671d76d03c
NIF-2026-09-18-1059-6c8718,NIFTY,2026-09-18,10:59,BUY_PE,PE,23300.0,NIFTY 23300 PE,STRONG,RANGE,0.0305,ATM,-7.2,0.0309,23307.2,23301.75,-0.023383332189197876,-0.006220866502353107,-0.012869902446139458,-0.008151322873889671,1.0632780082987463,45.3,0.011155351136123363,-0.01802018260452018,0.0027888377840230368,-0.02059449440515923,-3.0256410256410287,1.282051282051282,-0.10256410256409673,-1.6410256410256352,-2.8226841159866565,1.4113420579933282,0.05132152938157265,-1.462663587374901,,,,True,False,True,False,False,,,,UNDERLYING_CORRECT_OPTION_LOSS,,,107.38,,,0.3508,97.5,97.35,97.3,97.425,0.15000000000000568,0.15396458814473254,-0.44884,0.00138,-9.88764,10.15229,11.138493803244359,VALID,11.018204838134334,11.168845298012299,11.206295010122144,10.798334582391266,-1.5455815044487322,IV_HEADWIND,11:08,97.65,97.75,97.75,0.09999999999999432,SIGNAL_FLIP,9,0.07500000000000284,0.04999999999999716,0.2750000000000057,0.15,0.1250000000000057,-0.23730336,6.25,-41.35,0.15,9.75,0.154,,,12E-option-audit-v1,9d8fb5671d76d03c
NIF-2026-09-18-1112-d459ef,NIFTY,2026-09-18,11:12,BUY_PE,PE,23300.0,NIFTY 23300 PE,STRONG,RANGE,0.0034,ATM,-3.8,0.0163,23303.8,23302.75,-0.004505702932565815,-0.006436304188317679,0.006007964844813483,0.024036191637115935,-2.0755188797199184,24.1,-0.01716458260026262,0.005578489345082229,-0.018881040860279513,-0.004720260215065976,1.8367346938775482,-1.173469387755108,1.2755102040816326,-0.3061224489795889,2.0429009193054135,-0.9959141981613979,1.5066394279877366,-0.10214504596526487,,,,,True,False,True,False,,,,,,,107.7,,,-0.5268,98.0,97.8,97.8,97.9,0.20000000000000284,0.2042900919305443,-0.45244,0.0014,-9.81721,10.15217,11.074444035718448,VALID,11.134919855846661,11.053246997195167,11.005611460221916,11.050836668312897,-0.20569038876469486,IV_NEUTRAL,11:16,97.55,97.8,97.7,0.25,POSITION_SIGNAL,4,0.10000000000000142,0.125,-0.22500000000000853,-0.45,0.22499999999999148,-0.10471690666666665,5.45,-41.85,-0.45,-29.25,-0.459,MIXED,The underlying moved as expected and no single measured factor dominates.,12E-option-audit-v1,9d8fb5671d76d03c
NIF-2026-09-18-1117-e70c99,NIFTY,2026-09-18,11:17,BUY_PE,PE,23300.0,NIFTY 23300 PE,STRONG,RANGE,0.0052,ATM,0.6,0.0026,23299.4,23302.7,0.014163454852911542,-0.014375985666921479,-0.011586938516258577,-0.018881040860279513,1.5066394279877366,84.9,-0.02103058447857651,0.0017167824064045303,0.014163454852911542,-0.012017476844909784,2.6130653266331603,0.5527638190954746,-1.8090452261306504,1.507537688442211,2.8679245283018813,0.8050314465408777,-1.5849056603773468,1.7358490566037679,True,,,,True,True,False,True,UNDERLYING_CORRECT_OPTION_PROFITABLE,,,,,,107.64,,,-0.0604,99.5,99.25,99.3,99.375,0.25,0.25157232704402516,-0.45908,0.00141,-9.72177,10.16494,11.005611460221916,VALID,11.096649898757253,11.083658643882584,11.050836668312897,11.047931840530355,0.4109286272229464,IV_NEUTRAL,11:22,97.7,97.9,97.9,0.20000000000000284,POSITION_SIGNAL,5,0.125,0.10000000000000142,-1.5749999999999886,-1.8,0.2250000000000114,-0.1296236,3.95,-43.35,-1.8,-117.0,-1.809,MIXED,The underlying moved as expected and no single measured factor dominates.,12E-option-audit-v1,9d8fb5671d76d03c
NIF-2026-09-18-1123-e31e9d,NIFTY,2026-09-18,11:23,BUY_CE,CE,23300.0,NIFTY 23300 CE,MODERATE,RANGE,0.0148,ATM,-3.25,0.0139,23303.25,23298.95,-0.01845236179502547,0.0023602415170742978,0.014806994051454208,0.03756251475670223,4.231043498930357,90.8,-0.004720371621977813,-0.033900850739709935,-0.026820293306727604,-0.03690472359005094,-0.7289293849658288,-4.510250569476085,-4.6924829157175445,-7.425968109339413,-0.5017103762827796,-4.2873432155074145,-4.5381984036487975,-7.183580387685291,,False,False,False,False,False,False,False,,UNDERLYING_WRONG_OPTION_LOSS,UNDERLYING_WRONG_OPTION_LOSS,UNDERLYING_WRONG_OPTION_LOSS,,,118.36,,,-1.3638,109.75,109.5,109.55,109.625,0.25,0.22805017103762829,0.55679,0.0017,-13.93757,10.11234,9.076549564771655,VALID,9.167805018024264,9.115368026889808,8.946533581216286,8.800497121045616,-1.089590556676624,IV_HEADWIND,11:25,105.85,106.15,106.15,0.30000000000001137,SIGNAL_FLIP,2,0.125,0.15000000000000568,-3.625,-3.9,0.2749999999999999,-0.07433370666666667,34.35,-9.25,-3.9,-253.5,-3.554,SIGNAL_FLIP,The underlying never moved the expected way and 12C flipped to the other side.,12E-option-audit-v1,9d8fb5671d76d03c
NIF-2026-09-18-1133-9ba396,NIFTY,2026-09-18,11:33,BUY_PE,PE,23300.0,NIFTY 23300 PE,STRONG,RANGE,-0.0369,ATM,5.35,0.023,23294.65,23303.8,0.039279405357014664,-0.018670329198671808,-0.03840608318026867,-0.010087135682699682,2.2716049382716164,100.0,0.018673815661529772,0.021249514373459528,0.017600607864889768,0.017385966305564892,-2.653159671972986,-4.6792088760250925,-3.61794500723589,-3.4732272069464623,-2.4384355383872576,-4.442298406566898,-3.4282955094157517,-3.2592950265572322,,False,,,False,False,False,False,,UNDERLYING_WRONG_OPTION_LOSS,,,,,104.64,,,-1.5865,103.65,103.45,103.45,103.55000000000001,0.20000000000000284,0.19314340898117124,-0.46516,0.00138,-9.99918,10.16527,11.251883712091553,VALID,11.187031884472734,10.989513484253873,11.134606109082371,11.0420591717325,-0.26660177309918964,IV_NEUTRAL,11:37,99.55,99.8,99.6,0.25,SIGNAL_FLIP,4,0.10000000000000142,0.125,-3.875000000000014,-4.1,0.22499999999998543,-0.10665792,-2.75,-47.5,-4.1,-266.5,-3.956,SIGNAL_FLIP,The underlying never moved the expected way and 12C flipped to the other side.,12E-option-audit-v1,9d8fb5671d76d03c
NIF-2026-09-18-1146-9caeda,NIFTY,2026-09-18,11:46,BUY_CE,CE,23300.0,NIFTY 23300 CE,STRONG,RANGE,0.0423,ATM,-9.45,0.0405,23309.45,23316.45,0.030030738606016013,0.03068366641920092,0.04613991338572538,0.04141666452073175,2.1171489061397315,100.0,-0.017803937887858595,-0.001287031654540422,-0.007936695203027883,0.033677328293883146,-1.472618499769911,1.3805798435342842,1.6566958122411386,7.6392084675563705,-1.2209168394379333,1.6355678415111776,1.8889656761114921,7.901405206173681,,,,True,False,True,True,True,,,,UNDERLYING_CORRECT_OPTION_PROFITABLE,,,121.67,,,2.8547,108.65,108.4,108.4,108.525,0.25,0.23036166781847497,0.56649,0.00176,-13.5955,10.05741,8.739337181426304,VALID,8.72676098535011,8.912233594253493,8.917606201876774,9.115514802261739,3.1380797312311706,IV_TAILWIND,12:04,116.3,116.6,116.6,0.29999999999999716,SIGNAL_FLIP,18,0.125,0.14999999999999858,7.924999999999983,7.65,0.2749999999999826,-0.6525839999999999,35.45,-8.15,7.65,497.25,7.041,,,12E-option-audit-v1,9d8fb5671d76d03c
NIF-2026-09-18-1212-310701,NIFTY,2026-09-18,12:12,BUY_CE,CE,23350.0,NIFTY 23350 CE,MODERATE,RANGE,-0.0437,NEAR_ATM,32.25,0.1383,23317.75,23311.5,-0.026803615271627834,0.015012277898710017,0.030672741156390033,0.005789916110542557,-0.0838457238680859,34.8,0.013723451019076575,0.004288578443460454,0.008577156886920907,-0.03109219371508829,0.8938547486033488,-1.1173184357541899,1.0614525139664837,-3.854748603351958,1.146853146853153,-0.895104895104892,1.3426573426573458,-3.580419580419584,,,,False,True,False,True,False,,,,UNDERLYING_WRONG_OPTION_LOSS,,,129.64,,,0.2308,89.5,89.25,89.5,89.375,0.25,0.27972027972027974,0.49689,0.00175,-13.54591,10.18286,8.929649203608578,VALID,8.965195172794251,8.856264022687041,9.012960312204871,9.026222984152598,0.4083984163861543,IV_NEUTRAL,12:19,85.95,86.2,86.2,0.25,SIGNAL_FLIP,7,0.125,0.125,-3.299999999999997,-3.55,0.25000000000000266,-0.25285698666666667,23.0,-14.85,-3.55,-230.75,-3.966,SIGNAL_FLIP,The underlying never moved the expected way and 12C flipped to the other side.,12E-option-audit-v1,9d8fb5671d76d03c
NIF-2026-09-18-1223-b61c0f,NIFTY,2026-09-18,12:23,BUY_CE,CE,23350.0,NIFTY 23350 CE,MODERATE,RANGE,-0.0277,NEAR_ATM,35.5,0.1523,23314.5,23314.05,-0.0019301293186674714,0.01715964908517621,0.024454283360793895,-0.003431223273984347,0.6013745704467255,52.8,0.01393982285702031,-0.006004846769184221,0.025091681142630315,0.04439297432927382,0.6253553155201786,-1.0233086981239405,1.6486640136441193,2.330869812393402,0.8824366638200871,-0.7685738684884681,1.8787361229718091,2.5334471961286584,,,True,True,True,False,True,True,,,UNDERLYING_CORRECT_OPTION_PROFITABLE,UNDERLYING_CORRECT_OPTION_PROFITABLE,,,130.15,,,-1.3869,87.95,87.7,87.7,87.825,0.25,0.2846569883290635,0.49026,0.00175,-13.52578,10.1696,8.944809243036241,VALID,8.92064955629647,9.01380330959199,8.880814599914437,8.686906541300797,-0.10980242738861047,IV_NEUTRAL,12:27,87.0,87.2,87.0,0.20000000000000284,POSITION_SIGNAL,4,0.125,0.10000000000000142,-0.7250000000000085,-0.95,0.22499999999999143,-0.14427498666666666,24.55,-13.3,-0.95,-61.75,-1.08,MIXED,The underlying moved as expected and no single measured factor dominates.,12E-option-audit-v1,9d8fb5671d76d03c
NIF-2026-09-18-1228-4fc270,NIFTY,2026-09-18,12:28,BUY_CE,CE,23350.0,NIFTY 23350 CE,MODERATE,RANGE,0.0217,NEAR_ATM,29.65,0.1271,23320.35,23322.3,0.008361795599125775,0.027022332027250833,0.019943643124580506,0.025091681142630315,1.8787361229718091,100.0,0.00343048024580639,0.028515867043168112,0.019296451382590743,0.05510208894807404,0.27917364600781686,2.903405918481305,0.5025125628140735,3.852596314907876,0.5029337803855858,3.129365744621416,0.6426376082704698,4.079351774238621,,True,,True,True,True,True,True,,UNDERLYING_CORRECT_OPTION_PROFITABLE,,UNDERLYING_CORRECT_OPTION_PROFITABLE,,74.03,130.01,,0.569,-1.8662,89.55,89.4,89.45,89.475,0.14999999999999147,0.16764459346185134,0.49883,0.00176,-13.51561,10.17069,8.880814599914437,VALID,8.829928511998567,8.80397997333318,8.686906541300797,8.626263082325519,-1.3268527308941962,IV_HEADWIND,12:34,89.45,89.7,89.7,0.25,POSITION_SIGNAL,6,0.07499999999999574,0.125,0.10000000000000853,-0.1,0.20000000000000853,-0.21624976,22.95,-14.9,-0.1,-6.5,-0.112,SPREAD_FRICTION,Mid-to-mid the trade was +0.10/unit; the ASK-to-BID round trip cost 0.20/unit and turned it negative.,12E-option-audit-v1,9d8fb5671d76d03c
NIF-2026-09-18-1236-b8f837,NIFTY,2026-09-18,12:36,BUY_CE,CE,23350.0,NIFTY 23350 CE,STRONG,RANGE,0.0764,ATM,19.1,0.0819,23330.9,23326.75,-0.01778756927508778,0.025294748124336356,0.025938001744932597,0.016718823680719575,1.0295312923326887,100.0,0.00664354997020806,-0.017144645084415946,-0.003643237080447744,-0.0012858483813436702,1.821103374397432,-2.8923406534547285,0.10712372790574026,-2.6780931976432782,2.091713596138378,-2.654867256637162,0.37543577366587133,-2.4403325288281104,,,,,True,False,True,False,,,,,,,129.69,,,0.8479,93.35,93.1,93.35,93.225,0.25,0.2681684097613301,0.51823,0.00179,-13.46089,10.1584,8.726631027733248,VALID,8.860758401063299,8.70354460209377,8.817405284968075,8.525261158847961,0.9528199988240997,IV_NEUTRAL,12:40,92.15,92.3,92.15,0.14999999999999147,POSITION_SIGNAL,4,0.125,0.07499999999999574,-1.0,-1.2,0.19999999999999996,-0.14358282666666666,19.15,-18.7,-1.2,-78.0,-1.285,MIXED,The underlying moved as expected and no single measured factor dominates.,12E-option-audit-v1,9d8fb5671d76d03c
NIF-2026-09-18-1242-6cca8c,NIFTY,2026-09-18,12:42,BUY_CE,CE,23350.0,NIFTY 23350 CE,STRONG,RANGE,0.0191,ATM,20.35,0.0872,23329.65,23330.6,0.004072071376969176,-0.001714526972714663,0.011788964671688051,-0.012000454302909778,-1.8912529550827395,67.9,0.013716450954030984,-0.007501184115492516,0.004286390923138581,-0.018431480969508373,1.1235955056179743,-3.2637774210807886,-0.5350454788657035,-5.136436597110751,1.3119143239625106,-3.0254350736278326,-0.3480589022757576,-4.979919678714865,,,,,True,False,False,False,,,,,,,128.73,,,-0.8999,93.45,93.3,93.25,93.375,0.15000000000000568,0.16064257028113058,0.51522,0.00178,-13.5388,10.15605,8.803727014483686,VALID,8.79701236750446,8.616265635144845,8.699176812361465,8.541399161736583,-3.1630450964415315,IV_HEADWIND,12:46,90.85,91.05,90.85,0.20000000000000284,POSITION_SIGNAL,4,0.07500000000000284,0.10000000000000142,-2.4250000000000114,-2.6,0.17499999999998872,-0.14441386666666667,19.05,-18.8,-2.6,-169.0,-2.782,IV_HEADWIND,The underlying moved as expected but IV fell -3.16% over the hold.,12E-option-audit-v1,9d8fb5671d76d03c
NIF-2026-09-18-1248-dcd396,NIFTY,2026-09-18,12:48,BUY_CE,CE,23350.0,NIFTY 23350 CE,MODERATE,RANGE,-0.0152,ATM,20.35,0.0872,23329.65,23326.35,-0.014145090046369792,-0.004286207199542233,0.0075017468353345135,-0.013714569801790566,-2.7748414376321353,35.2,-0.016073965961769677,-0.014145090046369792,-0.009644379577061808,-0.010073018669385023,-2.280130293159603,-3.3659066232356074,-2.6058631921824014,-0.9771986970683946,-2.038597444957869,-3.1530307148681618,-2.446316933949443,-0.7338950801848144,,,,,False,False,False,False,,,,,,,130.88,,,-1.1841,92.1,91.85,92.1,91.975,0.25,0.2718129926610492,0.51597,0.0018,-13.40178,10.15061,8.67820509849803,VALID,8.678802525909786,8.56475249331806,8.607667723805976,8.734646259948557,-0.35747433469906376,IV_NEUTRAL,12:50,90.15,90.25,90.15,0.09999999999999432,POSITION_SIGNAL,2,0.125,0.04999999999999716,-1.7749999999999915,-1.95,0.17500000000000848,-0.07147616,20.4,-17.45,-1.95,-126.75,-2.117,MIXED,The underlying moved as expected and no single measured factor dominates.,12E-option-audit-v1,9d8fb5671d76d03c
NIF-2026-09-18-1251-2c4f52,NIFTY,2026-09-18,12:51,BUY_PE,PE,23350.0,NIFTY 23350 PE,MODERATE,RANGE,-0.0159,ITM,23.65,0.1014,23326.35,23328.8,0.010503143440790041,0.0,-0.014145090046369792,-0.018216419637728992,1.6977928692699353,100.0,-0.004286997322770172,0.010503143440790041,0.01714798929108069,0.022078036212272625,-0.9537434430138294,-3.2427277062470115,-5.245588936576062,-6.247019551740579,-0.7870259957071201,-3.1481039828285073,-5.103744335797753,-6.105413784879554,,,,False,False,False,False,False,,,,UNDERLYING_WRONG_OPTION_LOSS,,,109.35,,,-3.2286,104.85,104.8,104.85,104.82499999999999,0.04999999999999716,0.04769854519436886,-0.4914,0.00149,-9.13348,10.1524,10.533554279844234,VALID,10.426460073414182,10.347907387149009,10.2165782016179,10.148684399436581,-1.7624335315806612,IV_HEADWIND,12:54,101.45,101.6,101.65,0.14999999999999147,SIGNAL_FLIP,3,0.02499999999999858,0.07499999999999574,-3.299999999999983,-3.4,0.10000000000001696,-0.07306784000000001,6.95,-30.75,-3.4,-221.0,-3.243,SIGNAL_FLIP,The underlying never moved the expected way and 12C flipped to the other side.,12E-option-audit-v1,9d8fb5671d76d03c
NIF-2026-09-18-1300-3c32cc,NIFTY,2026-09-18,13:00,BUY_CE,CE,23350.0,NIFTY 23350 CE,STRONG,RANGE,0.0126,ATM,20.7,0.0887,23329.3,23332.7,0.014573947782408624,0.0030006086949098,0.007073151389007539,0.00578704944068615,1.675824175824182,98.1,0.009430201506263487,0.02593305414221289,0.01928904853553257,0.014573947782408624,0.1079330814894704,1.511063140852662,2.8602266594711185,1.1332973556395005,0.3782761415833497,1.7562820859227235,3.0532288570656454,1.3509862199405567,,True,,,True,True,True,True,,UNDERLYING_CORRECT_OPTION_PROFITABLE,,,,,130.37,,,0.5385,92.65,92.4,92.4,92.525,0.25,0.2701972439881113,0.51705,0.0018,-13.42633,10.14001,8.685715405686542,VALID,8.689612628383836,8.606893557499227,8.802490810554046,8.700248570697376,0.16732260190471704,IV_NEUTRAL,13:10,93.7,93.85,93.7,0.14999999999999147,POSITION_SIGNAL,10,0.125,0.07499999999999574,1.25,1.05,0.19999999999999996,-0.3580354666666667,19.85,-18.0,1.05,68.25,1.133,,,12E-option-audit-v1,9d8fb5671d76d03c
NIF-2026-09-18-1316-60e0cf,NIFTY,2026-09-18,13:16,BUY_PE,PE,23350.0,NIFTY 23350 PE,MODERATE,RANGE,-0.0555,ITM,26.35,0.113,23323.65,23324.75,0.004716242955105847,-0.027646688183921585,-0.04028620347531856,-0.034930866885528836,4.596815613764775,100.0,0.021008718618217206,-0.007503113792223772,-0.01350560482600903,-0.0006431240393397053,-2.3050514958312984,0.441392839627271,1.422265816576756,-1.6184404119666558,-2.1114657500613854,0.687453965136266,1.6695310581880705,-1.374907930272532,False,,,,False,True,True,False,UNDERLYING_WRONG_OPTION_LOSS,,,,,,113.34,,,0.1388,101.95,101.7,101.95,101.825,0.25,0.24551927326295114,-0.49481,0.00155,-8.69612,10.13265,10.155935788879548,VALID,10.184089204212066,10.101684572305075,10.15976909966708,10.001378899654958,-1.3473449488955578,IV_HEADWIND,13:23,100.3,100.55,100.25,0.25,SIGNAL_FLIP,7,0.125,0.125,-1.4000000000000057,-1.65,0.24999999999999423,-0.16232757333333336,9.85,-27.85,-1.65,-107.25,-1.618,SIGNAL_FLIP,The underlying never moved the expected way and 12C flipped to the other side.,12E-option-audit-v1,9d8fb5671d76d03c
NIF-2026-09-18-1328-8edf8d,NIFTY,2026-09-18,13:28,BUY_CE,CE,23350.0,NIFTY 23350 CE,MODERATE,RANGE,0.0214,ATM,22.45,0.0962,23327.55,23320.1,-0.03193648711502377,0.008359913571358197,0.023153954502470042,0.012004415910135253,1.5297450424929113,100.0,-0.019504834412526272,-0.03193648711502377,-0.002143388396981252,-0.00535847099245313,-4.0133779264214136,-7.023411371237455,-1.5050167224080362,-5.1282051282051375,-3.766741071428572,-6.808035714285708,-1.2555803571428572,-4.9386160714285685,,False,,,False,False,False,False,,UNDERLYING_WRONG_OPTION_LOSS,,,,,133.54,,,-0.9694,89.7,89.5,89.7,89.6,0.20000000000000284,0.22321428571428892,0.51292,0.00184,-13.27797,10.12023,8.559200222724868,VALID,8.475259172018145,8.294657963412355,8.495632209157007,8.209208595171026,-3.0907357279731307,IV_HEADWIND,13:31,83.4,83.6,83.4,0.19999999999998863,SIGNAL_FLIP,3,0.10000000000000142,0.09999999999999432,-6.099999999999994,-6.3,0.2000000000000055,-0.10622376,22.8,-15.05,-6.3,-409.5,-7.023,SIGNAL_FLIP,The underlying never moved the expected way and 12C flipped to the other side.,12E-option-audit-v1,9d8fb5671d76d03c
NIF-2026-09-18-1333-a8574a,NIFTY,2026-09-18,13:33,BUY_CE,CE,23350.0,NIFTY 23350 CE,MODERATE,RANGE,0.0099,ATM,22.95,0.0984,23327.05,23322.0,-0.02164868682494903,0.0036439711568902983,0.012219068606848443,-0.002143388396981252,-1.2555803571428572,81.6,0.017790505014570874,-0.02164868682494903,-0.0032151515086562598,-0.04844161606375119,-0.16930022573362472,-5.191873589164779,-3.9503386004514676,-9.537246049661388,0.11302627860978642,-4.944899689177734,-3.7298671941226305,-9.324667985306585,,False,,False,False,False,False,False,,UNDERLYING_WRONG_OPTION_LOSS,,UNDERLYING_WRONG_OPTION_LOSS,,,134.8,,,-3.2965,88.6,88.35,88.55,88.475,0.25,0.28256569652444197,0.51128,0.00185,-13.19811,10.11704,8.495632209157007,VALID,8.333458319473655,8.3658230443595,8.209208595171026,8.272456655268178,-1.5279517945420518,IV_HEADWIND,13:36,84.0,84.2,84.2,0.20000000000000284,SIGNAL_FLIP,3,0.125,0.10000000000000142,-4.375,-4.6,0.22499999999999964,-0.10558488,23.9,-13.95,-4.6,-299.0,-5.192,SIGNAL_FLIP,The underlying never moved the expected way and 12C flipped to the other side.,12E-option-audit-v1,9d8fb5671d76d03c
NIF-2026-09-18-1339-d937aa,NIFTY,2026-09-18,13:39,BUY_CE,CE,23350.0,NIFTY 23350 CE,MODERATE,RANGE,0.0197,ATM,22.4,0.096,23327.6,23319.25,-0.03579450950804431,0.005573108465548641,0.024011662807643188,-0.015429982169807736,-1.4112334180073385,75.4,-0.028721342958543058,-0.03579450950804431,-0.06430151408631836,-0.06237246866372569,-6.575185820468839,-6.86106346483705,-11.435105774728417,-10.405946255002869,-6.32693959347265,-6.584597766962497,-11.165187517892928,-10.134554823933591,False,False,False,False,False,False,False,False,UNDERLYING_WRONG_OPTION_LOSS,UNDERLYING_WRONG_OPTION_LOSS,UNDERLYING_WRONG_OPTION_LOSS,UNDERLYING_WRONG_OPTION_LOSS,173.64,162.48,136.78,1.269,1.188,-2.37,87.45,87.2,87.2,87.325,0.25,0.286286859433152,0.51203,0.00188,-13.03684,10.11175,8.34986486909148,VALID,8.127103429904858,8.214892635787601,8.165051598604956,8.224378985740948,-1.6164600915100154,IV_HEADWIND,13:42,81.45,81.7,81.45,0.25,SIGNAL_FLIP,3,0.125,0.125,-5.75,-6.0,0.25,-0.10429472,25.05,-12.8,-6.0,-390.0,-6.861,SIGNAL_FLIP,The underlying never moved the expected way and 12C flipped to the other side.,12E-option-audit-v1,9d8fb5671d76d03c
NIF-2026-09-18-1348-f85932,NIFTY,2026-09-18,13:48,BUY_CE,CE,23300.0,NIFTY 23300 CE,MODERATE,RANGE,-0.0459,ATM,-15.6,0.0669,23315.6,23330.55,0.06412015989295033,0.0036457607308615567,0.04162036222586164,-0.0006433419469734201,-1.806663538244966,27.6,-0.01093688345999791,0.038171867762362775,0.05704335294825315,0.08749506768001447,-0.09546539379474397,5.346062052505961,4.821002386634842,8.83054892601432,0.16726403823179103,5.543608124253282,5.089605734767014,9.032258064516132,,True,True,True,False,True,True,True,,UNDERLYING_CORRECT_OPTION_PROFITABLE,UNDERLYING_CORRECT_OPTION_PROFITABLE,UNDERLYING_CORRECT_OPTION_PROFITABLE,89.22,103.23,130.46,0.684,0.791,-2.3524,104.75,104.5,104.5,104.625,0.25,0.23894862604540024,0.58543,0.00191,-12.92743,9.87112,8.04206067258919,VALID,8.23938079638359,7.97851050487513,7.84194496958307,7.789679662368281,-2.824837386347544,IV_HEADWIND,14:01,110.9,111.15,111.15,0.25,POSITION_SIGNAL,13,0.125,0.125,6.400000000000006,6.15,0.25000000000000533,-0.4481509066666666,39.35,-0.1,6.15,399.75,5.871,,,12E-option-audit-v1,9d8fb5671d76d03c
NIF-2026-09-18-1403-f43ccc,NIFTY,2026-09-18,14:03,BUY_CE,CE,23350.0,NIFTY 23350 CE,STRONG,RANGE,0.0126,ATM,18.15,0.0778,23331.85,23350.1,0.07821925822427284,0.01650377229080309,0.007072378290789694,-0.01778368186493596,-0.2890173410404624,93.2,0.013072259593658072,0.03985967679375151,0.06300400525462288,0.08829132709151732,0.17371163867979814,3.647944412275629,7.932831499710491,8.164447017950216,0.4057971014492688,3.8260869565217357,8.144927536231892,8.405797101449275,,True,True,True,True,True,True,True,,UNDERLYING_CORRECT_OPTION_PROFITABLE,UNDERLYING_CORRECT_OPTION_PROFITABLE,UNDERLYING_CORRECT_OPTION_PROFITABLE,129.28,95.21,140.56,0.92,0.677,-0.7111,86.35,86.15,86.35,86.25,0.19999999999998863,0.2318840579710013,0.51961,0.00195,-12.79466,10.08625,8.090398868957719,VALID,7.949318085325226,7.974697398951284,7.9911253246181575,7.725612591224334,-2.454382390316548,IV_HEADWIND,14:14,94.2,94.4,94.35,0.20000000000000284,SIGNAL_FLIP,11,0.09999999999999432,0.10000000000000142,8.050000000000011,7.85,0.20000000000001172,-0.3753100266666667,26.15,0.1,7.85,510.25,9.091,,,12E-option-audit-v1,9d8fb5671d76d03c
NIF-2026-09-18-1417-b9893e,NIFTY,2026-09-18,14:17,BUY_CE,CE,23350.0,NIFTY 23350 CE,MODERATE,RANGE,0.0439,ATM,-4.6,0.0197,23354.6,23354.7,0.00042818117202685036,0.009635004614096655,0.0192718660733787,-0.007920724253909231,-0.30690537084400143,66.3,-0.004495902306180678,0.00042818117202685036,0.014129978676590096,0.005994536408251288,-2.5627883136852896,-1.6401845207585795,-0.30753459764223184,-0.4613018964633551,-2.334530528476133,-1.4622883530015218,-0.0769625448948062,-0.20523345305283597,,,,,False,False,False,False,,,,,,,135.83,,,-1.9962,97.55,97.35,97.35,97.44999999999999,0.20000000000000284,0.20523345305285054,0.56676,0.00196,-12.79285,9.95554,7.916367800214993,VALID,7.822094474593945,7.775495921992902,7.818549949566278,7.885903791867046,-1.7795014301668175,IV_HEADWIND,14:20,95.95,96.1,95.95,0.14999999999999147,POSITION_SIGNAL,3,0.10000000000000142,0.07499999999999574,-1.424999999999983,-1.6,0.17500000000001714,-0.1023428,14.95,-11.1,-1.6,-104.0,-1.64,IV_HEADWIND,The underlying moved as expected but IV fell -1.78% over the hold.,12E-option-audit-v1,9d8fb5671d76d03c
NIF-2026-09-18-1421-690c26,NIFTY,2026-09-18,14:21,BUY_CE,CE,23350.0,NIFTY 23350 CE,STRONG,RANGE,-0.0096,ATM,-5.95,0.0255,23355.95,23352.15,-0.016269944061360262,0.005352241732927419,0.010276810163771483,0.015416007382563993,1.5559071729957745,40.2,0.008349050242018534,-0.0057801117060200195,-0.016269944061360262,0.05458994389010081,0.8817427385892057,-0.20746887966805275,-1.8153526970954355,9.43983402489626,1.1425603739288437,0.0,-1.5580368735393404,9.737730459620877,,,,True,True,False,False,True,,,,UNDERLYING_CORRECT_OPTION_PROFITABLE,,178.38,138.53,,1.288,0.6959,96.4,96.15,96.15,96.275,0.25,0.2596728122565567,0.57104,0.00201,-12.58156,9.9341,7.722017776712282,VALID,7.818549949566278,7.761269010840671,7.8232164177869015,7.963633905096833,1.3105206955079753,IV_TAILWIND,14:26,94.65,94.9,94.65,0.25,POSITION_SIGNAL,5,0.125,0.125,-1.5,-1.75,0.25,-0.16775413333333333,16.1,-9.95,-1.75,-113.75,-1.815,MIXED,The underlying moved as expected and no single measured factor dominates.,12E-option-audit-v1,9d8fb5671d76d03c
NIF-2026-09-18-1428-957b08,NIFTY,2026-09-18,14:28,BUY_CE,CE,23350.0,NIFTY 23350 CE,STRONG,RANGE,0.0214,ATM,-8.55,0.0366,23358.55,23370.05,0.04923250801098527,0.010917965405031994,0.022909065995232108,-0.0051370412782702195,1.3586259933350304,100.0,0.027398960980032815,0.04345303967926714,0.06464442356225956,0.03403464684237989,2.9797979797979828,6.565656565656567,11.81818181818182,6.161616161616156,3.2625189681335445,6.879109762266071,12.139605462822459,6.423874557410213,True,True,True,True,True,True,True,True,UNDERLYING_CORRECT_OPTION_PROFITABLE,UNDERLYING_CORRECT_OPTION_PROFITABLE,UNDERLYING_CORRECT_OPTION_PROFITABLE,UNDERLYING_CORRECT_OPTION_PROFITABLE,187.79,,135.43,1.387,,3.385,99.0,98.7,98.95,98.85,0.29999999999999716,0.3034901365705586,0.57311,0.00196,-12.80213,9.91973,7.903687006217443,VALID,7.796981994086035,7.963633905096833,8.156300061008515,8.031095870612585,2.7943052288795758,IV_TAILWIND,14:36,108.1,108.35,108.15,0.25,POSITION_SIGNAL,8,0.14999999999999858,0.125,9.375,9.1,0.27500000000000036,-0.27311210666666663,13.5,-12.55,9.1,591.5,9.192,,,12E-option-audit-v1,9d8fb5671d76d03c
NIF-2026-09-18-1444-1473aa,NIFTY,2026-09-18,14:44,BUY_PE,PE,23350.0,NIFTY 23350 PE,MODERATE,RANGE,-0.0543,ATM,-7.85,0.0336,23357.85,23362.75,0.02097795815968274,-0.014126016912707252,-0.040013352049035326,-0.04899590488376086,5.215281989084309,100.0,-0.012201465460213782,0.02097795815968274,0.03489191000028451,0.11816156024635051,2.360391479562477,-1.4392630972941856,-3.569372481289573,-14.104778353483018,2.5360230547550464,-1.1815561959654244,-3.342939481268018,-13.890489913544682,,False,False,False,True,False,False,False,,UNDERLYING_WRONG_OPTION_LOSS,UNDERLYING_WRONG_OPTION_LOSS,UNDERLYING_WRONG_OPTION_LOSS,,117.56,119.52,,0.984,0.8275,86.85,86.65,86.8,86.75,0.19999999999998863,0.23054755043226358,-0.4439,0.00152,-9.14097,9.97641,10.271520144877078,VALID,10.352862563343193,10.40351784011416,10.312136374495637,10.242862618964075,1.2850843241826881,IV_TAILWIND,14:47,85.6,85.85,85.85,0.25,SIGNAL_FLIP,3,0.09999999999999432,0.125,-1.0250000000000057,-1.25,0.22499999999999432,-0.07312776,2.05,-12.75,-1.25,-81.25,-1.439,SIGNAL_FLIP,The underlying never moved the expected way and 12C flipped to the other side.,12E-option-audit-v1,9d8fb5671d76d03c
NIF-2026-09-18-1455-76940a,NIFTY,2026-09-18,14:55,BUY_CE,CE,23400.0,NIFTY 23400 CE,STRONG,TRENDING_UP,0.1231,ATM,16.25,0.0695,23383.75,23380.0,-0.016036777676805475,-0.007269477388721309,0.037861124539563994,0.061619172120754136,9.480222294867605,91.3,0.0004276474047085895,-0.007911476987217812,-0.038274442721978844,-0.1406959961511796,-2.8639618138424723,-4.8926014319809,-8.054892601431982,-10.560859188544146,-2.6873693639892506,-4.77754553598089,-7.912809793968349,-10.421021200358311,,,False,False,False,False,False,False,,,UNDERLYING_WRONG_OPTION_LOSS,UNDERLYING_WRONG_OPTION_LOSS,,74.07,146.41,,0.506,-2.3092,83.8,83.65,83.6,83.725,0.14999999999999147,0.1791579575992732,0.5242,0.00204,-12.46983,10.0598,7.736511450841914,VALID,7.526466597835955,7.426777120809076,7.547990355214639,8.473444007426686,-2.9453168400518934,IV_HEADWIND,14:57,79.65,79.9,79.7,0.25,POSITION_SIGNAL,2,0.07499999999999574,0.125,-3.9499999999999886,-4.15,0.20000000000001172,-0.06650576,-0.4,-21.05,-4.15,-269.75,-4.952,UNDERLYING_DID_NOT_CONTINUE,The underlying did not move up at any measured horizon (move to exit -0.02%).,12E-option-audit-v1,9d8fb5671d76d03c
NIF-2026-09-18-1501-bfb2a2,NIFTY,2026-09-18,15:01,BUY_PE,PE,23350.0,NIFTY 23350 PE,MODERATE,RANGE,-0.0552,ATM,-12.45,0.0533,23362.45,23342.7,-0.08453736658612432,-0.05283467666032884,-0.08318400130015408,-0.09151615324250634,6.465375779455199,100.0,0.003424298393358883,-0.018619622513915204,-0.028250461745245824,-0.0886037209282448,-2.526186075169453,-3.019100431300065,-3.758471965496009,4.867529266789881,-2.435265104808871,-2.83600493218247,-3.575832305795322,5.117139334155371,,,True,True,False,False,False,True,,,UNDERLYING_CORRECT_OPTION_LOSS,UNDERLYING_CORRECT_OPTION_PROFITABLE,,57.75,124.95,,0.462,-7.1058,81.15,81.05,81.15,81.1,0.10000000000000853,0.12330456226881446,-0.43376,0.00157,-8.80933,9.92554,9.954772448789138,VALID,9.765392945927386,9.48368542893127,9.381036469248905,9.41522753435948,-5.635748772939367,IV_HEADWIND,15:12,84.9,85.05,84.9,0.14999999999999147,SIGNAL_FLIP,11,0.05000000000000426,0.07499999999999574,3.875,3.75,0.125,-0.2584070133333333,6.95,-3.05,3.75,243.75,4.621,,,12E-option-audit-v1,9d8fb5671d76d03c
NIF-2026-09-18-1527-4142f9,NIFTY,2026-09-18,15:27,BUY_CE,CE,23350.0,NIFTY 23350 CE,MODERATE,RANGE,0.0,ATM,8.15,0.0349,23341.85,23346.4,0.019492885096952087,0.0,0.0,0.0,5.732843829426702,91.3,0.019492885096952087,,,0.019492885096952087,0.9066666666666606,,,-3.573333333333327,1.201923076923077,,,-3.365384615384606,,,,,True,,,False,,,,,,,,,,,93.75,93.45,93.45,93.6,0.29999999999999716,0.3205128205128175,0.53779,0.00189,-13.24088,9.98898,8.338662921752924,VALID,8.207480598230056,,,7.80385901395643,-3.0666039785392694,IV_HEADWIND,15:29,93.35,93.6,93.35,0.25,SESSION_END,2,0.14999999999999858,0.125,-0.125,-0.4,0.275,-0.07061802666666667,0.85,-5.9,-0.4,-26.0,-0.427,SPREAD_FRICTION,Execution friction of 0.28/unit accounts for most of a 0.40/unit loss.,12E-option-audit-v1,9d8fb5671d76d03c
SEN-2026-09-18-0921-49ec69,SENSEX,2026-09-18,09:21,BUY_PE,PE,74500.0,SENSEX 74500 PE,STRONG,UNKNOWN,,ATM,42.13,0.0566,74457.87,74512.34,0.0731554636198983,-0.03906723551784402,-0.1068857383809531,,,100.0,0.018883161712788282,0.0731554636198983,0.028056134294466684,-0.040788166516172626,-2.384877459061428,-4.330146169908779,-1.7914056489724095,4.242224420265965,-2.162072949331558,-4.093084667436864,-1.562414039720506,4.467183803707998,,False,False,True,False,False,False,True,,UNDERLYING_WRONG_OPTION_LOSS,UNDERLYING_WRONG_OPTION_LOSS,UNDERLYING_CORRECT_OPTION_PROFITABLE,,,76.66,,,0.5885,454.95,453.9,454.9,454.42499999999995,1.0500000000000114,0.23106123122627747,-0.46788,0.00032,-28.64041,39.48734,12.59700456298383,VALID,12.515060645747209,12.737959089961773,12.666863612461961,12.734983353020754,1.118952734145515,IV_TAILWIND,09:24,435.25,436.4,435.05,1.1499999999999773,SIGNAL_FLIP,3,0.5250000000000057,0.5749999999999886,-18.599999999999966,-19.7,1.1000000000000334,-0.22912328,37.5,-145.2,-19.7,-394.0,-4.33,MOMENTUM_REVERSAL,"The underlying moved the right way first, then reversed (+0.07% by the exit).",12E-option-audit-v1,9d8fb5671d76d03c
SEN-2026-09-18-0927-194fcd,SENSEX,2026-09-18,09:27,BUY_PE,PE,74500.0,SENSEX 74500 PE,STRONG,UNKNOWN,,ATM,53.51,0.0719,74446.49,74427.5,-0.025508254317974207,-0.04332778902332628,-0.08837462358582655,-0.03416052195771988,6.207827260458831,100.0,-0.04781958155449077,0.005816258093567266,-0.05025085803239816,0.03054542934124992,1.5020097313306584,-1.5548973979267962,2.8982441294690053,-4.379098794161199,1.6941973739940823,-1.3447691656077863,3.1130876747141016,-4.177255400254123,True,,True,False,True,False,True,False,UNDERLYING_CORRECT_OPTION_PROFITABLE,,UNDERLYING_CORRECT_OPTION_PROFITABLE,UNDERLYING_WRONG_OPTION_LOSS,61.95,,74.42,0.832,,-0.6264,472.7,471.7,471.65,472.2,1.0,0.21177467174925882,-0.47201,0.00031,-29.47768,39.49952,12.88877447577719,VALID,12.652503569069207,12.803484449455032,12.85628485372457,12.707670685053538,-1.1932175789518777,IV_HEADWIND,09:31,474.25,475.2,475.4,0.9499999999999886,POSITION_SIGNAL,4,0.5,0.4749999999999943,2.525000000000034,1.55,0.9750000000000341,-0.3144285866666667,19.75,-162.95,1.55,31.0,0.328,,,12E-option-audit-v1,9d8fb5671d76d03c
SEN-2026-09-18-0932-69efad,SENSEX,2026-09-18,09:32,BUY_PE,PE,74500.0,SENSEX 74500 PE,STRONG,RANGE,-0.0844,ITM,90.92,0.1222,74409.08,74424.75,0.021059257821758118,-0.024748916731044648,-0.0065310343733991005,-0.05025085803239816,3.1130876747141016,100.0,-0.00729749648834197,-0.041527189961236895,0.08083690861383339,0.0690910302882437,0.8822322527698012,1.0361099712761617,-7.263028313500201,-6.657775954041853,1.0987882522078503,1.2630930375847151,-7.070240295748604,-6.469500924214418,,True,False,False,True,True,False,False,,UNDERLYING_CORRECT_OPTION_PROFITABLE,UNDERLYING_WRONG_OPTION_LOSS,UNDERLYING_WRONG_OPTION_LOSS,87.46,93.64,73.85,1.184,1.268,-1.1,487.4,486.4,487.55,486.9,1.0,0.20538098172109262,-0.48327,0.00031,-29.20298,39.53243,12.85628485372457,VALID,12.881570323508058,12.60832442583447,12.707670685053538,12.645005441691723,-2.7794362163846764,IV_HEADWIND,09:36,466.0,466.5,466.4,0.5,POSITION_SIGNAL,4,0.5,0.25,-20.649999999999977,-21.4,0.7500000000000213,-0.3114984533333333,5.05,-177.65,-21.4,-428.0,-4.391,MOMENTUM_REVERSAL,"The underlying moved the right way first, then reversed (+0.02% by the exit).",12E-option-audit-v1,9d8fb5671d76d03c
SEN-2026-09-18-0946-503aea,SENSEX,2026-09-18,09:46,BUY_PE,PE,74500.0,SENSEX 74500 PE,MODERATE,RANGE,0.008,ATM,69.32,0.0931,74430.68,74453.73,0.030968412487972583,-0.015824302420975055,-0.044692761437900144,-0.046692795115055474,1.329917697716253,71.0,0.0099287014441007,0.04664743087124982,0.017465915936815304,0.04353043664253603,-0.8165896636939961,-3.642419684108745,-2.83657462125283,-4.018480713441505,-0.6508525630681464,-3.399494379000582,-2.592652358668163,-3.7867785487601577,,False,,False,False,False,False,False,,UNDERLYING_WRONG_OPTION_LOSS,,UNDERLYING_WRONG_OPTION_LOSS,,,76.33,,,-1.2595,465.35,464.2,465.5,464.775,1.150000000000034,0.24743155290194913,-0.47663,0.00032,-28.41532,39.4804,12.550054233120505,VALID,12.521736264163339,12.518800331047467,12.373291363360911,12.48104606994243,-1.796212896066286,IV_HEADWIND,09:48,446.35,447.4,445.2,1.0499999999999545,POSITION_SIGNAL,2,0.575000000000017,0.5249999999999773,-17.899999999999977,-19.0,1.1000000000000227,-0.15154837333333335,3.5,-155.6,-19.0,-380.0,-4.083,UNDERLYING_DID_NOT_CONTINUE,The underlying did not move down at any measured horizon (move to exit +0.03%).,12E-option-audit-v1,9d8fb5671d76d03c
SEN-2026-09-18-0949-c83b0f,SENSEX,2026-09-18,09:49,BUY_CE,CE,74500.0,SENSEX 74500 CE,STRONG,RANGE,0.016,ATM,34.6,0.0465,74465.4,74443.68,-0.029167908854315115,0.01567416434340933,0.04664743087124982,0.061838730717710254,3.9538626609441963,75.4,-0.030994260421601437,-0.028671033795549705,0.019606421237253573,0.036473315123538574,-2.3819344194679224,-2.3819344194679224,0.7939781398226486,1.5776448752320138,-2.1520359188728815,-2.250090313257982,1.0166692470454806,1.801104402126237,False,False,,True,False,False,True,True,UNDERLYING_WRONG_OPTION_LOSS,UNDERLYING_WRONG_OPTION_LOSS,,UNDERLYING_CORRECT_OPTION_PROFITABLE,,,82.88,,,-0.6082,484.9,483.95,483.85,484.42499999999995,0.9499999999999886,0.19610878877018914,0.53914,0.00037,-44.15487,39.37059,10.945416620669674,VALID,11.016560580643487,10.988498867470495,10.887929865809962,10.865717876608478,1.3935718805039967,IV_TAILWIND,09:51,477.5,478.5,477.5,1.0,SIGNAL_FLIP,2,0.4749999999999943,0.5,-6.4249999999999545,-7.4,0.9750000000000458,-0.23549264,69.85,-57.75,-7.4,-148.0,-1.526,MOMENTUM_REVERSAL,"The underlying moved the right way first, then reversed (-0.03% by the exit).",12E-option-audit-v1,9d8fb5671d76d03c
SEN-2026-09-18-0953-b0d41f,SENSEX,2026-09-18,09:53,BUY_CE,CE,74500.0,SENSEX 74500 CE,STRONG,RANGE,0.0044,ATM,32.74,0.044,74467.26,74496.89,0.03978929800828533,0.031177777135972383,0.03350244860717368,0.018172360202771354,0.5561563417271721,100.0,0.017108189558747346,-0.005613205051445448,0.047953959901312876,0.04654394427833587,0.0,-1.9028132992327391,1.1253196930946292,0.010230179028135318,0.24069237466072851,-1.7309366518154328,1.3673375326471064,0.25093460336968626,,,True,True,False,False,True,True,,,UNDERLYING_CORRECT_OPTION_PROFITABLE,UNDERLYING_CORRECT_OPTION_PROFITABLE,,,82.22,,,-2.5753,488.75,487.6,488.7,488.175,1.1499999999999773,0.23557126030623798,0.53898,0.00036,-44.51923,39.36399,11.063800226420604,VALID,10.887929865809962,10.888334002555553,10.720269819246013,10.571852776707324,-3.4183982687316474,IV_HEADWIND,10:00,489.05,490.4,490.5,1.349999999999966,POSITION_SIGNAL,7,0.5749999999999886,0.674999999999983,1.5500000000000114,0.3,1.2500000000000113,-0.8310256266666668,66.0,-61.6,0.3,6.0,0.061,,,12E-option-audit-v1,9d8fb5671d76d03c
SEN-2026-09-18-1005-6ebc10,SENSEX,2026-09-18,10:05,BUY_PE,PE,74500.0,SENSEX 74500 PE,MODERATE,RANGE,-0.0197,ATM,19.6,0.0263,74480.4,74508.16,0.03727155063615302,-0.009169356948837736,-0.03972621124682032,-0.02213515221911309,0.9553586937641132,58.9,0.029712514970387724,0.0041621688390580894,0.04116519245332127,0.039298929651296284,-2.88825214899714,-0.5501432664756395,-3.4613180515759367,-5.283667621776507,-2.707042899747638,-0.3727919247533838,-3.3035099793530573,-5.081440697407658,False,,False,False,False,False,False,False,UNDERLYING_WRONG_OPTION_LOSS,,UNDERLYING_WRONG_OPTION_LOSS,UNDERLYING_WRONG_OPTION_LOSS,,,78.77,,,-0.0611,436.25,435.55,436.25,435.9,0.6999999999999886,0.1605872906629935,-0.46098,0.00032,-28.18351,39.3441,12.386253401738207,VALID,12.379345553002514,12.382834161344707,12.389829646954878,12.16731406162714,-1.6335470468831592,IV_HEADWIND,10:09,415.95,417.0,416.0,1.0500000000000114,POSITION_SIGNAL,4,0.3499999999999943,0.5250000000000057,-19.424999999999955,-20.3,0.8750000000000462,-0.3006241066666666,32.6,-126.5,-20.3,-406.0,-4.653,UNDERLYING_DID_NOT_CONTINUE,The underlying did not move down at any measured horizon (move to exit +0.04%).,12E-option-audit-v1,9d8fb5671d76d03c
SEN-2026-09-18-1010-297aad,SENSEX,2026-09-18,10:10,BUY_CE,CE,74600.0,SENSEX 74600 CE,MODERATE,RANGE,0.019,NEAR_ATM,88.94,0.1194,74511.06,74489.03,-0.02956608052549358,0.0038921911371776986,0.08991979487433303,0.04116519245332127,3.246565018261928,89.6,-0.011823748044917993,0.0015031325550802033,-0.0018654948674725847,-0.04058457898732173,-1.3464991023339317,-0.7854578096947935,-0.21319569120288273,-4.387342908438063,-1.224100174069301,-0.6008198102083241,-0.033690830478978966,-4.18889325621876,,,,False,False,False,False,False,,,,UNDERLYING_WRONG_OPTION_LOSS,,,86.85,,,0.1283,445.6,444.85,445.05,445.225,0.75,0.16845415239485653,0.51898,0.00038,-43.21277,39.49533,10.707125182191692,VALID,10.673905869574755,10.61996932897128,10.71779240915186,10.617192249351769,-0.10610126861721476,IV_NEUTRAL,10:17,431.9,433.05,433.05,1.150000000000034,POSITION_SIGNAL,7,0.375,0.575000000000017,-12.75,-13.7,0.9499999999999993,-0.8066383733333334,51.25,-67.6,-13.7,-274.0,-3.075,UNDERLYING_DID_NOT_CONTINUE,The underlying did not move up at any measured horizon (move to exit -0.03%).,12E-option-audit-v1,9d8fb5671d76d03c
SEN-2026-09-18-1020-4ba46d,SENSEX,2026-09-18,10:20,BUY_PE,PE,74500.0,SENSEX 74500 PE,STRONG,RANGE,-0.0406,ATM,19.18,0.0258,74480.82,74435.34,-0.061062700437522675,-0.012766757779157053,-0.011021757163426415,-0.038719806435850906,4.561933534743202,100.0,0.010083132811903468,-0.011022972088661756,-0.05546394360321519,-0.037163930257491214,-2.7822673747402473,-1.246825213576549,1.8933271761717823,0.7504040637266219,-2.542617740537417,-1.0112684195319273,2.0572088991620867,0.9650390060676131,,,True,True,False,False,True,True,,,UNDERLYING_CORRECT_OPTION_PROFITABLE,UNDERLYING_CORRECT_OPTION_PROFITABLE,37.09,,79.21,0.468,,-2.336,433.1,432.15,433.05,432.625,0.9500000000000455,0.2195897139555147,-0.46008,0.00032,-28.09153,39.30485,12.342203584080293,VALID,12.16070738882503,12.146875281003615,12.034152909513821,12.104181041444932,-0.7498593006787203,IV_NEUTRAL,10:39,449.35,449.7,450.3,0.3499999999999659,POSITION_SIGNAL,19,0.47500000000002274,0.17499999999998295,16.899999999999977,16.25,0.6499999999999773,-1.4233041866666665,35.75,-123.35,16.25,325.0,3.752,,,12E-option-audit-v1,9d8fb5671d76d03c
SEN-2026-09-18-1040-3e319b,SENSEX,2026-09-18,10:40,BUY_PE,PE,74500.0,SENSEX 74500 PE,MODERATE,RANGE,-0.0417,ITM,77.94,0.1047,74422.06,74427.51,0.0073230974794262485,-0.017840987896339075,-0.008907855290755025,-0.014120162719101749,2.4225663716814134,100.0,-0.026269092793189158,-0.006382516151796927,0.002942675867884238,-0.0007927756904290308,0.9061488673139134,-1.4778856526429391,-0.8845738942826371,-1.8122977346278268,1.1610325089102496,-1.2474349281779964,-0.6912193541419136,-1.5768441516362481,True,,,,True,False,False,False,UNDERLYING_CORRECT_OPTION_PROFITABLE,,,,,,76.98,,,-0.4647,463.5,462.4,463.05,462.95,1.1000000000000227,0.23760665298628852,-0.47884,0.00032,-28.13583,39.37455,12.433749072599655,VALID,12.281893154331422,12.247424681479691,12.363440087676164,12.23550928442318,-2.0661550914557387,IV_HEADWIND,10:46,451.3,451.9,451.1,0.5999999999999659,POSITION_SIGNAL,6,0.5500000000000114,0.29999999999998295,-11.349999999999966,-12.2,0.8500000000000334,-0.45017328,5.35,-153.75,-12.2,-244.0,-2.632,IV_HEADWIND,The underlying moved as expected but IV fell -2.07% over the hold.,12E-option-audit-v1,9d8fb5671d76d03c
SEN-2026-09-18-1049-1a3901,SENSEX,2026-09-18,10:49,BUY_PE,PE,74500.0,SENSEX 74500 PE,MODERATE,RANGE,-0.0267,ITM,84.55,0.1136,74415.45,74450.7,0.047369195509803404,-0.01585440816368052,-0.016203685975787276,0.0017066639718452512,0.13529602770861415,69.8,0.008089717928204525,0.047369195509803404,0.032103548389480166,0.04356622179936862,-1.7062634989200816,-7.138228941684669,-3.9092872570194435,-3.8876889848812093,-1.497054531697565,-6.9448197589580065,-3.745338593741553,-3.7507431227368464,,False,False,False,False,False,False,False,,UNDERLYING_WRONG_OPTION_LOSS,UNDERLYING_WRONG_OPTION_LOSS,UNDERLYING_WRONG_OPTION_LOSS,,,77.44,,,-1.2592,463.0,462.15,463.0,462.575,0.8500000000000227,0.18375398584013894,-0.48137,0.00033,-27.82405,39.36367,12.339730575847138,VALID,12.23550928442318,11.92027941735603,12.186962416062478,12.301360712520777,-3.399192193969866,IV_HEADWIND,10:52,429.95,430.95,429.85,1.0,SIGNAL_FLIP,3,0.42500000000001137,0.5,-32.125,-33.05,0.9249999999999972,-0.2225924,5.85,-153.25,-33.05,-661.0,-7.138,SIGNAL_FLIP,The underlying never moved the expected way and 12C flipped to the other side.,12E-option-audit-v1,9d8fb5671d76d03c
SEN-2026-09-18-1055-6ed8b2,SENSEX,2026-09-18,10:55,BUY_PE,PE,74500.0,SENSEX 74500 PE,MODERATE,RANGE,0.0322,ATM,51.82,0.0696,74448.18,74423.45,-0.033217736148816436,0.011875441130988679,-0.003384790203455541,0.03589018061587852,-4.301547240206304,17.4,0.010530814856738017,8.059297085868804e-05,-0.007333960346635542,-0.04714688794271569,1.385549066758276,2.244360471773734,2.084049009504185,7.374327264399414,1.6454535030386581,2.493980048159615,2.3449145740167467,7.573672743951404,,,,True,True,True,True,True,,,,UNDERLYING_CORRECT_OPTION_PROFITABLE,,,80.28,,,1.7561,436.65,435.45,435.1,436.04999999999995,1.1999999999999886,0.2751977984176101,-0.47022,0.00033,-27.05763,39.30113,12.025179636919006,VALID,12.335593838909283,12.307252050074876,12.23308841730814,12.558163063010944,-0.4142626104794026,IV_NEUTRAL,11:09,445.05,445.7,445.65,0.6499999999999773,POSITION_SIGNAL,14,0.5999999999999943,0.32499999999998863,9.325000000000045,8.4,0.9250000000000451,-1.01015152,32.2,-126.9,8.4,168.0,1.924,,,12E-option-audit-v1,9d8fb5671d76d03c
SEN-2026-09-18-1113-59ada7,SENSEX,2026-09-18,11:13,BUY_PE,PE,74500.0,SENSEX 74500 PE,STRONG,RANGE,-0.0413,ITM,86.19,0.1158,74413.81,74431.85,0.024242811918927614,-0.02836034484889697,-0.009056638253822686,-0.004649458385138829,2.158793746174802,57.6,0.00466311293562467,0.02322149611745298,0.0011960145569745965,0.03402594222766847,-1.7520948960713922,-2.1873979758406814,0.35912504080967117,-2.5356404396561056,-1.5522030390501607,-1.9824628288219646,0.5664179510919934,-2.3255813953488276,,False,,False,False,False,True,False,,UNDERLYING_WRONG_OPTION_LOSS,,UNDERLYING_WRONG_OPTION_LOSS,,,78.14,,,0.6599,459.45,458.6,459.55,459.025,0.8499999999999659,0.18517509939545035,-0.48202,0.00033,-27.55576,39.31452,12.239520428514023,VALID,12.070887414160527,12.222660966502824,12.279130709794488,12.277342800014315,-1.1931403007512462,IV_HEADWIND,11:22,445.0,445.8,445.0,0.8000000000000114,SIGNAL_FLIP,9,0.42499999999998295,0.4000000000000057,-13.625,-14.45,0.8249999999999993,-0.66133824,1.65,-149.7,-14.45,-289.0,-3.145,SIGNAL_FLIP,The underlying never moved the expected way and 12C flipped to the other side.,12E-option-audit-v1,9d8fb5671d76d03c
SEN-2026-09-18-1126-ee9a8b,SENSEX,2026-09-18,11:26,BUY_PE,PE,74500.0,SENSEX 74500 PE,MODERATE,RANGE,-0.0121,ITM,77.91,0.1047,74422.09,74439.39,0.023245786298131257,-0.004232435125514853,-0.022891186396198006,-0.007779342902159981,2.1035150844173818,96.9,-0.004004187466377154,-0.006369076708260528,0.014484946606577209,0.0011286971381702766,-1.1912497292614252,-0.6497725795971411,-1.8193632228719898,-3.097249296079708,-0.9379235565193917,-0.4499864461913896,-1.572241799945785,-2.8517213336947633,,,,,False,False,False,False,,,,,,,77.37,,,-0.4515,461.7,460.55,460.65,461.125,1.1499999999999773,0.24939007861208506,-0.47941,0.00033,-28.0529,39.27892,12.378607980542588,VALID,12.223438380046286,12.293256020739872,12.32545542473622,12.06817346549307,-0.6515861487801233,IV_NEUTRAL,11:37,449.15,450.0,449.95,0.8500000000000227,POSITION_SIGNAL,11,0.5749999999999886,0.42500000000001137,-11.550000000000011,-12.55,0.9999999999999893,-0.8228850666666667,-0.95,-151.95,-12.55,-251.0,-2.718,MIXED,The underlying moved as expected and no single measured factor dominates.,12E-option-audit-v1,9d8fb5671d76d03c
SEN-2026-09-18-1147-91690b,SENSEX,2026-09-18,11:47,BUY_CE,CE,74500.0,SENSEX 74500 CE,STRONG,RANGE,0.0137,ATM,50.38,0.0677,74449.62,74489.71,0.05384849513001015,0.01661802390603541,0.04784044727054292,0.02164347751436226,0.3528943024645579,76.4,-0.025157952451598718,0.00042982086410512895,0.007709911749724497,0.048220528190753335,-1.1103557670518998,1.960117833673233,4.917289825515519,7.636528438703827,-0.8848051727071584,2.0872327151040886,5.098973399126544,7.832794509670475,False,,,True,False,True,True,True,UNDERLYING_WRONG_OPTION_LOSS,,,UNDERLYING_CORRECT_OPTION_PROFITABLE,,,90.15,,,4.404,441.3,440.25,441.5,440.775,1.0500000000000114,0.23821677726731585,0.5337,0.0004,-42.05513,39.15967,10.213004939051142,VALID,10.35265171152185,10.421185850183889,10.677307745077776,10.591118741371492,3.332918393251042,IV_TAILWIND,12:04,476.55,477.7,477.55,1.1499999999999773,SIGNAL_FLIP,17,0.5250000000000057,0.5749999999999886,36.35000000000002,35.25,1.1000000000000227,-1.9064992266666667,113.45,-10.8,35.25,705.0,7.988,,,12E-option-audit-v1,9d8fb5671d76d03c
SEN-2026-09-18-1212-4f08ac,SENSEX,2026-09-18,12:12,BUY_CE,CE,74600.0,SENSEX 74600 CE,STRONG,RANGE,-0.0345,NEAR_ATM,113.64,0.1526,74486.36,74467.03,-0.025951060033007043,0.00958656656178652,0.052493522933278074,0.021498488995949073,1.138269829858615,58.7,0.005195582117310261,0.0074510286178609214,-0.00367852584017428,-0.052721061950139696,-0.615311797420429,-0.8638031002248334,-0.34315465625369507,-3.810199976334167,-0.37317853334912654,-0.6575050349484739,-0.11846937566639025,-3.5836986139083185,,,,False,False,False,False,False,,,,UNDERLYING_WRONG_OPTION_LOSS,,67.97,89.85,,0.757,0.212,422.55,421.55,422.55,422.05,1.0,0.2369387513327805,0.50912,0.00038,-42.7672,39.25658,10.550701998477832,VALID,10.46298001257281,10.410770592441091,10.504147348192118,10.655889696098589,-1.0949911560583663,IV_HEADWIND,12:19,409.2,410.3,410.3,1.1000000000000227,SIGNAL_FLIP,7,0.5,0.5500000000000114,-12.300000000000011,-13.35,1.0499999999999883,-0.7983210666666668,74.3,-43.45,-13.35,-267.0,-3.159,SIGNAL_FLIP,The underlying never moved the expected way and 12C flipped to the other side.,12E-option-audit-v1,9d8fb5671d76d03c
SEN-2026-09-18-1224-56f1dd,SENSEX,2026-09-18,12:24,BUY_CE,CE,74600.0,SENSEX 74600 CE,STRONG,RANGE,-0.0188,NEAR_ATM,122.16,0.164,74477.84,74458.91,-0.025416956238248876,0.021500948875410077,0.03207351227522364,0.01451649139222777,1.58023184868823,72.1,-0.012030424083179442,-0.025416956238248876,0.015132017792143375,0.0233895075367361,-3.0113977204559115,-2.795440911817631,-0.23995200959808036,-0.011997600479906747,-2.762928704426692,-2.5767313352153334,0.02402546699500652,0.21022283620637877,,False,,True,False,False,False,False,,UNDERLYING_WRONG_OPTION_LOSS,,UNDERLYING_CORRECT_OPTION_LOSS,,,90.49,,,-1.3454,416.75,415.7,415.45,416.225,1.0500000000000114,0.2522674034476572,0.50573,0.00039,-42.53715,39.23255,10.490945706209668,VALID,10.333412948006805,10.497466628325505,10.38899551357523,10.325172917876642,0.06215761951733705,IV_NEUTRAL,12:27,405.1,405.9,405.8,0.7999999999999545,SIGNAL_FLIP,3,0.5250000000000057,0.39999999999997726,-10.725000000000023,-11.65,0.9249999999999776,-0.34029719999999997,80.1,-37.65,-11.65,-233.0,-2.795,MOMENTUM_REVERSAL,"The underlying moved the right way first, then reversed (-0.03% by the exit).",12E-option-audit-v1,9d8fb5671d76d03c
SEN-2026-09-18-1228-5c04db,SENSEX,2026-09-18,12:28,BUY_CE,CE,74600.0,SENSEX 74600 CE,MODERATE,RANGE,0.0007,NEAR_ATM,128.18,0.1721,74471.82,74507.29,0.047628754070984984,0.01733842195649049,0.003947957858372958,0.013416269785479672,1.4573170731707374,98.2,0.02321683557618653,0.04553400198892539,0.037893528048578116,0.06803915897315019,-0.14410952323766607,1.7773507865978089,1.1048396781553897,3.8789480004803596,0.08413967185527156,1.9652623354768806,1.3221948434401105,4.0927940381032455,True,True,True,True,False,True,True,True,UNDERLYING_CORRECT_OPTION_LOSS,UNDERLYING_CORRECT_OPTION_PROFITABLE,UNDERLYING_CORRECT_OPTION_PROFITABLE,UNDERLYING_CORRECT_OPTION_PROFITABLE,,60.15,90.13,,0.667,-2.0932,416.35,415.6,415.95,415.975,0.75,0.18029929683274235,0.50345,0.00038,-42.77778,39.22347,10.582218145952558,VALID,10.38899551357523,10.374247924622248,10.374057510786617,10.362605886638775,-2.3050312714123917,IV_HEADWIND,12:39,422.9,423.8,423.8,0.9000000000000341,POSITION_SIGNAL,11,0.375,0.45000000000001705,7.375,6.55,0.8250000000000002,-1.25481488,80.5,-37.25,6.55,131.0,1.573,,,12E-option-audit-v1,9d8fb5671d76d03c
SEN-2026-09-18-1242-9ea3dd,SENSEX,2026-09-18,12:42,BUY_CE,CE,74600.0,SENSEX 74600 CE,MODERATE,RANGE,0.0139,NEAR_ATM,82.97,0.1113,74517.03,74504.25,-0.017150441986212867,0.028095430499036882,0.01307254632399761,-0.003099866423934608,-1.170893305917295,75.1,0.0073137643837886315,0.01274876360477598,0.011836220525706653,-0.010963936700105002,0.6579706799030411,-1.5698949555581103,-0.40401708415098697,-3.4630035784370317,0.8957984164595735,-1.3639253308674744,-0.202277061781194,-3.2017569207651775,,,,,True,False,False,False,,,,,,,89.74,,,-1.2645,433.15,432.0,432.0,432.575,1.1499999999999773,0.2658498526267069,0.52096,0.00039,-42.61181,39.16464,10.411561501770912,VALID,10.431604247895368,10.14260125976563,10.288985858797238,10.206619198059895,-0.5732953637877971,IV_NEUTRAL,12:50,422.7,423.8,422.8,1.1000000000000227,POSITION_SIGNAL,8,0.5749999999999886,0.5500000000000114,-9.324999999999989,-10.45,1.1250000000000107,-0.9090519466666666,63.7,-54.05,-10.45,-209.0,-2.413,MIXED,The underlying moved as expected and no single measured factor dominates.,12E-option-audit-v1,9d8fb5671d76d03c
SEN-2026-09-18-1254-322b20,SENSEX,2026-09-18,12:54,BUY_CE,CE,74600.0,SENSEX 74600 CE,MODERATE,RANGE,-0.0337,NEAR_ATM,80.79,0.1084,74519.21,74566.52,0.06348698543636958,0.012347334270941101,0.0100118437696154,0.007246978781528862,0.7173938609902415,45.0,0.003113291190274874,0.0030864524731117763,0.020357166964059675,0.07925473176647695,-0.5132392394727607,-0.17496792254753296,0.8048524437186622,7.033710486410833,-0.3094348435310576,0.035030359645033655,1.0158804297057502,7.268799626342844,,,True,True,False,False,True,True,,,UNDERLYING_CORRECT_OPTION_PROFITABLE,UNDERLYING_CORRECT_OPTION_PROFITABLE,,91.71,90.83,,1.01,-0.8331,428.65,427.75,428.6,428.2,0.8999999999999773,0.21018215787014885,0.52192,0.00039,-42.32101,39.135,10.304720979164385,VALID,10.240001548817819,10.235595253897126,10.217361498679349,10.269726357691463,-2.2976689192032476,IV_HEADWIND,13:11,443.1,444.05,444.0,0.9499999999999886,POSITION_SIGNAL,17,0.44999999999998863,0.4749999999999943,15.375000000000057,14.45,0.9250000000000576,-1.9185524533333336,68.2,-49.55,14.45,289.0,3.371,,,12E-option-audit-v1,9d8fb5671d76d03c
SEN-2026-09-18-1323-792b3a,SENSEX,2026-09-18,13:23,BUY_CE,CE,74600.0,SENSEX 74600 CE,STRONG,RANGE,-0.0454,ATM,69.61,0.0934,74530.39,74522.07,-0.011163231535474901,0.007004344974994575,0.009916401647812646,-0.009485163567429027,2.363952720945573,44.0,-0.000536693823813587,-0.006561081996215796,-0.007527130879095872,0.010693624439642896,-0.7845433255269374,-1.1124121779859486,-0.9836065573770465,-0.22248243559718703,-0.550964187327829,-0.8674755289842304,-0.7678330695738766,0.01172264228358671,,,,,False,False,False,False,,,,,,,92.02,,,-0.0752,427.0,426.05,425.95,426.525,0.9499999999999886,0.22273020338784097,0.52659,0.0004,-41.84615,39.0508,10.108696954485353,VALID,10.074820226799455,10.086751448104508,10.088390512920492,10.035156580021923,-2.3542221709458877,IV_HEADWIND,13:36,413.0,413.9,413.0,0.8999999999999773,POSITION_SIGNAL,13,0.4749999999999943,0.44999999999998863,-13.074999999999989,-14.0,0.9250000000000114,-1.4506665333333333,69.85,-47.9,-14.0,-280.0,-3.279,IV_HEADWIND,The underlying moved as expected but IV fell -2.35% over the hold.,12E-option-audit-v1,9d8fb5671d76d03c
SEN-2026-09-18-1337-ae4870,SENSEX,2026-09-18,13:37,BUY_PE,PE,74600.0,SENSEX 74600 PE,MODERATE,RANGE,-0.0148,ITM,79.49,0.1067,74520.51,74535.1,0.019578502616274446,-0.002093339597265915,-0.03687557010249133,-0.014705197683617945,0.37356148701572844,48.3,0.0012479785766463046,-0.001596875813098671,-0.026838248959917214,-0.03268898723317994,-0.1319103009953259,1.3670703921333467,1.4390214654035256,3.2857656793380476,0.11405246413349322,1.602737259139193,1.6807731556515997,3.529623626868343,,,True,True,False,True,True,True,,,UNDERLYING_CORRECT_OPTION_PROFITABLE,UNDERLYING_CORRECT_OPTION_PROFITABLE,,,85.74,,,-0.6203,416.95,416.0,416.05,416.475,0.9499999999999886,0.2281049282670001,-0.47918,0.00036,-24.93487,39.04924,11.264884814248347,VALID,11.294667710458695,11.419359998343037,11.209514788127043,11.38706621698622,0.22690686605282107,IV_NEUTRAL,13:39,409.05,410.1,410.15,1.0500000000000114,SIGNAL_FLIP,2,0.4749999999999943,0.5250000000000057,-6.899999999999977,-7.9,1.000000000000023,-0.13298597333333334,28.5,-67.2,-7.9,-158.0,-1.895,MIXED,The underlying moved as expected and no single measured factor dominates.,12E-option-audit-v1,9d8fb5671d76d03c
SEN-2026-09-18-1342-e7bf41,SENSEX,2026-09-18,13:42,BUY_PE,PE,74600.0,SENSEX 74600 PE,MODERATE,RANGE,-0.0415,ITM,99.49,0.1335,74500.51,74495.39,-0.006872436175262886,-0.012293706306850498,-0.04640766565015819,-0.026838248959917214,1.6807731556515997,98.9,-0.004617418055242544,-0.0467379350825819,-0.005852308930503405,0.056013039373838495,1.8042452830188627,5.058962264150941,1.5683962264150892,-2.6886792452830135,2.054430603931739,5.3249896688116065,1.818289155203951,-2.455871066768989,,True,,False,True,True,True,False,,UNDERLYING_CORRECT_OPTION_PROFITABLE,,UNDERLYING_WRONG_OPTION_LOSS,,43.84,85.51,,0.513,1.3179,424.0,422.95,423.0,423.475,1.0500000000000114,0.24794852116418,-0.48604,0.00036,-24.65084,39.05785,11.209514788127043,VALID,11.38046898546891,11.32826423293202,11.38706621698622,11.472379769676195,2.063737747206831,IV_TAILWIND,13:48,434.3,435.3,432.85,1.0,SIGNAL_FLIP,6,0.5250000000000057,0.5,11.324999999999989,10.3,1.024999999999988,-0.39441344,21.45,-74.25,10.3,206.0,2.429,,,12E-option-audit-v1,9d8fb5671d76d03c
SEN-2026-09-18-1351-970c63,SENSEX,2026-09-18,13:51,BUY_CE,CE,74600.0,SENSEX 74600 CE,MODERATE,RANGE,-0.0095,NEAR_ATM,97.39,0.1307,74502.61,74535.64,0.04433401729147319,0.010645055459004009,0.009691874893199653,0.033876057401584114,3.485824742268035,76.3,0.05319276734064035,0.06446754013047172,0.04560914040460586,0.04433401729147319,2.550385668076636,3.6327444637969704,1.4058223438666422,2.177158497138592,2.770686756739929,3.8540564099371206,1.5939231679223047,2.3784322271340543,True,True,True,True,True,True,True,True,UNDERLYING_CORRECT_OPTION_PROFITABLE,UNDERLYING_CORRECT_OPTION_PROFITABLE,UNDERLYING_CORRECT_OPTION_PROFITABLE,UNDERLYING_CORRECT_OPTION_PROFITABLE,,,95.7,,,-2.7708,401.9,401.15,401.9,401.525,0.75,0.1867878712408941,0.51575,0.00041,-40.9913,39.03286,9.876718035419616,VALID,9.635770650581552,9.634968201799271,9.57754569999362,9.673793871060036,-2.054570796005905,IV_HEADWIND,14:01,410.65,411.5,411.25,0.8500000000000227,POSITION_SIGNAL,10,0.375,0.42500000000001137,9.550000000000011,8.75,0.8000000000000114,-1.0931013333333335,94.95,-1.0,8.75,175.0,2.177,,,12E-option-audit-v1,9d8fb5671d76d03c
SEN-2026-09-18-1403-ccfc31,SENSEX,2026-09-18,14:03,BUY_CE,CE,74600.0,SENSEX 74600 CE,STRONG,RANGE,-0.0044,ATM,64.37,0.0864,74535.63,74613.06,0.10388320324117876,-0.0035149738556987096,0.004749632004158409,-0.026141732452433432,-1.3718968998693377,62.7,0.02973074756326463,0.05744903477704882,0.0882128453197484,0.10458085616234422,0.34889316650625324,2.899422521655427,6.352261790182863,6.304138594802692,0.5660263744204169,3.1312097308363804,6.503281748660203,6.551454206057683,True,True,True,True,True,True,True,True,UNDERLYING_CORRECT_OPTION_PROFITABLE,UNDERLYING_CORRECT_OPTION_PROFITABLE,UNDERLYING_CORRECT_OPTION_PROFITABLE,UNDERLYING_CORRECT_OPTION_PROFITABLE,73.72,62.64,95.02,0.776,0.659,-1.8791,415.6,414.75,414.75,415.175,0.8500000000000227,0.2047329439393082,0.5293,0.00042,-40.94491,38.94908,9.780075082627764,VALID,9.560078872217025,9.53880754751346,9.565586132896025,9.415210606318064,-2.62524258860265,IV_HEADWIND,14:14,447.0,448.25,446.75,1.25,POSITION_SIGNAL,11,0.42500000000001137,0.625,32.44999999999999,31.4,1.04999999999999,-1.2010506933333334,81.25,-14.7,31.4,628.0,7.555,,,12E-option-audit-v1,9d8fb5671d76d03c
SEN-2026-09-18-1421-5bccae,SENSEX,2026-09-18,14:21,BUY_CE,CE,74700.0,SENSEX 74700 CE,MODERATE,RANGE,-0.0038,ATM,63.98,0.0857,74636.02,74613.14,-0.030655439558546473,0.01277026428550885,0.010063178267942525,0.022326645524704973,2.062380649267988,57.7,0.0021839321014037252,-0.0004689424757721818,-0.030655439558546473,0.04562140371365315,-0.510776130559365,-0.19932727046219292,-2.267347701507418,4.796312445496449,-0.2931271049020859,0.037420481476856,-2.0207059997505357,5.070475240114753,,,False,True,False,False,False,True,,,UNDERLYING_WRONG_OPTION_LOSS,UNDERLYING_CORRECT_OPTION_PROFITABLE,,,98.44,,,0.9969,401.35,400.35,400.75,400.85,1.0,0.24946987651241112,0.52868,0.00043,-40.03771,38.96538,9.462325327761187,VALID,9.35440563452461,9.45395647594675,9.494730155423321,9.488357170070573,0.3424615677402535,IV_NEUTRAL,14:26,392.25,393.25,392.35,1.0,SIGNAL_FLIP,5,0.5,0.5,-8.100000000000023,-9.1,0.9999999999999769,-0.5338361333333334,40.7,-50.1,-9.1,-182.0,-2.267,MOMENTUM_REVERSAL,"The underlying moved the right way first, then reversed (-0.03% by the exit).",12E-option-audit-v1,9d8fb5671d76d03c
SEN-2026-09-18-1428-0a7919,SENSEX,2026-09-18,14:28,BUY_CE,CE,74700.0,SENSEX 74700 CE,MODERATE,RANGE,0.0117,ATM,62.78,0.0841,74637.22,74668.33,0.0416816167590387,0.01857327249804965,0.02272841182810996,-0.009284049721234706,-0.19779948077636578,93.2,0.024987533029759385,0.044012893299088335,0.06081416215662831,0.03558546258823368,1.6955445544554513,4.108910891089114,9.418316831683171,3.3044554455445603,1.9075932119410495,4.341632602502177,9.637061810974863,3.4993187167100213,True,True,True,True,True,True,True,True,UNDERLYING_CORRECT_OPTION_PROFITABLE,UNDERLYING_CORRECT_OPTION_PROFITABLE,UNDERLYING_CORRECT_OPTION_PROFITABLE,UNDERLYING_CORRECT_OPTION_PROFITABLE,158.47,,98.25,1.613,,3.6621,404.0,403.3,403.3,403.65,0.6999999999999886,0.17341756472190975,0.53135,0.00043,-40.04834,38.93387,9.44842506836355,VALID,9.399234662968057,9.488357170070573,9.863446183913837,9.479693441870447,1.9162143666846907,IV_TAILWIND,14:37,425.05,425.55,425.9,0.5,POSITION_SIGNAL,9,0.3499999999999943,0.25,21.650000000000034,21.05,0.6000000000000334,-0.96116016,38.05,-52.75,21.05,421.0,5.21,,,12E-option-audit-v1,9d8fb5671d76d03c
SEN-2026-09-18-1447-50d224,SENSEX,2026-09-18,14:47,BUY_CE,CE,74700.0,SENSEX 74700 CE,MODERATE,RANGE,-0.0368,ATM,59.15,0.0792,74640.85,74705.54,0.0866683592161501,-0.0006832672930862478,0.010705740072141466,-0.018069947440417646,-1.6689081794840417,34.6,0.008051891156109235,0.0311357654688963,0.05684554771280473,0.0866683592161501,0.3477396920019814,1.651763537009433,4.2722305017386955,3.117237953303516,0.547093565433631,1.7967050046627349,4.5010879701585385,3.3260801989431146,,True,True,True,True,True,True,True,,UNDERLYING_CORRECT_OPTION_PROFITABLE,UNDERLYING_CORRECT_OPTION_PROFITABLE,UNDERLYING_CORRECT_OPTION_PROFITABLE,79.18,38.38,99.09,0.799,0.387,-1.1319,402.6,401.65,401.6,402.125,0.9500000000000455,0.23624494870998955,0.53386,0.00043,-39.79929,38.87558,9.34543994032793,VALID,9.393208061916871,9.263056650309144,9.288341361869227,8.843722180681873,-5.368583639182343,IV_HEADWIND,14:57,415.15,415.85,415.0,0.7000000000000455,POSITION_SIGNAL,10,0.47500000000002274,0.35000000000002274,13.375,12.55,0.8249999999999993,-1.0613144,30.3,-51.35,12.55,251.0,3.117,,,12E-option-audit-v1,9d8fb5671d76d03c
SEN-2026-09-18-1459-c0fae6,SENSEX,2026-09-18,14:59,BUY_CE,CE,74700.0,SENSEX 74700 CE,STRONG,RANGE,0.0911,ATM,-24.37,0.0326,74724.37,74667.73,-0.07579856477879897,0.032396177947114566,0.015659994482859586,0.014535523762704472,-0.2503201769705543,81.3,-0.040508872808147495,-0.09468129339865963,-0.11628067255702447,-0.20444468116625078,-4.674204452733422,-4.149667793449123,-4.324513346543888,-13.62629677118545,-4.4236941931718805,-3.8867814414940125,-4.102713743799252,-13.387802742923846,False,False,False,False,False,False,False,False,UNDERLYING_WRONG_OPTION_LOSS,UNDERLYING_WRONG_OPTION_LOSS,UNDERLYING_WRONG_OPTION_LOSS,UNDERLYING_WRONG_OPTION_LOSS,35.28,65.48,99.81,0.354,0.656,7.5036,428.95,427.8,428.3,428.375,1.1499999999999773,0.26845637583892085,0.5722,0.00045,-38.85375,38.39172,8.885113666702022,VALID,8.828872851197875,9.530011421721856,9.715096740013333,9.523168429700666,0.5639765145677431,IV_NEUTRAL,15:01,398.75,399.75,398.15,1.0,SIGNAL_FLIP,2,0.5749999999999886,0.5,-29.125,-30.2,1.0749999999999993,-0.20722,-17.4,-77.7,-30.2,-604.0,-7.04,SIGNAL_FLIP,The underlying never moved the expected way and 12C flipped to the other side.,12E-option-audit-v1,9d8fb5671d76d03c
SEN-2026-09-18-1505-2d4108,SENSEX,2026-09-18,15:05,BUY_PE,PE,74700.0,SENSEX 74700 PE,MODERATE,TRENDING_DOWN,-0.152,ITM,98.55,0.1321,74601.45,74582.18,-0.025830597126468822,-0.04827333398715878,-0.06988274647632393,-0.12403924807984662,1.767814835064693,95.4,0.01503992214628692,-0.011393880413852546,-0.007104419552170783,-0.05560213641959496,-3.1130725190839725,2.4570610687022927,3.7213740458015323,1.21660305343512,-2.895176695319962,2.7041547277937075,3.8562559694365075,1.4326647564470052,,,,True,False,True,True,True,,,,UNDERLYING_CORRECT_OPTION_PROFITABLE,,25.77,86.53,,0.298,3.2415,419.2,418.4,419.05,418.79999999999995,0.8000000000000114,0.19102196752626824,-0.48578,0.00037,-24.66877,38.93115,11.151277257562606,VALID,11.00911965856846,11.25418542597229,11.457631758869628,10.770210547475271,0.8572936354074147,IV_NEUTRAL,15:12,432.0,433.0,432.85,1.0,SIGNAL_FLIP,7,0.4000000000000057,0.5,13.700000000000045,12.8,0.9000000000000448,-0.46048370666666666,24.35,-13.05,12.8,256.0,3.053,,,12E-option-audit-v1,9d8fb5671d76d03c
SEN-2026-09-18-1518-3aac21,SENSEX,2026-09-18,15:18,BUY_PE,PE,74600.0,SENSEX 74600 PE,MODERATE,RANGE,-0.0442,ATM,40.03,0.0537,74559.97,74559.97,0.0,0.0,0.0,-0.011278238846014211,4.076433121019106,87.2,0.0,0.0,0.0,0.0,-1.9426218963077204,-2.199922809725963,-1.9683519876495505,-6.81847420558343,-1.6684919152225641,-1.9197320105649653,-1.745796559943304,-6.564452747535905,,,,,False,False,False,False,,,,,,,89.31,,,-1.7458,388.65,387.5,388.6,388.075,1.1499999999999773,0.2963344714294859,-0.46484,0.00037,-24.79055,38.75416,11.08294967700434,VALID,10.936293800030414,10.863610774779236,10.899322368153596,10.419870996512135,-1.9790661206393758,IV_HEADWIND,15:21,380.1,381.15,380.05,1.0499999999999545,POSITION_SIGNAL,3,0.5749999999999886,0.5249999999999773,-7.449999999999989,-8.55,1.100000000000012,-0.1983244,5.25,-26.5,-8.55,-171.0,-2.2,IV_HEADWIND,The underlying moved as expected but IV fell -1.98% over the hold.,12E-option-audit-v1,9d8fb5671d76d03c
SEN-2026-09-18-1529-9a7a16,SENSEX,2026-09-18,15:29,BUY_CE,CE,74700.0,SENSEX 74700 CE,MODERATE,RANGE,0.0,NEAR_ATM,140.03,0.1878,74559.97,,,0.0,0.0,0.0,5.350079800152671,94.8,,,,-0.35543200996458924,,,,-7.565789473684211,,,,-7.370570412330397,,,,False,,,,False,,,,UNDERLYING_WRONG_OPTION_LOSS,,20.74,,,0.212,,380.0,379.1,379.85,379.55,0.8999999999999773,0.23712290870767416,0.49743,0.00041,-41.00606,38.88073,9.928600896371272,VALID,,,,12.303077584505743,,IV_UNKNOWN,,,,,,STILL_OPEN,,0.44999999999998863,,,,,,-6.35,-28.75,,,,,,12E-option-audit-v1,9d8fb5671d76d03c
NIF-2026-09-21-0920-fffc88,NIFTY,2026-09-21,09:20,BUY_CE,CE,23400.0,NIFTY 23400 CE,MODERATE,UNKNOWN,,ATM,14.05,0.0601,23385.95,23376.7,-0.039553663631368405,-0.010902794108212465,0.053907548554238835,0.08409547082765118,-2.4972456849063573,86.5,-0.025228823289203367,-0.03784323493380505,-0.006200304028704104,0.07590027345478803,-2.332580887885624,-3.686982693754707,-2.483069977426645,12.189616252821661,-2.109227871939745,-3.4651600753295626,-2.2222222222222134,12.46704331450095,False,False,,True,False,False,False,True,UNDERLYING_WRONG_OPTION_LOSS,UNDERLYING_WRONG_OPTION_LOSS,,UNDERLYING_CORRECT_OPTION_PROFITABLE,,164.26,173.1,,0.949,-1.1489,66.45,66.3,66.45,66.375,0.15000000000000568,0.2259887005649803,0.4913,0.00232,-26.1058,5.96504,11.49968667845637,VALID,11.720197873853817,11.905334744613597,11.472332513782852,11.368927434946029,2.122824970073011,IV_TAILWIND,09:22,63.7,63.75,63.75,0.04999999999999716,SIGNAL_FLIP,2,0.07500000000000284,0.02499999999999858,-2.6499999999999986,-2.75,0.10000000000000142,-0.13923093333333333,35.2,-12.65,-2.75,-178.75,-4.138,MOMENTUM_REVERSAL,"The underlying moved the right way first, then reversed (-0.04% by the exit).",12E-option-audit-v1,9d8fb5671d76d03c
NIF-2026-09-21-0925-99c7ef,NIFTY,2026-09-21,09:25,BUY_CE,CE,23400.0,NIFTY 23400 CE,STRONG,RANGE,0.0779,ATM,15.5,0.0663,23384.5,23392.0,0.032072526673651354,0.020958442402784716,0.03336655729850352,-0.006200304028704104,-2.2222222222222134,74.8,0.0025658021338858853,0.05944108276850672,0.08210566828455057,0.06649703863670069,1.0000000000000087,9.923076923076927,14.692307692307688,11.230769230769226,1.2711864406779485,10.246533127889068,15.023112480739599,11.517719568567017,,True,True,True,True,True,True,True,,UNDERLYING_CORRECT_OPTION_PROFITABLE,UNDERLYING_CORRECT_OPTION_PROFITABLE,UNDERLYING_CORRECT_OPTION_PROFITABLE,182.97,173.21,174.94,1.046,0.99,0.6598,65.0,64.8,65.0,64.9,0.20000000000000284,0.3081664098613295,0.48551,0.00233,-26.02866,5.95497,11.472332513782852,VALID,11.396413402305711,11.336628776793747,11.368927434946029,11.323918338260865,0.7698397324339155,IV_NEUTRAL,09:34,69.8,69.95,69.8,0.15000000000000568,POSITION_SIGNAL,9,0.10000000000000142,0.07500000000000284,4.974999999999994,4.8,0.1749999999999945,-0.62468784,36.65,-11.2,4.8,312.0,7.385,,,12E-option-audit-v1,9d8fb5671d76d03c
NIF-2026-09-21-0936-871536,NIFTY,2026-09-21,09:36,BUY_CE,CE,23400.0,NIFTY 23400 CE,STRONG,RANGE,0.0853,ATM,-5.05,0.0216,23405.05,23395.55,-0.04058953089183745,0.021367475710521985,0.029275756254748417,0.005768318684646208,-0.20107238605898886,96.7,-0.04272582199140784,-0.04058953089183745,-0.07007034806589953,-0.02798541340436903,-5.231388329979867,-6.908115358819574,-12.474849094567402,-6.505700871898047,-4.969778374748138,-6.6487575554062985,-12.25654801880455,-6.245802552048325,False,False,False,False,False,False,False,False,UNDERLYING_WRONG_OPTION_LOSS,UNDERLYING_WRONG_OPTION_LOSS,UNDERLYING_WRONG_OPTION_LOSS,UNDERLYING_WRONG_OPTION_LOSS,174.92,,168.05,1.041,,-0.4811,74.55,74.35,74.4,74.44999999999999,0.20000000000000284,0.26863666890530946,0.53456,0.00236,-25.9958,5.9266,11.294421644624844,VALID,11.502894297483412,11.328147051317929,11.170493158174049,11.086425110221839,0.2986023344465392,IV_NEUTRAL,09:39,69.4,69.6,69.6,0.19999999999998863,POSITION_SIGNAL,3,0.10000000000000142,0.09999999999999432,-4.949999999999989,-5.15,0.20000000000001172,-0.2079664,27.1,-20.75,-5.15,-334.75,-6.908,UNDERLYING_DID_NOT_CONTINUE,The underlying did not move up at any measured horizon (move to exit -0.04%).,12E-option-audit-v1,9d8fb5671d76d03c
NIF-2026-09-21-0944-50a84c,NIFTY,2026-09-21,09:44,BUY_CE,CE,23400.0,NIFTY 23400 CE,MODERATE,RANGE,0.0066,ATM,6.45,0.0276,23393.55,23400.6,0.030136511987275436,0.005129882205082976,0.020950332746857203,-0.008548634248820823,-3.597122302158273,19.5,0.012610313526594842,0.016030059567701354,0.0694635914600392,0.025434361180755923,2.3845007451564957,3.7257824143070053,9.76154992548437,3.8748137108792977,2.6865671641791216,4.067164179104469,10.037313432835813,4.141791044776128,,,True,True,True,True,True,True,,,UNDERLYING_CORRECT_OPTION_PROFITABLE,UNDERLYING_CORRECT_OPTION_PROFITABLE,144.5,,177.45,0.814,,-2.2889,67.1,66.9,67.1,67.0,0.19999999999998863,0.2985074626865502,0.50822,0.00242,-25.48487,5.93366,11.06820295858392,VALID,11.064663257898282,11.261330670398687,10.724143301521082,11.01852619374903,-0.8628368612368863,IV_NEUTRAL,09:53,70.0,70.1,70.15,0.09999999999999432,POSITION_SIGNAL,9,0.09999999999999432,0.04999999999999716,3.049999999999997,2.9,0.14999999999999725,-0.61163688,34.55,-13.3,2.9,188.5,4.322,,,12E-option-audit-v1,9d8fb5671d76d03c
NIF-2026-09-21-0957-dd18cc,NIFTY,2026-09-21,09:57,BUY_CE,CE,23400.0,NIFTY 23400 CE,STRONG,RANGE,0.0325,ATM,-4.9,0.0209,23404.9,23391.0,-0.059389273186390264,0.035261458371177064,0.023077416184112718,0.008759616884280806,0.45630045630048033,55.4,-0.010254262996216412,-0.02755833180231801,-0.06259373037270595,-0.11066058816744123,-2.233077459874401,-4.815073272854155,-8.583391486392191,-15.212840195394284,-1.9217330538085449,-4.542278127183787,-8.385744234800857,-14.989517819706508,,False,False,False,False,False,False,False,,UNDERLYING_WRONG_OPTION_LOSS,UNDERLYING_WRONG_OPTION_LOSS,UNDERLYING_WRONG_OPTION_LOSS,133.97,135.45,175.49,0.763,0.772,2.5988,71.65,71.45,71.65,71.55000000000001,0.20000000000000284,0.27952480782669853,0.53648,0.00246,-25.24936,5.89486,10.865274707172805,VALID,11.057529930372501,10.91866544506211,11.145618427597466,11.360793040453947,3.7021426637692,IV_TAILWIND,09:59,66.65,66.85,66.65,0.19999999999998863,SIGNAL_FLIP,2,0.10000000000000142,0.09999999999999432,-4.800000000000011,-5.0,0.19999999999998863,-0.13466325333333332,30.0,-17.85,-5.0,-325.0,-6.978,SIGNAL_FLIP,The underlying never moved the expected way and 12C flipped to the other side.,12E-option-audit-v1,9d8fb5671d76d03c
NIF-2026-09-21-1001-29de1c,NIFTY,2026-09-21,10:01,BUY_PE,PE,23400.0,NIFTY 23400 PE,STRONG,RANGE,-0.0481,ATM,8.0,0.0342,23392.0,23385.65,-0.02714603283173113,-0.027565928512361833,-0.04486700138874052,-0.019874640172851475,5.7114228456913905,100.0,-0.0074811901504787965,-0.046597127222988435,-0.053223324213409404,-0.006839945280431536,0.0,7.255520504731862,8.76971608832808,-1.0094637223974727,0.28436018957345255,7.551342812006312,9.036334913112173,-0.7582938388625521,,True,True,,False,True,True,False,,UNDERLYING_CORRECT_OPTION_PROFITABLE,UNDERLYING_CORRECT_OPTION_PROFITABLE,,169.78,,146.7,1.157,,1.2283,79.25,79.0,79.0,79.125,0.25,0.315955766192733,-0.49623,0.002,-23.94933,5.91046,13.453308179464566,VALID,13.36789414470666,13.566934582155104,13.639906537900842,13.316619589179119,-0.47084510473539476,IV_NEUTRAL,10:10,81.8,82.0,82.0,0.20000000000000284,POSITION_SIGNAL,9,0.125,0.10000000000000142,2.7750000000000057,2.55,0.22500000000000586,-0.57478392,11.45,-37.05,2.55,165.75,3.218,,,12E-option-audit-v1,9d8fb5671d76d03c
NIF-2026-09-21-1012-c3692c,NIFTY,2026-09-21,10:12,BUY_CE,CE,23400.0,NIFTY 23400 CE,MODERATE,RANGE,0.0068,ATM,8.15,0.0348,23391.85,23373.7,-0.07759112682407683,0.006199124427102955,0.02629812235681556,0.05496385645236557,8.014796547472255,100.0,-0.03355869672556273,-0.07994237309147029,-0.06198740159499998,-0.08250736901954858,-7.148288973384035,-11.711026615969585,-10.950570342205328,-12.471482889733844,-6.925418569254192,-11.529680365296807,-10.768645357686458,-12.252663622526642,False,False,False,False,False,False,False,False,UNDERLYING_WRONG_OPTION_LOSS,UNDERLYING_WRONG_OPTION_LOSS,UNDERLYING_WRONG_OPTION_LOSS,UNDERLYING_WRONG_OPTION_LOSS,173.72,148.5,180.16,0.964,0.824,0.3993,65.75,65.65,65.75,65.7,0.09999999999999432,0.15220700152206135,0.50602,0.00246,-25.4668,5.89483,10.992273588350466,VALID,10.916602645972937,11.278696226478514,11.022627600872942,11.261662707650272,2.535834075150338,IV_TAILWIND,10:14,58.2,58.35,58.2,0.14999999999999858,SIGNAL_FLIP,2,0.04999999999999716,0.07499999999999929,-7.424999999999997,-7.55,0.12500000000000266,-0.1358229333333333,35.9,-11.95,-7.55,-490.75,-11.483,SIGNAL_FLIP,The underlying never moved the expected way and 12C flipped to the other side.,12E-option-audit-v1,9d8fb5671d76d03c
NIF-2026-09-21-1021-32cb76,NIFTY,2026-09-21,10:21,BUY_PE,PE,23350.0,NIFTY 23350 PE,STRONG,RANGE,-0.0791,ATM,-21.9,0.0937,23371.9,23372.45,0.002353253265670623,-0.02203015350524475,-0.02267166298786541,-0.004492372593101308,1.5322580645161337,100.0,0.0027811174957868942,0.017756365550074305,-0.015830976514535522,-0.010910537868136139,-0.6349206349206327,-3.571428571428571,0.8730158730158686,-1.9047619047619095,-0.4368546465448859,-3.41540905480541,1.072279586973784,-1.747418586179521,,,,,False,False,True,False,,,,,,,161.06,,,-1.4775,63.0,62.9,63.05,62.95,0.10000000000000142,0.1588562351072302,-0.43381,0.00201,-23.70252,5.7967,13.260157487927463,VALID,13.196583593686476,13.143547580386134,12.99417382531612,12.842928812308122,-3.0083584955018527,IV_HEADWIND,10:30,60.9,61.05,61.05,0.14999999999999858,SIGNAL_FLIP,9,0.05000000000000071,0.07499999999999929,-1.9750000000000085,-2.1,0.12499999999999156,-0.56886048,2.65,-33.95,-2.1,-136.5,-3.333,IV_HEADWIND,The underlying moved as expected but IV fell -3.01% over the hold.,12E-option-audit-v1,9d8fb5671d76d03c
NIF-2026-09-21-1032-39ccaa,NIFTY,2026-09-21,10:32,BUY_PE,PE,23350.0,NIFTY 23350 PE,MODERATE,RANGE,-0.0118,ATM,-19.8,0.0847,23369.8,23367.1,-0.011553372301006974,0.0019255991287764856,0.003423338610977245,0.02311208505246365,-4.3943446694688575,37.8,-0.01048361560646958,-0.025032306652168806,-0.017757961129311408,0.026102063346721764,0.9584664536741236,2.6357827476038316,3.993610223642161,-5.9904153354632586,1.1590727418065685,2.8377298161470916,4.156674660271796,-5.795363709032774,,True,,False,True,True,True,False,,UNDERLYING_CORRECT_OPTION_PROFITABLE,,UNDERLYING_WRONG_OPTION_LOSS,,,163.62,,,1.2511,62.6,62.5,62.5,62.55,0.10000000000000142,0.15987210231814775,-0.43794,0.00206,-23.26002,5.79058,12.996788623970385,VALID,12.930442827753344,12.927974799703987,13.113813595477234,12.846603730658494,1.004975274868902,IV_TAILWIND,10:40,64.15,64.3,64.25,0.14999999999999147,POSITION_SIGNAL,8,0.05000000000000071,0.07499999999999574,1.6749999999999972,1.55,0.12499999999999711,-0.49621376,3.05,-33.55,1.55,100.75,2.476,,,12E-option-audit-v1,9d8fb5671d76d03c
NIF-2026-09-21-1044-f58ad5,NIFTY,2026-09-21,10:44,BUY_CE,CE,23400.0,NIFTY 23400 CE,MODERATE,RANGE,0.0768,NEAR_ATM,23.4,0.1001,23376.6,23377.4,0.003422225644460317,0.007272758386119681,0.034662045060652354,0.041939846277621554,8.13684697179841,100.0,0.012833346166679499,0.0269500269500394,0.009838898727800067,0.03700281478059879,2.3911187019641433,3.8428693424423574,2.134927412467976,6.746370623398809,2.5651988029072377,4.061564771269774,2.394185549380087,7.054296707994882,,True,,True,True,True,True,True,,UNDERLYING_CORRECT_OPTION_PROFITABLE,,UNDERLYING_CORRECT_OPTION_PROFITABLE,,,186.64,,,0.5579,58.55,58.4,58.55,58.474999999999994,0.14999999999999858,0.2565198802907201,0.46687,0.00243,-25.6876,5.82618,11.18436182383385,VALID,11.172352818722702,11.191012831753616,11.228355675666906,11.234781894692109,-0.8395567182455117,IV_NEUTRAL,10:48,58.4,58.6,58.4,0.20000000000000284,SIGNAL_FLIP,4,0.07499999999999929,0.10000000000000142,0.025000000000005684,-0.15,0.17500000000000568,-0.2740010666666667,43.1,-0.15,-0.15,-9.75,-0.256,SPREAD_FRICTION,Mid-to-mid the trade was +0.03/unit; the ASK-to-BID round trip cost 0.18/unit and turned it negative.,12E-option-audit-v1,9d8fb5671d76d03c
NIF-2026-09-21-1051-eb082c,NIFTY,2026-09-21,10:51,BUY_CE,CE,23400.0,NIFTY 23400 CE,MODERATE,RANGE,0.058,ATM,17.95,0.0768,23382.05,23380.95,-0.004704463466627369,0.00834042625994212,0.01989100584324098,-0.000855349677643202,0.8567931456548208,100.0,0.00021383924848023336,0.013685711902937199,-0.004704463466627369,0.015182586642314394,-1.2116316639741518,0.9693053311793239,-1.7770597738287583,-0.24232633279482807,-0.9304207119741146,1.2944983818770297,-1.5372168284789691,0.04045307443366616,,,,,False,True,False,False,,,,,,,181.65,,,-0.6826,61.9,61.7,61.7,61.8,0.19999999999999574,0.32362459546924877,0.48012,0.00241,-26.118,5.83055,11.30768372714294,VALID,11.250413381576186,11.234781894692109,11.264001909202873,11.140709162427486,-0.3863020844420449,IV_NEUTRAL,10:56,60.8,60.9,60.9,0.10000000000000142,POSITION_SIGNAL,5,0.09999999999999787,0.05000000000000071,-0.9500000000000028,-1.1,0.14999999999999725,-0.34824,39.75,-1.1,-1.1,-71.5,-1.777,MIXED,The underlying moved as expected and no single measured factor dominates.,12E-option-audit-v1,9d8fb5671d76d03c
NIF-2026-09-21-1057-30aa8a,NIFTY,2026-09-21,10:57,BUY_PE,PE,23400.0,NIFTY 23400 PE,MODERATE,RANGE,0.0111,ATM,14.5,0.062,23385.5,23386.25,0.0032071155203010414,0.01946028711407908,0.001069049935322479,0.014541037802427735,-2.677459526774602,14.0,0.0010690385067670138,0.0036347309230016244,0.003848538624367472,0.021166962433989984,1.3418530351437663,-0.19169329073483155,-0.8306709265175791,-3.8977635782747564,1.5035188739603107,0.06397952655148169,-0.6397952655150352,-3.646833013435693,,,,False,True,False,False,False,,,,UNDERLYING_WRONG_OPTION_LOSS,,,152.52,,,-0.0528,78.25,78.05,78.25,78.15,0.20000000000000284,0.25591810620601774,-0.50968,0.00211,-23.19918,5.82844,12.954971162368278,VALID,13.116053571856115,13.223950509473474,12.97067778884593,12.952157070090594,-0.1416589547530982,IV_NEUTRAL,10:59,77.45,77.65,77.45,0.20000000000000284,SIGNAL_FLIP,2,0.10000000000000142,0.10000000000000142,-0.5999999999999943,-0.8,0.20000000000000573,-0.12372895999999999,1.05,-36.05,-0.8,-52.0,-1.022,SIGNAL_FLIP,The underlying never moved the expected way and 12C flipped to the other side.,12E-option-audit-v1,9d8fb5671d76d03c
NIF-2026-09-21-1101-159040,NIFTY,2026-09-21,11:01,BUY_CE,CE,23400.0,NIFTY 23400 CE,MODERATE,RANGE,0.0152,ATM,14.4,0.0616,23385.6,23390.7,0.021808292282439547,-0.003206998954518341,-0.000641416247079761,0.01988798573196477,1.6023007395234323,54.9,0.0034209085933348316,0.02715346195950578,0.012400793650799873,0.04233374384237076,0.32310177705977844,4.200323101777062,0.8885298869143848,7.350565428109862,0.5256773150020264,4.367165386170647,1.1726647796198857,7.642539425798639,,True,,True,True,True,True,True,,UNDERLYING_CORRECT_OPTION_PROFITABLE,,UNDERLYING_CORRECT_OPTION_PROFITABLE,,,184.01,,,-1.1092,61.9,61.75,61.9,61.825,0.14999999999999858,0.2426202992317001,0.48648,0.00245,-25.89182,5.82097,11.140709162427486,VALID,11.027405934430387,10.98410215745873,10.938527997248222,11.02524671466796,-1.7760358644687457,IV_HEADWIND,11:17,63.15,63.3,63.1,0.14999999999999858,SIGNAL_FLIP,16,0.07499999999999929,0.07499999999999929,1.3999999999999915,1.25,0.14999999999999147,-1.1047176533333332,39.75,-0.3,1.25,81.25,2.019,,,12E-option-audit-v1,9d8fb5671d76d03c
NIF-2026-09-21-1122-13e7be,NIFTY,2026-09-21,11:22,BUY_CE,CE,23400.0,NIFTY 23400 CE,MODERATE,RANGE,-0.0212,ATM,9.9,0.0423,23390.1,23395.55,0.023300456175906592,0.0014963819621780687,0.002992808708205809,-0.002565122035690179,0.9094503756425512,32.1,0.009833220037549693,0.016887486586208388,0.023300456175906592,0.04959363149367546,1.721439749608766,1.4866979655711983,1.721439749608766,6.964006259780901,1.9984326018808867,1.7241379310344962,2.03761755485893,7.288401253918482,,,True,True,True,True,True,True,,,UNDERLYING_CORRECT_OPTION_PROFITABLE,UNDERLYING_CORRECT_OPTION_PROFITABLE,,,183.15,,,-2.23,63.9,63.7,63.9,63.8,0.19999999999999574,0.3134796238244448,0.49958,0.00248,-26.00306,5.79571,11.08764923854975,VALID,11.076525357098276,10.94744540502921,10.873477536044387,10.868888387943452,-1.9316240791666317,IV_HEADWIND,11:27,65.0,65.2,65.15,0.20000000000000284,POSITION_SIGNAL,5,0.09999999999999787,0.10000000000000142,1.2999999999999972,1.1,0.19999999999999707,-0.3467074666666667,37.75,0.3,1.1,71.5,1.721,,,12E-option-audit-v1,9d8fb5671d76d03c
NIF-2026-09-21-1129-e8cd39,NIFTY,2026-09-21,11:29,BUY_CE,CE,23400.0,NIFTY 23400 CE,MODERATE,RANGE,0.0393,ATM,1.4,0.006,23398.6,23401.9,0.014103407896211357,0.009830614242419837,0.022869844933895652,0.012181699667668465,0.22658610271902033,100.0,0.0019231919858484164,0.013248655902499223,0.038250151718482,0.0012821279905759764,0.7524454477050414,2.859292701279144,4.288939051918727,-1.1286681715575622,1.0550113036925652,3.1650339110776105,4.59683496608894,-0.8666164280331404,,,True,,True,True,True,False,,,UNDERLYING_CORRECT_OPTION_PROFITABLE,,,,183.27,,,-2.4135,66.45,66.25,66.45,66.35,0.20000000000000284,0.3014318010550156,0.5197,0.00253,-25.65327,5.78065,10.845618843460905,VALID,10.827042596510653,10.868888387943452,10.453633106765697,10.727417583855441,-0.048870444279285975,IV_NEUTRAL,11:37,66.7,66.85,66.85,0.14999999999999147,POSITION_SIGNAL,8,0.10000000000000142,0.07499999999999574,0.42500000000001137,0.25,0.17500000000001137,-0.5472697599999999,35.2,-1.6,0.25,16.25,0.376,,,12E-option-audit-v1,9d8fb5671d76d03c
NIF-2026-09-21-1142-6c24b9,NIFTY,2026-09-21,11:42,BUY_CE,CE,23400.0,NIFTY 23400 CE,MODERATE,RANGE,0.0062,ATM,-3.15,0.0135,23403.15,23397.4,-0.024569342161204797,0.008760271953040286,0.018163246990243128,0.0053414466346749625,1.0108573567951822,56.4,-0.0010682322678784693,-0.004486575525102007,-0.024569342161204797,-0.0049138684322471765,1.9985196150999387,0.4441154700222016,-2.0725388601036143,0.8882309400444242,2.2238695329874196,0.7042253521126888,-1.7790956263899018,1.1489992587101643,,,False,,True,True,False,True,,,UNDERLYING_WRONG_OPTION_LOSS,,,,184.71,,,2.7592,67.55,67.35,67.55,67.44999999999999,0.20000000000000284,0.29651593773165735,0.53236,0.00258,-25.33786,5.75124,10.638469689915707,VALID,10.889115524013295,10.772237959925171,11.01893068972715,10.843641031912671,3.5762756383287337,IV_TAILWIND,11:47,66.15,66.35,66.35,0.19999999999998863,POSITION_SIGNAL,5,0.10000000000000142,0.09999999999999432,-1.1999999999999886,-1.4,0.20000000000001128,-0.33783813333333335,34.1,-2.4,-1.4,-91.0,-2.073,UNDERLYING_DID_NOT_CONTINUE,The underlying did not move up at any measured horizon (move to exit -0.02%).,12E-option-audit-v1,9d8fb5671d76d03c
NIF-2026-09-21-1151-60160d,NIFTY,2026-09-21,11:51,BUY_CE,CE,23400.0,NIFTY 23400 CE,MODERATE,RANGE,-0.0051,ATM,0.1,0.0004,23399.9,23426.4,0.11324834721515903,0.00021367658340933976,0.005769588286462977,0.002777866811976688,1.4992503748126151,59.3,0.008974397326478083,0.054914764593004865,0.07564134889464096,0.11645348911747486,0.590405904059049,10.33210332103321,12.98892988929889,14.760147601476014,0.7754800590841824,10.5612998522895,13.220088626292469,14.992614475627756,,True,True,True,True,True,True,True,,UNDERLYING_CORRECT_OPTION_PROFITABLE,UNDERLYING_CORRECT_OPTION_PROFITABLE,UNDERLYING_CORRECT_OPTION_PROFITABLE,174.77,128.74,181.27,0.964,0.71,-0.4915,67.75,67.65,67.65,67.7,0.09999999999999432,0.14771048744460016,0.52445,0.00252,-25.99125,5.74577,10.941168389002463,VALID,10.843641031912671,10.973642807243266,10.80748453887201,10.260841097877048,-8.221843629366857,IV_HEADWIND,12:03,76.95,77.0,76.95,0.04999999999999716,POSITION_SIGNAL,12,0.04999999999999716,0.02499999999999858,9.274999999999991,9.2,0.07499999999999218,-0.83172,33.9,-2.6,9.2,598.0,13.579,,,12E-option-audit-v1,9d8fb5671d76d03c
NIF-2026-09-21-1207-bbfd52,NIFTY,2026-09-21,12:07,BUY_CE,CE,23400.0,NIFTY 23400 CE,STRONG,RANGE,0.0083,ATM,-22.8,0.0973,23422.8,23417.5,-0.022627525317209185,-0.014727068993119801,-0.003628811052087026,-0.018354811308268083,-0.675458346735292,21.5,-0.015156172618129652,-0.038637566815236744,-0.024335263077005002,-0.025402599176873507,-4.01034928848641,-4.980595084087962,-2.9107373868046573,-2.8460543337645574,-3.756476683937795,-4.792746113989623,-2.6554404145077504,-2.5582901554404076,,False,False,False,False,False,False,False,,UNDERLYING_WRONG_OPTION_LOSS,UNDERLYING_WRONG_OPTION_LOSS,UNDERLYING_WRONG_OPTION_LOSS,,,179.53,,,1.7136,77.3,77.1,77.3,77.19999999999999,0.20000000000000284,0.2590673575129571,0.59173,0.00263,-24.60573,5.58714,10.265624354467567,VALID,10.29928646818933,10.715882057048761,10.73371017332086,10.720502338692206,1.081890641456618,IV_TAILWIND,12:09,73.5,73.7,73.5,0.20000000000000284,POSITION_SIGNAL,2,0.10000000000000142,0.10000000000000142,-3.5999999999999943,-3.8,0.2000000000000055,-0.13123056,24.35,-12.15,-3.8,-247.0,-4.916,UNDERLYING_DID_NOT_CONTINUE,The underlying did not move up at any measured horizon (move to exit -0.02%).,12E-option-audit-v1,9d8fb5671d76d03c
NIF-2026-09-21-1216-7404c6,NIFTY,2026-09-21,12:16,BUY_CE,CE,23400.0,NIFTY 23400 CE,STRONG,RANGE,-0.0312,ATM,-18.95,0.0809,23418.95,23413.0,-0.02540677528241329,0.012811780004654945,0.011744006286246274,0.007900209675844502,1.7485978225008099,85.2,-0.008967097158507032,-0.008540092531902584,-0.0004270046266044498,-0.012596636484559416,-2.7202072538860214,-4.468911917098449,-0.06476683937823466,-3.303108808290152,-2.4319066147859925,-4.215304798962387,0.22697795071337404,-3.0804150453955903,,,,,False,False,False,False,,,,,,,173.9,,,0.3013,77.2,77.0,77.2,77.1,0.20000000000000284,0.2594033722438429,0.57252,0.00251,-25.98422,5.63026,10.872396170722547,VALID,10.720502338692206,10.573234882464835,11.025449225825001,10.801478645205622,0.2654587534291077,IV_NEUTRAL,12:24,73.55,73.75,73.55,0.20000000000000284,POSITION_SIGNAL,8,0.10000000000000142,0.10000000000000142,-3.4499999999999886,-3.65,0.20000000000001128,-0.5543300266666666,24.45,-12.05,-3.65,-237.25,-4.728,MIXED,The underlying moved as expected and no single measured factor dominates.,12E-option-audit-v1,9d8fb5671d76d03c
NIF-2026-09-21-1227-b04bfd,NIFTY,2026-09-21,12:27,BUY_CE,CE,23400.0,NIFTY 23400 CE,STRONG,RANGE,0.0,ATM,-16.85,0.072,23416.85,23416.75,-0.0004270429199424552,0.003629996583526413,0.01644385597744221,0.002775856031285252,-2.0621931260228985,38.5,0.004697472119444685,0.018789888477747672,0.0004270429199579909,-0.007686772559072944,-0.13351134846463086,3.6048064085447105,-1.201602136181583,-0.6008010680907915,0.10026737967912917,3.8770053475935518,-1.0360962566844993,-0.36764705882353693,,,,,False,True,False,False,,,,,,,177.47,,,-1.1119,74.9,74.7,74.7,74.80000000000001,0.20000000000000284,0.26737967914438876,0.56688,0.00256,-25.76382,5.62808,10.726567213882836,VALID,10.610929461480891,10.80384530968099,10.693525099699547,10.770561155979527,-0.41358555200707453,IV_NEUTRAL,12:33,74.4,74.6,74.4,0.19999999999998863,POSITION_SIGNAL,6,0.10000000000000142,0.09999999999999432,-0.30000000000001137,-0.5,0.19999999999998863,-0.41222112,26.75,-9.75,-0.5,-32.5,-0.668,LATE_ENTRY,87% of the move around this signal happened in the 5 minutes BEFORE it (+0.00% before vs -0.00% after).,12E-option-audit-v1,9d8fb5671d76d03c
NIF-2026-09-21-1238-6fe982,NIFTY,2026-09-21,12:38,BUY_CE,CE,23400.0,NIFTY 23400 CE,MODERATE,RANGE,-0.0051,ATM,-16.75,0.0715,23416.75,23410.95,-0.024768595129551593,0.007260287720934731,0.017298303911976287,0.0,0.2684563758389109,20.5,-0.016227700257291353,-0.02241984903968313,-0.02263337141148653,-0.015800655513684553,-4.010695187165775,-6.684491978609626,-3.8770053475935713,-4.278074866310164,-3.781793842034791,-6.526104417670683,-3.6813922356090845,-4.0160642570281135,,False,False,,False,False,False,False,,UNDERLYING_WRONG_OPTION_LOSS,UNDERLYING_WRONG_OPTION_LOSS,,,,177.77,,,0.3421,74.8,74.6,74.8,74.69999999999999,0.20000000000000284,0.2677376171352113,0.56709,0.00256,-25.90389,5.6118,10.764360007958315,VALID,10.65958946691449,10.417514216021353,10.85945994895668,10.61784056219964,0.9551034992247945,IV_NEUTRAL,12:40,71.75,71.95,71.85,0.20000000000000284,POSITION_SIGNAL,2,0.10000000000000142,0.10000000000000142,-2.8499999999999943,-3.05,0.2000000000000055,-0.13815407999999998,26.85,-9.65,-3.05,-198.25,-4.078,UNDERLYING_DID_NOT_CONTINUE,The underlying did not move up at any measured horizon (move to exit -0.02%).,12E-option-audit-v1,9d8fb5671d76d03c
NIF-2026-09-21-1244-11c9d2,NIFTY,2026-09-21,12:44,BUY_CE,CE,23400.0,NIFTY 23400 CE,MODERATE,RANGE,-0.0062,ATM,-12.5,0.0534,23412.5,23411.4,-0.004698344901221761,0.0044849849112262264,0.004271405078700639,-0.0019220132448099345,1.426086956521747,57.7,0.00939668980245906,0.003844100373738196,-0.004698344901221761,0.014522156967438143,0.4109589041095852,-0.8219178082191704,-2.8767123287671157,-1.4383561643835578,0.6858710562414266,-0.5486968449931491,-2.6063100137174287,-1.1659807956104173,,,,,True,False,False,False,,,,,,,179.1,,,-1.7648,73.0,72.8,73.05,72.9,0.20000000000000284,0.27434842249657454,0.55768,0.00256,-26.08958,5.62339,10.827482719472178,VALID,10.665515576620816,10.708375071521226,10.619366952188255,10.41279229966856,-1.9221066675973248,IV_HEADWIND,12:49,70.9,71.1,70.9,0.19999999999998863,POSITION_SIGNAL,5,0.10000000000000142,0.09999999999999432,-1.9000000000000057,-2.1,0.1999999999999944,-0.3478610666666667,28.65,-7.85,-2.1,-136.5,-2.877,IV_HEADWIND,The underlying moved as expected but IV fell -1.92% over the hold.,12E-option-audit-v1,9d8fb5671d76d03c
NIF-2026-09-21-1252-e7a09e,NIFTY,2026-09-21,12:52,BUY_CE,CE,23400.0,NIFTY 23400 CE,STRONG,RANGE,0.0094,ATM,-14.4,0.0615,23414.4,23413.0,-0.005979226458937471,0.002776146495121265,0.012814269971039748,0.004271058453705998,-0.8965517241379388,31.2,-0.008328208282085928,0.004057332239976636,0.0023489818231484574,0.00021354380210158024,-2.1557719054242157,1.7385257301808066,1.251738525730169,0.8344923504867793,-1.9485038274182405,1.9137091162143356,1.3917884481558804,1.0438413361169103,,,,,False,True,True,True,,,,,,,183.17,,,0.9615,71.9,71.8,71.75,71.85,0.10000000000000853,0.1391788448155999,0.56209,0.00264,-25.48085,5.60262,10.516690885730839,VALID,10.491517303379227,10.692497006670411,10.592007834956426,10.668101232038524,1.0300217237091494,IV_TAILWIND,12:58,71.45,71.5,71.55,0.04999999999999716,POSITION_SIGNAL,6,0.05000000000000426,0.02499999999999858,-0.375,-0.45,0.07500000000000001,-0.4076936,29.75,-6.75,-0.45,-29.25,-0.626,MIXED,The underlying moved as expected and no single measured factor dominates.,12E-option-audit-v1,9d8fb5671d76d03c
NIF-2026-09-21-1302-f98935,NIFTY,2026-09-21,13:02,BUY_CE,CE,23400.0,NIFTY 23400 CE,STRONG,RANGE,0.0002,ATM,-14.45,0.0617,23414.45,23405.5,-0.03822425895120632,0.017513621112038833,0.006620281981297799,-0.0021353878611741644,-0.34317089910775567,77.5,-0.01580220761111505,-0.03822425895120632,-0.043135755911423004,-0.03459402206757871,-2.8198074277854155,-5.983493810178828,-9.07840440165063,-10.178817056396156,-2.548209366391177,-5.750688705234156,-8.918732782369139,-9.917355371900811,,False,False,False,False,False,False,False,,UNDERLYING_WRONG_OPTION_LOSS,UNDERLYING_WRONG_OPTION_LOSS,UNDERLYING_WRONG_OPTION_LOSS,,,181.44,,,-1.092,72.7,72.5,72.7,72.6,0.20000000000000284,0.2754820936639158,0.56259,0.0026,-25.85269,5.58714,10.668101232038524,VALID,10.742625547170336,10.785660022583443,10.539439255999234,10.49254133691353,1.1019654574692792,IV_TAILWIND,13:05,68.35,68.5,68.35,0.15000000000000568,SIGNAL_FLIP,3,0.10000000000000142,0.07500000000000284,-4.174999999999997,-4.35,0.1750000000000025,-0.20682152,28.95,-7.55,-4.35,-282.75,-5.983,SIGNAL_FLIP,The underlying never moved the expected way and 12C flipped to the other side.,12E-option-audit-v1,9d8fb5671d76d03c
NIF-2026-09-21-1313-487f9d,NIFTY,2026-09-21,13:13,BUY_CE,CE,23400.0,NIFTY 23400 CE,MODERATE,RANGE,-0.0139,ATM,-7.5,0.032,23407.5,23426.65,0.0818113852397798,0.004913196632543969,0.0183735557530563,0.01516837969658657,-0.18789928598271327,21.3,0.0027768877496591056,0.04485741749439282,0.04421659724446671,0.08437466623945317,1.0526315789473728,7.0676691729323355,8.195488721804516,14.9624060150376,1.3177710843373494,7.379518072289165,8.509036144578321,15.248493975903612,,True,True,True,True,True,True,True,,UNDERLYING_CORRECT_OPTION_PROFITABLE,UNDERLYING_CORRECT_OPTION_PROFITABLE,UNDERLYING_CORRECT_OPTION_PROFITABLE,,180.72,191.21,,0.945,0.0543,66.5,66.3,66.5,66.4,0.20000000000000284,0.3012048192771127,0.54241,0.0027,-25.35559,5.60691,10.39508393902133,VALID,10.374875248931566,10.120811050367045,10.283186958957826,10.094877847263316,-1.6742792082260636,IV_HEADWIND,13:31,76.65,76.8,76.65,0.14999999999999147,POSITION_SIGNAL,18,0.10000000000000142,0.07499999999999574,10.324999999999989,10.15,0.17499999999998828,-1.21706832,35.15,0.7,10.15,659.75,15.263,,,12E-option-audit-v1,9d8fb5671d76d03c
NIF-2026-09-21-1332-06336e,NIFTY,2026-09-21,13:32,BUY_CE,CE,23400.0,NIFTY 23400 CE,STRONG,RANGE,0.012,ITM,-29.65,0.1265,23429.65,23433.85,0.0179260040162661,0.01280592829107021,0.006402554192285775,-0.0027741855631290137,0.45278137128071705,89.3,0.005548525052654531,0.027315815643843666,0.02048686173288663,0.00896300200813305,0.7717041800643014,3.922829581993566,2.8295819935691355,-0.964630225080386,0.9658725048293624,4.121056020605265,3.122987765614935,-0.7405022537025149,,True,True,,True,True,True,False,,UNDERLYING_CORRECT_OPTION_PROFITABLE,UNDERLYING_CORRECT_OPTION_PROFITABLE,,,,183.35,,,-0.6332,77.75,77.55,77.55,77.65,0.20000000000000284,0.25756600128783363,0.60764,0.00272,-24.51428,5.41061,10.051423335532379,VALID,10.027669009409431,9.941303342975951,10.023189020275542,9.763981000531471,-0.7436480464956702,IV_NEUTRAL,13:38,79.3,79.55,79.5,0.25,POSITION_SIGNAL,6,0.10000000000000142,0.125,1.7749999999999915,1.55,0.22499999999999143,-0.39222848,23.9,-2.8,1.55,100.75,1.994,,,12E-option-audit-v1,9d8fb5671d76d03c
NIF-2026-09-21-1346-c723b5,NIFTY,2026-09-21,13:46,BUY_CE,CE,23400.0,NIFTY 23400 CE,MODERATE,RANGE,-0.0303,ITM,-27.75,0.1184,23427.75,23458.9,0.1329619788498744,-0.003841450531726989,0.005122393182097781,-0.0072558254675236826,-1.6536964980544637,13.4,0.01365901548377769,0.012165060665230527,0.04908708689481491,0.07042929858821269,2.30566534914361,1.0540184453227894,8.629776021080364,9.09090909090908,2.571711177052427,1.2858555885262228,8.836135839103202,9.330695680844052,,,True,True,True,True,True,True,,,UNDERLYING_CORRECT_OPTION_PROFITABLE,UNDERLYING_CORRECT_OPTION_PROFITABLE,,132.48,186.23,,0.711,-0.3055,75.9,75.75,75.9,75.825,0.15000000000000568,0.19782393669634776,0.60275,0.00275,-24.55118,5.40846,10.014236423781037,VALID,9.941606838227775,9.961869552685702,9.925382137056689,9.46986204949757,2.634162980587539,IV_TAILWIND,14:05,96.15,96.4,96.4,0.25,POSITION_SIGNAL,19,0.07500000000000284,0.125,20.450000000000003,20.25,0.20000000000000284,-1.2439264533333332,25.75,0.8,20.25,1316.25,26.68,,,12E-option-audit-v1,9d8fb5671d76d03c
NIF-2026-09-21-1408-25f444,NIFTY,2026-09-21,14:08,BUY_CE,CE,23450.0,NIFTY 23450 CE,STRONG,RANGE,0.0128,ATM,-7.3,0.0311,23457.3,23454.05,-0.013854961994773481,-0.005328547587127082,-0.006820439151035141,-0.029406500115075115,-5.196182396606551,20.1,-0.012576042426028262,-0.00788667067394178,-0.010444509811447728,0.006181444582286655,-5.510052122114672,-3.946388682055109,-3.4251675353685944,-1.5636634400595848,-5.294556301267727,-3.6539895600298538,-3.1692766592095656,-1.2677106636838518,,,,,False,False,False,False,,,,,,,190.27,,,-1.182,67.15,66.95,67.15,67.05000000000001,0.20000000000000284,0.2982848620432555,0.54386,0.00268,-26.13138,5.53567,10.581230429516726,VALID,10.22723625140002,10.334315082236065,10.467940088645342,10.376079637051811,-2.1823250889857415,IV_HEADWIND,14:10,64.0,64.05,64.0,0.04999999999999716,POSITION_SIGNAL,2,0.10000000000000142,0.02499999999999858,-3.0250000000000057,-3.15,0.12499999999999423,-0.13936736,0.75,-11.5,-3.15,-204.75,-4.691,IV_HEADWIND,The underlying moved as expected but IV fell -2.18% over the hold.,12E-option-audit-v1,9d8fb5671d76d03c
NIF-2026-09-21-1412-c70746,NIFTY,2026-09-21,14:12,BUY_CE,CE,23450.0,NIFTY 23450 CE,STRONG,RANGE,-0.0288,ATM,-7.0,0.0298,23457.0,23452.55,-0.018970882892103542,0.0066082722778683526,0.011298543766940698,-0.006607399008034479,-3.592592592592588,21.8,-0.009165707464728888,-0.018757726904554954,-0.01023148740248734,-0.007886771539406338,-0.4604758250192039,-2.37912509593247,-0.6139677666922573,-0.15349194167307523,-0.2305032654629361,-2.151363810987331,-0.384172109104879,0.11525163273146805,,,,,False,False,False,False,,,,,,,195.73,,,1.6184,65.15,65.0,65.0,65.075,0.15000000000000568,0.2305032654629361,0.543,0.00277,-25.50803,5.53087,10.279283473991674,VALID,10.467940088645342,10.436907021228135,10.394744069595939,10.5056081215314,-0.42023947951954405,IV_NEUTRAL,14:16,62.55,62.7,62.7,0.15000000000000568,POSITION_SIGNAL,4,0.07500000000000284,0.07500000000000284,-2.450000000000003,-2.6,0.14999999999999725,-0.27208565333333334,2.75,-9.5,-2.6,-169.0,-3.991,MIXED,The underlying moved as expected and no single measured factor dominates.,12E-option-audit-v1,9d8fb5671d76d03c
NIF-2026-09-21-1418-90506b,NIFTY,2026-09-21,14:18,BUY_CE,CE,23450.0,NIFTY 23450 CE,STRONG,RANGE,0.0062,ATM,-8.75,0.0373,23458.75,23453.3,-0.023232269409072213,0.017693757301345814,0.026223105327347312,0.01662769107456008,1.9638043896803876,80.8,0.004049661640116066,0.006607342675970683,-0.023232269409072213,-0.007459903021260724,0.0,0.7541478129713424,-1.6591251885369447,-0.6033182503770611,0.30211480362540344,1.0574018126888476,-1.397280966767346,-0.33987915407854136,,,False,,False,True,False,False,,,UNDERLYING_WRONG_OPTION_LOSS,,,,193.84,,,3.1059,66.3,66.1,66.3,66.19999999999999,0.20000000000000284,0.30211480362538196,0.547,0.00274,-25.75321,5.51602,10.376079637051811,VALID,10.249863819701286,10.247790405646505,10.713810837779345,10.504116814902526,3.254901779295659,IV_TAILWIND,14:23,65.2,65.35,65.35,0.14999999999999147,POSITION_SIGNAL,5,0.10000000000000142,0.07499999999999574,-0.924999999999983,-1.1,0.17500000000001714,-0.34337613333333333,1.6,-10.65,-1.1,-71.5,-1.659,UNDERLYING_DID_NOT_CONTINUE,The underlying did not move up at any measured horizon (move to exit -0.02%).,12E-option-audit-v1,9d8fb5671d76d03c
NIF-2026-09-21-1430-01ebc6,NIFTY,2026-09-21,14:30,BUY_PE,PE,23450.0,NIFTY 23450 PE,MODERATE,RANGE,-0.059,ATM,4.1,0.0175,23445.9,23448.05,0.009170046788555002,-0.0010662731407928379,-0.04242012120642437,-0.036879837813975615,3.9607843137254988,100.0,0.0063977070617890555,0.00895678988649847,-0.010876102005053805,0.016847295262698764,-1.1303692539562924,1.1303692539562924,2.637528259231349,-3.240391861341359,-0.8675971331573248,1.3956997359486727,2.9045643153526712,-3.017729158807997,,,,,False,True,True,False,,,,,,,172.59,,,1.0275,66.35,66.2,66.4,66.275,0.14999999999999147,0.2263296869105869,-0.48786,0.00232,-23.7197,5.53104,12.412381598528267,VALID,12.442809223561595,12.676583749548815,12.4996196674135,12.371845819054228,0.7286295251827444,IV_NEUTRAL,14:36,65.85,66.0,66.0,0.15000000000000568,SIGNAL_FLIP,6,0.07499999999999574,0.07500000000000284,-0.3500000000000085,-0.5,0.14999999999999147,-0.3795152,2.75,-3.65,-0.5,-32.5,-0.754,LATE_ENTRY,80% of the move around this signal happened in the 5 minutes BEFORE it (-0.04% before vs +0.01% after).,12E-option-audit-v1,9d8fb5671d76d03c
NIF-2026-09-21-1438-79c57b,NIFTY,2026-09-21,14:38,BUY_CE,CE,23450.0,NIFTY 23450 CE,STRONG,RANGE,-0.0303,ATM,0.1,0.0004,23449.9,23448.6,-0.0055437336619896475,0.008742805843618542,0.027939692919326423,0.008103036506318046,5.06224066390041,61.8,-0.0006396615763881943,-0.0019189847291490691,0.005970174712889254,0.008315600492953443,-1.5772870662460567,-0.9463722397476363,0.3943217665615142,0.31545741324921583,-1.2638230647709277,-0.6714060031595531,0.7109004739336539,0.5529225908372962,,,,,False,False,True,True,,,,,,,193.61,,,-0.445,63.4,63.2,63.4,63.3,0.19999999999999574,0.3159557661927263,0.52263,0.00268,-26.62928,5.51362,10.74508784154791,VALID,10.551005310952961,10.66524556387333,10.616418391535271,10.646999316000683,-0.8417342671186254,IV_NEUTRAL,14:53,62.0,62.1,62.0,0.10000000000000142,POSITION_SIGNAL,15,0.09999999999999787,0.05000000000000071,-1.25,-1.4,0.1499999999999999,-1.0651712,0.8,-7.75,-1.4,-91.0,-2.208,MIXED,The underlying moved as expected and no single measured factor dominates.,12E-option-audit-v1,9d8fb5671d76d03c
NIF-2026-09-21-1454-911c23,NIFTY,2026-09-21,14:54,BUY_CE,CE,23450.0,NIFTY 23450 CE,MODERATE,RANGE,0.0006,ATM,0.0,0.0,23450.0,23446.05,-0.01684434968017368,0.005970505701839151,0.008742768557589351,-0.002132150700411505,-0.9550338241146176,28.7,0.003624733475473539,0.013646055437103316,-0.01684434968017368,-0.0373134328358209,-0.08025682182985099,1.685393258426973,-3.451043338683786,-5.858747993579453,0.20088388911210464,1.9284853354760996,-3.2141422257934917,-5.624748895138611,,,,False,False,True,False,False,,,,UNDERLYING_WRONG_OPTION_LOSS,,,197.25,,,0.1085,62.3,62.15,62.25,62.224999999999994,0.14999999999999858,0.2410606669345096,0.52341,0.00273,-26.35472,5.4889,10.570563377231908,VALID,10.530119284674528,10.378428690534697,10.684073150387173,10.749769738266505,1.0738289824717873,IV_TAILWIND,14:59,60.15,60.3,60.25,0.14999999999999858,SIGNAL_FLIP,5,0.07499999999999929,0.07499999999999929,-2.0,-2.15,0.1499999999999999,-0.3513962666666667,1.05,-6.65,-2.15,-139.75,-3.451,SIGNAL_FLIP,The underlying never moved the expected way and 12C flipped to the other side.,12E-option-audit-v1,9d8fb5671d76d03c
NIF-2026-09-21-1502-f74747,NIFTY,2026-09-21,15:02,BUY_PE,PE,23450.0,NIFTY 23450 PE,MODERATE,RANGE,-0.0275,ATM,7.15,0.0305,23442.85,23442.0,-0.003625839008476123,-0.020044738149617883,-0.013648354413646339,-0.04413043849027929,7.524752475247524,82.3,-0.003625839008476123,-0.010450947730319009,-0.020475326165544178,-0.024527734469145177,-1.7660044150110417,-1.6188373804267968,0.2207505518763671,0.9565857247976327,-1.510128913443839,-1.4732965009208103,0.4788213627992466,1.2154696132596519,,,True,True,False,False,True,True,,,UNDERLYING_CORRECT_OPTION_PROFITABLE,UNDERLYING_CORRECT_OPTION_PROFITABLE,,,170.85,,,-3.0195,67.95,67.8,67.8,67.875,0.15000000000000568,0.22099447513812992,-0.49468,0.00232,-24.13884,5.48426,12.513066519078444,VALID,12.252495501831625,12.158386425686722,12.075191414197716,11.999187867090882,-2.0823913694499407,IV_HEADWIND,15:03,66.75,66.95,66.95,0.20000000000000284,SIGNAL_FLIP,1,0.07500000000000284,0.10000000000000142,-1.0250000000000057,-1.2,0.17499999999999427,-0.06437024,1.15,-4.8,-1.2,-78.0,-1.766,IV_HEADWIND,The underlying moved as expected but IV fell -2.08% over the hold.,12E-option-audit-v1,9d8fb5671d76d03c
NIF-2026-09-21-1504-46de64,NIFTY,2026-09-21,15:04,BUY_PE,PE,23450.0,NIFTY 23450 PE,MODERATE,RANGE,-0.0373,ATM,8.75,0.0373,23441.25,23440.4,-0.0036260864928216066,-0.003199385717942155,-0.026868478796289046,-0.02047253162046175,1.735849056603782,74.0,-0.0036260864928216066,-0.013651149149472522,-0.01919692849144137,-0.032634778435456535,-0.9629629629629713,0.8888888888888804,-0.14814814814813973,1.3333333333333417,-0.7789317507418481,1.1869436201780161,0.11127596439167453,1.5949554896142262,,,,True,False,True,False,True,,,,UNDERLYING_CORRECT_OPTION_PROFITABLE,,,173.76,,,-3.2244,67.5,67.3,67.5,67.4,0.20000000000000284,0.2967359050445146,-0.49962,0.00237,-23.59989,5.48124,12.273956336270512,VALID,12.158386425686722,12.075191414197716,11.86482321555614,11.774530429202985,-0.9415864568645415,IV_NEUTRAL,15:05,66.85,66.9,66.9,0.05000000000001137,SIGNAL_FLIP,1,0.10000000000000142,0.025000000000005684,-0.5250000000000057,-0.65,0.12499999999999434,-0.06293304,1.6,-4.35,-0.65,-42.25,-0.963,LATE_ENTRY,85% of the move around this signal happened in the 5 minutes BEFORE it (-0.02% before vs -0.00% after).,12E-option-audit-v1,9d8fb5671d76d03c
NIF-2026-09-21-1507-c394f8,NIFTY,2026-09-21,15:07,BUY_PE,PE,23450.0,NIFTY 23450 PE,MODERATE,RANGE,-0.0646,ATM,11.95,0.051,23438.05,23440.65,0.011093073015895873,-0.01770311660169035,-0.013651149149472522,-0.020475326165544178,0.4788213627992466,87.9,-0.00746649145300057,0.011093073015895873,-0.004053238217346271,-0.03861242722837127,1.1713030746705668,-0.7320644216691069,0.43923865300146,-6.002928257686668,1.4296187683284585,-0.5131964809384082,0.7331378299120236,-5.75513196480936,,,,True,True,False,True,False,,,,UNDERLYING_CORRECT_OPTION_LOSS,,,174.58,,,0.0255,68.3,68.1,68.1,68.19999999999999,0.20000000000000284,0.29325513196481356,-0.508,0.00241,-23.12496,5.47473,12.075191414197716,VALID,12.06020752532664,12.287372722494156,11.999187867090882,10.552063016278643,1.757167244959467,IV_TAILWIND,15:10,67.8,67.9,67.85,0.10000000000000853,SIGNAL_FLIP,3,0.10000000000000142,0.05000000000000426,-0.3499999999999943,-0.5,0.15000000000000568,-0.18499968000000003,0.8,-5.15,-0.5,-32.5,-0.732,LATE_ENTRY,65% of the move around this signal happened in the 5 minutes BEFORE it (-0.02% before vs +0.01% after).,12E-option-audit-v1,9d8fb5671d76d03c
NIF-2026-09-21-1512-21deb9,NIFTY,2026-09-21,15:12,BUY_PE,PE,23450.0,NIFTY 23450 PE,MODERATE,RANGE,-0.0245,ATM,12.9,0.055,23437.1,23429.0,-0.034560589834060296,-0.005333139918125636,0.0014933811215230132,-0.004053238217346271,0.7331378299120236,79.6,-0.01770696886559266,-0.034560589834060296,-0.034560589834060296,-0.034560589834060296,-0.5813953488371969,-3.4156976744185967,-6.686046511627899,-8.21220930232558,-0.2911208151382659,-3.1659388646287963,-6.441048034934474,-7.933042212518179,,True,True,True,False,False,False,False,,UNDERLYING_CORRECT_OPTION_LOSS,UNDERLYING_CORRECT_OPTION_LOSS,UNDERLYING_CORRECT_OPTION_LOSS,,,174.96,,,-12.4878,68.8,68.6,68.6,68.69999999999999,0.20000000000000284,0.2911208151382866,-0.51286,0.00242,-22.95337,5.46497,11.999187867090882,VALID,11.694775207585607,10.960697340058982,10.552063016278643,10.343581466048642,-10.855324959685523,IV_HEADWIND,15:16,65.0,65.15,65.15,0.15000000000000568,SIGNAL_FLIP,4,0.10000000000000142,0.07500000000000284,-3.624999999999986,-3.8,0.17500000000001403,-0.24483594666666667,-0.4,-5.65,-3.8,-247.0,-5.523,IV_HEADWIND,The underlying moved as expected but IV fell -10.86% over the hold.,12E-option-audit-v1,9d8fb5671d76d03c
NIF-2026-09-21-1526-777c0f,NIFTY,2026-09-21,15:26,BUY_PE,PE,23450.0,NIFTY 23450 PE,MODERATE,RANGE,0.0,ATM,21.0,0.0896,23429.0,23414.3,-0.06274275470570971,0.0,0.0,0.0,4.943557804593246,100.0,0.0,-0.06274275470570971,-0.06274275470570971,-0.06274275470570971,-0.6671608598962236,0.5930318754632935,-1.2601927353595381,-4.744255003706453,-0.48219584569733354,0.8160237388723781,-1.1127596439169138,-4.562314540059352,,True,True,True,False,True,False,False,,UNDERLYING_CORRECT_OPTION_PROFITABLE,UNDERLYING_CORRECT_OPTION_LOSS,UNDERLYING_CORRECT_OPTION_LOSS,17.74,72.71,185.22,0.096,0.393,-12.7341,67.45,67.35,67.5,67.4,0.10000000000000853,0.14836795252226784,-0.53284,0.00261,-20.99711,5.42637,11.155288027191249,VALID,11.066045720906361,9.708506358703154,9.506055704890414,9.05472214600318,-12.969469411829923,IV_HEADWIND,15:29,67.85,68.05,67.85,0.20000000000000284,SESSION_END,3,0.05000000000000426,0.10000000000000142,0.549999999999983,0.4,0.14999999999998292,-0.16797688,0.4,-3.55,0.4,26.0,0.593,,,12E-option-audit-v1,9d8fb5671d76d03c
SEN-2026-09-21-0920-1fc6f7,SENSEX,2026-09-21,09:20,BUY_CE,CE,74700.0,SENSEX 74700 CE,MODERATE,UNKNOWN,,ATM,-30.02,0.0402,74730.02,74684.91,-0.06036396082859416,0.026355123849676917,0.12599821158643346,0.18728971802238825,-0.8675233187658962,93.6,-0.03693294876678183,-0.06036396082859416,-0.030697168286589954,0.04957846926844514,-2.943882244710209,-3.469575502694175,-0.15770797739518094,6.45288474175319,-2.69114357152256,-3.2372680615870544,0.013159626266617023,6.71798920910647,False,False,False,True,False,False,False,True,UNDERLYING_WRONG_OPTION_LOSS,UNDERLYING_WRONG_OPTION_LOSS,UNDERLYING_WRONG_OPTION_LOSS,UNDERLYING_CORRECT_OPTION_PROFITABLE,,,108.46,,,3.3425,380.45,379.45,380.35,379.95,1.0,0.26319252533228055,0.55142,0.00048,-57.65414,28.92152,11.224006557605753,VALID,11.393717795513068,11.61294067593676,11.751114469896715,11.38134821113383,3.4651986020754197,IV_TAILWIND,09:23,367.25,368.05,367.15,0.8000000000000114,SIGNAL_FLIP,3,0.5,0.4000000000000057,-12.300000000000011,-13.2,0.8999999999999879,-0.46123312,108.55,-49.45,-13.2,-264.0,-3.47,MOMENTUM_REVERSAL,"The underlying moved the right way first, then reversed (-0.06% by the exit).",12E-option-audit-v1,9d8fb5671d76d03c
SEN-2026-09-21-0924-f68d4a,SENSEX,2026-09-21,09:24,BUY_CE,CE,74700.0,SENSEX 74700 CE,MODERATE,UNKNOWN,,ATM,5.0,0.0067,74695.0,74723.81,0.038570185420707774,0.01351009193155151,-0.009932743812045518,-0.020519250818463453,2.1503922098999,89.2,0.016172434567242447,0.05973626079388894,0.06875962246469051,0.038570185420707774,0.4894179894179954,4.537037037037031,4.616402116402114,3.71693121693122,0.6222692969680982,4.753078247054162,4.852376539123539,3.9388322520852643,,True,True,True,True,True,True,True,,UNDERLYING_CORRECT_OPTION_PROFITABLE,UNDERLYING_CORRECT_OPTION_PROFITABLE,UNDERLYING_CORRECT_OPTION_PROFITABLE,70.57,,105.43,0.669,,-2.3972,378.0,377.3,377.25,377.65,0.6999999999999886,0.18535681186283298,0.53306,0.00046,-59.80262,29.03869,11.777621937293953,VALID,11.751114469896715,11.576118000175573,11.492361649767657,11.640792423839615,-1.1617753922043073,IV_HEADWIND,09:34,392.05,393.0,392.05,0.9499999999999886,POSITION_SIGNAL,10,0.3499999999999943,0.4749999999999943,14.875,14.05,0.8249999999999993,-1.5947365333333334,111.0,-47.0,14.05,281.0,3.717,,,12E-option-audit-v1,9d8fb5671d76d03c
SEN-2026-09-21-0936-9b275a,SENSEX,2026-09-21,09:36,BUY_CE,CE,74800.0,SENSEX 74800 CE,STRONG,RANGE,0.0643,ATM,41.4,0.0554,74758.6,74736.56,-0.02948155797461181,0.024431250914846405,0.021794884316537914,-0.012505358245065257,0.007068136839122776,100.0,-0.03044465787215024,-0.02948155797461181,-0.06887501906135915,-0.028732480276530695,-3.416149068322972,-3.8961038961038996,-9.669678147939017,-5.773574251835118,-3.1733691426956026,-3.632765566471135,-9.520107428086808,-5.519824722595246,False,False,False,False,False,False,False,False,UNDERLYING_WRONG_OPTION_LOSS,UNDERLYING_WRONG_OPTION_LOSS,UNDERLYING_WRONG_OPTION_LOSS,UNDERLYING_WRONG_OPTION_LOSS,138.22,,109.12,1.267,,-2.0044,354.2,353.25,354.2,353.725,0.9499999999999886,0.26857021697646155,0.51631,0.00047,-59.13434,29.10445,11.641433141610973,VALID,11.633544003913078,11.588286089834813,11.29133300302069,11.35004883943882,-0.4565335825036125,IV_NEUTRAL,09:39,340.4,341.35,340.35,0.9500000000000455,POSITION_SIGNAL,3,0.4749999999999943,0.47500000000002274,-12.850000000000023,-13.8,0.949999999999978,-0.47307472,71.25,-71.45,-13.8,-276.0,-3.896,UNDERLYING_DID_NOT_CONTINUE,The underlying did not move up at any measured horizon (move to exit -0.03%).,12E-option-audit-v1,9d8fb5671d76d03c
SEN-2026-09-21-0941-7dfaef,SENSEX,2026-09-21,09:41,BUY_PE,PE,74700.0,SENSEX 74700 PE,MODERATE,RANGE,-0.0814,ATM,-7.11,0.0095,74707.11,74726.58,0.026061776449391717,-0.010707338850200447,-0.02121168647495471,-0.06887501906135915,7.2434756820877855,100.0,0.015888715277562394,0.026061776449391717,0.04017020602188301,0.07949711881506248,-1.7674675504004513,-2.4855012427506216,-4.197735432201061,-6.6141949737641665,-1.562391980642925,-2.2398893881783675,-3.9820255789837478,-6.37400622191497,,False,False,False,False,False,False,False,,UNDERLYING_WRONG_OPTION_LOSS,UNDERLYING_WRONG_OPTION_LOSS,UNDERLYING_WRONG_OPTION_LOSS,,80.18,96.3,,0.833,-0.1135,362.1,361.15,361.2,361.625,0.9500000000000455,0.2627030763913019,-0.46616,0.0004,-47.55584,28.98946,13.72515048633768,VALID,13.688567249305175,13.790817851004922,13.760653883487418,13.870309235568643,0.47844549852191715,IV_NEUTRAL,09:44,353.1,353.95,354.0,0.8499999999999659,SIGNAL_FLIP,3,0.47500000000002274,0.42499999999998295,-8.100000000000023,-9.0,0.8999999999999773,-0.38044672,18.3,-130.15,-9.0,-180.0,-2.486,SIGNAL_FLIP,The underlying never moved the expected way and 12C flipped to the other side.,12E-option-audit-v1,9d8fb5671d76d03c
SEN-2026-09-21-0955-78c034,SENSEX,2026-09-21,09:55,BUY_PE,PE,74700.0,SENSEX 74700 PE,MODERATE,RANGE,-0.01,ATM,-31.46,0.0421,74731.46,74755.52,0.032195276259821055,-0.02473580249885209,-0.05265422357889479,-0.0437910122759164,2.8567188543444217,91.1,-0.00013381245329051615,0.04074589202458655,0.021356467543912364,-0.030415570631177922,-0.46116155065570424,-2.0608156794927157,-1.6717106211269668,1.9599365902867882,-0.25248881835231374,-1.8179194921367638,-1.435579281488953,2.207473669023239,,False,False,True,False,False,False,True,,UNDERLYING_WRONG_OPTION_LOSS,UNDERLYING_WRONG_OPTION_LOSS,UNDERLYING_CORRECT_OPTION_PROFITABLE,,,98.39,,,0.6657,346.95,346.15,346.85,346.54999999999995,0.8000000000000114,0.2308469196364194,-0.45627,0.0004,-47.33661,28.88823,13.63330779804311,VALID,13.57748064789244,13.894111908501172,13.637240141893997,13.552185782747065,-0.40243404565884566,IV_NEUTRAL,09:57,334.75,335.35,335.45,0.6000000000000227,SIGNAL_FLIP,2,0.4000000000000057,0.30000000000001137,-11.499999999999943,-12.2,0.7000000000000561,-0.25246192,33.45,-115.0,-12.2,-244.0,-3.516,MOMENTUM_REVERSAL,"The underlying moved the right way first, then reversed (+0.03% by the exit).",12E-option-audit-v1,9d8fb5671d76d03c
SEN-2026-09-21-0959-319244,SENSEX,2026-09-21,09:59,BUY_PE,PE,74700.0,SENSEX 74700 PE,MODERATE,RANGE,-0.0698,ATM,-27.97,0.0374,74727.97,74704.76,-0.031059320894179784,-0.045397449048589486,-0.004536248236348727,-0.029404701942938993,3.4031606027196015,100.0,0.026027737673052123,-0.0024488822592153197,-0.03560915678560595,-0.033963186742533825,-3.1099119568304587,-0.6248224936097828,3.3371201363249074,1.0082362965066614,-2.8788740403753357,-0.38384987205004906,3.5754904748364886,1.2652829115723432,False,,True,True,False,False,True,True,UNDERLYING_WRONG_OPTION_LOSS,,UNDERLYING_CORRECT_OPTION_PROFITABLE,UNDERLYING_CORRECT_OPTION_PROFITABLE,,,97.3,,,0.1108,352.1,351.3,351.0,351.70000000000005,0.8000000000000114,0.2274665908444729,-0.45792,0.0004,-47.73537,28.88825,13.726321007064946,VALID,13.637240141893997,13.664375872648657,13.770555771095387,13.492333963405729,-1.3902023181968501,IV_HEADWIND,10:10,355.8,356.55,355.85,0.75,POSITION_SIGNAL,11,0.4000000000000057,0.375,4.474999999999966,3.7,0.7749999999999657,-1.4002375200000001,28.3,-120.15,3.7,74.0,1.051,,,12E-option-audit-v1,9d8fb5671d76d03c
SEN-2026-09-21-1012-1c1875,SENSEX,2026-09-21,10:12,BUY_CE,CE,74700.0,SENSEX 74700 CE,MODERATE,RANGE,-0.0068,ATM,-21.08,0.0282,74721.08,74676.59,-0.05954143061102066,0.020801670130499224,0.024751484520155513,0.04411678268018906,3.6297769569541227,54.8,-0.027047253599662105,-0.0828280319288739,-0.06931109668116166,-0.09279844456209212,-3.258934684376278,-6.928659455018474,-5.518280158838827,-5.956456250855813,-3.0570978134210796,-6.7173898142436075,-5.319076016176581,-5.737199259716243,False,False,False,False,False,False,False,False,UNDERLYING_WRONG_OPTION_LOSS,UNDERLYING_WRONG_OPTION_LOSS,UNDERLYING_WRONG_OPTION_LOSS,UNDERLYING_WRONG_OPTION_LOSS,76.74,61.82,112.18,0.684,0.551,2.456,365.15,364.3,364.45,364.725,0.8499999999999659,0.23305229967783012,0.54755,0.0005,-56.66803,28.80275,10.935401818188193,VALID,10.934445238394714,11.225209643041113,11.207144179687528,11.461420419368674,-0.2619740609789682,IV_NEUTRAL,10:14,340.95,341.8,341.15,0.8500000000000227,SIGNAL_FLIP,2,0.42499999999998295,0.42500000000001137,-23.350000000000023,-24.2,0.8499999999999766,-0.3022294933333333,123.85,-34.15,-24.2,-484.0,-6.627,SIGNAL_FLIP,The underlying never moved the expected way and 12C flipped to the other side.,12E-option-audit-v1,9d8fb5671d76d03c
SEN-2026-09-21-1023-559f8a,SENSEX,2026-09-21,10:23,BUY_PE,PE,74700.0,SENSEX 74700 PE,STRONG,RANGE,-0.0679,ATM,49.83,0.0668,74650.17,74657.78,0.010194216570438596,-0.002103099003461922,-0.024856455975610772,-0.027012063960065343,1.1094473182684423,100.0,0.015150668779451771,-0.011279277729706784,-0.0376422451549558,-0.015793667984940418,-2.2051902648917694,1.4925373134328235,1.008471157724889,0.05378512841199102,-1.972399865365209,1.716593739481656,1.2588354089532174,0.31639178727701417,,,True,,False,True,True,True,,,UNDERLYING_CORRECT_OPTION_PROFITABLE,,,,98.25,,,-2.4397,371.85,370.9,371.05,371.375,0.9500000000000455,0.25580612588355317,-0.4888,0.00042,-45.16648,28.93844,13.173753684662938,VALID,13.142752161499905,13.260611474456702,12.8655865712398,13.053424436812728,-0.6097981208078901,IV_NEUTRAL,10:30,364.85,365.85,364.8,1.0,POSITION_SIGNAL,7,0.47500000000002274,0.5,-6.024999999999977,-7.0,0.9750000000000227,-0.8431076266666667,8.55,-139.9,-7.0,-140.0,-1.882,LATE_ENTRY,73% of the move around this signal happened in the 5 minutes BEFORE it (-0.03% before vs +0.01% after).,12E-option-audit-v1,9d8fb5671d76d03c
SEN-2026-09-21-1031-c1bd44,SENSEX,2026-09-21,10:31,BUY_CE,CE,74700.0,SENSEX 74700 CE,STRONG,RANGE,-0.0126,ATM,48.84,0.0654,74651.16,74638.38,-0.017119626808208787,-0.008867126774992965,0.03898310513229732,0.0126068855566804,0.9257887720337898,41.2,0.004380373995513965,-0.047018693346501,-0.0224376955428422,-0.009631464534512696,-1.2166520082087464,-2.961008501905606,-1.8323072412782175,-0.747581354441516,-0.9906802671167703,-2.7445512585308642,-1.5850884273868155,-0.5577162985249972,,False,False,,False,False,False,False,,UNDERLYING_WRONG_OPTION_LOSS,UNDERLYING_WRONG_OPTION_LOSS,,,,112.33,,,0.9353,341.1,340.25,341.1,340.675,0.8500000000000227,0.2495046598664483,0.51262,0.00048,-58.31708,28.91246,11.416224649058556,VALID,11.238463290259881,11.68495214592064,11.552328928175537,11.48469549005997,0.6382749618040165,IV_NEUTRAL,10:33,337.7,338.15,337.7,0.44999999999998863,SIGNAL_FLIP,2,0.42500000000001137,0.22499999999999432,-2.750000000000057,-3.4,0.6499999999999431,-0.31102442666666663,147.9,-10.1,-3.4,-68.0,-0.997,SIGNAL_FLIP,The underlying never moved the expected way and 12C flipped to the other side.,12E-option-audit-v1,9d8fb5671d76d03c
SEN-2026-09-21-1044-2bc2c6,SENSEX,2026-09-21,10:44,BUY_CE,CE,74700.0,SENSEX 74700 CE,MODERATE,RANGE,0.0785,ATM,25.4,0.034,74674.6,74684.97,0.013886917372165828,0.011450987430034011,0.04103479490708312,0.04134305167452834,3.847015761559722,100.0,0.0034148157472398354,0.04599957683066433,0.005798491053165593,0.0341615489068502,1.7816091954022957,2.787356321839077,1.6522988505747127,3.979885057471271,2.02848511005611,3.0499208746942785,1.9133937562940517,4.243993669975543,,True,,True,True,True,True,True,,UNDERLYING_CORRECT_OPTION_PROFITABLE,,UNDERLYING_CORRECT_OPTION_PROFITABLE,,,112.7,,,1.2599,348.0,347.1,347.95,347.55,0.8999999999999773,0.25895554596460285,0.52451,0.00049,-57.8229,28.84378,11.237421784048413,VALID,11.385114688600398,10.95795213402792,11.404229804093788,11.310813728126867,-0.29835933770244827,IV_NEUTRAL,10:48,350.6,351.35,351.3,0.75,SIGNAL_FLIP,4,0.44999999999998863,0.375,3.4250000000000114,2.6,0.8250000000000113,-0.6167775999999999,141.0,2.6,2.6,52.0,0.747,,,12E-option-audit-v1,9d8fb5671d76d03c
SEN-2026-09-21-1059-d747b5,SENSEX,2026-09-21,10:59,BUY_CE,CE,74700.0,SENSEX 74700 CE,MODERATE,RANGE,0.0323,ATM,-3.03,0.0041,74703.03,74693.28,-0.013051679429870516,0.0039089634540006085,0.02234679059116075,0.0039089634540006085,-0.7314380347778179,57.1,-0.0017803829376154437,-0.022850478755670867,0.0035607658752308874,0.031404348658958546,-0.38888888888888257,-1.1805555555555556,1.1111111111111112,3.2499999999999964,-0.2293896844153849,-0.9731683581259559,1.334630891144171,3.440845266231058,,False,,True,False,False,True,True,,UNDERLYING_WRONG_OPTION_LOSS,,UNDERLYING_CORRECT_OPTION_PROFITABLE,,,111.59,,,0.9373,360.0,359.3,358.9,359.65,0.6999999999999886,0.19463367162518802,0.53723,0.00049,-57.74923,28.73868,11.16459702905262,VALID,11.159075390750948,11.33914042950267,11.361635569737222,11.176006067478564,0.630889553969851,IV_NEUTRAL,11:01,356.8,357.6,357.55,0.8000000000000114,POSITION_SIGNAL,2,0.3499999999999943,0.4000000000000057,-2.449999999999932,-3.2,0.7500000000000684,-0.3079958933333333,129.0,-4.25,-3.2,-64.0,-0.889,MIXED,The underlying moved as expected and no single measured factor dominates.,12E-option-audit-v1,9d8fb5671d76d03c
SEN-2026-09-21-1104-3619f1,SENSEX,2026-09-21,11:04,BUY_CE,CE,74700.0,SENSEX 74700 CE,MODERATE,RANGE,0.0075,ATM,-5.69,0.0076,74705.69,74736.19,0.040826876774714214,0.023363785249186603,0.01661461379123195,0.0035607658752308874,1.334630891144171,100.0,0.01287719851057576,0.0008299233967256622,0.02784259137423523,0.06857576712027681,-0.8358454371060441,-0.21923814743764172,1.8635242532200633,3.288572211564812,-0.5830703800246793,-0.04801756070791916,2.0784744134997912,3.5601591439154796,,,True,True,False,False,True,True,,,UNDERLYING_CORRECT_OPTION_PROFITABLE,UNDERLYING_CORRECT_OPTION_PROFITABLE,,51.92,109.96,,0.472,-0.9832,364.9,364.0,364.15,364.45,0.8999999999999773,0.24694745506927623,0.53646,0.00048,-58.59135,28.72911,11.361635569737222,VALID,11.024401039890746,11.256540665713425,11.176006067478564,10.786274010160948,-4.279741653486763,IV_HEADWIND,11:17,368.4,369.15,369.1,0.75,SIGNAL_FLIP,13,0.44999999999998863,0.375,4.324999999999989,3.5,0.8249999999999886,-2.0311668,124.1,-6.9,3.5,70.0,0.959,,,12E-option-audit-v1,9d8fb5671d76d03c
SEN-2026-09-21-1123-5b3a52,SENSEX,2026-09-21,11:23,BUY_CE,CE,74700.0,SENSEX 74700 CE,MODERATE,RANGE,-0.019,ATM,-37.6,0.0503,74737.6,74752.8,0.020337821926308963,0.01929789390656662,0.019177426255571717,0.015791065468690746,1.6837531400638013,61.0,0.0024218064267486133,0.0021943439446803453,0.0035591188370899525,0.03556442807902206,0.7868765004001188,-0.7201920512136539,-0.45345425446785514,3.547612696719128,1.0482740201642702,-0.46738332109234165,-0.22701475595912826,3.8058356146090677,,,,True,True,False,False,True,,,,UNDERLYING_CORRECT_OPTION_PROFITABLE,,,110.87,,,-0.6216,374.9,373.95,374.9,374.42499999999995,0.9499999999999886,0.25372237430726813,0.55545,0.00049,-57.58937,28.52937,11.064210981871692,VALID,11.068102965545833,10.96336294689947,10.981310152554096,11.042595817331033,-1.204778827551687,IV_HEADWIND,11:36,379.2,380.0,379.25,0.8000000000000114,POSITION_SIGNAL,13,0.4749999999999943,0.4000000000000057,5.175000000000068,4.3,0.8750000000000684,-1.9964314933333334,114.1,-5.8,4.3,86.0,1.147,,,12E-option-audit-v1,9d8fb5671d76d03c
SEN-2026-09-21-1142-0cd88d,SENSEX,2026-09-21,11:42,BUY_CE,CE,74800.0,SENSEX 74800 CE,STRONG,RANGE,0.0037,ATM,38.64,0.0517,74761.36,74751.62,-0.013028120408731513,0.010862405428842072,0.010728617610937618,0.00028089455553640205,1.490244277154716,71.2,-0.0018324974291470128,0.009938288977077216,-0.013028120408731513,-0.0005082839584574927,-0.6805807622504537,-0.8771929824561505,-2.2232304900181554,-0.5898366606170736,-0.46170148349985896,-0.6736300333030647,-2.020890099909177,-0.3481683318195683,,,,,False,False,False,False,,,,,,,117.18,,,-0.4942,330.6,330.0,330.05,330.3,0.6000000000000227,0.1816530426884719,0.51773,0.00051,-56.78692,28.73307,10.93239288651696,VALID,10.878196713407016,10.732438744516953,10.906832888298073,10.928602909058986,-0.23380058221663416,IV_NEUTRAL,11:47,323.25,324.0,324.1,0.75,POSITION_SIGNAL,5,0.30000000000001137,0.375,-6.675000000000011,-7.35,0.6749999999999883,-0.7571589333333334,94.85,-8.65,-7.35,-147.0,-2.223,MIXED,The underlying moved as expected and no single measured factor dominates.,12E-option-audit-v1,9d8fb5671d76d03c
SEN-2026-09-21-1152-32b096,SENSEX,2026-09-21,11:52,BUY_CE,CE,74800.0,SENSEX 74800 CE,STRONG,RANGE,-0.0005,ATM,39.02,0.0522,74760.98,74844.19,0.11130137673423543,0.008226893165290027,-0.00014713536145685152,0.012521467762171017,1.7072228659714104,83.7,0.0322093156082247,0.06621101007504182,0.08386727942838242,0.1270047556893945,2.2296374943121564,6.218716820870621,10.420142575458827,12.164416805703027,2.49126538052561,6.509190338751333,10.739784292875596,12.456326902627982,True,True,True,True,True,True,True,True,UNDERLYING_CORRECT_OPTION_PROFITABLE,UNDERLYING_CORRECT_OPTION_PROFITABLE,UNDERLYING_CORRECT_OPTION_PROFITABLE,UNDERLYING_CORRECT_OPTION_PROFITABLE,128.06,98.08,117.54,1.089,0.834,0.8821,329.65,328.65,329.35,329.15,1.0,0.3038128512836093,0.51749,0.00051,-56.8144,28.7043,10.928602909058986,VALID,10.79013343519929,10.744326490176483,10.976242151389599,10.580619603338558,-2.1844830214469457,IV_HEADWIND,12:04,366.0,366.9,366.9,0.8999999999999773,POSITION_SIGNAL,12,0.5,0.44999999999998863,37.30000000000001,36.35,0.95000000000001,-1.8180608,95.8,-7.7,36.35,727.0,11.027,,,12E-option-audit-v1,9d8fb5671d76d03c
SEN-2026-09-21-1211-2e7f54,SENSEX,2026-09-21,12:11,BUY_CE,CE,74800.0,SENSEX 74800 CE,MODERATE,RANGE,-0.0459,ATM,-23.29,0.0311,74823.29,74805.37,-0.023949762166296424,0.005934333393239506,-0.019989777954463665,-0.025987824603978475,-1.3432428746761094,42.1,-0.01075868222312646,-0.007069991175199055,0.008780688472809717,-0.0016706028296804378,-0.6212895209167473,-0.7041281237056343,-0.4556123153389417,-0.8698053292834398,-0.38703434929850966,-0.449236298292902,-0.21425115764739347,-0.7049554219365571,,,,,False,False,False,False,,,,,,,113.53,,,-1.2111,362.15,361.3,362.25,361.725,0.8499999999999659,0.23498514064550857,0.54883,0.0005,-57.3456,28.48453,10.943687394282552,VALID,11.027561178422761,11.018194633912296,10.78461644683234,10.86755857476803,-0.52013917251734,IV_NEUTRAL,12:25,350.15,351.0,350.9,0.8500000000000227,POSITION_SIGNAL,14,0.42499999999998295,0.42500000000001137,-11.150000000000034,-12.0,0.8499999999999659,-2.1409024,63.3,-40.2,-12.0,-240.0,-3.314,MIXED,The underlying moved as expected and no single measured factor dominates.,12E-option-audit-v1,9d8fb5671d76d03c
SEN-2026-09-21-1227-23fd28,SENSEX,2026-09-21,12:27,BUY_CE,CE,74800.0,SENSEX 74800 CE,STRONG,RANGE,-0.0084,ATM,-14.72,0.0197,74814.72,74825.04,0.013794076887532872,0.003849658022051933,0.010908134259887759,-0.013177487932442231,-0.8891976380687706,70.5,0.0022856464610064046,0.01438219644475681,0.013366353573200568,-0.016373783127170697,-1.0928961748633976,1.4431834103965187,-2.1157349026201517,-1.5272523469244907,-0.9252120277563639,1.6191210485736252,-1.9695801499965047,-1.3737996775776362,,,,,False,True,False,False,,,,,,,114.35,,,-3.4981,356.85,356.5,356.9,356.675,0.35000000000002274,0.09812854839840827,0.54516,0.00051,-57.29235,28.46597,10.919916320183631,VALID,10.752589361078805,10.964928286010755,10.482630280074194,11.02452315331034,-2.2917855152838658,IV_HEADWIND,12:33,353.7,354.55,354.55,0.8500000000000227,POSITION_SIGNAL,6,0.17500000000001137,0.42500000000001137,-2.5500000000000114,-3.15,0.5999999999999885,-0.9166776,68.6,-34.9,-3.15,-63.0,-0.883,IV_HEADWIND,The underlying moved as expected but IV fell -2.29% over the hold.,12E-option-audit-v1,9d8fb5671d76d03c
SEN-2026-09-21-1244-cd33e1,SENSEX,2026-09-21,12:44,BUY_CE,CE,74800.0,SENSEX 74800 CE,MODERATE,RANGE,0.0149,ATM,-12.46,0.0167,74812.46,74814.67,0.0029540533755899093,0.004758792068874458,0.017714090830638452,0.002553115837276283,1.2013315964683846,74.2,0.02209524990890399,0.01938179816570662,0.0029540533755899093,0.020050136033489607,0.5570632766747575,0.0,-1.0855592058277421,0.7427510355663379,0.79376430205949,0.24313501144165411,-0.8223684210526315,0.9224828375285944,True,,,True,True,False,False,True,UNDERLYING_CORRECT_OPTION_PROFITABLE,,,UNDERLYING_CORRECT_OPTION_PROFITABLE,,,116.41,,,-1.1663,350.05,349.15,349.35,349.6,0.9000000000000341,0.2574370709382249,0.544,0.00051,-56.61928,28.42394,10.744188090484123,VALID,10.52995671917787,10.517610261207825,10.624225895562626,10.602315520112084,-1.116531039025132,IV_HEADWIND,12:49,346.25,347.2,346.95,0.9499999999999886,POSITION_SIGNAL,5,0.45000000000001705,0.4749999999999943,-2.875,-3.8,0.9249999999999998,-0.7549237333333334,75.4,-28.1,-3.8,-76.0,-1.086,IV_HEADWIND,The underlying moved as expected but IV fell -1.12% over the hold.,12E-option-audit-v1,9d8fb5671d76d03c
SEN-2026-09-21-1254-eedade,SENSEX,2026-09-21,12:54,BUY_CE,CE,74800.0,SENSEX 74800 CE,STRONG,RANGE,0.0201,ATM,-27.46,0.0367,74827.46,74824.23,-0.004316597142293053,0.015892413838455577,0.020237308507474995,0.017095577645411187,1.7593193453024631,71.6,0.01082490305028564,-0.009247941865209384,-0.003608301016781328,-0.03402494218032578,0.5099150141643092,-0.32577903682718906,-1.2747875354107647,-4.589235127478751,0.6660525756394877,-0.17005597675900685,-1.112449514631903,-4.42145539573442,,,,False,True,False,False,False,,,,UNDERLYING_WRONG_OPTION_LOSS,,,117.1,,,-0.6899,353.0,352.65,353.0,352.825,0.35000000000002274,0.0991993197760994,0.55217,0.00052,-56.12979,28.3293,10.602315520112084,VALID,10.520219069039168,10.70165901838413,10.490381691955264,10.56279342927329,-1.661638656517099,IV_HEADWIND,13:00,345.05,345.75,346.15,0.6999999999999886,POSITION_SIGNAL,6,0.17500000000001137,0.3499999999999943,-7.425000000000011,-7.95,0.5249999999999888,-0.89807664,72.45,-31.05,-7.95,-159.0,-2.252,UNDERLYING_DID_NOT_CONTINUE,The underlying did not move up at any measured horizon (move to exit -0.00%).,12E-option-audit-v1,9d8fb5671d76d03c
SEN-2026-09-21-1313-86fef2,SENSEX,2026-09-21,13:13,BUY_CE,CE,74800.0,SENSEX 74800 CE,MODERATE,RANGE,-0.0254,ATM,-3.34,0.0045,74803.34,74893.2,0.12012832582074622,0.025138885657387092,0.031024279975936243,0.018090699789180955,-0.8853575482406218,24.3,0.007994295441902029,0.048500508132389326,0.05966311129958189,0.10726793750119344,0.8082964770474232,4.148238523715103,4.773524477657458,11.300899801738586,1.0459612154527267,4.344174683157705,5.008398228737204,11.574286150557327,,True,True,True,True,True,True,True,,UNDERLYING_CORRECT_OPTION_PROFITABLE,UNDERLYING_CORRECT_OPTION_PROFITABLE,UNDERLYING_CORRECT_OPTION_PROFITABLE,83.94,107.9,123.23,0.681,0.876,-2.3441,327.85,327.05,327.1,327.45000000000005,0.8000000000000114,0.24431210871889184,0.53945,0.00054,-54.5145,28.36794,10.227272480518911,VALID,10.202900673794026,10.017164242847226,9.929010618084156,9.966183642516299,-1.857802298615692,IV_HEADWIND,13:39,373.1,374.0,372.85,0.8999999999999773,POSITION_SIGNAL,26,0.4000000000000057,0.44999999999998863,46.099999999999966,45.25,0.8499999999999659,-3.7796719999999997,97.6,2.65,45.25,905.0,13.802,,,12E-option-audit-v1,9d8fb5671d76d03c
SEN-2026-09-21-1350-70d1cf,SENSEX,2026-09-21,13:50,BUY_CE,CE,74900.0,SENSEX 74900 CE,STRONG,RANGE,-0.0006,ATM,-0.66,0.0009,74900.66,74966.54,0.0879565013178657,0.029420944266740502,0.024184539655768375,0.029300714542132036,1.9476372924648675,94.9,-0.0009345712040415793,0.008558002025620992,0.009772944590865331,0.10214863260216234,1.7368173994680054,2.925989672977614,1.4395243310905854,15.036770458457207,1.9417475728155305,3.1240212965862715,1.6285624804259282,15.244284372063893,,,,True,True,True,True,True,,,,UNDERLYING_CORRECT_OPTION_PROFITABLE,,149.24,126.74,,1.177,0.39,319.55,319.05,319.55,319.3,0.5,0.15659254619480112,0.5403,0.00056,-53.7485,28.29016,9.98928636375767,VALID,10.20692145213479,10.14281277442435,10.066349196559527,10.309566071185412,-2.0381806280704513,IV_HEADWIND,14:05,349.35,350.1,350.1,0.75,POSITION_SIGNAL,15,0.25,0.375,30.42500000000001,29.8,0.6250000000000107,-2.14994,48.9,2.0,29.8,596.0,9.326,,,12E-option-audit-v1,9d8fb5671d76d03c
SEN-2026-09-21-1412-7956d6,SENSEX,2026-09-21,14:12,BUY_CE,CE,74900.0,SENSEX 74900 CE,STRONG,RANGE,-0.0404,ATM,-51.61,0.0689,74951.61,74941.92,-0.012928341365852353,0.010074180662220475,-0.008444735807843367,-0.014567277811992544,-0.789933589653964,32.9,0.006751022426333033,-0.005136647498307002,-0.003228749856071476,0.012234560405037669,-0.23923444976077196,-2.898958626512809,-1.3931888544891609,-1.0695187165775433,0.028184892897397378,-2.698703494926716,-1.1414881623449862,-0.8455467869222096,,,,,False,False,False,False,,,,,,,119.73,,,-0.7549,355.3,354.3,354.45,354.8,1.0,0.2818489289740699,0.56676,0.00054,-55.18453,27.99038,10.259923146264487,VALID,10.200220542715675,10.004268671824306,10.165646833764121,10.002269652400885,-1.80147650944513,IV_HEADWIND,14:16,343.65,344.5,343.65,0.8500000000000227,POSITION_SIGNAL,4,0.5,0.42500000000001137,-10.725000000000023,-11.65,0.9249999999999776,-0.5886349866666667,10.5,-33.05,-11.65,-233.0,-3.279,IV_HEADWIND,The underlying moved as expected but IV fell -1.80% over the hold.,12E-option-audit-v1,9d8fb5671d76d03c
SEN-2026-09-21-1418-6ebb6f,SENSEX,2026-09-21,14:18,BUY_CE,CE,74900.0,SENSEX 74900 CE,STRONG,RANGE,0.0035,ATM,-61.29,0.0818,74961.29,74942.39,-0.025213013276578062,0.016144270538469153,0.01805257421969494,0.006163560894574617,-1.1200338123415112,56.5,0.012419743577001175,0.016448489613774986,-0.025213013276578062,0.01173939242508088,1.5375854214123104,1.7938496583143542,0.14236902050113895,1.4379271070615067,1.7453871909952432,2.008976276982281,0.35620146755004634,1.5957825746242142,,,False,,True,True,True,True,,,UNDERLYING_WRONG_OPTION_PROFITABLE,,,,122.62,,,3.4477,351.2,350.65,351.25,350.92499999999995,0.5500000000000114,0.15672864572202364,0.57402,0.00055,-53.93627,27.88467,9.955896652189974,VALID,9.992557080299576,9.918845038656661,10.387680446425225,9.990164066029328,4.336965411751966,IV_TAILWIND,14:23,351.7,352.65,352.4,0.9499999999999886,SIGNAL_FLIP,5,0.2750000000000057,0.4749999999999943,1.25,0.5,0.75,-0.7191502666666667,14.6,-28.95,0.5,10.0,0.142,,,12E-option-audit-v1,9d8fb5671d76d03c
SEN-2026-09-21-1431-607e8c,SENSEX,2026-09-21,14:31,BUY_PE,PE,74900.0,SENSEX 74900 PE,MODERATE,RANGE,-0.0467,ATM,-38.64,0.0516,74938.64,74929.9,-0.01166287512023869,-0.00460355455792211,-0.04195006301846122,-0.019385437600569575,0.7413868294810325,64.5,-0.011476055610304405,-0.0074594361466881545,-0.020790342605632752,-0.008126648682170516,0.5909484001153104,0.6341885269530255,0.31709426347651276,-0.5477082732775951,0.8369408369408304,0.8946608946609012,0.5411255411255411,-0.3679653679653614,,,True,,True,True,True,False,,,UNDERLYING_CORRECT_OPTION_PROFITABLE,,,,98.42,,,-1.5051,346.9,346.1,346.9,346.5,0.7999999999999545,0.23088023088021775,-0.45507,0.0004,-50.88534,28.14703,14.045663625254415,VALID,13.960188921866603,14.070743217449813,13.837586309164735,13.833800968389387,-1.554400557231055,IV_HEADWIND,14:38,344.4,344.95,344.5,0.5500000000000114,SIGNAL_FLIP,7,0.39999999999997726,0.2750000000000057,-1.8250000000000455,-2.5,0.6749999999999545,-0.9498596800000001,6.5,-37.8,-2.5,-50.0,-0.721,IV_HEADWIND,The underlying moved as expected but IV fell -1.55% over the hold.,12E-option-audit-v1,9d8fb5671d76d03c
SEN-2026-09-21-1443-4c6cb2,SENSEX,2026-09-21,14:43,BUY_CE,CE,74900.0,SENSEX 74900 CE,MODERATE,RANGE,0.0135,ATM,-43.99,0.0587,74943.99,74933.35,-0.014197269187294961,0.01321161036319882,0.020432763529281747,0.0188042423652121,0.9602888086642567,100.0,0.0009073442713592045,0.004363258481419954,0.01107493742992381,0.0047368708284525,-1.0571428571428538,-0.7428571428571493,0.4857142857142825,-0.8142857142857208,-0.8152756919115971,-0.4863047986841132,0.7509118214975328,-0.5721232925695487,,,,,False,False,True,False,,,,,,,120.57,,,-0.5844,350.0,349.15,350.0,349.575,0.8500000000000227,0.2431523993420647,0.56239,0.00054,-55.47232,27.9462,10.29720979547301,VALID,10.18719968431421,10.18619512023232,10.255305762101925,10.164029054019784,-4.150343346059777,IV_HEADWIND,15:00,331.15,332.0,332.2,0.8500000000000227,POSITION_SIGNAL,17,0.42500000000001137,0.42500000000001137,-18.0,-18.85,0.8500000000000014,-2.5147451733333335,15.8,-27.75,-18.85,-377.0,-5.386,IV_HEADWIND,The underlying moved as expected but IV fell -4.15% over the hold.,12E-option-audit-v1,9d8fb5671d76d03c
SEN-2026-09-21-1506-b620c4,SENSEX,2026-09-21,15:06,BUY_CE,CE,74900.0,SENSEX 74900 CE,MODERATE,RANGE,-0.0389,ATM,-16.68,0.0223,74916.68,74904.57,-0.016164624486811257,-0.00392420570206086,-0.0023759164296935464,-0.019284374865308505,-0.06604535114110688,50.1,-0.017205781142463093,-0.016164624486811257,-0.020796436788158786,-0.029125690033237506,-1.7018779342723038,-1.7605633802816902,-2.9342723004694835,-2.9489436619718346,-1.5273902188280348,-1.578792774269349,-2.7243354383903755,-2.7390218828021866,,,False,False,False,False,False,False,,,UNDERLYING_WRONG_OPTION_LOSS,UNDERLYING_WRONG_OPTION_LOSS,,,121.04,,,-0.2071,340.8,340.1,340.85,340.45000000000005,0.6999999999999886,0.20561022176530724,0.55006,0.00054,-56.08479,27.99314,10.431050976366317,VALID,10.61059526957679,10.571627516829238,10.498550086533147,10.615915065882744,1.34767379415005,IV_TAILWIND,15:09,334.8,335.35,334.95,0.5500000000000114,POSITION_SIGNAL,3,0.3499999999999943,0.2750000000000057,-5.375,-6.0,0.625,-0.44867832,25.0,-18.55,-6.0,-120.0,-1.761,UNDERLYING_DID_NOT_CONTINUE,The underlying did not move up at any measured horizon (move to exit -0.02%).,12E-option-audit-v1,9d8fb5671d76d03c
SEN-2026-09-21-1513-9fff19,SENSEX,2026-09-21,15:13,BUY_PE,PE,74900.0,SENSEX 74900 PE,MODERATE,RANGE,-0.0491,ATM,18.31,0.0245,74881.69,74894.86,0.017587744080025777,-0.005488356938165288,-0.046238250058431074,-0.017531252495172105,0.4400596209808942,100.0,0.00511473499062554,0.017587744080025777,0.017587744080025777,0.017587744080025777,-0.7623888182973284,-2.8942538472398702,-2.866017224339963,-6.08499223492869,-0.5087979648081279,-2.7489223376439895,-2.6923892304430717,-5.9218429792947305,,,,,False,False,False,False,,,,,,,100.99,,,-0.9162,354.15,353.4,353.9,353.775,0.75,0.21199915200339198,-0.47713,0.00042,-48.16541,28.1328,13.403013721032565,VALID,13.376632118694276,13.289073431559286,13.278971528147338,12.921624738773716,-0.8501094742183154,IV_NEUTRAL,15:16,343.9,344.2,344.35,0.30000000000001137,SIGNAL_FLIP,3,0.375,0.15000000000000568,-9.725000000000023,-10.25,0.5249999999999773,-0.38532328000000005,-2.7,-45.05,-10.25,-205.0,-2.894,MIXED,The underlying moved as expected and no single measured factor dominates.,12E-option-audit-v1,9d8fb5671d76d03c
SEN-2026-09-21-1527-48c136,SENSEX,2026-09-21,15:27,BUY_PE,PE,74900.0,SENSEX 74900 PE,MODERATE,RANGE,0.0,ATM,5.14,0.0069,74894.86,74858.99,-0.04789380739879258,0.0,0.0,0.0,1.8585950538613258,44.0,0.0,,-0.04789380739879258,-0.04789380739879258,-1.1904761904761905,,-3.809523809523813,-5.342261904761901,-0.9458553660534778,,-3.559991062783939,-5.116556192745962,,,True,True,False,,False,False,,,UNDERLYING_CORRECT_OPTION_LOSS,UNDERLYING_CORRECT_OPTION_LOSS,,,105.07,,,-8.5922,336.0,335.35,336.0,335.675,0.6499999999999773,0.19363968123928718,-0.47092,0.00043,-46.60746,28.06707,13.004595305867067,VALID,12.89883692586275,,11.98096612945132,11.763578221843368,-5.56960470378928,IV_HEADWIND,15:29,332.8,333.7,332.75,0.8999999999999773,SESSION_END,2,0.32499999999998863,0.44999999999998863,-2.4250000000000114,-3.2,0.7749999999999888,-0.24857312,-3.2,-26.9,-3.2,-64.0,-0.952,IV_HEADWIND,The underlying moved as expected but IV fell -5.57% over the hold.,12E-option-audit-v1,9d8fb5671d76d03c
NIF-2026-09-22-0918-1c42be,NIFTY,2026-09-22,09:18,BUY_PE,PE,23450.0,NIFTY 23450 PE,STRONG,UNKNOWN,,ATM,-3.1,0.0132,23453.1,23451.05,-0.008740848757730417,0.06912176951728723,-0.09946137512273866,,,56.6,-0.005116594394758431,-0.051805518247045455,-0.034750203597809316,-0.07717529878778731,-1.5223596574690719,6.470028544243589,2.283539486203621,4.757373929590866,-1.1916110581506196,6.768350810295513,2.5738798856053275,5.004766444232602,,True,True,True,False,True,True,True,,UNDERLYING_CORRECT_OPTION_PROFITABLE,UNDERLYING_CORRECT_OPTION_PROFITABLE,UNDERLYING_CORRECT_OPTION_PROFITABLE,,64.85,214.59,,0.302,-4.8832,52.55,52.35,52.5,52.45,0.19999999999999574,0.3813155386081901,-0.47991,0.00285,-53.24713,3.43837,16.19574286941379,VALID,15.835681838467941,15.404519910431825,15.43112919777906,14.308223254244798,-5.877775476770977,IV_HEADWIND,09:20,50.95,51.1,50.95,0.14999999999999858,POSITION_SIGNAL,2,0.09999999999999787,0.07499999999999929,-1.4249999999999972,-1.6,0.17500000000000293,-0.2839846933333333,116.7,-17.05,-1.6,-104.0,-3.045,IV_HEADWIND,The underlying moved as expected but IV fell -5.88% over the hold.,12E-option-audit-v1,9d8fb5671d76d03c
NIF-2026-09-22-0923-6a4138,NIFTY,2026-09-22,09:23,BUY_PE,PE,23450.0,NIFTY 23450 PE,MODERATE,UNKNOWN,,ATM,5.05,0.0215,23444.95,23451.05,0.02601839628576109,-0.019403398793148136,-0.026011628477183513,-0.034750203597809316,2.5738798856053275,63.2,0.023032678679194524,-0.04158678094856248,-0.04243984312186943,-0.01236940151291197,-8.356545961002785,3.7140204271123487,2.2284122562674016,-1.578458681522751,-8.224907063197021,3.9498141263940525,2.369888475836442,-1.347583643122666,False,True,True,,False,True,True,False,UNDERLYING_WRONG_OPTION_LOSS,UNDERLYING_CORRECT_OPTION_PROFITABLE,UNDERLYING_CORRECT_OPTION_PROFITABLE,,,,219.69,,,-6.9537,53.85,53.75,53.8,53.8,0.10000000000000142,0.18587360594795804,-0.50413,0.00301,-50.66793,3.42923,15.43112919777906,VALID,15.016657583193904,14.574794529987825,14.308223254244798,14.705530457577453,-9.014943818108003,IV_HEADWIND,09:30,46.25,46.4,46.25,0.14999999999999858,STOP_LOSS,7,0.05000000000000071,0.07499999999999929,-7.474999999999994,-7.6,0.12500000000000533,-0.94580136,115.4,-18.35,-7.6,-494.0,-14.113,STOP_LOSS,Closed by the hard stop.,12E-option-audit-v1,9d8fb5671d76d03c
NIF-2026-09-22-0931-4b297f,NIFTY,2026-09-22,09:31,BUY_CE,CE,23450.0,NIFTY 23450 CE,MODERATE,RANGE,0.0196,ATM,4.45,0.019,23445.55,23442.05,-0.014928205992181885,-0.02345310764336778,0.04501813526775879,0.044164333993303,6.017699115044241,57.6,0.012369084964956914,-0.04179897677810618,-0.039666375922080194,0.027723811128337786,2.669632925472738,-8.008898776418246,-8.342602892102335,8.78754171301445,2.893711741791869,-7.846410684474105,-8.180300500834718,8.959376739009475,,False,False,True,True,False,False,True,,UNDERLYING_WRONG_OPTION_LOSS,UNDERLYING_WRONG_OPTION_LOSS,UNDERLYING_CORRECT_OPTION_PROFITABLE,,,260.19,,,2.1405,44.95,44.9,44.95,44.925,0.05000000000000426,0.11129660545354317,0.49856,0.00351,-49.86799,3.41008,13.28120537616778,VALID,13.243933897599785,13.76578159056508,13.61213249199071,13.693650650906703,0.5219791550002197,IV_NEUTRAL,09:33,42.4,42.5,42.5,0.10000000000000142,SIGNAL_FLIP,2,0.02500000000000213,0.05000000000000071,-2.4749999999999943,-2.55,0.0750000000000055,-0.2659626133333333,7.4,-44.9,-2.55,-165.75,-5.673,LATE_ENTRY,75% of the move around this signal happened in the 5 minutes BEFORE it (+0.04% before vs -0.01% after).,12E-option-audit-v1,9d8fb5671d76d03c
NIF-2026-09-22-0941-3abb71,NIFTY,2026-09-22,09:41,BUY_CE,CE,23450.0,NIFTY 23450 CE,MODERATE,RANGE,0.0277,ATM,-2.05,0.0087,23452.05,23457.55,0.023452107598269663,0.02687054156936448,0.024524125341738357,0.06741692890287171,18.66666666666667,100.0,0.008954441082984996,0.01641647531879807,0.02217290172927624,0.018122083144117465,-1.8367346938775482,-1.632653061224484,-0.816326530612242,-3.3673469387755075,-1.583248212461707,-1.4300306435137953,-0.6128702757916182,-3.1664964249233853,,,True,,False,False,False,False,,,UNDERLYING_CORRECT_OPTION_LOSS,,,,248.52,,,-6.1234,49.0,48.9,49.0,48.95,0.10000000000000142,0.2042900919305443,0.51873,0.00343,-51.75382,3.38274,13.693650650906703,VALID,13.152088191724248,12.840193575106081,12.793103479554363,12.601284039587512,-12.715204980161845,IV_HEADWIND,09:52,45.85,46.0,45.85,0.14999999999999858,POSITION_SIGNAL,11,0.05000000000000071,0.07499999999999929,-3.0250000000000057,-3.15,0.12499999999999423,-1.5181120533333332,3.35,-48.95,-3.15,-204.75,-6.429,IV_HEADWIND,The underlying moved as expected but IV fell -12.72% over the hold.,12E-option-audit-v1,9d8fb5671d76d03c
NIF-2026-09-22-0955-96c2d8,NIFTY,2026-09-22,09:55,BUY_CE,CE,23450.0,NIFTY 23450 CE,STRONG,RANGE,-0.013,ATM,-4.6,0.0196,23454.6,23453.2,-0.00596897836670767,-0.01960851179921814,-0.01257590839623374,-0.017264420586874822,-6.066734074823053,12.5,0.002558133585745154,0.0029844891833615906,0.02131777988113206,0.03453480340744324,0.7526881720430139,-0.6451612903225745,2.6881720430107525,4.838709677419355,0.9687836383207811,-0.43057050592035057,2.8525296017222725,5.059203444564035,,,True,True,True,False,True,True,,,UNDERLYING_CORRECT_OPTION_PROFITABLE,UNDERLYING_CORRECT_OPTION_PROFITABLE,,,268.03,,,-2.8614,46.5,46.4,46.4,46.45,0.10000000000000142,0.21528525296017528,0.53082,0.00375,-48.41939,3.34226,12.62079469579091,VALID,12.733756860000216,12.541273151026822,12.279016750049811,11.967950777734229,-1.519239091223001,IV_HEADWIND,09:57,44.9,45.0,44.9,0.10000000000000142,POSITION_SIGNAL,2,0.05000000000000071,0.05000000000000071,-1.5,-1.6,0.10000000000000009,-0.2582367466666667,5.85,-46.45,-1.6,-104.0,-3.441,IV_HEADWIND,The underlying moved as expected but IV fell -1.52% over the hold.,12E-option-audit-v1,9d8fb5671d76d03c
NIF-2026-09-22-1000-d05c56,NIFTY,2026-09-22,10:00,BUY_CE,CE,23450.0,NIFTY 23450 CE,STRONG,RANGE,0.004,ATM,-9.6,0.0409,23459.6,23454.7,-0.020886971644861026,0.017266702336970453,0.027288387085761506,0.02131777988113206,2.8525296017222725,62.8,0.015132397824357238,0.001491926546071471,0.013214206550845637,0.030051663284978904,4.7071129707112975,-1.9874476987447611,1.987447698744776,6.380753138075324,4.918890633176351,-1.8315018315018166,2.1454735740449995,6.541077969649413,,,,True,True,False,True,True,,,,UNDERLYING_CORRECT_OPTION_PROFITABLE,,,270.54,,,-1.4295,47.8,47.75,47.8,47.775,0.04999999999999716,0.10465724751438443,0.55095,0.00385,-47.27419,3.31325,12.279016750049811,VALID,12.50726995226067,12.093295034663875,11.967950777734229,12.069345392936711,3.9595609495754323,IV_TAILWIND,10:07,46.5,46.6,46.5,0.10000000000000142,SIGNAL_FLIP,7,0.02499999999999858,0.05000000000000071,-1.2250000000000014,-1.3,0.07499999999999862,-0.8824515466666667,4.55,-47.75,-1.3,-84.5,-2.72,MOMENTUM_REVERSAL,"The underlying moved the right way first, then reversed (-0.02% by the exit).",12E-option-audit-v1,9d8fb5671d76d03c
NIF-2026-09-22-1009-993cb2,NIFTY,2026-09-22,10:09,BUY_CE,CE,23450.0,NIFTY 23450 CE,STRONG,RANGE,0.0458,ATM,-16.3,0.0695,23466.3,23458.9,-0.031534583636950934,0.026854219948846,0.03303699504018791,0.011080946312808912,7.267144319344958,100.0,0.0014915005774330968,-0.018111078440146082,-0.005113716265456112,-0.03494372781393201,-3.050524308865589,-8.293612964728316,-4.671115347950434,-11.24880838894186,-2.862595419847328,-8.062977099236656,-4.484732824427497,-11.116412213740462,,,,False,False,False,False,False,,,,UNDERLYING_WRONG_OPTION_LOSS,,,256.38,,,-3.1737,52.45,52.35,52.45,52.400000000000006,0.10000000000000142,0.19083969465649123,0.57249,0.00371,-48.93447,3.26396,12.724993603817477,VALID,12.069345392936711,12.218859952846392,12.219641780331449,12.380623920766618,-2.5027279244476826,IV_HEADWIND,10:13,46.9,47.05,47.05,0.14999999999999858,STOP_LOSS,4,0.05000000000000071,0.07499999999999929,-5.425000000000011,-5.55,0.12499999999998845,-0.5219676799999999,-1.15,-52.4,-5.55,-360.75,-10.582,STOP_LOSS,Closed by the hard stop.,12E-option-audit-v1,9d8fb5671d76d03c
NIF-2026-09-22-1017-422acf,NIFTY,2026-09-22,10:17,BUY_PE,PE,23450.0,NIFTY 23450 PE,MODERATE,RANGE,0.0119,ATM,-7.5,0.032,23457.5,23441.5,-0.06820846211233081,0.003410539419437826,-0.03238852593851526,-0.019393019791532594,3.4550195567144804,75.0,0.0023446658851082698,0.0042630288820206756,-0.06991367366514528,-0.08845784930192903,1.511335012594444,0.12594458438286438,16.12090680100755,21.41057934508816,1.7013232514177623,0.2520478890989324,16.383112791430374,21.676118462507898,,,True,True,True,True,True,True,,,UNDERLYING_CORRECT_OPTION_PROFITABLE,UNDERLYING_CORRECT_OPTION_PROFITABLE,234.33,245.04,272.62,0.86,0.899,-2.6769,39.7,39.65,39.7,39.675,0.05000000000000426,0.12602394454947516,-0.4611,0.00353,-46.28698,3.28185,13.604874555722962,VALID,13.80704731565556,13.614416074129554,13.112888474215904,13.050036703529091,-4.018805458710091,IV_HEADWIND,10:29,45.65,45.8,45.7,0.14999999999999858,POSITION_SIGNAL,12,0.02500000000000213,0.07499999999999929,6.049999999999997,5.95,0.09999999999999698,-1.48118336,129.55,-0.95,5.95,386.75,14.987,,,12E-option-audit-v1,9d8fb5671d76d03c
NIF-2026-09-22-1030-9213e9,NIFTY,2026-09-22,10:30,BUY_PE,PE,23450.0,NIFTY 23450 PE,STRONG,RANGE,-0.0927,ATM,13.25,0.0565,23436.75,23381.9,-0.23403415575964479,-0.020263208412430945,0.0,-0.01834388817906737,2.9728344438749126,100.0,-0.051201638452430476,-0.0757357568775534,-0.09578973193809179,-0.11371030539644557,11.133200795228632,18.88667992047714,27.335984095427435,32.60437375745528,11.39870582379295,19.213539074166267,27.725236436037854,32.90194126431062,True,True,True,True,True,True,True,True,UNDERLYING_CORRECT_OPTION_PROFITABLE,UNDERLYING_CORRECT_OPTION_PROFITABLE,UNDERLYING_CORRECT_OPTION_PROFITABLE,UNDERLYING_CORRECT_OPTION_PROFITABLE,289.44,289.35,249.02,1.162,1.162,3.8712,50.3,50.15,50.3,50.224999999999994,0.14999999999999858,0.29865604778496485,-0.53366,0.00351,-47.25575,3.2501,13.856709756835464,VALID,13.459380608430079,13.636321894587711,14.276259278827025,14.337736536326146,20.461949679293216,IV_TAILWIND,10:48,91.05,91.3,91.3,0.25,POSITION_SIGNAL,18,0.07499999999999929,0.125,40.95,40.75,0.20000000000000284,-2.268276,118.95,5.6,40.75,2648.75,81.014,,,12E-option-audit-v1,9d8fb5671d76d03c
NIF-2026-09-22-1051-510d33,NIFTY,2026-09-22,10:51,BUY_PE,PE,23350.0,NIFTY 23350 PE,MODERATE,TRENDING_DOWN,-0.1481,ATM,-18.75,0.0802,23368.75,23376.7,0.03401979138807479,-0.016258388579762466,-0.05624008314123939,-0.05303417496573716,12.820512820512823,87.0,0.00213960952126237,0.002995453329770431,0.040224658999738774,0.0631184808772399,-2.389486260454002,-5.256869772998812,-11.708482676224607,-14.814814814814822,-2.1531100478468694,-5.0837320574162685,-11.543062200956928,-14.593301435406685,,,False,False,False,False,False,False,,,UNDERLYING_WRONG_OPTION_LOSS,UNDERLYING_WRONG_OPTION_LOSS,,231.2,243.02,,0.951,-1.7675,41.85,41.75,41.8,41.8,0.10000000000000142,0.23923444976076896,-0.4347,0.00304,-56.45823,3.15528,16.133924491290134,VALID,15.975223631864132,15.747838753094317,16.001243695525126,16.18076840786216,1.0733606593083402,IV_TAILWIND,10:55,38.6,38.7,38.7,0.10000000000000142,POSITION_SIGNAL,4,0.05000000000000071,0.05000000000000071,-3.1499999999999915,-3.25,0.10000000000000853,-0.6022211199999999,40.45,-29.7,-3.25,-211.25,-7.766,UNDERLYING_DID_NOT_CONTINUE,The underlying did not move down at any measured horizon (move to exit +0.03%).,12E-option-audit-v1,9d8fb5671d76d03c
NIF-2026-09-22-1100-a5f2bb,NIFTY,2026-09-22,11:00,BUY_PE,PE,23400.0,NIFTY 23400 PE,STRONG,RANGE,0.046,ATM,16.7,0.0714,23383.3,23376.7,-0.02822527188206346,-0.014324411576699454,0.009837047175053558,0.02823324079103785,-4.718112754898045,35.4,0.0008553112691567384,-0.048111258889891505,-0.0419102521885246,0.0004276556345861482,-0.6705783738474411,7.208717518860023,4.27493713327746,-6.035205364626994,-0.3776751993285798,7.469576164498536,4.532102391942933,-5.7910197230381915,,True,True,,False,True,True,False,,UNDERLYING_CORRECT_OPTION_PROFITABLE,UNDERLYING_CORRECT_OPTION_PROFITABLE,,,,213.71,,,-4.4245,59.65,59.5,59.65,59.575,0.14999999999999858,0.25178346621904923,-0.54448,0.00305,-57.35622,3.15706,16.321621030869146,VALID,16.28497843072911,15.92587354503992,15.600378712287998,15.448973922845871,-10.862199153682447,IV_HEADWIND,11:09,57.55,57.7,57.65,0.15000000000000568,POSITION_SIGNAL,9,0.07499999999999929,0.07500000000000284,-1.9500000000000028,-2.1,0.14999999999999725,-1.37654928,63.25,-18.95,-2.1,-136.5,-3.521,IV_HEADWIND,The underlying moved as expected but IV fell -10.86% over the hold.,12E-option-audit-v1,9d8fb5671d76d03c
NIF-2026-09-22-1119-ce8b16,NIFTY,2026-09-22,11:19,BUY_PE,PE,23400.0,NIFTY 23400 PE,STRONG,RANGE,0.0511,ATM,11.35,0.0485,23388.65,23397.6,0.03826642409885602,-0.02222806421344537,-0.011115267461117061,-0.02351015104203401,8.16120906801007,52.6,-0.012612955429239084,0.02266056399150559,0.04147310768256009,0.029501488970068032,3.813953488372088,-9.023255813953492,-11.813953488372096,-9.953488372093027,4.145319049836985,-8.80298090358639,-11.644154634373544,-9.781089892873778,,False,False,False,True,False,False,False,,UNDERLYING_WRONG_OPTION_LOSS,UNDERLYING_WRONG_OPTION_LOSS,UNDERLYING_WRONG_OPTION_LOSS,,,230.86,,,-2.0698,53.75,53.6,53.7,53.675,0.14999999999999858,0.27945971122496244,-0.5298,0.00325,-55.92793,3.11891,15.605583095953953,VALID,15.798422950548552,15.178295522812824,15.429866055708402,15.291135571271303,-2.3278519458045377,IV_HEADWIND,11:23,47.35,47.45,47.3,0.10000000000000142,STOP_LOSS,4,0.07499999999999929,0.05000000000000071,-6.2749999999999915,-6.4,0.12500000000000888,-0.5965645866666667,69.15,-13.05,-6.4,-416.0,-11.907,STOP_LOSS,Closed by the hard stop.,12E-option-audit-v1,9d8fb5671d76d03c
NIF-2026-09-22-1127-97a47d,NIFTY,2026-09-22,11:27,BUY_PE,PE,23400.0,NIFTY 23400 PE,MODERATE,RANGE,-0.0103,ATM,4.35,0.0186,23395.65,23357.75,-0.16199592659319767,-0.01559875722777099,-0.0115392752052905,0.0072668360836914145,-1.0214504596527068,32.3,-0.006197733339320461,-0.02906523221198347,-0.06539677247694725,-0.08185282306754228,2.268041237113405,9.17525773195877,15.257731958762882,22.68041237113402,2.4767801857585194,9.339525283797725,15.531475748193996,22.961816305469554,,True,True,True,True,True,True,True,,UNDERLYING_CORRECT_OPTION_PROFITABLE,UNDERLYING_CORRECT_OPTION_PROFITABLE,UNDERLYING_CORRECT_OPTION_PROFITABLE,237.5,280.53,243.78,0.974,1.151,-0.4111,48.5,48.4,48.5,48.45,0.10000000000000142,0.20639834881321242,-0.50485,0.00334,-55.59229,3.10717,15.323070394985997,VALID,15.428587732233476,15.689924832762165,15.151530152600182,15.769433812543356,5.606453208843012,IV_TAILWIND,11:54,71.3,71.5,71.5,0.20000000000000284,POSITION_SIGNAL,27,0.05000000000000071,0.10000000000000142,22.950000000000003,22.8,0.15000000000000213,-4.002644879999999,74.4,-7.8,22.8,1482.0,47.01,,,12E-option-audit-v1,9d8fb5671d76d03c
NIF-2026-09-22-1155-693ef8,NIFTY,2026-09-22,11:55,BUY_PE,PE,23350.0,NIFTY 23350 PE,MODERATE,TRENDING_DOWN,-0.1078,ATM,3.25,0.0139,23346.75,23361.9,0.06489125895467872,-0.047093577078271665,-0.05693480964295569,-0.07276229201219839,5.882352941176457,100.0,-0.007709852549066883,0.029982759913049994,0.06489125895467872,0.0597513572552956,11.547085201793719,-0.6726457399103235,-8.183856502242149,-10.87443946188341,11.7283950617284,-0.448933782267122,-7.968574635241296,-10.662177328843995,,False,False,False,True,False,False,False,,UNDERLYING_WRONG_OPTION_LOSS,UNDERLYING_WRONG_OPTION_LOSS,UNDERLYING_WRONG_OPTION_LOSS,122.8,178.44,260.2,0.472,0.686,8.9161,44.6,44.5,44.5,44.55,0.10000000000000142,0.224466891133561,-0.49651,0.00355,-55.04401,3.02559,14.82520382182775,VALID,16.03511090606416,15.7424974937305,15.758339642886279,15.276776449677785,6.294252897114534,IV_TAILWIND,12:00,40.95,41.05,40.9,0.09999999999999432,POSITION_SIGNAL,5,0.05000000000000071,0.04999999999999716,-3.549999999999997,-3.65,0.10000000000000275,-0.7339201333333334,37.7,-32.45,-3.65,-237.25,-8.184,UNDERLYING_DID_NOT_CONTINUE,The underlying did not move down at any measured horizon (move to exit +0.06%).,12E-option-audit-v1,9d8fb5671d76d03c
NIF-2026-09-22-1210-3e8815,NIFTY,2026-09-22,12:10,BUY_CE,CE,23350.0,NIFTY 23350 CE,STRONG,RANGE,0.0154,ATM,-15.5,0.0663,23365.5,23357.25,-0.03530846761250561,0.009202447422999934,0.034250240822005784,0.020547329489267324,4.818624796968075,100.0,-0.026320857674783142,-0.03530846761250561,-0.052427724636750765,0.008345637799322623,-6.707946336429309,-8.15273477812178,-13.828689370485042,2.6831785345717174,-6.508264462809929,-7.902892561983476,-13.688016528925633,2.8409090909090757,False,False,False,,False,False,False,True,UNDERLYING_WRONG_OPTION_LOSS,UNDERLYING_WRONG_OPTION_LOSS,UNDERLYING_WRONG_OPTION_LOSS,,261.08,,278.46,0.938,,0.9113,48.45,48.35,48.45,48.400000000000006,0.10000000000000142,0.2066115702479368,0.57682,0.00406,-54.11053,2.93125,12.893972290182104,VALID,13.161954111915838,13.319193159005065,12.93388493119935,13.209988936311529,3.2978267616313923,IV_TAILWIND,12:13,44.5,44.65,44.65,0.14999999999999858,SIGNAL_FLIP,3,0.05000000000000071,0.07499999999999929,-3.825000000000003,-3.95,0.12499999999999734,-0.43288424,29.05,-48.4,-3.95,-256.75,-8.153,SIGNAL_FLIP,The underlying never moved the expected way and 12C flipped to the other side.,12E-option-audit-v1,9d8fb5671d76d03c
NIF-2026-09-22-1215-636ec9,NIFTY,2026-09-22,12:15,BUY_PE,PE,23350.0,NIFTY 23350 PE,STRONG,RANGE,-0.0319,ATM,-3.25,0.0139,23353.25,23360.7,0.031901341355060765,-0.025471762731603512,-0.03103529462126239,-0.052427724636750765,16.950306330837307,100.0,0.010919251067835407,0.031901341355060765,0.06080524124051568,0.03232954727928349,-7.55813953488372,-11.744186046511622,-19.767441860465116,-14.06976744186046,-7.3341094295692795,-11.525029103608855,-19.557625145518056,-13.853317811408619,,False,False,False,False,False,False,False,,UNDERLYING_WRONG_OPTION_LOSS,UNDERLYING_WRONG_OPTION_LOSS,UNDERLYING_WRONG_OPTION_LOSS,321.64,,259.17,1.241,,-3.7984,43.0,42.9,42.9,42.95,0.10000000000000142,0.23282887077998002,-0.47666,0.00345,-58.88277,2.96627,15.505191021396374,VALID,14.813841502721175,15.02676805909052,14.77766451127446,14.740896987808041,-3.0855663864163643,IV_HEADWIND,12:18,37.95,38.05,38.05,0.09999999999999432,STOP_LOSS,3,0.05000000000000071,0.04999999999999716,-4.950000000000003,-5.05,0.09999999999999698,-0.47106216,39.3,-30.85,-5.05,-328.25,-11.744,STOP_LOSS,Closed by the hard stop.,12E-option-audit-v1,9d8fb5671d76d03c
NIF-2026-09-22-1223-83ddbc,NIFTY,2026-09-22,12:23,BUY_PE,PE,23350.0,NIFTY 23350 PE,MODERATE,RANGE,0.0225,ATM,-12.5,0.0535,23362.5,23364.65,0.00920278223649633,-0.008559994864003082,-0.0211833126849559,0.007705248558473301,-3.815789473684218,23.8,-0.001070090957731407,0.006848582129474776,-0.013911182450508295,-0.00021401819154316705,3.0054644808743207,-2.595628415300554,0.6830601092896175,-0.13661202185793514,3.2831737346101315,-2.2571819425444675,1.0259917920656636,0.2051983584131405,,,,,True,False,True,False,,,,,,,284.99,,,-2.9386,36.6,36.5,36.6,36.55,0.10000000000000142,0.27359781121751414,-0.44586,0.00362,-56.0913,2.92287,14.752010482408426,VALID,15.076259589903346,14.806146311847346,14.440811060078612,14.900517363088866,1.5231865072508621,IV_TAILWIND,12:27,35.8,35.95,35.95,0.15000000000000568,POSITION_SIGNAL,4,0.05000000000000071,0.07500000000000284,-0.6749999999999972,-0.8,0.1250000000000029,-0.5983071999999999,45.7,-24.45,-0.8,-52.0,-2.186,MIXED,The underlying moved as expected and no single measured factor dominates.,12E-option-audit-v1,9d8fb5671d76d03c
NIF-2026-09-22-1229-56ab9f,NIFTY,2026-09-22,12:29,BUY_PE,PE,23350.0,NIFTY 23350 PE,MODERATE,RANGE,0.0036,ATM,-11.25,0.0482,23361.25,23359.5,-0.007491037508694953,0.008561918725986493,-0.012198201514282789,-0.0042804096352020895,-2.6490066225165565,68.8,-0.028465942533047052,-0.0038525335759064913,-0.007491037508694953,-0.019476697522603767,6.385869565217396,2.1739130434782727,6.114130434782609,6.521739130434799,6.734693877551005,2.4489795918367503,6.394557823129237,6.802721088435375,True,,,,True,True,True,True,UNDERLYING_CORRECT_OPTION_PROFITABLE,,,,,,286.75,,,4.2466,36.8,36.7,36.85,36.75,0.09999999999999432,0.2721088435373995,-0.45109,0.00367,-56.20131,2.91099,14.67943193033528,VALID,14.655245249475282,14.92389650182195,15.314235047482933,14.969470139908386,4.324439257324545,IV_TAILWIND,12:34,39.05,39.15,39.2,0.10000000000000142,POSITION_SIGNAL,5,0.04999999999999716,0.05000000000000071,2.3499999999999943,2.25,0.09999999999999432,-0.7493508000000001,45.5,-24.65,2.25,146.25,6.114,,,12E-option-audit-v1,9d8fb5671d76d03c
NIF-2026-09-22-1236-30b147,NIFTY,2026-09-22,12:36,BUY_PE,PE,23350.0,NIFTY 23350 PE,STRONG,RANGE,-0.018,ATM,-9.9,0.0424,23359.9,23349.8,-0.04323648645757123,-0.015408650245034112,-0.010914951128838253,0.025477488818811067,-5.889570552147253,52.2,-0.00256850414600312,-0.013698688778636585,0.0010702100608307398,-0.058861553345690695,-1.3020833333333335,2.0833333333333446,-1.6927083333333297,11.45833333333333,-1.043024771838309,2.3468057366362602,-1.4341590612776982,11.734028683181227,,,,True,False,True,False,True,,,,UNDERLYING_CORRECT_OPTION_PROFITABLE,,199.35,278.39,,0.716,-1.1363,38.4,38.3,38.4,38.349999999999994,0.10000000000000142,0.2607561929595866,-0.45704,0.0036,-58.36419,2.89619,15.098084848901989,VALID,15.021089989574577,14.969470139908386,15.009372086278864,14.625146941085271,-1.4373997102140217,IV_HEADWIND,12:49,41.55,41.7,41.7,0.15000000000000568,POSITION_SIGNAL,13,0.05000000000000071,0.07500000000000284,3.2750000000000057,3.15,0.12500000000000577,-2.02329192,43.9,-26.25,3.15,204.75,8.203,,,12E-option-audit-v1,9d8fb5671d76d03c
NIF-2026-09-22-1250-f4f7a7,NIFTY,2026-09-22,12:50,BUY_PE,PE,23350.0,NIFTY 23350 PE,STRONG,RANGE,-0.0734,ATM,10.35,0.0443,23339.65,23333.3,-0.027206920412269173,-0.04346932307770438,-0.03362244351643021,-0.007925797399475375,7.915717539863312,100.0,-0.014567484945153227,0.006641059313225658,-0.02549309865401035,-0.05569920714320909,-1.5806111696522653,-3.7934668071654456,2.5289778714436157,7.37618545837724,-1.2664907651714918,-3.5356200527704424,2.7440633245382524,7.598944591029026,,,True,True,False,False,True,True,,,UNDERLYING_CORRECT_OPTION_PROFITABLE,UNDERLYING_CORRECT_OPTION_PROFITABLE,,136.43,259.9,,0.525,-3.8816,47.45,47.3,47.45,47.375,0.15000000000000568,0.316622691292888,-0.52755,0.00365,-59.07128,2.86387,15.132656801131239,VALID,14.5635984290452,14.9201898122193,14.507092807122948,14.433891164007248,-6.892102798441243,IV_HEADWIND,12:59,47.75,47.9,47.9,0.14999999999999858,POSITION_SIGNAL,9,0.07500000000000284,0.07499999999999929,0.45000000000000284,0.3,0.15000000000000285,-1.41771072,34.85,-35.3,0.3,19.5,0.632,,,12E-option-audit-v1,9d8fb5671d76d03c
NIF-2026-09-22-1300-3984a4,NIFTY,2026-09-22,13:00,BUY_PE,PE,23350.0,NIFTY 23350 PE,MODERATE,RANGE,-0.0557,ITM,23.35,0.1001,23326.65,23336.65,0.042869421884411174,-0.028500040714334523,-0.037068304242918744,-0.030213810925825188,4.725218284540327,100.0,-0.009859967033427047,-0.016290380316088725,-0.0017147768753826853,0.0645184799360357,1.5686274509803866,4.215686274509801,1.078431372549014,-14.509803921568626,1.7655713585090702,4.413928396272668,1.2260912211868422,-14.369789112309947,,,,False,True,True,True,False,,,,UNDERLYING_WRONG_OPTION_LOSS,,222.72,261.3,,0.852,0.778,51.0,50.95,51.0,50.975,0.04999999999999716,0.09808729769494291,-0.57101,0.00382,-55.6735,2.79541,14.433891164007248,VALID,13.642633884282581,13.982846720415901,14.055194755932563,14.439157745448759,-0.06529423992000599,IV_NEUTRAL,13:07,46.4,46.55,46.55,0.14999999999999858,POSITION_SIGNAL,7,0.02499999999999858,0.07499999999999929,-4.500000000000007,-4.6,0.09999999999999254,-1.0392386666666666,31.3,-38.85,-4.6,-299.0,-9.02,UNDERLYING_DID_NOT_CONTINUE,The underlying did not move down at any measured horizon (move to exit +0.04%).,12E-option-audit-v1,9d8fb5671d76d03c
NIF-2026-09-22-1312-3e0cbd,NIFTY,2026-09-22,13:12,BUY_PE,PE,23350.0,NIFTY 23350 PE,STRONG,RANGE,0.0394,ATM,11.65,0.0499,23338.35,23340.7,0.010069263679746782,-0.007712032699031112,-0.004927269221711927,0.0072846788206408775,0.16137708445401366,30.3,-0.007712627499370232,0.010069263679746782,-0.004927512013479176,-0.0501320787459143,1.3948497854077222,-5.150214592274675,3.6480686695278877,10.622317596566514,1.6648764769065645,-4.994629430719647,3.9205155746509193,10.902255639097751,,,,True,True,False,True,True,,,,UNDERLYING_CORRECT_OPTION_PROFITABLE,,217.47,267.01,,0.814,2.6048,46.6,46.5,46.5,46.55,0.10000000000000142,0.21482277121375173,-0.53257,0.00378,-59.58267,2.79735,14.93927517146458,VALID,14.901864751090827,14.529811829844286,15.173572850731018,14.413657099993413,-2.740851459797775,IV_HEADWIND,13:15,44.2,44.25,44.2,0.04999999999999716,POSITION_SIGNAL,3,0.05000000000000071,0.02499999999999858,-2.3249999999999957,-2.4,0.07500000000000417,-0.47666136000000003,35.7,-34.45,-2.4,-156.0,-5.15,IV_HEADWIND,The underlying moved as expected but IV fell -2.74% over the hold.,12E-option-audit-v1,9d8fb5671d76d03c
NIF-2026-09-22-1317-ceffa4,NIFTY,2026-09-22,13:17,BUY_PE,PE,23350.0,NIFTY 23350 PE,STRONG,RANGE,0.0024,ATM,12.8,0.0548,23337.2,23331.3,-0.025281524775900514,0.0014997739626478417,-0.007926629404361124,-0.004927512013479176,3.9205155746509193,100.0,-0.02292477246628637,-0.018425518057004577,-0.0452067943026553,-0.015211764907526492,3.818369453044364,4.850361197110411,6.398348813209482,2.4767801857585052,4.1343669250646,5.167958656330749,6.718346253229974,2.687338501291984,True,,True,,True,True,True,True,UNDERLYING_CORRECT_OPTION_PROFITABLE,,UNDERLYING_CORRECT_OPTION_PROFITABLE,,,,261.84,,,-5.1189,48.45,48.3,48.45,48.375,0.15000000000000568,0.3100775193798567,-0.54277,0.00374,-60.67856,2.7756,15.173572850731018,VALID,15.06376929887685,15.469414843807114,14.413657099993413,15.185381502389122,-2.093756319962109,IV_HEADWIND,13:25,49.8,49.95,49.95,0.15000000000000568,POSITION_SIGNAL,8,0.07500000000000284,0.07500000000000284,1.5,1.35,0.1499999999999999,-1.2944759466666667,33.85,-36.3,1.35,87.75,2.786,,,12E-option-audit-v1,9d8fb5671d76d03c
NIF-2026-09-22-1335-608270,NIFTY,2026-09-22,13:35,BUY_PE,PE,23350.0,NIFTY 23350 PE,STRONG,RANGE,0.0525,ATM,6.45,0.0276,23343.55,23304.95,-0.16535616904883166,-0.0038553060791813695,-0.001070948174675931,0.01649549908524336,-5.025906735751289,35.2,0.014565051159748434,0.014136667302099606,0.01991984938024189,-0.04069646647575026,-2.614379084967311,-3.2679738562091507,-2.941176470588238,10.348583877995644,-2.2913256955810084,-2.9459901800327515,-2.61865793780688,10.692853246044717,,,,True,False,False,False,True,,,,UNDERLYING_CORRECT_OPTION_PROFITABLE,,,262.68,,,2.6139,45.9,45.75,45.75,45.825,0.14999999999999858,0.32733224222585616,-0.51566,0.00366,-65.44323,2.73667,15.862125198065435,VALID,16.219678081289956,15.99640310061299,16.288532561086573,16.259778723700204,27.707900011738474,IV_TAILWIND,14:04,78.4,78.6,78.4,0.19999999999998863,POSITION_SIGNAL,29,0.07499999999999929,0.09999999999999432,32.675,32.5,0.17499999999999716,-5.06094312,36.4,-33.75,32.5,2112.5,70.806,,,12E-option-audit-v1,9d8fb5671d76d03c
NIF-2026-09-22-1408-8be946,NIFTY,2026-09-22,14:08,BUY_PE,PE,23300.0,NIFTY 23300 PE,MODERATE,RANGE,-0.0401,ATM,2.0,0.0086,23298.0,23315.0,0.07296763670701348,-0.012874983906270118,-0.04268929699952474,-0.019096704423786887,-1.3340174448435065,61.2,0.030689329556191323,0.07103614044123646,0.17104472486908123,0.37642716112971386,-6.645898234683273,-15.784008307372796,-38.62928348909657,-69.36656282450674,-6.396255850234015,-15.496619864794598,-38.37753510140406,-69.21476859074363,False,False,False,False,False,False,False,False,UNDERLYING_WRONG_OPTION_LOSS,UNDERLYING_WRONG_OPTION_LOSS,UNDERLYING_WRONG_OPTION_LOSS,UNDERLYING_WRONG_OPTION_LOSS,224.37,183.87,242.02,0.927,0.76,3.0193,48.15,48.0,48.05,48.075,0.14999999999999858,0.312012480499217,-0.49941,0.00332,-78.74698,2.63237,18.228521064530977,VALID,18.488791653521346,18.423940016503156,17.95786793928936,17.609908400525033,-0.4253522968403771,IV_NEUTRAL,14:10,39.6,39.75,39.75,0.14999999999999858,STOP_LOSS,2,0.07499999999999929,0.07499999999999929,-8.400000000000006,-8.55,0.14999999999999503,-0.4199838933333333,-3.2,-48.1,-8.55,-555.75,-17.757,STOP_LOSS,Closed by the hard stop.,12E-option-audit-v1,9d8fb5671d76d03c
NIF-2026-09-22-1421-4a6bba,NIFTY,2026-09-22,14:21,BUY_CE,CE,23400.0,NIFTY 23400 CE,STRONG,TRENDING_UP,0.3721,ATM,-1.3,0.0056,23401.3,23391.65,-0.041237025293457276,0.0444617351192037,0.06670743231974474,0.15085990143819775,67.34154929577467,100.0,-0.013888117326815178,-0.041237025293457276,-0.05961207283356364,-0.04380098541534018,-7.457983193277319,-21.323529411764703,-18.907563025210084,-21.11344537815127,-7.206733298264095,-21.04155707522356,-18.674381904260915,-20.883745397159412,,False,False,False,False,False,False,False,,UNDERLYING_WRONG_OPTION_LOSS,UNDERLYING_WRONG_OPTION_LOSS,UNDERLYING_WRONG_OPTION_LOSS,313.27,,252.79,1.239,,-3.6052,47.6,47.45,47.6,47.525000000000006,0.14999999999999858,0.31562335612835046,0.51338,0.00347,-83.93092,2.60159,17.593485412719446,VALID,16.95302401117803,15.594219413756194,16.782979716059003,15.987687101526902,-11.363672132401092,IV_HEADWIND,14:24,37.45,37.6,37.6,0.14999999999999858,STOP_LOSS,3,0.07499999999999929,0.07499999999999929,-10.0,-10.15,0.15000000000000036,-0.67144736,-3.55,-47.55,-10.15,-659.75,-21.324,STOP_LOSS,Closed by the hard stop.,12E-option-audit-v1,9d8fb5671d76d03c
NIF-2026-09-22-1428-c0121b,NIFTY,2026-09-22,14:28,BUY_PE,PE,23400.0,NIFTY 23400 PE,MODERATE,RANGE,-0.0053,ATM,15.55,0.0665,23384.45,23388.1,0.015608663021785063,-0.018598645505534892,-0.0036347620086060253,-0.052571404148008906,12.87506819421711,100.0,0.0416943738253412,0.028223883820224744,0.03271404715525837,0.02180936477017225,-7.142857142857135,-4.922779922779918,-6.660231660231652,-3.281853281853274,-6.959884001933291,-4.688255195746733,-6.3798936684388545,-2.9966167230546104,False,False,False,False,False,False,False,False,UNDERLYING_WRONG_OPTION_LOSS,UNDERLYING_WRONG_OPTION_LOSS,UNDERLYING_WRONG_OPTION_LOSS,UNDERLYING_WRONG_OPTION_LOSS,,,247.75,,,1.7249,51.8,51.65,51.85,51.724999999999994,0.14999999999999858,0.28999516674721815,-0.548,0.00354,-75.89112,2.56,17.302796942080043,VALID,17.474775629004373,17.790786547405023,18.11890736847198,17.907344195283017,2.3785344909526973,IV_TAILWIND,14:37,50.2,50.3,50.2,0.09999999999999432,POSITION_SIGNAL,9,0.07499999999999929,0.04999999999999716,-1.4749999999999943,-1.6,0.12500000000000577,-1.8213868800000002,34.05,-3.7,-1.6,-104.0,-3.089,UNDERLYING_DID_NOT_CONTINUE,The underlying did not move down at any measured horizon (move to exit +0.02%).,12E-option-audit-v1,9d8fb5671d76d03c
NIF-2026-09-22-1445-c543e8,NIFTY,2026-09-22,14:45,BUY_CE,CE,23350.0,NIFTY 23350 CE,STRONG,RANGE,-0.056,ITM,-25.0,0.107,23375.0,23374.05,-0.004064171122997765,0.005133953400819412,0.052219768178474874,-0.04276245456489202,-8.612226684515846,48.5,0.004491978609622555,-0.004064171122997765,-0.0213903743315508,-0.020962566844926013,-2.9268292682926833,-7.707317073170737,-13.073170731707323,-12.487804878048777,-2.685546875,-7.519531250000017,-12.841796875000005,-12.25585937500001,,,False,False,False,False,False,False,,,UNDERLYING_WRONG_OPTION_LOSS,UNDERLYING_WRONG_OPTION_LOSS,,,281.11,,,-6.8287,51.25,51.15,51.25,51.2,0.10000000000000142,0.19531250000000278,0.61574,0.00419,-69.18296,2.41558,14.42932197257353,VALID,13.47093616613709,12.957389807301208,12.889681876586256,13.269894464836254,-10.200979422803726,IV_HEADWIND,14:48,47.3,47.4,47.3,0.10000000000000142,POSITION_SIGNAL,3,0.05000000000000071,0.05000000000000071,-3.8500000000000085,-3.95,0.09999999999999165,-0.55346368,-1.25,-51.2,-3.95,-256.75,-7.707,UNDERLYING_DID_NOT_CONTINUE,The underlying did not move up at any measured horizon (move to exit -0.00%).,12E-option-audit-v1,9d8fb5671d76d03c
NIF-2026-09-22-1453-c4cec1,NIFTY,2026-09-22,14:53,BUY_CE,CE,23350.0,NIFTY 23350 CE,MODERATE,RANGE,0.0479,ITM,-29.3,0.1253,23379.3,23373.45,-0.02502213496554022,0.03551409866928789,0.0397946084723974,0.022460805893715467,1.425554382259792,51.7,-0.00021386440141181476,-0.02502213496554022,-0.06501477803014089,-0.10543514989754961,-1.0395010395010393,-8.108108108108105,-17.255717255717265,-25.25987525987526,-0.7287870900572795,-7.860489328474764,-17.02238417490892,-25.091098386257165,,False,False,False,False,False,False,False,,UNDERLYING_WRONG_OPTION_LOSS,UNDERLYING_WRONG_OPTION_LOSS,UNDERLYING_WRONG_OPTION_LOSS,261.82,237.98,323.0,0.811,0.737,3.9772,48.1,47.95,48.05,48.025000000000006,0.14999999999999858,0.3123373243102521,0.66349,0.00489,-56.3418,2.28391,11.932422481314328,VALID,12.135308568695056,11.990211396209757,12.768354820375796,13.317620250424483,0.48430161592018856,IV_NEUTRAL,14:56,44.2,44.3,44.3,0.09999999999999432,SIGNAL_FLIP,3,0.07499999999999929,0.04999999999999716,-3.7750000000000057,-3.9,0.12499999999999423,-0.4507344,-0.5,-48.05,-3.9,-253.5,-8.108,SIGNAL_FLIP,The underlying never moved the expected way and 12C flipped to the other side.,12E-option-audit-v1,9d8fb5671d76d03c
NIF-2026-09-22-1459-a13105,NIFTY,2026-09-22,14:59,BUY_PE,PE,23350.0,NIFTY 23350 PE,STRONG,RANGE,-0.0982,ATM,-3.1,0.0133,23353.1,23362.0,0.0381105720439747,-0.04708077777444884,-0.08706459679680227,-0.11185132115017143,36.11111111111112,100.0,0.0381105720439747,0.04003751107990881,0.03447079830944461,-0.004067982409175183,-10.105580693815982,-10.859728506787325,-12.971342383107082,-3.1674208144796294,-9.75056689342404,-10.50642479213908,-12.622826908541207,-2.796674225245645,False,False,False,,False,False,False,False,UNDERLYING_WRONG_OPTION_LOSS,UNDERLYING_WRONG_OPTION_LOSS,UNDERLYING_WRONG_OPTION_LOSS,,,,335.7,,,-1.051,33.15,33.0,33.15,33.075,0.14999999999999858,0.45351473922902064,-0.47545,0.00444,-66.29987,2.46925,14.45622226723897,VALID,14.412378745660234,14.693883586488035,14.211605530014374,14.373399314204754,-0.3032847777810923,IV_NEUTRAL,15:00,29.8,29.9,29.8,0.09999999999999787,STOP_LOSS,1,0.07499999999999929,0.049999999999998934,-3.2250000000000014,-3.35,0.12499999999999867,-0.17679965333333333,12.4,-21.0,-3.35,-217.75,-10.106,STOP_LOSS,Closed by the hard stop.,12E-option-audit-v1,9d8fb5671d76d03c
NIF-2026-09-22-1502-a5d15a,NIFTY,2026-09-22,15:02,BUY_CE,CE,23350.0,NIFTY 23350 CE,MODERATE,RANGE,-0.0366,ATM,-12.45,0.0533,23362.45,23354.65,-0.03338690933527636,0.019479490878885824,0.04003751107990881,-0.03187861308777842,-7.600000000000007,30.1,-0.03338690933527636,-0.008560745983404994,-0.04066354342117372,-0.02054579036016887,-11.124845488257106,1.7305315203955391,-9.88875154511743,0.0,-11.008039579468141,1.855287569573284,-9.771181199752618,0.18552875695733545,False,,False,False,False,True,False,False,UNDERLYING_WRONG_OPTION_LOSS,,UNDERLYING_WRONG_OPTION_LOSS,UNDERLYING_WRONG_OPTION_LOSS,,,325.09,,,3.4482,40.45,40.4,40.5,40.425,0.05000000000000426,0.12368583797156281,0.56252,0.00468,-68.51641,2.43444,13.61701606460562,VALID,13.317620250424483,14.242761858058184,13.945587109973612,14.962280863829863,-2.1986888519530323,IV_HEADWIND,15:03,35.95,36.0,36.0,0.04999999999999716,STOP_LOSS,1,0.02500000000000213,0.02499999999999858,-4.449999999999996,-4.5,0.05000000000000426,-0.18271042666666665,2.0,-40.4,-4.5,-292.5,-11.125,STOP_LOSS,Closed by the hard stop.,12E-option-audit-v1,9d8fb5671d76d03c
NIF-2026-09-22-1507-b3346a,NIFTY,2026-09-22,15:07,BUY_PE,PE,23350.0,NIFTY 23350 PE,MODERATE,RANGE,-0.0725,ATM,-2.95,0.0126,23352.95,23354.05,0.004710325676193135,-0.00021410525413982103,-0.035101011722456846,-0.04066354342117372,9.966216216216202,91.9,0.010491179915174433,0.004710325676193135,0.02012593698012768,-0.014773294166264765,-2.3006134969325154,-11.963190184049086,-19.78527607361964,-34.66257668711656,-1.996927803379412,-11.674347158218119,-19.5852534562212,-34.408602150537625,,,False,,False,False,False,False,,,UNDERLYING_WRONG_OPTION_LOSS,,,,343.21,,,-12.678,32.6,32.5,32.5,32.55,0.10000000000000142,0.30721966205837614,-0.47837,0.00458,-65.80596,2.44338,14.195552615487003,VALID,14.270909182902294,12.826504729047846,12.373013525748496,9.089318862661305,-9.644202825507186,IV_HEADWIND,15:10,28.7,28.8,28.7,0.10000000000000142,STOP_LOSS,3,0.05000000000000071,0.05000000000000071,-3.799999999999997,-3.9,0.10000000000000275,-0.52644768,12.95,-20.45,-3.9,-253.5,-11.963,STOP_LOSS,Closed by the hard stop.,12E-option-audit-v1,9d8fb5671d76d03c
NIF-2026-09-22-1511-20dafe,NIFTY,2026-09-22,15:11,BUY_CE,CE,23350.0,NIFTY 23350 CE,MODERATE,RANGE,0.0032,ATM,-8.65,0.037,23358.65,23349.5,-0.039171784328295746,0.01969679777170205,0.01391541142519503,0.024193893718158076,13.475650433622446,100.0,-0.0042810693254961224,-0.0070637643870748315,-0.039171784328295746,-0.039171784328295746,-5.046948356807508,-8.568075117370888,-14.671361502347418,-75.23474178403755,-4.761904761904775,-8.348030570252801,-14.344503233392139,-75.0734861845973,,,False,False,False,False,False,False,,,UNDERLYING_WRONG_OPTION_LOSS,UNDERLYING_WRONG_OPTION_LOSS,,,299.64,,,-2.6071,42.6,42.45,42.55,42.525000000000006,0.14999999999999858,0.352733686067016,0.5455,0.00426,-77.49118,2.41824,15.243125573279148,VALID,14.962280863829863,14.075681699567848,14.884774385068297,4.175723224761586,-12.11722678672121,IV_HEADWIND,15:15,32.85,32.95,32.95,0.10000000000000142,STOP_LOSS,4,0.07499999999999929,0.05000000000000071,-9.625,-9.75,0.125,-0.8265725866666667,-0.75,-42.55,-9.75,-633.75,-22.887,STOP_LOSS,Closed by the hard stop.,12E-option-audit-v1,9d8fb5671d76d03c
SEN-2026-09-22-0921-f25d4b,SENSEX,2026-09-22,09:21,BUY_PE,PE,74900.0,SENSEX 74900 PE,MODERATE,UNKNOWN,,ATM,-1.96,0.0026,74901.96,74947.9,0.06133350849562251,-0.025680314784054033,-0.03982287893790955,-0.07433527825299104,9.783097830978313,100.0,0.04595340362254639,0.05999842994761121,-0.011321466087149757,0.03933141402440183,-4.33857236411264,-6.777996070726912,-0.7203667321545477,-6.7943680419122465,-4.099032628299722,-6.533858009509759,-0.5082800459091692,-6.574848335792757,False,False,,False,False,False,False,False,UNDERLYING_WRONG_OPTION_LOSS,UNDERLYING_WRONG_OPTION_LOSS,,UNDERLYING_WRONG_OPTION_LOSS,,,115.99,,,-1.8215,305.4,304.5,304.6,304.95,0.8999999999999773,0.2951303492375725,-0.47225,0.00048,-56.38962,24.63154,13.388603931626633,VALID,13.551963339648232,13.450081410994958,13.196980779442164,13.164740319792017,0.1046734369045693,IV_NEUTRAL,09:30,283.0,283.4,283.4,0.39999999999997726,POSITION_SIGNAL,9,0.44999999999998863,0.19999999999998863,-21.75,-22.4,0.6499999999999986,-1.35335088,291.45,-73.35,-22.4,-448.0,-7.335,UNDERLYING_DID_NOT_CONTINUE,The underlying did not move down at any measured horizon (move to exit +0.06%).,12E-option-audit-v1,9d8fb5671d76d03c
SEN-2026-09-22-0936-b92fd3,SENSEX,2026-09-22,09:36,BUY_PE,PE,74900.0,SENSEX 74900 PE,STRONG,RANGE,0.0189,ATM,-7.62,0.0102,74907.62,74936.3,0.03828715957069197,0.008170730893233571,-0.024250661888247364,-0.03176237685072952,1.8252018252018412,34.0,0.004872668494885743,0.062476954947978475,0.06195631365674613,0.07989841353924451,-2.961432506887041,-6.818181818181802,-10.003443526170784,-10.38223140495867,-2.7404343329886403,-6.618407445708392,-9.806963116166854,-10.18614270941055,,False,False,False,False,False,False,False,,UNDERLYING_WRONG_OPTION_LOSS,UNDERLYING_WRONG_OPTION_LOSS,UNDERLYING_WRONG_OPTION_LOSS,158.29,127.49,121.03,1.308,1.053,-2.3086,290.4,289.8,290.45,290.1,0.5999999999999659,0.206825232678375,-0.46871,0.0005,-54.36644,24.56566,12.94430877667671,VALID,12.65774769905984,13.014886353039163,12.602732953687019,12.862552923402959,-1.898953108821785,IV_HEADWIND,09:38,270.35,271.15,271.1,0.7999999999999545,SIGNAL_FLIP,2,0.29999999999998295,0.39999999999997726,-19.350000000000023,-20.05,0.699999999999978,-0.28995434666666664,306.45,-58.35,-20.05,-401.0,-6.904,SIGNAL_FLIP,The underlying never moved the expected way and 12C flipped to the other side.,12E-option-audit-v1,9d8fb5671d76d03c
SEN-2026-09-22-0942-101ed6,SENSEX,2026-09-22,09:42,BUY_CE,CE,75000.0,SENSEX 75000 CE,MODERATE,RANGE,0.0185,ATM,39.32,0.0525,74960.68,74990.85,0.0402477672294499,0.008872104675351251,0.008351742298846101,0.0659580327499306,5.842762387826776,100.0,0.008044217315015536,0.01279337380612217,0.024172672926672887,0.022718577259455742,2.7614138438880707,1.7857142857142732,2.3195876288659623,-0.3681885125184094,3.0227628789973444,2.0366786471292886,2.4974656713666863,-0.12902036678645873,,,True,True,True,True,True,False,,,UNDERLYING_CORRECT_OPTION_PROFITABLE,UNDERLYING_CORRECT_OPTION_LOSS,,,140.2,,,-0.8914,271.6,270.95,270.95,271.275,0.6500000000000341,0.23960925260345928,0.50736,0.0006,-64.07236,24.63332,10.807526785382716,VALID,11.030365785750384,10.851922461018052,10.658722301111194,10.385509140512115,-1.8377273976611745,IV_HEADWIND,10:13,281.05,281.75,281.45,0.6999999999999886,POSITION_SIGNAL,31,0.32500000000001705,0.3499999999999943,10.125,9.45,0.6750000000000007,-5.296648426666667,23.9,-180.35,9.45,189.0,3.479,,,12E-option-audit-v1,9d8fb5671d76d03c
SEN-2026-09-22-1022-47debf,SENSEX,2026-09-22,10:22,BUY_PE,PE,75000.0,SENSEX 75000 PE,STRONG,RANGE,-0.0961,ATM,56.49,0.0754,74943.51,74929.83,-0.01825374872352925,-0.04148070926945245,-0.06632596933724734,-0.046626718309944706,6.670158896455394,100.0,2.6686767145113085e-05,-0.014103956433308813,-0.051532147346708676,-0.07681785921154806,-0.3106605624591199,1.3407455853498906,5.412034009156315,12.589928057553957,-0.06547716483877736,1.58782124733996,5.63103617613355,12.86626289081681,,,True,True,False,True,True,True,,,UNDERLYING_CORRECT_OPTION_PROFITABLE,UNDERLYING_CORRECT_OPTION_PROFITABLE,109.27,167.49,123.14,0.887,1.36,-0.7147,305.8,305.1,304.95,305.45000000000005,0.6999999999999886,0.22917007693566493,-0.50189,0.00053,-51.09115,24.49345,12.29815444527481,VALID,12.316842938812488,12.349021405354714,12.306323185109186,12.734372608763042,1.054072972403096,IV_TAILWIND,10:29,314.25,314.95,314.3,0.6999999999999886,SIGNAL_FLIP,7,0.3499999999999943,0.3499999999999943,9.149999999999977,8.45,0.699999999999978,-0.9537014666666668,369.0,-0.95,8.45,169.0,2.763,,,12E-option-audit-v1,9d8fb5671d76d03c
SEN-2026-09-22-1031-bc706b,SENSEX,2026-09-22,10:31,BUY_PE,PE,74900.0,SENSEX 74900 PE,MODERATE,TRENDING_DOWN,-0.1223,ATM,17.11,0.0228,74882.89,74725.62,-0.21002127455284386,-0.06471254099418058,-0.058190367652356086,-0.04747828505819124,7.4853049228508235,100.0,0.00407302656187937,-0.06181652444235739,-0.0832099295312957,-0.10703379637190041,-0.08533879501621437,6.588154975251753,11.623143881208401,14.20037549069808,0.1538067162266047,6.87857814235666,11.902930872425872,14.500555413141933,,True,True,True,False,True,True,True,,UNDERLYING_CORRECT_OPTION_PROFITABLE,UNDERLYING_CORRECT_OPTION_PROFITABLE,UNDERLYING_CORRECT_OPTION_PROFITABLE,143.05,135.48,123.09,1.162,1.101,1.6609,292.95,292.2,292.15,292.575,0.75,0.2563445270443476,-0.48091,0.00052,-53.09625,24.41504,12.618973532925457,VALID,12.729630250145767,12.502505538330826,12.779478290910898,12.757005178318298,5.147095845981994,IV_TAILWIND,10:48,385.85,386.85,386.1,1.0,POSITION_SIGNAL,17,0.375,0.5,93.77500000000003,92.9,0.8750000000000284,-2.4070300000000002,303.9,-0.25,92.9,1858.0,31.712,,,12E-option-audit-v1,9d8fb5671d76d03c
SEN-2026-09-22-1050-5ef1de,SENSEX,2026-09-22,10:50,BUY_PE,PE,74700.0,SENSEX 74700 PE,STRONG,TRENDING_DOWN,-0.1341,ATM,-11.29,0.0151,74711.29,74717.71,0.008593078770307414,-0.00884660837630686,-0.026535130210816788,-0.01386479019133087,2.28104519533575,78.0,-0.01963558653584787,-0.043126012146205234,-0.005246864295875836,0.053097731279988354,1.8127390653584055,2.9602527856311442,-2.727423914851152,-7.001496757026428,1.9555629524840004,3.1538653574103432,-2.5463926104684957,-6.807023383539963,,True,,False,True,True,False,False,,UNDERLYING_CORRECT_OPTION_PROFITABLE,,UNDERLYING_WRONG_OPTION_LOSS,,128.2,116.49,,1.101,-3.1576,300.65,300.2,300.6,300.42499999999995,0.44999999999998863,0.14978780061579053,-0.46842,0.00048,-58.07954,24.24485,13.582687018034312,VALID,13.519520411448488,13.367648003649728,13.184957034784118,13.488766149858417,-2.52736350189903,IV_HEADWIND,10:56,288.5,289.1,289.05,0.6000000000000227,POSITION_SIGNAL,6,0.22499999999999432,0.30000000000001137,-11.624999999999943,-12.15,0.5250000000000572,-0.9292726400000001,150.8,-62.45,-12.15,-243.0,-4.041,IV_HEADWIND,The underlying moved as expected but IV fell -2.53% over the hold.,12E-option-audit-v1,9d8fb5671d76d03c
SEN-2026-09-22-1058-e40b00,SENSEX,2026-09-22,10:58,BUY_CE,CE,74700.0,SENSEX 74700 CE,MODERATE,RANGE,0.018,ATM,-39.07,0.0523,74739.07,74718.53,-0.027482279348683556,0.01999354157753637,0.042432225896871546,0.08034379646131104,6.540549711571102,74.6,0.005151254892509726,0.008228627945188745,-0.038052386790472945,-0.047592243253772065,1.4790076335877973,-0.8110687022900619,-3.896310432569975,-1.8606870229007526,1.7358069910024647,-0.5414443825145459,-3.6467871645831815,-1.616370730153689,,,False,False,True,False,False,False,,,UNDERLYING_WRONG_OPTION_LOSS,UNDERLYING_WRONG_OPTION_LOSS,,,131.95,,,1.3742,314.4,313.55,314.55,313.975,0.8499999999999659,0.27072219125725483,0.55431,0.00059,-66.02166,24.07677,11.029313767694598,VALID,11.175997986451833,10.778296890714037,11.207211642903356,11.649838050568171,0.4034233943731727,IV_NEUTRAL,11:02,305.6,306.4,305.7,0.7999999999999545,SIGNAL_FLIP,4,0.42499999999998295,0.39999999999997726,-7.975000000000023,-8.8,0.824999999999978,-0.7042310399999999,36.75,-145.6,-8.8,-176.0,-2.799,SIGNAL_FLIP,The underlying never moved the expected way and 12C flipped to the other side.,12E-option-audit-v1,9d8fb5671d76d03c
SEN-2026-09-22-1107-02564e,SENSEX,2026-09-22,11:07,BUY_PE,PE,74700.0,SENSEX 74700 PE,STRONG,RANGE,-0.0086,ATM,-17.74,0.0237,74717.74,74705.4,-0.016515488825024766,0.026707617454293685,0.010708108474209653,-0.001057301314672006,-0.6094420600858291,71.6,-0.019058392290780258,-0.004657528453096248,-0.0027971938123544145,0.07101392520704945,-1.3630089717046199,-4.5376121463078105,-4.071773636991032,-11.628709454796407,-1.1486311425857312,-4.292253217030855,-3.87770964677434,-11.4344934795751,,,,False,False,False,False,False,,,,UNDERLYING_WRONG_OPTION_LOSS,,161.02,120.34,,1.338,-4.2143,289.8,289.15,288.65,289.475,0.6500000000000341,0.22454443388894865,-0.46622,0.0005,-56.20868,24.17586,13.171393310969798,VALID,12.88265934256587,12.684562641481437,12.825342210949245,12.930309866768555,-2.3549116652726063,IV_HEADWIND,11:09,284.4,285.0,285.15,0.6000000000000227,POSITION_SIGNAL,2,0.32500000000001705,0.30000000000001137,-4.775000000000034,-5.4,0.6249999999999662,-0.2997796266666667,161.65,-51.6,-5.4,-108.0,-1.863,UNDERLYING_DID_NOT_CONTINUE,The underlying did not move down at any measured horizon (move to exit -0.02%).,12E-option-audit-v1,9d8fb5671d76d03c
SEN-2026-09-22-1114-b8cb32,SENSEX,2026-09-22,11:14,BUY_CE,CE,74800.0,SENSEX 74800 CE,MODERATE,RANGE,0.0682,ATM,39.29,0.0526,74760.71,74736.73,-0.03207567183352121,0.026745795330852095,0.039354326768038954,0.07403748591134272,5.675335976022413,100.0,-0.007075909257694514,0.013496394028355948,-0.00961735114607971,0.018124493467208055,-2.174707602339198,0.47514619883039266,-3.8377192982456134,0.9868421052631536,-1.9213174748398902,0.6587374199450885,-3.5956084172003617,1.2351326623970724,,,,,False,True,False,True,,,,,,,138.88,,,-2.2599,273.6,272.9,273.0,273.25,0.7000000000000455,0.25617566331200203,0.50762,0.00059,-65.84695,24.2491,11.053493501051381,VALID,10.934756229351889,11.032009931530109,10.87914010551355,10.978051360590511,0.07384740541060177,IV_NEUTRAL,11:20,260.9,261.5,261.5,0.6000000000000227,SIGNAL_FLIP,6,0.35000000000002274,0.30000000000001137,-12.050000000000011,-12.7,0.6499999999999879,-1.0535512,25.55,-135.4,-12.7,-254.0,-4.642,LATE_ENTRY,70% of the move around this signal happened in the 5 minutes BEFORE it (+0.07% before vs -0.03% after).,12E-option-audit-v1,9d8fb5671d76d03c
SEN-2026-09-22-1125-dbd570,SENSEX,2026-09-22,11:25,BUY_CE,CE,74800.0,SENSEX 74800 CE,MODERATE,RANGE,0.0438,ATM,11.81,0.0158,74788.19,74781.93,-0.0083703055255239,0.01862940535955497,0.043220680433429005,0.06885503286002265,7.752679938744279,100.0,0.005335066940369445,-0.024442361822098965,-0.039591812557571694,-0.09770259181296805,-2.16427177576726,-1.8981727869434175,-5.729998226006753,-13.14529004789782,-1.9008704920945183,-1.6521584650915022,-5.471664594066473,-12.906377686978162,,False,False,False,False,False,False,False,,UNDERLYING_WRONG_OPTION_LOSS,UNDERLYING_WRONG_OPTION_LOSS,UNDERLYING_WRONG_OPTION_LOSS,,132.1,139.45,,0.947,0.0494,281.85,281.05,281.2,281.45000000000005,0.8000000000000114,0.2842423165748841,0.52479,0.00061,-64.99013,24.17747,10.810233301762704,VALID,10.53622014029005,11.050074956077511,10.848287187970895,10.861229384278772,-2.202414790756777,IV_HEADWIND,11:27,272.0,272.55,271.85,0.5500000000000114,SIGNAL_FLIP,2,0.4000000000000057,0.2750000000000057,-9.175000000000068,-9.85,0.6749999999999314,-0.34661402666666663,17.3,-143.65,-9.85,-197.0,-3.495,SIGNAL_FLIP,The underlying never moved the expected way and 12C flipped to the other side.,12E-option-audit-v1,9d8fb5671d76d03c
SEN-2026-09-22-1140-1e7833,SENSEX,2026-09-22,11:40,BUY_PE,PE,74700.0,SENSEX 74700 PE,STRONG,RANGE,-0.0966,ATM,13.6,0.0182,74686.4,74640.84,-0.06100173525567931,-0.03621837350326463,-0.03395716632066125,-0.038439341327433006,1.747707215781261,100.0,0.010269607318083088,-0.005757406970999216,-0.002985818033799896,-0.028519248484313555,-1.239809782608688,1.6474184782608776,0.7982336956521816,5.519701086956522,-0.9778911564625851,1.8877551020408203,1.0629251700680271,5.807823129251697,,,,True,False,True,True,True,,,,UNDERLYING_CORRECT_OPTION_PROFITABLE,,,121.9,,,0.6989,294.4,293.6,294.35,294.0,0.7999999999999545,0.2721088435373995,-0.47984,0.00051,-55.09729,24.10787,12.917488428932383,VALID,12.954977349443492,13.025737675015533,13.029101828111353,13.185021762112367,-0.25344791607525324,IV_NEUTRAL,11:59,315.6,316.45,316.35,0.8499999999999659,SIGNAL_FLIP,19,0.39999999999997726,0.42499999999998295,22.024999999999977,21.2,0.824999999999978,-2.791596026666667,157.05,-56.2,21.2,424.0,7.201,,,12E-option-audit-v1,9d8fb5671d76d03c
SEN-2026-09-22-1210-baf827,SENSEX,2026-09-22,12:10,BUY_CE,CE,74700.0,SENSEX 74700 CE,MODERATE,RANGE,0.0091,ATM,31.49,0.0422,74668.51,74646.24,-0.029825156548576533,0.008036161655963617,0.03507393190967246,0.021030688596982604,2.1983205962826635,98.4,-0.014919274537551933,-0.026262744495638903,-0.04424890760508493,-0.016178172029951778,-3.0437188710570005,-3.670909426305105,-5.755395683453245,0.7747648035417694,-2.8434268833087106,-3.4527326440177126,-5.539143279172832,0.9785819793205234,,False,False,,False,False,False,True,,UNDERLYING_WRONG_OPTION_LOSS,UNDERLYING_WRONG_OPTION_LOSS,,,,141.21,,,0.7093,271.05,270.55,271.0,270.8,0.5,0.1846381093057607,0.51213,0.00061,-65.62267,24.01667,10.9204550137812,VALID,10.843990263133295,10.96511997344293,11.002440766658058,11.26494945830152,0.8563526465392873,IV_NEUTRAL,12:12,262.15,262.9,261.9,0.75,SIGNAL_FLIP,2,0.25,0.375,-8.275000000000034,-8.9,0.6249999999999662,-0.3499875733333333,80.1,-102.25,-8.9,-178.0,-3.284,SIGNAL_FLIP,The underlying never moved the expected way and 12C flipped to the other side.,12E-option-audit-v1,9d8fb5671d76d03c
SEN-2026-09-22-1215-e5698c,SENSEX,2026-09-22,12:15,BUY_PE,PE,74600.0,SENSEX 74600 PE,MODERATE,RANGE,-0.0232,ATM,-35.47,0.0475,74635.47,74651.4,0.021343739109558786,-0.0014470122212263913,-0.014428054246274257,-0.04424890760508493,6.189344424638565,100.0,-0.020981980819580144,0.021343739109558786,0.028083162067569015,0.02165190357882585,-1.285634432643952,-4.60219862120366,-9.167132476243719,-6.670393143283038,-1.1097640585657083,-4.401753240697591,-9.008672946003928,-6.462743635176739,True,False,False,False,False,False,False,False,UNDERLYING_CORRECT_OPTION_LOSS,UNDERLYING_WRONG_OPTION_LOSS,UNDERLYING_WRONG_OPTION_LOSS,UNDERLYING_WRONG_OPTION_LOSS,,,126.48,,,-5.4568,268.35,267.8,268.4,268.07500000000005,0.5500000000000114,0.20516646460878907,-0.45428,0.00051,-55.40385,23.84206,12.883234565364537,VALID,12.434592303091389,12.64672837623619,12.253313879965559,12.462118719032848,-1.8357671586930004,IV_HEADWIND,12:18,256.0,256.55,255.95,0.5500000000000114,POSITION_SIGNAL,3,0.2750000000000057,0.2750000000000057,-11.800000000000068,-12.35,0.5499999999999314,-0.4432308,120.3,-70.05,-12.35,-247.0,-4.602,MOMENTUM_REVERSAL,"The underlying moved the right way first, then reversed (+0.02% by the exit).",12E-option-audit-v1,9d8fb5671d76d03c
SEN-2026-09-22-1219-65f1ca,SENSEX,2026-09-22,12:19,BUY_CE,CE,74700.0,SENSEX 74700 CE,STRONG,RANGE,-0.0067,ATM,42.47,0.0569,74657.53,74656.99,-0.0007233027934269954,0.008211500387138963,0.05054957926052232,0.02810955222340251,0.5428678397603851,83.6,-0.0014733945792284057,0.01101027585563193,-0.0007233027934269954,0.00977798220755885,1.599404872605525,2.3991073089083086,-0.05579319323043857,0.6137251255346763,1.8246136659839798,2.587972444609938,0.17687581455965962,0.8657605660026024,,,,,True,True,False,True,,,,,,,140.49,,,0.2785,268.85,268.25,268.65,268.55,0.6000000000000227,0.22342208154906823,0.50537,0.0006,-66.33849,23.99043,11.072443737655755,VALID,11.26494945830152,11.216422001530669,11.116391287925529,11.020521120403824,0.39690922176750165,IV_NEUTRAL,12:24,268.7,269.35,269.2,0.6500000000000341,SIGNAL_FLIP,5,0.30000000000001137,0.32500000000001705,0.4749999999999659,-0.15,0.6249999999999659,-0.8845132,82.3,-100.05,-0.15,-3.0,-0.056,SPREAD_FRICTION,Mid-to-mid the trade was +0.47/unit; the ASK-to-BID round trip cost 0.62/unit and turned it negative.,12E-option-audit-v1,9d8fb5671d76d03c
SEN-2026-09-22-1230-7a6011,SENSEX,2026-09-22,12:30,BUY_PE,PE,74700.0,SENSEX 74700 PE,STRONG,RANGE,-0.0162,ATM,55.69,0.0746,74644.31,74658.61,0.01915752185264076,-0.02748281888541643,-0.024603992248865624,-0.009805546107977795,2.1655195568239005,100.0,-0.02223880159116116,0.01645135443009499,0.024650237908299684,0.005398937976650646,2.4630541871921183,-2.446633825944167,-2.3645320197044297,-0.39408866995073516,2.6864935918501516,-2.2510680249753423,-2.177127834373973,-0.22182057180414436,True,,False,,True,False,False,False,UNDERLYING_CORRECT_OPTION_PROFITABLE,,UNDERLYING_WRONG_OPTION_LOSS,,,,123.12,,,0.8577,304.5,304.1,304.3,304.3,0.39999999999997726,0.13144922773577958,-0.5019,0.00053,-53.30952,23.94934,12.550428454043496,VALID,12.523954058649608,12.510111164314907,12.708413359246912,12.635677418621615,1.4716641008759646,IV_TAILWIND,12:34,304.15,304.9,303.8,0.75,SIGNAL_FLIP,4,0.19999999999998863,0.375,0.2249999999999659,-0.35,0.5749999999999659,-0.56863488,146.95,-66.3,-0.35,-7.0,-0.115,SPREAD_FRICTION,Mid-to-mid the trade was +0.22/unit; the ASK-to-BID round trip cost 0.57/unit and turned it negative.,12E-option-audit-v1,9d8fb5671d76d03c
SEN-2026-09-22-1236-93844a,SENSEX,2026-09-22,12:36,BUY_PE,PE,74700.0,SENSEX 74700 PE,STRONG,RANGE,-0.0095,ATM,49.61,0.0665,74650.39,74650.03,-0.0004822479828981229,-0.016500874399023268,-0.008304692191268165,0.03039085615784407,-2.0321625730058477,72.0,0.006188849113843,0.006939012642810797,0.008225007263859462,-0.08440679278433075,-1.4360313315926818,-0.5385117493472511,-2.105091383812007,6.641644908616195,-1.2331563903634062,-0.32666394446712943,-1.9109840751327145,6.868109432421389,,,,True,False,False,False,True,,,,UNDERLYING_CORRECT_OPTION_PROFITABLE,,81.37,121.6,,0.669,-0.9108,306.4,305.85,306.8,306.125,0.5499999999999545,0.17966516945690633,-0.49867,0.00052,-54.65868,23.93029,12.791306002599159,VALID,12.685403526775508,12.820159715324733,12.665065050927463,12.317288187228371,-2.9478731814167944,IV_HEADWIND,12:43,298.15,298.95,297.7,0.8000000000000114,POSITION_SIGNAL,7,0.27499999999997726,0.4000000000000057,-7.5750000000000455,-8.25,0.6749999999999545,-1.02029536,145.05,-68.2,-8.25,-165.0,-2.693,IV_HEADWIND,The underlying moved as expected but IV fell -2.95% over the hold.,12E-option-audit-v1,9d8fb5671d76d03c
SEN-2026-09-22-1244-95c578,SENSEX,2026-09-22,12:44,BUY_PE,PE,74600.0,SENSEX 74600 PE,STRONG,RANGE,-0.0459,ATM,-24.34,0.0326,74624.34,74621.36,-0.003993335150429372,-0.03441391785107431,-0.04311746072313075,-0.041832109780972106,1.3291937518191788,100.0,-0.03915612519990282,-0.025809273489044948,-0.003993335150429372,-0.05395022589143806,6.636068081851223,3.7483266398929094,0.1529929240772745,8.586727863836293,6.922635005744921,4.021447721179625,0.3829950210647261,8.875909613175011,True,True,,True,True,True,True,True,UNDERLYING_CORRECT_OPTION_PROFITABLE,UNDERLYING_CORRECT_OPTION_PROFITABLE,,UNDERLYING_CORRECT_OPTION_PROFITABLE,,164.52,131.1,,1.255,-0.1405,261.45,260.75,260.75,261.1,0.6999999999999886,0.26809651474530394,-0.45869,0.00053,-53.17768,23.76597,12.39147227150846,VALID,12.53216949032061,12.442469070258111,12.383781448914789,12.603262291055453,-0.06206544650352,IV_NEUTRAL,12:49,261.85,262.35,261.95,0.5,SIGNAL_FLIP,5,0.3499999999999943,0.25,1.0,0.4,0.6,-0.7090357333333334,127.2,-63.15,0.4,8.0,0.153,,,12E-option-audit-v1,9d8fb5671d76d03c
SEN-2026-09-22-1251-86a625,SENSEX,2026-09-22,12:51,BUY_PE,PE,74600.0,SENSEX 74600 PE,STRONG,TRENDING_DOWN,-0.1047,ATM,21.67,0.0291,74578.33,74543.47,-0.04674280048909728,-0.01657043258347735,-0.050793238950820996,-0.012133419889534812,0.8307747877912062,99.9,0.002292891246011879,0.0077100144237608964,-0.019362192744195705,-0.06487139092549357,-0.16097299230906406,1.5560722589876463,4.954390985512418,8.853514576998748,0.08060182697475292,1.8359305033136308,5.17642844348918,9.16174099946267,,,,True,False,True,True,True,,,,UNDERLYING_CORRECT_OPTION_PROFITABLE,,141.23,129.23,,1.093,2.6741,279.55,278.75,279.1,279.15,0.8000000000000114,0.2865842736879855,-0.48373,0.00054,-52.23447,23.83459,12.245072505409055,VALID,12.287578125447459,12.603262291055453,12.592159439885892,12.310984939540194,0.3423560260132092,IV_NEUTRAL,13:06,296.7,296.95,296.75,0.25,POSITION_SIGNAL,15,0.4000000000000057,0.125,17.67500000000001,17.15,0.5250000000000128,-2.0893788,109.1,-81.25,17.15,343.0,6.135,,,12E-option-audit-v1,9d8fb5671d76d03c
SEN-2026-09-22-1307-e37fdd,SENSEX,2026-09-22,13:07,BUY_CE,CE,74600.0,SENSEX 74600 CE,STRONG,RANGE,-0.0239,ATM,41.01,0.055,74558.99,74578.32,0.02592578037873333,0.020820066465921258,0.040172254979772754,0.002132585095525139,3.350775727531463,92.8,0.013452435447420672,0.030874881754687826,0.02592578037873333,0.010930942063450938,-0.319375443577017,2.3066004258339246,-0.9048970901348515,-1.6323633782824778,-0.09770829632264733,2.513767987209071,-0.6928406466512863,-1.4212115828744205,,True,True,,False,True,False,False,,UNDERLYING_CORRECT_OPTION_PROFITABLE,UNDERLYING_CORRECT_OPTION_LOSS,,,,133.97,,,-4.166,281.8,281.1,282.1,281.45000000000005,0.6999999999999886,0.24871202700301598,0.5057,0.00057,-69.93084,23.78929,11.7162460567432,VALID,11.449145723344449,11.503875807509102,11.252147792404443,11.30153835199956,-3.961151567584641,IV_HEADWIND,13:12,279.25,279.75,279.05,0.5,SIGNAL_FLIP,5,0.3499999999999943,0.25,-1.9500000000000455,-2.55,0.5999999999999543,-0.9324112000000001,132.4,-76.05,-2.55,-51.0,-0.905,IV_HEADWIND,The underlying moved as expected but IV fell -3.96% over the hold.,12E-option-audit-v1,9d8fb5671d76d03c
SEN-2026-09-22-1317-65fd50,SENSEX,2026-09-22,13:17,BUY_PE,PE,74600.0,SENSEX 74600 PE,STRONG,RANGE,0.0109,ATM,32.86,0.0441,74567.14,74553.84,-0.01783627479879597,-0.017725846322009124,-0.022953904751478856,-0.014990951794043587,0.6105006105006106,100.0,-0.01689752349360029,-0.012042838172412038,-0.03147499019005042,-0.013504608061932417,1.9393939393939474,2.199134199134207,3.774891774891767,1.3852813852813852,2.0804438280166435,2.4358529819694987,4.004854368932043,1.6383495145631148,,,True,,True,True,True,True,,,UNDERLYING_CORRECT_OPTION_PROFITABLE,,,,126.46,,,0.0244,288.75,288.05,287.95,288.4,0.6999999999999886,0.2427184466019378,-0.48912,0.00054,-53.51274,23.75065,12.466203622930495,VALID,12.44782338014511,12.595879358530821,12.428782157262711,12.456304644694313,-1.923382608389949,IV_HEADWIND,13:26,289.55,290.15,289.4,0.5999999999999659,POSITION_SIGNAL,9,0.3499999999999943,0.29999999999998295,1.4500000000000455,0.8,0.6500000000000454,-1.28430576,99.9,-90.45,0.8,16.0,0.277,,,12E-option-audit-v1,9d8fb5671d76d03c
SEN-2026-09-22-1328-d208c8,SENSEX,2026-09-22,13:28,BUY_CE,CE,74600.0,SENSEX 74600 CE,STRONG,RANGE,0.0391,ATM,16.31,0.0219,74583.69,74596.65,0.0173764532165033,0.035704192774736646,0.05163310313743238,0.05525706811550771,6.123401474843661,100.0,-0.003794395262559074,0.008929566236268937,0.0047061227461322455,0.0347663141901306,-1.1597258829731194,1.1948690915480504,0.052714812862406354,2.1085925144965736,-0.9323599261148858,1.4513149793297562,0.219896208989357,2.322103966927618,,,,True,False,True,True,True,,,,UNDERLYING_CORRECT_OPTION_PROFITABLE,,,136.52,,,-0.4226,284.55,283.9,283.8,284.225,0.6500000000000341,0.2286920573489433,0.52026,0.00059,-68.22558,23.69458,11.296736956942631,VALID,11.257383937843993,11.250527751351374,11.32344359956227,11.022867287314003,-2.1064250297694076,IV_HEADWIND,13:35,284.5,285.05,285.3,0.5500000000000114,POSITION_SIGNAL,7,0.32500000000001705,0.2750000000000057,0.5499999999999545,-0.05,0.5999999999999546,-1.27354416,129.65,-78.8,-0.05,-1.0,-0.018,SPREAD_FRICTION,Mid-to-mid the trade was +0.55/unit; the ASK-to-BID round trip cost 0.60/unit and turned it negative.,12E-option-audit-v1,9d8fb5671d76d03c
SEN-2026-09-22-1337-5e7540,SENSEX,2026-09-22,13:37,BUY_PE,PE,74600.0,SENSEX 74600 PE,STRONG,RANGE,0.0654,ATM,-5.83,0.0078,74605.83,74619.44,0.01824254217130294,-0.005924119005094144,0.0096248390554086,0.008069725646759791,-0.5961521091138929,23.4,0.0050800319492372075,0.01824254217130294,0.017800217489704,-0.05377595825955605,-2.178253766563805,-2.123797422399697,-5.064440007260842,5.427482301688142,-2.017264879600186,-1.8900499772830492,-4.81599273057701,5.688323489323026,,,,True,False,False,False,True,,,,UNDERLYING_CORRECT_OPTION_PROFITABLE,,105.78,127.68,,0.828,-2.5433,275.45,274.8,275.85,275.125,0.6499999999999773,0.23625624716037338,-0.47084,0.00053,-55.14169,23.63633,12.697893733861468,VALID,12.538860859974724,12.76315623241542,12.407990043445,12.59205022314104,0.5139631809952624,IV_NEUTRAL,13:40,269.6,270.25,270.1,0.6499999999999773,POSITION_SIGNAL,3,0.32499999999998863,0.32499999999998863,-5.199999999999989,-5.85,0.650000000000011,-0.44113352,113.2,-77.15,-5.85,-117.0,-2.124,MIXED,The underlying moved as expected and no single measured factor dominates.,12E-option-audit-v1,9d8fb5671d76d03c
SEN-2026-09-22-1345-606487,SENSEX,2026-09-22,13:45,BUY_PE,PE,74600.0,SENSEX 74600 PE,STRONG,RANGE,-0.027,ATM,23.48,0.0315,74576.52,74445.92,-0.17512214300158524,-0.045516393943574485,-0.05707653173563248,-0.057518523323142404,7.057515976660188,100.0,-0.017673122854227532,-0.010324965552156482,-0.04281508442604665,-0.11958187375866768,1.0193503800967678,3.3517622667588274,6.427090532135462,19.263994471319972,1.2803875767799944,3.6248810450731104,6.696080975862952,19.603771952591046,,,True,True,True,True,True,True,,,UNDERLYING_CORRECT_OPTION_PROFITABLE,UNDERLYING_CORRECT_OPTION_PROFITABLE,,163.94,125.28,,1.309,1.3324,289.4,288.55,288.45,288.975,0.8499999999999659,0.29414309196296073,-0.48543,0.00053,-54.97045,23.64669,12.686620394975767,VALID,12.596256671129225,13.012784207401362,12.887029181207534,13.178724348103193,5.706994512902992,IV_TAILWIND,14:04,374.05,375.05,373.8,1.0,POSITION_SIGNAL,19,0.42499999999998295,0.5,85.57499999999999,84.65,0.924999999999983,-2.7851694666666664,99.25,-91.1,84.65,1693.0,29.25,,,12E-option-audit-v1,9d8fb5671d76d03c
SEN-2026-09-22-1416-e6a4e0,SENSEX,2026-09-22,14:16,BUY_CE,CE,74700.0,SENSEX 74700 CE,MODERATE,TRENDING_UP,0.3363,ATM,3.23,0.0043,74696.77,74745.29,0.0649559545881161,-0.10404606806833246,0.15306517162647365,0.24627831341698017,48.154180238870794,62.2,0.026011834246638797,0.04665529714335877,0.10078079681356883,0.05863707359769761,7.665568971825828,15.587266739846308,28.485181119648722,20.17929015733625,7.960791498717488,15.90326126786368,28.829241480395755,20.511176255038485,True,True,True,True,True,True,True,True,UNDERLYING_CORRECT_OPTION_PROFITABLE,UNDERLYING_CORRECT_OPTION_PROFITABLE,UNDERLYING_CORRECT_OPTION_PROFITABLE,UNDERLYING_CORRECT_OPTION_PROFITABLE,286.06,349.8,144.47,1.98,2.421,14.2692,273.3,272.5,272.65,272.9,0.8000000000000114,0.2931476731403487,0.52782,0.00063,-65.57452,23.53179,10.662389012297915,VALID,11.169912840763766,11.686529420505456,12.241303260821617,12.029961856108743,7.991244865091097,IV_TAILWIND,14:24,320.85,321.55,319.75,0.6999999999999886,POSITION_SIGNAL,8,0.4000000000000057,0.3499999999999943,48.30000000000007,47.55,0.750000000000071,-1.3989230933333334,77.85,-26.55,47.55,951.0,17.398,,,12E-option-audit-v1,9d8fb5671d76d03c
SEN-2026-09-22-1425-b2b841,SENSEX,2026-09-22,14:25,BUY_PE,PE,74700.0,SENSEX 74700 PE,STRONG,RANGE,-0.0625,ATM,-27.83,0.0372,74727.83,74750.07,0.02976133523481846,-0.02335933140401469,-0.05406037990724439,-0.02802721328695544,7.016020073344942,80.7,0.017048534662394504,0.016299148523372102,0.023150678937154886,0.010812571434232395,-3.0619596541786738,-1.1527377521613995,-4.412824207492795,-0.6484149855907821,-2.795563170709712,-0.883758679772764,-4.166290918928672,-0.40580755703850657,,,False,,False,False,False,False,,,UNDERLYING_WRONG_OPTION_LOSS,,,,124.03,,,-1.2949,277.6,276.85,277.55,277.225,0.75,0.2705383713590044,-0.46013,0.00051,-58.88971,23.44962,13.304352161284008,VALID,13.223678944441286,13.494532385506181,13.156321496170293,13.426632483270529,-1.1349804890553614,IV_HEADWIND,14:29,263.55,264.15,263.75,0.5999999999999659,POSITION_SIGNAL,4,0.375,0.29999999999998295,-13.375,-14.05,0.6750000000000007,-0.6281569066666667,31.95,-19.45,-14.05,-281.0,-5.061,UNDERLYING_DID_NOT_CONTINUE,The underlying did not move down at any measured horizon (move to exit +0.03%).,12E-option-audit-v1,9d8fb5671d76d03c
SEN-2026-09-22-1432-17abdd,SENSEX,2026-09-22,14:32,BUY_PE,PE,74800.0,SENSEX 74800 PE,MODERATE,RANGE,-0.0183,ATM,45.4,0.0607,74754.6,74748.23,-0.00852121474800199,0.010288050703369984,0.006060194993795772,0.017714422108462087,0.19012912936703566,65.4,-0.003478046835921563,-0.025001805908937143,0.005176938944219276,-0.0683837516353641,-0.39488232506712995,2.5430421734323208,1.7690728163007314,13.236455536250189,-0.17395429746185226,2.783268759389582,1.9214042856013247,13.505179093856245,,True,,True,False,True,True,True,,UNDERLYING_CORRECT_OPTION_PROFITABLE,,UNDERLYING_CORRECT_OPTION_PROFITABLE,,197.49,117.55,,1.68,2.5299,316.55,315.8,315.8,316.175,0.75,0.23721040562979362,-0.49717,0.0005,-59.25713,23.55019,13.43966608698425,VALID,13.457590503966092,13.433165651391601,13.821344589207474,14.140198677054503,0.7034360582300646,IV_NEUTRAL,14:38,319.95,320.95,321.05,1.0,POSITION_SIGNAL,6,0.375,0.5,4.274999999999977,3.4,0.8749999999999774,-0.94811408,44.7,-12.1,3.4,68.0,1.074,,,12E-option-audit-v1,9d8fb5671d76d03c
SEN-2026-09-22-1441-4c05ab,SENSEX,2026-09-22,14:41,BUY_PE,PE,74700.0,SENSEX 74700 PE,MODERATE,RANGE,-0.0386,ATM,-18.05,0.0242,74718.05,74714.65,-0.004550439953945173,-0.028753187402532434,-0.0403755379893183,-0.0411779020487663,7.069862504645104,100.0,-0.019499973567306674,-0.03319144436987168,-0.004550439953945173,0.023140325530435546,5.650892702374765,2.236089443577739,0.45068469405443284,-3.484139365574627,5.891540130151852,2.49023861171365,0.685466377440355,-3.2364425162689963,,True,,False,True,True,True,False,,UNDERLYING_CORRECT_OPTION_PROFITABLE,,UNDERLYING_WRONG_OPTION_LOSS,,,120.8,,,0.1358,288.45,287.8,288.6,288.125,0.6499999999999773,0.22559652928415697,-0.46581,0.0005,-60.60268,23.42047,13.610955409074235,VALID,14.075242609221448,13.381618675435913,13.6637595268955,13.53584563412853,0.38795305865201746,IV_NEUTRAL,14:46,289.75,290.45,289.7,0.6999999999999886,POSITION_SIGNAL,5,0.32499999999998863,0.3499999999999943,1.9750000000000227,1.3,0.6750000000000227,-0.8080357333333333,21.1,-30.3,1.3,26.0,0.451,,,12E-option-audit-v1,9d8fb5671d76d03c
SEN-2026-09-22-1453-f5db5e,SENSEX,2026-09-22,14:53,BUY_CE,CE,74700.0,SENSEX 74700 CE,MODERATE,RANGE,0.0402,ATM,-20.09,0.0269,74720.09,74705.49,-0.019539591025641522,0.016437371139642342,0.04066155288839661,0.011952698900663588,-3.2653418541538963,39.8,-0.014828675929059702,-0.019539591025641522,-0.05096353604499372,-0.08555931878560774,-0.41576283441794437,-2.151120751988447,-4.6818510484454245,-7.140274765003615,-0.19004524886877006,-1.918552036199099,-4.4343891402714934,-6.941176470588219,,,False,False,False,False,False,False,,,UNDERLYING_WRONG_OPTION_LOSS,UNDERLYING_WRONG_OPTION_LOSS,87.01,81.13,147.4,0.59,0.55,3.0774,276.6,275.9,277.95,276.25,0.7000000000000455,0.2533936651583875,0.54494,0.00065,-64.5582,23.31527,10.374900634712917,VALID,10.548675391116829,10.397184275393126,10.665521151069083,10.886436528076041,0.2147841359140474,IV_NEUTRAL,14:56,270.65,271.25,270.45,0.6000000000000227,SIGNAL_FLIP,3,0.35000000000002274,0.30000000000001137,-5.300000000000011,-5.95,0.6499999999999888,-0.5164656,36.25,-29.85,-5.95,-119.0,-2.151,SIGNAL_FLIP,The underlying never moved the expected way and 12C flipped to the other side.,12E-option-audit-v1,9d8fb5671d76d03c
SEN-2026-09-22-1500-3414e9,SENSEX,2026-09-22,15:00,BUY_PE,PE,74700.0,SENSEX 74700 PE,MODERATE,RANGE,-0.0286,ATM,31.61,0.0423,74668.39,74649.14,-0.025780654973275842,0.021807822980487536,-0.0331221894168918,-0.06562057415793912,4.751903386715669,65.7,-0.027575256410371923,-0.016379086250548493,-0.009013184829612539,-0.04274901333750233,0.9180437322650642,1.1350358871640718,-2.537139041896185,-1.5022533800701052,1.1111111111111263,1.2698412698412547,-2.3725981620718537,-1.2865497076023467,True,,,True,True,True,False,False,UNDERLYING_CORRECT_OPTION_PROFITABLE,,,UNDERLYING_CORRECT_OPTION_LOSS,,,122.64,,,-3.478,299.55,298.95,299.1,299.25,0.6000000000000227,0.20050125313283967,-0.4915,0.00052,-57.48651,23.41689,13.033881375865853,VALID,12.792483596776519,13.021608830751552,12.623766247171428,12.261606417499378,-2.8017118399834966,IV_HEADWIND,15:06,298.15,298.9,299.5,0.75,POSITION_SIGNAL,6,0.30000000000001137,0.375,-0.7250000000000227,-1.4,0.6749999999999772,-0.9197841600000001,3.4,-41.4,-1.4,-28.0,-0.467,IV_HEADWIND,The underlying moved as expected but IV fell -2.80% over the hold.,12E-option-audit-v1,9d8fb5671d76d03c
SEN-2026-09-22-1508-78cffb,SENSEX,2026-09-22,15:08,BUY_PE,PE,74700.0,SENSEX 74700 PE,MODERATE,RANGE,-0.0594,ATM,62.32,0.0835,74637.68,74654.72,0.02283029161679215,-0.008989289081210796,-0.03211822507028437,-0.024753483168717057,-1.3611615245008888,42.9,-0.0020231068275363886,0.023593980949033495,-0.004555339876580006,0.02072679643847607,-0.033416875522146276,-3.959899749373441,-2.188805346700087,-5.179615705931495,0.21744584762063301,-3.7467592205402656,-2.0071924395751632,-4.942711382453804,,False,,False,False,False,False,False,,UNDERLYING_WRONG_OPTION_LOSS,,UNDERLYING_WRONG_OPTION_LOSS,,,126.58,,,-2.5838,299.25,298.6,298.4,298.925,0.6499999999999773,0.21744584762063301,-0.50697,0.00055,-53.98921,23.38081,12.408530608676799,VALID,12.410460152411735,12.314674778520326,12.09860283254323,12.16246077429151,-0.06574319104432853,IV_NEUTRAL,15:12,288.75,289.7,288.6,0.9499999999999886,POSITION_SIGNAL,4,0.32499999999998863,0.4749999999999943,-9.699999999999989,-10.5,0.8000000000000114,-0.5758849066666667,-0.1,-41.1,-10.5,-210.0,-3.509,UNDERLYING_DID_NOT_CONTINUE,The underlying did not move down at any measured horizon (move to exit +0.02%).,12E-option-audit-v1,9d8fb5671d76d03c
SEN-2026-09-22-1515-732f6b,SENSEX,2026-09-22,15:15,BUY_PE,PE,74700.0,SENSEX 74700 PE,MODERATE,RANGE,-0.0114,ATM,46.85,0.0628,74653.15,74653.15,0.0,-0.01011241523318548,-0.002103015053846542,0.022348323815412244,-0.26235612728502955,58.2,0.0,0.0,0.0,0.0,-0.08478887569950821,-3.764626081058173,0.7800576564354602,-5.460403595048337,0.11879507848961315,-3.555366991938913,1.0012728044123846,-5.218498090793382,,,,,False,False,True,False,,,,,,,126.31,,,1.0013,294.85,294.4,294.4,294.625,0.4500000000000455,0.15273652948665098,-0.49851,0.00054,-55.15355,23.36372,12.5815219983262,VALID,12.628063978089266,12.16246077429151,12.705317823653331,11.948468771551191,-3.3307673275970973,IV_HEADWIND,15:18,283.75,284.55,284.5,0.8000000000000114,POSITION_SIGNAL,3,0.22500000000002274,0.4000000000000057,-10.475000000000023,-11.1,0.6249999999999769,-0.4412284,4.25,-36.7,-11.1,-222.0,-3.765,IV_HEADWIND,The underlying moved as expected but IV fell -3.33% over the hold.,12E-option-audit-v1,9d8fb5671d76d03c
SEN-2026-09-22-1523-a8c596,SENSEX,2026-09-22,15:23,BUY_CE,CE,74700.0,SENSEX 74700 CE,MODERATE,RANGE,0.0253,ATM,46.85,0.0628,74653.15,74529.08,-0.16619526436592755,0.0,0.0,0.0,-0.1935840707964518,89.3,0.0,0.0,-0.16619526436592755,-0.16619526436592755,1.5129151291512999,0.46125461254612543,4.870848708487081,5.332103321033206,1.801052923247437,0.7204211692989706,5.135309873464478,5.560173639974143,,,False,False,True,True,True,True,,,UNDERLYING_WRONG_OPTION_PROFITABLE,UNDERLYING_WRONG_OPTION_PROFITABLE,30.9,33.46,138.24,0.224,0.242,28.1103,271.0,270.35,270.75,270.675,0.6499999999999773,0.2401403897663165,0.50123,0.00059,-70.70384,23.33496,11.624197572375948,VALID,11.83845065953931,11.68839648254944,14.75702593638544,14.81978728739918,27.81293827101317,IV_TAILWIND,15:29,286.95,287.1,287.1,0.1500000000000341,SESSION_END,6,0.32499999999998863,0.07500000000001705,16.349999999999966,15.95,0.3999999999999666,-1.13126144,41.85,1.25,15.95,319.0,5.886,,,12E-option-audit-v1,9d8fb5671d76d03c
NIF-2026-09-23-0919-e5991f,NIFTY,2026-09-23,09:19,BUY_CE,CE,23400.0,NIFTY 23400 CE,MODERATE,UNKNOWN,,ATM,1.6,0.0068,23398.4,23399.45,0.004487486323848094,-0.018160336543083796,0.11681093316105323,,,100.0,0.0555593544857768,0.033121922866520784,-0.03333561269147852,-0.10983657002188495,5.619707467282511,4.426481909160892,0.9237875288683515,-8.506543494996158,5.820003854307152,4.721526305646559,1.1755636924262687,-8.325303526691096,True,True,False,False,True,True,True,False,UNDERLYING_CORRECT_OPTION_PROFITABLE,UNDERLYING_CORRECT_OPTION_PROFITABLE,UNDERLYING_WRONG_OPTION_PROFITABLE,UNDERLYING_WRONG_OPTION_LOSS,,75.8,101.32,,0.748,4.5533,129.9,129.55,129.9,129.72500000000002,0.3499999999999943,0.269801503179799,0.56176,0.00145,-11.81707,12.30141,8.711252242790094,VALID,8.718732683673611,8.858156555074782,9.169672561799656,8.997706628766982,1.8277394404214435,IV_TAILWIND,09:23,132.05,132.4,132.05,0.3499999999999943,SIGNAL_FLIP,4,0.17499999999999716,0.17499999999999716,2.5,2.15,0.3500000000000001,-0.12604874666666666,33.4,-19.85,2.15,139.75,1.655,,,12E-option-audit-v1,9d8fb5671d76d03c
NIF-2026-09-23-0932-8abeb5,NIFTY,2026-09-23,09:32,BUY_PE,PE,23400.0,NIFTY 23400 PE,STRONG,TRENDING_DOWN,-0.1643,ITM,32.3,0.1382,23367.7,23379.0,0.04835734796321107,-0.014120063326341503,-0.021392479259991357,-0.03764464312450227,3.5013710187724154,100.0,0.005135293589017009,0.04835734796321107,0.02417867398159775,0.047501465698372304,-0.6927465362673256,-4.971475142624294,-2.2412387938060307,-6.479217603911983,-0.5502343590788762,-4.931730181373557,-2.09904218463421,-6.35826370491136,,False,False,False,False,False,False,False,,UNDERLYING_WRONG_OPTION_LOSS,UNDERLYING_WRONG_OPTION_LOSS,UNDERLYING_WRONG_OPTION_LOSS,,,92.66,,,0.1415,122.7,122.65,122.65,122.67500000000001,0.04999999999999716,0.04075810067250634,-0.48646,0.00125,-6.63491,12.41808,10.216704594874713,VALID,10.219230214737639,10.201255382429114,10.24806560342335,10.052465683335678,-0.15121522113254965,IV_NEUTRAL,09:35,116.6,116.65,116.65,0.05000000000001137,SIGNAL_FLIP,3,0.02499999999999858,0.025000000000005684,-6.050000000000011,-6.1,0.049999999999988276,-0.05307928,8.9,-45.4,-6.1,-396.5,-4.971,SIGNAL_FLIP,The underlying never moved the expected way and 12C flipped to the other side.,12E-option-audit-v1,9d8fb5671d76d03c
NIF-2026-09-23-0937-d064b3,NIFTY,2026-09-23,09:37,BUY_CE,CE,23400.0,NIFTY 23400 CE,MODERATE,RANGE,-0.0135,NEAR_ATM,26.65,0.114,23373.35,23379.1,0.024600666998953937,0.011766920832156642,0.02268054031037794,0.02417867398159775,1.4702793530770846,34.7,0.012193374077751727,0.02288931625120996,0.023317153938142064,0.03914714835486337,0.8684863523573177,1.0752688172042988,2.5227460711331653,0.37220843672455634,1.076381701511072,1.2626785344649187,2.732353549989648,0.5588904988615052,,True,True,True,True,True,True,True,,UNDERLYING_CORRECT_OPTION_PROFITABLE,UNDERLYING_CORRECT_OPTION_PROFITABLE,UNDERLYING_CORRECT_OPTION_PROFITABLE,,,101.27,,,0.371,120.9,120.65,120.8,120.775,0.25,0.20699648105982196,0.5233,0.0014,-12.04019,12.40403,9.114543249540977,VALID,9.122261505627305,9.005505588826658,9.125292157978238,8.747901990040766,-2.694362248876483,IV_HEADWIND,09:43,120.55,120.9,120.9,0.3500000000000085,POSITION_SIGNAL,6,0.125,0.17500000000000426,-0.05000000000001137,-0.35,0.2999999999999886,-0.19264304000000002,42.4,-10.85,-0.35,-22.75,-0.289,SPREAD_FRICTION,Execution friction of 0.30/unit accounts for most of a 0.35/unit loss.,12E-option-audit-v1,9d8fb5671d76d03c
NIF-2026-09-23-0949-d119c8,NIFTY,2026-09-23,09:49,BUY_PE,PE,23400.0,NIFTY 23400 PE,STRONG,RANGE,-0.0357,ITM,33.8,0.1447,23366.2,23369.6,0.014550932543579259,-0.07761601241855266,-0.06693225728502158,-0.049192178871317535,4.656040268456386,100.0,0.0019258587190074878,-0.024822179044942147,-0.04878842088145036,0.03616334705686302,0.12009607686148235,3.442754203362677,5.324259407526025,-4.363490792634109,0.36072144288576247,3.707414829659319,5.571142284569129,-4.168336673346684,,True,True,False,True,True,True,False,,UNDERLYING_CORRECT_OPTION_PROFITABLE,UNDERLYING_CORRECT_OPTION_PROFITABLE,UNDERLYING_WRONG_OPTION_LOSS,,,91.33,,,1.1155,124.9,124.6,124.6,124.75,0.30000000000001137,0.2404809619238568,-0.48758,0.00124,-6.76528,12.40751,10.35074564116419,VALID,10.379532827572332,10.485039051691038,10.478456164025223,10.219687431279304,0.25353420479081396,IV_NEUTRAL,09:58,123.35,123.65,123.45,0.30000000000001137,POSITION_SIGNAL,9,0.15000000000000568,0.15000000000000568,-1.25,-1.55,0.30000000000000004,-0.16236672,6.7,-47.6,-1.55,-100.75,-1.241,LATE_ENTRY,77% of the move around this signal happened in the 5 minutes BEFORE it (-0.05% before vs +0.01% after).,12E-option-audit-v1,9d8fb5671d76d03c
NIF-2026-09-23-1000-c1ae7e,NIFTY,2026-09-23,10:00,BUY_CE,CE,23400.0,NIFTY 23400 CE,STRONG,RANGE,0.0621,ATM,18.85,0.0806,23381.15,23372.9,-0.03528483415058712,0.027807903006034314,0.04771074026530362,0.11754026128622329,10.954865048763908,100.0,-0.011975458863242014,-0.02330937528736066,-0.007698509269231456,-0.06265731155226092,-1.9599836668027812,-0.6124948958758677,0.5716619028174788,-6.288280930992244,-1.7170891251022262,-0.3679476696647727,0.8176614881439084,-6.0711365494685285,,False,,False,False,False,True,False,,UNDERLYING_WRONG_OPTION_LOSS,,UNDERLYING_WRONG_OPTION_LOSS,,96.89,102.26,,0.948,1.6049,122.45,122.15,122.15,122.30000000000001,0.29999999999999716,0.2452984464431702,0.53489,0.00143,-11.90865,12.36657,8.903680815164924,VALID,8.853067851714641,9.141274870212438,9.091277909372828,8.978070011622732,0.636107098301708,IV_NEUTRAL,10:08,118.3,118.5,118.5,0.20000000000000284,SIGNAL_FLIP,8,0.14999999999999858,0.10000000000000142,-3.9000000000000057,-4.15,0.24999999999999467,-0.2540512,40.85,-10.45,-4.15,-269.75,-3.389,SIGNAL_FLIP,The underlying never moved the expected way and 12C flipped to the other side.,12E-option-audit-v1,9d8fb5671d76d03c
NIF-2026-09-23-1016-0026a3,NIFTY,2026-09-23,10:16,BUY_CE,CE,23400.0,NIFTY 23400 CE,MODERATE,RANGE,0.0004,ATM,20.2,0.0864,23379.8,23417.05,0.15932557164731947,0.053707646385429485,0.06655467220218612,0.08176124859271573,8.407671721677085,80.4,0.017536505872600205,0.03785318950547987,0.06736584573007467,0.03956406812718671,1.1508425811754965,3.329223181257704,6.370735717221537,3.0004110152075554,1.357745319893019,3.5589384900226193,6.583007611602551,3.25036000822875,,True,True,True,True,True,True,True,,UNDERLYING_CORRECT_OPTION_PROFITABLE,UNDERLYING_CORRECT_OPTION_PROFITABLE,UNDERLYING_CORRECT_OPTION_PROFITABLE,97.72,,102.27,0.956,,-0.3064,121.65,121.4,121.8,121.525,0.25,0.20571898786257972,0.53158,0.00143,-11.96961,12.36342,8.976662205054579,VALID,8.899558926581816,8.902310976362797,8.891629987820464,8.819165989122641,-5.080232839508769,IV_HEADWIND,10:51,136.7,137.05,137.15,0.35000000000002274,POSITION_SIGNAL,35,0.125,0.17500000000001137,15.349999999999994,15.05,0.2999999999999936,-1.1171636,41.65,1.4,15.05,978.25,12.372,,,12E-option-audit-v1,9d8fb5671d76d03c
NIF-2026-09-23-1056-1f0eb6,NIFTY,2026-09-23,10:56,BUY_CE,CE,23450.0,NIFTY 23450 CE,STRONG,RANGE,0.0132,NEAR_ATM,29.25,0.1249,23420.75,23415.65,-0.02177556226849501,0.02049884800744481,0.02434331765253855,0.015800453088671406,2.7212439972558964,100.0,0.00725852075617018,-0.02177556226849501,-0.01195521065721325,0.013876583798554701,-0.7114273010226743,-3.4237438861716396,-2.578923966207208,-0.35571365051134346,-0.4229741763134537,-3.18343722172753,-2.382012466607312,-0.11130899376670898,,False,,,False,False,False,False,,UNDERLYING_WRONG_OPTION_LOSS,,,,,108.59,,,-1.0838,112.45,112.15,112.15,112.30000000000001,0.29999999999999716,0.2671415850400687,0.52066,0.0015,-11.54213,12.38114,8.545160526788544,VALID,8.450641275459718,8.497628061834993,8.47860438734523,8.458365179158637,-0.5562501114465932,IV_NEUTRAL,10:59,108.6,108.85,108.85,0.25,SIGNAL_FLIP,3,0.14999999999999858,0.125,-3.575000000000017,-3.85,0.27499999999998304,-0.09233704000000001,20.95,-14.45,-3.85,-250.25,-3.424,SIGNAL_FLIP,The underlying never moved the expected way and 12C flipped to the other side.,12E-option-audit-v1,9d8fb5671d76d03c
NIF-2026-09-23-1102-3f3c70,NIFTY,2026-09-23,11:02,BUY_CE,CE,23450.0,NIFTY 23450 CE,MODERATE,RANGE,0.0184,NEAR_ATM,30.7,0.1311,23419.3,23427.2,0.03373286135794603,0.005764808619023206,0.01558786538062286,-0.013448635817352393,-1.676727028839705,58.2,0.002561989470232598,-0.0006404973675464988,0.05102629028195005,0.05166678764951208,0.5454545454545403,-0.9999999999999948,5.136363636363642,4.045454545454548,0.727603456116414,-0.841291496134604,5.275125056844017,4.138244656662116,,,True,True,True,False,True,True,,,UNDERLYING_CORRECT_OPTION_PROFITABLE,UNDERLYING_CORRECT_OPTION_PROFITABLE,103.38,80.09,110.45,0.936,0.725,-0.3608,110.0,109.9,110.0,109.95,0.09999999999999432,0.09095043201454689,0.51855,0.00152,-11.43027,12.37955,8.438321760103042,VALID,8.507622547121981,8.413721498725701,8.403422151016018,8.291080866916953,-2.35022128589835,IV_HEADWIND,11:16,111.45,111.7,111.45,0.25,SIGNAL_FLIP,14,0.04999999999999716,0.125,1.625,1.45,0.17500000000000004,-0.42673008000000007,23.4,-12.0,1.45,94.25,1.318,,,12E-option-audit-v1,9d8fb5671d76d03c
NIF-2026-09-23-1121-17057b,NIFTY,2026-09-23,11:21,BUY_CE,CE,23450.0,NIFTY 23450 CE,STRONG,RANGE,-0.0128,ATM,20.8,0.0888,23429.2,23428.1,-0.004694995987921836,0.0010670559286694453,0.02540211115024912,0.008537085097664253,-0.06721935917544508,28.0,-0.0038413603537528177,-0.008749765250197498,0.013231352329565434,0.027529749201853786,0.44782803403493054,-1.2091356918943201,2.418271383788615,2.507836990595609,0.672645739910314,-0.9641255605381192,2.623318385650222,2.7802690582959593,,,,True,True,False,True,True,,,,UNDERLYING_CORRECT_OPTION_PROFITABLE,,,112.25,,,1.138,111.65,111.35,111.3,111.5,0.30000000000001137,0.2690582959641358,0.53422,0.00157,-11.23776,12.33973,8.142619519201023,VALID,8.279635976783853,8.170051695851049,8.258546345989098,8.146598732064932,1.0131566626803403,IV_TAILWIND,11:29,111.05,111.35,111.35,0.29999999999999716,POSITION_SIGNAL,8,0.15000000000000568,0.14999999999999858,-0.30000000000001137,-0.6,0.2999999999999886,-0.23973888,21.75,-13.65,-0.6,-39.0,-0.537,LATE_ENTRY,65% of the move around this signal happened in the 5 minutes BEFORE it (+0.01% before vs -0.00% after).,12E-option-audit-v1,9d8fb5671d76d03c
NIF-2026-09-23-1131-35d7f5,NIFTY,2026-09-23,11:31,BUY_CE,CE,23450.0,NIFTY 23450 CE,STRONG,RANGE,0.0275,ATM,14.35,0.0612,23435.65,23435.7,0.00021335017377061187,0.024327836807166586,0.04396946043496858,0.014296505251307738,0.15293860607384502,100.0,0.018348114944536517,0.029015623633222343,0.00021335017377061187,0.01173425955755441,3.485838779956427,2.047930283224396,0.2178649237472767,0.3050108932461824,3.6867364746945976,2.3123909249563748,0.4581151832460783,0.5671902268760958,,True,,,True,True,True,True,,UNDERLYING_CORRECT_OPTION_PROFITABLE,,,,,111.13,,,0.4344,114.75,114.45,114.45,114.6,0.29999999999999716,0.26178010471203944,0.54342,0.00157,-11.28917,12.30834,8.146598732064932,VALID,8.27775830825767,8.046799112159302,8.1421212462526,8.07287745979091,-0.054961413463374166,IV_NEUTRAL,11:36,115.0,115.25,114.9,0.25,POSITION_SIGNAL,5,0.14999999999999858,0.125,0.5250000000000057,0.25,0.2750000000000057,-0.15052226666666668,18.65,-16.75,0.25,16.25,0.218,,,12E-option-audit-v1,9d8fb5671d76d03c
NIF-2026-09-23-1143-9134e5,NIFTY,2026-09-23,11:43,BUY_CE,CE,23450.0,NIFTY 23450 CE,STRONG,RANGE,-0.013,ATM,13.2,0.0563,23436.8,23431.45,-0.022827348443467305,0.006187234242290932,0.00853431648659259,-0.011732307147534829,-1.138805328749453,27.4,0.0004266794101676969,0.008533588203167668,0.005760172037147489,-0.02090729109775147,0.17368649587493584,1.2592270950933464,0.39079461571861795,-0.6947459834997927,0.4129537057161437,1.499673983916535,0.6085633557922091,-0.47815692240818203,,,,False,True,True,True,False,,,,UNDERLYING_WRONG_OPTION_LOSS,,,111.39,,,-0.033,115.15,114.9,115.2,115.025,0.25,0.21734405564007822,0.54669,0.00157,-11.2874,12.28991,8.124384081229548,VALID,8.126779296814078,8.14918875111782,8.144455098151724,8.30745792184029,0.9949816783014006,IV_NEUTRAL,11:50,112.85,113.1,113.05,0.25,SIGNAL_FLIP,7,0.125,0.125,-2.0500000000000114,-2.3,0.24999999999998845,-0.21069813333333334,18.25,-17.15,-2.3,-149.5,-1.997,SIGNAL_FLIP,The underlying never moved the expected way and 12C flipped to the other side.,12E-option-audit-v1,9d8fb5671d76d03c
NIF-2026-09-23-1152-eabc1e,NIFTY,2026-09-23,11:52,BUY_PE,PE,23450.0,NIFTY 23450 PE,STRONG,RANGE,-0.0284,ATM,21.3,0.0909,23428.7,23431.9,0.013658461630396596,-0.013016526721219168,-0.04586285087747366,-0.05758845159583999,4.271412680756394,100.0,0.013658461630396596,-0.0008536538519026988,-0.009390192370898632,0.05079240418801648,-1.8329070758738206,-1.0656436487638534,0.4688832054560931,-5.541346973572037,-1.6641775122679776,-0.8747599743972618,0.6187326648175878,-5.3125666737785435,,,,False,False,False,True,False,,,,UNDERLYING_WRONG_OPTION_LOSS,,104.59,94.5,,1.107,-0.2686,117.3,117.05,117.3,117.175,0.25,0.2133560913164071,-0.47261,0.00125,-6.84953,12.33509,10.26839726428454,VALID,10.22274682939917,10.164807109468565,10.240402259612342,10.203702900288759,-0.44457215386621035,IV_NEUTRAL,11:53,115.15,115.3,115.25,0.14999999999999147,SIGNAL_FLIP,1,0.125,0.07499999999999574,-1.9500000000000028,-2.15,0.19999999999999707,-0.01826541333333333,1.0,-21.5,-2.15,-139.75,-1.833,SIGNAL_FLIP,The underlying never moved the expected way and 12C flipped to the other side.,12E-option-audit-v1,9d8fb5671d76d03c
NIF-2026-09-23-1200-e8b823,NIFTY,2026-09-23,12:00,BUY_CE,CE,23450.0,NIFTY 23450 CE,STRONG,RANGE,-0.003,ATM,19.25,0.0822,23430.75,23445.55,0.06316485814580956,0.014726408933170822,0.018141847907284486,0.00960368781612139,0.8578970523537125,100.0,0.014937635372320563,0.06508541126511103,0.0751149664436629,0.08983920702495342,1.437908496732031,5.533769063180824,11.63398692810457,10.631808278867105,1.613958560523441,5.779716466739368,11.908396946564865,10.883315158124313,,True,True,True,True,True,True,True,,UNDERLYING_CORRECT_OPTION_PROFITABLE,UNDERLYING_CORRECT_OPTION_PROFITABLE,UNDERLYING_CORRECT_OPTION_PROFITABLE,158.54,121.14,109.46,1.448,1.107,3.6863,114.75,114.5,114.65,114.625,0.25,0.21810250817884408,0.53549,0.00153,-11.48358,12.31099,8.374282141748756,VALID,8.41140246772571,8.219103642287662,8.681255414294219,8.435178457593917,2.311824963410951,IV_TAILWIND,12:09,125.0,125.2,125.15,0.20000000000000284,POSITION_SIGNAL,9,0.125,0.10000000000000142,10.474999999999994,10.25,0.22499999999999432,-0.27560592,18.65,-16.75,10.25,666.25,8.932,,,12E-option-audit-v1,9d8fb5671d76d03c
NIF-2026-09-23-1212-c30cac,NIFTY,2026-09-23,12:12,BUY_CE,CE,23500.0,NIFTY 23500 CE,STRONG,RANGE,0.0663,NEAR_ATM,43.85,0.1869,23456.15,23458.3,0.009166039610071631,0.012578240922350587,0.04521113814776016,0.018761926082281513,0.19175455417065063,100.0,0.011937167864288351,0.0034106193897944564,0.009166039610071631,0.009805530745664877,1.147227533460806,0.3824091778202731,-0.19120458891012299,-1.434034416826004,1.3636363636363609,0.502392344497613,0.023923444976081995,-1.1961722488038278,,,,,True,True,False,False,,,,,,,111.61,,,-0.9991,104.6,104.4,104.6,104.5,0.19999999999998863,0.19138755980860156,0.49724,0.0015,-11.50288,12.36471,8.59365357546751,VALID,8.529385323763758,8.567533619462516,8.485823827356288,8.391981111508166,-1.254760238637563,IV_HEADWIND,12:17,104.4,104.65,104.6,0.25,POSITION_SIGNAL,5,0.09999999999999432,0.125,0.025000000000005684,-0.2,0.2250000000000057,-0.15337173333333334,1.7,-29.75,-0.2,-13.0,-0.191,SPREAD_FRICTION,Mid-to-mid the trade was +0.03/unit; the ASK-to-BID round trip cost 0.23/unit and turned it negative.,12E-option-audit-v1,9d8fb5671d76d03c
NIF-2026-09-23-1219-5c3b74,NIFTY,2026-09-23,12:19,BUY_CE,CE,23500.0,NIFTY 23500 CE,MODERATE,RANGE,0.0655,NEAR_ATM,39.1,0.1667,23460.9,23457.55,-0.014279077102763249,0.017478940008876672,0.005541441456814739,0.005967731622589805,-0.5177688867968907,92.3,0.016410282640472208,-0.010442907134853,-0.03154184195832835,-0.03729609691017821,0.4725897920604915,-2.551984877126657,-4.584120982986762,-6.710775047258974,0.7097232079489,-2.2947717057014403,-4.329311568488292,-6.505796072864903,,,False,False,True,False,False,False,,,UNDERLYING_WRONG_OPTION_LOSS,UNDERLYING_WRONG_OPTION_LOSS,,,111.98,,,-0.7973,105.8,105.55,105.5,105.675,0.25,0.23657440264963334,0.50439,0.00152,-11.44009,12.36207,8.47653310830481,VALID,8.428851196434877,8.391981111508166,8.418441865853623,8.262989497038447,-1.0614897220224329,IV_HEADWIND,12:23,102.9,103.15,102.95,0.25,POSITION_SIGNAL,4,0.125,0.125,-2.6499999999999915,-2.9,0.25000000000000844,-0.12202762666666665,0.5,-30.95,-2.9,-188.5,-2.741,UNDERLYING_DID_NOT_CONTINUE,The underlying did not move up at any measured horizon (move to exit -0.01%).,12E-option-audit-v1,9d8fb5671d76d03c
NIF-2026-09-23-1235-499af0,NIFTY,2026-09-23,12:35,BUY_CE,CE,23450.0,NIFTY 23450 CE,MODERATE,RANGE,-0.0119,ATM,-1.4,0.006,23451.4,23444.75,-0.028356516028900002,0.008315760071134834,0.020898641588302968,0.0023453307662746146,0.6639839034205254,69.7,-0.0027716895366649975,-0.010873551259212286,-0.0036245170864092667,-0.004050930861273645,-0.838658146964854,-1.7571884984025583,-1.4776357827476105,-1.0383386581469625,-0.6995802518488906,-1.539076554067557,-1.2792324605236927,-0.8394963022186666,,,,,False,False,False,False,,,,,,,106.3,,,-0.8939,125.2,124.95,125.25,125.075,0.25,0.1998800719568259,0.56696,0.00152,-11.59085,12.17287,8.337789419642384,VALID,8.284369016657275,8.266434448005814,8.22057839632545,8.302322990292621,-1.3915695244159931,IV_HEADWIND,12:47,119.75,120.0,119.75,0.25,POSITION_SIGNAL,12,0.125,0.125,-5.200000000000003,-5.45,0.24999999999999734,-0.3709072,4.3,-27.2,-5.45,-354.25,-4.353,IV_HEADWIND,The underlying moved as expected but IV fell -1.39% over the hold.,12E-option-audit-v1,9d8fb5671d76d03c
NIF-2026-09-23-1250-21f342,NIFTY,2026-09-23,12:50,BUY_CE,CE,23450.0,NIFTY 23450 CE,STRONG,RANGE,-0.0077,ATM,1.25,0.0053,23448.75,23446.95,-0.007676315368619959,0.015781582892767248,0.017061389010332804,-0.007249327838061648,-1.2699052610360952,46.6,0.010661549123087585,0.006183698491393902,-0.007676315368619959,0.01215416600031364,0.48959608323134113,-0.8567931456548324,-2.5703794369644974,0.4079967360261118,0.632911392405068,-0.6737443854634453,-2.429563086974271,0.632911392405068,,,,,True,False,False,True,,,,,,,107.98,,,-1.6007,122.55,122.35,122.55,122.44999999999999,0.20000000000000284,0.16333197223356705,0.56386,0.00155,-11.49326,12.1774,8.239676164762793,VALID,8.239831201077532,8.100958227758959,8.141945278400017,8.154046441797595,-1.1861010603878388,IV_HEADWIND,12:55,119.4,119.55,119.55,0.14999999999999147,POSITION_SIGNAL,5,0.10000000000000142,0.07499999999999574,-2.9749999999999943,-3.15,0.1750000000000056,-0.15324346666666666,6.95,-24.55,-3.15,-204.75,-2.57,IV_HEADWIND,The underlying moved as expected but IV fell -1.19% over the hold.,12E-option-audit-v1,9d8fb5671d76d03c
NIF-2026-09-23-1258-0fc15c,NIFTY,2026-09-23,12:58,BUY_CE,CE,23450.0,NIFTY 23450 CE,MODERATE,RANGE,0.0318,ATM,-1.3,0.0055,23451.3,23451.65,0.001492454576088246,0.01002177069761565,0.01855251962408136,0.004690791549746036,-0.08221993833504158,62.4,0.007888688473569409,0.017056623726616434,0.01876228609928428,0.021533987454850148,2.0139745170571217,3.904644471845458,3.3703247020139693,4.973284011508423,2.180621271343338,4.155523554824108,3.579510388808882,5.184118494137007,,,,True,True,True,True,True,,,,UNDERLYING_CORRECT_OPTION_PROFITABLE,,,109.92,,,1.5172,121.65,121.4,121.7,121.525,0.25,0.20571898786257972,0.56959,0.00158,-11.33116,12.14371,8.046840891908333,VALID,8.157662467786992,8.27133838554506,8.24438223656561,8.301301936193568,1.1251074747217709,IV_TAILWIND,13:06,122.95,123.2,122.85,0.25,POSITION_SIGNAL,8,0.125,0.125,1.5499999999999972,1.3,0.2499999999999971,-0.24173141333333334,7.85,-23.65,1.3,84.5,1.069,,,12E-option-audit-v1,9d8fb5671d76d03c
NIF-2026-09-23-1307-e11507,NIFTY,2026-09-23,13:07,BUY_CE,CE,23450.0,NIFTY 23450 CE,MODERATE,RANGE,0.026,ATM,-5.05,0.0215,23455.05,23445.05,-0.04263474177202777,0.014497913792836823,-0.0010658571836642465,0.0,1.7849979943842715,100.0,0.0055425164303605085,-0.017267070417668146,-0.031123361493577174,-0.031123361493577174,0.551181102362207,-2.1653543307086616,-4.2913385826771675,-3.3858267716535413,0.7487684729064061,-1.9310344827586228,-4.078817733990157,-3.172413793103453,,,False,False,True,False,False,False,,,UNDERLYING_WRONG_OPTION_LOSS,UNDERLYING_WRONG_OPTION_LOSS,,,105.91,,,-0.7825,127.0,126.75,126.75,126.875,0.25,0.19704433497536944,0.57291,0.00153,-11.5911,12.1211,8.304183948088921,VALID,8.301301936193568,8.347789866814919,8.296343564383617,8.326777760108591,-0.16330705577257798,IV_NEUTRAL,13:11,120.7,120.9,120.9,0.20000000000000284,SIGNAL_FLIP,4,0.125,0.10000000000000142,-6.074999999999989,-6.3,0.2250000000000112,-0.12363840000000001,2.5,-29.0,-6.3,-409.5,-4.961,SIGNAL_FLIP,The underlying never moved the expected way and 12C flipped to the other side.,12E-option-audit-v1,9d8fb5671d76d03c
NIF-2026-09-23-1313-c59735,NIFTY,2026-09-23,13:13,BUY_PE,PE,23450.0,NIFTY 23450 PE,STRONG,RANGE,-0.0422,ATM,4.2,0.0179,23445.8,23449.0,0.013648499944556074,-0.008316362977261049,-0.022173894503435793,-0.04497715970301975,5.0761421319796955,96.3,-0.004904929667564413,0.013648499944556074,0.009170085900252733,0.01983297648193474,-0.04597701149425026,-2.0689655172413794,-1.333333333333336,-2.482758620689658,0.13802622498275194,-1.8633540372670727,-1.1732229123533393,-2.3234414538762285,,,,,False,False,False,False,,,,,,,97.74,,,-0.2769,108.75,108.6,108.85,108.675,0.15000000000000568,0.13802622498275194,-0.45303,0.00126,-6.91783,12.23245,10.203599351858113,VALID,10.149083694241197,10.221122817827345,10.22239760060235,10.222693905803462,0.17173808344445368,IV_NEUTRAL,13:16,106.5,106.8,106.8,0.29999999999999716,SIGNAL_FLIP,3,0.07500000000000284,0.14999999999999858,-2.0249999999999915,-2.25,0.22500000000000853,-0.055342640000000005,9.55,-12.95,-2.25,-146.25,-2.069,LATE_ENTRY,77% of the move around this signal happened in the 5 minutes BEFORE it (-0.04% before vs +0.01% after).,12E-option-audit-v1,9d8fb5671d76d03c
NIF-2026-09-23-1321-aa687a,NIFTY,2026-09-23,13:21,BUY_CE,CE,23450.0,NIFTY 23450 CE,STRONG,RANGE,0.0132,ATM,1.85,0.0079,23448.15,23447.1,-0.004477965212619803,0.001066193561043846,0.0008529530300121229,-0.0036248880549215098,0.4477915733767532,100.0,0.007463275354345652,0.01577949646346125,0.01961775235998808,-0.05480176474477595,0.7695423248278678,0.972053462940464,1.4985824220332071,-5.953827460510335,0.9321175278622134,1.1550151975683982,1.600810536980745,-5.795339412360693,,,,False,True,True,True,False,,,,UNDERLYING_WRONG_OPTION_LOSS,,105.75,106.57,,0.992,-0.4899,123.45,123.3,123.35,123.375,0.15000000000000568,0.12158054711246662,0.56074,0.00152,-11.63629,12.17116,8.385873497245688,VALID,8.324623764220608,8.301160336857109,8.366409976305025,8.360456564172523,-0.6283981274951237,IV_NEUTRAL,13:28,122.4,122.7,122.4,0.29999999999999716,SIGNAL_FLIP,7,0.07500000000000284,0.14999999999999858,-0.8249999999999886,-1.05,0.2250000000000114,-0.2172107466666667,6.05,-25.45,-1.05,-68.25,-0.851,SIGNAL_FLIP,The underlying never moved the expected way and 12C flipped to the other side.,12E-option-audit-v1,9d8fb5671d76d03c
NIF-2026-09-23-1338-3b7e3f,NIFTY,2026-09-23,13:38,BUY_CE,CE,23450.0,NIFTY 23450 CE,MODERATE,RANGE,-0.0966,NEAR_ATM,25.55,0.1091,23424.45,23428.65,0.017929983414768445,0.009392778234374271,-0.0008538014442082489,-0.02646106702119116,-2.8457092040907095,18.5,-0.004269043670182224,0.00533630458772778,0.019424148699326016,0.0155820093961558,-0.36563071297989547,0.594149908592314,3.884826325411334,1.736745886654471,-0.11441647597254005,0.8466819221967937,4.164759725400468,2.0137299771166943,,,,,False,True,True,True,,,,,,,112.57,,,1.9783,109.4,109.1,109.4,109.25,0.30000000000001137,0.2745995423341065,0.525,0.00156,-11.39734,12.26624,8.295223372490826,VALID,8.288919894274017,8.325089137395526,8.449950474367865,8.290355684464563,-0.9711513172317117,IV_NEUTRAL,13:47,111.0,111.15,110.8,0.15000000000000568,POSITION_SIGNAL,9,0.15000000000000568,0.07500000000000284,1.8250000000000028,1.6,0.22500000000000275,-0.27353616000000003,20.1,-11.4,1.6,104.0,1.463,,,12E-option-audit-v1,9d8fb5671d76d03c
NIF-2026-09-23-1348-6bd6eb,NIFTY,2026-09-23,13:48,BUY_PE,PE,23450.0,NIFTY 23450 PE,STRONG,RANGE,0.0156,ATM,21.9,0.0935,23428.1,23430.8,0.011524622141790106,-0.0023475531027306756,-0.016003857996701072,-0.003841393145253554,1.7893544733861784,48.3,0.004908635356693267,0.004268378571032222,-0.009817270713371006,-0.019207703569645,-1.8666666666666616,-0.7555555555555504,1.0666666666666693,1.4222222222222172,-1.6243880729861937,-0.5562972852692479,1.3128615932354326,1.668891855807744,,,,,False,False,True,True,,,,,,,98.64,,,0.3445,112.5,112.2,112.5,112.35,0.29999999999999716,0.26702269692923647,-0.47303,0.00131,-6.55455,12.25767,9.900797715364055,VALID,9.76018802979941,9.86815473489134,9.901597430629408,9.8798112157305,-0.573030310903183,IV_NEUTRAL,13:50,110.25,110.55,110.5,0.29999999999999716,SIGNAL_FLIP,2,0.14999999999999858,0.14999999999999858,-1.9499999999999886,-2.25,0.30000000000001137,-0.0349576,3.75,-16.7,-2.25,-146.25,-2.0,MIXED,The underlying moved as expected and no single measured factor dominates.,12E-option-audit-v1,9d8fb5671d76d03c
NIF-2026-09-23-1352-c1386d,NIFTY,2026-09-23,13:52,BUY_PE,PE,23450.0,NIFTY 23450 PE,STRONG,RANGE,-0.0158,ITM,25.0,0.1067,23425.0,23428.8,0.016221985058694866,-0.017499605191827878,-0.01813971851425035,-0.015579216045318254,1.0449088483770665,100.0,0.003415154749196467,0.016221985058694866,-0.005976520811105465,0.014300960512267001,-0.043956043956041455,-2.8131868131868156,0.7032967032967008,-2.417582417582418,0.17601760176017853,-2.6402640264026402,0.88008800880088,-2.2002200220022003,,,,,False,False,True,False,,,,,,,98.37,,,0.2922,113.75,113.5,113.75,113.625,0.25,0.22002200220022,-0.47713,0.00131,-6.51721,12.26121,9.882171947735031,VALID,9.901597430629408,9.761604317251146,9.920577977509632,9.807584845572896,-1.2200519392047087,IV_HEADWIND,13:55,110.55,110.7,110.55,0.15000000000000568,SIGNAL_FLIP,3,0.125,0.07500000000000284,-3.0,-3.2,0.20000000000000018,-0.052137680000000006,2.5,-17.95,-3.2,-208.0,-2.813,IV_HEADWIND,The underlying moved as expected but IV fell -1.22% over the hold.,12E-option-audit-v1,9d8fb5671d76d03c
NIF-2026-09-23-1357-0af8d6,NIFTY,2026-09-23,13:57,BUY_PE,PE,23450.0,NIFTY 23450 PE,MODERATE,RANGE,-0.0216,ITM,26.4,0.1127,23423.6,23427.9,0.01835755391999057,-0.011312096472979906,-0.012165735738885672,-0.005976520811105465,0.88008800880088,100.0,0.0,0.01835755391999057,0.020278693283696785,0.0627572192148121,-0.5231037489102079,-3.618134263295558,-3.2258064516129057,-8.587619877942467,-0.3489640130861555,-3.5114503816793943,-3.0534351145038165,-8.484187568157028,,,False,False,False,False,False,False,,,UNDERLYING_WRONG_OPTION_LOSS,UNDERLYING_WRONG_OPTION_LOSS,,135.19,97.8,,1.382,-1.0701,114.7,114.55,114.7,114.625,0.15000000000000568,0.1308615049073114,-0.4786,0.0013,-6.54924,12.25978,9.920577977509632,VALID,9.8798112157305,9.72675547960693,9.807584845572896,9.735924321292334,-1.9537419930784778,IV_HEADWIND,14:00,110.55,110.65,110.55,0.10000000000000853,SIGNAL_FLIP,3,0.07500000000000284,0.05000000000000426,-4.025000000000006,-4.15,0.12499999999999467,-0.052393920000000004,1.55,-18.9,-4.15,-269.75,-3.618,SIGNAL_FLIP,The underlying never moved the expected way and 12C flipped to the other side.,12E-option-audit-v1,9d8fb5671d76d03c
NIF-2026-09-23-1411-92333d,NIFTY,2026-09-23,14:11,BUY_CE,CE,23450.0,NIFTY 23450 CE,MODERATE,RANGE,0.0758,ATM,3.4,0.0145,23446.6,23447.35,0.003198758028882653,0.017916254308420167,0.030930891854936256,0.04117429955688695,4.45212880916361,100.0,0.013221533186057607,0.013648034256569087,0.003198758028882653,-0.02644306637208418,1.6942148760330555,0.49586776859503656,-1.3636363636363682,-3.512396694214876,1.9863438857852196,0.7862611214566545,-1.117318435754197,-3.248499896544587,,,,False,True,True,False,False,,,,UNDERLYING_WRONG_OPTION_LOSS,,,108.75,,,-1.4652,121.0,120.65,120.65,120.825,0.3499999999999943,0.28967515001034083,0.56043,0.00156,-11.50884,12.13875,8.231397747285786,VALID,8.322001667314384,8.231612098721408,8.122700679478587,8.225188562745862,-1.3205177436971856,IV_HEADWIND,14:16,119.35,119.6,119.6,0.25,SIGNAL_FLIP,5,0.17499999999999716,0.125,-1.3500000000000085,-1.65,0.2999999999999914,-0.1534512,8.5,-23.0,-1.65,-107.25,-1.364,SIGNAL_FLIP,The underlying never moved the expected way and 12C flipped to the other side.,12E-option-audit-v1,9d8fb5671d76d03c
NIF-2026-09-23-1421-612abc,NIFTY,2026-09-23,14:21,BUY_PE,PE,23450.0,NIFTY 23450 PE,STRONG,RANGE,-0.0264,ATM,9.6,0.041,23440.4,23445.3,0.020904080135141966,-0.010877470625494113,-0.016421937148761615,-0.029640876261057606,2.1728515624999947,100.0,0.010452040067563222,0.03412911042473678,0.03348918960426676,0.06804491390930653,-0.6682577565632486,-3.7708830548926042,-3.1026252983293556,-7.064439140811461,-0.4778972520908005,-3.5364396654719266,-2.867383512544803,-6.857825567502998,,False,False,False,False,False,False,False,,UNDERLYING_WRONG_OPTION_LOSS,UNDERLYING_WRONG_OPTION_LOSS,UNDERLYING_WRONG_OPTION_LOSS,,100.78,102.26,,0.986,0.5571,104.75,104.5,104.75,104.625,0.25,0.23894862604540024,-0.45642,0.00132,-6.50296,12.19661,9.750565098012274,VALID,9.795378427602518,9.718588847778799,9.774985026798257,9.723367071131468,-0.9732905683995728,IV_NEUTRAL,14:23,101.5,101.75,101.5,0.25,POSITION_SIGNAL,2,0.125,0.125,-3.0,-3.25,0.25,-0.03468245333333333,11.5,-8.95,-3.25,-211.25,-3.103,UNDERLYING_DID_NOT_CONTINUE,The underlying did not move down at any measured horizon (move to exit +0.02%).,12E-option-audit-v1,9d8fb5671d76d03c
NIF-2026-09-23-1424-0d1e20,NIFTY,2026-09-23,14:24,BUY_CE,CE,23450.0,NIFTY 23450 CE,MODERATE,RANGE,-0.006,ATM,1.6,0.0068,23448.4,23450.0,0.0068234932873822715,0.013222266296452522,0.03412911042473678,0.013862142063497139,0.6621146285950732,89.6,0.0014926391566100238,0.013646986574764543,0.02260282151447123,-0.012794049913853398,0.12320328542094923,1.2320328542094456,5.379876796714588,-2.833675564681727,0.3494347379239559,1.418293936279543,5.611510791366897,-2.6310380267214826,,,True,,True,True,True,False,,,UNDERLYING_CORRECT_OPTION_PROFITABLE,,,,108.47,,,3.1599,121.75,121.5,121.75,121.625,0.25,0.20554984583761562,0.5626,0.00155,-11.54871,12.12052,8.258906499416744,VALID,8.246395547739562,8.23250142230654,8.570557414768288,8.115081237024654,-0.2865331400280111,IV_NEUTRAL,14:33,122.55,122.8,122.35,0.25,SIGNAL_FLIP,9,0.125,0.125,1.0499999999999972,0.8,0.2499999999999971,-0.27716904,7.75,-23.75,0.8,52.0,0.657,,,12E-option-audit-v1,9d8fb5671d76d03c
NIF-2026-09-23-1435-da324a,NIFTY,2026-09-23,14:35,BUY_PE,PE,23450.0,NIFTY 23450 PE,MODERATE,RANGE,-0.0478,ATM,12.45,0.0531,23437.55,23429.85,-0.032853263246374845,-0.0334820476511477,-0.064811162870029,-0.09292670086766801,10.998175658066195,100.0,-0.0012799972693360543,0.009386646641823603,-0.005546654833799917,-0.03882658383661494,1.1726078799249533,-0.46904315196998125,2.4390243902439104,4.643527204502817,1.4322610941535625,-0.23479690068091102,2.700164357830477,4.907255224231035,,,,True,True,False,True,True,,,,UNDERLYING_CORRECT_OPTION_PROFITABLE,,,101.22,,,2.1388,106.6,106.35,106.55,106.475,0.25,0.23479690068091102,-0.45982,0.00132,-6.55857,12.19692,9.815081418178176,VALID,9.835526151038431,9.844978428269439,9.985033544608703,9.8600392979044,0.2352446839482608,IV_NEUTRAL,14:46,110.45,110.7,110.55,0.25,POSITION_SIGNAL,11,0.125,0.125,4.1000000000000085,3.85,0.25000000000000844,-0.19238471999999998,9.65,-8.35,3.85,250.25,3.612,,,12E-option-audit-v1,9d8fb5671d76d03c
NIF-2026-09-23-1447-729e39,NIFTY,2026-09-23,14:47,BUY_CE,CE,23450.0,NIFTY 23450 CE,STRONG,RANGE,-0.0294,ATM,21.15,0.0903,23428.85,23425.25,-0.015365670956954972,-0.004268059761372779,-0.003627874023150884,-0.02282988111393682,-1.6868019147481144,21.7,-0.015365670956954972,-0.0032011814493669135,0.01749979192321511,-0.023048506435432457,-3.0583873957368035,-0.9731232622798992,1.065801668211299,-2.64133456904542,-2.8518432645490406,-0.8115001159286012,1.275214467887768,-2.5272432181776106,,,,False,False,False,True,False,,,,UNDERLYING_WRONG_OPTION_LOSS,,,116.34,,,-0.7607,107.9,107.75,107.85,107.825,0.15000000000000568,0.1391143055877632,0.53543,0.00163,-11.14469,12.19851,7.948315940773389,VALID,7.893898810889481,7.987393439509029,7.928640979822757,7.973306660760788,-0.6846372274252236,IV_NEUTRAL,14:48,104.6,104.9,104.6,0.30000000000001137,SIGNAL_FLIP,1,0.07500000000000284,0.15000000000000568,-3.075000000000003,-3.3,0.22499999999999698,-0.029719173333333335,1.3,-9.9,-3.3,-214.5,-3.058,SIGNAL_FLIP,The underlying never moved the expected way and 12C flipped to the other side.,12E-option-audit-v1,9d8fb5671d76d03c
NIF-2026-09-23-1451-e4c468,NIFTY,2026-09-23,14:51,BUY_CE,CE,23450.0,NIFTY 23450 CE,STRONG,RANGE,-0.0273,ATM,21.35,0.0911,23428.65,23423.45,-0.022195047516612044,0.002347608214080145,0.014514252782794017,-0.005121671713634913,-0.11544677903486492,66.7,0.018353596984885052,0.01792676914801787,0.0032012087764339814,-0.011310937676739612,0.6925207756232686,0.2770083102493049,-1.3850415512465373,-3.785780240073864,0.9708737864077511,0.4623208506703652,-1.1326860841424027,-3.5136384650947856,,,,,True,True,False,False,,,,,,,115.46,,,-1.5023,108.3,108.0,107.95,108.15,0.29999999999999716,0.2773925104022165,0.53296,0.00162,-11.20203,12.20163,8.018161571899332,VALID,7.928640979822757,7.916675153095441,7.867912920739238,7.863830406232076,-0.5594164040762644,IV_NEUTRAL,14:57,105.05,105.15,105.0,0.10000000000000853,SIGNAL_FLIP,6,0.14999999999999858,0.05000000000000426,-3.0500000000000114,-3.25,0.19999999999998863,-0.17923248,0.9,-10.3,-3.25,-211.25,-3.001,MIXED,The underlying moved as expected and no single measured factor dominates.,12E-option-audit-v1,9d8fb5671d76d03c
NIF-2026-09-23-1503-697c80,NIFTY,2026-09-23,15:03,BUY_PE,PE,23450.0,NIFTY 23450 PE,MODERATE,RANGE,-0.0768,ITM,40.0,0.1709,23410.0,23421.55,0.04933788979068464,-0.015375679092487037,-0.051447247358789146,-0.059127769346194355,3.558718861209964,100.0,-0.002563007261847693,0.04933788979068464,0.048910721913715205,0.05019222554463904,-1.9305019305019304,-8.193908193908191,-6.006006006006006,-4.547404547404545,-1.6967353951890105,-7.9896907216494935,-5.798969072164948,-4.317010309278356,,False,False,False,False,False,False,False,,UNDERLYING_WRONG_OPTION_LOSS,UNDERLYING_WRONG_OPTION_LOSS,UNDERLYING_WRONG_OPTION_LOSS,,86.01,99.99,,0.86,-0.9085,116.55,116.25,116.3,116.4,0.29999999999999716,0.2577319587628842,-0.49717,0.00137,-6.08643,12.22518,9.523214908083395,VALID,9.33347366059985,9.215416344933255,9.408260697078207,9.49491020847231,-3.2320867072828268,IV_HEADWIND,15:06,107.0,107.2,106.9,0.20000000000000284,SIGNAL_FLIP,3,0.14999999999999858,0.10000000000000142,-9.300000000000011,-9.55,0.24999999999998934,-0.04869144,-2.25,-18.3,-9.55,-620.75,-8.194,SIGNAL_FLIP,The underlying never moved the expected way and 12C flipped to the other side.,12E-option-audit-v1,9d8fb5671d76d03c
NIF-2026-09-23-1514-8591b7,NIFTY,2026-09-23,15:14,BUY_CE,CE,23450.0,NIFTY 23450 CE,MODERATE,RANGE,0.0609,NEAR_ATM,26.35,0.1125,23423.65,23431.35,0.03287275894233857,0.00811211800997558,0.020069217449974176,0.011528140404213866,0.9645526886906058,96.3,0.03287275894233857,0.03287275894233857,0.03287275894233857,0.03287275894233857,2.482100238663479,0.38186157517900304,0.6205250596658766,2.1479713603818613,2.698829711010273,0.5015524241700555,0.7881538094100816,2.3644614282302445,True,True,True,True,True,True,True,True,UNDERLYING_CORRECT_OPTION_PROFITABLE,UNDERLYING_CORRECT_OPTION_PROFITABLE,UNDERLYING_CORRECT_OPTION_PROFITABLE,UNDERLYING_CORRECT_OPTION_PROFITABLE,,,117.91,,,-3.0878,104.75,104.6,104.75,104.675,0.15000000000000568,0.14330069262001977,0.52691,0.00164,-11.10052,12.19799,7.935537791150349,VALID,7.874418653631857,7.703152094408805,7.724938434034308,7.847236181562299,-1.112736299819819,IV_HEADWIND,15:24,107.0,107.3,106.95,0.29999999999999716,SIGNAL_FLIP,10,0.07500000000000284,0.14999999999999858,2.4750000000000085,2.25,0.22500000000000853,-0.2960138666666667,4.3,-1.2,2.25,146.25,2.148,,,12E-option-audit-v1,9d8fb5671d76d03c
SEN-2026-09-23-0920-6fd36f,SENSEX,2026-09-23,09:20,BUY_CE,CE,74800.0,SENSEX 74800 CE,STRONG,UNKNOWN,,ATM,8.5,0.0114,74791.5,74748.49,-0.0575065348334968,0.07597539670985431,0.12191362218397805,0.07333747320091065,10.22129710780017,100.0,0.0008289712066148472,-0.025149916768613643,-0.12129720623333021,-0.18203940287331338,0.4566210045662123,-1.9853087155052611,-15.862616636887031,-23.2479650585666,0.705695258920598,-1.828844051287135,-15.674386243912119,-23.089156147500244,,False,False,False,True,False,False,False,,UNDERLYING_WRONG_OPTION_LOSS,UNDERLYING_WRONG_OPTION_LOSS,UNDERLYING_WRONG_OPTION_LOSS,129.22,126.84,153.5,0.842,0.826,2.9443,251.85,251.2,251.9,251.52499999999998,0.6500000000000057,0.25842361594275154,0.51621,0.00066,-91.07003,19.06626,12.615620180396183,VALID,12.693032366466275,12.97324894574731,12.732311605523824,13.028815355416004,2.71854020314301,IV_TAILWIND,09:24,234.7,235.25,234.7,0.5500000000000114,SIGNAL_FLIP,4,0.32500000000000284,0.2750000000000057,-16.549999999999983,-17.15,0.6000000000000156,-0.9714136533333333,70.35,-91.35,-17.15,-343.0,-6.81,SIGNAL_FLIP,The underlying never moved the expected way and 12C flipped to the other side.,12E-option-audit-v1,9d8fb5671d76d03c
SEN-2026-09-23-0927-e5b02d,SENSEX,2026-09-23,09:27,BUY_PE,PE,74700.0,SENSEX 74700 PE,MODERATE,RANGE,-0.0476,ATM,35.1,0.047,74664.9,74666.46,0.0020893351494641037,-0.039480876676287524,-0.11182834596392657,-0.1798676567632166,21.828833418237387,100.0,0.015522688706488673,-0.01279048120333431,-0.03483564566482345,0.00018750443648811948,-0.14619883040935436,3.2372598162071844,8.500417710944024,1.3366750208855425,0.07317583106836001,3.4392640602132527,8.739284967593562,1.5785072130462077,,,True,,False,True,True,True,,,UNDERLYING_CORRECT_OPTION_PROFITABLE,,,,155.23,,,3.3316,239.4,238.9,239.4,239.15,0.5,0.20907380305247752,-0.49721,0.00066,-70.504,19.01983,12.633387902059113,VALID,12.754879025552832,12.562435516341598,12.83980110027198,12.66497769037185,-0.2858840940887319,IV_NEUTRAL,09:35,237.85,238.55,237.9,0.700000000000017,SIGNAL_FLIP,8,0.25,0.3500000000000085,-0.950000000000017,-1.55,0.599999999999983,-1.5040853333333335,31.9,-121.9,-1.55,-31.0,-0.647,LATE_ENTRY,99% of the move around this signal happened in the 5 minutes BEFORE it (-0.18% before vs +0.00% after).,12E-option-audit-v1,9d8fb5671d76d03c
SEN-2026-09-23-0937-fff58a,SENSEX,2026-09-23,09:37,BUY_CE,CE,74700.0,SENSEX 74700 CE,MODERATE,RANGE,0.0002,ATM,34.96,0.0468,74665.04,74691.2,0.035036477580409106,0.01138547272616706,0.03574569430517098,0.03503535489339965,5.055875013561886,48.0,0.020772773978302714,0.014611925474095365,0.03636239932371125,0.04904571135301059,2.4752475247524752,0.3919141914191372,2.2896039603960325,1.0726072607260704,2.736755137870495,0.6609521842404308,2.550862336052881,1.3528865021171148,True,,True,True,True,True,True,True,UNDERLYING_CORRECT_OPTION_PROFITABLE,,UNDERLYING_CORRECT_OPTION_PROFITABLE,UNDERLYING_CORRECT_OPTION_PROFITABLE,,,153.79,,,-3.0413,242.4,241.75,242.45,242.075,0.6500000000000057,0.26851182484767355,0.49861,0.00065,-92.76544,18.97409,12.899818603641599,VALID,12.831429422420676,12.716660680233586,12.479920433147246,12.080176906567393,-5.014886400960545,IV_HEADWIND,09:41,242.5,243.2,243.2,0.6999999999999886,POSITION_SIGNAL,4,0.32500000000000284,0.3499999999999943,0.7750000000000057,0.1,0.6750000000000057,-0.9894980266666666,146.1,-39.85,0.1,2.0,0.041,,,12E-option-audit-v1,9d8fb5671d76d03c
SEN-2026-09-23-0950-94559b,SENSEX,2026-09-23,09:50,BUY_PE,PE,74700.0,SENSEX 74700 PE,STRONG,RANGE,-0.0308,ATM,47.08,0.0631,74652.92,74670.23,0.023187304662694603,-0.02211078884624506,-0.06524620738013752,-0.06497864968102116,17.08660494550568,100.0,-0.022316608647060948,-0.005170594800579243,-0.04984399806463277,0.06495392276685927,3.198720511795293,-0.37984806077568517,8.476609356257505,-11.695321871251501,3.463116805124626,-0.16014412971673597,8.74787308577721,-11.490341307176454,True,,True,False,True,False,True,False,UNDERLYING_CORRECT_OPTION_PROFITABLE,,UNDERLYING_CORRECT_OPTION_PROFITABLE,UNDERLYING_WRONG_OPTION_LOSS,,176.9,152.7,,1.158,1.137,250.1,249.45,249.4,249.77499999999998,0.6500000000000057,0.26023421078971304,-0.51089,0.00066,-70.91818,18.90577,12.681232867614966,VALID,12.76807829979184,12.624578517620556,12.86864106081226,12.513343280504289,4.207086507334519,IV_TAILWIND,09:58,248.7,249.35,249.4,0.6500000000000057,POSITION_SIGNAL,8,0.32500000000000284,0.32500000000000284,-0.75,-1.4,0.6499999999999999,-1.5129211733333334,21.2,-132.6,-1.4,-28.0,-0.56,MOMENTUM_REVERSAL,"The underlying moved the right way first, then reversed (+0.02% by the exit).",12E-option-audit-v1,9d8fb5671d76d03c
SEN-2026-09-23-0959-6164ac,SENSEX,2026-09-23,09:59,BUY_CE,CE,74700.0,SENSEX 74700 CE,MODERATE,RANGE,0.0005,ATM,30.18,0.0404,74669.82,74683.83,0.018762600472312322,-0.0005490809389350221,0.037713518467645125,0.048382962604968424,13.0110159118727,100.0,0.042306249030728216,0.03498066554867193,0.0312710007871872,-0.0005222993707684976,4.200043299415465,4.156743883957577,2.576315219744541,-3.5289023598181326,4.397270659590614,4.353947795949317,2.7618325571320264,-3.379183364020354,True,True,True,,True,True,True,False,UNDERLYING_CORRECT_OPTION_PROFITABLE,UNDERLYING_CORRECT_OPTION_PROFITABLE,UNDERLYING_CORRECT_OPTION_PROFITABLE,,,,162.2,,,-2.3105,230.95,230.7,230.95,230.825,0.25,0.10830715910321673,0.50142,0.00069,-89.00757,18.87722,12.23924066718459,VALID,11.919812778979558,12.082947807319865,11.937509975473501,11.833998605099305,-1.953421824855486,IV_HEADWIND,10:03,233.3,233.9,233.2,0.5999999999999943,SIGNAL_FLIP,4,0.125,0.29999999999999716,2.775000000000034,2.35,0.425000000000034,-0.9494140799999999,157.55,-20.75,2.35,47.0,1.018,,,12E-option-audit-v1,9d8fb5671d76d03c
SEN-2026-09-23-1007-72ee5b,SENSEX,2026-09-23,10:07,BUY_PE,PE,74700.0,SENSEX 74700 PE,STRONG,RANGE,0.0251,ATM,15.45,0.0207,74684.55,74660.6,-0.032068212233985594,-0.02397511407255329,-0.011540546478339778,-0.015248486062293905,3.8431633899811204,46.9,-0.007471424812764816,-0.041106226120391824,-0.06848806078366775,0.018745510282916614,0.14960461637102918,3.419534088480445,7.501602906603981,-5.89869630262876,0.38506792170285836,3.658145256177124,7.744143758690766,-5.701144507433945,,True,True,,True,True,True,False,,UNDERLYING_CORRECT_OPTION_PROFITABLE,UNDERLYING_CORRECT_OPTION_PROFITABLE,,113.07,,156.78,0.721,,-2.9934,233.95,233.5,233.2,233.725,0.44999999999998863,0.1925339608514231,-0.49064,0.00067,-71.71327,18.83939,12.682866018803441,VALID,12.71581848663863,12.431238315242055,12.367631494212288,12.44773630369952,-0.6481434086607248,IV_NEUTRAL,10:15,243.25,243.65,243.65,0.4000000000000057,SIGNAL_FLIP,8,0.22499999999999432,0.20000000000000284,9.724999999999994,9.3,0.4249999999999936,-1.5298830933333332,18.5,-116.45,9.3,186.0,3.975,,,12E-option-audit-v1,9d8fb5671d76d03c
SEN-2026-09-23-1018-89b1a3,SENSEX,2026-09-23,10:18,BUY_CE,CE,74700.0,SENSEX 74700 CE,MODERATE,RANGE,0.0549,ATM,-20.0,0.0268,74720.0,74740.07,0.026860278372600355,0.02871541683204974,0.07956003568146275,0.11493387349663309,14.599542334096114,100.0,0.009127408993585365,0.04468683083511699,0.02075749464667393,0.04245182012848121,1.8751246758428042,6.782365848793126,5.046878116896073,9.595052862557344,2.086661341853033,7.008785942492006,5.28154952076677,9.804313099041527,,True,True,True,True,True,True,True,,UNDERLYING_CORRECT_OPTION_PROFITABLE,UNDERLYING_CORRECT_OPTION_PROFITABLE,UNDERLYING_CORRECT_OPTION_PROFITABLE,,,160.13,,,1.9576,250.65,250.15,250.8,250.4,0.5,0.1996805111821086,0.53662,0.0007,-88.08731,18.72555,11.972517358143271,VALID,12.020472506568728,11.941550906940288,12.251205598718782,12.32240370063877,1.1644687751328353,IV_TAILWIND,10:27,263.1,263.6,263.25,0.5,POSITION_SIGNAL,9,0.25,0.25,12.950000000000017,12.45,0.5000000000000178,-2.1140954400000003,137.85,-4.7,12.45,249.0,4.967,,,12E-option-audit-v1,9d8fb5671d76d03c
SEN-2026-09-23-1028-801895,SENSEX,2026-09-23,10:28,BUY_CE,CE,74800.0,SENSEX 74800 CE,STRONG,RANGE,0.0425,ATM,48.28,0.0646,74751.72,74797.28,0.060948430350495846,0.015587354948950647,0.02696316964837508,0.021689823217913955,4.369332234130258,100.0,0.005123627924550426,0.020066427902929857,0.02255466496289394,0.04572470038146683,0.3381424706943192,-0.6086564472497848,-1.5103697024346359,4.688908926961216,0.5867749943579378,-0.40622884224781497,-1.2976754682915819,4.931166779508004,,True,True,True,True,False,False,True,,UNDERLYING_CORRECT_OPTION_LOSS,UNDERLYING_CORRECT_OPTION_LOSS,UNDERLYING_CORRECT_OPTION_PROFITABLE,,,165.06,,,-5.0205,221.8,221.3,221.6,221.55,0.5,0.22568269013766643,0.4892,0.00069,-89.61684,18.7611,12.276118427796652,VALID,12.26178747472639,11.869149599599774,11.7220655528965,12.022816787139924,-6.652140869153081,IV_HEADWIND,10:53,226.85,227.4,227.4,0.5500000000000114,POSITION_SIGNAL,25,0.25,0.2750000000000057,5.574999999999989,5.05,0.5249999999999888,-5.974456,100.4,-32.8,5.05,101.0,2.277,,,12E-option-audit-v1,9d8fb5671d76d03c
SEN-2026-09-23-1056-113d5c,SENSEX,2026-09-23,10:56,BUY_CE,CE,74800.0,SENSEX 74800 CE,STRONG,RANGE,0.0145,ATM,-21.72,0.029,74821.72,74806.9,-0.019807082756192966,0.005292860946393481,0.0326749849727187,0.006175058910323098,1.5368531102979661,95.0,0.012055322973067278,-0.020020924405367756,-0.007818585298501319,0.020996576929789706,-1.1723570547099935,-5.841217605923483,-3.9489921842863,-1.3163307280954293,-0.9060955518945705,-5.621911037891271,-3.72734761120264,-1.081136738056013,,False,,True,False,False,False,False,,UNDERLYING_WRONG_OPTION_LOSS,,UNDERLYING_CORRECT_OPTION_LOSS,,,166.29,,,-2.4272,243.1,242.5,242.25,242.8,0.5999999999999943,0.24711696869851493,0.53961,0.00074,-86.1602,18.56672,11.547404809501156,VALID,11.202297280523437,11.292399922436937,11.24917154654975,10.954690616109932,-0.8227068367275902,IV_NEUTRAL,11:00,231.4,231.85,231.9,0.44999999999998863,POSITION_SIGNAL,4,0.29999999999999716,0.22499999999999432,-11.175000000000011,-11.7,0.5249999999999879,-0.9190421333333333,79.1,-54.1,-11.7,-234.0,-4.813,MIXED,The underlying moved as expected and no single measured factor dominates.,12E-option-audit-v1,9d8fb5671d76d03c
SEN-2026-09-23-1106-322d25,SENSEX,2026-09-23,11:06,BUY_CE,CE,74800.0,SENSEX 74800 CE,STRONG,RANGE,0.021,ATM,-37.43,0.05,74837.43,74869.82,0.04328048143825085,0.015088310047790246,0.012388384266016326,0.0288174153424904,2.748663101604283,85.8,0.03197597779614769,0.029129808439443888,0.041302861415742756,0.034902320937544085,5.656061551258067,1.538781451445214,4.429195258889584,3.3894780619671474,5.81867388362652,1.7903611949620115,4.684084521702925,3.653585926928272,True,True,True,True,True,True,True,True,UNDERLYING_CORRECT_OPTION_PROFITABLE,UNDERLYING_CORRECT_OPTION_PROFITABLE,UNDERLYING_CORRECT_OPTION_PROFITABLE,UNDERLYING_CORRECT_OPTION_PROFITABLE,,,172.82,,,-2.4537,240.45,239.9,239.9,240.175,0.549999999999983,0.22899968772769147,0.55462,0.00077,-82.48337,18.44268,10.954690616109932,VALID,11.177792767070711,10.551063486259759,10.677340980032833,10.75870634384717,-2.535233213525345,IV_HEADWIND,11:17,248.2,248.8,248.65,0.6000000000000227,POSITION_SIGNAL,11,0.2749999999999915,0.30000000000001137,8.324999999999989,7.75,0.5749999999999886,-2.4195121866666662,81.75,-51.45,7.75,155.0,3.223,,,12E-option-audit-v1,9d8fb5671d76d03c
SEN-2026-09-23-1118-9cf09b,SENSEX,2026-09-23,11:18,BUY_PE,PE,74800.0,SENSEX 74800 PE,STRONG,RANGE,-0.0216,ATM,-46.09,0.0616,74846.09,74864.79,0.024984605074222434,-0.031695014092474744,-0.04962391456033692,-0.04164147544375959,7.128539213229764,100.0,-0.004168554429490363,0.024984605074222434,0.020949658158505767,0.008150058339728664,0.9579439252336501,-1.3084112149532763,-0.607476635514024,-1.4719626168224327,1.2045374809963827,-1.0642030171909744,-0.4326979300666642,-1.2162320196468224,,False,False,,True,False,False,False,,UNDERLYING_WRONG_OPTION_LOSS,UNDERLYING_WRONG_OPTION_LOSS,,,,157.58,,,2.8686,214.0,213.55,213.6,213.775,0.44999999999998863,0.21050169570809898,-0.45009,0.00063,-78.55812,18.41918,13.457998176622382,VALID,13.49550055285603,13.797411928124081,13.7854236436307,13.64586279195339,2.5220225701270147,IV_TAILWIND,11:21,211.2,211.8,211.75,0.6000000000000227,SIGNAL_FLIP,3,0.22499999999999432,0.30000000000001137,-2.2750000000000057,-2.8,0.5249999999999941,-0.6284649600000001,2.05,-63.65,-2.8,-56.0,-1.308,SIGNAL_FLIP,The underlying never moved the expected way and 12C flipped to the other side.,12E-option-audit-v1,9d8fb5671d76d03c
SEN-2026-09-23-1131-2f7039,SENSEX,2026-09-23,11:31,BUY_CE,CE,74800.0,SENSEX 74800 CE,STRONG,RANGE,0.0192,ITM,-79.15,0.1057,74879.15,74894.85,0.02096711835005024,0.03366555806339824,0.03601765025177199,0.012034170097711534,-0.7526146026781395,86.8,0.01566524192650488,0.04927940554881931,0.010897559601041803,0.00888097688075884,3.543307086614173,7.519685039370088,2.9921259842519774,1.1220472440944973,3.712822532991918,7.701398463659635,3.151467402009072,1.3295253102225835,,True,,,True,True,True,True,,UNDERLYING_CORRECT_OPTION_PROFITABLE,,,,,173.62,,,1.2594,254.0,253.7,253.65,253.85,0.30000000000001137,0.11818002757534424,0.58861,0.0008,-79.87594,18.05451,10.539796020345236,VALID,10.706643191543904,10.424306399974803,10.726073556099704,10.577289249221652,2.8309446826219493,IV_TAILWIND,11:37,267.95,268.7,268.0,0.75,POSITION_SIGNAL,6,0.15000000000000568,0.375,14.474999999999994,13.95,0.524999999999995,-1.27801504,68.2,-65.0,13.95,279.0,5.492,,,12E-option-audit-v1,9d8fb5671d76d03c
SEN-2026-09-23-1143-43caa2,SENSEX,2026-09-23,11:43,BUY_CE,CE,74900.0,SENSEX 74900 CE,MODERATE,RANGE,-0.0255,ATM,13.55,0.0181,74886.45,74853.74,-0.04367946404188188,0.005782421758360669,0.001909594201875108,-0.00869240580157242,-2.7289985761746562,19.0,0.0032048521461609295,-0.005715319660631311,0.004059479385133291,-0.018855213459838652,0.2680965147453,1.364854984157925,1.4623446258834998,-2.2178893492566467,0.5001219809709714,1.5613564283971646,1.695535496462563,-2.024884118077569,,,,,True,True,True,False,,,,,,,187.39,,,0.9348,205.15,204.75,204.8,204.95,0.4000000000000057,0.19516955354964904,0.51286,0.00081,-81.31725,18.45004,10.702872252945896,VALID,10.651810119322224,10.965571949114347,10.785557711817555,10.858636091856871,5.151912288588024,IV_TAILWIND,11:51,198.0,198.35,198.5,0.3499999999999943,SIGNAL_FLIP,8,0.20000000000000284,0.17499999999999716,-6.774999999999977,-7.15,0.3750000000000231,-1.7347679999999999,57.75,-61.7,-7.15,-143.0,-3.485,MIXED,The underlying moved as expected and no single measured factor dominates.,12E-option-audit-v1,9d8fb5671d76d03c
SEN-2026-09-23-1200-0572c7,SENSEX,2026-09-23,12:00,BUY_CE,CE,74800.0,SENSEX 74800 CE,STRONG,RANGE,-0.0262,ATM,-59.36,0.0793,74859.36,74928.94,0.092947628726724,0.013894648636392781,0.021230977131337467,0.004982925132012014,1.0096930533117816,79.8,0.010593197697646647,0.053834283381534266,0.07059905401275915,0.092947628726724,1.9572598362292815,9.566606750549237,15.018973437187935,18.374276013581,2.199120351859256,9.816073570571765,15.293882447021204,18.632546981207536,,True,True,True,True,True,True,True,,UNDERLYING_CORRECT_OPTION_PROFITABLE,UNDERLYING_CORRECT_OPTION_PROFITABLE,UNDERLYING_CORRECT_OPTION_PROFITABLE,216.63,200.46,170.48,1.271,1.176,3.2582,250.35,249.85,250.35,250.1,0.5,0.19992003198720512,0.56956,0.00077,-84.1785,18.0947,11.082394335636481,VALID,11.144339585449533,11.158241499601985,11.46524740848576,11.399702348205366,2.8631720092160178,IV_TAILWIND,12:10,296.35,297.05,296.8,0.6999999999999886,POSITION_SIGNAL,10,0.25,0.3499999999999943,46.60000000000005,46.0,0.6000000000000512,-2.2447600000000003,71.85,-61.35,46.0,920.0,18.374,,,12E-option-audit-v1,9d8fb5671d76d03c
SEN-2026-09-23-1212-0ac49f,SENSEX,2026-09-23,12:12,BUY_CE,CE,74900.0,SENSEX 74900 CE,STRONG,RANGE,0.0711,ATM,-38.23,0.051,74938.23,74944.95,0.008967385538731252,0.0179112899985976,0.04146465551962205,0.008340897971733832,0.030003000300036824,100.0,0.019749599103158575,0.01347776695553901,0.010195063320816917,0.02117744174103111,3.4379372376574033,2.258644813112135,1.918848690785522,-0.9394363381970795,3.56928614277145,2.369526094781037,2.079584083183359,-0.8298340331933567,,,,True,True,True,True,False,,,,UNDERLYING_CORRECT_OPTION_LOSS,,,164.97,,,0.3977,250.15,249.95,249.8,250.05,0.20000000000001705,0.07998400319936694,0.55047,0.00073,-88.90079,18.19169,11.727241846231692,VALID,11.798161927760392,11.806830349069616,11.784185036116817,11.181401584441206,-3.2190695681178916,IV_HEADWIND,12:23,246.0,246.6,246.0,0.5999999999999943,POSITION_SIGNAL,11,0.10000000000000853,0.29999999999999716,-3.75,-4.15,0.40000000000000036,-2.6077565066666666,12.75,-106.7,-4.15,-83.0,-1.659,IV_HEADWIND,The underlying moved as expected but IV fell -3.22% over the hold.,12E-option-audit-v1,9d8fb5671d76d03c
SEN-2026-09-23-1226-6feb10,SENSEX,2026-09-23,12:26,BUY_PE,PE,74900.0,SENSEX 74900 PE,STRONG,RANGE,-0.0359,ATM,-18.15,0.0242,74918.15,74932.18,0.01872710417969322,-0.018630197388017505,-0.035759580865692635,-0.05317643838196957,5.824784813111659,100.0,0.0034704540889034514,0.01872710417969322,-0.010678320273525175,0.009543748744474778,-0.11130899376669634,-2.626892252894036,1.803205699020486,-1.91451469278717,0.11142061281337048,-2.4958217270195084,1.9721448467966622,-1.7158774373259027,,,,,False,False,True,False,,,,,,,156.55,,,0.3004,224.6,224.15,224.2,224.375,0.44999999999998863,0.2005571030640618,-0.46885,0.00064,-80.40555,18.21286,13.490948998244917,VALID,13.612614066772954,13.55637618027986,13.59817864677542,13.539721136236823,0.48497093898624094,IV_NEUTRAL,12:29,218.7,218.85,218.95,0.15000000000000568,SIGNAL_FLIP,3,0.22499999999999432,0.07500000000000284,-5.600000000000023,-5.9,0.2999999999999776,-0.6432444,41.0,-32.6,-5.9,-118.0,-2.627,LATE_ENTRY,74% of the move around this signal happened in the 5 minutes BEFORE it (-0.05% before vs +0.02% after).,12E-option-audit-v1,9d8fb5671d76d03c
SEN-2026-09-23-1232-9e7c9d,SENSEX,2026-09-23,12:32,BUY_PE,PE,74900.0,SENSEX 74900 PE,MODERATE,RANGE,-0.0647,ATM,-5.57,0.0074,74905.57,74916.49,0.01457835512098533,-0.0061139912281409055,-0.035512112419505255,-0.020261409556088288,1.4691151919866494,93.7,0.006942073867133096,0.012922937506507212,0.017034781258582987,0.023896754273406075,-2.7826468010517065,-4.097283085013144,-2.4978089395267262,-3.900087642418921,-2.5995393221454477,-3.9376988044312924,-2.27048371174729,-3.6854228364593644,,,,False,False,False,False,False,,,,UNDERLYING_WRONG_OPTION_LOSS,,,156.63,,,0.3977,228.2,227.65,228.3,227.925,0.549999999999983,0.24130744762530784,-0.47661,0.00065,-80.00577,18.20629,13.418544172950483,VALID,13.211027168007469,13.191886638804572,13.465721382936751,13.439729885479174,-1.1574327747206123,IV_HEADWIND,12:34,219.75,220.25,220.2,0.5,SIGNAL_FLIP,2,0.2749999999999915,0.25,-7.925000000000011,-8.45,0.5249999999999879,-0.42669744,37.4,-36.2,-8.45,-169.0,-3.703,SIGNAL_FLIP,The underlying never moved the expected way and 12C flipped to the other side.,12E-option-audit-v1,9d8fb5671d76d03c
SEN-2026-09-23-1241-ad2a0f,SENSEX,2026-09-23,12:41,BUY_CE,CE,74900.0,SENSEX 74900 CE,STRONG,RANGE,0.0336,ATM,-35.35,0.0472,74935.35,74921.17,-0.0189229782739489,0.009956239258847945,0.014200922499398952,0.013413359706271328,2.0467521275449747,100.0,-0.01585366585997751,-0.01203704259739105,-0.00920793724191417,-0.012757663772855164,-1.180936313791642,-1.644875579924085,-5.5040067482075,-2.636018557570645,-0.9711812519793025,-1.4145466061437748,-5.267602660192111,-2.3962841760793885,,,,,False,False,False,False,,,,,,,174.22,,,-3.6634,237.1,236.55,236.55,236.825,0.549999999999983,0.23223899503852338,0.5506,0.00078,-85.83083,18.0563,11.180786057632709,VALID,11.494597629245433,11.353939133063028,10.744856411627245,11.175830697635906,0.3297526907689447,IV_NEUTRAL,12:45,229.45,230.05,229.25,0.6000000000000227,POSITION_SIGNAL,4,0.2749999999999915,0.30000000000001137,-7.074999999999989,-7.65,0.5750000000000117,-0.9155288533333333,1.35,-93.65,-7.65,-153.0,-3.226,MIXED,The underlying moved as expected and no single measured factor dominates.,12E-option-audit-v1,9d8fb5671d76d03c
SEN-2026-09-23-1250-c00942,SENSEX,2026-09-23,12:50,BUY_CE,CE,74900.0,SENSEX 74900 CE,MODERATE,RANGE,-0.0214,ATM,-11.88,0.0159,74911.88,74917.65,0.0077023831199931475,0.007315796781063404,-0.001054561264461135,-0.012399699577560786,-2.045701849836774,41.8,0.0185684833967442,0.022800121956626566,0.0077023831199931475,0.015912028906494208,2.463382157123827,-0.39946737683089467,-3.839325343985799,-0.22192632046160676,2.7105087758275785,-0.2332814930015577,-3.62141746278605,0.0,,True,,,True,False,False,False,,UNDERLYING_CORRECT_OPTION_LOSS,,,,,177.13,,,-4.9857,225.3,224.8,224.6,225.05,0.5,0.2221728504776716,0.53212,0.00078,-86.44419,18.09622,11.252373178299349,VALID,11.175830697635906,10.757332334667334,10.660604499950704,10.96937977590807,-5.259056636069397,IV_HEADWIND,12:55,216.65,217.15,216.7,0.5,POSITION_SIGNAL,5,0.25,0.25,-8.150000000000006,-8.65,0.49999999999999467,-1.1525892000000002,13.15,-81.85,-8.65,-173.0,-3.839,IV_HEADWIND,The underlying moved as expected but IV fell -5.26% over the hold.,12E-option-audit-v1,9d8fb5671d76d03c
SEN-2026-09-23-1258-20f58f,SENSEX,2026-09-23,12:58,BUY_CE,CE,74900.0,SENSEX 74900 CE,STRONG,RANGE,0.0081,ATM,-15.09,0.0201,74915.09,74901.77,-0.01778012947724208,0.009585102561255566,-0.0034170852929819233,-0.018510866826404494,-1.4586348958913287,41.2,0.006887797905606858,0.0031769300417374613,0.016672208496319285,0.029286489544365933,2.88873843376212,3.4980816971338298,3.8591740013540883,7.628074926653115,3.1751412429378427,3.751412429378536,4.090395480225994,7.89830508474576,,,,True,True,True,True,True,,,,UNDERLYING_CORRECT_OPTION_PROFITABLE,,,181.25,,,1.0686,221.55,220.95,221.55,221.25,0.6000000000000227,0.27118644067797637,0.53528,0.00079,-85.02302,18.04756,11.015138361070349,VALID,11.252873048865547,11.417315186662673,11.123512888479016,11.35581746231545,1.0971821373979305,IV_TAILWIND,13:11,215.8,216.4,215.9,0.5999999999999943,SIGNAL_FLIP,13,0.30000000000001137,0.29999999999999716,-5.149999999999977,-5.75,0.6000000000000227,-2.9474646933333335,16.9,-78.1,-5.75,-115.0,-2.595,MIXED,The underlying moved as expected and no single measured factor dominates.,12E-option-audit-v1,9d8fb5671d76d03c
SEN-2026-09-23-1316-eafdc8,SENSEX,2026-09-23,13:16,BUY_CE,CE,74900.0,SENSEX 74900 CE,MODERATE,RANGE,-0.026,ATM,2.04,0.0027,74897.96,74900.65,0.003591553094353673,0.002870654580020873,0.009573940934543227,-0.005086662170997657,2.6723739009717615,26.7,0.017850953483907094,0.009372751941427407,0.00671580374151557,0.01803787446279546,0.0900090009000977,-1.3501350135013503,-0.9450945094509425,1.2601260126012652,0.3380281690140845,-1.0929577464788782,-0.6647887323943764,1.5323943661971857,,,,,True,False,False,True,,,,,,,176.26,,,-1.8485,222.2,221.55,222.25,221.875,0.6499999999999773,0.29295774647886297,0.52214,0.00076,-88.94566,18.00237,11.559147463151472,VALID,11.261714435867425,11.299570131384074,11.378449084383734,11.407849279788353,-1.0539997234970508,IV_HEADWIND,13:20,220.15,220.7,220.1,0.549999999999983,SIGNAL_FLIP,4,0.32499999999998863,0.2749999999999915,-1.4499999999999886,-2.05,0.6000000000000112,-0.9487537066666667,3.75,-78.75,-2.05,-41.0,-0.923,IV_HEADWIND,The underlying moved as expected but IV fell -1.05% over the hold.,12E-option-audit-v1,9d8fb5671d76d03c
SEN-2026-09-23-1321-8b0b4d,SENSEX,2026-09-23,13:21,BUY_CE,CE,74900.0,SENSEX 74900 CE,MODERATE,RANGE,0.0016,ATM,-2.99,0.004,74902.99,74902.61,-0.0005073228718969117,0.0031241384420710094,-0.002189450772267906,0.00671580374151557,-0.6647887323943764,67.8,0.006608547936467008,0.01036006706807667,0.011321310404292172,-0.05135976547798848,1.608518350702316,1.1780697779791676,1.948346171273227,-11.48618033529678,1.8489110707804073,1.451905626134322,2.211887477313988,-11.252268602540829,,,,False,True,True,True,False,,,,UNDERLYING_WRONG_OPTION_LOSS,,219.09,178.35,,1.228,0.1927,220.7,220.1,220.3,220.39999999999998,0.5999999999999943,0.2722323049001789,0.5248,0.00078,-87.85094,17.97252,11.378449084383734,VALID,11.349646380044234,11.377731258529343,11.407849279788353,11.123390001883465,-1.2360861812313364,IV_HEADWIND,13:28,216.5,217.0,217.15,0.5,SIGNAL_FLIP,7,0.29999999999999716,0.25,-3.6499999999999773,-4.2,0.5500000000000229,-1.6398842133333333,5.25,-77.25,-4.2,-84.0,-1.903,SIGNAL_FLIP,The underlying never moved the expected way and 12C flipped to the other side.,12E-option-audit-v1,9d8fb5671d76d03c
SEN-2026-09-23-1333-2a5413,SENSEX,2026-09-23,13:33,BUY_PE,PE,74800.0,SENSEX 74800 PE,MODERATE,RANGE,-0.092,ATM,-42.41,0.0567,74842.41,74819.31,-0.030864853229613822,-0.021907909035682214,-0.04012156674450162,-0.08037103112961896,11.815920398009967,100.0,-0.01565957055632116,-0.03814682076646504,-0.03635639205098607,-0.006760872612196309,1.5308641975308614,6.172839506172839,2.1481481481481453,-3.7037037037037033,1.7797552836484956,6.402175256457787,2.385366456556662,-3.472994685452975,,True,True,,True,True,True,False,,UNDERLYING_CORRECT_OPTION_PROFITABLE,UNDERLYING_CORRECT_OPTION_PROFITABLE,,,,167.09,,,-3.6894,202.5,202.05,202.15,202.275,0.44999999999998863,0.22246941045605664,-0.45159,0.00067,-79.36003,17.80391,13.120514340649741,VALID,13.009298145895585,13.137183097337768,12.733406056255564,12.651106037986235,-0.546887642150141,IV_NEUTRAL,13:39,211.0,211.5,211.15,0.5,POSITION_SIGNAL,6,0.22499999999999432,0.25,8.974999999999994,8.5,0.4749999999999943,-1.26976048,12.5,-52.15,8.5,170.0,4.198,,,12E-option-audit-v1,9d8fb5671d76d03c
SEN-2026-09-23-1342-b638ba,SENSEX,2026-09-23,13:42,BUY_CE,CE,74800.0,SENSEX 74800 CE,MODERATE,RANGE,-0.0364,ATM,-31.58,0.0422,74831.58,74835.64,0.005425516874022534,0.01786998111822689,0.016399509698771714,0.030691650240315095,5.118727598566314,60.6,0.007710648365307902,0.003180475408917808,0.005425516874022534,-0.01010268659301016,1.9369944657300904,2.4691358024691286,-0.3831417624521097,-4.448701575138364,2.0990942994139634,2.653169952051143,-0.181140117208316,-4.240809802876926,,,,,True,True,False,False,,,,,,,174.42,,,-1.1274,234.9,234.35,234.45,234.625,0.5500000000000114,0.23441662226958396,0.54687,0.00077,-88.41099,17.76734,11.401222950741829,VALID,11.493847849386988,11.6931444547709,11.278842531794114,11.116001318436757,-1.073397296732563,IV_HEADWIND,13:47,234.0,234.4,234.2,0.4000000000000057,SIGNAL_FLIP,5,0.2750000000000057,0.20000000000000284,-0.42500000000001137,-0.9,0.47499999999998865,-1.1788132,45.6,-45.9,-0.9,-18.0,-0.383,IV_HEADWIND,The underlying moved as expected but IV fell -1.07% over the hold.,12E-option-audit-v1,9d8fb5671d76d03c
SEN-2026-09-23-1351-ff04dc,SENSEX,2026-09-23,13:51,BUY_PE,PE,74800.0,SENSEX 74800 PE,STRONG,RANGE,0.0214,ATM,-34.19,0.0457,74834.19,74828.9,-0.007068961393192267,0.00424957514272167,0.0033408306026497595,-0.005531924616702989,2.140672782874612,55.1,-0.013590044871198916,-0.02653867169538493,-0.022396180141736433,-0.01162570210220367,2.19341974077767,0.29910269192422445,3.290129611166498,1.7198404785643155,2.3827345309381407,0.523952095808389,3.5054890219561057,1.9336327345309525,,True,True,,True,True,True,True,,UNDERLYING_CORRECT_OPTION_PROFITABLE,UNDERLYING_CORRECT_OPTION_PROFITABLE,,,,170.43,,,-0.3115,200.6,200.2,200.85,200.39999999999998,0.4000000000000057,0.19960079840319644,-0.4564,0.00069,-78.25333,17.74218,12.892808869936298,VALID,12.89738252786296,12.392955136231414,12.829520902354444,12.903984552860903,-2.298338963656081,IV_HEADWIND,13:55,197.75,198.15,197.8,0.4000000000000057,SIGNAL_FLIP,4,0.20000000000000284,0.20000000000000284,-2.4499999999999886,-2.85,0.40000000000001146,-0.8347021866666667,7.1,-50.25,-2.85,-57.0,-1.421,IV_HEADWIND,The underlying moved as expected but IV fell -2.30% over the hold.,12E-option-audit-v1,9d8fb5671d76d03c
SEN-2026-09-23-1401-3b8c4f,SENSEX,2026-09-23,14:01,BUY_CE,CE,74800.0,SENSEX 74800 CE,MODERATE,RANGE,-0.0116,ATM,-25.49,0.0341,74825.49,74889.44,0.08546552785688016,0.013192432275519332,0.017590683247004194,0.01077289075555285,-0.0341102899374593,22.6,-0.007604360492664101,0.028118760064242274,0.032462199712950224,0.05706611476917437,0.6590909090909038,7.5,7.2727272727272725,17.045454545454543,0.8644222020018095,7.6888080072793334,7.484076433121014,17.288444040036396,,True,True,True,True,True,True,True,,UNDERLYING_CORRECT_OPTION_PROFITABLE,UNDERLYING_CORRECT_OPTION_PROFITABLE,UNDERLYING_CORRECT_OPTION_PROFITABLE,,302.95,185.35,,1.635,1.4673,220.0,219.6,220.0,219.8,0.4000000000000057,0.18198362147406993,0.54446,0.00082,-84.9035,17.68868,10.828832176516446,VALID,11.192790635186528,11.126871550985843,11.030923685793939,11.675059808929648,1.3797137722653572,IV_TAILWIND,14:16,258.0,258.35,258.0,0.35000000000002274,SIGNAL_FLIP,15,0.20000000000000284,0.17500000000001137,38.375,38.0,0.375,-3.39614,60.5,-31.0,38.0,760.0,17.273,,,12E-option-audit-v1,9d8fb5671d76d03c
SEN-2026-09-23-1421-e48018,SENSEX,2026-09-23,14:21,BUY_PE,PE,74900.0,SENSEX 74900 PE,MODERATE,RANGE,-0.0261,ATM,51.37,0.0686,74848.63,74883.03,0.04595942504224083,-0.012770813721247698,-0.03273537078850274,-0.05449366426027177,4.748235856954901,100.0,0.01118256940707578,0.04595942504224083,0.0441023436233833,0.08815124605486556,-1.3242009132420118,-4.657534246575337,-3.2876712328767073,-12.260273972602736,-1.176067595341397,-4.532998401461513,-3.151404430235203,-12.137474309203009,,False,False,False,False,False,False,False,,UNDERLYING_WRONG_OPTION_LOSS,UNDERLYING_WRONG_OPTION_LOSS,UNDERLYING_WRONG_OPTION_LOSS,,137.69,177.05,,0.778,4.6567,219.0,218.9,219.35,218.95,0.09999999999999432,0.04567252797442079,-0.5179,0.00077,-69.68625,17.69137,11.663974333098436,VALID,11.729792001402858,12.04856002835442,12.210632927049817,12.020752471884864,3.29720971834325,IV_TAILWIND,14:24,208.8,209.25,208.65,0.44999999999998863,SIGNAL_FLIP,3,0.04999999999999716,0.22499999999999432,-9.924999999999983,-10.2,0.27500000000001634,-0.55749,38.15,-27.0,-10.2,-204.0,-4.658,SIGNAL_FLIP,The underlying never moved the expected way and 12C flipped to the other side.,12E-option-audit-v1,9d8fb5671d76d03c
SEN-2026-09-23-1432-f86684,SENSEX,2026-09-23,14:32,BUY_PE,PE,74900.0,SENSEX 74900 PE,MODERATE,RANGE,0.0599,ATM,-1.81,0.0024,74901.81,74828.74,-0.09755438486732489,-0.01708611978358148,0.0031108360164873593,0.022567964627311667,-2.7168615984405404,30.6,-0.010760754646646952,-0.061881014624334534,-0.07031872794529032,-0.07218784165561878,1.4260695521641202,11.908931698774087,16.737553164873663,19.689767325494117,1.6656230432060055,12.197871008140275,17.031934877896056,19.987476518472125,,True,True,True,True,True,True,True,,UNDERLYING_CORRECT_OPTION_PROFITABLE,UNDERLYING_CORRECT_OPTION_PROFITABLE,UNDERLYING_CORRECT_OPTION_PROFITABLE,242.21,276.88,179.25,1.351,1.545,4.4275,199.85,199.4,199.8,199.625,0.44999999999998863,0.22542266750155976,-0.47772,0.00074,-73.67754,17.64139,12.08588466732018,VALID,12.025027058592821,12.18980150616538,12.551816482362227,12.852582100147409,-0.16135659920556805,IV_NEUTRAL,14:46,235.55,236.25,235.65,0.6999999999999886,SIGNAL_FLIP,14,0.22499999999999432,0.3499999999999943,36.275000000000006,35.7,0.5750000000000028,-2.7506281599999998,57.3,2.85,35.7,714.0,17.863,,,12E-option-audit-v1,9d8fb5671d76d03c
SEN-2026-09-23-1448-45f8b4,SENSEX,2026-09-23,14:48,BUY_PE,PE,74800.0,SENSEX 74800 PE,MODERATE,RANGE,-0.0639,ATM,-9.05,0.0121,74809.05,74844.47,0.047347212670122464,-0.025217859857651185,-0.004357571634928478,-0.034983523134749527,0.9326689663983587,100.0,0.01965002897376332,0.020679316205728,0.024275137834264028,-0.002472962830039709,-3.919089759797725,-4.424778761061947,-5.3097345132743365,-3.2111251580278095,-3.670886075949367,-4.177215189873418,-5.063291139240507,-2.9620253164556933,,False,False,,False,False,False,False,,UNDERLYING_WRONG_OPTION_LOSS,UNDERLYING_WRONG_OPTION_LOSS,,,,179.02,,,-0.7177,197.75,197.25,197.2,197.5,0.5,0.25316455696202533,-0.47261,0.00074,-74.75165,17.52869,12.195807006248604,VALID,12.203074091561135,12.15327168929854,12.128233529646737,11.875193793664407,-1.2892162049553197,IV_HEADWIND,14:52,179.3,179.8,179.25,0.5,SIGNAL_FLIP,4,0.25,0.25,-17.94999999999999,-18.45,0.5000000000000107,-0.7973509333333333,8.7,-40.0,-18.45,-369.0,-9.33,SIGNAL_FLIP,The underlying never moved the expected way and 12C flipped to the other side.,12E-option-audit-v1,9d8fb5671d76d03c
SEN-2026-09-23-1456-080df4,SENSEX,2026-09-23,14:56,BUY_CE,CE,74800.0,SENSEX 74800 CE,MODERATE,RANGE,0.0173,ATM,-41.71,0.0557,74841.71,74809.13,-0.04353187547425325,-0.006172647342889549,0.019377977610016462,0.022973752454412442,0.9155174411866935,54.3,-0.04353187547425325,-0.0682373505362277,-0.038534662022034316,-0.07550602464856737,-3.9458591420050446,-8.878183069511355,-3.464097270016051,-8.579949529708644,-3.7207165824529147,-8.693155718879197,-3.2384014699127164,-8.383096003674781,False,False,False,False,False,False,False,False,UNDERLYING_WRONG_OPTION_LOSS,UNDERLYING_WRONG_OPTION_LOSS,UNDERLYING_WRONG_OPTION_LOSS,UNDERLYING_WRONG_OPTION_LOSS,,111.03,192.61,,0.576,4.1838,217.95,217.45,217.0,217.7,0.5,0.22967386311437762,0.56027,0.00087,-82.58806,17.33864,10.338336700079562,VALID,10.95421313949487,10.89249623763465,10.867672850472946,11.007256333780594,5.9572101130210635,IV_TAILWIND,14:57,209.35,209.85,209.95,0.5,SIGNAL_FLIP,1,0.25,0.25,-8.099999999999994,-8.6,0.5000000000000053,-0.22023482666666666,4.45,-28.95,-8.6,-172.0,-3.946,SIGNAL_FLIP,The underlying never moved the expected way and 12C flipped to the other side.,12E-option-audit-v1,9d8fb5671d76d03c
SEN-2026-09-23-1501-fea5fc,SENSEX,2026-09-23,15:01,BUY_CE,CE,74800.0,SENSEX 74800 CE,MODERATE,RANGE,-0.0156,ATM,-12.87,0.0172,74812.87,74772.02,-0.05460290455371017,0.019438936671438516,0.007579484327709437,-0.038534662022034316,-3.2384014699127164,43.7,-0.032587975838903264,-0.07377072955495803,-0.03698561490823471,-0.030409206330408126,-8.27406353722144,-9.530583214793738,-5.5239449976292105,-4.694167852062591,-8.07025872300025,-9.316401614051745,-5.316876335153106,-4.4623783527177805,False,False,False,False,False,False,False,False,UNDERLYING_WRONG_OPTION_LOSS,UNDERLYING_WRONG_OPTION_LOSS,UNDERLYING_WRONG_OPTION_LOSS,UNDERLYING_WRONG_OPTION_LOSS,,,189.48,,,1.6913,210.9,210.4,210.15,210.65,0.5,0.23736055067647754,0.53353,0.00083,-86.35377,17.44632,10.867672850472946,VALID,10.645768709033687,11.338990389533842,11.007256333780594,11.138182529831985,-0.08288531255159985,IV_NEUTRAL,15:03,189.0,189.5,189.0,0.5,SIGNAL_FLIP,2,0.25,0.25,-21.400000000000006,-21.9,0.4999999999999929,-0.46055344,11.5,-21.9,-21.9,-438.0,-10.384,SIGNAL_FLIP,The underlying never moved the expected way and 12C flipped to the other side.,12E-option-audit-v1,9d8fb5671d76d03c
SEN-2026-09-23-1510-1725ec,SENSEX,2026-09-23,15:10,BUY_PE,PE,74800.0,SENSEX 74800 PE,STRONG,RANGE,-0.0263,ATM,21.32,0.0285,74778.68,74795.42,0.022386059769984226,-0.0205631302806729,-0.015256031915462988,0.0006017794216272432,1.0458360232408033,45.9,0.015298478122377033,0.022386059769984226,0.02130286332950457,0.02130286332950457,-0.8939974457215836,-1.7113665389527428,-7.560664112388256,-11.00893997445722,-0.7666751852798365,-1.5716841298236732,-7.5006388959877395,-10.861231791464364,,False,False,False,False,False,False,False,,UNDERLYING_WRONG_OPTION_LOSS,UNDERLYING_WRONG_OPTION_LOSS,UNDERLYING_WRONG_OPTION_LOSS,,,189.28,,,-3.4684,195.75,195.55,195.6,195.65,0.19999999999998863,0.10222335803730571,-0.49523,0.0008,-68.90525,17.45535,11.327661538717287,VALID,11.514401806847351,11.772893503631614,10.96464570714224,10.592799254894379,3.930484358069411,IV_TAILWIND,15:13,192.4,192.75,192.45,0.3499999999999943,POSITION_SIGNAL,3,0.09999999999999432,0.17499999999999716,-3.075000000000017,-3.35,0.27499999999998304,-0.551242,-1.75,-38.0,-3.35,-67.0,-1.711,UNDERLYING_DID_NOT_CONTINUE,The underlying did not move down at any measured horizon (move to exit +0.02%).,12E-option-audit-v1,9d8fb5671d76d03c
SEN-2026-09-23-1520-2cd77e,SENSEX,2026-09-23,15:20,BUY_CE,CE,74800.0,SENSEX 74800 CE,MODERATE,RANGE,0.0213,ATM,5.39,0.0072,74794.61,74794.61,0.0,0.0,0.0,0.0,0.6717627982395261,100.0,0.0,0.0,0.0,,2.021594302779695,-2.664828853664145,-1.8607856650585854,,2.3124712379199157,-2.3930050621261008,-1.59917165209389,,,,,,True,False,False,,,,,,,,177.88,,,-1.5992,217.65,216.95,217.7,217.3,0.700000000000017,0.3221352968246742,0.51678,0.00077,-93.94809,17.39638,11.919277201475891,VALID,12.173156905336132,11.622750394345179,11.702062729008839,,-2.4877918527978817,IV_HEADWIND,15:23,211.85,212.35,212.35,0.5,POSITION_SIGNAL,3,0.3500000000000085,0.25,-5.200000000000017,-5.8,0.5999999999999828,-0.75158472,4.75,-16.35,-5.8,-116.0,-2.665,IV_HEADWIND,The underlying moved as expected but IV fell -2.49% over the hold.,12E-option-audit-v1,9d8fb5671d76d03c
