signal_id,timestamp,market,contract,side,strike,quantity,entry_ask,exit_bid,exit_minute,exit_reason,pnl_per_unit_reported,pnl_per_unit_expected,pnl_cash_reported,pnl_cash_expected,identity_ok
NIF-2026-09-22-1502-a5d15a,2026-09-22 15:02,NIFTY,NIFTY 23350 CE,CE,23350.0,65.0,40.45,35.95,15:03,STOP_LOSS,-4.5,-4.5,-292.5,-292.5,True
SEN-2026-09-21-0920-1fc6f7,2026-09-21 09:20,SENSEX,SENSEX 74700 CE,CE,74700.0,20.0,380.45,367.25,09:23,SIGNAL_FLIP,-13.2,-13.2,-264.0,-264.0,True
SEN-2026-09-21-0924-f68d4a,2026-09-21 09:24,SENSEX,SENSEX 74700 CE,CE,74700.0,20.0,378.0,392.05,09:34,POSITION_SIGNAL,14.05,14.05,281.0,281.0,True
SEN-2026-09-21-0936-9b275a,2026-09-21 09:36,SENSEX,SENSEX 74800 CE,CE,74800.0,20.0,354.2,340.4,09:39,POSITION_SIGNAL,-13.8,-13.8,-276.0,-276.0,True
NIF-2026-09-22-0918-1c42be,2026-09-22 09:18,NIFTY,NIFTY 23450 PE,PE,23450.0,65.0,52.55,50.95,09:20,POSITION_SIGNAL,-1.6,-1.6,-104.0,-104.0,True
NIF-2026-09-22-0923-6a4138,2026-09-22 09:23,NIFTY,NIFTY 23450 PE,PE,23450.0,65.0,53.85,46.25,09:30,STOP_LOSS,-7.6,-7.6,-494.0,-494.0,True
NIF-2026-09-22-0931-4b297f,2026-09-22 09:31,NIFTY,NIFTY 23450 CE,CE,23450.0,65.0,44.95,42.4,09:33,SIGNAL_FLIP,-2.55,-2.55,-165.75,-165.75,True
SEN-2026-09-22-0921-f25d4b,2026-09-22 09:21,SENSEX,SENSEX 74900 PE,PE,74900.0,20.0,305.4,283.0,09:30,POSITION_SIGNAL,-22.4,-22.4,-448.0,-448.0,True
SEN-2026-09-22-0936-b92fd3,2026-09-22 09:36,SENSEX,SENSEX 74900 PE,PE,74900.0,20.0,290.4,270.35,09:38,SIGNAL_FLIP,-20.05,-20.05,-401.0,-401.0,True
NIF-2026-09-23-0919-e5991f,2026-09-23 09:19,NIFTY,NIFTY 23400 CE,CE,23400.0,65.0,129.9,132.05,09:23,SIGNAL_FLIP,2.15,2.15,139.75,139.75,True
SEN-2026-09-23-0920-6fd36f,2026-09-23 09:20,SENSEX,SENSEX 74800 CE,CE,74800.0,20.0,251.85,234.7,09:24,SIGNAL_FLIP,-17.15,-17.15,-343.0,-343.0,True
SEN-2026-09-23-0927-e5b02d,2026-09-23 09:27,SENSEX,SENSEX 74700 PE,PE,74700.0,20.0,239.4,237.85,09:35,SIGNAL_FLIP,-1.55,-1.55,-31.0,-31.0,True
SEN-2026-09-23-0937-fff58a,2026-09-23 09:37,SENSEX,SENSEX 74700 CE,CE,74700.0,20.0,242.4,242.5,09:41,POSITION_SIGNAL,0.1,0.1,2.0,2.0,True
NIF-2026-07-20-1106-811697,2026-07-20 11:06,NIFTY,NIFTY 24200 PE,PE,24200.0,65.0,88.35,84.7,11:07,SIGNAL_FLIP,-3.65,-3.65,-237.25,-237.25,True
NIF-2026-07-20-1114-81a90b,2026-07-20 11:14,NIFTY,NIFTY 24200 PE,PE,24200.0,65.0,87.8,86.9,11:19,POSITION_SIGNAL,-0.9,-0.9,-58.5,-58.5,True
NIF-2026-07-20-1121-0ff132,2026-07-20 11:21,NIFTY,NIFTY 24200 CE,CE,24200.0,65.0,85.0,78.1,11:24,SIGNAL_FLIP,-6.9,-6.9,-448.5,-448.5,True
NIF-2026-07-20-1127-c3cdf7,2026-07-20 11:27,NIFTY,NIFTY 24200 CE,CE,24200.0,65.0,81.2,74.7,11:29,SIGNAL_FLIP,-6.5,-6.5,-422.5,-422.5,True
NIF-2026-07-20-1134-cae05e,2026-07-20 11:34,NIFTY,NIFTY 24200 CE,CE,24200.0,65.0,75.5,74.3,11:35,SIGNAL_FLIP,-1.2,-1.2,-78.0,-78.0,True
NIF-2026-07-20-1138-0b680b,2026-07-20 11:38,NIFTY,NIFTY 24200 CE,CE,24200.0,65.0,79.4,75.25,11:40,SIGNAL_FLIP,-4.15,-4.15,-269.75,-269.75,True
NIF-2026-07-20-1143-b7b6e1,2026-07-20 11:43,NIFTY,NIFTY 24200 PE,PE,24200.0,65.0,95.95,98.05,11:59,POSITION_SIGNAL,2.1,2.1,136.5,136.5,True
NIF-2026-07-20-1200-ff4d79,2026-07-20 12:00,NIFTY,NIFTY 24150 CE,CE,24150.0,65.0,91.35,85.8,12:02,SIGNAL_FLIP,-5.55,-5.55,-360.75,-360.75,True
NIF-2026-07-20-1209-192b57,2026-07-20 12:09,NIFTY,NIFTY 24150 PE,PE,24150.0,65.0,79.95,72.75,12:11,POSITION_SIGNAL,-7.2,-7.2,-468.0,-468.0,True
NIF-2026-07-20-1224-90acf7,2026-07-20 12:24,NIFTY,NIFTY 24150 PE,PE,24150.0,65.0,75.4,75.45,12:32,POSITION_SIGNAL,0.05,0.05,3.25,3.25,True
NIF-2026-07-20-1234-25c58a,2026-07-20 12:34,NIFTY,NIFTY 24150 PE,PE,24150.0,65.0,77.5,80.05,12:41,POSITION_SIGNAL,2.55,2.55,165.75,165.75,True
NIF-2026-07-20-1243-239a8b,2026-07-20 12:43,NIFTY,NIFTY 24150 PE,PE,24150.0,65.0,81.65,86.85,12:52,POSITION_SIGNAL,5.2,5.2,338.0,338.0,True
NIF-2026-07-20-1257-2a9eae,2026-07-20 12:57,NIFTY,NIFTY 24150 CE,CE,24150.0,65.0,84.6,87.5,13:02,SIGNAL_FLIP,2.9,2.9,188.5,188.5,True
NIF-2026-07-20-1313-7d40b9,2026-07-20 13:13,NIFTY,NIFTY 24200 CE,CE,24200.0,65.0,69.9,87.15,13:18,POSITION_SIGNAL,17.25,17.25,1121.25,1121.25,True
NIF-2026-07-20-1322-7944dc,2026-07-20 13:22,NIFTY,NIFTY 24250 CE,CE,24250.0,65.0,71.8,73.5,13:38,POSITION_SIGNAL,1.7,1.7,110.5,110.5,True
NIF-2026-07-20-1345-52dcee,2026-07-20 13:45,NIFTY,NIFTY 24250 CE,CE,24250.0,65.0,75.4,74.1,13:52,POSITION_SIGNAL,-1.3,-1.3,-84.5,-84.5,True
NIF-2026-07-20-1356-09af84,2026-07-20 13:56,NIFTY,NIFTY 24250 CE,CE,24250.0,65.0,78.8,70.1,14:36,STOP_LOSS,-8.7,-8.7,-565.5,-565.5,True
NIF-2026-07-20-1447-3d280a,2026-07-20 14:47,NIFTY,NIFTY 24250 CE,CE,24250.0,65.0,72.85,71.3,14:51,POSITION_SIGNAL,-1.55,-1.55,-100.75,-100.75,True
NIF-2026-07-20-1452-bf9757,2026-07-20 14:52,NIFTY,NIFTY 24250 CE,CE,24250.0,65.0,74.5,73.55,14:56,POSITION_SIGNAL,-0.95,-0.95,-61.75,-61.75,True
NIF-2026-07-20-1459-0387d9,2026-07-20 14:59,NIFTY,NIFTY 24250 PE,PE,24250.0,65.0,81.35,76.7,15:02,POSITION_SIGNAL,-4.65,-4.65,-302.25,-302.25,True
NIF-2026-07-20-1505-f781e4,2026-07-20 15:05,NIFTY,NIFTY 24250 PE,PE,24250.0,65.0,80.35,74.85,15:07,SIGNAL_FLIP,-5.5,-5.5,-357.5,-357.5,True
NIF-2026-07-20-1514-2888b9,2026-07-20 15:14,NIFTY,NIFTY 24250 PE,PE,24250.0,65.0,75.15,73.05,15:15,SIGNAL_FLIP,-2.1,-2.1,-136.5,-136.5,True
NIF-2026-07-20-1520-1d9afb,2026-07-20 15:20,NIFTY,NIFTY 24250 CE,CE,24250.0,65.0,73.0,71.4,15:22,POSITION_SIGNAL,-1.6,-1.6,-104.0,-104.0,True
NIF-2026-07-20-1525-93d54f,2026-07-20 15:25,NIFTY,NIFTY 24250 CE,CE,24250.0,65.0,75.0,75.4,15:29,SESSION_END,0.4,0.4,26.0,26.0,True
SEN-2026-07-20-1107-21cf73,2026-07-20 11:07,SENSEX,SENSEX 77600 CE,CE,77600.0,20.0,451.8,443.6,11:12,POSITION_SIGNAL,-8.2,-8.2,-164.0,-164.0,True
SEN-2026-07-20-1113-a3e3ea,2026-07-20 11:13,SENSEX,SENSEX 77600 PE,PE,77600.0,20.0,451.7,452.8,11:18,POSITION_SIGNAL,1.1,1.1,22.0,22.0,True
SEN-2026-07-20-1119-9d0be0,2026-07-20 11:19,SENSEX,SENSEX 77600 CE,CE,77600.0,20.0,435.75,426.8,11:24,SIGNAL_FLIP,-8.95,-8.95,-179.0,-179.0,True
SEN-2026-07-20-1127-7c5b47,2026-07-20 11:27,SENSEX,SENSEX 77600 CE,CE,77600.0,20.0,439.75,417.3,11:29,SIGNAL_FLIP,-22.45,-22.45,-449.0,-449.0,True
SEN-2026-07-20-1136-e2e4dd,2026-07-20 11:36,SENSEX,SENSEX 77500 PE,PE,77500.0,20.0,431.15,416.45,11:38,SIGNAL_FLIP,-14.7,-14.7,-294.0,-294.0,True
SEN-2026-07-20-1140-182554,2026-07-20 11:40,SENSEX,SENSEX 77500 PE,PE,77500.0,20.0,428.7,437.55,11:59,POSITION_SIGNAL,8.85,8.85,177.0,177.0,True
SEN-2026-07-20-1202-dc22e2,2026-07-20 12:02,SENSEX,SENSEX 77500 PE,PE,77500.0,20.0,463.4,459.15,12:07,SIGNAL_FLIP,-4.25,-4.25,-85.0,-85.0,True
SEN-2026-07-20-1224-601d90,2026-07-20 12:24,SENSEX,SENSEX 77500 PE,PE,77500.0,20.0,452.95,472.35,12:42,POSITION_SIGNAL,19.4,19.4,388.0,388.0,True
SEN-2026-07-20-1243-646edb,2026-07-20 12:43,SENSEX,SENSEX 77400 PE,PE,77400.0,20.0,437.65,457.9,12:52,POSITION_SIGNAL,20.25,20.25,405.0,405.0,True
SEN-2026-07-20-1253-72f262,2026-07-20 12:53,SENSEX,SENSEX 77400 CE,CE,77400.0,20.0,449.8,483.55,13:02,SIGNAL_FLIP,33.75,33.75,675.0,675.0,True
SEN-2026-07-20-1313-5e6d74,2026-07-20 13:13,SENSEX,SENSEX 77500 CE,CE,77500.0,20.0,447.35,500.75,13:18,SIGNAL_FLIP,53.4,53.4,1068.0,1068.0,True
SEN-2026-07-20-1322-3005fb,2026-07-20 13:22,SENSEX,SENSEX 77700 CE,CE,77700.0,20.0,421.15,434.9,13:31,POSITION_SIGNAL,13.75,13.75,275.0,275.0,True
SEN-2026-07-20-1334-c7e459,2026-07-20 13:34,SENSEX,SENSEX 77700 CE,CE,77700.0,20.0,449.55,446.6,13:39,SIGNAL_FLIP,-2.95,-2.95,-59.0,-59.0,True
SEN-2026-07-20-1347-a17632,2026-07-20 13:47,SENSEX,SENSEX 77800 CE,CE,77800.0,20.0,407.85,409.7,13:51,SIGNAL_FLIP,1.85,1.85,37.0,37.0,True
SEN-2026-07-20-1356-058bfd,2026-07-20 13:56,SENSEX,SENSEX 77800 CE,CE,77800.0,20.0,412.0,399.95,14:57,POSITION_SIGNAL,-12.05,-12.05,-241.0,-241.0,True
SEN-2026-07-20-1459-53347f,2026-07-20 14:59,SENSEX,SENSEX 77700 PE,PE,77700.0,20.0,405.0,395.4,15:07,SIGNAL_FLIP,-9.6,-9.6,-192.0,-192.0,True
SEN-2026-07-20-1511-ff11a2,2026-07-20 15:11,SENSEX,SENSEX 77800 CE,CE,77800.0,20.0,398.65,402.75,15:19,POSITION_SIGNAL,4.1,4.1,82.0,82.0,True
SEN-2026-07-20-1525-f349f9,2026-07-20 15:25,SENSEX,SENSEX 77800 CE,CE,77800.0,20.0,408.35,406.4,15:28,SIGNAL_FLIP,-1.95,-1.95,-39.0,-39.0,True
NIF-2026-07-21-0932-87892c,2026-07-21 09:32,NIFTY,NIFTY 24250 PE,PE,24250.0,65.0,55.5,58.0,09:39,POSITION_SIGNAL,2.5,2.5,162.5,162.5,True
NIF-2026-07-21-0949-f09498,2026-07-21 09:49,NIFTY,NIFTY 24200 PE,PE,24200.0,65.0,36.45,30.85,09:51,STOP_LOSS,-5.6,-5.6,-364.0,-364.0,True
NIF-2026-07-21-0956-a0b36b,2026-07-21 09:56,NIFTY,NIFTY 24250 PE,PE,24250.0,65.0,54.85,52.3,10:00,POSITION_SIGNAL,-2.55,-2.55,-165.75,-165.75,True
NIF-2026-07-21-1002-37f415,2026-07-21 10:02,NIFTY,NIFTY 24200 PE,PE,24200.0,65.0,33.45,29.6,10:07,STOP_LOSS,-3.85,-3.85,-250.25,-250.25,True
NIF-2026-07-21-1012-a7cba0,2026-07-21 10:12,NIFTY,NIFTY 24200 PE,PE,24200.0,65.0,32.2,44.7,10:29,POSITION_SIGNAL,12.5,12.5,812.5,812.5,True
NIF-2026-07-21-1033-645c9a,2026-07-21 10:33,NIFTY,NIFTY 24200 PE,PE,24200.0,65.0,48.5,49.3,10:43,POSITION_SIGNAL,0.8,0.8,52.0,52.0,True
NIF-2026-07-21-1046-94b15c,2026-07-21 10:46,NIFTY,NIFTY 24200 PE,PE,24200.0,65.0,51.15,55.65,10:55,POSITION_SIGNAL,4.5,4.5,292.5,292.5,True
NIF-2026-07-21-1109-9c3f2a,2026-07-21 11:09,NIFTY,NIFTY 24200 PE,PE,24200.0,65.0,45.15,47.7,11:26,POSITION_SIGNAL,2.55,2.55,165.75,165.75,True
NIF-2026-07-21-1128-52760a,2026-07-21 11:28,NIFTY,NIFTY 24150 PE,PE,24150.0,65.0,28.1,24.2,11:32,STOP_LOSS,-3.9,-3.9,-253.5,-253.5,True
NIF-2026-07-21-1137-8c61ef,2026-07-21 11:37,NIFTY,NIFTY 24200 PE,PE,24200.0,65.0,47.6,57.15,11:48,POSITION_SIGNAL,9.55,9.55,620.75,620.75,True
NIF-2026-09-10-1530-e4473b,2026-09-10 15:30,NIFTY,NIFTY 23450 CE,CE,23450.0,65.0,109.1,,,STILL_OPEN,,,,,True
NIF-2026-07-21-1152-9157c0,2026-07-21 11:52,NIFTY,NIFTY 24150 PE,PE,24150.0,65.0,29.55,25.7,11:55,STOP_LOSS,-3.85,-3.85,-250.25,-250.25,True
NIF-2026-07-21-1208-cb6575,2026-07-21 12:08,NIFTY,NIFTY 24200 PE,PE,24200.0,65.0,43.95,45.1,12:21,POSITION_SIGNAL,1.15,1.15,74.75,74.75,True
NIF-2026-07-21-1240-2f9aae,2026-07-21 12:40,NIFTY,NIFTY 24200 PE,PE,24200.0,65.0,42.7,46.15,12:47,POSITION_SIGNAL,3.45,3.45,224.25,224.25,True
NIF-2026-07-21-1259-576920,2026-07-21 12:59,NIFTY,NIFTY 24150 PE,PE,24150.0,65.0,30.6,30.75,13:04,POSITION_SIGNAL,0.15,0.15,9.75,9.75,True
NIF-2026-07-21-1309-641bc3,2026-07-21 13:09,NIFTY,NIFTY 24150 PE,PE,24150.0,65.0,29.3,24.35,13:10,STOP_LOSS,-4.95,-4.95,-321.75,-321.75,True
NIF-2026-07-21-1315-1007a0,2026-07-21 13:15,NIFTY,NIFTY 24150 PE,PE,24150.0,65.0,27.1,26.35,13:19,POSITION_SIGNAL,-0.75,-0.75,-48.75,-48.75,True
NIF-2026-07-21-1323-dbac29,2026-07-21 13:23,NIFTY,NIFTY 24150 CE,CE,24150.0,65.0,34.5,30.8,13:24,STOP_LOSS,-3.7,-3.7,-240.5,-240.5,True
NIF-2026-07-21-1328-64c5ae,2026-07-21 13:28,NIFTY,NIFTY 24150 CE,CE,24150.0,65.0,38.1,33.95,13:29,STOP_LOSS,-4.15,-4.15,-269.75,-269.75,True
NIF-2026-07-21-1343-fdf8d1,2026-07-21 13:43,NIFTY,NIFTY 24200 PE,PE,24200.0,65.0,34.2,29.7,13:46,STOP_LOSS,-4.5,-4.5,-292.5,-292.5,True
NIF-2026-07-21-1347-02b2be,2026-07-21 13:47,NIFTY,NIFTY 24200 PE,PE,24200.0,65.0,34.7,32.55,13:50,POSITION_SIGNAL,-2.15,-2.15,-139.75,-139.75,True
NIF-2026-07-21-1351-da2276,2026-07-21 13:51,NIFTY,NIFTY 24200 PE,PE,24200.0,65.0,35.2,32.85,13:54,POSITION_SIGNAL,-2.35,-2.35,-152.75,-152.75,True
NIF-2026-07-21-1402-73ad0b,2026-07-21 14:02,NIFTY,NIFTY 24150 CE,CE,24150.0,65.0,32.85,33.3,14:08,POSITION_SIGNAL,0.45,0.45,29.25,29.25,True
NIF-2026-07-21-1420-cb7263,2026-07-21 14:20,NIFTY,NIFTY 24150 CE,CE,24150.0,65.0,28.5,31.25,14:26,SIGNAL_FLIP,2.75,2.75,178.75,178.75,True
SEN-2026-08-03-1201-e9a85b,2026-08-03 12:01,SENSEX,SENSEX 78800 PE,PE,78800.0,20.0,358.0,357.3,12:05,SIGNAL_FLIP,-0.7,-0.7,-14.0,-14.0,True
NIF-2026-07-21-1427-555e05,2026-07-21 14:27,NIFTY,NIFTY 24150 CE,CE,24150.0,65.0,31.2,24.15,14:30,STOP_LOSS,-7.05,-7.05,-458.25,-458.25,True
NIF-2026-07-21-1442-2c4cea,2026-07-21 14:42,NIFTY,NIFTY 24150 CE,CE,24150.0,65.0,23.05,23.7,14:47,POSITION_SIGNAL,0.65,0.65,42.25,42.25,True
NIF-2026-07-21-1450-d63f35,2026-07-21 14:50,NIFTY,NIFTY 24150 CE,CE,24150.0,65.0,31.15,26.35,14:51,STOP_LOSS,-4.8,-4.8,-312.0,-312.0,True
NIF-2026-07-21-1509-95ee2f,2026-07-21 15:09,NIFTY,NIFTY 24200 PE,PE,24200.0,65.0,16.2,14.4,15:12,STOP_LOSS,-1.8,-1.8,-117.0,-117.0,True
NIF-2026-07-21-1520-f49b27,2026-07-21 15:20,NIFTY,NIFTY 24200 PE,PE,24200.0,65.0,12.4,11.7,15:22,POSITION_SIGNAL,-0.7,-0.7,-45.5,-45.5,True
SEN-2026-07-21-0927-b77635,2026-07-21 09:27,SENSEX,SENSEX 77700 CE,CE,77700.0,20.0,373.65,340.9,09:32,SIGNAL_FLIP,-32.75,-32.75,-655.0,-655.0,True
SEN-2026-07-21-0938-c813a0,2026-07-21 09:38,SENSEX,SENSEX 77600 CE,CE,77600.0,20.0,376.85,367.8,09:41,SIGNAL_FLIP,-9.05,-9.05,-181.0,-181.0,True
SEN-2026-07-21-0946-ff5a0a,2026-07-21 09:46,SENSEX,SENSEX 77600 PE,PE,77600.0,20.0,345.7,343.0,09:52,SIGNAL_FLIP,-2.7,-2.7,-54.0,-54.0,True
SEN-2026-07-21-0954-ef0c5a,2026-07-21 09:54,SENSEX,SENSEX 77600 PE,PE,77600.0,20.0,339.3,334.7,09:55,SIGNAL_FLIP,-4.6,-4.6,-92.0,-92.0,True
SEN-2026-07-21-0956-a149f4,2026-07-21 09:56,SENSEX,SENSEX 77600 PE,PE,77600.0,20.0,340.3,340.85,10:09,POSITION_SIGNAL,0.55,0.55,11.0,11.0,True
SEN-2026-07-21-1012-497a60,2026-07-21 10:12,SENSEX,SENSEX 77600 PE,PE,77600.0,20.0,348.3,389.5,10:30,POSITION_SIGNAL,41.2,41.2,824.0,824.0,True
SEN-2026-07-21-1031-118b0c,2026-07-21 10:31,SENSEX,SENSEX 77500 CE,CE,77500.0,20.0,366.2,353.8,10:33,SIGNAL_FLIP,-12.4,-12.4,-248.0,-248.0,True
SEN-2026-07-21-1038-b20ec2,2026-07-21 10:38,SENSEX,SENSEX 77500 PE,PE,77500.0,20.0,358.3,361.0,10:43,POSITION_SIGNAL,2.7,2.7,54.0,54.0,True
SEN-2026-07-21-1046-df621c,2026-07-21 10:46,SENSEX,SENSEX 77500 PE,PE,77500.0,20.0,367.9,365.5,10:56,POSITION_SIGNAL,-2.4,-2.4,-48.0,-48.0,True
SEN-2026-07-21-1103-edeac6,2026-07-21 11:03,SENSEX,SENSEX 77500 CE,CE,77500.0,20.0,355.0,350.05,11:09,SIGNAL_FLIP,-4.95,-4.95,-99.0,-99.0,True
SEN-2026-07-21-1117-e51762,2026-07-21 11:17,SENSEX,SENSEX 77500 PE,PE,77500.0,20.0,358.0,356.55,11:26,POSITION_SIGNAL,-1.45,-1.45,-29.0,-29.0,True
SEN-2026-07-21-1127-f4543b,2026-07-21 11:27,SENSEX,SENSEX 77500 PE,PE,77500.0,20.0,368.1,362.25,11:32,SIGNAL_FLIP,-5.85,-5.85,-117.0,-117.0,True
SEN-2026-07-21-1135-aa431e,2026-07-21 11:35,SENSEX,SENSEX 77500 CE,CE,77500.0,20.0,347.1,338.1,11:37,SIGNAL_FLIP,-9.0,-9.0,-180.0,-180.0,True
SEN-2026-07-21-1140-51609a,2026-07-21 11:40,SENSEX,SENSEX 77400 PE,PE,77400.0,20.0,328.0,334.25,11:48,POSITION_SIGNAL,6.25,6.25,125.0,125.0,True
SEN-2026-07-21-1152-56a011,2026-07-21 11:52,SENSEX,SENSEX 77400 PE,PE,77400.0,20.0,337.95,320.45,11:56,POSITION_SIGNAL,-17.5,-17.5,-350.0,-350.0,True
NIF-2026-08-04-1407-9ed017,2026-08-04 14:07,NIFTY,NIFTY 24450 CE,CE,24450.0,65.0,50.65,47.8,14:10,SIGNAL_FLIP,-2.85,-2.85,-185.25,-185.25,True
SEN-2026-07-21-1208-9d5629,2026-07-21 12:08,SENSEX,SENSEX 77500 PE,PE,77500.0,20.0,354.25,370.25,12:20,SIGNAL_FLIP,16.0,16.0,320.0,320.0,True
SEN-2026-07-21-1222-d5703a,2026-07-21 12:22,SENSEX,SENSEX 77500 CE,CE,77500.0,20.0,331.0,320.9,12:24,SIGNAL_FLIP,-10.1,-10.1,-202.0,-202.0,True
SEN-2026-07-21-1227-498828,2026-07-21 12:27,SENSEX,SENSEX 77500 CE,CE,77500.0,20.0,325.6,315.8,12:28,SIGNAL_FLIP,-9.8,-9.8,-196.0,-196.0,True
SEN-2026-07-21-1234-eab940,2026-07-21 12:34,SENSEX,SENSEX 77500 CE,CE,77500.0,20.0,335.7,322.65,12:41,SIGNAL_FLIP,-13.05,-13.05,-261.0,-261.0,True
SEN-2026-07-21-1248-d1202b,2026-07-21 12:48,SENSEX,SENSEX 77400 PE,PE,77400.0,20.0,324.85,323.1,12:55,SIGNAL_FLIP,-1.75,-1.75,-35.0,-35.0,True
SEN-2026-07-21-1257-833890,2026-07-21 12:57,SENSEX,SENSEX 77400 PE,PE,77400.0,20.0,336.15,359.8,13:07,POSITION_SIGNAL,23.65,23.65,473.0,473.0,True
SEN-2026-07-21-1402-e5b84f,2026-07-21 14:02,SENSEX,SENSEX 77400 CE,CE,77400.0,20.0,355.0,352.1,14:08,SIGNAL_FLIP,-2.9,-2.9,-58.0,-58.0,True
SEN-2026-07-21-1311-caad31,2026-07-21 13:11,SENSEX,SENSEX 77400 CE,CE,77400.0,20.0,336.5,330.75,13:13,SIGNAL_FLIP,-5.75,-5.75,-115.0,-115.0,True
SEN-2026-07-21-1316-fead83,2026-07-21 13:16,SENSEX,SENSEX 77400 PE,PE,77400.0,20.0,368.4,355.95,13:19,SIGNAL_FLIP,-12.45,-12.45,-249.0,-249.0,True
SEN-2026-07-21-1328-607aaa,2026-07-21 13:28,SENSEX,SENSEX 77400 CE,CE,77400.0,20.0,362.1,355.7,13:29,SIGNAL_FLIP,-6.4,-6.4,-128.0,-128.0,True
SEN-2026-07-21-1332-e72033,2026-07-21 13:32,SENSEX,SENSEX 77500 CE,CE,77500.0,20.0,314.65,312.35,13:43,SIGNAL_FLIP,-2.3,-2.3,-46.0,-46.0,True
SEN-2026-07-21-1347-0fbeba,2026-07-21 13:47,SENSEX,SENSEX 77500 PE,PE,77500.0,20.0,347.1,344.15,13:50,SIGNAL_FLIP,-2.95,-2.95,-59.0,-59.0,True
SEN-2026-07-21-1351-0793c2,2026-07-21 13:51,SENSEX,SENSEX 77500 PE,PE,77500.0,20.0,350.35,344.55,13:54,SIGNAL_FLIP,-5.8,-5.8,-116.0,-116.0,True
SEN-2026-07-21-1356-689d21,2026-07-21 13:56,SENSEX,SENSEX 77400 PE,PE,77400.0,20.0,321.55,307.75,14:01,POSITION_SIGNAL,-13.8,-13.8,-276.0,-276.0,True
SEN-2026-07-21-1417-66d72b,2026-07-21 14:17,SENSEX,SENSEX 77400 PE,PE,77400.0,20.0,334.15,313.65,14:21,POSITION_SIGNAL,-20.5,-20.5,-410.0,-410.0,True
SEN-2026-07-21-1427-5fc611,2026-07-21 14:27,SENSEX,SENSEX 77400 PE,PE,77400.0,20.0,311.25,321.05,14:43,SIGNAL_FLIP,9.8,9.8,196.0,196.0,True
SEN-2026-07-21-1448-352bad,2026-07-21 14:48,SENSEX,SENSEX 77400 PE,PE,77400.0,20.0,321.75,309.4,14:49,SIGNAL_FLIP,-12.35,-12.35,-247.0,-247.0,True
SEN-2026-07-21-1452-a85704,2026-07-21 14:52,SENSEX,SENSEX 77400 PE,PE,77400.0,20.0,321.35,304.35,14:54,SIGNAL_FLIP,-17.0,-17.0,-340.0,-340.0,True
SEN-2026-07-21-1503-a197d8,2026-07-21 15:03,SENSEX,SENSEX 77500 CE,CE,77500.0,20.0,321.0,314.4,15:06,SIGNAL_FLIP,-6.6,-6.6,-132.0,-132.0,True
SEN-2026-07-21-1510-333f0c,2026-07-21 15:10,SENSEX,SENSEX 77500 PE,PE,77500.0,20.0,345.15,329.0,15:13,POSITION_SIGNAL,-16.15,-16.15,-323.0,-323.0,True
SEN-2026-07-21-1514-31df3d,2026-07-21 15:14,SENSEX,SENSEX 77500 CE,CE,77500.0,20.0,311.6,314.75,15:26,POSITION_SIGNAL,3.15,3.15,63.0,63.0,True
SEN-2026-07-21-1527-0e96ca,2026-07-21 15:27,SENSEX,SENSEX 77500 PE,PE,77500.0,20.0,323.9,323.35,15:29,SIGNAL_FLIP,-0.55,-0.55,-11.0,-11.0,True
NIF-2026-07-23-0924-74fce4,2026-07-23 09:24,NIFTY,NIFTY 23950 CE,CE,23950.0,65.0,137.1,135.4,09:25,SIGNAL_FLIP,-1.7,-1.7,-110.5,-110.5,True
NIF-2026-07-23-0927-103c83,2026-07-23 09:27,NIFTY,NIFTY 23950 PE,PE,23950.0,65.0,145.7,155.35,09:39,SIGNAL_FLIP,9.65,9.65,627.25,627.25,True
NIF-2026-07-23-0942-49d7af,2026-07-23 09:42,NIFTY,NIFTY 23900 CE,CE,23900.0,65.0,146.85,144.35,09:43,SIGNAL_FLIP,-2.5,-2.5,-162.5,-162.5,True
NIF-2026-07-23-0944-2c20e0,2026-07-23 09:44,NIFTY,NIFTY 23900 CE,CE,23900.0,65.0,146.25,142.15,09:48,POSITION_SIGNAL,-4.1,-4.1,-266.5,-266.5,True
NIF-2026-07-23-0950-30f9e9,2026-07-23 09:50,NIFTY,NIFTY 23950 CE,CE,23950.0,65.0,125.8,141.6,10:08,SIGNAL_FLIP,15.8,15.8,1027.0,1027.0,True
NIF-2026-07-23-1009-1364d5,2026-07-23 10:09,NIFTY,NIFTY 24000 CE,CE,24000.0,65.0,122.9,118.95,10:16,POSITION_SIGNAL,-3.95,-3.95,-256.75,-256.75,True
NIF-2026-07-23-1018-2b3f83,2026-07-23 10:18,NIFTY,NIFTY 23950 CE,CE,23950.0,65.0,145.7,140.2,10:20,SIGNAL_FLIP,-5.5,-5.5,-357.5,-357.5,True
NIF-2026-07-23-1025-78c080,2026-07-23 10:25,NIFTY,NIFTY 23950 CE,CE,23950.0,65.0,140.55,143.05,10:32,POSITION_SIGNAL,2.5,2.5,162.5,162.5,True
NIF-2026-07-23-1033-3d1776,2026-07-23 10:33,NIFTY,NIFTY 23950 PE,PE,23950.0,65.0,122.15,117.85,10:36,SIGNAL_FLIP,-4.3,-4.3,-279.5,-279.5,True
NIF-2026-07-23-1050-e97ee3,2026-07-23 10:50,NIFTY,NIFTY 24000 CE,CE,24000.0,65.0,128.1,122.4,10:53,SIGNAL_FLIP,-5.7,-5.7,-370.5,-370.5,True
NIF-2026-07-23-1057-5fe062,2026-07-23 10:57,NIFTY,NIFTY 24000 CE,CE,24000.0,65.0,125.1,124.75,11:08,POSITION_SIGNAL,-0.35,-0.35,-22.75,-22.75,True
NIF-2026-07-23-1113-e190c8,2026-07-23 11:13,NIFTY,NIFTY 24000 PE,PE,24000.0,65.0,140.75,157.0,11:32,SIGNAL_FLIP,16.25,16.25,1056.25,1056.25,True
NIF-2026-07-23-1136-3fb948,2026-07-23 11:36,NIFTY,NIFTY 23950 CE,CE,23950.0,65.0,131.05,128.0,11:39,SIGNAL_FLIP,-3.05,-3.05,-198.25,-198.25,True
NIF-2026-07-23-1141-1b7c25,2026-07-23 11:41,NIFTY,NIFTY 23950 PE,PE,23950.0,65.0,133.6,130.85,11:42,SIGNAL_FLIP,-2.75,-2.75,-178.75,-178.75,True
NIF-2026-07-23-1146-0c8d79,2026-07-23 11:46,NIFTY,NIFTY 23950 PE,PE,23950.0,65.0,131.8,132.2,11:59,SIGNAL_FLIP,0.4,0.4,26.0,26.0,True
NIF-2026-07-23-1205-6d69d9,2026-07-23 12:05,NIFTY,NIFTY 23950 PE,PE,23950.0,65.0,131.9,128.55,12:08,SIGNAL_FLIP,-3.35,-3.35,-217.75,-217.75,True
NIF-2026-07-23-1212-e83934,2026-07-23 12:12,NIFTY,NIFTY 23950 PE,PE,23950.0,65.0,132.4,136.25,12:20,POSITION_SIGNAL,3.85,3.85,250.25,250.25,True
NIF-2026-07-23-1221-5ddcdd,2026-07-23 12:21,NIFTY,NIFTY 23950 PE,PE,23950.0,65.0,140.25,168.35,12:35,POSITION_SIGNAL,28.1,28.1,1826.5,1826.5,True
NIF-2026-07-23-1236-da016d,2026-07-23 12:36,NIFTY,NIFTY 23850 PE,PE,23850.0,65.0,121.65,134.3,12:55,POSITION_SIGNAL,12.65,12.65,822.25,822.25,True
NIF-2026-07-23-1256-8f7ab4,2026-07-23 12:56,NIFTY,NIFTY 23850 CE,CE,23850.0,65.0,134.3,129.05,13:01,SIGNAL_FLIP,-5.25,-5.25,-341.25,-341.25,True
NIF-2026-07-23-1309-9236d0,2026-07-23 13:09,NIFTY,NIFTY 23850 PE,PE,23850.0,65.0,143.7,145.5,13:20,SIGNAL_FLIP,1.8,1.8,117.0,117.0,True
NIF-2026-07-23-1328-bfd342,2026-07-23 13:28,NIFTY,NIFTY 23850 PE,PE,23850.0,65.0,140.55,131.0,13:40,SIGNAL_FLIP,-9.55,-9.55,-620.75,-620.75,True
NIF-2026-07-23-1344-1fcfcd,2026-07-23 13:44,NIFTY,NIFTY 23850 PE,PE,23850.0,65.0,134.55,126.5,13:47,SIGNAL_FLIP,-8.05,-8.05,-523.25,-523.25,True
NIF-2026-07-23-1354-8e25f1,2026-07-23 13:54,NIFTY,NIFTY 23850 PE,PE,23850.0,65.0,129.5,126.0,13:58,POSITION_SIGNAL,-3.5,-3.5,-227.5,-227.5,True
NIF-2026-07-23-1405-d57612,2026-07-23 14:05,NIFTY,NIFTY 23850 CE,CE,23850.0,65.0,134.9,131.5,14:09,POSITION_SIGNAL,-3.4,-3.4,-221.0,-221.0,True
NIF-2026-07-23-1410-925b6e,2026-07-23 14:10,NIFTY,NIFTY 23850 PE,PE,23850.0,65.0,131.0,126.05,14:13,POSITION_SIGNAL,-4.95,-4.95,-321.75,-321.75,True
NIF-2026-07-23-1415-ee3344,2026-07-23 14:15,NIFTY,NIFTY 23850 PE,PE,23850.0,65.0,132.0,125.4,14:17,SIGNAL_FLIP,-6.6,-6.6,-429.0,-429.0,True
NIF-2026-07-23-1420-050ecb,2026-07-23 14:20,NIFTY,NIFTY 23850 PE,PE,23850.0,65.0,129.15,121.9,14:23,POSITION_SIGNAL,-7.25,-7.25,-471.25,-471.25,True
NIF-2026-07-23-1424-c0c4e5,2026-07-23 14:24,NIFTY,NIFTY 23850 CE,CE,23850.0,65.0,137.4,135.5,14:27,SIGNAL_FLIP,-1.9,-1.9,-123.5,-123.5,True
NIF-2026-07-23-1430-7f3229,2026-07-23 14:30,NIFTY,NIFTY 23850 PE,PE,23850.0,65.0,124.3,111.05,14:34,STOP_LOSS,-13.25,-13.25,-861.25,-861.25,True
NIF-2026-07-23-1437-87f40c,2026-07-23 14:37,NIFTY,NIFTY 23850 PE,PE,23850.0,65.0,115.85,142.8,14:54,SIGNAL_FLIP,26.95,26.95,1751.75,1751.75,True
NIF-2026-07-23-1503-2a4aa4,2026-07-23 15:03,NIFTY,NIFTY 23850 CE,CE,23850.0,65.0,135.4,140.4,15:12,SIGNAL_FLIP,5.0,5.0,325.0,325.0,True
NIF-2026-07-23-1514-716eab,2026-07-23 15:14,NIFTY,NIFTY 23900 CE,CE,23900.0,65.0,119.3,121.05,15:28,SIGNAL_FLIP,1.75,1.75,113.75,113.75,True
SEN-2026-07-23-0924-e90bfd,2026-07-23 09:24,SENSEX,SENSEX 76600 CE,CE,76600.0,20.0,149.15,136.4,09:26,SIGNAL_FLIP,-12.75,-12.75,-255.0,-255.0,True
SEN-2026-07-23-0935-472e43,2026-07-23 09:35,SENSEX,SENSEX 76400 CE,CE,76400.0,20.0,178.95,150.9,09:36,STOP_LOSS,-28.05,-28.05,-561.0,-561.0,True
SEN-2026-07-23-0939-f512e6,2026-07-23 09:39,SENSEX,SENSEX 76400 CE,CE,76400.0,20.0,172.5,172.0,09:47,POSITION_SIGNAL,-0.5,-0.5,-10.0,-10.0,True
SEN-2026-07-23-0953-6ae8a9,2026-07-23 09:53,SENSEX,SENSEX 76500 CE,CE,76500.0,20.0,151.55,176.2,10:07,SIGNAL_FLIP,24.65,24.65,493.0,493.0,True
SEN-2026-07-23-1009-edd6a1,2026-07-23 10:09,SENSEX,SENSEX 76600 CE,CE,76600.0,20.0,160.35,149.15,10:16,POSITION_SIGNAL,-11.2,-11.2,-224.0,-224.0,True
SEN-2026-07-23-1018-ff3d37,2026-07-23 10:18,SENSEX,SENSEX 76600 CE,CE,76600.0,20.0,158.85,144.25,10:20,SIGNAL_FLIP,-14.6,-14.6,-292.0,-292.0,True
SEN-2026-07-23-1026-1a5eaf,2026-07-23 10:26,SENSEX,SENSEX 76600 CE,CE,76600.0,20.0,132.75,151.05,10:33,POSITION_SIGNAL,18.3,18.3,366.0,366.0,True
SEN-2026-07-23-1037-3069c1,2026-07-23 10:37,SENSEX,SENSEX 76600 CE,CE,76600.0,20.0,160.75,157.8,10:43,POSITION_SIGNAL,-2.95,-2.95,-59.0,-59.0,True
SEN-2026-07-23-1044-cf3aaa,2026-07-23 10:44,SENSEX,SENSEX 76600 PE,PE,76600.0,20.0,114.1,108.7,10:48,POSITION_SIGNAL,-5.4,-5.4,-108.0,-108.0,True
SEN-2026-07-23-1050-4d92d6,2026-07-23 10:50,SENSEX,SENSEX 76700 CE,CE,76700.0,20.0,125.75,110.3,10:53,STOP_LOSS,-15.45,-15.45,-309.0,-309.0,True
SEN-2026-07-23-1056-0d7858,2026-07-23 10:56,SENSEX,SENSEX 76600 PE,PE,76600.0,20.0,115.65,108.05,10:58,SIGNAL_FLIP,-7.6,-7.6,-152.0,-152.0,True
SEN-2026-07-23-1101-33150e,2026-07-23 11:01,SENSEX,SENSEX 76700 CE,CE,76700.0,20.0,120.8,118.2,11:08,SIGNAL_FLIP,-2.6,-2.6,-52.0,-52.0,True
SEN-2026-07-23-1121-cb995d,2026-07-23 11:21,SENSEX,SENSEX 76600 PE,PE,76600.0,20.0,128.6,122.1,11:24,POSITION_SIGNAL,-6.5,-6.5,-130.0,-130.0,True
NIF-2026-07-27-1419-667b3e,2026-07-27 14:19,NIFTY,NIFTY 24000 PE,PE,24000.0,65.0,63.8,61.3,14:21,SIGNAL_FLIP,-2.5,-2.5,-162.5,-162.5,True
SEN-2026-07-23-1126-1ade4b,2026-07-23 11:26,SENSEX,SENSEX 76600 PE,PE,76600.0,20.0,137.55,140.25,11:33,POSITION_SIGNAL,2.7,2.7,54.0,54.0,True
SEN-2026-07-23-1137-e6f3ea,2026-07-23 11:37,SENSEX,SENSEX 76600 PE,PE,76600.0,20.0,137.3,128.55,11:43,POSITION_SIGNAL,-8.75,-8.75,-175.0,-175.0,True
SEN-2026-07-23-1146-7861b3,2026-07-23 11:46,SENSEX,SENSEX 76600 PE,PE,76600.0,20.0,130.95,142.2,11:58,POSITION_SIGNAL,11.25,11.25,225.0,225.0,True
SEN-2026-07-23-1203-ac3972,2026-07-23 12:03,SENSEX,SENSEX 76600 CE,CE,76600.0,20.0,102.5,95.2,12:04,SIGNAL_FLIP,-7.3,-7.3,-146.0,-146.0,True
SEN-2026-07-23-1212-86e22b,2026-07-23 12:12,SENSEX,SENSEX 76600 PE,PE,76600.0,20.0,119.7,128.55,12:18,POSITION_SIGNAL,8.85,8.85,177.0,177.0,True
SEN-2026-07-23-1223-bc2561,2026-07-23 12:23,SENSEX,SENSEX 76500 PE,PE,76500.0,20.0,85.65,233.55,12:55,POSITION_SIGNAL,147.9,147.9,2958.0,2958.0,True
SEN-2026-07-23-1256-dd5292,2026-07-23 12:56,SENSEX,SENSEX 76300 CE,CE,76300.0,20.0,109.35,97.55,12:57,STOP_LOSS,-11.8,-11.8,-236.0,-236.0,True
SEN-2026-07-23-1301-3859cd,2026-07-23 13:01,SENSEX,SENSEX 76300 PE,PE,76300.0,20.0,116.4,116.95,13:14,POSITION_SIGNAL,0.55,0.55,11.0,11.0,True
SEN-2026-07-23-1319-63ca93,2026-07-23 13:19,SENSEX,SENSEX 76200 CE,CE,76200.0,20.0,117.8,124.05,13:26,POSITION_SIGNAL,6.25,6.25,125.0,125.0,True
SEN-2026-07-23-1328-76e70c,2026-07-23 13:28,SENSEX,SENSEX 76300 PE,PE,76300.0,20.0,114.9,123.35,13:37,POSITION_SIGNAL,8.45,8.45,169.0,169.0,True
SEN-2026-07-23-1341-3278c7,2026-07-23 13:41,SENSEX,SENSEX 76300 CE,CE,76300.0,20.0,91.25,81.65,13:43,STOP_LOSS,-9.6,-9.6,-192.0,-192.0,True
SEN-2026-07-23-1351-9a7145,2026-07-23 13:51,SENSEX,SENSEX 76300 CE,CE,76300.0,20.0,97.95,83.25,13:54,STOP_LOSS,-14.7,-14.7,-294.0,-294.0,True
SEN-2026-07-23-1356-60a791,2026-07-23 13:56,SENSEX,SENSEX 76300 PE,PE,76300.0,20.0,79.15,67.8,13:57,STOP_LOSS,-11.35,-11.35,-227.0,-227.0,True
SEN-2026-07-23-1400-809125,2026-07-23 14:00,SENSEX,SENSEX 76300 PE,PE,76300.0,20.0,69.35,59.75,14:04,STOP_LOSS,-9.6,-9.6,-192.0,-192.0,True
SEN-2026-07-23-1417-f05939,2026-07-23 14:17,SENSEX,SENSEX 76300 CE,CE,76300.0,20.0,80.05,70.35,14:20,STOP_LOSS,-9.7,-9.7,-194.0,-194.0,True
SEN-2026-07-23-1426-482c34,2026-07-23 14:26,SENSEX,SENSEX 76300 PE,PE,76300.0,20.0,46.8,26.15,14:34,STOP_LOSS,-20.65,-20.65,-413.0,-413.0,True
SEN-2026-07-23-1442-c42d0a,2026-07-23 14:42,SENSEX,SENSEX 76300 PE,PE,76300.0,20.0,84.5,68.85,14:44,STOP_LOSS,-15.65,-15.65,-313.0,-313.0,True
NIF-2026-07-27-1005-9f03f3,2026-07-27 10:05,NIFTY,NIFTY 23950 PE,PE,23950.0,65.0,84.2,81.75,10:12,SIGNAL_FLIP,-2.45,-2.45,-159.25,-159.25,True
NIF-2026-07-27-1018-2fc1b4,2026-07-27 10:18,NIFTY,NIFTY 23950 PE,PE,23950.0,65.0,82.95,84.6,10:29,POSITION_SIGNAL,1.65,1.65,107.25,107.25,True
NIF-2026-07-27-1032-e389e0,2026-07-27 10:32,NIFTY,NIFTY 23950 PE,PE,23950.0,65.0,87.45,90.1,10:41,SIGNAL_FLIP,2.65,2.65,172.25,172.25,True
NIF-2026-07-27-1048-f9eb1c,2026-07-27 10:48,NIFTY,NIFTY 23950 PE,PE,23950.0,65.0,81.2,81.0,10:54,SIGNAL_FLIP,-0.2,-0.2,-13.0,-13.0,True
NIF-2026-07-27-1100-8f63a2,2026-07-27 11:00,NIFTY,NIFTY 23950 CE,CE,23950.0,65.0,72.6,69.35,11:04,SIGNAL_FLIP,-3.25,-3.25,-211.25,-211.25,True
NIF-2026-07-27-1117-f744f8,2026-07-27 11:17,NIFTY,NIFTY 23950 CE,CE,23950.0,65.0,68.1,85.3,11:35,POSITION_SIGNAL,17.2,17.2,1118.0,1118.0,True
NIF-2026-07-27-1140-d5261e,2026-07-27 11:40,NIFTY,NIFTY 24000 CE,CE,24000.0,65.0,58.7,54.55,11:50,POSITION_SIGNAL,-4.15,-4.15,-269.75,-269.75,True
SEN-2026-07-27-1017-1a81dd,2026-07-27 10:17,SENSEX,SENSEX 76700 PE,PE,76700.0,20.0,405.95,423.3,10:29,SIGNAL_FLIP,17.35,17.35,347.0,347.0,True
NIF-2026-07-27-1151-384d01,2026-07-27 11:51,NIFTY,NIFTY 23950 PE,PE,23950.0,65.0,60.1,55.7,11:55,POSITION_SIGNAL,-4.4,-4.4,-286.0,-286.0,True
NIF-2026-07-27-1157-9bfa70,2026-07-27 11:57,NIFTY,NIFTY 24000 CE,CE,24000.0,65.0,61.7,56.9,11:59,POSITION_SIGNAL,-4.8,-4.8,-312.0,-312.0,True
NIF-2026-07-27-1208-526a6b,2026-07-27 12:08,NIFTY,NIFTY 23950 CE,CE,23950.0,65.0,79.35,74.3,12:11,SIGNAL_FLIP,-5.05,-5.05,-328.25,-328.25,True
NIF-2026-07-27-1213-6ae341,2026-07-27 12:13,NIFTY,NIFTY 23950 CE,CE,23950.0,65.0,79.1,79.9,12:19,SIGNAL_FLIP,0.8,0.8,52.0,52.0,True
NIF-2026-07-27-1223-855c4c,2026-07-27 12:23,NIFTY,NIFTY 23950 CE,CE,23950.0,65.0,81.05,78.5,12:29,SIGNAL_FLIP,-2.55,-2.55,-165.75,-165.75,True
NIF-2026-07-27-1236-d14ff6,2026-07-27 12:36,NIFTY,NIFTY 23950 PE,PE,23950.0,65.0,58.8,60.2,12:46,SIGNAL_FLIP,1.4,1.4,91.0,91.0,True
NIF-2026-07-27-1254-9ba95a,2026-07-27 12:54,NIFTY,NIFTY 23950 PE,PE,23950.0,65.0,62.2,60.05,12:57,SIGNAL_FLIP,-2.15,-2.15,-139.75,-139.75,True
NIF-2026-07-27-1259-fb19c5,2026-07-27 12:59,NIFTY,NIFTY 23950 CE,CE,23950.0,65.0,75.45,79.2,13:09,SIGNAL_FLIP,3.75,3.75,243.75,243.75,True
NIF-2026-07-27-1315-1bf63a,2026-07-27 13:15,NIFTY,NIFTY 24000 CE,CE,24000.0,65.0,60.0,59.35,13:21,POSITION_SIGNAL,-0.65,-0.65,-42.25,-42.25,True
NIF-2026-07-27-1325-72cbee,2026-07-27 13:25,NIFTY,NIFTY 24000 CE,CE,24000.0,65.0,58.0,54.1,13:27,SIGNAL_FLIP,-3.9,-3.9,-253.5,-253.5,True
NIF-2026-07-27-1330-acf518,2026-07-27 13:30,NIFTY,NIFTY 23950 PE,PE,23950.0,65.0,57.1,61.85,13:37,SIGNAL_FLIP,4.75,4.75,308.75,308.75,True
NIF-2026-07-27-1343-fe6f7b,2026-07-27 13:43,NIFTY,NIFTY 23950 PE,PE,23950.0,65.0,61.35,57.45,13:45,SIGNAL_FLIP,-3.9,-3.9,-253.5,-253.5,True
NIF-2026-07-27-1348-c0a580,2026-07-27 13:48,NIFTY,NIFTY 23950 CE,CE,23950.0,65.0,74.25,96.7,14:17,POSITION_SIGNAL,22.45,22.45,1459.25,1459.25,True
NIF-2026-07-27-1425-25efdc,2026-07-27 14:25,NIFTY,NIFTY 24000 CE,CE,24000.0,65.0,71.35,75.5,14:32,POSITION_SIGNAL,4.15,4.15,269.75,269.75,True
NIF-2026-07-27-1437-d7f4f5,2026-07-27 14:37,NIFTY,NIFTY 24000 PE,PE,24000.0,65.0,59.75,56.15,14:40,SIGNAL_FLIP,-3.6,-3.6,-234.0,-234.0,True
NIF-2026-07-27-1446-85f42f,2026-07-27 14:46,NIFTY,NIFTY 24000 CE,CE,24000.0,65.0,74.45,72.25,14:49,POSITION_SIGNAL,-2.2,-2.2,-143.0,-143.0,True
NIF-2026-07-27-1451-4e7023,2026-07-27 14:51,NIFTY,NIFTY 24000 CE,CE,24000.0,65.0,71.95,70.75,14:55,SIGNAL_FLIP,-1.2,-1.2,-78.0,-78.0,True
NIF-2026-07-27-1456-a532da,2026-07-27 14:56,NIFTY,NIFTY 24000 CE,CE,24000.0,65.0,72.85,68.95,15:00,POSITION_SIGNAL,-3.9,-3.9,-253.5,-253.5,True
NIF-2026-07-27-1511-178fc2,2026-07-27 15:11,NIFTY,NIFTY 24050 CE,CE,24050.0,65.0,52.0,56.1,15:29,SESSION_END,4.1,4.1,266.5,266.5,True
SEN-2026-07-27-1005-12880a,2026-07-27 10:05,SENSEX,SENSEX 76700 PE,PE,76700.0,20.0,426.65,412.4,10:12,SIGNAL_FLIP,-14.25,-14.25,-285.0,-285.0,True
SEN-2026-07-27-1032-fe7214,2026-07-27 10:32,SENSEX,SENSEX 76700 PE,PE,76700.0,20.0,433.8,429.75,10:42,SIGNAL_FLIP,-4.05,-4.05,-81.0,-81.0,True
SEN-2026-07-27-1044-7ada96,2026-07-27 10:44,SENSEX,SENSEX 76700 CE,CE,76700.0,20.0,422.25,414.15,10:47,SIGNAL_FLIP,-8.1,-8.1,-162.0,-162.0,True
SEN-2026-07-27-1056-aadf55,2026-07-27 10:56,SENSEX,SENSEX 76700 PE,PE,76700.0,20.0,427.65,405.6,10:58,POSITION_SIGNAL,-22.05,-22.05,-441.0,-441.0,True
SEN-2026-07-27-1059-7f32e2,2026-07-27 10:59,SENSEX,SENSEX 76700 CE,CE,76700.0,20.0,432.85,423.65,11:04,POSITION_SIGNAL,-9.2,-9.2,-184.0,-184.0,True
SEN-2026-07-27-1108-ac4a2c,2026-07-27 11:08,SENSEX,SENSEX 76700 PE,PE,76700.0,20.0,404.45,381.0,11:10,POSITION_SIGNAL,-23.45,-23.45,-469.0,-469.0,True
SEN-2026-07-27-1111-7ef336,2026-07-27 11:11,SENSEX,SENSEX 76700 CE,CE,76700.0,20.0,421.9,472.95,11:34,SIGNAL_FLIP,51.05,51.05,1021.0,1021.0,True
SEN-2026-07-27-1142-e2b585,2026-07-27 11:42,SENSEX,SENSEX 76800 CE,CE,76800.0,20.0,418.95,394.95,11:50,SIGNAL_FLIP,-24.0,-24.0,-480.0,-480.0,True
SEN-2026-07-27-1155-5332d4,2026-07-27 11:55,SENSEX,SENSEX 76800 CE,CE,76800.0,20.0,416.4,407.2,11:59,POSITION_SIGNAL,-9.2,-9.2,-184.0,-184.0,True
SEN-2026-07-27-1208-8459c5,2026-07-27 12:08,SENSEX,SENSEX 76800 CE,CE,76800.0,20.0,399.1,378.5,12:11,POSITION_SIGNAL,-20.6,-20.6,-412.0,-412.0,True
SEN-2026-07-27-1213-8077cf,2026-07-27 12:13,SENSEX,SENSEX 76800 CE,CE,76800.0,20.0,395.95,389.15,12:21,SIGNAL_FLIP,-6.8,-6.8,-136.0,-136.0,True
SEN-2026-07-27-1223-3acc94,2026-07-27 12:23,SENSEX,SENSEX 76800 CE,CE,76800.0,20.0,406.1,381.3,12:30,SIGNAL_FLIP,-24.8,-24.8,-496.0,-496.0,True
SEN-2026-07-27-1237-8b309a,2026-07-27 12:37,SENSEX,SENSEX 76800 PE,PE,76800.0,20.0,410.3,408.1,12:46,SIGNAL_FLIP,-2.2,-2.2,-44.0,-44.0,True
SEN-2026-07-27-1248-b65161,2026-07-27 12:48,SENSEX,SENSEX 76800 CE,CE,76800.0,20.0,392.7,374.3,12:54,SIGNAL_FLIP,-18.4,-18.4,-368.0,-368.0,True
SEN-2026-07-27-1259-369a24,2026-07-27 12:59,SENSEX,SENSEX 76800 CE,CE,76800.0,20.0,389.75,393.35,13:10,POSITION_SIGNAL,3.6,3.6,72.0,72.0,True
SEN-2026-07-27-1313-bdc26f,2026-07-27 13:13,SENSEX,SENSEX 76800 CE,CE,76800.0,20.0,399.35,411.3,13:21,POSITION_SIGNAL,11.95,11.95,239.0,239.0,True
SEN-2026-07-27-1322-6c2d42,2026-07-27 13:22,SENSEX,SENSEX 76800 PE,PE,76800.0,20.0,373.6,367.25,13:25,SIGNAL_FLIP,-6.35,-6.35,-127.0,-127.0,True
SEN-2026-07-27-1328-720214,2026-07-27 13:28,SENSEX,SENSEX 76800 PE,PE,76800.0,20.0,390.0,407.35,13:37,SIGNAL_FLIP,17.35,17.35,347.0,347.0,True
SEN-2026-07-27-1342-a1e0f2,2026-07-27 13:42,SENSEX,SENSEX 76800 PE,PE,76800.0,20.0,406.1,396.05,13:45,SIGNAL_FLIP,-10.05,-10.05,-201.0,-201.0,True
SEN-2026-07-27-1349-15ea30,2026-07-27 13:49,SENSEX,SENSEX 76800 CE,CE,76800.0,20.0,375.1,451.75,14:18,SIGNAL_FLIP,76.65,76.65,1533.0,1533.0,True
SEN-2026-07-27-1422-35d4d1,2026-07-27 14:22,SENSEX,SENSEX 76900 CE,CE,76900.0,20.0,399.1,426.55,14:32,POSITION_SIGNAL,27.45,27.45,549.0,549.0,True
SEN-2026-07-27-1437-3d4a0b,2026-07-27 14:37,SENSEX,SENSEX 76900 PE,PE,76900.0,20.0,366.7,353.05,14:40,SIGNAL_FLIP,-13.65,-13.65,-273.0,-273.0,True
SEN-2026-07-27-1446-baf7a3,2026-07-27 14:46,SENSEX,SENSEX 77000 CE,CE,77000.0,20.0,367.95,361.5,14:49,POSITION_SIGNAL,-6.45,-6.45,-129.0,-129.0,True
SEN-2026-07-27-1452-7b62af,2026-07-27 14:52,SENSEX,SENSEX 77000 CE,CE,77000.0,20.0,366.35,355.35,14:55,SIGNAL_FLIP,-11.0,-11.0,-220.0,-220.0,True
SEN-2026-07-27-1502-da1aff,2026-07-27 15:02,SENSEX,SENSEX 77000 CE,CE,77000.0,20.0,368.5,372.05,15:29,SESSION_END,3.55,3.55,71.0,71.0,True
NIF-2026-07-30-0942-a3d18d,2026-07-30 09:42,NIFTY,NIFTY 24250 PE,PE,24250.0,65.0,125.95,123.25,09:44,SIGNAL_FLIP,-2.7,-2.7,-175.5,-175.5,True
NIF-2026-07-30-0946-6cdf63,2026-07-30 09:46,NIFTY,NIFTY 24250 CE,CE,24250.0,65.0,113.5,116.7,09:50,POSITION_SIGNAL,3.2,3.2,208.0,208.0,True
NIF-2026-07-30-0951-cc8aec,2026-07-30 09:51,NIFTY,NIFTY 24250 CE,CE,24250.0,65.0,121.9,113.9,09:53,SIGNAL_FLIP,-8.0,-8.0,-520.0,-520.0,True
SEN-2026-08-10-1407-afc8cb,2026-08-10 14:07,SENSEX,SENSEX 78700 CE,CE,78700.0,20.0,415.95,400.95,14:10,SIGNAL_FLIP,-15.0,-15.0,-300.0,-300.0,True
NIF-2026-07-30-0957-d14bd2,2026-07-30 09:57,NIFTY,NIFTY 24250 CE,CE,24250.0,65.0,118.5,114.2,10:08,SIGNAL_FLIP,-4.3,-4.3,-279.5,-279.5,True
NIF-2026-07-30-1017-55b654,2026-07-30 10:17,NIFTY,NIFTY 24250 CE,CE,24250.0,65.0,106.95,102.0,10:20,POSITION_SIGNAL,-4.95,-4.95,-321.75,-321.75,True
NIF-2026-07-30-1021-9a1a85,2026-07-30 10:21,NIFTY,NIFTY 24200 PE,PE,24200.0,65.0,108.35,101.4,10:24,SIGNAL_FLIP,-6.95,-6.95,-451.75,-451.75,True
NIF-2026-07-30-1026-334edd,2026-07-30 10:26,NIFTY,NIFTY 24200 PE,PE,24200.0,65.0,108.1,101.3,10:36,POSITION_SIGNAL,-6.8,-6.8,-442.0,-442.0,True
NIF-2026-07-30-1044-a54b66,2026-07-30 10:44,NIFTY,NIFTY 24250 CE,CE,24250.0,65.0,106.6,104.5,10:47,SIGNAL_FLIP,-2.1,-2.1,-136.5,-136.5,True
NIF-2026-07-30-1050-8fc6f0,2026-07-30 10:50,NIFTY,NIFTY 24250 CE,CE,24250.0,65.0,107.0,108.2,10:54,SIGNAL_FLIP,1.2,1.2,78.0,78.0,True
NIF-2026-07-30-1056-d364f4,2026-07-30 10:56,NIFTY,NIFTY 24250 PE,PE,24250.0,65.0,119.9,120.3,11:04,SIGNAL_FLIP,0.4,0.4,26.0,26.0,True
NIF-2026-07-30-1107-af13c3,2026-07-30 11:07,NIFTY,NIFTY 24250 PE,PE,24250.0,65.0,122.15,120.95,11:10,SIGNAL_FLIP,-1.2,-1.2,-78.0,-78.0,True
NIF-2026-07-30-1117-a28f54,2026-07-30 11:17,NIFTY,NIFTY 24250 CE,CE,24250.0,65.0,115.95,109.5,11:23,SIGNAL_FLIP,-6.45,-6.45,-419.25,-419.25,True
NIF-2026-07-30-1126-1605cd,2026-07-30 11:26,NIFTY,NIFTY 24250 CE,CE,24250.0,65.0,115.3,115.0,11:32,POSITION_SIGNAL,-0.3,-0.3,-19.5,-19.5,True
NIF-2026-07-30-1134-3e1c30,2026-07-30 11:34,NIFTY,NIFTY 24250 CE,CE,24250.0,65.0,117.35,114.55,11:39,POSITION_SIGNAL,-2.8,-2.8,-182.0,-182.0,True
NIF-2026-07-30-1140-aef50f,2026-07-30 11:40,NIFTY,NIFTY 24250 PE,PE,24250.0,65.0,112.45,113.95,11:55,SIGNAL_FLIP,1.5,1.5,97.5,97.5,True
NIF-2026-07-30-1158-dc655e,2026-07-30 11:58,NIFTY,NIFTY 24250 PE,PE,24250.0,65.0,117.7,115.45,12:00,SIGNAL_FLIP,-2.25,-2.25,-146.25,-146.25,True
NIF-2026-07-30-1203-f29dbb,2026-07-30 12:03,NIFTY,NIFTY 24250 PE,PE,24250.0,65.0,117.0,113.2,12:08,SIGNAL_FLIP,-3.8,-3.8,-247.0,-247.0,True
NIF-2026-07-30-1211-e2d554,2026-07-30 12:11,NIFTY,NIFTY 24250 PE,PE,24250.0,65.0,119.95,116.7,12:14,POSITION_SIGNAL,-3.25,-3.25,-211.25,-211.25,True
NIF-2026-07-30-1215-f57c35,2026-07-30 12:15,NIFTY,NIFTY 24250 PE,PE,24250.0,65.0,117.35,113.05,12:20,SIGNAL_FLIP,-4.3,-4.3,-279.5,-279.5,True
NIF-2026-07-30-1226-ab49e2,2026-07-30 12:26,NIFTY,NIFTY 24250 CE,CE,24250.0,65.0,111.5,107.7,12:29,SIGNAL_FLIP,-3.8,-3.8,-247.0,-247.0,True
NIF-2026-07-30-1230-ed8b4f,2026-07-30 12:30,NIFTY,NIFTY 24250 CE,CE,24250.0,65.0,109.65,143.3,12:38,POSITION_SIGNAL,33.65,33.65,2187.25,2187.25,True
NIF-2026-07-30-1241-f80f4f,2026-07-30 12:41,NIFTY,NIFTY 24300 CE,CE,24300.0,65.0,116.25,114.8,12:46,POSITION_SIGNAL,-1.45,-1.45,-94.25,-94.25,True
NIF-2026-07-30-1247-07779c,2026-07-30 12:47,NIFTY,NIFTY 24300 PE,PE,24300.0,65.0,113.9,115.35,12:54,SIGNAL_FLIP,1.45,1.45,94.25,94.25,True
NIF-2026-07-30-1308-c9f743,2026-07-30 13:08,NIFTY,NIFTY 24300 CE,CE,24300.0,65.0,101.9,96.45,13:11,SIGNAL_FLIP,-5.45,-5.45,-354.25,-354.25,True
NIF-2026-07-30-1313-020f51,2026-07-30 13:13,NIFTY,NIFTY 24250 PE,PE,24250.0,65.0,116.5,107.6,13:15,SIGNAL_FLIP,-8.9,-8.9,-578.5,-578.5,True
NIF-2026-07-30-1318-9dd6e3,2026-07-30 13:18,NIFTY,NIFTY 24250 PE,PE,24250.0,65.0,109.05,106.45,13:20,SIGNAL_FLIP,-2.6,-2.6,-169.0,-169.0,True
NIF-2026-07-30-1329-ca99bf,2026-07-30 13:29,NIFTY,NIFTY 24250 PE,PE,24250.0,65.0,104.5,102.6,13:33,SIGNAL_FLIP,-1.9,-1.9,-123.5,-123.5,True
NIF-2026-07-30-1336-ddd19d,2026-07-30 13:36,NIFTY,NIFTY 24250 CE,CE,24250.0,65.0,122.85,129.65,13:46,POSITION_SIGNAL,6.8,6.8,442.0,442.0,True
NIF-2026-07-30-1351-9a86e2,2026-07-30 13:51,NIFTY,NIFTY 24250 PE,PE,24250.0,65.0,101.0,97.45,13:53,SIGNAL_FLIP,-3.55,-3.55,-230.75,-230.75,True
NIF-2026-07-30-1358-d236b1,2026-07-30 13:58,NIFTY,NIFTY 24300 PE,PE,24300.0,65.0,120.65,132.3,14:33,SIGNAL_FLIP,11.65,11.65,757.25,757.25,True
NIF-2026-07-30-1436-697866,2026-07-30 14:36,NIFTY,NIFTY 24250 PE,PE,24250.0,65.0,110.25,108.2,14:37,SIGNAL_FLIP,-2.05,-2.05,-133.25,-133.25,True
NIF-2026-07-30-1440-be7bd7,2026-07-30 14:40,NIFTY,NIFTY 24250 CE,CE,24250.0,65.0,113.65,107.9,14:42,SIGNAL_FLIP,-5.75,-5.75,-373.75,-373.75,True
NIF-2026-07-30-1447-8cd8ac,2026-07-30 14:47,NIFTY,NIFTY 24250 CE,CE,24250.0,65.0,118.5,120.5,14:55,POSITION_SIGNAL,2.0,2.0,130.0,130.0,True
NIF-2026-07-30-1456-bbe02a,2026-07-30 14:56,NIFTY,NIFTY 24250 PE,PE,24250.0,65.0,98.2,95.3,14:57,SIGNAL_FLIP,-2.9,-2.9,-188.5,-188.5,True
NIF-2026-07-30-1504-bf32ca,2026-07-30 15:04,NIFTY,NIFTY 24300 CE,CE,24300.0,65.0,102.7,102.55,15:14,POSITION_SIGNAL,-0.15,-0.15,-9.75,-9.75,True
NIF-2026-07-30-1516-3f4809,2026-07-30 15:16,NIFTY,NIFTY 24300 PE,PE,24300.0,65.0,121.4,117.85,15:20,POSITION_SIGNAL,-3.55,-3.55,-230.75,-230.75,True
NIF-2026-07-30-1522-568306,2026-07-30 15:22,NIFTY,NIFTY 24300 CE,CE,24300.0,65.0,103.1,106.8,15:29,SESSION_END,3.7,3.7,240.5,240.5,True
SEN-2026-07-30-0944-e26b02,2026-07-30 09:44,SENSEX,SENSEX 77600 CE,CE,77600.0,20.0,140.95,163.55,09:50,POSITION_SIGNAL,22.6,22.6,452.0,452.0,True
SEN-2026-07-30-1000-9d4fd5,2026-07-30 10:00,SENSEX,SENSEX 77700 PE,PE,77700.0,20.0,150.75,146.15,10:02,POSITION_SIGNAL,-4.6,-4.6,-92.0,-92.0,True
SEN-2026-07-30-1004-d53935,2026-07-30 10:04,SENSEX,SENSEX 77700 CE,CE,77700.0,20.0,117.75,110.5,10:07,POSITION_SIGNAL,-7.25,-7.25,-145.0,-145.0,True
SEN-2026-07-30-1013-5e1da2,2026-07-30 10:13,SENSEX,SENSEX 77600 PE,PE,77600.0,20.0,132.8,116.75,10:17,STOP_LOSS,-16.05,-16.05,-321.0,-321.0,True
SEN-2026-07-30-1018-3c565b,2026-07-30 10:18,SENSEX,SENSEX 77600 CE,CE,77600.0,20.0,123.35,115.45,10:20,SIGNAL_FLIP,-7.9,-7.9,-158.0,-158.0,True
SEN-2026-07-30-1026-a397d1,2026-07-30 10:26,SENSEX,SENSEX 77600 PE,PE,77600.0,20.0,140.25,122.35,10:36,STOP_LOSS,-17.9,-17.9,-358.0,-358.0,True
SEN-2026-07-30-1042-b33fd8,2026-07-30 10:42,SENSEX,SENSEX 77600 PE,PE,77600.0,20.0,130.25,105.65,10:44,STOP_LOSS,-24.6,-24.6,-492.0,-492.0,True
SEN-2026-07-30-1045-75281b,2026-07-30 10:45,SENSEX,SENSEX 77600 CE,CE,77600.0,20.0,127.5,113.6,10:46,STOP_LOSS,-13.9,-13.9,-278.0,-278.0,True
SEN-2026-07-30-1051-04967d,2026-07-30 10:51,SENSEX,SENSEX 77600 CE,CE,77600.0,20.0,135.8,128.6,10:54,SIGNAL_FLIP,-7.2,-7.2,-144.0,-144.0,True
SEN-2026-07-30-1102-60670e,2026-07-30 11:02,SENSEX,SENSEX 77600 PE,PE,77600.0,20.0,110.0,98.25,11:04,SIGNAL_FLIP,-11.75,-11.75,-235.0,-235.0,True
SEN-2026-07-30-1106-2ae040,2026-07-30 11:06,SENSEX,SENSEX 77600 CE,CE,77600.0,20.0,112.0,109.7,11:08,POSITION_SIGNAL,-2.3,-2.3,-46.0,-46.0,True
SEN-2026-07-30-1109-fba971,2026-07-30 11:09,SENSEX,SENSEX 77600 PE,PE,77600.0,20.0,104.55,98.3,11:10,SIGNAL_FLIP,-6.25,-6.25,-125.0,-125.0,True
SEN-2026-07-30-1113-4ca7bd,2026-07-30 11:13,SENSEX,SENSEX 77600 CE,CE,77600.0,20.0,132.25,129.2,11:15,POSITION_SIGNAL,-3.05,-3.05,-61.0,-61.0,True
SEN-2026-07-30-1117-f4e84d,2026-07-30 11:17,SENSEX,SENSEX 77700 CE,CE,77700.0,20.0,99.65,97.25,11:21,SIGNAL_FLIP,-2.4,-2.4,-48.0,-48.0,True
SEN-2026-07-30-1127-a51c0c,2026-07-30 11:27,SENSEX,SENSEX 77700 CE,CE,77700.0,20.0,102.4,90.45,11:30,STOP_LOSS,-11.95,-11.95,-239.0,-239.0,True
SEN-2026-07-30-1133-3d9a15,2026-07-30 11:33,SENSEX,SENSEX 77700 CE,CE,77700.0,20.0,102.15,101.4,11:37,POSITION_SIGNAL,-0.75,-0.75,-15.0,-15.0,True
SEN-2026-07-30-1138-e4b583,2026-07-30 11:38,SENSEX,SENSEX 77700 PE,PE,77700.0,20.0,115.15,136.55,11:49,SIGNAL_FLIP,21.4,21.4,428.0,428.0,True
SEN-2026-07-30-1152-d0adeb,2026-07-30 11:52,SENSEX,SENSEX 77600 PE,PE,77600.0,20.0,88.75,82.35,11:56,SIGNAL_FLIP,-6.4,-6.4,-128.0,-128.0,True
SEN-2026-07-30-1204-878f4f,2026-07-30 12:04,SENSEX,SENSEX 77600 PE,PE,77600.0,20.0,81.75,84.0,12:06,SIGNAL_FLIP,2.25,2.25,45.0,45.0,True
SEN-2026-07-30-1213-c1dcf1,2026-07-30 12:13,SENSEX,SENSEX 77600 CE,CE,77600.0,20.0,112.7,102.0,12:15,POSITION_SIGNAL,-10.7,-10.7,-214.0,-214.0,True
SEN-2026-07-30-1216-ad62e9,2026-07-30 12:16,SENSEX,SENSEX 77600 PE,PE,77600.0,20.0,82.6,81.05,12:17,SIGNAL_FLIP,-1.55,-1.55,-31.0,-31.0,True
SEN-2026-07-30-1226-4edbc5,2026-07-30 12:26,SENSEX,SENSEX 77700 CE,CE,77700.0,20.0,72.9,63.7,12:27,SIGNAL_FLIP,-9.2,-9.2,-184.0,-184.0,True
SEN-2026-07-30-1230-2dfd07,2026-07-30 12:30,SENSEX,SENSEX 77600 CE,CE,77600.0,20.0,118.25,246.4,12:38,POSITION_SIGNAL,128.15,128.15,2563.0,2563.0,True
SEN-2026-07-30-1242-5568db,2026-07-30 12:42,SENSEX,SENSEX 77800 CE,CE,77800.0,20.0,134.35,114.1,12:46,STOP_LOSS,-20.25,-20.25,-405.0,-405.0,True
SEN-2026-07-30-1250-c9b979,2026-07-30 12:50,SENSEX,SENSEX 77800 CE,CE,77800.0,20.0,109.25,96.7,12:53,STOP_LOSS,-12.55,-12.55,-251.0,-251.0,True
SEN-2026-07-30-1256-cc6406,2026-07-30 12:56,SENSEX,SENSEX 77800 CE,CE,77800.0,20.0,100.35,80.05,13:00,STOP_LOSS,-20.3,-20.3,-406.0,-406.0,True
SEN-2026-07-30-1301-30bbd3,2026-07-30 13:01,SENSEX,SENSEX 77800 PE,PE,77800.0,20.0,115.25,102.65,13:04,STOP_LOSS,-12.6,-12.6,-252.0,-252.0,True
SEN-2026-07-30-1306-33cbed,2026-07-30 13:06,SENSEX,SENSEX 77800 CE,CE,77800.0,20.0,79.75,57.6,13:10,STOP_LOSS,-22.15,-22.15,-443.0,-443.0,True
SEN-2026-07-30-1317-2ee4d7,2026-07-30 13:17,SENSEX,SENSEX 77700 PE,PE,77700.0,20.0,93.75,93.05,13:19,POSITION_SIGNAL,-0.7,-0.7,-14.0,-14.0,True
SEN-2026-07-30-1322-5f5564,2026-07-30 13:22,SENSEX,SENSEX 77700 CE,CE,77700.0,20.0,89.45,81.6,13:29,POSITION_SIGNAL,-7.85,-7.85,-157.0,-157.0,True
SEN-2026-07-30-1336-90907f,2026-07-30 13:36,SENSEX,SENSEX 77700 CE,CE,77700.0,20.0,86.6,116.7,13:44,POSITION_SIGNAL,30.1,30.1,602.0,602.0,True
SEN-2026-07-30-1353-444b4b,2026-07-30 13:53,SENSEX,SENSEX 77700 CE,CE,77700.0,20.0,96.55,87.85,13:58,POSITION_SIGNAL,-8.7,-8.7,-174.0,-174.0,True
SEN-2026-07-30-1409-c1d735,2026-07-30 14:09,SENSEX,SENSEX 77700 PE,PE,77700.0,20.0,73.45,122.15,14:24,POSITION_SIGNAL,48.7,48.7,974.0,974.0,True
SEN-2026-07-30-1427-206655,2026-07-30 14:27,SENSEX,SENSEX 77600 PE,PE,77600.0,20.0,66.8,52.1,14:32,STOP_LOSS,-14.7,-14.7,-294.0,-294.0,True
SEN-2026-07-30-1438-60717d,2026-07-30 14:38,SENSEX,SENSEX 77600 CE,CE,77600.0,20.0,80.7,70.35,14:42,STOP_LOSS,-10.35,-10.35,-207.0,-207.0,True
SEN-2026-07-30-1457-d29cbc,2026-07-30 14:57,SENSEX,SENSEX 77700 CE,CE,77700.0,20.0,61.85,52.0,14:58,STOP_LOSS,-9.85,-9.85,-197.0,-197.0,True
SEN-2026-07-30-1519-3df54e,2026-07-30 15:19,SENSEX,SENSEX 77800 CE,CE,77800.0,20.0,43.25,124.2,15:29,POSITION_SIGNAL,80.95,80.95,1619.0,1619.0,True
NIF-2026-07-31-1144-b09ac1,2026-07-31 11:44,NIFTY,NIFTY 24350 CE,CE,24350.0,65.0,100.85,99.2,11:48,POSITION_SIGNAL,-1.65,-1.65,-107.25,-107.25,True
NIF-2026-07-31-1150-0994f3,2026-07-31 11:50,NIFTY,NIFTY 24350 CE,CE,24350.0,65.0,101.15,97.6,11:54,POSITION_SIGNAL,-3.55,-3.55,-230.75,-230.75,True
NIF-2026-07-31-1157-025d89,2026-07-31 11:57,NIFTY,NIFTY 24350 CE,CE,24350.0,65.0,100.25,105.2,12:19,POSITION_SIGNAL,4.95,4.95,321.75,321.75,True
NIF-2026-07-31-1224-0a1b63,2026-07-31 12:24,NIFTY,NIFTY 24350 CE,CE,24350.0,65.0,105.6,105.0,12:31,POSITION_SIGNAL,-0.6,-0.6,-39.0,-39.0,True
SEN-2026-07-31-1304-e3681b,2026-07-31 13:04,SENSEX,SENSEX 78300 CE,CE,78300.0,20.0,420.85,425.1,13:12,SIGNAL_FLIP,4.25,4.25,85.0,85.0,True
NIF-2026-07-31-1233-f7db2a,2026-07-31 12:33,NIFTY,NIFTY 24400 CE,CE,24400.0,65.0,82.6,94.6,13:01,POSITION_SIGNAL,12.0,12.0,780.0,780.0,True
NIF-2026-07-31-1305-05f95b,2026-07-31 13:05,NIFTY,NIFTY 24400 CE,CE,24400.0,65.0,97.5,98.45,13:12,POSITION_SIGNAL,0.95,0.95,61.75,61.75,True
NIF-2026-07-31-1319-b973e9,2026-07-31 13:19,NIFTY,NIFTY 24400 CE,CE,24400.0,65.0,99.25,98.1,13:29,SIGNAL_FLIP,-1.15,-1.15,-74.75,-74.75,True
NIF-2026-07-31-1332-934e80,2026-07-31 13:32,NIFTY,NIFTY 24400 PE,PE,24400.0,65.0,92.9,91.35,13:37,SIGNAL_FLIP,-1.55,-1.55,-100.75,-100.75,True
NIF-2026-07-31-1341-6dadaa,2026-07-31 13:41,NIFTY,NIFTY 24400 PE,PE,24400.0,65.0,96.2,94.15,13:44,POSITION_SIGNAL,-2.05,-2.05,-133.25,-133.25,True
NIF-2026-07-31-1348-f3e799,2026-07-31 13:48,NIFTY,NIFTY 24400 CE,CE,24400.0,65.0,90.0,92.15,14:03,SIGNAL_FLIP,2.15,2.15,139.75,139.75,True
SEN-2026-07-31-1319-82176f,2026-07-31 13:19,SENSEX,SENSEX 78300 CE,CE,78300.0,20.0,429.5,424.25,13:29,POSITION_SIGNAL,-5.25,-5.25,-105.0,-105.0,True
NIF-2026-07-31-1408-e91d40,2026-07-31 14:08,NIFTY,NIFTY 24400 CE,CE,24400.0,65.0,91.45,89.1,14:11,POSITION_SIGNAL,-2.35,-2.35,-152.75,-152.75,True
NIF-2026-07-31-1412-38ccb0,2026-07-31 14:12,NIFTY,NIFTY 24400 CE,CE,24400.0,65.0,92.1,89.4,14:19,POSITION_SIGNAL,-2.7,-2.7,-175.5,-175.5,True
NIF-2026-07-31-1425-930109,2026-07-31 14:25,NIFTY,NIFTY 24400 CE,CE,24400.0,65.0,91.7,89.8,14:31,SIGNAL_FLIP,-1.9,-1.9,-123.5,-123.5,True
NIF-2026-07-31-1438-ca795a,2026-07-31 14:38,NIFTY,NIFTY 24400 CE,CE,24400.0,65.0,84.25,76.5,14:57,SIGNAL_FLIP,-7.75,-7.75,-503.75,-503.75,True
NIF-2026-07-31-1500-e444e3,2026-07-31 15:00,NIFTY,NIFTY 24400 PE,PE,24400.0,65.0,98.9,92.7,15:01,SIGNAL_FLIP,-6.2,-6.2,-403.0,-403.0,True
NIF-2026-07-31-1507-8f29d2,2026-07-31 15:07,NIFTY,NIFTY 24400 CE,CE,24400.0,65.0,81.4,80.2,15:11,POSITION_SIGNAL,-1.2,-1.2,-78.0,-78.0,True
NIF-2026-07-31-1519-288491,2026-07-31 15:19,NIFTY,NIFTY 24400 CE,CE,24400.0,65.0,75.8,74.45,15:27,SIGNAL_FLIP,-1.35,-1.35,-87.75,-87.75,True
SEN-2026-07-31-1144-7c04e8,2026-07-31 11:44,SENSEX,SENSEX 78100 CE,CE,78100.0,20.0,414.95,408.3,11:48,POSITION_SIGNAL,-6.65,-6.65,-133.0,-133.0,True
SEN-2026-07-31-1150-57e0ae,2026-07-31 11:50,SENSEX,SENSEX 78100 CE,CE,78100.0,20.0,413.45,403.5,11:54,POSITION_SIGNAL,-9.95,-9.95,-199.0,-199.0,True
SEN-2026-07-31-1155-b10383,2026-07-31 11:55,SENSEX,SENSEX 78100 CE,CE,78100.0,20.0,411.7,432.35,12:20,POSITION_SIGNAL,20.65,20.65,413.0,413.0,True
SEN-2026-07-31-1225-f09ab3,2026-07-31 12:25,SENSEX,SENSEX 78100 CE,CE,78100.0,20.0,439.2,437.8,12:31,POSITION_SIGNAL,-1.4,-1.4,-28.0,-28.0,True
SEN-2026-07-31-1233-4f9f48,2026-07-31 12:33,SENSEX,SENSEX 78200 CE,CE,78200.0,20.0,400.4,443.4,12:53,POSITION_SIGNAL,43.0,43.0,860.0,860.0,True
SEN-2026-07-31-1255-211d04,2026-07-31 12:55,SENSEX,SENSEX 78200 CE,CE,78200.0,20.0,453.7,461.6,13:01,POSITION_SIGNAL,7.9,7.9,158.0,158.0,True
NIF-2026-09-23-1357-0af8d6,2026-09-23 13:57,NIFTY,NIFTY 23450 PE,PE,23450.0,65.0,114.7,110.55,14:00,SIGNAL_FLIP,-4.15,-4.15,-269.75,-269.75,True
SEN-2026-07-31-1330-22f6e8,2026-07-31 13:30,SENSEX,SENSEX 78300 PE,PE,78300.0,20.0,453.8,462.75,13:38,POSITION_SIGNAL,8.95,8.95,179.0,179.0,True
SEN-2026-07-31-1341-89748c,2026-07-31 13:41,SENSEX,SENSEX 78200 PE,PE,78200.0,20.0,427.7,422.85,13:44,SIGNAL_FLIP,-4.85,-4.85,-97.0,-97.0,True
SEN-2026-07-31-1348-fa11b0,2026-07-31 13:48,SENSEX,SENSEX 78200 CE,CE,78200.0,20.0,438.45,447.25,14:03,SIGNAL_FLIP,8.8,8.8,176.0,176.0,True
SEN-2026-07-31-1409-e4dc71,2026-07-31 14:09,SENSEX,SENSEX 78200 CE,CE,78200.0,20.0,432.0,429.55,14:11,POSITION_SIGNAL,-2.45,-2.45,-49.0,-49.0,True
SEN-2026-07-31-1412-673f5c,2026-07-31 14:12,SENSEX,SENSEX 78200 CE,CE,78200.0,20.0,444.2,427.3,14:19,POSITION_SIGNAL,-16.9,-16.9,-338.0,-338.0,True
SEN-2026-07-31-1420-03174e,2026-07-31 14:20,SENSEX,SENSEX 78200 PE,PE,78200.0,20.0,423.1,409.6,14:25,SIGNAL_FLIP,-13.5,-13.5,-270.0,-270.0,True
NIF-2026-08-03-1149-a0d496,2026-08-03 11:49,NIFTY,NIFTY 24600 CE,CE,24600.0,65.0,59.1,58.25,11:56,POSITION_SIGNAL,-0.85,-0.85,-55.25,-55.25,True
SEN-2026-07-31-1427-33389d,2026-07-31 14:27,SENSEX,SENSEX 78300 CE,CE,78300.0,20.0,401.2,393.75,14:30,POSITION_SIGNAL,-7.45,-7.45,-149.0,-149.0,True
SEN-2026-07-31-1432-bdd999,2026-07-31 14:32,SENSEX,SENSEX 78200 PE,PE,78200.0,20.0,427.15,428.6,14:38,SIGNAL_FLIP,1.45,1.45,29.0,29.0,True
SEN-2026-07-31-1457-993a45,2026-07-31 14:57,SENSEX,SENSEX 78100 PE,PE,78100.0,20.0,405.05,387.35,15:01,SIGNAL_FLIP,-17.7,-17.7,-354.0,-354.0,True
SEN-2026-07-31-1509-043dc6,2026-07-31 15:09,SENSEX,SENSEX 78200 CE,CE,78200.0,20.0,398.25,377.1,15:17,SIGNAL_FLIP,-21.15,-21.15,-423.0,-423.0,True
SEN-2026-07-31-1520-0c5d62,2026-07-31 15:20,SENSEX,SENSEX 78100 CE,CE,78100.0,20.0,435.1,422.1,15:27,SIGNAL_FLIP,-13.0,-13.0,-260.0,-260.0,True
NIF-2026-08-03-0918-092b8a,2026-08-03 09:18,NIFTY,NIFTY 24550 CE,CE,24550.0,65.0,70.3,68.4,09:20,POSITION_SIGNAL,-1.9,-1.9,-123.5,-123.5,True
NIF-2026-08-03-0923-d03611,2026-08-03 09:23,NIFTY,NIFTY 24550 PE,PE,24550.0,65.0,71.05,67.85,09:26,SIGNAL_FLIP,-3.2,-3.2,-208.0,-208.0,True
NIF-2026-08-03-0931-9b9a4e,2026-08-03 09:31,NIFTY,NIFTY 24550 CE,CE,24550.0,65.0,67.8,68.2,09:33,SIGNAL_FLIP,0.4,0.4,26.0,26.0,True
NIF-2026-08-03-0938-121f24,2026-08-03 09:38,NIFTY,NIFTY 24550 PE,PE,24550.0,65.0,61.15,57.7,09:40,SIGNAL_FLIP,-3.45,-3.45,-224.25,-224.25,True
NIF-2026-08-03-0946-029af9,2026-08-03 09:46,NIFTY,NIFTY 24550 CE,CE,24550.0,65.0,69.35,67.25,09:47,SIGNAL_FLIP,-2.1,-2.1,-136.5,-136.5,True
NIF-2026-08-03-0951-7a7258,2026-08-03 09:51,NIFTY,NIFTY 24550 CE,CE,24550.0,65.0,69.9,72.15,10:03,POSITION_SIGNAL,2.25,2.25,146.25,146.25,True
NIF-2026-08-03-1006-e2fe35,2026-08-03 10:06,NIFTY,NIFTY 24550 CE,CE,24550.0,65.0,76.35,72.95,10:09,POSITION_SIGNAL,-3.4,-3.4,-221.0,-221.0,True
NIF-2026-08-03-1012-d5b519,2026-08-03 10:12,NIFTY,NIFTY 24550 CE,CE,24550.0,65.0,75.5,80.3,10:22,POSITION_SIGNAL,4.8,4.8,312.0,312.0,True
NIF-2026-08-03-1023-6ffefc,2026-08-03 10:23,NIFTY,NIFTY 24600 PE,PE,24600.0,65.0,73.85,72.95,10:26,SIGNAL_FLIP,-0.9,-0.9,-58.5,-58.5,True
NIF-2026-08-03-1033-7730fd,2026-08-03 10:33,NIFTY,NIFTY 24600 PE,PE,24600.0,65.0,75.25,73.6,10:38,SIGNAL_FLIP,-1.65,-1.65,-107.25,-107.25,True
NIF-2026-08-03-1044-72d102,2026-08-03 10:44,NIFTY,NIFTY 24600 CE,CE,24600.0,65.0,56.5,57.25,10:58,SIGNAL_FLIP,0.75,0.75,48.75,48.75,True
NIF-2026-08-03-1101-612618,2026-08-03 11:01,NIFTY,NIFTY 24600 CE,CE,24600.0,65.0,62.5,60.4,11:10,POSITION_SIGNAL,-2.1,-2.1,-136.5,-136.5,True
NIF-2026-08-03-1117-9561cb,2026-08-03 11:17,NIFTY,NIFTY 24600 CE,CE,24600.0,65.0,60.85,59.3,11:21,POSITION_SIGNAL,-1.55,-1.55,-100.75,-100.75,True
NIF-2026-08-03-1123-1a01fc,2026-08-03 11:23,NIFTY,NIFTY 24600 CE,CE,24600.0,65.0,60.15,58.85,11:28,POSITION_SIGNAL,-1.3,-1.3,-84.5,-84.5,True
NIF-2026-08-03-1131-a7b4eb,2026-08-03 11:31,NIFTY,NIFTY 24600 PE,PE,24600.0,65.0,71.0,69.8,11:35,SIGNAL_FLIP,-1.2,-1.2,-78.0,-78.0,True
NIF-2026-08-03-1138-12bae5,2026-08-03 11:38,NIFTY,NIFTY 24600 CE,CE,24600.0,65.0,56.95,57.95,11:47,POSITION_SIGNAL,1.0,1.0,65.0,65.0,True
NIF-2026-08-03-1201-d22cb6,2026-08-03 12:01,NIFTY,NIFTY 24600 PE,PE,24600.0,65.0,67.7,65.8,12:08,POSITION_SIGNAL,-1.9,-1.9,-123.5,-123.5,True
NIF-2026-08-03-1209-44ac6a,2026-08-03 12:09,NIFTY,NIFTY 24600 CE,CE,24600.0,65.0,58.85,61.15,12:20,POSITION_SIGNAL,2.3,2.3,149.5,149.5,True
NIF-2026-08-03-1224-1851bf,2026-08-03 12:24,NIFTY,NIFTY 24600 CE,CE,24600.0,65.0,62.45,60.95,12:30,POSITION_SIGNAL,-1.5,-1.5,-97.5,-97.5,True
NIF-2026-08-03-1234-33a1b9,2026-08-03 12:34,NIFTY,NIFTY 24600 PE,PE,24600.0,65.0,67.8,67.4,12:42,SIGNAL_FLIP,-0.4,-0.4,-26.0,-26.0,True
NIF-2026-08-03-1244-599807,2026-08-03 12:44,NIFTY,NIFTY 24600 CE,CE,24600.0,65.0,55.45,45.55,12:48,STOP_LOSS,-9.9,-9.9,-643.5,-643.5,True
NIF-2026-08-03-1254-35a580,2026-08-03 12:54,NIFTY,NIFTY 24600 CE,CE,24600.0,65.0,51.4,48.35,12:56,SIGNAL_FLIP,-3.05,-3.05,-198.25,-198.25,True
NIF-2026-08-03-1258-d961e3,2026-08-03 12:58,NIFTY,NIFTY 24600 PE,PE,24600.0,65.0,74.45,78.45,13:04,SIGNAL_FLIP,4.0,4.0,260.0,260.0,True
NIF-2026-08-03-1308-f27e15,2026-08-03 13:08,NIFTY,NIFTY 24550 PE,PE,24550.0,65.0,52.55,51.4,13:09,SIGNAL_FLIP,-1.15,-1.15,-74.75,-74.75,True
NIF-2026-08-03-1312-3aeb1c,2026-08-03 13:12,NIFTY,NIFTY 24550 PE,PE,24550.0,65.0,53.5,52.1,13:15,SIGNAL_FLIP,-1.4,-1.4,-91.0,-91.0,True
NIF-2026-08-03-1321-7bc03b,2026-08-03 13:21,NIFTY,NIFTY 24550 PE,PE,24550.0,65.0,50.0,47.15,13:24,POSITION_SIGNAL,-2.85,-2.85,-185.25,-185.25,True
NIF-2026-08-03-1327-9d06b3,2026-08-03 13:27,NIFTY,NIFTY 24600 CE,CE,24600.0,65.0,50.3,49.2,13:32,POSITION_SIGNAL,-1.1,-1.1,-71.5,-71.5,True
NIF-2026-08-03-1334-3cda7f,2026-08-03 13:34,NIFTY,NIFTY 24600 CE,CE,24600.0,65.0,51.3,53.0,13:39,POSITION_SIGNAL,1.7,1.7,110.5,110.5,True
NIF-2026-08-03-1340-07d090,2026-08-03 13:40,NIFTY,NIFTY 24600 PE,PE,24600.0,65.0,65.65,62.65,13:44,SIGNAL_FLIP,-3.0,-3.0,-195.0,-195.0,True
NIF-2026-08-03-1347-252432,2026-08-03 13:47,NIFTY,NIFTY 24600 PE,PE,24600.0,65.0,67.0,67.9,13:56,SIGNAL_FLIP,0.9,0.9,58.5,58.5,True
NIF-2026-08-03-1401-d25de2,2026-08-03 14:01,NIFTY,NIFTY 24600 PE,PE,24600.0,65.0,69.2,68.0,14:04,SIGNAL_FLIP,-1.2,-1.2,-78.0,-78.0,True
NIF-2026-08-03-1406-900461,2026-08-03 14:06,NIFTY,NIFTY 24600 CE,CE,24600.0,65.0,49.7,48.1,14:09,SIGNAL_FLIP,-1.6,-1.6,-104.0,-104.0,True
NIF-2026-08-03-1412-5feba9,2026-08-03 14:12,NIFTY,NIFTY 24600 CE,CE,24600.0,65.0,50.45,47.75,14:16,SIGNAL_FLIP,-2.7,-2.7,-175.5,-175.5,True
NIF-2026-08-03-1418-260411,2026-08-03 14:18,NIFTY,NIFTY 24550 PE,PE,24550.0,65.0,48.0,47.05,14:21,SIGNAL_FLIP,-0.95,-0.95,-61.75,-61.75,True
NIF-2026-08-03-1425-1d274d,2026-08-03 14:25,NIFTY,NIFTY 24600 CE,CE,24600.0,65.0,48.15,50.6,14:42,POSITION_SIGNAL,2.45,2.45,159.25,159.25,True
NIF-2026-08-03-1445-421db7,2026-08-03 14:45,NIFTY,NIFTY 24600 CE,CE,24600.0,65.0,53.15,52.8,14:50,POSITION_SIGNAL,-0.35,-0.35,-22.75,-22.75,True
NIF-2026-08-03-1456-6b0b07,2026-08-03 14:56,NIFTY,NIFTY 24600 CE,CE,24600.0,65.0,51.1,48.5,15:00,POSITION_SIGNAL,-2.6,-2.6,-169.0,-169.0,True
NIF-2026-08-03-1503-59b2d1,2026-08-03 15:03,NIFTY,NIFTY 24600 PE,PE,24600.0,65.0,71.0,73.2,15:12,POSITION_SIGNAL,2.2,2.2,143.0,143.0,True
NIF-2026-08-03-1513-37be76,2026-08-03 15:13,NIFTY,NIFTY 24550 CE,CE,24550.0,65.0,72.1,70.8,15:15,SIGNAL_FLIP,-1.3,-1.3,-84.5,-84.5,True
SEN-2026-08-03-0919-93ccd2,2026-08-03 09:19,SENSEX,SENSEX 78700 PE,PE,78700.0,20.0,375.6,375.4,09:26,SIGNAL_FLIP,-0.2,-0.2,-4.0,-4.0,True
SEN-2026-08-03-0928-1bb10c,2026-08-03 09:28,SENSEX,SENSEX 78700 CE,CE,78700.0,20.0,342.95,357.95,09:33,SIGNAL_FLIP,15.0,15.0,300.0,300.0,True
SEN-2026-08-03-0935-1362fc,2026-08-03 09:35,SENSEX,SENSEX 78700 CE,CE,78700.0,20.0,362.55,354.75,09:38,SIGNAL_FLIP,-7.8,-7.8,-156.0,-156.0,True
SEN-2026-08-03-0942-54bdeb,2026-08-03 09:42,SENSEX,SENSEX 78700 CE,CE,78700.0,20.0,364.55,356.6,09:44,POSITION_SIGNAL,-7.95,-7.95,-159.0,-159.0,True
SEN-2026-08-03-0947-f5995a,2026-08-03 09:47,SENSEX,SENSEX 78700 PE,PE,78700.0,20.0,355.9,346.8,09:51,SIGNAL_FLIP,-9.1,-9.1,-182.0,-182.0,True
SEN-2026-08-03-0953-267a9d,2026-08-03 09:53,SENSEX,SENSEX 78700 CE,CE,78700.0,20.0,361.0,356.6,09:54,SIGNAL_FLIP,-4.4,-4.4,-88.0,-88.0,True
SEN-2026-08-03-0956-eff2eb,2026-08-03 09:56,SENSEX,SENSEX 78700 CE,CE,78700.0,20.0,373.5,374.05,10:04,SIGNAL_FLIP,0.55,0.55,11.0,11.0,True
SEN-2026-08-03-1006-b5347e,2026-08-03 10:06,SENSEX,SENSEX 78800 CE,CE,78800.0,20.0,332.7,321.05,10:09,SIGNAL_FLIP,-11.65,-11.65,-233.0,-233.0,True
SEN-2026-08-03-1012-b186ee,2026-08-03 10:12,SENSEX,SENSEX 78800 CE,CE,78800.0,20.0,330.8,341.0,10:22,SIGNAL_FLIP,10.2,10.2,204.0,204.0,True
SEN-2026-08-03-1026-9f1824,2026-08-03 10:26,SENSEX,SENSEX 78800 CE,CE,78800.0,20.0,342.35,340.7,10:32,SIGNAL_FLIP,-1.65,-1.65,-33.0,-33.0,True
SEN-2026-08-03-1034-924e2b,2026-08-03 10:34,SENSEX,SENSEX 78800 PE,PE,78800.0,20.0,372.1,360.0,10:39,SIGNAL_FLIP,-12.1,-12.1,-242.0,-242.0,True
SEN-2026-08-03-1044-2b7a37,2026-08-03 10:44,SENSEX,SENSEX 78800 CE,CE,78800.0,20.0,345.95,342.2,10:58,SIGNAL_FLIP,-3.75,-3.75,-75.0,-75.0,True
SEN-2026-08-03-1101-df4d36,2026-08-03 11:01,SENSEX,SENSEX 78800 CE,CE,78800.0,20.0,364.6,354.0,11:12,POSITION_SIGNAL,-10.6,-10.6,-212.0,-212.0,True
SEN-2026-08-03-1115-b782f4,2026-08-03 11:15,SENSEX,SENSEX 78800 CE,CE,78800.0,20.0,358.65,354.75,11:20,POSITION_SIGNAL,-3.9,-3.9,-78.0,-78.0,True
SEN-2026-08-03-1125-bbf406,2026-08-03 11:25,SENSEX,SENSEX 78800 CE,CE,78800.0,20.0,359.3,352.0,11:28,SIGNAL_FLIP,-7.3,-7.3,-146.0,-146.0,True
SEN-2026-08-03-1130-bbd7ce,2026-08-03 11:30,SENSEX,SENSEX 78800 PE,PE,78800.0,20.0,358.0,361.1,11:35,POSITION_SIGNAL,3.1,3.1,62.0,62.0,True
SEN-2026-08-03-1139-e681da,2026-08-03 11:39,SENSEX,SENSEX 78800 CE,CE,78800.0,20.0,352.0,347.6,11:45,SIGNAL_FLIP,-4.4,-4.4,-88.0,-88.0,True
SEN-2026-08-03-1149-bca421,2026-08-03 11:49,SENSEX,SENSEX 78800 CE,CE,78800.0,20.0,353.0,348.5,11:56,SIGNAL_FLIP,-4.5,-4.5,-90.0,-90.0,True
SEN-2026-08-03-1210-9a476e,2026-08-03 12:10,SENSEX,SENSEX 78800 CE,CE,78800.0,20.0,356.3,352.45,12:21,SIGNAL_FLIP,-3.85,-3.85,-77.0,-77.0,True
SEN-2026-08-03-1224-66d750,2026-08-03 12:24,SENSEX,SENSEX 78800 CE,CE,78800.0,20.0,365.1,361.0,12:29,POSITION_SIGNAL,-4.1,-4.1,-82.0,-82.0,True
SEN-2026-08-03-1235-89f4d5,2026-08-03 12:35,SENSEX,SENSEX 78800 PE,PE,78800.0,20.0,357.0,351.15,12:46,SIGNAL_FLIP,-5.85,-5.85,-117.0,-117.0,True
SEN-2026-08-03-1248-62ffff,2026-08-03 12:48,SENSEX,SENSEX 78700 PE,PE,78700.0,20.0,342.2,328.1,12:52,POSITION_SIGNAL,-14.1,-14.1,-282.0,-282.0,True
SEN-2026-08-03-1256-7cbaa2,2026-08-03 12:56,SENSEX,SENSEX 78700 PE,PE,78700.0,20.0,334.55,337.65,13:10,POSITION_SIGNAL,3.1,3.1,62.0,62.0,True
SEN-2026-08-03-1317-454adb,2026-08-03 13:17,SENSEX,SENSEX 78700 CE,CE,78700.0,20.0,357.8,349.55,13:21,SIGNAL_FLIP,-8.25,-8.25,-165.0,-165.0,True
NIF-2026-08-04-1401-667d58,2026-08-04 14:01,NIFTY,NIFTY 24450 CE,CE,24450.0,65.0,42.55,41.1,14:02,SIGNAL_FLIP,-1.45,-1.45,-94.25,-94.25,True
SEN-2026-08-03-1324-9b5de1,2026-08-03 13:24,SENSEX,SENSEX 78700 CE,CE,78700.0,20.0,358.6,365.45,13:32,SIGNAL_FLIP,6.85,6.85,137.0,137.0,True
SEN-2026-08-03-1335-c4814c,2026-08-03 13:35,SENSEX,SENSEX 78800 CE,CE,78800.0,20.0,334.15,327.2,13:40,POSITION_SIGNAL,-6.95,-6.95,-139.0,-139.0,True
SEN-2026-08-03-1341-4cebf8,2026-08-03 13:41,SENSEX,SENSEX 78800 PE,PE,78800.0,20.0,364.7,346.8,13:44,SIGNAL_FLIP,-17.9,-17.9,-358.0,-358.0,True
SEN-2026-08-03-1353-8f6709,2026-08-03 13:53,SENSEX,SENSEX 78700 PE,PE,78700.0,20.0,317.6,312.2,13:58,SIGNAL_FLIP,-5.4,-5.4,-108.0,-108.0,True
SEN-2026-08-03-1401-d56731,2026-08-03 14:01,SENSEX,SENSEX 78700 PE,PE,78700.0,20.0,318.15,310.85,14:06,SIGNAL_FLIP,-7.3,-7.3,-146.0,-146.0,True
SEN-2026-08-03-1409-a5add5,2026-08-03 14:09,SENSEX,SENSEX 78800 PE,PE,78800.0,20.0,363.2,356.55,14:12,SIGNAL_FLIP,-6.65,-6.65,-133.0,-133.0,True
SEN-2026-08-03-1418-5c6cdb,2026-08-03 14:18,SENSEX,SENSEX 78700 PE,PE,78700.0,20.0,324.6,320.6,14:25,POSITION_SIGNAL,-4.0,-4.0,-80.0,-80.0,True
SEN-2026-08-03-1431-860453,2026-08-03 14:31,SENSEX,SENSEX 78800 CE,CE,78800.0,20.0,319.7,331.25,14:44,POSITION_SIGNAL,11.55,11.55,231.0,231.0,True
SEN-2026-08-03-1456-6a246c,2026-08-03 14:56,SENSEX,SENSEX 78800 CE,CE,78800.0,20.0,326.75,320.2,15:00,POSITION_SIGNAL,-6.55,-6.55,-131.0,-131.0,True
SEN-2026-08-03-1504-15279e,2026-08-03 15:04,SENSEX,SENSEX 78700 PE,PE,78700.0,20.0,321.35,331.4,15:12,SIGNAL_FLIP,10.05,10.05,201.0,201.0,True
SEN-2026-08-03-1514-2766e4,2026-08-03 15:14,SENSEX,SENSEX 78700 CE,CE,78700.0,20.0,347.0,342.7,15:15,SIGNAL_FLIP,-4.3,-4.3,-86.0,-86.0,True
NIF-2026-08-04-0928-b9ce12,2026-08-04 09:28,NIFTY,NIFTY 24600 PE,PE,24600.0,65.0,49.85,45.05,09:31,POSITION_SIGNAL,-4.8,-4.8,-312.0,-312.0,True
NIF-2026-08-04-0932-03e4ac,2026-08-04 09:32,NIFTY,NIFTY 24600 CE,CE,24600.0,65.0,45.2,40.1,09:34,SIGNAL_FLIP,-5.1,-5.1,-331.5,-331.5,True
NIF-2026-08-04-0937-d75028,2026-08-04 09:37,NIFTY,NIFTY 24600 CE,CE,24600.0,65.0,42.25,53.1,09:54,POSITION_SIGNAL,10.85,10.85,705.25,705.25,True
NIF-2026-08-04-0955-402f5b,2026-08-04 09:55,NIFTY,NIFTY 24650 PE,PE,24650.0,65.0,52.45,53.6,09:57,POSITION_SIGNAL,1.15,1.15,74.75,74.75,True
NIF-2026-08-04-1015-6d684d,2026-08-04 10:15,NIFTY,NIFTY 24600 CE,CE,24600.0,65.0,44.2,44.3,10:16,SIGNAL_FLIP,0.1,0.1,6.5,6.5,True
NIF-2026-08-04-1018-18696c,2026-08-04 10:18,NIFTY,NIFTY 24600 CE,CE,24600.0,65.0,47.35,44.4,10:20,SIGNAL_FLIP,-2.95,-2.95,-191.75,-191.75,True
NIF-2026-08-04-1025-d8b7ff,2026-08-04 10:25,NIFTY,NIFTY 24600 PE,PE,24600.0,65.0,41.55,47.0,10:40,POSITION_SIGNAL,5.45,5.45,354.25,354.25,True
NIF-2026-08-04-1042-fd05b5,2026-08-04 10:42,NIFTY,NIFTY 24600 PE,PE,24600.0,65.0,47.6,44.7,11:01,POSITION_SIGNAL,-2.9,-2.9,-188.5,-188.5,True
NIF-2026-08-04-1104-b01c81,2026-08-04 11:04,NIFTY,NIFTY 24600 PE,PE,24600.0,65.0,46.2,43.65,11:07,POSITION_SIGNAL,-2.55,-2.55,-165.75,-165.75,True
NIF-2026-08-04-1121-92f70e,2026-08-04 11:21,NIFTY,NIFTY 24600 PE,PE,24600.0,65.0,41.95,83.05,11:54,POSITION_SIGNAL,41.1,41.1,2671.5,2671.5,True
NIF-2026-08-04-1157-bcbe07,2026-08-04 11:57,NIFTY,NIFTY 24550 PE,PE,24550.0,65.0,53.0,55.85,12:04,POSITION_SIGNAL,2.85,2.85,185.25,185.25,True
NIF-2026-08-04-1208-4999c4,2026-08-04 12:08,NIFTY,NIFTY 24500 PE,PE,24500.0,65.0,39.6,40.45,12:14,POSITION_SIGNAL,0.85,0.85,55.25,55.25,True
NIF-2026-08-04-1219-6bcb99,2026-08-04 12:19,NIFTY,NIFTY 24500 CE,CE,24500.0,65.0,55.8,53.15,12:22,POSITION_SIGNAL,-2.65,-2.65,-172.25,-172.25,True
NIF-2026-08-04-1223-508199,2026-08-04 12:23,NIFTY,NIFTY 24500 PE,PE,24500.0,65.0,36.8,37.75,12:40,POSITION_SIGNAL,0.95,0.95,61.75,61.75,True
NIF-2026-08-04-1242-077688,2026-08-04 12:42,NIFTY,NIFTY 24500 PE,PE,24500.0,65.0,44.8,39.85,12:45,STOP_LOSS,-4.95,-4.95,-321.75,-321.75,True
NIF-2026-08-04-1249-4cb34b,2026-08-04 12:49,NIFTY,NIFTY 24500 PE,PE,24500.0,65.0,43.2,40.35,12:52,POSITION_SIGNAL,-2.85,-2.85,-185.25,-185.25,True
NIF-2026-08-04-1255-b2638d,2026-08-04 12:55,NIFTY,NIFTY 24500 PE,PE,24500.0,65.0,42.85,41.45,13:02,POSITION_SIGNAL,-1.4,-1.4,-91.0,-91.0,True
NIF-2026-08-04-1304-214562,2026-08-04 13:04,NIFTY,NIFTY 24500 PE,PE,24500.0,65.0,44.25,44.2,13:18,POSITION_SIGNAL,-0.05,-0.05,-3.25,-3.25,True
NIF-2026-08-04-1320-885be3,2026-08-04 13:20,NIFTY,NIFTY 24500 PE,PE,24500.0,65.0,48.05,42.8,13:24,SIGNAL_FLIP,-5.25,-5.25,-341.25,-341.25,True
NIF-2026-08-04-1326-989ae6,2026-08-04 13:26,NIFTY,NIFTY 24500 PE,PE,24500.0,65.0,46.55,55.5,13:35,POSITION_SIGNAL,8.95,8.95,581.75,581.75,True
NIF-2026-08-04-1349-50ec60,2026-08-04 13:49,NIFTY,NIFTY 24450 CE,CE,24450.0,65.0,47.25,44.05,13:53,POSITION_SIGNAL,-3.2,-3.2,-208.0,-208.0,True
NIF-2026-08-04-1354-d98d30,2026-08-04 13:54,NIFTY,NIFTY 24450 PE,PE,24450.0,65.0,39.6,34.55,13:55,STOP_LOSS,-5.05,-5.05,-328.25,-328.25,True
NIF-2026-08-04-1358-c8b739,2026-08-04 13:58,NIFTY,NIFTY 24450 PE,PE,24450.0,65.0,42.9,38.25,13:59,STOP_LOSS,-4.65,-4.65,-302.25,-302.25,True
NIF-2026-08-04-1414-b8ed24,2026-08-04 14:14,NIFTY,NIFTY 24450 CE,CE,24450.0,65.0,53.5,56.1,14:22,POSITION_SIGNAL,2.6,2.6,169.0,169.0,True
NIF-2026-08-04-1432-cb38e0,2026-08-04 14:32,NIFTY,NIFTY 24500 CE,CE,24500.0,65.0,36.1,29.15,14:33,STOP_LOSS,-6.95,-6.95,-451.75,-451.75,True
NIF-2026-08-04-1442-1724f9,2026-08-04 14:42,NIFTY,NIFTY 24450 PE,PE,24450.0,65.0,33.1,34.05,14:46,SIGNAL_FLIP,0.95,0.95,61.75,61.75,True
NIF-2026-08-04-1450-1917f3,2026-08-04 14:50,NIFTY,NIFTY 24500 CE,CE,24500.0,65.0,36.1,37.85,14:58,SIGNAL_FLIP,1.75,1.75,113.75,113.75,True
NIF-2026-08-04-1503-a99a63,2026-08-04 15:03,NIFTY,NIFTY 24450 PE,PE,24450.0,65.0,39.95,34.05,15:04,STOP_LOSS,-5.9,-5.9,-383.5,-383.5,True
NIF-2026-08-04-1505-6384a3,2026-08-04 15:05,NIFTY,NIFTY 24450 PE,PE,24450.0,65.0,40.85,35.5,15:06,STOP_LOSS,-5.35,-5.35,-347.75,-347.75,True
NIF-2026-08-04-1508-92e9a7,2026-08-04 15:08,NIFTY,NIFTY 24500 CE,CE,24500.0,65.0,37.4,38.5,15:13,POSITION_SIGNAL,1.1,1.1,71.5,71.5,True
NIF-2026-08-04-1515-aa9a16,2026-08-04 15:15,NIFTY,NIFTY 24500 CE,CE,24500.0,65.0,51.1,44.05,15:16,STOP_LOSS,-7.05,-7.05,-458.25,-458.25,True
NIF-2026-08-04-1521-229dbd,2026-08-04 15:21,NIFTY,NIFTY 24500 CE,CE,24500.0,65.0,57.85,50.5,15:22,STOP_LOSS,-7.35,-7.35,-477.75,-477.75,True
SEN-2026-08-04-0927-3ef93d,2026-08-04 09:27,SENSEX,SENSEX 78800 PE,PE,78800.0,20.0,330.0,348.0,09:37,POSITION_SIGNAL,18.0,18.0,360.0,360.0,True
SEN-2026-08-04-0939-6ae299,2026-08-04 09:39,SENSEX,SENSEX 78800 CE,CE,78800.0,20.0,296.75,336.1,09:55,SIGNAL_FLIP,39.35,39.35,787.0,787.0,True
SEN-2026-08-04-0956-56c3b2,2026-08-04 09:56,SENSEX,SENSEX 78900 CE,CE,78900.0,20.0,293.05,288.4,09:59,POSITION_SIGNAL,-4.65,-4.65,-93.0,-93.0,True
SEN-2026-08-04-1001-377e70,2026-08-04 10:01,SENSEX,SENSEX 78900 CE,CE,78900.0,20.0,286.05,282.45,10:04,POSITION_SIGNAL,-3.6,-3.6,-72.0,-72.0,True
SEN-2026-08-04-1009-cd56f8,2026-08-04 10:09,SENSEX,SENSEX 78800 PE,PE,78800.0,20.0,298.4,298.75,10:14,SIGNAL_FLIP,0.35,0.35,7.0,7.0,True
SEN-2026-08-04-1016-2cd254,2026-08-04 10:16,SENSEX,SENSEX 78800 PE,PE,78800.0,20.0,311.75,301.5,10:18,SIGNAL_FLIP,-10.25,-10.25,-205.0,-205.0,True
SEN-2026-08-04-1021-cf63f9,2026-08-04 10:21,SENSEX,SENSEX 78800 PE,PE,78800.0,20.0,313.6,364.05,10:51,POSITION_SIGNAL,50.45,50.45,1009.0,1009.0,True
SEN-2026-08-04-1055-18aedb,2026-08-04 10:55,SENSEX,SENSEX 78700 PE,PE,78700.0,20.0,317.35,316.0,11:01,POSITION_SIGNAL,-1.35,-1.35,-27.0,-27.0,True
SEN-2026-08-04-1102-437752,2026-08-04 11:02,SENSEX,SENSEX 78700 CE,CE,78700.0,20.0,308.65,307.35,11:10,POSITION_SIGNAL,-1.3,-1.3,-26.0,-26.0,True
SEN-2026-08-04-1111-22868e,2026-08-04 11:11,SENSEX,SENSEX 78700 PE,PE,78700.0,20.0,309.05,300.35,11:17,POSITION_SIGNAL,-8.7,-8.7,-174.0,-174.0,True
SEN-2026-08-04-1120-75a23e,2026-08-04 11:20,SENSEX,SENSEX 78700 PE,PE,78700.0,20.0,305.7,417.15,11:54,POSITION_SIGNAL,111.45,111.45,2229.0,2229.0,True
SEN-2026-08-04-1158-fe08d0,2026-08-04 11:58,SENSEX,SENSEX 78500 PE,PE,78500.0,20.0,322.05,338.95,12:04,SIGNAL_FLIP,16.9,16.9,338.0,338.0,True
SEN-2026-08-04-1207-a5ce54,2026-08-04 12:07,SENSEX,SENSEX 78500 PE,PE,78500.0,20.0,357.0,361.2,12:14,POSITION_SIGNAL,4.2,4.2,84.0,84.0,True
SEN-2026-08-04-1220-63dd14,2026-08-04 12:20,SENSEX,SENSEX 78500 CE,CE,78500.0,20.0,315.4,313.05,12:22,SIGNAL_FLIP,-2.35,-2.35,-47.0,-47.0,True
SEN-2026-08-04-1227-26a2ba,2026-08-04 12:27,SENSEX,SENSEX 78500 PE,PE,78500.0,20.0,352.1,370.2,12:40,POSITION_SIGNAL,18.1,18.1,362.0,362.0,True
SEN-2026-08-04-1242-955490,2026-08-04 12:42,SENSEX,SENSEX 78400 PE,PE,78400.0,20.0,338.65,331.5,12:46,POSITION_SIGNAL,-7.15,-7.15,-143.0,-143.0,True
NIF-2026-08-13-1246-cc7a1a,2026-08-13 12:46,NIFTY,NIFTY 24450 PE,PE,24450.0,65.0,110.5,113.95,12:53,SIGNAL_FLIP,3.45,3.45,224.25,224.25,True
SEN-2026-08-04-1247-06fe78,2026-08-04 12:47,SENSEX,SENSEX 78400 CE,CE,78400.0,20.0,348.8,333.9,12:49,SIGNAL_FLIP,-14.9,-14.9,-298.0,-298.0,True
SEN-2026-08-04-1252-68abf5,2026-08-04 12:52,SENSEX,SENSEX 78400 CE,CE,78400.0,20.0,347.3,335.6,12:55,SIGNAL_FLIP,-11.7,-11.7,-234.0,-234.0,True
SEN-2026-08-04-1300-22d2fd,2026-08-04 13:00,SENSEX,SENSEX 78400 PE,PE,78400.0,20.0,352.8,345.45,13:24,SIGNAL_FLIP,-7.35,-7.35,-147.0,-147.0,True
SEN-2026-08-04-1327-d03664,2026-08-04 13:27,SENSEX,SENSEX 78400 PE,PE,78400.0,20.0,353.9,366.7,13:39,POSITION_SIGNAL,12.8,12.8,256.0,256.0,True
SEN-2026-08-04-1344-c05b74,2026-08-04 13:44,SENSEX,SENSEX 78300 PE,PE,78300.0,20.0,324.6,316.5,13:49,SIGNAL_FLIP,-8.1,-8.1,-162.0,-162.0,True
SEN-2026-08-04-1353-90fd62,2026-08-04 13:53,SENSEX,SENSEX 78300 PE,PE,78300.0,20.0,327.25,353.45,14:01,SIGNAL_FLIP,26.2,26.2,524.0,524.0,True
SEN-2026-08-04-1402-b02300,2026-08-04 14:02,SENSEX,SENSEX 78300 PE,PE,78300.0,20.0,356.4,331.8,14:07,SIGNAL_FLIP,-24.6,-24.6,-492.0,-492.0,True
SEN-2026-08-04-1411-e0cd83,2026-08-04 14:11,SENSEX,SENSEX 78300 PE,PE,78300.0,20.0,335.85,317.9,14:14,POSITION_SIGNAL,-17.95,-17.95,-359.0,-359.0,True
SEN-2026-08-04-1424-b6b354,2026-08-04 14:24,SENSEX,SENSEX 78300 PE,PE,78300.0,20.0,308.4,300.05,14:27,POSITION_SIGNAL,-8.35,-8.35,-167.0,-167.0,True
SEN-2026-08-04-1429-205847,2026-08-04 14:29,SENSEX,SENSEX 78300 PE,PE,78300.0,20.0,309.65,291.9,14:32,SIGNAL_FLIP,-17.75,-17.75,-355.0,-355.0,True
SEN-2026-08-04-1439-0e1469,2026-08-04 14:39,SENSEX,SENSEX 78400 CE,CE,78400.0,20.0,317.9,312.55,14:42,POSITION_SIGNAL,-5.35,-5.35,-107.0,-107.0,True
SEN-2026-08-04-1443-d4c341,2026-08-04 14:43,SENSEX,SENSEX 78300 PE,PE,78300.0,20.0,324.2,309.6,14:50,POSITION_SIGNAL,-14.6,-14.6,-292.0,-292.0,True
SEN-2026-08-04-1457-23408f,2026-08-04 14:57,SENSEX,SENSEX 78400 PE,PE,78400.0,20.0,356.05,367.0,15:08,SIGNAL_FLIP,10.95,10.95,219.0,219.0,True
SEN-2026-08-04-1520-915c70,2026-08-04 15:20,SENSEX,SENSEX 78400 PE,PE,78400.0,20.0,321.55,318.0,15:27,POSITION_SIGNAL,-3.55,-3.55,-71.0,-71.0,True
NIF-2026-08-05-0919-166c14,2026-08-05 09:19,NIFTY,NIFTY 24700 CE,CE,24700.0,65.0,123.55,121.0,09:22,SIGNAL_FLIP,-2.55,-2.55,-165.75,-165.75,True
NIF-2026-08-05-0931-e698c6,2026-08-05 09:31,NIFTY,NIFTY 24650 PE,PE,24650.0,65.0,139.7,136.2,09:34,SIGNAL_FLIP,-3.5,-3.5,-227.5,-227.5,True
NIF-2026-08-05-0937-f7d451,2026-08-05 09:37,NIFTY,NIFTY 24650 PE,PE,24650.0,65.0,139.5,133.1,09:40,SIGNAL_FLIP,-6.4,-6.4,-416.0,-416.0,True
NIF-2026-08-05-0942-80eab6,2026-08-05 09:42,NIFTY,NIFTY 24650 CE,CE,24650.0,65.0,145.35,143.35,09:45,POSITION_SIGNAL,-2.0,-2.0,-130.0,-130.0,True
NIF-2026-08-05-0951-2d3912,2026-08-05 09:51,NIFTY,NIFTY 24650 PE,PE,24650.0,65.0,133.35,145.45,09:59,POSITION_SIGNAL,12.1,12.1,786.5,786.5,True
NIF-2026-08-05-1000-047189,2026-08-05 10:00,NIFTY,NIFTY 24650 CE,CE,24650.0,65.0,135.4,129.65,10:06,SIGNAL_FLIP,-5.75,-5.75,-373.75,-373.75,True
NIF-2026-08-05-1009-17219c,2026-08-05 10:09,NIFTY,NIFTY 24650 CE,CE,24650.0,65.0,137.0,136.8,10:16,SIGNAL_FLIP,-0.2,-0.2,-13.0,-13.0,True
NIF-2026-08-05-1026-a30f07,2026-08-05 10:26,NIFTY,NIFTY 24650 PE,PE,24650.0,65.0,138.45,163.05,10:35,POSITION_SIGNAL,24.6,24.6,1599.0,1599.0,True
NIF-2026-08-05-1037-b37996,2026-08-05 10:37,NIFTY,NIFTY 24600 PE,PE,24600.0,65.0,137.45,128.6,10:41,POSITION_SIGNAL,-8.85,-8.85,-575.25,-575.25,True
NIF-2026-08-05-1048-5077c2,2026-08-05 10:48,NIFTY,NIFTY 24650 CE,CE,24650.0,65.0,139.4,147.2,11:09,POSITION_SIGNAL,7.8,7.8,507.0,507.0,True
NIF-2026-08-05-1110-3955f9,2026-08-05 11:10,NIFTY,NIFTY 24650 PE,PE,24650.0,65.0,134.15,127.75,11:13,SIGNAL_FLIP,-6.4,-6.4,-416.0,-416.0,True
NIF-2026-08-05-1120-f68acf,2026-08-05 11:20,NIFTY,NIFTY 24650 PE,PE,24650.0,65.0,134.0,149.85,11:40,SIGNAL_FLIP,15.85,15.85,1030.25,1030.25,True
NIF-2026-08-05-1147-70f840,2026-08-05 11:47,NIFTY,NIFTY 24600 PE,PE,24600.0,65.0,133.65,144.1,12:01,POSITION_SIGNAL,10.45,10.45,679.25,679.25,True
NIF-2026-08-05-1206-2867ec,2026-08-05 12:06,NIFTY,NIFTY 24600 PE,PE,24600.0,65.0,143.5,140.2,12:08,POSITION_SIGNAL,-3.3,-3.3,-214.5,-214.5,True
NIF-2026-08-05-1210-0cba66,2026-08-05 12:10,NIFTY,NIFTY 24600 PE,PE,24600.0,65.0,143.45,140.25,12:14,POSITION_SIGNAL,-3.2,-3.2,-208.0,-208.0,True
NIF-2026-08-05-1216-1cfc90,2026-08-05 12:16,NIFTY,NIFTY 24600 PE,PE,24600.0,65.0,144.1,145.3,12:26,SIGNAL_FLIP,1.2,1.2,78.0,78.0,True
NIF-2026-08-05-1227-c65ab7,2026-08-05 12:27,NIFTY,NIFTY 24600 PE,PE,24600.0,65.0,147.5,165.2,12:40,POSITION_SIGNAL,17.7,17.7,1150.5,1150.5,True
NIF-2026-08-05-1241-20ecce,2026-08-05 12:41,NIFTY,NIFTY 24550 CE,CE,24550.0,65.0,161.85,158.1,12:42,SIGNAL_FLIP,-3.75,-3.75,-243.75,-243.75,True
NIF-2026-08-05-1250-20a0f7,2026-08-05 12:50,NIFTY,NIFTY 24550 PE,PE,24550.0,65.0,157.5,154.75,12:54,POSITION_SIGNAL,-2.75,-2.75,-178.75,-178.75,True
NIF-2026-08-05-1257-a9237e,2026-08-05 12:57,NIFTY,NIFTY 24550 PE,PE,24550.0,65.0,157.95,155.35,13:03,SIGNAL_FLIP,-2.6,-2.6,-169.0,-169.0,True
NIF-2026-08-05-1306-46ec72,2026-08-05 13:06,NIFTY,NIFTY 24550 PE,PE,24550.0,65.0,171.0,153.55,13:09,STOP_LOSS,-17.45,-17.45,-1134.25,-1134.25,True
NIF-2026-08-05-1310-5ca357,2026-08-05 13:10,NIFTY,NIFTY 24550 CE,CE,24550.0,65.0,163.65,158.6,13:13,SIGNAL_FLIP,-5.05,-5.05,-328.25,-328.25,True
NIF-2026-08-05-1316-f8c5bb,2026-08-05 13:16,NIFTY,NIFTY 24550 CE,CE,24550.0,65.0,162.95,163.5,13:21,SIGNAL_FLIP,0.55,0.55,35.75,35.75,True
NIF-2026-08-05-1323-9327d0,2026-08-05 13:23,NIFTY,NIFTY 24550 PE,PE,24550.0,65.0,148.15,154.45,13:28,SIGNAL_FLIP,6.3,6.3,409.5,409.5,True
NIF-2026-08-05-1330-12f395,2026-08-05 13:30,NIFTY,NIFTY 24550 PE,PE,24550.0,65.0,156.1,163.0,13:47,SIGNAL_FLIP,6.9,6.9,448.5,448.5,True
NIF-2026-08-05-1349-43c8fd,2026-08-05 13:49,NIFTY,NIFTY 24550 CE,CE,24550.0,65.0,159.75,155.7,13:52,SIGNAL_FLIP,-4.05,-4.05,-263.25,-263.25,True
NIF-2026-08-05-1403-b12743,2026-08-05 14:03,NIFTY,NIFTY 24550 CE,CE,24550.0,65.0,160.15,159.75,14:09,POSITION_SIGNAL,-0.4,-0.4,-26.0,-26.0,True
NIF-2026-08-05-1410-936ec9,2026-08-05 14:10,NIFTY,NIFTY 24550 PE,PE,24550.0,65.0,148.85,154.0,14:20,SIGNAL_FLIP,5.15,5.15,334.75,334.75,True
NIF-2026-08-05-1423-b2adcb,2026-08-05 14:23,NIFTY,NIFTY 24550 PE,PE,24550.0,65.0,160.95,157.85,14:27,POSITION_SIGNAL,-3.1,-3.1,-201.5,-201.5,True
NIF-2026-08-05-1434-5433d3,2026-08-05 14:34,NIFTY,NIFTY 24550 PE,PE,24550.0,65.0,159.35,151.05,14:37,SIGNAL_FLIP,-8.3,-8.3,-539.5,-539.5,True
NIF-2026-08-05-1440-b7937f,2026-08-05 14:40,NIFTY,NIFTY 24550 PE,PE,24550.0,65.0,158.35,156.65,14:46,POSITION_SIGNAL,-1.7,-1.7,-110.5,-110.5,True
NIF-2026-08-05-1449-1b916b,2026-08-05 14:49,NIFTY,NIFTY 24550 CE,CE,24550.0,65.0,162.55,159.7,14:52,SIGNAL_FLIP,-2.85,-2.85,-185.25,-185.25,True
NIF-2026-08-05-1501-96ace1,2026-08-05 15:01,NIFTY,NIFTY 24550 PE,PE,24550.0,65.0,144.75,130.7,15:04,POSITION_SIGNAL,-14.05,-14.05,-913.25,-913.25,True
NIF-2026-08-05-1525-253a63,2026-08-05 15:25,NIFTY,NIFTY 24600 PE,PE,24600.0,65.0,141.85,133.5,15:28,POSITION_SIGNAL,-8.35,-8.35,-542.75,-542.75,True
SEN-2026-08-05-0923-dc6b2d,2026-08-05 09:23,SENSEX,SENSEX 78900 PE,PE,78900.0,20.0,253.05,298.35,09:40,POSITION_SIGNAL,45.3,45.3,906.0,906.0,True
SEN-2026-08-05-0942-0f58da,2026-08-05 09:42,SENSEX,SENSEX 78900 CE,CE,78900.0,20.0,288.95,278.4,09:45,POSITION_SIGNAL,-10.55,-10.55,-211.0,-211.0,True
SEN-2026-08-05-0946-c38196,2026-08-05 09:46,SENSEX,SENSEX 78900 PE,PE,78900.0,20.0,300.3,292.25,09:49,SIGNAL_FLIP,-8.05,-8.05,-161.0,-161.0,True
SEN-2026-08-05-0952-05e745,2026-08-05 09:52,SENSEX,SENSEX 78800 PE,PE,78800.0,20.0,271.25,268.95,10:01,POSITION_SIGNAL,-2.3,-2.3,-46.0,-46.0,True
SEN-2026-08-05-1006-d8711d,2026-08-05 10:06,SENSEX,SENSEX 78800 PE,PE,78800.0,20.0,298.1,276.55,10:10,POSITION_SIGNAL,-21.55,-21.55,-431.0,-431.0,True
SEN-2026-08-05-1013-bee5d2,2026-08-05 10:13,SENSEX,SENSEX 78900 CE,CE,78900.0,20.0,261.9,246.1,10:16,SIGNAL_FLIP,-15.8,-15.8,-316.0,-316.0,True
SEN-2026-08-05-1020-fbf325,2026-08-05 10:20,SENSEX,SENSEX 78800 CE,CE,78800.0,20.0,313.9,303.15,10:22,SIGNAL_FLIP,-10.75,-10.75,-215.0,-215.0,True
NIF-2026-08-07-1319-25f025,2026-08-07 13:19,NIFTY,NIFTY 24550 PE,PE,24550.0,65.0,113.6,110.0,13:22,SIGNAL_FLIP,-3.6,-3.6,-234.0,-234.0,True
SEN-2026-08-05-1025-f72a71,2026-08-05 10:25,SENSEX,SENSEX 78800 CE,CE,78800.0,20.0,310.65,306.75,10:26,SIGNAL_FLIP,-3.9,-3.9,-78.0,-78.0,True
SEN-2026-08-05-1037-056dc4,2026-08-05 10:37,SENSEX,SENSEX 78700 PE,PE,78700.0,20.0,303.25,292.4,10:41,SIGNAL_FLIP,-10.85,-10.85,-217.0,-217.0,True
SEN-2026-08-05-1053-54565f,2026-08-05 10:53,SENSEX,SENSEX 78800 PE,PE,78800.0,20.0,292.95,287.75,10:54,SIGNAL_FLIP,-5.2,-5.2,-104.0,-104.0,True
SEN-2026-08-05-1101-a8a919,2026-08-05 11:01,SENSEX,SENSEX 79000 CE,CE,79000.0,20.0,272.25,231.0,11:08,STOP_LOSS,-41.25,-41.25,-825.0,-825.0,True
SEN-2026-08-05-1111-efc6bb,2026-08-05 11:11,SENSEX,SENSEX 78800 PE,PE,78800.0,20.0,273.45,254.0,11:13,SIGNAL_FLIP,-19.45,-19.45,-389.0,-389.0,True
SEN-2026-08-05-1116-5e8f63,2026-08-05 11:16,SENSEX,SENSEX 78900 PE,PE,78900.0,20.0,310.0,394.85,11:39,POSITION_SIGNAL,84.85,84.85,1697.0,1697.0,True
NIF-2026-08-10-1052-a2ff01,2026-08-10 10:52,NIFTY,NIFTY 24600 PE,PE,24600.0,65.0,82.8,82.2,10:56,POSITION_SIGNAL,-0.6,-0.6,-39.0,-39.0,True
SEN-2026-08-05-1140-5ecbf9,2026-08-05 11:40,SENSEX,SENSEX 78700 CE,CE,78700.0,20.0,326.15,320.0,11:43,POSITION_SIGNAL,-6.15,-6.15,-123.0,-123.0,True
SEN-2026-08-05-1147-41e8be,2026-08-05 11:47,SENSEX,SENSEX 78700 PE,PE,78700.0,20.0,306.4,357.5,12:00,POSITION_SIGNAL,51.1,51.1,1022.0,1022.0,True
SEN-2026-08-05-1201-d16b5b,2026-08-05 12:01,SENSEX,SENSEX 78600 CE,CE,78600.0,20.0,344.4,337.3,12:05,SIGNAL_FLIP,-7.1,-7.1,-142.0,-142.0,True
SEN-2026-08-05-1210-1bf83d,2026-08-05 12:10,SENSEX,SENSEX 78600 PE,PE,78600.0,20.0,312.0,304.35,12:14,POSITION_SIGNAL,-7.65,-7.65,-153.0,-153.0,True
SEN-2026-08-05-1215-27edd7,2026-08-05 12:15,SENSEX,SENSEX 78600 CE,CE,78600.0,20.0,343.55,335.45,12:16,SIGNAL_FLIP,-8.1,-8.1,-162.0,-162.0,True
SEN-2026-08-05-1220-d3ea69,2026-08-05 12:20,SENSEX,SENSEX 78600 PE,PE,78600.0,20.0,323.0,317.35,12:24,SIGNAL_FLIP,-5.65,-5.65,-113.0,-113.0,True
SEN-2026-08-05-1225-75f669,2026-08-05 12:25,SENSEX,SENSEX 78600 PE,PE,78600.0,20.0,322.75,320.65,12:26,SIGNAL_FLIP,-2.1,-2.1,-42.0,-42.0,True
SEN-2026-08-05-1227-13c837,2026-08-05 12:27,SENSEX,SENSEX 78600 PE,PE,78600.0,20.0,325.35,396.0,12:40,POSITION_SIGNAL,70.65,70.65,1413.0,1413.0,True
SEN-2026-08-05-1241-3c067a,2026-08-05 12:41,SENSEX,SENSEX 78500 CE,CE,78500.0,20.0,357.0,343.95,12:42,SIGNAL_FLIP,-13.05,-13.05,-261.0,-261.0,True
SEN-2026-08-05-1248-e95a7a,2026-08-05 12:48,SENSEX,SENSEX 78500 PE,PE,78500.0,20.0,368.25,378.05,13:04,SIGNAL_FLIP,9.8,9.8,196.0,196.0,True
SEN-2026-08-05-1306-fbf39c,2026-08-05 13:06,SENSEX,SENSEX 78400 PE,PE,78400.0,20.0,369.3,325.5,13:09,STOP_LOSS,-43.8,-43.8,-876.0,-876.0,True
SEN-2026-08-05-1311-32c118,2026-08-05 13:11,SENSEX,SENSEX 78500 CE,CE,78500.0,20.0,335.9,335.55,13:12,SIGNAL_FLIP,-0.35,-0.35,-7.0,-7.0,True
SEN-2026-08-05-1316-2a5d37,2026-08-05 13:16,SENSEX,SENSEX 78500 CE,CE,78500.0,20.0,347.55,348.0,13:21,SIGNAL_FLIP,0.45,0.45,9.0,9.0,True
SEN-2026-08-05-1325-023265,2026-08-05 13:25,SENSEX,SENSEX 78400 PE,PE,78400.0,20.0,342.55,350.0,13:47,SIGNAL_FLIP,7.45,7.45,149.0,149.0,True
SEN-2026-08-05-1349-3e5594,2026-08-05 13:49,SENSEX,SENSEX 78400 CE,CE,78400.0,20.0,367.9,357.8,13:52,SIGNAL_FLIP,-10.1,-10.1,-202.0,-202.0,True
SEN-2026-08-05-1355-29d40f,2026-08-05 13:55,SENSEX,SENSEX 78400 PE,PE,78400.0,20.0,355.6,342.6,14:01,POSITION_SIGNAL,-13.0,-13.0,-260.0,-260.0,True
SEN-2026-08-05-1409-20275a,2026-08-05 14:09,SENSEX,SENSEX 78400 PE,PE,78400.0,20.0,316.0,342.95,14:21,POSITION_SIGNAL,26.95,26.95,539.0,539.0,True
SEN-2026-08-05-1423-475d38,2026-08-05 14:23,SENSEX,SENSEX 78400 PE,PE,78400.0,20.0,355.5,345.0,14:28,POSITION_SIGNAL,-10.5,-10.5,-210.0,-210.0,True
SEN-2026-08-05-1439-e9e104,2026-08-05 14:39,SENSEX,SENSEX 78400 CE,CE,78400.0,20.0,352.65,339.05,14:40,SIGNAL_FLIP,-13.6,-13.6,-272.0,-272.0,True
SEN-2026-08-05-1442-e4a02d,2026-08-05 14:42,SENSEX,SENSEX 78400 PE,PE,78400.0,20.0,359.85,333.0,14:48,POSITION_SIGNAL,-26.85,-26.85,-537.0,-537.0,True
NIF-2026-08-06-1032-5d9b54,2026-08-06 10:32,NIFTY,NIFTY 24650 PE,PE,24650.0,65.0,128.25,133.3,10:56,POSITION_SIGNAL,5.05,5.05,328.25,328.25,True
SEN-2026-08-05-1452-2798d8,2026-08-05 14:52,SENSEX,SENSEX 78400 PE,PE,78400.0,20.0,333.75,298.75,14:58,STOP_LOSS,-35.0,-35.0,-700.0,-700.0,True
SEN-2026-08-05-1500-ff664f,2026-08-05 15:00,SENSEX,SENSEX 78400 CE,CE,78400.0,20.0,354.3,346.05,15:01,SIGNAL_FLIP,-8.25,-8.25,-165.0,-165.0,True
SEN-2026-08-05-1506-c0631b,2026-08-05 15:06,SENSEX,SENSEX 78500 PE,PE,78500.0,20.0,347.7,291.7,15:08,STOP_LOSS,-56.0,-56.0,-1120.0,-1120.0,True
NIF-2026-08-06-0919-91afda,2026-08-06 09:19,NIFTY,NIFTY 24650 PE,PE,24650.0,65.0,126.2,121.2,09:22,SIGNAL_FLIP,-5.0,-5.0,-325.0,-325.0,True
NIF-2026-08-06-0925-d33a09,2026-08-06 09:25,NIFTY,NIFTY 24650 PE,PE,24650.0,65.0,124.4,120.75,09:27,SIGNAL_FLIP,-3.65,-3.65,-237.25,-237.25,True
NIF-2026-08-06-0929-808272,2026-08-06 09:29,NIFTY,NIFTY 24650 PE,PE,24650.0,65.0,126.0,118.7,09:31,SIGNAL_FLIP,-7.3,-7.3,-474.5,-474.5,True
NIF-2026-08-06-1226-c78b1c,2026-08-06 12:26,NIFTY,NIFTY 24650 CE,CE,24650.0,65.0,150.0,146.2,12:29,SIGNAL_FLIP,-3.8,-3.8,-247.0,-247.0,True
NIF-2026-08-06-0933-f0766a,2026-08-06 09:33,NIFTY,NIFTY 24650 PE,PE,24650.0,65.0,124.25,121.65,09:39,SIGNAL_FLIP,-2.6,-2.6,-169.0,-169.0,True
NIF-2026-08-06-0942-1df084,2026-08-06 09:42,NIFTY,NIFTY 24650 PE,PE,24650.0,65.0,124.95,119.1,09:45,SIGNAL_FLIP,-5.85,-5.85,-380.25,-380.25,True
NIF-2026-08-06-0954-dabadd,2026-08-06 09:54,NIFTY,NIFTY 24700 CE,CE,24700.0,65.0,136.05,128.6,09:56,POSITION_SIGNAL,-7.45,-7.45,-484.25,-484.25,True
NIF-2026-08-06-0957-943f88,2026-08-06 09:57,NIFTY,NIFTY 24700 PE,PE,24700.0,65.0,145.85,160.45,10:07,SIGNAL_FLIP,14.6,14.6,949.0,949.0,True
NIF-2026-08-06-1012-d2a609,2026-08-06 10:12,NIFTY,NIFTY 24650 CE,CE,24650.0,65.0,145.5,143.0,10:15,SIGNAL_FLIP,-2.5,-2.5,-162.5,-162.5,True
NIF-2026-08-06-1018-b1e955,2026-08-06 10:18,NIFTY,NIFTY 24650 PE,PE,24650.0,65.0,134.5,130.75,10:22,POSITION_SIGNAL,-3.75,-3.75,-243.75,-243.75,True
NIF-2026-08-06-1023-ebb3aa,2026-08-06 10:23,NIFTY,NIFTY 24650 CE,CE,24650.0,65.0,148.15,147.55,10:28,SIGNAL_FLIP,-0.6,-0.6,-39.0,-39.0,True
NIF-2026-08-06-1058-74df2a,2026-08-06 10:58,NIFTY,NIFTY 24650 CE,CE,24650.0,65.0,149.1,147.1,11:00,SIGNAL_FLIP,-2.0,-2.0,-130.0,-130.0,True
NIF-2026-08-06-1103-5a7f15,2026-08-06 11:03,NIFTY,NIFTY 24650 PE,PE,24650.0,65.0,132.1,127.45,11:05,POSITION_SIGNAL,-4.65,-4.65,-302.25,-302.25,True
NIF-2026-08-06-1108-1c2428,2026-08-06 11:08,NIFTY,NIFTY 24650 PE,PE,24650.0,65.0,129.3,125.5,11:09,SIGNAL_FLIP,-3.8,-3.8,-247.0,-247.0,True
NIF-2026-08-06-1119-0d675d,2026-08-06 11:19,NIFTY,NIFTY 24700 CE,CE,24700.0,65.0,135.95,135.7,11:32,POSITION_SIGNAL,-0.25,-0.25,-16.25,-16.25,True
NIF-2026-08-06-1133-3808a2,2026-08-06 11:33,NIFTY,NIFTY 24700 PE,PE,24700.0,65.0,143.9,153.25,11:50,SIGNAL_FLIP,9.35,9.35,607.75,607.75,True
NIF-2026-08-06-1157-c5f7b9,2026-08-06 11:57,NIFTY,NIFTY 24700 CE,CE,24700.0,65.0,130.15,132.85,12:02,POSITION_SIGNAL,2.7,2.7,175.5,175.5,True
NIF-2026-08-06-1215-cb369b,2026-08-06 12:15,NIFTY,NIFTY 24700 CE,CE,24700.0,65.0,124.9,122.65,12:20,SIGNAL_FLIP,-2.25,-2.25,-146.25,-146.25,True
NIF-2026-08-06-1231-60773f,2026-08-06 12:31,NIFTY,NIFTY 24700 CE,CE,24700.0,65.0,125.7,124.0,12:41,POSITION_SIGNAL,-1.7,-1.7,-110.5,-110.5,True
NIF-2026-08-06-1249-e0dd0c,2026-08-06 12:49,NIFTY,NIFTY 24650 PE,PE,24650.0,65.0,126.95,128.7,13:02,POSITION_SIGNAL,1.75,1.75,113.75,113.75,True
NIF-2026-08-06-1303-9c921b,2026-08-06 13:03,NIFTY,NIFTY 24650 CE,CE,24650.0,65.0,149.85,145.2,13:07,SIGNAL_FLIP,-4.65,-4.65,-302.25,-302.25,True
NIF-2026-08-06-1315-67b031,2026-08-06 13:15,NIFTY,NIFTY 24650 PE,PE,24650.0,65.0,137.75,129.95,13:17,SIGNAL_FLIP,-7.8,-7.8,-507.0,-507.0,True
NIF-2026-08-06-1321-4aeadc,2026-08-06 13:21,NIFTY,NIFTY 24650 PE,PE,24650.0,65.0,127.25,132.2,13:28,POSITION_SIGNAL,4.95,4.95,321.75,321.75,True
NIF-2026-08-06-1331-30ac77,2026-08-06 13:31,NIFTY,NIFTY 24650 PE,PE,24650.0,65.0,134.2,129.4,13:34,SIGNAL_FLIP,-4.8,-4.8,-312.0,-312.0,True
NIF-2026-08-06-1339-ffa1aa,2026-08-06 13:39,NIFTY,NIFTY 24650 PE,PE,24650.0,65.0,125.6,128.5,13:52,POSITION_SIGNAL,2.9,2.9,188.5,188.5,True
NIF-2026-08-06-1400-f0cea3,2026-08-06 14:00,NIFTY,NIFTY 24650 CE,CE,24650.0,65.0,143.95,149.45,14:14,POSITION_SIGNAL,5.5,5.5,357.5,357.5,True
NIF-2026-08-06-1418-fbbabb,2026-08-06 14:18,NIFTY,NIFTY 24700 CE,CE,24700.0,65.0,126.4,124.7,14:23,POSITION_SIGNAL,-1.7,-1.7,-110.5,-110.5,True
NIF-2026-08-06-1424-d8f187,2026-08-06 14:24,NIFTY,NIFTY 24700 CE,CE,24700.0,65.0,126.0,123.1,14:30,SIGNAL_FLIP,-2.9,-2.9,-188.5,-188.5,True
NIF-2026-08-06-1445-632c14,2026-08-06 14:45,NIFTY,NIFTY 24700 PE,PE,24700.0,65.0,141.45,139.7,14:48,POSITION_SIGNAL,-1.75,-1.75,-113.75,-113.75,True
NIF-2026-08-06-1449-ce89f8,2026-08-06 14:49,NIFTY,NIFTY 24700 CE,CE,24700.0,65.0,119.2,114.7,14:53,SIGNAL_FLIP,-4.5,-4.5,-292.5,-292.5,True
NIF-2026-08-06-1455-8e4a62,2026-08-06 14:55,NIFTY,NIFTY 24650 PE,PE,24650.0,65.0,118.6,115.75,14:59,POSITION_SIGNAL,-2.85,-2.85,-185.25,-185.25,True
NIF-2026-08-06-1503-568def,2026-08-06 15:03,NIFTY,NIFTY 24650 PE,PE,24650.0,65.0,118.75,115.35,15:08,POSITION_SIGNAL,-3.4,-3.4,-221.0,-221.0,True
NIF-2026-08-06-1509-8c49d0,2026-08-06 15:09,NIFTY,NIFTY 24700 CE,CE,24700.0,65.0,118.05,118.0,15:20,SIGNAL_FLIP,-0.05,-0.05,-3.25,-3.25,True
NIF-2026-08-06-1527-8d928e,2026-08-06 15:27,NIFTY,NIFTY 24700 PE,PE,24700.0,65.0,132.85,127.85,15:29,SESSION_END,-5.0,-5.0,-325.0,-325.0,True
SEN-2026-08-06-0919-7d7a62,2026-08-06 09:19,SENSEX,SENSEX 78700 PE,PE,78700.0,20.0,253.25,239.15,09:22,SIGNAL_FLIP,-14.1,-14.1,-282.0,-282.0,True
SEN-2026-08-06-0925-0e2d43,2026-08-06 09:25,SENSEX,SENSEX 78800 PE,PE,78800.0,20.0,303.15,301.6,09:28,SIGNAL_FLIP,-1.55,-1.55,-31.0,-31.0,True
SEN-2026-08-06-0929-a1ce41,2026-08-06 09:29,SENSEX,SENSEX 78800 PE,PE,78800.0,20.0,309.1,290.7,09:30,SIGNAL_FLIP,-18.4,-18.4,-368.0,-368.0,True
SEN-2026-08-06-0933-ebcf60,2026-08-06 09:33,SENSEX,SENSEX 78800 PE,PE,78800.0,20.0,317.9,320.15,09:40,SIGNAL_FLIP,2.25,2.25,45.0,45.0,True
SEN-2026-08-06-0942-b8187f,2026-08-06 09:42,SENSEX,SENSEX 78800 PE,PE,78800.0,20.0,329.0,321.3,09:43,SIGNAL_FLIP,-7.7,-7.7,-154.0,-154.0,True
SEN-2026-08-06-0945-c55e68,2026-08-06 09:45,SENSEX,SENSEX 78800 CE,CE,78800.0,20.0,314.65,352.45,09:55,POSITION_SIGNAL,37.8,37.8,756.0,756.0,True
SEN-2026-08-06-1000-6fabca,2026-08-06 10:00,SENSEX,SENSEX 78800 PE,PE,78800.0,20.0,344.9,377.75,10:08,POSITION_SIGNAL,32.85,32.85,657.0,657.0,True
SEN-2026-08-06-1016-5b418b,2026-08-06 10:16,SENSEX,SENSEX 78700 PE,PE,78700.0,20.0,322.7,323.6,10:22,POSITION_SIGNAL,0.9,0.9,18.0,18.0,True
SEN-2026-08-06-1025-5eb18b,2026-08-06 10:25,SENSEX,SENSEX 78800 CE,CE,78800.0,20.0,314.7,298.0,10:26,SIGNAL_FLIP,-16.7,-16.7,-334.0,-334.0,True
SEN-2026-08-06-1031-ff8bfc,2026-08-06 10:31,SENSEX,SENSEX 78800 CE,CE,78800.0,20.0,313.5,310.75,10:35,SIGNAL_FLIP,-2.75,-2.75,-55.0,-55.0,True
SEN-2026-08-06-1039-91f7fe,2026-08-06 10:39,SENSEX,SENSEX 78800 CE,CE,78800.0,20.0,325.4,311.7,10:42,SIGNAL_FLIP,-13.7,-13.7,-274.0,-274.0,True
SEN-2026-08-06-1047-4bb493,2026-08-06 10:47,SENSEX,SENSEX 78700 PE,PE,78700.0,20.0,320.9,321.3,10:56,POSITION_SIGNAL,0.4,0.4,8.0,8.0,True
SEN-2026-08-06-1058-f1d7f6,2026-08-06 10:58,SENSEX,SENSEX 78800 CE,CE,78800.0,20.0,315.0,305.0,11:00,SIGNAL_FLIP,-10.0,-10.0,-200.0,-200.0,True
SEN-2026-08-06-1105-13f7af,2026-08-06 11:05,SENSEX,SENSEX 78800 CE,CE,78800.0,20.0,314.1,307.2,11:08,SIGNAL_FLIP,-6.9,-6.9,-138.0,-138.0,True
SEN-2026-08-06-1110-a62e73,2026-08-06 11:10,SENSEX,SENSEX 78800 CE,CE,78800.0,20.0,317.0,364.95,11:33,POSITION_SIGNAL,47.95,47.95,959.0,959.0,True
SEN-2026-08-06-1134-186218,2026-08-06 11:34,SENSEX,SENSEX 78800 PE,PE,78800.0,20.0,322.5,358.55,11:46,SIGNAL_FLIP,36.05,36.05,721.0,721.0,True
SEN-2026-08-06-1150-b5a04e,2026-08-06 11:50,SENSEX,SENSEX 78800 CE,CE,78800.0,20.0,327.45,356.65,12:07,POSITION_SIGNAL,29.2,29.2,584.0,584.0,True
SEN-2026-08-06-1218-d4d4a8,2026-08-06 12:18,SENSEX,SENSEX 78900 CE,CE,78900.0,20.0,318.15,291.15,12:20,SIGNAL_FLIP,-27.0,-27.0,-540.0,-540.0,True
SEN-2026-08-06-1225-b45303,2026-08-06 12:25,SENSEX,SENSEX 78800 CE,CE,78800.0,20.0,337.2,329.05,12:29,POSITION_SIGNAL,-8.15,-8.15,-163.0,-163.0,True
SEN-2026-08-06-1232-26ed76,2026-08-06 12:32,SENSEX,SENSEX 78800 CE,CE,78800.0,20.0,350.6,343.4,12:39,POSITION_SIGNAL,-7.2,-7.2,-144.0,-144.0,True
SEN-2026-08-06-1244-19d6c4,2026-08-06 12:44,SENSEX,SENSEX 78800 CE,CE,78800.0,20.0,347.75,341.35,12:49,POSITION_SIGNAL,-6.4,-6.4,-128.0,-128.0,True
SEN-2026-08-06-1254-a80cbb,2026-08-06 12:54,SENSEX,SENSEX 78800 PE,PE,78800.0,20.0,333.95,318.5,13:02,POSITION_SIGNAL,-15.45,-15.45,-309.0,-309.0,True
SEN-2026-08-06-1304-d53cfb,2026-08-06 13:04,SENSEX,SENSEX 78800 CE,CE,78800.0,20.0,352.15,343.3,13:06,SIGNAL_FLIP,-8.85,-8.85,-177.0,-177.0,True
SEN-2026-08-06-1308-d6bd5f,2026-08-06 13:08,SENSEX,SENSEX 78800 PE,PE,78800.0,20.0,336.1,283.0,13:12,STOP_LOSS,-53.1,-53.1,-1062.0,-1062.0,True
SEN-2026-08-06-1317-28d3d2,2026-08-06 13:17,SENSEX,SENSEX 78800 CE,CE,78800.0,20.0,303.3,288.75,13:22,POSITION_SIGNAL,-14.55,-14.55,-291.0,-291.0,True
SEN-2026-08-06-1324-9faaf8,2026-08-06 13:24,SENSEX,SENSEX 78800 PE,PE,78800.0,20.0,324.5,304.2,13:28,SIGNAL_FLIP,-20.3,-20.3,-406.0,-406.0,True
SEN-2026-08-06-1336-f6b9a1,2026-08-06 13:36,SENSEX,SENSEX 78800 CE,CE,78800.0,20.0,316.85,291.8,13:40,POSITION_SIGNAL,-25.05,-25.05,-501.0,-501.0,True
SEN-2026-08-06-1343-076e88,2026-08-06 13:43,SENSEX,SENSEX 78800 PE,PE,78800.0,20.0,294.8,274.5,13:52,POSITION_SIGNAL,-20.3,-20.3,-406.0,-406.0,True
SEN-2026-08-06-1355-9785ea,2026-08-06 13:55,SENSEX,SENSEX 78800 PE,PE,78800.0,20.0,283.5,272.2,13:58,POSITION_SIGNAL,-11.3,-11.3,-226.0,-226.0,True
SEN-2026-08-06-1401-1fe71b,2026-08-06 14:01,SENSEX,SENSEX 78800 CE,CE,78800.0,20.0,283.95,295.65,14:12,POSITION_SIGNAL,11.7,11.7,234.0,234.0,True
NIF-2026-08-07-0931-f1a379,2026-08-07 09:31,NIFTY,NIFTY 24600 PE,PE,24600.0,65.0,122.65,118.0,09:33,SIGNAL_FLIP,-4.65,-4.65,-302.25,-302.25,True
SEN-2026-08-06-1417-1c431a,2026-08-06 14:17,SENSEX,SENSEX 78900 CE,CE,78900.0,20.0,261.95,258.05,14:23,POSITION_SIGNAL,-3.9,-3.9,-78.0,-78.0,True
SEN-2026-08-06-1424-3487cd,2026-08-06 14:24,SENSEX,SENSEX 78900 CE,CE,78900.0,20.0,267.65,248.9,14:31,SIGNAL_FLIP,-18.75,-18.75,-375.0,-375.0,True
SEN-2026-08-06-1445-15ee21,2026-08-06 14:45,SENSEX,SENSEX 78800 PE,PE,78800.0,20.0,236.5,215.4,14:49,POSITION_SIGNAL,-21.1,-21.1,-422.0,-422.0,True
SEN-2026-08-06-1504-f4a382,2026-08-06 15:04,SENSEX,SENSEX 78800 PE,PE,78800.0,20.0,240.65,226.9,15:07,SIGNAL_FLIP,-13.75,-13.75,-275.0,-275.0,True
SEN-2026-08-06-1513-6b7b27,2026-08-06 15:13,SENSEX,SENSEX 78900 CE,CE,78900.0,20.0,233.65,238.75,15:20,POSITION_SIGNAL,5.1,5.1,102.0,102.0,True
NIF-2026-08-07-0918-d4c8ab,2026-08-07 09:18,NIFTY,NIFTY 24600 CE,CE,24600.0,65.0,135.35,136.0,09:20,SIGNAL_FLIP,0.65,0.65,42.25,42.25,True
NIF-2026-08-07-0921-f59244,2026-08-07 09:21,NIFTY,NIFTY 24600 CE,CE,24600.0,65.0,138.4,143.45,09:29,SIGNAL_FLIP,5.05,5.05,328.25,328.25,True
NIF-2026-08-07-0937-51aa80,2026-08-07 09:37,NIFTY,NIFTY 24650 CE,CE,24650.0,65.0,120.05,117.0,09:41,POSITION_SIGNAL,-3.05,-3.05,-198.25,-198.25,True
NIF-2026-08-07-0944-509dba,2026-08-07 09:44,NIFTY,NIFTY 24650 CE,CE,24650.0,65.0,123.3,116.45,09:47,SIGNAL_FLIP,-6.85,-6.85,-445.25,-445.25,True
NIF-2026-08-07-0950-499987,2026-08-07 09:50,NIFTY,NIFTY 24650 CE,CE,24650.0,65.0,122.85,122.15,10:02,SIGNAL_FLIP,-0.7,-0.7,-45.5,-45.5,True
NIF-2026-08-07-1007-ee9d62,2026-08-07 10:07,NIFTY,NIFTY 24650 CE,CE,24650.0,65.0,124.7,118.2,10:11,SIGNAL_FLIP,-6.5,-6.5,-422.5,-422.5,True
NIF-2026-08-07-1014-3b935d,2026-08-07 10:14,NIFTY,NIFTY 24600 PE,PE,24600.0,65.0,122.0,131.4,10:35,SIGNAL_FLIP,9.4,9.4,611.0,611.0,True
NIF-2026-08-07-1038-d29406,2026-08-07 10:38,NIFTY,NIFTY 24600 PE,PE,24600.0,65.0,133.9,130.5,10:47,SIGNAL_FLIP,-3.4,-3.4,-221.0,-221.0,True
NIF-2026-08-07-1051-1134c8,2026-08-07 10:51,NIFTY,NIFTY 24600 PE,PE,24600.0,65.0,130.0,128.05,10:55,SIGNAL_FLIP,-1.95,-1.95,-126.75,-126.75,True
NIF-2026-08-07-1100-15a4f4,2026-08-07 11:00,NIFTY,NIFTY 24600 PE,PE,24600.0,65.0,132.55,134.35,11:21,SIGNAL_FLIP,1.8,1.8,117.0,117.0,True
NIF-2026-08-07-1126-b94a32,2026-08-07 11:26,NIFTY,NIFTY 24600 CE,CE,24600.0,65.0,127.5,127.05,11:31,SIGNAL_FLIP,-0.45,-0.45,-29.25,-29.25,True
NIF-2026-08-07-1134-a98e60,2026-08-07 11:34,NIFTY,NIFTY 24600 PE,PE,24600.0,65.0,129.25,126.1,11:38,POSITION_SIGNAL,-3.15,-3.15,-204.75,-204.75,True
NIF-2026-08-07-1139-b486f1,2026-08-07 11:39,NIFTY,NIFTY 24600 CE,CE,24600.0,65.0,130.85,127.15,11:42,SIGNAL_FLIP,-3.7,-3.7,-240.5,-240.5,True
NIF-2026-08-07-1147-f5abae,2026-08-07 11:47,NIFTY,NIFTY 24600 PE,PE,24600.0,65.0,129.25,135.7,11:55,POSITION_SIGNAL,6.45,6.45,419.25,419.25,True
NIF-2026-08-07-1202-3c535e,2026-08-07 12:02,NIFTY,NIFTY 24600 PE,PE,24600.0,65.0,137.6,139.0,12:22,POSITION_SIGNAL,1.4,1.4,91.0,91.0,True
NIF-2026-08-07-1225-222f9c,2026-08-07 12:25,NIFTY,NIFTY 24550 PE,PE,24550.0,65.0,119.5,111.0,12:27,POSITION_SIGNAL,-8.5,-8.5,-552.5,-552.5,True
NIF-2026-08-07-1228-41fc7c,2026-08-07 12:28,NIFTY,NIFTY 24600 CE,CE,24600.0,65.0,114.6,111.8,12:30,SIGNAL_FLIP,-2.8,-2.8,-182.0,-182.0,True
NIF-2026-08-07-1234-6e9685,2026-08-07 12:34,NIFTY,NIFTY 24600 CE,CE,24600.0,65.0,115.0,114.5,12:41,SIGNAL_FLIP,-0.5,-0.5,-32.5,-32.5,True
NIF-2026-08-07-1247-518492,2026-08-07 12:47,NIFTY,NIFTY 24600 CE,CE,24600.0,65.0,118.6,117.15,12:50,SIGNAL_FLIP,-1.45,-1.45,-94.25,-94.25,True
NIF-2026-08-07-1252-ddecea,2026-08-07 12:52,NIFTY,NIFTY 24600 PE,PE,24600.0,65.0,129.1,133.7,13:05,SIGNAL_FLIP,4.6,4.6,299.0,299.0,True
NIF-2026-08-07-1307-2dbafe,2026-08-07 13:07,NIFTY,NIFTY 24600 CE,CE,24600.0,65.0,113.95,112.0,13:09,SIGNAL_FLIP,-1.95,-1.95,-126.75,-126.75,True
NIF-2026-08-07-1314-684b10,2026-08-07 13:14,NIFTY,NIFTY 24550 PE,PE,24550.0,65.0,112.2,109.35,13:17,SIGNAL_FLIP,-2.85,-2.85,-185.25,-185.25,True
NIF-2026-08-07-1330-7ca857,2026-08-07 13:30,NIFTY,NIFTY 24600 PE,PE,24600.0,65.0,129.2,134.05,13:37,SIGNAL_FLIP,4.85,4.85,315.25,315.25,True
NIF-2026-08-07-1339-d22b5a,2026-08-07 13:39,NIFTY,NIFTY 24550 PE,PE,24550.0,65.0,114.7,109.75,13:45,POSITION_SIGNAL,-4.95,-4.95,-321.75,-321.75,True
NIF-2026-08-07-1350-1e0b15,2026-08-07 13:50,NIFTY,NIFTY 24600 CE,CE,24600.0,65.0,115.2,116.8,13:54,SIGNAL_FLIP,1.6,1.6,104.0,104.0,True
NIF-2026-08-07-1400-eb8340,2026-08-07 14:00,NIFTY,NIFTY 24600 CE,CE,24600.0,65.0,113.35,106.9,14:03,SIGNAL_FLIP,-6.45,-6.45,-419.25,-419.25,True
NIF-2026-08-07-1412-6a87da,2026-08-07 14:12,NIFTY,NIFTY 24550 PE,PE,24550.0,65.0,119.45,111.2,14:17,POSITION_SIGNAL,-8.25,-8.25,-536.25,-536.25,True
NIF-2026-08-07-1420-f25ec9,2026-08-07 14:20,NIFTY,NIFTY 24550 PE,PE,24550.0,65.0,114.55,110.75,14:25,SIGNAL_FLIP,-3.8,-3.8,-247.0,-247.0,True
NIF-2026-08-07-1431-26e8a1,2026-08-07 14:31,NIFTY,NIFTY 24550 PE,PE,24550.0,65.0,114.8,106.15,14:34,SIGNAL_FLIP,-8.65,-8.65,-562.25,-562.25,True
NIF-2026-08-07-1437-8bc20a,2026-08-07 14:37,NIFTY,NIFTY 24550 PE,PE,24550.0,65.0,109.3,107.2,14:44,POSITION_SIGNAL,-2.1,-2.1,-136.5,-136.5,True
NIF-2026-08-07-1447-7b07b8,2026-08-07 14:47,NIFTY,NIFTY 24600 CE,CE,24600.0,65.0,105.5,104.05,14:51,SIGNAL_FLIP,-1.45,-1.45,-94.25,-94.25,True
NIF-2026-08-07-1508-c5a4e3,2026-08-07 15:08,NIFTY,NIFTY 24600 CE,CE,24600.0,65.0,110.5,112.15,15:18,POSITION_SIGNAL,1.65,1.65,107.25,107.25,True
SEN-2026-08-07-0918-d0edfb,2026-08-07 09:18,SENSEX,SENSEX 78800 PE,PE,78800.0,20.0,555.1,546.4,09:19,SIGNAL_FLIP,-8.7,-8.7,-174.0,-174.0,True
SEN-2026-08-07-0921-95b974,2026-08-07 09:21,SENSEX,SENSEX 78800 CE,CE,78800.0,20.0,530.6,556.3,09:27,SIGNAL_FLIP,25.7,25.7,514.0,514.0,True
SEN-2026-08-07-0931-a692dc,2026-08-07 09:31,SENSEX,SENSEX 78800 PE,PE,78800.0,20.0,559.85,541.25,09:33,SIGNAL_FLIP,-18.6,-18.6,-372.0,-372.0,True
SEN-2026-08-07-0944-3610b4,2026-08-07 09:44,SENSEX,SENSEX 78800 CE,CE,78800.0,20.0,555.55,528.95,09:47,SIGNAL_FLIP,-26.6,-26.6,-532.0,-532.0,True
SEN-2026-08-07-0951-f40b29,2026-08-07 09:51,SENSEX,SENSEX 78800 CE,CE,78800.0,20.0,551.6,541.55,10:01,POSITION_SIGNAL,-10.05,-10.05,-201.0,-201.0,True
SEN-2026-08-07-1002-9691f4,2026-08-07 10:02,SENSEX,SENSEX 78800 PE,PE,78800.0,20.0,541.3,537.65,10:07,SIGNAL_FLIP,-3.65,-3.65,-73.0,-73.0,True
SEN-2026-08-07-1011-bfee44,2026-08-07 10:11,SENSEX,SENSEX 78800 PE,PE,78800.0,20.0,552.25,617.3,10:35,SIGNAL_FLIP,65.05,65.05,1301.0,1301.0,True
SEN-2026-08-07-1039-8acb1e,2026-08-07 10:39,SENSEX,SENSEX 78600 PE,PE,78600.0,20.0,519.85,515.75,10:47,POSITION_SIGNAL,-4.1,-4.1,-82.0,-82.0,True
SEN-2026-08-07-1048-828c1c,2026-08-07 10:48,SENSEX,SENSEX 78700 CE,CE,78700.0,20.0,519.45,508.6,10:51,SIGNAL_FLIP,-10.85,-10.85,-217.0,-217.0,True
SEN-2026-08-07-1059-042fcb,2026-08-07 10:59,SENSEX,SENSEX 78600 PE,PE,78600.0,20.0,516.7,544.75,11:07,SIGNAL_FLIP,28.05,28.05,561.0,561.0,True
NIF-2026-08-10-1100-3bb7e0,2026-08-10 11:00,NIFTY,NIFTY 24600 CE,CE,24600.0,65.0,94.95,95.8,11:08,SIGNAL_FLIP,0.85,0.85,55.25,55.25,True
SEN-2026-08-07-1116-6fb256,2026-08-07 11:16,SENSEX,SENSEX 78600 PE,PE,78600.0,20.0,543.55,530.2,11:22,POSITION_SIGNAL,-13.35,-13.35,-267.0,-267.0,True
SEN-2026-08-07-1128-0045ae,2026-08-07 11:28,SENSEX,SENSEX 78700 CE,CE,78700.0,20.0,529.55,517.6,11:31,SIGNAL_FLIP,-11.95,-11.95,-239.0,-239.0,True
SEN-2026-08-07-1136-68f59c,2026-08-07 11:36,SENSEX,SENSEX 78700 PE,PE,78700.0,20.0,556.4,537.0,11:39,POSITION_SIGNAL,-19.4,-19.4,-388.0,-388.0,True
SEN-2026-08-07-1142-44df18,2026-08-07 11:42,SENSEX,SENSEX 78700 PE,PE,78700.0,20.0,547.25,569.2,12:00,POSITION_SIGNAL,21.95,21.95,439.0,439.0,True
SEN-2026-08-07-1202-7e71b9,2026-08-07 12:02,SENSEX,SENSEX 78600 PE,PE,78600.0,20.0,532.45,540.75,12:22,POSITION_SIGNAL,8.3,8.3,166.0,166.0,True
SEN-2026-08-07-1225-c5414f,2026-08-07 12:25,SENSEX,SENSEX 78600 PE,PE,78600.0,20.0,556.0,528.55,12:27,POSITION_SIGNAL,-27.45,-27.45,-549.0,-549.0,True
NIF-2026-08-13-1418-fed763,2026-08-13 14:18,NIFTY,NIFTY 24450 PE,PE,24450.0,65.0,111.9,106.55,14:20,SIGNAL_FLIP,-5.35,-5.35,-347.75,-347.75,True
SEN-2026-08-07-1228-f4b116,2026-08-07 12:28,SENSEX,SENSEX 78600 CE,CE,78600.0,20.0,533.0,522.0,12:30,SIGNAL_FLIP,-11.0,-11.0,-220.0,-220.0,True
SEN-2026-08-07-1234-114353,2026-08-07 12:34,SENSEX,SENSEX 78600 CE,CE,78600.0,20.0,534.0,533.7,12:41,POSITION_SIGNAL,-0.3,-0.3,-6.0,-6.0,True
SEN-2026-08-07-1246-8dbffa,2026-08-07 12:46,SENSEX,SENSEX 78600 CE,CE,78600.0,20.0,544.45,538.0,12:49,POSITION_SIGNAL,-6.45,-6.45,-129.0,-129.0,True
SEN-2026-08-07-1253-73c258,2026-08-07 12:53,SENSEX,SENSEX 78600 PE,PE,78600.0,20.0,520.5,514.15,13:06,POSITION_SIGNAL,-6.35,-6.35,-127.0,-127.0,True
SEN-2026-08-07-1310-439772,2026-08-07 13:10,SENSEX,SENSEX 78600 PE,PE,78600.0,20.0,526.0,526.25,13:22,POSITION_SIGNAL,0.25,0.25,5.0,5.0,True
SEN-2026-08-07-1324-9bf32e,2026-08-07 13:24,SENSEX,SENSEX 78600 CE,CE,78600.0,20.0,523.8,529.0,13:31,SIGNAL_FLIP,5.2,5.2,104.0,104.0,True
SEN-2026-08-07-1339-1eba85,2026-08-07 13:39,SENSEX,SENSEX 78600 PE,PE,78600.0,20.0,538.5,525.8,13:46,POSITION_SIGNAL,-12.7,-12.7,-254.0,-254.0,True
SEN-2026-08-07-1348-256cff,2026-08-07 13:48,SENSEX,SENSEX 78600 CE,CE,78600.0,20.0,533.35,544.9,13:55,SIGNAL_FLIP,11.55,11.55,231.0,231.0,True
SEN-2026-08-07-1401-81844a,2026-08-07 14:01,SENSEX,SENSEX 78700 CE,CE,78700.0,20.0,497.1,468.45,14:03,SIGNAL_FLIP,-28.65,-28.65,-573.0,-573.0,True
SEN-2026-08-07-1411-be21c7,2026-08-07 14:11,SENSEX,SENSEX 78500 PE,PE,78500.0,20.0,495.05,483.7,14:17,POSITION_SIGNAL,-11.35,-11.35,-227.0,-227.0,True
SEN-2026-08-07-1418-ba8020,2026-08-07 14:18,SENSEX,SENSEX 78500 CE,CE,78500.0,20.0,529.5,527.8,14:20,SIGNAL_FLIP,-1.7,-1.7,-34.0,-34.0,True
SEN-2026-08-07-1422-7c4952,2026-08-07 14:22,SENSEX,SENSEX 78500 PE,PE,78500.0,20.0,492.85,489.4,14:27,SIGNAL_FLIP,-3.45,-3.45,-69.0,-69.0,True
SEN-2026-08-07-1431-0dc6c4,2026-08-07 14:31,SENSEX,SENSEX 78500 PE,PE,78500.0,20.0,499.0,468.0,14:34,SIGNAL_FLIP,-31.0,-31.0,-620.0,-620.0,True
NIF-2026-08-10-1325-1255ed,2026-08-10 13:25,NIFTY,NIFTY 24600 CE,CE,24600.0,65.0,88.0,87.85,13:32,POSITION_SIGNAL,-0.15,-0.15,-9.75,-9.75,True
SEN-2026-08-07-1437-eea489,2026-08-07 14:37,SENSEX,SENSEX 78600 PE,PE,78600.0,20.0,532.05,525.5,14:44,POSITION_SIGNAL,-6.55,-6.55,-131.0,-131.0,True
SEN-2026-08-07-1447-220e87,2026-08-07 14:47,SENSEX,SENSEX 78600 CE,CE,78600.0,20.0,497.7,481.45,14:51,POSITION_SIGNAL,-16.25,-16.25,-325.0,-325.0,True
SEN-2026-08-07-1452-ac879e,2026-08-07 14:52,SENSEX,SENSEX 78600 PE,PE,78600.0,20.0,519.55,512.3,14:59,POSITION_SIGNAL,-7.25,-7.25,-145.0,-145.0,True
SEN-2026-08-07-1510-a533c8,2026-08-07 15:10,SENSEX,SENSEX 78700 CE,CE,78700.0,20.0,473.3,486.85,15:18,POSITION_SIGNAL,13.55,13.55,271.0,271.0,True
SEN-2026-08-07-1520-c70526,2026-08-07 15:20,SENSEX,SENSEX 78700 PE,PE,78700.0,20.0,483.85,476.6,15:24,POSITION_SIGNAL,-7.25,-7.25,-145.0,-145.0,True
NIF-2026-08-10-0921-c76492,2026-08-10 09:21,NIFTY,NIFTY 24600 CE,CE,24600.0,65.0,108.15,98.5,09:23,SIGNAL_FLIP,-9.65,-9.65,-627.25,-627.25,True
NIF-2026-08-10-0926-f58a73,2026-08-10 09:26,NIFTY,NIFTY 24600 PE,PE,24600.0,65.0,98.35,122.1,09:46,POSITION_SIGNAL,23.75,23.75,1543.75,1543.75,True
NIF-2026-08-10-0947-59f3c7,2026-08-10 09:47,NIFTY,NIFTY 24550 CE,CE,24550.0,65.0,95.15,95.3,09:54,POSITION_SIGNAL,0.15,0.15,9.75,9.75,True
NIF-2026-08-10-0956-b1f8c7,2026-08-10 09:56,NIFTY,NIFTY 24550 PE,PE,24550.0,65.0,90.3,86.1,10:00,POSITION_SIGNAL,-4.2,-4.2,-273.0,-273.0,True
NIF-2026-08-10-1003-cc1d47,2026-08-10 10:03,NIFTY,NIFTY 24550 CE,CE,24550.0,65.0,100.6,96.5,10:05,SIGNAL_FLIP,-4.1,-4.1,-266.5,-266.5,True
NIF-2026-08-10-1009-d03b01,2026-08-10 10:09,NIFTY,NIFTY 24550 PE,PE,24550.0,65.0,90.3,84.4,10:13,SIGNAL_FLIP,-5.9,-5.9,-383.5,-383.5,True
NIF-2026-08-10-1020-ee23a7,2026-08-10 10:20,NIFTY,NIFTY 24600 CE,CE,24600.0,65.0,84.1,89.0,10:34,SIGNAL_FLIP,4.9,4.9,318.5,318.5,True
NIF-2026-08-10-1036-2c5ae7,2026-08-10 10:36,NIFTY,NIFTY 24600 CE,CE,24600.0,65.0,94.6,99.0,10:50,POSITION_SIGNAL,4.4,4.4,286.0,286.0,True
NIF-2026-08-10-1111-63bba9,2026-08-10 11:11,NIFTY,NIFTY 24600 CE,CE,24600.0,65.0,97.25,100.3,11:23,POSITION_SIGNAL,3.05,3.05,198.25,198.25,True
NIF-2026-08-10-1126-39955d,2026-08-10 11:26,NIFTY,NIFTY 24650 CE,CE,24650.0,65.0,76.6,72.8,11:31,SIGNAL_FLIP,-3.8,-3.8,-247.0,-247.0,True
NIF-2026-08-10-1133-7cdc56,2026-08-10 11:33,NIFTY,NIFTY 24600 PE,PE,24600.0,65.0,81.15,79.55,11:36,SIGNAL_FLIP,-1.6,-1.6,-104.0,-104.0,True
NIF-2026-08-10-1141-3cbd96,2026-08-10 11:41,NIFTY,NIFTY 24600 PE,PE,24600.0,65.0,76.4,75.6,11:48,SIGNAL_FLIP,-0.8,-0.8,-52.0,-52.0,True
NIF-2026-08-10-1157-2c60b4,2026-08-10 11:57,NIFTY,NIFTY 24600 PE,PE,24600.0,65.0,79.05,78.6,12:01,SIGNAL_FLIP,-0.45,-0.45,-29.25,-29.25,True
NIF-2026-08-10-1207-f0856e,2026-08-10 12:07,NIFTY,NIFTY 24600 PE,PE,24600.0,65.0,78.1,76.25,12:10,SIGNAL_FLIP,-1.85,-1.85,-120.25,-120.25,True
NIF-2026-08-10-1213-5523b2,2026-08-10 12:13,NIFTY,NIFTY 24600 CE,CE,24600.0,65.0,97.8,97.5,12:21,SIGNAL_FLIP,-0.3,-0.3,-19.5,-19.5,True
NIF-2026-08-10-1227-8d5596,2026-08-10 12:27,NIFTY,NIFTY 24650 CE,CE,24650.0,65.0,73.35,75.1,12:35,POSITION_SIGNAL,1.75,1.75,113.75,113.75,True
NIF-2026-08-10-1239-86ccb9,2026-08-10 12:39,NIFTY,NIFTY 24650 CE,CE,24650.0,65.0,75.6,72.05,12:43,POSITION_SIGNAL,-3.55,-3.55,-230.75,-230.75,True
NIF-2026-08-10-1246-3fc4ea,2026-08-10 12:46,NIFTY,NIFTY 24600 PE,PE,24600.0,65.0,73.35,71.7,12:48,SIGNAL_FLIP,-1.65,-1.65,-107.25,-107.25,True
NIF-2026-08-10-1253-4c8d23,2026-08-10 12:53,NIFTY,NIFTY 24600 PE,PE,24600.0,65.0,75.05,75.0,12:59,POSITION_SIGNAL,-0.05,-0.05,-3.25,-3.25,True
NIF-2026-08-10-1301-93d4e5,2026-08-10 13:01,NIFTY,NIFTY 24600 PE,PE,24600.0,65.0,76.95,74.6,13:04,SIGNAL_FLIP,-2.35,-2.35,-152.75,-152.75,True
NIF-2026-08-10-1309-c85916,2026-08-10 13:09,NIFTY,NIFTY 24600 PE,PE,24600.0,65.0,76.2,76.0,13:16,SIGNAL_FLIP,-0.2,-0.2,-13.0,-13.0,True
NIF-2026-08-10-1320-2cadc1,2026-08-10 13:20,NIFTY,NIFTY 24600 PE,PE,24600.0,65.0,77.45,76.1,13:23,POSITION_SIGNAL,-1.35,-1.35,-87.75,-87.75,True
NIF-2026-08-10-1333-e7b099,2026-08-10 13:33,NIFTY,NIFTY 24600 CE,CE,24600.0,65.0,90.75,92.15,13:41,POSITION_SIGNAL,1.4,1.4,91.0,91.0,True
NIF-2026-08-10-1343-68e82f,2026-08-10 13:43,NIFTY,NIFTY 24650 CE,CE,24650.0,65.0,68.65,64.75,13:57,SIGNAL_FLIP,-3.9,-3.9,-253.5,-253.5,True
NIF-2026-08-10-1403-60a91c,2026-08-10 14:03,NIFTY,NIFTY 24600 PE,PE,24600.0,65.0,73.1,70.0,14:06,SIGNAL_FLIP,-3.1,-3.1,-201.5,-201.5,True
NIF-2026-08-10-1410-afaa7b,2026-08-10 14:10,NIFTY,NIFTY 24600 PE,PE,24600.0,65.0,71.4,72.35,14:28,POSITION_SIGNAL,0.95,0.95,61.75,61.75,True
NIF-2026-08-10-1430-1558c6,2026-08-10 14:30,NIFTY,NIFTY 24600 CE,CE,24600.0,65.0,81.8,80.1,14:31,SIGNAL_FLIP,-1.7,-1.7,-110.5,-110.5,True
NIF-2026-08-10-1433-5ab347,2026-08-10 14:33,NIFTY,NIFTY 24600 PE,PE,24600.0,65.0,77.0,81.4,14:52,POSITION_SIGNAL,4.4,4.4,286.0,286.0,True
NIF-2026-08-10-1501-ae5046,2026-08-10 15:01,NIFTY,NIFTY 24600 PE,PE,24600.0,65.0,77.8,72.6,15:07,POSITION_SIGNAL,-5.2,-5.2,-338.0,-338.0,True
NIF-2026-08-10-1510-7618c4,2026-08-10 15:10,NIFTY,NIFTY 24600 PE,PE,24600.0,65.0,77.65,74.3,15:14,POSITION_SIGNAL,-3.35,-3.35,-217.75,-217.75,True
SEN-2026-08-10-0919-b273a2,2026-08-10 09:19,SENSEX,SENSEX 78600 CE,CE,78600.0,20.0,533.65,536.05,09:23,SIGNAL_FLIP,2.4,2.4,48.0,48.0,True
SEN-2026-08-10-0941-50b77d,2026-08-10 09:41,SENSEX,SENSEX 78500 CE,CE,78500.0,20.0,441.7,421.75,09:43,SIGNAL_FLIP,-19.95,-19.95,-399.0,-399.0,True
SEN-2026-08-10-0948-d9075b,2026-08-10 09:48,SENSEX,SENSEX 78500 CE,CE,78500.0,20.0,453.2,438.75,09:54,SIGNAL_FLIP,-14.45,-14.45,-289.0,-289.0,True
SEN-2026-08-10-1002-f27186,2026-08-10 10:02,SENSEX,SENSEX 78500 CE,CE,78500.0,20.0,454.85,454.15,10:06,SIGNAL_FLIP,-0.7,-0.7,-14.0,-14.0,True
SEN-2026-08-10-1009-652e2a,2026-08-10 10:09,SENSEX,SENSEX 78500 PE,PE,78500.0,20.0,462.6,456.1,10:13,POSITION_SIGNAL,-6.5,-6.5,-130.0,-130.0,True
SEN-2026-08-10-1143-71c91b,2026-08-10 11:43,SENSEX,SENSEX 78700 PE,PE,78700.0,20.0,427.6,420.4,11:48,SIGNAL_FLIP,-7.2,-7.2,-144.0,-144.0,True
SEN-2026-08-10-1014-ea7acc,2026-08-10 10:14,SENSEX,SENSEX 78500 CE,CE,78500.0,20.0,458.6,524.8,10:34,SIGNAL_FLIP,66.2,66.2,1324.0,1324.0,True
SEN-2026-08-10-1036-14216f,2026-08-10 10:36,SENSEX,SENSEX 78700 CE,CE,78700.0,20.0,432.0,442.95,10:50,SIGNAL_FLIP,10.95,10.95,219.0,219.0,True
SEN-2026-08-10-1054-f538b9,2026-08-10 10:54,SENSEX,SENSEX 78700 PE,PE,78700.0,20.0,447.5,441.75,10:57,POSITION_SIGNAL,-5.75,-5.75,-115.0,-115.0,True
SEN-2026-08-10-1058-d36067,2026-08-10 10:58,SENSEX,SENSEX 78700 CE,CE,78700.0,20.0,430.6,438.4,11:07,POSITION_SIGNAL,7.8,7.8,156.0,156.0,True
SEN-2026-08-10-1113-4d2918,2026-08-10 11:13,SENSEX,SENSEX 78700 CE,CE,78700.0,20.0,442.25,449.5,11:25,POSITION_SIGNAL,7.25,7.25,145.0,145.0,True
SEN-2026-08-10-1126-b0074c,2026-08-10 11:26,SENSEX,SENSEX 78700 CE,CE,78700.0,20.0,456.55,439.1,11:31,POSITION_SIGNAL,-17.45,-17.45,-349.0,-349.0,True
SEN-2026-08-10-1132-eb2f4f,2026-08-10 11:32,SENSEX,SENSEX 78700 PE,PE,78700.0,20.0,435.55,431.3,11:37,SIGNAL_FLIP,-4.25,-4.25,-85.0,-85.0,True
SEN-2026-08-10-1153-532ec1,2026-08-10 11:53,SENSEX,SENSEX 78700 CE,CE,78700.0,20.0,435.25,420.4,11:55,SIGNAL_FLIP,-14.85,-14.85,-297.0,-297.0,True
SEN-2026-08-10-1202-495723,2026-08-10 12:02,SENSEX,SENSEX 78700 CE,CE,78700.0,20.0,426.65,422.25,12:07,SIGNAL_FLIP,-4.4,-4.4,-88.0,-88.0,True
SEN-2026-08-10-1210-8c7a23,2026-08-10 12:10,SENSEX,SENSEX 78700 CE,CE,78700.0,20.0,432.8,443.05,12:21,POSITION_SIGNAL,10.25,10.25,205.0,205.0,True
SEN-2026-08-10-1227-3432ec,2026-08-10 12:27,SENSEX,SENSEX 78700 CE,CE,78700.0,20.0,440.55,447.2,12:36,SIGNAL_FLIP,6.65,6.65,133.0,133.0,True
SEN-2026-08-10-1239-4b8fc9,2026-08-10 12:39,SENSEX,SENSEX 78800 CE,CE,78800.0,20.0,405.15,394.75,12:43,POSITION_SIGNAL,-10.4,-10.4,-208.0,-208.0,True
SEN-2026-08-10-1245-05748f,2026-08-10 12:45,SENSEX,SENSEX 78700 PE,PE,78700.0,20.0,413.0,408.45,12:48,SIGNAL_FLIP,-4.55,-4.55,-91.0,-91.0,True
SEN-2026-08-10-1252-387075,2026-08-10 12:52,SENSEX,SENSEX 78700 PE,PE,78700.0,20.0,419.05,421.1,13:04,SIGNAL_FLIP,2.05,2.05,41.0,41.0,True
SEN-2026-08-10-1307-4afbdb,2026-08-10 13:07,SENSEX,SENSEX 78700 PE,PE,78700.0,20.0,434.9,428.7,13:17,POSITION_SIGNAL,-6.2,-6.2,-124.0,-124.0,True
SEN-2026-08-10-1318-787cf2,2026-08-10 13:18,SENSEX,SENSEX 78700 CE,CE,78700.0,20.0,403.6,400.15,13:20,SIGNAL_FLIP,-3.45,-3.45,-69.0,-69.0,True
SEN-2026-08-10-1327-aa19db,2026-08-10 13:27,SENSEX,SENSEX 78700 CE,CE,78700.0,20.0,409.6,404.15,13:32,SIGNAL_FLIP,-5.45,-5.45,-109.0,-109.0,True
SEN-2026-08-10-1335-ea2f23,2026-08-10 13:35,SENSEX,SENSEX 78700 CE,CE,78700.0,20.0,420.6,420.05,13:41,SIGNAL_FLIP,-0.55,-0.55,-11.0,-11.0,True
SEN-2026-08-10-1343-4f3e0b,2026-08-10 13:43,SENSEX,SENSEX 78700 CE,CE,78700.0,20.0,426.25,418.55,13:47,POSITION_SIGNAL,-7.7,-7.7,-154.0,-154.0,True
SEN-2026-08-10-1348-b2b36e,2026-08-10 13:48,SENSEX,SENSEX 78700 PE,PE,78700.0,20.0,409.3,398.8,13:51,SIGNAL_FLIP,-10.5,-10.5,-210.0,-210.0,True
SEN-2026-08-10-1357-7406e7,2026-08-10 13:57,SENSEX,SENSEX 78700 PE,PE,78700.0,20.0,413.95,415.1,14:06,POSITION_SIGNAL,1.15,1.15,23.0,23.0,True
SEN-2026-08-10-1414-75eca0,2026-08-10 14:14,SENSEX,SENSEX 78700 PE,PE,78700.0,20.0,425.85,443.15,14:55,POSITION_SIGNAL,17.3,17.3,346.0,346.0,True
SEN-2026-08-10-1456-c18299,2026-08-10 14:56,SENSEX,SENSEX 78600 PE,PE,78600.0,20.0,396.6,379.6,14:58,POSITION_SIGNAL,-17.0,-17.0,-340.0,-340.0,True
SEN-2026-08-10-1501-82c4f2,2026-08-10 15:01,SENSEX,SENSEX 78600 PE,PE,78600.0,20.0,385.0,365.6,15:14,POSITION_SIGNAL,-19.4,-19.4,-388.0,-388.0,True
NIF-2026-08-11-0918-64dea8,2026-08-11 09:18,NIFTY,NIFTY 24500 PE,PE,24500.0,65.0,61.05,71.7,09:33,POSITION_SIGNAL,10.65,10.65,692.25,692.25,True
NIF-2026-08-11-0934-b2f726,2026-08-11 09:34,NIFTY,NIFTY 24500 PE,PE,24500.0,65.0,72.1,69.35,09:36,POSITION_SIGNAL,-2.75,-2.75,-178.75,-178.75,True
NIF-2026-08-11-0940-7b0372,2026-08-11 09:40,NIFTY,NIFTY 24500 PE,PE,24500.0,65.0,73.15,73.05,09:46,POSITION_SIGNAL,-0.1,-0.1,-6.5,-6.5,True
NIF-2026-08-11-0947-e05289,2026-08-11 09:47,NIFTY,NIFTY 24500 PE,PE,24500.0,65.0,74.45,70.7,09:52,POSITION_SIGNAL,-3.75,-3.75,-243.75,-243.75,True
NIF-2026-08-11-0955-bfb40c,2026-08-11 09:55,NIFTY,NIFTY 24500 PE,PE,24500.0,65.0,74.95,70.65,09:57,POSITION_SIGNAL,-4.3,-4.3,-279.5,-279.5,True
NIF-2026-08-11-0958-db9064,2026-08-11 09:58,NIFTY,NIFTY 24500 CE,CE,24500.0,65.0,56.4,56.7,10:02,POSITION_SIGNAL,0.3,0.3,19.5,19.5,True
NIF-2026-08-11-1006-839e19,2026-08-11 10:06,NIFTY,NIFTY 24500 PE,PE,24500.0,65.0,64.0,63.9,10:12,SIGNAL_FLIP,-0.1,-0.1,-6.5,-6.5,True
NIF-2026-08-11-1014-6044a2,2026-08-11 10:14,NIFTY,NIFTY 24500 PE,PE,24500.0,65.0,67.45,65.6,10:18,POSITION_SIGNAL,-1.85,-1.85,-120.25,-120.25,True
NIF-2026-08-11-1020-e1c836,2026-08-11 10:20,NIFTY,NIFTY 24500 PE,PE,24500.0,65.0,69.75,68.25,10:24,POSITION_SIGNAL,-1.5,-1.5,-97.5,-97.5,True
NIF-2026-08-11-1026-31267e,2026-08-11 10:26,NIFTY,NIFTY 24500 PE,PE,24500.0,65.0,68.0,61.5,10:28,POSITION_SIGNAL,-6.5,-6.5,-422.5,-422.5,True
NIF-2026-08-11-1031-a87912,2026-08-11 10:31,NIFTY,NIFTY 24500 PE,PE,24500.0,65.0,62.5,59.75,10:32,SIGNAL_FLIP,-2.75,-2.75,-178.75,-178.75,True
NIF-2026-08-11-1036-954afc,2026-08-11 10:36,NIFTY,NIFTY 24500 PE,PE,24500.0,65.0,63.9,59.9,10:38,SIGNAL_FLIP,-4.0,-4.0,-260.0,-260.0,True
NIF-2026-08-11-1040-1d9344,2026-08-11 10:40,NIFTY,NIFTY 24500 PE,PE,24500.0,65.0,62.9,59.55,10:43,POSITION_SIGNAL,-3.35,-3.35,-217.75,-217.75,True
NIF-2026-08-11-1045-4cf09e,2026-08-11 10:45,NIFTY,NIFTY 24500 PE,PE,24500.0,65.0,64.95,61.7,10:51,POSITION_SIGNAL,-3.25,-3.25,-211.25,-211.25,True
NIF-2026-08-11-1058-37f0a4,2026-08-11 10:58,NIFTY,NIFTY 24500 PE,PE,24500.0,65.0,60.65,69.85,11:07,POSITION_SIGNAL,9.2,9.2,598.0,598.0,True
NIF-2026-08-11-1108-0a8ae9,2026-08-11 11:08,NIFTY,NIFTY 24450 PE,PE,24450.0,65.0,45.5,45.05,11:15,POSITION_SIGNAL,-0.45,-0.45,-29.25,-29.25,True
NIF-2026-08-11-1119-b5ffcb,2026-08-11 11:19,NIFTY,NIFTY 24450 PE,PE,24450.0,65.0,44.85,45.35,11:35,POSITION_SIGNAL,0.5,0.5,32.5,32.5,True
NIF-2026-08-11-1137-c1ca3e,2026-08-11 11:37,NIFTY,NIFTY 24450 PE,PE,24450.0,65.0,44.9,43.05,11:39,POSITION_SIGNAL,-1.85,-1.85,-120.25,-120.25,True
NIF-2026-08-11-1141-479b80,2026-08-11 11:41,NIFTY,NIFTY 24450 PE,PE,24450.0,65.0,42.8,40.3,11:47,POSITION_SIGNAL,-2.5,-2.5,-162.5,-162.5,True
NIF-2026-08-11-1151-95fbec,2026-08-11 11:51,NIFTY,NIFTY 24450 PE,PE,24450.0,65.0,41.85,43.7,12:00,POSITION_SIGNAL,1.85,1.85,120.25,120.25,True
NIF-2026-08-11-1217-fc9977,2026-08-11 12:17,NIFTY,NIFTY 24450 PE,PE,24450.0,65.0,44.7,42.55,12:21,POSITION_SIGNAL,-2.15,-2.15,-139.75,-139.75,True
NIF-2026-08-11-1224-4d13f5,2026-08-11 12:24,NIFTY,NIFTY 24450 PE,PE,24450.0,65.0,43.9,43.2,12:28,POSITION_SIGNAL,-0.7,-0.7,-45.5,-45.5,True
NIF-2026-08-11-1237-502e35,2026-08-11 12:37,NIFTY,NIFTY 24450 CE,CE,24450.0,65.0,47.45,45.1,12:40,POSITION_SIGNAL,-2.35,-2.35,-152.75,-152.75,True
NIF-2026-08-11-1241-a9ffd8,2026-08-11 12:41,NIFTY,NIFTY 24450 PE,PE,24450.0,65.0,41.4,39.0,12:43,SIGNAL_FLIP,-2.4,-2.4,-156.0,-156.0,True
NIF-2026-08-11-1256-40bcb3,2026-08-11 12:56,NIFTY,NIFTY 24450 PE,PE,24450.0,65.0,39.7,38.2,13:00,POSITION_SIGNAL,-1.5,-1.5,-97.5,-97.5,True
NIF-2026-08-11-1301-2d64bc,2026-08-11 13:01,NIFTY,NIFTY 24450 CE,CE,24450.0,65.0,45.7,51.5,13:11,POSITION_SIGNAL,5.8,5.8,377.0,377.0,True
NIF-2026-08-11-1316-12223d,2026-08-11 13:16,NIFTY,NIFTY 24450 PE,PE,24450.0,65.0,34.95,33.7,13:19,SIGNAL_FLIP,-1.25,-1.25,-81.25,-81.25,True
NIF-2026-08-11-1320-fb1337,2026-08-11 13:20,NIFTY,NIFTY 24450 PE,PE,24450.0,65.0,34.6,33.55,13:22,SIGNAL_FLIP,-1.05,-1.05,-68.25,-68.25,True
NIF-2026-08-11-1325-5986c4,2026-08-11 13:25,NIFTY,NIFTY 24450 CE,CE,24450.0,65.0,52.25,47.5,13:29,POSITION_SIGNAL,-4.75,-4.75,-308.75,-308.75,True
NIF-2026-08-11-1331-829e74,2026-08-11 13:31,NIFTY,NIFTY 24450 CE,CE,24450.0,65.0,53.0,52.65,13:36,SIGNAL_FLIP,-0.35,-0.35,-22.75,-22.75,True
NIF-2026-08-11-1341-9da020,2026-08-11 13:41,NIFTY,NIFTY 24450 CE,CE,24450.0,65.0,50.3,48.75,13:48,POSITION_SIGNAL,-1.55,-1.55,-100.75,-100.75,True
NIF-2026-08-11-1349-13ba56,2026-08-11 13:49,NIFTY,NIFTY 24450 PE,PE,24450.0,65.0,28.0,28.4,14:00,SIGNAL_FLIP,0.4,0.4,26.0,26.0,True
NIF-2026-08-11-1401-05d642,2026-08-11 14:01,NIFTY,NIFTY 24450 PE,PE,24450.0,65.0,28.95,26.5,14:08,POSITION_SIGNAL,-2.45,-2.45,-159.25,-159.25,True
NIF-2026-08-11-1410-74e224,2026-08-11 14:10,NIFTY,NIFTY 24450 CE,CE,24450.0,65.0,43.8,44.3,14:15,SIGNAL_FLIP,0.5,0.5,32.5,32.5,True
NIF-2026-08-11-1418-42f83e,2026-08-11 14:18,NIFTY,NIFTY 24450 CE,CE,24450.0,65.0,47.95,44.6,14:21,POSITION_SIGNAL,-3.35,-3.35,-217.75,-217.75,True
NIF-2026-08-11-1430-0df04d,2026-08-11 14:30,NIFTY,NIFTY 24450 PE,PE,24450.0,65.0,26.5,29.25,14:41,POSITION_SIGNAL,2.75,2.75,178.75,178.75,True
NIF-2026-08-11-1444-597026,2026-08-11 14:44,NIFTY,NIFTY 24450 CE,CE,24450.0,65.0,37.05,52.8,15:05,POSITION_SIGNAL,15.75,15.75,1023.75,1023.75,True
NIF-2026-08-14-1143-aaf21b,2026-08-14 11:43,NIFTY,NIFTY 24350 CE,CE,24350.0,65.0,89.85,90.1,11:49,SIGNAL_FLIP,0.25,0.25,16.25,16.25,True
NIF-2026-08-11-1506-79ac41,2026-08-11 15:06,NIFTY,NIFTY 24500 PE,PE,24500.0,65.0,41.3,39.75,15:09,POSITION_SIGNAL,-1.55,-1.55,-100.75,-100.75,True
SEN-2026-08-11-0919-4b74a0,2026-08-11 09:19,SENSEX,SENSEX 78300 PE,PE,78300.0,20.0,360.25,389.7,09:33,SIGNAL_FLIP,29.45,29.45,589.0,589.0,True
SEN-2026-08-11-0938-11b03f,2026-08-11 09:38,SENSEX,SENSEX 78300 PE,PE,78300.0,20.0,397.9,398.85,09:58,SIGNAL_FLIP,0.95,0.95,19.0,19.0,True
SEN-2026-08-11-1004-65da31,2026-08-11 10:04,SENSEX,SENSEX 78300 CE,CE,78300.0,20.0,349.25,338.45,10:06,SIGNAL_FLIP,-10.8,-10.8,-216.0,-216.0,True
SEN-2026-08-11-1015-f07805,2026-08-11 10:15,SENSEX,SENSEX 78200 PE,PE,78200.0,20.0,360.3,356.65,10:25,POSITION_SIGNAL,-3.65,-3.65,-73.0,-73.0,True
SEN-2026-08-11-1026-877e37,2026-08-11 10:26,SENSEX,SENSEX 78200 PE,PE,78200.0,20.0,358.45,343.25,10:28,POSITION_SIGNAL,-15.2,-15.2,-304.0,-304.0,True
SEN-2026-08-11-1029-eb36e4,2026-08-11 10:29,SENSEX,SENSEX 78200 CE,CE,78200.0,20.0,365.2,365.8,10:31,SIGNAL_FLIP,0.6,0.6,12.0,12.0,True
SEN-2026-08-11-1036-bfd743,2026-08-11 10:36,SENSEX,SENSEX 78200 PE,PE,78200.0,20.0,352.65,344.75,10:39,POSITION_SIGNAL,-7.9,-7.9,-158.0,-158.0,True
SEN-2026-08-11-1045-95dd3c,2026-08-11 10:45,SENSEX,SENSEX 78200 PE,PE,78200.0,20.0,350.3,339.6,10:52,POSITION_SIGNAL,-10.7,-10.7,-214.0,-214.0,True
SEN-2026-08-11-1101-9a379c,2026-08-11 11:01,SENSEX,SENSEX 78200 PE,PE,78200.0,20.0,349.05,366.65,11:15,POSITION_SIGNAL,17.6,17.6,352.0,352.0,True
SEN-2026-08-11-1119-c3cc9c,2026-08-11 11:19,SENSEX,SENSEX 78200 PE,PE,78200.0,20.0,364.0,372.25,11:35,POSITION_SIGNAL,8.25,8.25,165.0,165.0,True
SEN-2026-08-11-1145-21fd52,2026-08-11 11:45,SENSEX,SENSEX 78200 PE,PE,78200.0,20.0,352.0,342.85,11:48,POSITION_SIGNAL,-9.15,-9.15,-183.0,-183.0,True
SEN-2026-08-11-1151-0d887f,2026-08-11 11:51,SENSEX,SENSEX 78200 PE,PE,78200.0,20.0,350.0,356.0,12:00,POSITION_SIGNAL,6.0,6.0,120.0,120.0,True
SEN-2026-08-11-1202-413cf4,2026-08-11 12:02,SENSEX,SENSEX 78100 PE,PE,78100.0,20.0,323.4,311.8,12:22,SIGNAL_FLIP,-11.6,-11.6,-232.0,-232.0,True
SEN-2026-08-11-1225-f60472,2026-08-11 12:25,SENSEX,SENSEX 78100 PE,PE,78100.0,20.0,318.0,314.15,12:28,POSITION_SIGNAL,-3.85,-3.85,-77.0,-77.0,True
SEN-2026-08-11-1229-6085ca,2026-08-11 12:29,SENSEX,SENSEX 78200 CE,CE,78200.0,20.0,319.2,317.9,12:40,SIGNAL_FLIP,-1.3,-1.3,-26.0,-26.0,True
SEN-2026-08-11-1243-1223e8,2026-08-11 12:43,SENSEX,SENSEX 78200 CE,CE,78200.0,20.0,329.0,335.45,12:52,SIGNAL_FLIP,6.45,6.45,129.0,129.0,True
SEN-2026-08-11-1256-1950e4,2026-08-11 12:56,SENSEX,SENSEX 78200 PE,PE,78200.0,20.0,343.85,343.0,13:01,SIGNAL_FLIP,-0.85,-0.85,-17.0,-17.0,True
SEN-2026-08-11-1307-2162e5,2026-08-11 13:07,SENSEX,SENSEX 78200 CE,CE,78200.0,20.0,349.4,335.75,13:12,POSITION_SIGNAL,-13.65,-13.65,-273.0,-273.0,True
SEN-2026-08-11-1313-05018f,2026-08-11 13:13,SENSEX,SENSEX 78200 PE,PE,78200.0,20.0,321.35,321.7,13:19,SIGNAL_FLIP,0.35,0.35,7.0,7.0,True
SEN-2026-08-11-1321-19b1b7,2026-08-11 13:21,SENSEX,SENSEX 78200 PE,PE,78200.0,20.0,325.05,311.3,13:25,SIGNAL_FLIP,-13.75,-13.75,-275.0,-275.0,True
SEN-2026-08-11-1328-dfdcf8,2026-08-11 13:28,SENSEX,SENSEX 78200 CE,CE,78200.0,20.0,345.7,339.8,13:30,SIGNAL_FLIP,-5.9,-5.9,-118.0,-118.0,True
SEN-2026-08-11-1332-d4f324,2026-08-11 13:32,SENSEX,SENSEX 78300 CE,CE,78300.0,20.0,297.45,281.95,13:38,POSITION_SIGNAL,-15.5,-15.5,-310.0,-310.0,True
SEN-2026-08-11-1339-0a5754,2026-08-11 13:39,SENSEX,SENSEX 78200 PE,PE,78200.0,20.0,308.4,300.05,13:41,SIGNAL_FLIP,-8.35,-8.35,-167.0,-167.0,True
SEN-2026-08-11-1345-5d13dc,2026-08-11 13:45,SENSEX,SENSEX 78200 CE,CE,78200.0,20.0,339.0,325.75,13:53,SIGNAL_FLIP,-13.25,-13.25,-265.0,-265.0,True
SEN-2026-08-11-1357-06b0f8,2026-08-11 13:57,SENSEX,SENSEX 78200 PE,PE,78200.0,20.0,323.1,314.55,14:00,SIGNAL_FLIP,-8.55,-8.55,-171.0,-171.0,True
SEN-2026-08-11-1402-8f444a,2026-08-11 14:02,SENSEX,SENSEX 78200 PE,PE,78200.0,20.0,321.95,313.75,14:08,POSITION_SIGNAL,-8.2,-8.2,-164.0,-164.0,True
SEN-2026-08-11-1409-c7dc35,2026-08-11 14:09,SENSEX,SENSEX 78200 CE,CE,78200.0,20.0,332.95,328.6,14:20,SIGNAL_FLIP,-4.35,-4.35,-87.0,-87.0,True
SEN-2026-08-11-1430-94f6d4,2026-08-11 14:30,SENSEX,SENSEX 78200 PE,PE,78200.0,20.0,308.85,306.4,14:42,POSITION_SIGNAL,-2.45,-2.45,-49.0,-49.0,True
SEN-2026-08-11-1458-ce9284,2026-08-11 14:58,SENSEX,SENSEX 78300 CE,CE,78300.0,20.0,310.0,306.7,15:04,POSITION_SIGNAL,-3.3,-3.3,-66.0,-66.0,True
SEN-2026-08-11-1505-413e62,2026-08-11 15:05,SENSEX,SENSEX 78300 CE,CE,78300.0,20.0,320.55,308.9,15:08,SIGNAL_FLIP,-11.65,-11.65,-233.0,-233.0,True
SEN-2026-08-11-1509-c3f688,2026-08-11 15:09,SENSEX,SENSEX 78300 CE,CE,78300.0,20.0,313.5,306.8,15:10,SIGNAL_FLIP,-6.7,-6.7,-134.0,-134.0,True
NIF-2026-08-12-0926-67c634,2026-08-12 09:26,NIFTY,NIFTY 24500 CE,CE,24500.0,65.0,126.3,131.65,09:31,SIGNAL_FLIP,5.35,5.35,347.75,347.75,True
NIF-2026-08-12-0938-a86db7,2026-08-12 09:38,NIFTY,NIFTY 24500 PE,PE,24500.0,65.0,141.85,138.85,09:41,SIGNAL_FLIP,-3.0,-3.0,-195.0,-195.0,True
NIF-2026-08-12-0945-548ae3,2026-08-12 09:45,NIFTY,NIFTY 24450 PE,PE,24450.0,65.0,119.95,127.55,09:54,SIGNAL_FLIP,7.6,7.6,494.0,494.0,True
NIF-2026-08-12-0957-f59b6e,2026-08-12 09:57,NIFTY,NIFTY 24450 PE,PE,24450.0,65.0,133.05,148.7,10:11,SIGNAL_FLIP,15.65,15.65,1017.25,1017.25,True
NIF-2026-08-12-1021-86b3a9,2026-08-12 10:21,NIFTY,NIFTY 24400 CE,CE,24400.0,65.0,143.9,140.6,10:24,SIGNAL_FLIP,-3.3,-3.3,-214.5,-214.5,True
NIF-2026-08-12-1028-2654a6,2026-08-12 10:28,NIFTY,NIFTY 24400 PE,PE,24400.0,65.0,124.9,118.2,10:32,SIGNAL_FLIP,-6.7,-6.7,-435.5,-435.5,True
NIF-2026-08-12-1034-bc8808,2026-08-12 10:34,NIFTY,NIFTY 24450 CE,CE,24450.0,65.0,125.8,121.9,10:37,POSITION_SIGNAL,-3.9,-3.9,-253.5,-253.5,True
NIF-2026-08-12-1039-2e15c0,2026-08-12 10:39,NIFTY,NIFTY 24450 PE,PE,24450.0,65.0,141.0,154.5,10:52,POSITION_SIGNAL,13.5,13.5,877.5,877.5,True
NIF-2026-08-12-1057-7a0872,2026-08-12 10:57,NIFTY,NIFTY 24400 PE,PE,24400.0,65.0,131.1,158.95,11:08,POSITION_SIGNAL,27.85,27.85,1810.25,1810.25,True
NIF-2026-08-12-1113-ad55d3,2026-08-12 11:13,NIFTY,NIFTY 24350 PE,PE,24350.0,65.0,130.95,126.55,11:16,POSITION_SIGNAL,-4.4,-4.4,-286.0,-286.0,True
NIF-2026-08-12-1120-29170d,2026-08-12 11:20,NIFTY,NIFTY 24350 CE,CE,24350.0,65.0,142.9,141.6,11:25,SIGNAL_FLIP,-1.3,-1.3,-84.5,-84.5,True
NIF-2026-08-12-1138-ffcea5,2026-08-12 11:38,NIFTY,NIFTY 24350 PE,PE,24350.0,65.0,134.0,137.0,11:43,POSITION_SIGNAL,3.0,3.0,195.0,195.0,True
NIF-2026-08-12-1146-756510,2026-08-12 11:46,NIFTY,NIFTY 24350 CE,CE,24350.0,65.0,137.3,135.3,11:48,POSITION_SIGNAL,-2.0,-2.0,-130.0,-130.0,True
NIF-2026-08-12-1150-7aff60,2026-08-12 11:50,NIFTY,NIFTY 24350 PE,PE,24350.0,65.0,135.95,136.2,12:07,POSITION_SIGNAL,0.25,0.25,16.25,16.25,True
NIF-2026-08-12-1210-563f24,2026-08-12 12:10,NIFTY,NIFTY 24350 PE,PE,24350.0,65.0,139.4,139.45,12:17,SIGNAL_FLIP,0.05,0.05,3.25,3.25,True
NIF-2026-08-12-1224-35c504,2026-08-12 12:24,NIFTY,NIFTY 24350 PE,PE,24350.0,65.0,139.0,136.25,12:27,POSITION_SIGNAL,-2.75,-2.75,-178.75,-178.75,True
NIF-2026-08-12-1232-465579,2026-08-12 12:32,NIFTY,NIFTY 24350 PE,PE,24350.0,65.0,138.3,129.25,12:34,POSITION_SIGNAL,-9.05,-9.05,-588.25,-588.25,True
NIF-2026-08-12-1237-1a7c72,2026-08-12 12:37,NIFTY,NIFTY 24350 PE,PE,24350.0,65.0,133.5,130.45,12:42,SIGNAL_FLIP,-3.05,-3.05,-198.25,-198.25,True
NIF-2026-08-12-1243-546819,2026-08-12 12:43,NIFTY,NIFTY 24350 PE,PE,24350.0,65.0,134.7,135.05,12:52,POSITION_SIGNAL,0.35,0.35,22.75,22.75,True
NIF-2026-08-12-1254-aedda2,2026-08-12 12:54,NIFTY,NIFTY 24350 PE,PE,24350.0,65.0,139.4,135.85,13:02,POSITION_SIGNAL,-3.55,-3.55,-230.75,-230.75,True
NIF-2026-08-12-1303-b33caf,2026-08-12 13:03,NIFTY,NIFTY 24350 CE,CE,24350.0,65.0,130.65,129.6,13:05,SIGNAL_FLIP,-1.05,-1.05,-68.25,-68.25,True
NIF-2026-08-12-1312-fa3c2c,2026-08-12 13:12,NIFTY,NIFTY 24350 CE,CE,24350.0,65.0,131.8,135.35,13:23,SIGNAL_FLIP,3.55,3.55,230.75,230.75,True
NIF-2026-08-12-1325-955765,2026-08-12 13:25,NIFTY,NIFTY 24350 PE,PE,24350.0,65.0,129.25,127.0,13:30,SIGNAL_FLIP,-2.25,-2.25,-146.25,-146.25,True
NIF-2026-08-12-1335-cabc8d,2026-08-12 13:35,NIFTY,NIFTY 24350 CE,CE,24350.0,65.0,139.55,133.9,13:38,SIGNAL_FLIP,-5.65,-5.65,-367.25,-367.25,True
NIF-2026-08-12-1343-0b22e9,2026-08-12 13:43,NIFTY,NIFTY 24350 PE,PE,24350.0,65.0,131.8,129.15,13:51,POSITION_SIGNAL,-2.65,-2.65,-172.25,-172.25,True
NIF-2026-08-12-1356-1c82ec,2026-08-12 13:56,NIFTY,NIFTY 24350 PE,PE,24350.0,65.0,132.1,132.15,14:02,POSITION_SIGNAL,0.05,0.05,3.25,3.25,True
NIF-2026-08-12-1403-15a0d4,2026-08-12 14:03,NIFTY,NIFTY 24350 PE,PE,24350.0,65.0,133.85,131.5,14:10,SIGNAL_FLIP,-2.35,-2.35,-152.75,-152.75,True
NIF-2026-08-12-1412-bed28d,2026-08-12 14:12,NIFTY,NIFTY 24350 PE,PE,24350.0,65.0,136.25,130.1,14:16,POSITION_SIGNAL,-6.15,-6.15,-399.75,-399.75,True
NIF-2026-08-12-1418-2a9bbf,2026-08-12 14:18,NIFTY,NIFTY 24350 CE,CE,24350.0,65.0,130.25,150.6,14:36,POSITION_SIGNAL,20.35,20.35,1322.75,1322.75,True
NIF-2026-08-12-1438-a8f1a3,2026-08-12 14:38,NIFTY,NIFTY 24400 PE,PE,24400.0,65.0,132.75,125.3,14:43,SIGNAL_FLIP,-7.45,-7.45,-484.25,-484.25,True
NIF-2026-08-12-1447-d4631e,2026-08-12 14:47,NIFTY,NIFTY 24400 CE,CE,24400.0,65.0,127.8,121.8,14:49,SIGNAL_FLIP,-6.0,-6.0,-390.0,-390.0,True
NIF-2026-08-12-1452-b8feee,2026-08-12 14:52,NIFTY,NIFTY 24400 CE,CE,24400.0,65.0,125.25,146.3,14:59,POSITION_SIGNAL,21.05,21.05,1368.25,1368.25,True
NIF-2026-08-12-1500-c7c4ba,2026-08-12 15:00,NIFTY,NIFTY 24450 CE,CE,24450.0,65.0,121.1,116.15,15:03,POSITION_SIGNAL,-4.95,-4.95,-321.75,-321.75,True
NIF-2026-08-12-1505-3f1425,2026-08-12 15:05,NIFTY,NIFTY 24450 PE,PE,24450.0,65.0,136.5,130.15,15:11,SIGNAL_FLIP,-6.35,-6.35,-412.75,-412.75,True
NIF-2026-08-12-1521-833ee3,2026-08-12 15:21,NIFTY,NIFTY 24450 CE,CE,24450.0,65.0,121.0,118.7,15:27,POSITION_SIGNAL,-2.3,-2.3,-149.5,-149.5,True
SEN-2026-08-12-0926-6aa2fc,2026-08-12 09:26,SENSEX,SENSEX 78100 CE,CE,78100.0,20.0,270.85,280.75,09:32,POSITION_SIGNAL,9.9,9.9,198.0,198.0,True
SEN-2026-08-12-0935-b22129,2026-08-12 09:35,SENSEX,SENSEX 78100 CE,CE,78100.0,20.0,284.9,278.65,09:37,SIGNAL_FLIP,-6.25,-6.25,-125.0,-125.0,True
SEN-2026-08-12-0941-6ee644,2026-08-12 09:41,SENSEX,SENSEX 78100 CE,CE,78100.0,20.0,273.25,256.4,09:44,SIGNAL_FLIP,-16.85,-16.85,-337.0,-337.0,True
SEN-2026-08-12-0948-0e9e7a,2026-08-12 09:48,SENSEX,SENSEX 78000 PE,PE,78000.0,20.0,237.95,236.1,09:53,SIGNAL_FLIP,-1.85,-1.85,-37.0,-37.0,True
SEN-2026-08-12-0957-a32a7b,2026-08-12 09:57,SENSEX,SENSEX 78000 PE,PE,78000.0,20.0,248.7,305.55,10:11,POSITION_SIGNAL,56.85,56.85,1137.0,1137.0,True
SEN-2026-08-12-1013-d753cc,2026-08-12 10:13,SENSEX,SENSEX 77900 PE,PE,77900.0,20.0,269.3,251.5,10:19,SIGNAL_FLIP,-17.8,-17.8,-356.0,-356.0,True
SEN-2026-08-12-1024-1cdf71,2026-08-12 10:24,SENSEX,SENSEX 77900 PE,PE,77900.0,20.0,261.95,248.25,10:27,SIGNAL_FLIP,-13.7,-13.7,-274.0,-274.0,True
SEN-2026-08-12-1028-75b12d,2026-08-12 10:28,SENSEX,SENSEX 77900 PE,PE,77900.0,20.0,253.85,235.9,10:32,POSITION_SIGNAL,-17.95,-17.95,-359.0,-359.0,True
SEN-2026-08-12-1033-eec08d,2026-08-12 10:33,SENSEX,SENSEX 77900 CE,CE,77900.0,20.0,271.4,266.6,10:37,SIGNAL_FLIP,-4.8,-4.8,-96.0,-96.0,True
SEN-2026-08-12-1039-0957ae,2026-08-12 10:39,SENSEX,SENSEX 77900 PE,PE,77900.0,20.0,231.9,271.4,10:55,POSITION_SIGNAL,39.5,39.5,790.0,790.0,True
SEN-2026-08-12-1056-cfe9d4,2026-08-12 10:56,SENSEX,SENSEX 77800 PE,PE,77800.0,20.0,235.05,329.5,11:06,POSITION_SIGNAL,94.45,94.45,1889.0,1889.0,True
SEN-2026-08-12-1121-62ad40,2026-08-12 11:21,SENSEX,SENSEX 77700 CE,CE,77700.0,20.0,256.35,253.35,11:27,SIGNAL_FLIP,-3.0,-3.0,-60.0,-60.0,True
SEN-2026-08-12-1132-21c176,2026-08-12 11:32,SENSEX,SENSEX 77700 PE,PE,77700.0,20.0,262.7,260.15,11:34,POSITION_SIGNAL,-2.55,-2.55,-51.0,-51.0,True
SEN-2026-08-12-1135-b66870,2026-08-12 11:35,SENSEX,SENSEX 77700 CE,CE,77700.0,20.0,247.45,241.5,11:38,SIGNAL_FLIP,-5.95,-5.95,-119.0,-119.0,True
SEN-2026-08-12-1145-2a7385,2026-08-12 11:45,SENSEX,SENSEX 77700 CE,CE,77700.0,20.0,240.85,233.55,11:48,SIGNAL_FLIP,-7.3,-7.3,-146.0,-146.0,True
SEN-2026-08-12-1150-6b8212,2026-08-12 11:50,SENSEX,SENSEX 77700 PE,PE,77700.0,20.0,269.95,277.25,12:02,POSITION_SIGNAL,7.3,7.3,146.0,146.0,True
SEN-2026-08-12-1205-65a14a,2026-08-12 12:05,SENSEX,SENSEX 77600 PE,PE,77600.0,20.0,231.9,221.05,12:07,POSITION_SIGNAL,-10.85,-10.85,-217.0,-217.0,True
SEN-2026-08-12-1209-b8ce71,2026-08-12 12:09,SENSEX,SENSEX 77600 PE,PE,77600.0,20.0,227.65,224.75,12:17,SIGNAL_FLIP,-2.9,-2.9,-58.0,-58.0,True
SEN-2026-08-12-1222-573f97,2026-08-12 12:22,SENSEX,SENSEX 77600 PE,PE,77600.0,20.0,227.05,221.05,12:26,POSITION_SIGNAL,-6.0,-6.0,-120.0,-120.0,True
SEN-2026-08-12-1232-f6096a,2026-08-12 12:32,SENSEX,SENSEX 77600 PE,PE,77600.0,20.0,222.05,208.45,12:35,POSITION_SIGNAL,-13.6,-13.6,-272.0,-272.0,True
SEN-2026-08-12-1237-b7d51c,2026-08-12 12:37,SENSEX,SENSEX 77700 PE,PE,77700.0,20.0,260.8,261.45,12:41,SIGNAL_FLIP,0.65,0.65,13.0,13.0,True
SEN-2026-08-12-1243-2d610c,2026-08-12 12:43,SENSEX,SENSEX 77700 PE,PE,77700.0,20.0,265.6,263.65,12:51,POSITION_SIGNAL,-1.95,-1.95,-39.0,-39.0,True
SEN-2026-08-12-1254-fbb0e7,2026-08-12 12:54,SENSEX,SENSEX 77600 PE,PE,77600.0,20.0,221.85,218.55,13:01,POSITION_SIGNAL,-3.3,-3.3,-66.0,-66.0,True
SEN-2026-08-12-1303-72c770,2026-08-12 13:03,SENSEX,SENSEX 77600 CE,CE,77600.0,20.0,254.4,250.35,13:05,SIGNAL_FLIP,-4.05,-4.05,-81.0,-81.0,True
SEN-2026-08-12-1307-136860,2026-08-12 13:07,SENSEX,SENSEX 77600 PE,PE,77600.0,20.0,219.6,214.6,13:10,POSITION_SIGNAL,-5.0,-5.0,-100.0,-100.0,True
SEN-2026-08-12-1317-c5e818,2026-08-12 13:17,SENSEX,SENSEX 77700 CE,CE,77700.0,20.0,220.6,225.35,13:22,SIGNAL_FLIP,4.75,4.75,95.0,95.0,True
SEN-2026-08-12-1327-849690,2026-08-12 13:27,SENSEX,SENSEX 77700 PE,PE,77700.0,20.0,247.45,237.1,13:30,SIGNAL_FLIP,-10.35,-10.35,-207.0,-207.0,True
SEN-2026-08-12-1332-c3117a,2026-08-12 13:32,SENSEX,SENSEX 77700 CE,CE,77700.0,20.0,224.2,217.95,13:38,POSITION_SIGNAL,-6.25,-6.25,-125.0,-125.0,True
SEN-2026-08-31-1003-e02734,2026-08-31 10:03,SENSEX,SENSEX 77000 PE,PE,77000.0,20.0,382.95,362.0,10:05,SIGNAL_FLIP,-20.95,-20.95,-419.0,-419.0,True
SEN-2026-08-12-1339-98aeb6,2026-08-12 13:39,SENSEX,SENSEX 77700 PE,PE,77700.0,20.0,245.1,231.15,13:41,SIGNAL_FLIP,-13.95,-13.95,-279.0,-279.0,True
SEN-2026-08-12-1343-e2bce9,2026-08-12 13:43,SENSEX,SENSEX 77700 PE,PE,77700.0,20.0,249.9,241.0,13:51,POSITION_SIGNAL,-8.9,-8.9,-178.0,-178.0,True
SEN-2026-08-12-1355-4949ad,2026-08-12 13:55,SENSEX,SENSEX 77700 PE,PE,77700.0,20.0,249.6,252.35,14:02,POSITION_SIGNAL,2.75,2.75,55.0,55.0,True
SEN-2026-08-12-1403-5335de,2026-08-12 14:03,SENSEX,SENSEX 77600 PE,PE,77600.0,20.0,206.45,204.25,14:09,POSITION_SIGNAL,-2.2,-2.2,-44.0,-44.0,True
SEN-2026-08-12-1414-877a97,2026-08-12 14:14,SENSEX,SENSEX 77600 PE,PE,77600.0,20.0,209.45,193.3,14:16,POSITION_SIGNAL,-16.15,-16.15,-323.0,-323.0,True
SEN-2026-08-12-1418-ed613f,2026-08-12 14:18,SENSEX,SENSEX 77700 CE,CE,77700.0,20.0,208.25,274.35,14:36,SIGNAL_FLIP,66.1,66.1,1322.0,1322.0,True
SEN-2026-08-12-1440-e8d290,2026-08-12 14:40,SENSEX,SENSEX 77800 CE,CE,77800.0,20.0,224.65,225.1,14:49,POSITION_SIGNAL,0.45,0.45,9.0,9.0,True
SEN-2026-08-12-1451-8f03ff,2026-08-12 14:51,SENSEX,SENSEX 77800 PE,PE,77800.0,20.0,206.15,201.4,14:52,SIGNAL_FLIP,-4.75,-4.75,-95.0,-95.0,True
SEN-2026-08-12-1454-e76c73,2026-08-12 14:54,SENSEX,SENSEX 77900 CE,CE,77900.0,20.0,228.0,244.35,15:03,POSITION_SIGNAL,16.35,16.35,327.0,327.0,True
SEN-2026-08-12-1510-055e71,2026-08-12 15:10,SENSEX,SENSEX 78000 CE,CE,78000.0,20.0,199.25,196.25,15:17,POSITION_SIGNAL,-3.0,-3.0,-60.0,-60.0,True
SEN-2026-08-12-1522-a3bba0,2026-08-12 15:22,SENSEX,SENSEX 78000 CE,CE,78000.0,20.0,221.7,217.15,15:26,POSITION_SIGNAL,-4.55,-4.55,-91.0,-91.0,True
NIF-2026-08-13-1212-8c6746,2026-08-13 12:12,NIFTY,NIFTY 24450 PE,PE,24450.0,65.0,103.55,101.75,12:23,SIGNAL_FLIP,-1.8,-1.8,-117.0,-117.0,True
NIF-2026-08-13-1234-ba2c4d,2026-08-13 12:34,NIFTY,NIFTY 24450 CE,CE,24450.0,65.0,105.9,100.8,12:38,SIGNAL_FLIP,-5.1,-5.1,-331.5,-331.5,True
NIF-2026-08-13-1241-947966,2026-08-13 12:41,NIFTY,NIFTY 24450 CE,CE,24450.0,65.0,108.35,103.8,12:44,POSITION_SIGNAL,-4.55,-4.55,-295.75,-295.75,True
NIF-2026-08-13-1301-7fa4a7,2026-08-13 13:01,NIFTY,NIFTY 24450 CE,CE,24450.0,65.0,94.35,91.65,13:05,POSITION_SIGNAL,-2.7,-2.7,-175.5,-175.5,True
NIF-2026-08-13-1307-d5979d,2026-08-13 13:07,NIFTY,NIFTY 24450 CE,CE,24450.0,65.0,92.65,91.8,13:14,POSITION_SIGNAL,-0.85,-0.85,-55.25,-55.25,True
NIF-2026-08-13-1315-12cf09,2026-08-13 13:15,NIFTY,NIFTY 24450 CE,CE,24450.0,65.0,93.4,92.0,13:23,SIGNAL_FLIP,-1.4,-1.4,-91.0,-91.0,True
NIF-2026-08-13-1330-4b7775,2026-08-13 13:30,NIFTY,NIFTY 24400 PE,PE,24400.0,65.0,92.6,89.1,13:33,SIGNAL_FLIP,-3.5,-3.5,-227.5,-227.5,True
NIF-2026-08-13-1337-a3b4ea,2026-08-13 13:37,NIFTY,NIFTY 24450 CE,CE,24450.0,65.0,92.2,101.5,13:47,POSITION_SIGNAL,9.3,9.3,604.5,604.5,True
NIF-2026-08-13-1353-063dc3,2026-08-13 13:53,NIFTY,NIFTY 24450 CE,CE,24450.0,65.0,101.45,105.25,13:59,POSITION_SIGNAL,3.8,3.8,247.0,247.0,True
NIF-2026-08-13-1402-22761b,2026-08-13 14:02,NIFTY,NIFTY 24450 PE,PE,24450.0,65.0,100.35,107.9,14:16,SIGNAL_FLIP,7.55,7.55,490.75,490.75,True
NIF-2026-08-13-1424-bf90b5,2026-08-13 14:24,NIFTY,NIFTY 24450 CE,CE,24450.0,65.0,98.3,96.8,14:32,SIGNAL_FLIP,-1.5,-1.5,-97.5,-97.5,True
NIF-2026-08-13-1435-dd9746,2026-08-13 14:35,NIFTY,NIFTY 24450 CE,CE,24450.0,65.0,98.45,99.3,14:44,POSITION_SIGNAL,0.85,0.85,55.25,55.25,True
NIF-2026-08-13-1445-a8d38c,2026-08-13 14:45,NIFTY,NIFTY 24450 PE,PE,24450.0,65.0,101.9,107.8,14:55,SIGNAL_FLIP,5.9,5.9,383.5,383.5,True
NIF-2026-08-13-1458-a2a064,2026-08-13 14:58,NIFTY,NIFTY 24450 PE,PE,24450.0,65.0,110.9,106.15,15:02,SIGNAL_FLIP,-4.75,-4.75,-308.75,-308.75,True
NIF-2026-08-13-1506-e8db91,2026-08-13 15:06,NIFTY,NIFTY 24450 PE,PE,24450.0,65.0,108.75,106.2,15:13,SIGNAL_FLIP,-2.55,-2.55,-165.75,-165.75,True
NIF-2026-08-13-1523-e6cad1,2026-08-13 15:23,NIFTY,NIFTY 24450 PE,PE,24450.0,65.0,107.15,107.0,15:28,POSITION_SIGNAL,-0.15,-0.15,-9.75,-9.75,True
NIF-2026-08-14-1137-ea3f16,2026-08-14 11:37,NIFTY,NIFTY 24350 PE,PE,24350.0,65.0,90.1,85.2,11:41,SIGNAL_FLIP,-4.9,-4.9,-318.5,-318.5,True
SEN-2026-08-13-1215-43eb2d,2026-08-13 12:15,SENSEX,SENSEX 78000 CE,CE,78000.0,20.0,123.0,101.45,12:18,STOP_LOSS,-21.55,-21.55,-431.0,-431.0,True
SEN-2026-08-13-1221-13cc74,2026-08-13 12:21,SENSEX,SENSEX 78000 CE,CE,78000.0,20.0,109.85,113.85,12:28,POSITION_SIGNAL,4.0,4.0,80.0,80.0,True
SEN-2026-08-13-1232-062c39,2026-08-13 12:32,SENSEX,SENSEX 78000 CE,CE,78000.0,20.0,112.35,94.25,12:38,SIGNAL_FLIP,-18.1,-18.1,-362.0,-362.0,True
SEN-2026-08-13-1241-e92f20,2026-08-13 12:41,SENSEX,SENSEX 78000 CE,CE,78000.0,20.0,122.25,109.2,12:42,STOP_LOSS,-13.05,-13.05,-261.0,-261.0,True
SEN-2026-08-13-1248-e94bfe,2026-08-13 12:48,SENSEX,SENSEX 78000 PE,PE,78000.0,20.0,128.75,136.3,12:53,SIGNAL_FLIP,7.55,7.55,151.0,151.0,True
SEN-2026-08-13-1255-1f4016,2026-08-13 12:55,SENSEX,SENSEX 77900 CE,CE,77900.0,20.0,117.45,102.1,12:57,STOP_LOSS,-15.35,-15.35,-307.0,-307.0,True
SEN-2026-08-13-1300-925b22,2026-08-13 13:00,SENSEX,SENSEX 77900 CE,CE,77900.0,20.0,117.05,104.0,13:03,STOP_LOSS,-13.05,-13.05,-261.0,-261.0,True
SEN-2026-08-13-1305-ab360f,2026-08-13 13:05,SENSEX,SENSEX 77900 PE,PE,77900.0,20.0,95.85,89.75,13:08,POSITION_SIGNAL,-6.1,-6.1,-122.0,-122.0,True
SEN-2026-08-13-1319-8d7e71,2026-08-13 13:19,SENSEX,SENSEX 77900 CE,CE,77900.0,20.0,93.4,82.3,13:24,STOP_LOSS,-11.1,-11.1,-222.0,-222.0,True
SEN-2026-08-13-1326-3553b1,2026-08-13 13:26,SENSEX,SENSEX 77900 PE,PE,77900.0,20.0,112.15,98.9,13:27,STOP_LOSS,-13.25,-13.25,-265.0,-265.0,True
SEN-2026-08-13-1328-a2de72,2026-08-13 13:28,SENSEX,SENSEX 77900 CE,CE,77900.0,20.0,84.65,70.6,13:31,STOP_LOSS,-14.05,-14.05,-281.0,-281.0,True
SEN-2026-08-13-1337-9f0c66,2026-08-13 13:37,SENSEX,SENSEX 77900 CE,CE,77900.0,20.0,83.45,123.9,13:51,POSITION_SIGNAL,40.45,40.45,809.0,809.0,True
SEN-2026-08-13-1352-28f04b,2026-08-13 13:52,SENSEX,SENSEX 78000 CE,CE,78000.0,20.0,80.0,88.25,13:59,POSITION_SIGNAL,8.25,8.25,165.0,165.0,True
SEN-2026-08-13-1409-e903c5,2026-08-13 14:09,SENSEX,SENSEX 77900 PE,PE,77900.0,20.0,86.85,82.4,14:16,POSITION_SIGNAL,-4.45,-4.45,-89.0,-89.0,True
SEN-2026-08-13-1418-b2bbc1,2026-08-13 14:18,SENSEX,SENSEX 77900 PE,PE,77900.0,20.0,91.65,70.65,14:20,SIGNAL_FLIP,-21.0,-21.0,-420.0,-420.0,True
SEN-2026-08-13-1437-c07769,2026-08-13 14:37,SENSEX,SENSEX 77900 CE,CE,77900.0,20.0,81.6,73.3,14:44,STOP_LOSS,-8.3,-8.3,-166.0,-166.0,True
SEN-2026-08-13-1446-ee9d0d,2026-08-13 14:46,SENSEX,SENSEX 77900 PE,PE,77900.0,20.0,80.95,74.85,14:47,SIGNAL_FLIP,-6.1,-6.1,-122.0,-122.0,True
SEN-2026-08-13-1448-3fa4fc,2026-08-13 14:48,SENSEX,SENSEX 77900 PE,PE,77900.0,20.0,85.05,75.3,14:50,STOP_LOSS,-9.75,-9.75,-195.0,-195.0,True
SEN-2026-08-13-1453-131730,2026-08-13 14:53,SENSEX,SENSEX 77900 PE,PE,77900.0,20.0,88.5,65.0,14:55,STOP_LOSS,-23.5,-23.5,-470.0,-470.0,True
SEN-2026-08-13-1458-e0e1d6,2026-08-13 14:58,SENSEX,SENSEX 77900 PE,PE,77900.0,20.0,82.4,64.85,15:02,STOP_LOSS,-17.55,-17.55,-351.0,-351.0,True
SEN-2026-08-13-1511-82edb3,2026-08-13 15:11,SENSEX,SENSEX 77900 PE,PE,77900.0,20.0,84.95,74.45,15:12,STOP_LOSS,-10.5,-10.5,-210.0,-210.0,True
NIF-2026-08-14-0927-e69696,2026-08-14 09:27,NIFTY,NIFTY 24350 PE,PE,24350.0,65.0,89.8,86.2,09:33,POSITION_SIGNAL,-3.6,-3.6,-234.0,-234.0,True
NIF-2026-08-14-0935-00d554,2026-08-14 09:35,NIFTY,NIFTY 24350 CE,CE,24350.0,65.0,104.05,104.6,09:42,SIGNAL_FLIP,0.55,0.55,35.75,35.75,True
NIF-2026-08-14-0954-6a4e2a,2026-08-14 09:54,NIFTY,NIFTY 24350 PE,PE,24350.0,65.0,84.9,81.75,09:58,POSITION_SIGNAL,-3.15,-3.15,-204.75,-204.75,True
NIF-2026-08-14-0959-4a6194,2026-08-14 09:59,NIFTY,NIFTY 24350 CE,CE,24350.0,65.0,103.9,104.1,10:06,POSITION_SIGNAL,0.2,0.2,13.0,13.0,True
NIF-2026-08-14-1007-d8a2d2,2026-08-14 10:07,NIFTY,NIFTY 24400 CE,CE,24400.0,65.0,81.9,78.75,10:13,SIGNAL_FLIP,-3.15,-3.15,-204.75,-204.75,True
NIF-2026-08-14-1018-454b4d,2026-08-14 10:18,NIFTY,NIFTY 24400 CE,CE,24400.0,65.0,80.25,76.25,10:20,SIGNAL_FLIP,-4.0,-4.0,-260.0,-260.0,True
NIF-2026-08-14-1025-ca727a,2026-08-14 10:25,NIFTY,NIFTY 24350 CE,CE,24350.0,65.0,101.0,99.0,10:30,SIGNAL_FLIP,-2.0,-2.0,-130.0,-130.0,True
NIF-2026-08-14-1047-ac95a1,2026-08-14 10:47,NIFTY,NIFTY 24350 CE,CE,24350.0,65.0,95.05,95.15,10:56,SIGNAL_FLIP,0.1,0.1,6.5,6.5,True
NIF-2026-08-14-1103-72856f,2026-08-14 11:03,NIFTY,NIFTY 24350 CE,CE,24350.0,65.0,88.35,88.1,11:07,POSITION_SIGNAL,-0.25,-0.25,-16.25,-16.25,True
NIF-2026-08-14-1108-fe4aae,2026-08-14 11:08,NIFTY,NIFTY 24350 PE,PE,24350.0,65.0,88.7,85.2,11:18,POSITION_SIGNAL,-3.5,-3.5,-227.5,-227.5,True
NIF-2026-08-14-1119-e6814f,2026-08-14 11:19,NIFTY,NIFTY 24350 CE,CE,24350.0,65.0,93.95,92.2,11:22,SIGNAL_FLIP,-1.75,-1.75,-113.75,-113.75,True
NIF-2026-08-14-1123-52cb72,2026-08-14 11:23,NIFTY,NIFTY 24350 CE,CE,24350.0,65.0,94.45,92.45,11:24,SIGNAL_FLIP,-2.0,-2.0,-130.0,-130.0,True
NIF-2026-08-14-1153-bcb7b2,2026-08-14 11:53,NIFTY,NIFTY 24350 CE,CE,24350.0,65.0,94.0,92.45,11:56,SIGNAL_FLIP,-1.55,-1.55,-100.75,-100.75,True
NIF-2026-08-14-1201-a2f2ec,2026-08-14 12:01,NIFTY,NIFTY 24350 PE,PE,24350.0,65.0,84.7,81.75,12:06,SIGNAL_FLIP,-2.95,-2.95,-191.75,-191.75,True
NIF-2026-08-14-1211-da6573,2026-08-14 12:11,NIFTY,NIFTY 24350 CE,CE,24350.0,65.0,96.15,98.55,12:27,POSITION_SIGNAL,2.4,2.4,156.0,156.0,True
NIF-2026-08-14-1238-86ee78,2026-08-14 12:38,NIFTY,NIFTY 24350 CE,CE,24350.0,65.0,98.1,94.3,12:42,POSITION_SIGNAL,-3.8,-3.8,-247.0,-247.0,True
NIF-2026-08-14-1247-64fcd3,2026-08-14 12:47,NIFTY,NIFTY 24350 CE,CE,24350.0,65.0,94.05,98.85,12:58,POSITION_SIGNAL,4.8,4.8,312.0,312.0,True
NIF-2026-08-14-1310-c3b1ac,2026-08-14 13:10,NIFTY,NIFTY 24400 CE,CE,24400.0,65.0,74.0,73.5,13:16,SIGNAL_FLIP,-0.5,-0.5,-32.5,-32.5,True
NIF-2026-08-14-1326-842f9d,2026-08-14 13:26,NIFTY,NIFTY 24350 PE,PE,24350.0,65.0,72.75,70.7,13:29,SIGNAL_FLIP,-2.05,-2.05,-133.25,-133.25,True
NIF-2026-08-14-1333-3a9b03,2026-08-14 13:33,NIFTY,NIFTY 24350 PE,PE,24350.0,65.0,76.3,75.45,13:38,SIGNAL_FLIP,-0.85,-0.85,-55.25,-55.25,True
NIF-2026-08-14-1341-6c9bff,2026-08-14 13:41,NIFTY,NIFTY 24400 CE,CE,24400.0,65.0,75.45,101.1,13:52,POSITION_SIGNAL,25.65,25.65,1667.25,1667.25,True
NIF-2026-08-14-1358-be12e4,2026-08-14 13:58,NIFTY,NIFTY 24450 CE,CE,24450.0,65.0,78.8,78.25,14:05,POSITION_SIGNAL,-0.55,-0.55,-35.75,-35.75,True
NIF-2026-08-14-1406-ad36e7,2026-08-14 14:06,NIFTY,NIFTY 24450 PE,PE,24450.0,65.0,97.3,95.4,14:09,POSITION_SIGNAL,-1.9,-1.9,-123.5,-123.5,True
NIF-2026-08-14-1417-2d41ff,2026-08-14 14:17,NIFTY,NIFTY 24450 CE,CE,24450.0,65.0,73.8,71.6,14:19,POSITION_SIGNAL,-2.2,-2.2,-143.0,-143.0,True
NIF-2026-08-14-1425-79a185,2026-08-14 14:25,NIFTY,NIFTY 24400 CE,CE,24400.0,65.0,96.45,92.65,14:28,POSITION_SIGNAL,-3.8,-3.8,-247.0,-247.0,True
SEN-2026-08-14-1045-ea1d16,2026-08-14 10:45,SENSEX,SENSEX 77900 CE,CE,77900.0,20.0,410.7,415.7,10:57,POSITION_SIGNAL,5.0,5.0,100.0,100.0,True
NIF-2026-08-14-1431-52a265,2026-08-14 14:31,NIFTY,NIFTY 24400 CE,CE,24400.0,65.0,94.95,93.7,14:35,POSITION_SIGNAL,-1.25,-1.25,-81.25,-81.25,True
NIF-2026-08-14-1440-d939af,2026-08-14 14:40,NIFTY,NIFTY 24400 CE,CE,24400.0,65.0,94.3,91.95,14:48,POSITION_SIGNAL,-2.35,-2.35,-152.75,-152.75,True
NIF-2026-08-14-1451-1b90c7,2026-08-14 14:51,NIFTY,NIFTY 24450 CE,CE,24450.0,65.0,72.8,74.35,14:58,POSITION_SIGNAL,1.55,1.55,100.75,100.75,True
NIF-2026-08-14-1505-6f0200,2026-08-14 15:05,NIFTY,NIFTY 24450 PE,PE,24450.0,65.0,94.65,93.45,15:08,SIGNAL_FLIP,-1.2,-1.2,-78.0,-78.0,True
NIF-2026-08-14-1512-694484,2026-08-14 15:12,NIFTY,NIFTY 24450 CE,CE,24450.0,65.0,72.1,68.9,15:17,POSITION_SIGNAL,-3.2,-3.2,-208.0,-208.0,True
NIF-2026-08-14-1520-260fe2,2026-08-14 15:20,NIFTY,NIFTY 24450 CE,CE,24450.0,65.0,73.4,72.2,15:23,POSITION_SIGNAL,-1.2,-1.2,-78.0,-78.0,True
NIF-2026-08-14-1529-abb020,2026-08-14 15:29,NIFTY,NIFTY 24400 PE,PE,24400.0,65.0,71.95,,,STILL_OPEN,,,,,True
SEN-2026-08-14-0925-7a67b5,2026-08-14 09:25,SENSEX,SENSEX 77900 PE,PE,77900.0,20.0,418.2,405.0,09:33,POSITION_SIGNAL,-13.2,-13.2,-264.0,-264.0,True
SEN-2026-08-14-0934-b45b5a,2026-08-14 09:34,SENSEX,SENSEX 78000 CE,CE,78000.0,20.0,406.0,404.85,09:42,SIGNAL_FLIP,-1.15,-1.15,-23.0,-23.0,True
SEN-2026-08-14-0946-fb49c7,2026-08-14 09:46,SENSEX,SENSEX 78000 CE,CE,78000.0,20.0,416.25,395.8,09:53,POSITION_SIGNAL,-20.45,-20.45,-409.0,-409.0,True
SEN-2026-08-14-0954-caeb73,2026-08-14 09:54,SENSEX,SENSEX 78000 PE,PE,78000.0,20.0,440.0,433.2,09:58,SIGNAL_FLIP,-6.8,-6.8,-136.0,-136.0,True
SEN-2026-08-14-1000-8b5c0d,2026-08-14 10:00,SENSEX,SENSEX 78000 CE,CE,78000.0,20.0,409.1,402.3,10:13,SIGNAL_FLIP,-6.8,-6.8,-136.0,-136.0,True
SEN-2026-08-14-1020-144514,2026-08-14 10:20,SENSEX,SENSEX 78000 PE,PE,78000.0,20.0,425.0,422.05,10:25,SIGNAL_FLIP,-2.95,-2.95,-59.0,-59.0,True
SEN-2026-08-14-1031-a9398d,2026-08-14 10:31,SENSEX,SENSEX 77900 PE,PE,77900.0,20.0,409.45,426.65,10:37,SIGNAL_FLIP,17.2,17.2,344.0,344.0,True
SEN-2026-08-14-1058-92a8c8,2026-08-14 10:58,SENSEX,SENSEX 77900 PE,PE,77900.0,20.0,395.75,395.0,11:04,SIGNAL_FLIP,-0.75,-0.75,-15.0,-15.0,True
SEN-2026-08-14-1107-19ed39,2026-08-14 11:07,SENSEX,SENSEX 77900 PE,PE,77900.0,20.0,406.7,401.85,11:15,POSITION_SIGNAL,-4.85,-4.85,-97.0,-97.0,True
SEN-2026-08-14-1119-6ed0ba,2026-08-14 11:19,SENSEX,SENSEX 77900 CE,CE,77900.0,20.0,423.4,416.95,11:24,SIGNAL_FLIP,-6.45,-6.45,-129.0,-129.0,True
SEN-2026-08-14-1137-1c0a75,2026-08-14 11:37,SENSEX,SENSEX 77900 PE,PE,77900.0,20.0,415.0,399.95,11:41,SIGNAL_FLIP,-15.05,-15.05,-301.0,-301.0,True
SEN-2026-08-14-1143-295c64,2026-08-14 11:43,SENSEX,SENSEX 77900 CE,CE,77900.0,20.0,404.15,401.2,11:49,SIGNAL_FLIP,-2.95,-2.95,-59.0,-59.0,True
SEN-2026-08-14-1152-b463ab,2026-08-14 11:52,SENSEX,SENSEX 77900 CE,CE,77900.0,20.0,412.3,403.5,11:57,SIGNAL_FLIP,-8.8,-8.8,-176.0,-176.0,True
SEN-2026-08-14-1200-2766b9,2026-08-14 12:00,SENSEX,SENSEX 77900 CE,CE,77900.0,20.0,408.8,399.3,12:01,SIGNAL_FLIP,-9.5,-9.5,-190.0,-190.0,True
SEN-2026-08-14-1206-ced6c7,2026-08-14 12:06,SENSEX,SENSEX 77900 CE,CE,77900.0,20.0,413.6,431.55,12:27,POSITION_SIGNAL,17.95,17.95,359.0,359.0,True
SEN-2026-08-14-1236-1a7e1f,2026-08-14 12:36,SENSEX,SENSEX 78000 CE,CE,78000.0,20.0,378.0,369.5,12:42,SIGNAL_FLIP,-8.5,-8.5,-170.0,-170.0,True
SEN-2026-08-14-1248-77463f,2026-08-14 12:48,SENSEX,SENSEX 78000 CE,CE,78000.0,20.0,377.0,382.55,13:03,POSITION_SIGNAL,5.55,5.55,111.0,111.0,True
SEN-2026-08-14-1314-1f4b98,2026-08-14 13:14,SENSEX,SENSEX 78000 CE,CE,78000.0,20.0,386.8,379.25,13:25,POSITION_SIGNAL,-7.55,-7.55,-151.0,-151.0,True
SEN-2026-08-14-1329-e5baba,2026-08-14 13:29,SENSEX,SENSEX 78000 CE,CE,78000.0,20.0,381.25,367.4,13:32,POSITION_SIGNAL,-13.85,-13.85,-277.0,-277.0,True
SEN-2026-08-14-1335-616a58,2026-08-14 13:35,SENSEX,SENSEX 77900 PE,PE,77900.0,20.0,379.95,367.35,13:38,SIGNAL_FLIP,-12.6,-12.6,-252.0,-252.0,True
SEN-2026-08-14-1350-b242b6,2026-08-14 13:50,SENSEX,SENSEX 78200 CE,CE,78200.0,20.0,391.15,378.9,13:53,POSITION_SIGNAL,-12.25,-12.25,-245.0,-245.0,True
SEN-2026-08-14-1355-83dc53,2026-08-14 13:55,SENSEX,SENSEX 78200 CE,CE,78200.0,20.0,378.0,368.1,13:57,POSITION_SIGNAL,-9.9,-9.9,-198.0,-198.0,True
SEN-2026-08-14-1358-29f225,2026-08-14 13:58,SENSEX,SENSEX 78200 CE,CE,78200.0,20.0,382.0,378.05,14:06,POSITION_SIGNAL,-3.95,-3.95,-79.0,-79.0,True
SEN-2026-08-14-1416-06eb81,2026-08-14 14:16,SENSEX,SENSEX 78200 CE,CE,78200.0,20.0,381.0,366.25,14:19,POSITION_SIGNAL,-14.75,-14.75,-295.0,-295.0,True
SEN-2026-08-14-1425-3b62a2,2026-08-14 14:25,SENSEX,SENSEX 78200 CE,CE,78200.0,20.0,363.95,359.35,14:34,POSITION_SIGNAL,-4.6,-4.6,-92.0,-92.0,True
SEN-2026-08-14-1441-e694c7,2026-08-14 14:41,SENSEX,SENSEX 78100 CE,CE,78100.0,20.0,412.55,405.75,14:47,POSITION_SIGNAL,-6.8,-6.8,-136.0,-136.0,True
SEN-2026-08-14-1450-c76b9f,2026-08-14 14:50,SENSEX,SENSEX 78100 CE,CE,78100.0,20.0,415.7,425.45,14:59,POSITION_SIGNAL,9.75,9.75,195.0,195.0,True
SEN-2026-08-14-1500-37e2d0,2026-08-14 15:00,SENSEX,SENSEX 78200 PE,PE,78200.0,20.0,405.55,396.65,15:03,SIGNAL_FLIP,-8.9,-8.9,-178.0,-178.0,True
SEN-2026-08-14-1505-b738ea,2026-08-14 15:05,SENSEX,SENSEX 78200 PE,PE,78200.0,20.0,408.45,397.8,15:08,SIGNAL_FLIP,-10.65,-10.65,-213.0,-213.0,True
SEN-2026-08-14-1512-4be099,2026-08-14 15:12,SENSEX,SENSEX 78200 CE,CE,78200.0,20.0,376.4,373.45,15:18,POSITION_SIGNAL,-2.95,-2.95,-59.0,-59.0,True
SEN-2026-08-14-1529-a85fd3,2026-08-14 15:29,SENSEX,SENSEX 78200 PE,PE,78200.0,20.0,409.75,,,STILL_OPEN,,,,,True
NIF-2026-08-17-0919-dc119d,2026-08-17 09:19,NIFTY,NIFTY 24300 PE,PE,24300.0,65.0,59.65,58.85,09:23,POSITION_SIGNAL,-0.8,-0.8,-52.0,-52.0,True
NIF-2026-08-17-0925-cd8ffd,2026-08-17 09:25,NIFTY,NIFTY 24300 CE,CE,24300.0,65.0,73.4,70.8,09:30,POSITION_SIGNAL,-2.6,-2.6,-169.0,-169.0,True
NIF-2026-08-17-0933-7aaad9,2026-08-17 09:33,NIFTY,NIFTY 24300 PE,PE,24300.0,65.0,64.0,61.6,09:37,POSITION_SIGNAL,-2.4,-2.4,-156.0,-156.0,True
NIF-2026-08-17-0938-eb0ee3,2026-08-17 09:38,NIFTY,NIFTY 24300 CE,CE,24300.0,65.0,71.45,68.25,09:45,SIGNAL_FLIP,-3.2,-3.2,-208.0,-208.0,True
NIF-2026-08-17-0950-7d6499,2026-08-17 09:50,NIFTY,NIFTY 24300 CE,CE,24300.0,65.0,70.05,65.9,09:54,SIGNAL_FLIP,-4.15,-4.15,-269.75,-269.75,True
NIF-2026-08-17-1010-362d28,2026-08-17 10:10,NIFTY,NIFTY 24300 PE,PE,24300.0,65.0,60.25,71.85,10:28,POSITION_SIGNAL,11.6,11.6,754.0,754.0,True
NIF-2026-08-17-1031-c12b4c,2026-08-17 10:31,NIFTY,NIFTY 24300 PE,PE,24300.0,65.0,74.1,83.2,10:50,POSITION_SIGNAL,9.1,9.1,591.5,591.5,True
NIF-2026-08-17-1056-24689d,2026-08-17 10:56,NIFTY,NIFTY 24250 PE,PE,24250.0,65.0,55.8,54.65,10:58,POSITION_SIGNAL,-1.15,-1.15,-74.75,-74.75,True
NIF-2026-08-17-1100-d526cd,2026-08-17 11:00,NIFTY,NIFTY 24250 PE,PE,24250.0,65.0,59.65,54.0,11:04,POSITION_SIGNAL,-5.65,-5.65,-367.25,-367.25,True
NIF-2026-08-17-1113-462900,2026-08-17 11:13,NIFTY,NIFTY 24250 PE,PE,24250.0,65.0,58.3,57.15,11:19,POSITION_SIGNAL,-1.15,-1.15,-74.75,-74.75,True
NIF-2026-08-17-1121-3701d0,2026-08-17 11:21,NIFTY,NIFTY 24250 PE,PE,24250.0,65.0,57.8,55.05,11:26,POSITION_SIGNAL,-2.75,-2.75,-178.75,-178.75,True
NIF-2026-08-17-1132-d93761,2026-08-17 11:32,NIFTY,NIFTY 24250 CE,CE,24250.0,65.0,75.15,74.05,11:39,SIGNAL_FLIP,-1.1,-1.1,-71.5,-71.5,True
NIF-2026-08-17-1141-ee50cf,2026-08-17 11:41,NIFTY,NIFTY 24300 CE,CE,24300.0,65.0,50.9,50.05,11:44,SIGNAL_FLIP,-0.85,-0.85,-55.25,-55.25,True
NIF-2026-08-17-1147-89e4b2,2026-08-17 11:47,NIFTY,NIFTY 24300 CE,CE,24300.0,65.0,51.65,56.85,11:55,SIGNAL_FLIP,5.2,5.2,338.0,338.0,True
NIF-2026-08-17-1200-5d6015,2026-08-17 12:00,NIFTY,NIFTY 24300 CE,CE,24300.0,65.0,57.15,55.7,12:05,SIGNAL_FLIP,-1.45,-1.45,-94.25,-94.25,True
NIF-2026-08-17-1212-9f2824,2026-08-17 12:12,NIFTY,NIFTY 24300 CE,CE,24300.0,65.0,53.8,100.1,12:56,POSITION_SIGNAL,46.3,46.3,3009.5,3009.5,True
NIF-2026-08-17-1302-97f088,2026-08-17 13:02,NIFTY,NIFTY 24400 CE,CE,24400.0,65.0,53.75,53.35,13:08,POSITION_SIGNAL,-0.4,-0.4,-26.0,-26.0,True
NIF-2026-08-17-1309-c36c08,2026-08-17 13:09,NIFTY,NIFTY 24400 PE,PE,24400.0,65.0,73.1,69.65,13:12,SIGNAL_FLIP,-3.45,-3.45,-224.25,-224.25,True
NIF-2026-08-17-1317-93379a,2026-08-17 13:17,NIFTY,NIFTY 24400 CE,CE,24400.0,65.0,55.8,55.85,13:19,POSITION_SIGNAL,0.05,0.05,3.25,3.25,True
NIF-2026-08-17-1320-47d284,2026-08-17 13:20,NIFTY,NIFTY 24400 CE,CE,24400.0,65.0,56.85,52.35,13:24,POSITION_SIGNAL,-4.5,-4.5,-292.5,-292.5,True
NIF-2026-08-17-1327-44175f,2026-08-17 13:27,NIFTY,NIFTY 24400 CE,CE,24400.0,65.0,54.75,53.85,13:33,POSITION_SIGNAL,-0.9,-0.9,-58.5,-58.5,True
NIF-2026-08-17-1336-9a8ad9,2026-08-17 13:36,NIFTY,NIFTY 24400 PE,PE,24400.0,65.0,71.0,66.15,13:41,SIGNAL_FLIP,-4.85,-4.85,-315.25,-315.25,True
NIF-2026-08-17-1346-5dffc9,2026-08-17 13:46,NIFTY,NIFTY 24400 CE,CE,24400.0,65.0,56.55,52.25,13:48,POSITION_SIGNAL,-4.3,-4.3,-279.5,-279.5,True
NIF-2026-08-17-1349-3ca5e9,2026-08-17 13:49,NIFTY,NIFTY 24400 PE,PE,24400.0,65.0,68.1,70.35,13:55,POSITION_SIGNAL,2.25,2.25,146.25,146.25,True
NIF-2026-08-17-1359-9ed279,2026-08-17 13:59,NIFTY,NIFTY 24400 CE,CE,24400.0,65.0,48.85,50.1,14:05,POSITION_SIGNAL,1.25,1.25,81.25,81.25,True
NIF-2026-08-17-1407-6f0bb9,2026-08-17 14:07,NIFTY,NIFTY 24400 CE,CE,24400.0,65.0,48.65,47.45,14:10,POSITION_SIGNAL,-1.2,-1.2,-78.0,-78.0,True
NIF-2026-08-17-1419-de81bf,2026-08-17 14:19,NIFTY,NIFTY 24400 CE,CE,24400.0,65.0,47.45,42.9,14:22,POSITION_SIGNAL,-4.55,-4.55,-295.75,-295.75,True
NIF-2026-08-17-1428-25a427,2026-08-17 14:28,NIFTY,NIFTY 24350 CE,CE,24350.0,65.0,68.7,65.55,14:35,POSITION_SIGNAL,-3.15,-3.15,-204.75,-204.75,True
NIF-2026-08-17-1439-3a4c22,2026-08-17 14:39,NIFTY,NIFTY 24350 CE,CE,24350.0,65.0,65.5,70.4,14:53,POSITION_SIGNAL,4.9,4.9,318.5,318.5,True
NIF-2026-08-17-1455-11b29f,2026-08-17 14:55,NIFTY,NIFTY 24400 CE,CE,24400.0,65.0,49.0,48.6,14:57,SIGNAL_FLIP,-0.4,-0.4,-26.0,-26.0,True
NIF-2026-08-17-1509-ae8d00,2026-08-17 15:09,NIFTY,NIFTY 24400 CE,CE,24400.0,65.0,47.9,48.65,15:14,SIGNAL_FLIP,0.75,0.75,48.75,48.75,True
NIF-2026-08-17-1527-b9e778,2026-08-17 15:27,NIFTY,NIFTY 24350 PE,PE,24350.0,65.0,49.85,57.55,15:29,SESSION_END,7.7,7.7,500.5,500.5,True
SEN-2026-08-17-0920-ae3cde,2026-08-17 09:20,SENSEX,SENSEX 77800 PE,PE,77800.0,20.0,346.0,331.7,09:26,SIGNAL_FLIP,-14.3,-14.3,-286.0,-286.0,True
SEN-2026-08-17-0930-ade548,2026-08-17 09:30,SENSEX,SENSEX 77800 PE,PE,77800.0,20.0,341.75,361.25,09:37,SIGNAL_FLIP,19.5,19.5,390.0,390.0,True
SEN-2026-08-17-0939-0b176d,2026-08-17 09:39,SENSEX,SENSEX 77800 CE,CE,77800.0,20.0,322.7,323.0,09:45,SIGNAL_FLIP,0.3,0.3,6.0,6.0,True
SEN-2026-08-17-0947-a664f7,2026-08-17 09:47,SENSEX,SENSEX 77800 PE,PE,77800.0,20.0,345.1,332.05,09:50,SIGNAL_FLIP,-13.05,-13.05,-261.0,-261.0,True
SEN-2026-08-17-0954-ded608,2026-08-17 09:54,SENSEX,SENSEX 77800 PE,PE,77800.0,20.0,347.7,354.5,10:07,POSITION_SIGNAL,6.8,6.8,136.0,136.0,True
SEN-2026-08-17-1008-12de0d,2026-08-17 10:08,SENSEX,SENSEX 77700 PE,PE,77700.0,20.0,315.1,350.3,10:22,POSITION_SIGNAL,35.2,35.2,704.0,704.0,True
SEN-2026-08-17-1025-89150d,2026-08-17 10:25,SENSEX,SENSEX 77700 PE,PE,77700.0,20.0,362.3,346.3,10:29,SIGNAL_FLIP,-16.0,-16.0,-320.0,-320.0,True
SEN-2026-08-17-1031-54fe98,2026-08-17 10:31,SENSEX,SENSEX 77700 PE,PE,77700.0,20.0,356.35,389.75,10:49,POSITION_SIGNAL,33.4,33.4,668.0,668.0,True
SEN-2026-08-17-1051-a35bde,2026-08-17 10:51,SENSEX,SENSEX 77600 CE,CE,77600.0,20.0,358.1,358.15,10:56,SIGNAL_FLIP,0.05,0.05,1.0,1.0,True
SEN-2026-08-17-1100-c20683,2026-08-17 11:00,SENSEX,SENSEX 77600 PE,PE,77600.0,20.0,340.7,324.85,11:04,POSITION_SIGNAL,-15.85,-15.85,-317.0,-317.0,True
SEN-2026-08-17-1107-bd091c,2026-08-17 11:07,SENSEX,SENSEX 77600 PE,PE,77600.0,20.0,340.55,335.6,11:19,POSITION_SIGNAL,-4.95,-4.95,-99.0,-99.0,True
SEN-2026-08-17-1121-422d6e,2026-08-17 11:21,SENSEX,SENSEX 77600 PE,PE,77600.0,20.0,339.8,327.3,11:27,POSITION_SIGNAL,-12.5,-12.5,-250.0,-250.0,True
SEN-2026-08-17-1133-a28d27,2026-08-17 11:33,SENSEX,SENSEX 77600 CE,CE,77600.0,20.0,363.55,366.0,11:44,SIGNAL_FLIP,2.45,2.45,49.0,49.0,True
SEN-2026-08-17-1148-a1d94a,2026-08-17 11:48,SENSEX,SENSEX 77700 CE,CE,77700.0,20.0,321.5,343.7,11:55,SIGNAL_FLIP,22.2,22.2,444.0,444.0,True
SEN-2026-08-17-1156-3b8c84,2026-08-17 11:56,SENSEX,SENSEX 77700 CE,CE,77700.0,20.0,347.9,343.25,12:05,SIGNAL_FLIP,-4.65,-4.65,-93.0,-93.0,True
SEN-2026-08-17-1213-f2b695,2026-08-17 12:13,SENSEX,SENSEX 77700 CE,CE,77700.0,20.0,341.9,400.2,12:40,POSITION_SIGNAL,58.3,58.3,1166.0,1166.0,True
SEN-2026-08-17-1242-254293,2026-08-17 12:42,SENSEX,SENSEX 77800 CE,CE,77800.0,20.0,355.7,421.2,12:57,POSITION_SIGNAL,65.5,65.5,1310.0,1310.0,True
SEN-2026-08-17-1300-287bca,2026-08-17 13:00,SENSEX,SENSEX 78000 CE,CE,78000.0,20.0,335.25,356.65,13:08,POSITION_SIGNAL,21.4,21.4,428.0,428.0,True
SEN-2026-08-17-1309-fd7c4d,2026-08-17 13:09,SENSEX,SENSEX 78000 PE,PE,78000.0,20.0,333.95,324.55,13:12,SIGNAL_FLIP,-9.4,-9.4,-188.0,-188.0,True
SEN-2026-08-17-1327-34df32,2026-08-17 13:27,SENSEX,SENSEX 78000 CE,CE,78000.0,20.0,355.0,356.95,13:32,POSITION_SIGNAL,1.95,1.95,39.0,39.0,True
SEN-2026-08-17-1336-1afe4e,2026-08-17 13:36,SENSEX,SENSEX 78000 PE,PE,78000.0,20.0,323.9,320.95,13:39,SIGNAL_FLIP,-2.95,-2.95,-59.0,-59.0,True
SEN-2026-08-17-1341-73ed7e,2026-08-17 13:41,SENSEX,SENSEX 78000 CE,CE,78000.0,20.0,358.95,351.0,13:49,SIGNAL_FLIP,-7.95,-7.95,-159.0,-159.0,True
SEN-2026-08-17-1359-86d087,2026-08-17 13:59,SENSEX,SENSEX 78000 CE,CE,78000.0,20.0,335.95,338.5,14:08,POSITION_SIGNAL,2.55,2.55,51.0,51.0,True
SEN-2026-08-17-1412-b604a6,2026-08-17 14:12,SENSEX,SENSEX 78000 PE,PE,78000.0,20.0,335.25,328.1,14:17,SIGNAL_FLIP,-7.15,-7.15,-143.0,-143.0,True
SEN-2026-08-17-1422-2987f5,2026-08-17 14:22,SENSEX,SENSEX 78000 PE,PE,78000.0,20.0,337.9,331.0,14:30,SIGNAL_FLIP,-6.9,-6.9,-138.0,-138.0,True
SEN-2026-08-17-1432-0e9431,2026-08-17 14:32,SENSEX,SENSEX 78000 CE,CE,78000.0,20.0,319.15,313.0,14:37,POSITION_SIGNAL,-6.15,-6.15,-123.0,-123.0,True
SEN-2026-08-17-1439-d5edec,2026-08-17 14:39,SENSEX,SENSEX 78000 CE,CE,78000.0,20.0,318.0,342.75,14:57,POSITION_SIGNAL,24.75,24.75,495.0,495.0,True
SEN-2026-08-17-1503-b8889e,2026-08-17 15:03,SENSEX,SENSEX 78100 CE,CE,78100.0,20.0,301.7,299.8,15:15,SIGNAL_FLIP,-1.9,-1.9,-38.0,-38.0,True
SEN-2026-08-17-1518-6cecb4,2026-08-17 15:18,SENSEX,SENSEX 78000 PE,PE,78000.0,20.0,319.8,318.3,15:26,POSITION_SIGNAL,-1.5,-1.5,-30.0,-30.0,True
SEN-2026-08-17-1529-5c4186,2026-08-17 15:29,SENSEX,SENSEX 78000 PE,PE,78000.0,20.0,347.1,,,STILL_OPEN,,,,,True
NIF-2026-08-19-0923-93fcbd,2026-08-19 09:23,NIFTY,NIFTY 24150 PE,PE,24150.0,65.0,127.0,137.4,09:41,SIGNAL_FLIP,10.4,10.4,676.0,676.0,True
NIF-2026-08-19-0943-127080,2026-08-19 09:43,NIFTY,NIFTY 24150 CE,CE,24150.0,65.0,114.6,112.85,09:47,POSITION_SIGNAL,-1.75,-1.75,-113.75,-113.75,True
NIF-2026-08-19-0951-c2d0ce,2026-08-19 09:51,NIFTY,NIFTY 24150 CE,CE,24150.0,65.0,122.25,116.95,09:59,POSITION_SIGNAL,-5.3,-5.3,-344.5,-344.5,True
NIF-2026-08-19-1003-cfe5dd,2026-08-19 10:03,NIFTY,NIFTY 24150 CE,CE,24150.0,65.0,123.55,120.6,10:06,SIGNAL_FLIP,-2.95,-2.95,-191.75,-191.75,True
NIF-2026-08-19-1008-7c2960,2026-08-19 10:08,NIFTY,NIFTY 24150 CE,CE,24150.0,65.0,123.0,118.35,10:10,SIGNAL_FLIP,-4.65,-4.65,-302.25,-302.25,True
NIF-2026-08-19-1017-2171ef,2026-08-19 10:17,NIFTY,NIFTY 24150 PE,PE,24150.0,65.0,130.55,141.8,10:44,SIGNAL_FLIP,11.25,11.25,731.25,731.25,True
NIF-2026-08-19-1047-cdb6c0,2026-08-19 10:47,NIFTY,NIFTY 24100 PE,PE,24100.0,65.0,119.45,117.05,10:54,POSITION_SIGNAL,-2.4,-2.4,-156.0,-156.0,True
NIF-2026-08-19-1055-9d87ae,2026-08-19 10:55,NIFTY,NIFTY 24100 CE,CE,24100.0,65.0,130.5,129.7,11:01,SIGNAL_FLIP,-0.8,-0.8,-52.0,-52.0,True
NIF-2026-08-19-1106-6e45f4,2026-08-19 11:06,NIFTY,NIFTY 24100 PE,PE,24100.0,65.0,121.55,121.45,11:10,SIGNAL_FLIP,-0.1,-0.1,-6.5,-6.5,True
NIF-2026-08-19-1113-a5e1d3,2026-08-19 11:13,NIFTY,NIFTY 24100 PE,PE,24100.0,65.0,124.2,119.5,11:19,POSITION_SIGNAL,-4.7,-4.7,-305.5,-305.5,True
NIF-2026-08-19-1120-1070e0,2026-08-19 11:20,NIFTY,NIFTY 24100 CE,CE,24100.0,65.0,128.85,127.15,11:24,SIGNAL_FLIP,-1.7,-1.7,-110.5,-110.5,True
NIF-2026-08-19-1128-adad77,2026-08-19 11:28,NIFTY,NIFTY 24100 CE,CE,24100.0,65.0,128.55,125.6,11:36,SIGNAL_FLIP,-2.95,-2.95,-191.75,-191.75,True
NIF-2026-08-19-1147-d09c90,2026-08-19 11:47,NIFTY,NIFTY 24100 CE,CE,24100.0,65.0,130.8,136.6,11:56,SIGNAL_FLIP,5.8,5.8,377.0,377.0,True
NIF-2026-08-19-1201-aafd24,2026-08-19 12:01,NIFTY,NIFTY 24150 PE,PE,24150.0,65.0,132.8,144.25,12:16,POSITION_SIGNAL,11.45,11.45,744.25,744.25,True
NIF-2026-08-19-1217-4662c8,2026-08-19 12:17,NIFTY,NIFTY 24100 CE,CE,24100.0,65.0,125.65,125.3,12:22,SIGNAL_FLIP,-0.35,-0.35,-22.75,-22.75,True
NIF-2026-08-19-1224-28c9e1,2026-08-19 12:24,NIFTY,NIFTY 24100 CE,CE,24100.0,65.0,130.45,128.0,12:27,SIGNAL_FLIP,-2.45,-2.45,-159.25,-159.25,True
NIF-2026-08-19-1229-fcc54e,2026-08-19 12:29,NIFTY,NIFTY 24100 CE,CE,24100.0,65.0,129.75,125.35,12:31,SIGNAL_FLIP,-4.4,-4.4,-286.0,-286.0,True
NIF-2026-08-19-1235-a55caf,2026-08-19 12:35,NIFTY,NIFTY 24100 CE,CE,24100.0,65.0,126.35,124.3,12:38,SIGNAL_FLIP,-2.05,-2.05,-133.25,-133.25,True
NIF-2026-08-19-1245-b942c9,2026-08-19 12:45,NIFTY,NIFTY 24100 PE,PE,24100.0,65.0,117.1,115.7,12:50,POSITION_SIGNAL,-1.4,-1.4,-91.0,-91.0,True
NIF-2026-08-19-1252-8c4e3e,2026-08-19 12:52,NIFTY,NIFTY 24100 CE,CE,24100.0,65.0,126.0,125.2,12:57,SIGNAL_FLIP,-0.8,-0.8,-52.0,-52.0,True
NIF-2026-08-19-1302-85da4f,2026-08-19 13:02,NIFTY,NIFTY 24100 CE,CE,24100.0,65.0,127.3,127.6,13:07,SIGNAL_FLIP,0.3,0.3,19.5,19.5,True
NIF-2026-08-19-1309-083287,2026-08-19 13:09,NIFTY,NIFTY 24100 CE,CE,24100.0,65.0,130.15,127.9,13:12,SIGNAL_FLIP,-2.25,-2.25,-146.25,-146.25,True
NIF-2026-08-19-1322-a7e803,2026-08-19 13:22,NIFTY,NIFTY 24100 PE,PE,24100.0,65.0,121.0,118.5,13:28,POSITION_SIGNAL,-2.5,-2.5,-162.5,-162.5,True
NIF-2026-08-19-1334-e19035,2026-08-19 13:34,NIFTY,NIFTY 24100 PE,PE,24100.0,65.0,120.55,117.85,13:38,POSITION_SIGNAL,-2.7,-2.7,-175.5,-175.5,True
NIF-2026-08-19-1346-0389aa,2026-08-19 13:46,NIFTY,NIFTY 24100 PE,PE,24100.0,65.0,119.7,117.5,13:54,POSITION_SIGNAL,-2.2,-2.2,-143.0,-143.0,True
NIF-2026-08-19-1402-0571cd,2026-08-19 14:02,NIFTY,NIFTY 24100 CE,CE,24100.0,65.0,128.2,133.0,14:11,POSITION_SIGNAL,4.8,4.8,312.0,312.0,True
NIF-2026-08-19-1412-a876b8,2026-08-19 14:12,NIFTY,NIFTY 24150 CE,CE,24150.0,65.0,108.65,102.1,14:14,SIGNAL_FLIP,-6.55,-6.55,-425.75,-425.75,True
NIF-2026-08-19-1420-3ea3d2,2026-08-19 14:20,NIFTY,NIFTY 24100 PE,PE,24100.0,65.0,117.75,113.0,14:30,SIGNAL_FLIP,-4.75,-4.75,-308.75,-308.75,True
NIF-2026-08-19-1434-4f9465,2026-08-19 14:34,NIFTY,NIFTY 24100 CE,CE,24100.0,65.0,127.6,127.1,14:39,SIGNAL_FLIP,-0.5,-0.5,-32.5,-32.5,True
NIF-2026-08-19-1446-b5e4ca,2026-08-19 14:46,NIFTY,NIFTY 24100 PE,PE,24100.0,65.0,114.45,114.1,14:51,POSITION_SIGNAL,-0.35,-0.35,-22.75,-22.75,True
NIF-2026-08-19-1456-db37f9,2026-08-19 14:56,NIFTY,NIFTY 24100 CE,CE,24100.0,65.0,127.0,128.3,15:05,SIGNAL_FLIP,1.3,1.3,84.5,84.5,True
NIF-2026-08-19-1508-432fd9,2026-08-19 15:08,NIFTY,NIFTY 24100 PE,PE,24100.0,65.0,111.3,108.5,15:14,SIGNAL_FLIP,-2.8,-2.8,-182.0,-182.0,True
NIF-2026-08-19-1519-6bac49,2026-08-19 15:19,NIFTY,NIFTY 24100 CE,CE,24100.0,65.0,127.75,126.55,15:26,POSITION_SIGNAL,-1.2,-1.2,-78.0,-78.0,True
SEN-2026-08-19-0920-367123,2026-08-19 09:20,SENSEX,SENSEX 77200 CE,CE,77200.0,20.0,214.55,211.25,09:23,SIGNAL_FLIP,-3.3,-3.3,-66.0,-66.0,True
SEN-2026-08-19-0930-1ade33,2026-08-19 09:30,SENSEX,SENSEX 77100 PE,PE,77100.0,20.0,217.65,231.9,09:40,SIGNAL_FLIP,14.25,14.25,285.0,285.0,True
SEN-2026-08-19-0950-7120f8,2026-08-19 09:50,SENSEX,SENSEX 77100 CE,CE,77100.0,20.0,228.4,238.35,09:54,SIGNAL_FLIP,9.95,9.95,199.0,199.0,True
NIF-2026-08-20-1419-d6fe54,2026-08-20 14:19,NIFTY,NIFTY 24300 CE,CE,24300.0,65.0,101.7,100.2,14:24,POSITION_SIGNAL,-1.5,-1.5,-97.5,-97.5,True
SEN-2026-08-19-0959-e55280,2026-08-19 09:59,SENSEX,SENSEX 77100 PE,PE,77100.0,20.0,218.95,207.35,10:05,POSITION_SIGNAL,-11.6,-11.6,-232.0,-232.0,True
SEN-2026-08-19-1006-b24c3b,2026-08-19 10:06,SENSEX,SENSEX 77100 PE,PE,77100.0,20.0,210.3,202.6,10:08,POSITION_SIGNAL,-7.7,-7.7,-154.0,-154.0,True
SEN-2026-08-19-1011-6c9df0,2026-08-19 10:11,SENSEX,SENSEX 77100 PE,PE,77100.0,20.0,218.85,247.0,10:27,POSITION_SIGNAL,28.15,28.15,563.0,563.0,True
SEN-2026-08-19-1030-9ab80d,2026-08-19 10:30,SENSEX,SENSEX 77000 PE,PE,77000.0,20.0,208.0,214.25,10:34,POSITION_SIGNAL,6.25,6.25,125.0,125.0,True
SEN-2026-08-19-1035-f985a1,2026-08-19 10:35,SENSEX,SENSEX 77000 PE,PE,77000.0,20.0,219.4,205.05,10:44,SIGNAL_FLIP,-14.35,-14.35,-287.0,-287.0,True
SEN-2026-08-19-1047-915156,2026-08-19 10:47,SENSEX,SENSEX 77000 PE,PE,77000.0,20.0,212.55,203.0,10:54,POSITION_SIGNAL,-9.55,-9.55,-191.0,-191.0,True
SEN-2026-08-19-1055-5bdefd,2026-08-19 10:55,SENSEX,SENSEX 77000 CE,CE,77000.0,20.0,227.9,226.35,10:59,SIGNAL_FLIP,-1.55,-1.55,-31.0,-31.0,True
SEN-2026-08-19-1106-a324ca,2026-08-19 11:06,SENSEX,SENSEX 77000 PE,PE,77000.0,20.0,221.8,240.4,11:15,SIGNAL_FLIP,18.6,18.6,372.0,372.0,True
SEN-2026-08-19-1125-8010d5,2026-08-19 11:25,SENSEX,SENSEX 77000 PE,PE,77000.0,20.0,231.1,224.05,11:28,POSITION_SIGNAL,-7.05,-7.05,-141.0,-141.0,True
SEN-2026-08-19-1133-3d1b73,2026-08-19 11:33,SENSEX,SENSEX 77000 PE,PE,77000.0,20.0,228.6,225.55,11:46,POSITION_SIGNAL,-3.05,-3.05,-61.0,-61.0,True
SEN-2026-08-19-1147-210968,2026-08-19 11:47,SENSEX,SENSEX 77000 CE,CE,77000.0,20.0,208.75,235.05,11:56,SIGNAL_FLIP,26.3,26.3,526.0,526.0,True
SEN-2026-08-19-1159-64a1e8,2026-08-19 11:59,SENSEX,SENSEX 77100 CE,CE,77100.0,20.0,189.85,181.9,12:01,SIGNAL_FLIP,-7.95,-7.95,-159.0,-159.0,True
SEN-2026-08-19-1208-1e01c9,2026-08-19 12:08,SENSEX,SENSEX 77000 CE,CE,77000.0,20.0,206.1,198.0,12:10,SIGNAL_FLIP,-8.1,-8.1,-162.0,-162.0,True
SEN-2026-08-19-1220-d91893,2026-08-19 12:20,SENSEX,SENSEX 77000 CE,CE,77000.0,20.0,206.7,199.3,12:22,SIGNAL_FLIP,-7.4,-7.4,-148.0,-148.0,True
SEN-2026-08-19-1224-8e3ff0,2026-08-19 12:24,SENSEX,SENSEX 77000 CE,CE,77000.0,20.0,209.5,205.15,12:27,SIGNAL_FLIP,-4.35,-4.35,-87.0,-87.0,True
SEN-2026-08-19-1229-670ba3,2026-08-19 12:29,SENSEX,SENSEX 77000 CE,CE,77000.0,20.0,215.65,201.05,12:31,SIGNAL_FLIP,-14.6,-14.6,-292.0,-292.0,True
SEN-2026-08-19-1236-b44842,2026-08-19 12:36,SENSEX,SENSEX 77000 CE,CE,77000.0,20.0,207.55,203.65,12:42,SIGNAL_FLIP,-3.9,-3.9,-78.0,-78.0,True
SEN-2026-08-19-1245-817599,2026-08-19 12:45,SENSEX,SENSEX 77000 PE,PE,77000.0,20.0,215.7,210.65,12:50,POSITION_SIGNAL,-5.05,-5.05,-101.0,-101.0,True
SEN-2026-08-19-1256-e24b2b,2026-08-19 12:56,SENSEX,SENSEX 77000 PE,PE,77000.0,20.0,214.5,207.35,13:02,POSITION_SIGNAL,-7.15,-7.15,-143.0,-143.0,True
SEN-2026-08-19-1303-3a2c41,2026-08-19 13:03,SENSEX,SENSEX 77000 CE,CE,77000.0,20.0,203.35,204.1,13:07,SIGNAL_FLIP,0.75,0.75,15.0,15.0,True
SEN-2026-08-19-1309-defb53,2026-08-19 13:09,SENSEX,SENSEX 77000 CE,CE,77000.0,20.0,213.6,200.9,13:12,POSITION_SIGNAL,-12.7,-12.7,-254.0,-254.0,True
SEN-2026-08-19-1313-cec675,2026-08-19 13:13,SENSEX,SENSEX 77000 PE,PE,77000.0,20.0,215.5,233.05,13:20,POSITION_SIGNAL,17.55,17.55,351.0,351.0,True
SEN-2026-08-19-1327-e53323,2026-08-19 13:27,SENSEX,SENSEX 76900 PE,PE,76900.0,20.0,181.4,171.6,13:37,POSITION_SIGNAL,-9.8,-9.8,-196.0,-196.0,True
SEN-2026-08-19-1345-d677fd,2026-08-19 13:45,SENSEX,SENSEX 77000 PE,PE,77000.0,20.0,218.7,224.7,13:51,POSITION_SIGNAL,6.0,6.0,120.0,120.0,True
SEN-2026-08-19-1352-194800,2026-08-19 13:52,SENSEX,SENSEX 76900 PE,PE,76900.0,20.0,180.25,177.35,13:55,POSITION_SIGNAL,-2.9,-2.9,-58.0,-58.0,True
SEN-2026-08-19-1403-2dcf03,2026-08-19 14:03,SENSEX,SENSEX 77000 CE,CE,77000.0,20.0,205.45,204.0,14:14,SIGNAL_FLIP,-1.45,-1.45,-29.0,-29.0,True
SEN-2026-08-19-1420-61de50,2026-08-19 14:20,SENSEX,SENSEX 77000 PE,PE,77000.0,20.0,217.0,229.1,14:27,POSITION_SIGNAL,12.1,12.1,242.0,242.0,True
SEN-2026-08-19-1433-d70f9d,2026-08-19 14:33,SENSEX,SENSEX 77000 CE,CE,77000.0,20.0,191.7,196.1,14:39,SIGNAL_FLIP,4.4,4.4,88.0,88.0,True
SEN-2026-08-19-1442-2df83a,2026-08-19 14:42,SENSEX,SENSEX 77000 PE,PE,77000.0,20.0,203.15,183.95,14:45,POSITION_SIGNAL,-19.2,-19.2,-384.0,-384.0,True
SEN-2026-08-19-1446-fa4b7a,2026-08-19 14:46,SENSEX,SENSEX 77000 PE,PE,77000.0,20.0,196.3,195.9,14:52,POSITION_SIGNAL,-0.4,-0.4,-8.0,-8.0,True
SEN-2026-08-19-1454-cdd191,2026-08-19 14:54,SENSEX,SENSEX 77000 PE,PE,77000.0,20.0,201.75,187.0,14:57,POSITION_SIGNAL,-14.75,-14.75,-295.0,-295.0,True
SEN-2026-08-19-1459-5162e4,2026-08-19 14:59,SENSEX,SENSEX 77000 CE,CE,77000.0,20.0,203.65,197.55,15:05,POSITION_SIGNAL,-6.1,-6.1,-122.0,-122.0,True
SEN-2026-08-19-1506-60f9cd,2026-08-19 15:06,SENSEX,SENSEX 77000 PE,PE,77000.0,20.0,194.2,187.65,15:13,SIGNAL_FLIP,-6.55,-6.55,-131.0,-131.0,True
SEN-2026-08-19-1519-f1b8b6,2026-08-19 15:19,SENSEX,SENSEX 77000 CE,CE,77000.0,20.0,203.5,196.5,15:23,POSITION_SIGNAL,-7.0,-7.0,-140.0,-140.0,True
NIF-2026-08-20-0920-407b80,2026-08-20 09:20,NIFTY,NIFTY 24250 PE,PE,24250.0,65.0,103.2,99.25,09:26,SIGNAL_FLIP,-3.95,-3.95,-256.75,-256.75,True
NIF-2026-08-20-0930-9b370b,2026-08-20 09:30,NIFTY,NIFTY 24250 PE,PE,24250.0,65.0,100.95,98.0,09:34,SIGNAL_FLIP,-2.95,-2.95,-191.75,-191.75,True
NIF-2026-08-20-0939-9211a0,2026-08-20 09:39,NIFTY,NIFTY 24250 PE,PE,24250.0,65.0,97.0,94.2,09:41,SIGNAL_FLIP,-2.8,-2.8,-182.0,-182.0,True
NIF-2026-08-20-0946-4bcb75,2026-08-20 09:46,NIFTY,NIFTY 24250 CE,CE,24250.0,65.0,109.0,106.45,10:00,POSITION_SIGNAL,-2.55,-2.55,-165.75,-165.75,True
NIF-2026-08-20-1003-793a62,2026-08-20 10:03,NIFTY,NIFTY 24250 PE,PE,24250.0,65.0,91.55,90.15,10:06,SIGNAL_FLIP,-1.4,-1.4,-91.0,-91.0,True
NIF-2026-08-20-1016-ac9f3d,2026-08-20 10:16,NIFTY,NIFTY 24300 CE,CE,24300.0,65.0,85.3,83.15,10:21,SIGNAL_FLIP,-2.15,-2.15,-139.75,-139.75,True
NIF-2026-08-20-1031-142b40,2026-08-20 10:31,NIFTY,NIFTY 24250 CE,CE,24250.0,65.0,107.05,102.35,10:37,SIGNAL_FLIP,-4.7,-4.7,-305.5,-305.5,True
NIF-2026-08-20-1040-ec6786,2026-08-20 10:40,NIFTY,NIFTY 24250 CE,CE,24250.0,65.0,104.6,105.2,10:47,SIGNAL_FLIP,0.6,0.6,39.0,39.0,True
NIF-2026-08-20-1050-16f5f2,2026-08-20 10:50,NIFTY,NIFTY 24300 CE,CE,24300.0,65.0,84.0,81.45,10:53,SIGNAL_FLIP,-2.55,-2.55,-165.75,-165.75,True
NIF-2026-08-20-1055-e0ab35,2026-08-20 10:55,NIFTY,NIFTY 24250 PE,PE,24250.0,65.0,87.3,85.4,10:58,SIGNAL_FLIP,-1.9,-1.9,-123.5,-123.5,True
NIF-2026-08-20-1113-82c116,2026-08-20 11:13,NIFTY,NIFTY 24250 PE,PE,24250.0,65.0,86.0,89.6,11:27,POSITION_SIGNAL,3.6,3.6,234.0,234.0,True
NIF-2026-08-20-1133-364c18,2026-08-20 11:33,NIFTY,NIFTY 24300 CE,CE,24300.0,65.0,85.9,84.2,11:36,POSITION_SIGNAL,-1.7,-1.7,-110.5,-110.5,True
NIF-2026-08-20-1429-9e5617,2026-08-20 14:29,NIFTY,NIFTY 24300 CE,CE,24300.0,65.0,103.6,103.35,14:36,SIGNAL_FLIP,-0.25,-0.25,-16.25,-16.25,True
NIF-2026-08-20-1144-d1c0b7,2026-08-20 11:44,NIFTY,NIFTY 24300 CE,CE,24300.0,65.0,83.5,83.35,11:49,SIGNAL_FLIP,-0.15,-0.15,-9.75,-9.75,True
NIF-2026-08-20-1152-aa566b,2026-08-20 11:52,NIFTY,NIFTY 24300 CE,CE,24300.0,65.0,84.85,82.75,11:55,SIGNAL_FLIP,-2.1,-2.1,-136.5,-136.5,True
NIF-2026-08-20-1156-206cee,2026-08-20 11:56,NIFTY,NIFTY 24300 CE,CE,24300.0,65.0,86.75,84.9,12:03,POSITION_SIGNAL,-1.85,-1.85,-120.25,-120.25,True
NIF-2026-08-20-1205-74c732,2026-08-20 12:05,NIFTY,NIFTY 24300 PE,PE,24300.0,65.0,102.1,101.0,12:13,SIGNAL_FLIP,-1.1,-1.1,-71.5,-71.5,True
NIF-2026-08-20-1226-8356bb,2026-08-20 12:26,NIFTY,NIFTY 24300 PE,PE,24300.0,65.0,102.5,101.3,12:29,SIGNAL_FLIP,-1.2,-1.2,-78.0,-78.0,True
NIF-2026-08-20-1239-a7f440,2026-08-20 12:39,NIFTY,NIFTY 24300 CE,CE,24300.0,65.0,86.2,112.85,12:55,POSITION_SIGNAL,26.65,26.65,1732.25,1732.25,True
NIF-2026-08-20-1306-484d00,2026-08-20 13:06,NIFTY,NIFTY 24350 CE,CE,24350.0,65.0,85.8,82.8,13:12,POSITION_SIGNAL,-3.0,-3.0,-195.0,-195.0,True
NIF-2026-08-20-1319-a9bb52,2026-08-20 13:19,NIFTY,NIFTY 24300 PE,PE,24300.0,65.0,86.9,86.5,13:21,SIGNAL_FLIP,-0.4,-0.4,-26.0,-26.0,True
NIF-2026-08-20-1331-72ad8f,2026-08-20 13:31,NIFTY,NIFTY 24350 CE,CE,24350.0,65.0,85.3,81.05,13:40,POSITION_SIGNAL,-4.25,-4.25,-276.25,-276.25,True
NIF-2026-08-20-1341-8b44fe,2026-08-20 13:41,NIFTY,NIFTY 24300 PE,PE,24300.0,65.0,85.8,84.05,13:42,SIGNAL_FLIP,-1.75,-1.75,-113.75,-113.75,True
NIF-2026-08-20-1344-417a10,2026-08-20 13:44,NIFTY,NIFTY 24350 CE,CE,24350.0,65.0,83.4,81.55,13:48,POSITION_SIGNAL,-1.85,-1.85,-120.25,-120.25,True
NIF-2026-08-20-1349-fdf33f,2026-08-20 13:49,NIFTY,NIFTY 24350 CE,CE,24350.0,65.0,83.6,79.25,13:53,POSITION_SIGNAL,-4.35,-4.35,-282.75,-282.75,True
NIF-2026-08-20-1358-bc8929,2026-08-20 13:58,NIFTY,NIFTY 24300 CE,CE,24300.0,65.0,103.0,98.1,14:06,POSITION_SIGNAL,-4.9,-4.9,-318.5,-318.5,True
NIF-2026-08-20-1408-1bb201,2026-08-20 14:08,NIFTY,NIFTY 24300 CE,CE,24300.0,65.0,101.5,97.45,14:16,POSITION_SIGNAL,-4.05,-4.05,-263.25,-263.25,True
NIF-2026-08-20-1439-26e67c,2026-08-20 14:39,NIFTY,NIFTY 24300 CE,CE,24300.0,65.0,104.9,101.7,14:43,POSITION_SIGNAL,-3.2,-3.2,-208.0,-208.0,True
NIF-2026-08-20-1448-4e7cbf,2026-08-20 14:48,NIFTY,NIFTY 24300 CE,CE,24300.0,65.0,100.9,99.45,14:55,POSITION_SIGNAL,-1.45,-1.45,-94.25,-94.25,True
NIF-2026-08-20-1459-edb110,2026-08-20 14:59,NIFTY,NIFTY 24300 CE,CE,24300.0,65.0,102.0,96.7,15:02,SIGNAL_FLIP,-5.3,-5.3,-344.5,-344.5,True
NIF-2026-08-20-1504-aa22ab,2026-08-20 15:04,NIFTY,NIFTY 24300 CE,CE,24300.0,65.0,97.0,94.05,15:06,SIGNAL_FLIP,-2.95,-2.95,-191.75,-191.75,True
NIF-2026-08-20-1509-3309ed,2026-08-20 15:09,NIFTY,NIFTY 24300 PE,PE,24300.0,65.0,94.5,90.7,15:13,POSITION_SIGNAL,-3.8,-3.8,-247.0,-247.0,True
NIF-2026-08-20-1514-3717c2,2026-08-20 15:14,NIFTY,NIFTY 24300 CE,CE,24300.0,65.0,92.95,92.35,15:19,POSITION_SIGNAL,-0.6,-0.6,-39.0,-39.0,True
NIF-2026-08-20-1520-6e8a12,2026-08-20 15:20,NIFTY,NIFTY 24300 PE,PE,24300.0,65.0,96.5,95.7,15:28,POSITION_SIGNAL,-0.8,-0.8,-52.0,-52.0,True
SEN-2026-08-20-0922-cbbb91,2026-08-20 09:22,SENSEX,SENSEX 77400 PE,PE,77400.0,20.0,105.9,109.5,09:24,POSITION_SIGNAL,3.6,3.6,72.0,72.0,True
SEN-2026-08-20-0926-7c9aa9,2026-08-20 09:26,SENSEX,SENSEX 77500 CE,CE,77500.0,20.0,104.35,101.65,09:30,SIGNAL_FLIP,-2.7,-2.7,-54.0,-54.0,True
SEN-2026-08-20-0937-88a5fc,2026-08-20 09:37,SENSEX,SENSEX 77500 CE,CE,77500.0,20.0,114.3,98.0,09:39,STOP_LOSS,-16.3,-16.3,-326.0,-326.0,True
SEN-2026-08-20-0945-bc6d7f,2026-08-20 09:45,SENSEX,SENSEX 77500 CE,CE,77500.0,20.0,113.9,102.2,09:48,SIGNAL_FLIP,-11.7,-11.7,-234.0,-234.0,True
SEN-2026-08-20-0951-05bf29,2026-08-20 09:51,SENSEX,SENSEX 77500 CE,CE,77500.0,20.0,108.65,98.8,09:53,POSITION_SIGNAL,-9.85,-9.85,-197.0,-197.0,True
SEN-2026-08-20-1008-b2837c,2026-08-20 10:08,SENSEX,SENSEX 77500 CE,CE,77500.0,20.0,101.8,109.2,10:19,POSITION_SIGNAL,7.4,7.4,148.0,148.0,True
SEN-2026-08-20-1021-133473,2026-08-20 10:21,SENSEX,SENSEX 77500 PE,PE,77500.0,20.0,112.05,105.9,10:23,SIGNAL_FLIP,-6.15,-6.15,-123.0,-123.0,True
SEN-2026-08-20-1026-fc2eb4,2026-08-20 10:26,SENSEX,SENSEX 77500 PE,PE,77500.0,20.0,111.95,125.2,10:44,POSITION_SIGNAL,13.25,13.25,265.0,265.0,True
SEN-2026-08-20-1047-5434ff,2026-08-20 10:47,SENSEX,SENSEX 77500 PE,PE,77500.0,20.0,131.7,111.65,10:50,STOP_LOSS,-20.05,-20.05,-401.0,-401.0,True
SEN-2026-08-20-1053-40edb8,2026-08-20 10:53,SENSEX,SENSEX 77500 PE,PE,77500.0,20.0,124.95,121.35,10:58,POSITION_SIGNAL,-3.6,-3.6,-72.0,-72.0,True
SEN-2026-08-20-1059-38cfe7,2026-08-20 10:59,SENSEX,SENSEX 77500 CE,CE,77500.0,20.0,90.6,83.25,11:03,SIGNAL_FLIP,-7.35,-7.35,-147.0,-147.0,True
SEN-2026-08-20-1106-87bcca,2026-08-20 11:06,SENSEX,SENSEX 77500 CE,CE,77500.0,20.0,88.25,85.3,11:08,SIGNAL_FLIP,-2.95,-2.95,-59.0,-59.0,True
SEN-2026-08-20-1110-e4fa1c,2026-08-20 11:10,SENSEX,SENSEX 77500 PE,PE,77500.0,20.0,120.5,129.85,11:30,POSITION_SIGNAL,9.35,9.35,187.0,187.0,True
SEN-2026-08-20-1135-4667d3,2026-08-20 11:35,SENSEX,SENSEX 77500 PE,PE,77500.0,20.0,120.15,115.45,11:44,POSITION_SIGNAL,-4.7,-4.7,-94.0,-94.0,True
SEN-2026-08-20-1147-40a5eb,2026-08-20 11:47,SENSEX,SENSEX 77500 CE,CE,77500.0,20.0,82.15,76.7,11:50,POSITION_SIGNAL,-5.45,-5.45,-109.0,-109.0,True
SEN-2026-08-20-1151-55c58f,2026-08-20 11:51,SENSEX,SENSEX 77500 PE,PE,77500.0,20.0,115.35,110.4,11:56,POSITION_SIGNAL,-4.95,-4.95,-99.0,-99.0,True
SEN-2026-08-20-1157-eda2d7,2026-08-20 11:57,SENSEX,SENSEX 77500 CE,CE,77500.0,20.0,80.0,76.85,12:03,SIGNAL_FLIP,-3.15,-3.15,-63.0,-63.0,True
SEN-2026-08-20-1212-e6ab19,2026-08-20 12:12,SENSEX,SENSEX 77500 CE,CE,77500.0,20.0,73.55,76.35,12:20,SIGNAL_FLIP,2.8,2.8,56.0,56.0,True
SEN-2026-08-20-1227-c06f58,2026-08-20 12:27,SENSEX,SENSEX 77500 PE,PE,77500.0,20.0,112.25,108.25,12:36,POSITION_SIGNAL,-4.0,-4.0,-80.0,-80.0,True
NIF-2026-08-21-1126-85ccdd,2026-08-21 11:26,NIFTY,NIFTY 24300 CE,CE,24300.0,65.0,84.95,84.25,11:37,POSITION_SIGNAL,-0.7,-0.7,-45.5,-45.5,True
SEN-2026-08-20-1237-7d0af5,2026-08-20 12:37,SENSEX,SENSEX 77500 PE,PE,77500.0,20.0,111.05,97.7,12:39,STOP_LOSS,-13.35,-13.35,-267.0,-267.0,True
SEN-2026-08-20-1242-c2f72c,2026-08-20 12:42,SENSEX,SENSEX 77500 CE,CE,77500.0,20.0,78.85,126.05,12:56,POSITION_SIGNAL,47.2,47.2,944.0,944.0,True
SEN-2026-08-20-1300-8c6581,2026-08-20 13:00,SENSEX,SENSEX 77600 CE,CE,77600.0,20.0,72.55,64.55,13:01,SIGNAL_FLIP,-8.0,-8.0,-160.0,-160.0,True
SEN-2026-08-20-1304-ea1d95,2026-08-20 13:04,SENSEX,SENSEX 77600 CE,CE,77600.0,20.0,72.45,69.85,13:13,POSITION_SIGNAL,-2.6,-2.6,-52.0,-52.0,True
SEN-2026-08-20-1321-9d4f12,2026-08-20 13:21,SENSEX,SENSEX 77600 CE,CE,77600.0,20.0,64.05,70.35,13:29,POSITION_SIGNAL,6.3,6.3,126.0,126.0,True
SEN-2026-08-20-1331-570e57,2026-08-20 13:31,SENSEX,SENSEX 77600 CE,CE,77600.0,20.0,75.6,72.45,13:34,POSITION_SIGNAL,-3.15,-3.15,-63.0,-63.0,True
SEN-2026-08-20-1342-ba753e,2026-08-20 13:42,SENSEX,SENSEX 77600 CE,CE,77600.0,20.0,66.0,67.7,13:51,POSITION_SIGNAL,1.7,1.7,34.0,34.0,True
SEN-2026-08-20-1358-e6a718,2026-08-20 13:58,SENSEX,SENSEX 77600 CE,CE,77600.0,20.0,59.85,56.05,14:00,POSITION_SIGNAL,-3.8,-3.8,-76.0,-76.0,True
SEN-2026-08-20-1407-1e61ab,2026-08-20 14:07,SENSEX,SENSEX 77500 CE,CE,77500.0,20.0,96.3,99.35,14:15,POSITION_SIGNAL,3.05,3.05,61.0,61.0,True
SEN-2026-08-20-1420-879a11,2026-08-20 14:20,SENSEX,SENSEX 77600 CE,CE,77600.0,20.0,47.85,43.1,14:23,POSITION_SIGNAL,-4.75,-4.75,-95.0,-95.0,True
SEN-2026-08-20-1426-bf662b,2026-08-20 14:26,SENSEX,SENSEX 77500 CE,CE,77500.0,20.0,94.25,107.95,14:36,POSITION_SIGNAL,13.7,13.7,274.0,274.0,True
SEN-2026-08-20-1457-aad1e8,2026-08-20 14:57,SENSEX,SENSEX 77600 CE,CE,77600.0,20.0,48.25,39.1,15:01,STOP_LOSS,-9.15,-9.15,-183.0,-183.0,True
SEN-2026-08-20-1504-923842,2026-08-20 15:04,SENSEX,SENSEX 77500 CE,CE,77500.0,20.0,90.5,80.5,15:05,STOP_LOSS,-10.0,-10.0,-200.0,-200.0,True
SEN-2026-08-20-1512-745cde,2026-08-20 15:12,SENSEX,SENSEX 77500 PE,PE,77500.0,20.0,73.2,62.25,15:13,SIGNAL_FLIP,-10.95,-10.95,-219.0,-219.0,True
NIF-2026-08-21-0921-5f846e,2026-08-21 09:21,NIFTY,NIFTY 24250 PE,PE,24250.0,65.0,78.5,76.3,09:28,POSITION_SIGNAL,-2.2,-2.2,-143.0,-143.0,True
NIF-2026-08-21-0930-d7ca85,2026-08-21 09:30,NIFTY,NIFTY 24250 CE,CE,24250.0,65.0,100.4,99.7,09:31,SIGNAL_FLIP,-0.7,-0.7,-45.5,-45.5,True
NIF-2026-08-21-0944-cb25ae,2026-08-21 09:44,NIFTY,NIFTY 24300 CE,CE,24300.0,65.0,78.3,79.4,09:49,POSITION_SIGNAL,1.1,1.1,71.5,71.5,True
NIF-2026-08-21-0951-8d5938,2026-08-21 09:51,NIFTY,NIFTY 24300 CE,CE,24300.0,65.0,80.7,77.85,09:57,SIGNAL_FLIP,-2.85,-2.85,-185.25,-185.25,True
NIF-2026-08-21-0959-6279da,2026-08-21 09:59,NIFTY,NIFTY 24300 CE,CE,24300.0,65.0,80.35,77.1,10:03,SIGNAL_FLIP,-3.25,-3.25,-211.25,-211.25,True
NIF-2026-09-01-1448-447cac,2026-09-01 14:48,NIFTY,NIFTY 24000 PE,PE,24000.0,65.0,46.45,37.0,14:50,STOP_LOSS,-9.45,-9.45,-614.25,-614.25,True
NIF-2026-08-21-1020-d9ba82,2026-08-21 10:20,NIFTY,NIFTY 24300 PE,PE,24300.0,65.0,94.7,88.15,10:23,SIGNAL_FLIP,-6.55,-6.55,-425.75,-425.75,True
NIF-2026-08-21-1028-9dbef4,2026-08-21 10:28,NIFTY,NIFTY 24300 CE,CE,24300.0,65.0,80.6,82.8,10:33,POSITION_SIGNAL,2.2,2.2,143.0,143.0,True
NIF-2026-08-21-1042-9ea1b4,2026-08-21 10:42,NIFTY,NIFTY 24300 CE,CE,24300.0,65.0,84.75,81.2,10:48,POSITION_SIGNAL,-3.55,-3.55,-230.75,-230.75,True
NIF-2026-08-21-1051-d70495,2026-08-21 10:51,NIFTY,NIFTY 24300 CE,CE,24300.0,65.0,83.65,84.15,10:57,POSITION_SIGNAL,0.5,0.5,32.5,32.5,True
NIF-2026-08-21-1058-410fa3,2026-08-21 10:58,NIFTY,NIFTY 24300 PE,PE,24300.0,65.0,83.5,81.8,11:00,SIGNAL_FLIP,-1.7,-1.7,-110.5,-110.5,True
NIF-2026-08-21-1106-3c456b,2026-08-21 11:06,NIFTY,NIFTY 24300 CE,CE,24300.0,65.0,87.5,84.85,11:10,POSITION_SIGNAL,-2.65,-2.65,-172.25,-172.25,True
NIF-2026-08-21-1113-3a38ab,2026-08-21 11:13,NIFTY,NIFTY 24300 CE,CE,24300.0,65.0,86.0,82.85,11:18,SIGNAL_FLIP,-3.15,-3.15,-204.75,-204.75,True
NIF-2026-08-21-1142-de1a96,2026-08-21 11:42,NIFTY,NIFTY 24300 PE,PE,24300.0,65.0,83.75,82.5,11:48,POSITION_SIGNAL,-1.25,-1.25,-81.25,-81.25,True
NIF-2026-08-21-1149-fecb98,2026-08-21 11:49,NIFTY,NIFTY 24300 CE,CE,24300.0,65.0,83.0,81.1,11:53,SIGNAL_FLIP,-1.9,-1.9,-123.5,-123.5,True
NIF-2026-08-21-1155-3eb6fb,2026-08-21 11:55,NIFTY,NIFTY 24300 PE,PE,24300.0,65.0,87.3,86.25,12:03,POSITION_SIGNAL,-1.05,-1.05,-68.25,-68.25,True
NIF-2026-08-21-1216-a04592,2026-08-21 12:16,NIFTY,NIFTY 24300 PE,PE,24300.0,65.0,92.7,88.0,12:20,POSITION_SIGNAL,-4.7,-4.7,-305.5,-305.5,True
NIF-2026-08-21-1229-3f35d9,2026-08-21 12:29,NIFTY,NIFTY 24300 PE,PE,24300.0,65.0,87.55,84.85,12:34,POSITION_SIGNAL,-2.7,-2.7,-175.5,-175.5,True
NIF-2026-08-21-1236-83e0bb,2026-08-21 12:36,NIFTY,NIFTY 24300 CE,CE,24300.0,65.0,77.8,76.0,12:38,SIGNAL_FLIP,-1.8,-1.8,-117.0,-117.0,True
NIF-2026-08-21-1257-8db49c,2026-08-21 12:57,NIFTY,NIFTY 24300 PE,PE,24300.0,65.0,90.45,87.45,13:01,POSITION_SIGNAL,-3.0,-3.0,-195.0,-195.0,True
NIF-2026-08-21-1306-044d28,2026-08-21 13:06,NIFTY,NIFTY 24300 CE,CE,24300.0,65.0,77.85,79.5,13:13,POSITION_SIGNAL,1.65,1.65,107.25,107.25,True
NIF-2026-08-21-1314-a6d01d,2026-08-21 13:14,NIFTY,NIFTY 24300 PE,PE,24300.0,65.0,80.7,85.9,13:27,POSITION_SIGNAL,5.2,5.2,338.0,338.0,True
NIF-2026-08-21-1329-803a0f,2026-08-21 13:29,NIFTY,NIFTY 24300 CE,CE,24300.0,65.0,75.6,73.75,13:34,SIGNAL_FLIP,-1.85,-1.85,-120.25,-120.25,True
NIF-2026-08-21-1336-25380b,2026-08-21 13:36,NIFTY,NIFTY 24300 PE,PE,24300.0,65.0,90.65,87.15,13:40,POSITION_SIGNAL,-3.5,-3.5,-227.5,-227.5,True
NIF-2026-08-21-1346-cefc47,2026-08-21 13:46,NIFTY,NIFTY 24300 PE,PE,24300.0,65.0,89.65,88.1,14:13,POSITION_SIGNAL,-1.55,-1.55,-100.75,-100.75,True
NIF-2026-08-21-1422-56f117,2026-08-21 14:22,NIFTY,NIFTY 24300 CE,CE,24300.0,65.0,74.25,72.8,14:25,SIGNAL_FLIP,-1.45,-1.45,-94.25,-94.25,True
NIF-2026-08-21-1429-6d136b,2026-08-21 14:29,NIFTY,NIFTY 24300 CE,CE,24300.0,65.0,75.9,74.6,14:33,SIGNAL_FLIP,-1.3,-1.3,-84.5,-84.5,True
NIF-2026-08-21-1435-9ebc7d,2026-08-21 14:35,NIFTY,NIFTY 24300 PE,PE,24300.0,65.0,84.75,83.1,14:46,SIGNAL_FLIP,-1.65,-1.65,-107.25,-107.25,True
NIF-2026-08-21-1454-657e49,2026-08-21 14:54,NIFTY,NIFTY 24300 PE,PE,24300.0,65.0,85.2,82.7,15:02,SIGNAL_FLIP,-2.5,-2.5,-162.5,-162.5,True
NIF-2026-08-21-1505-61e19f,2026-08-21 15:05,NIFTY,NIFTY 24300 PE,PE,24300.0,65.0,85.7,83.0,15:07,SIGNAL_FLIP,-2.7,-2.7,-175.5,-175.5,True
NIF-2026-08-21-1510-7a5623,2026-08-21 15:10,NIFTY,NIFTY 24300 PE,PE,24300.0,65.0,84.7,81.6,15:20,POSITION_SIGNAL,-3.1,-3.1,-201.5,-201.5,True
NIF-2026-08-21-1523-c7d5cd,2026-08-21 15:23,NIFTY,NIFTY 24300 PE,PE,24300.0,65.0,84.1,83.35,15:29,SESSION_END,-0.75,-0.75,-48.75,-48.75,True
SEN-2026-08-21-0922-ffc718,2026-08-21 09:22,SENSEX,SENSEX 77700 PE,PE,77700.0,20.0,410.8,404.45,09:26,POSITION_SIGNAL,-6.35,-6.35,-127.0,-127.0,True
SEN-2026-08-21-0929-8c8fa5,2026-08-21 09:29,SENSEX,SENSEX 77700 CE,CE,77700.0,20.0,387.85,371.45,09:31,SIGNAL_FLIP,-16.4,-16.4,-328.0,-328.0,True
SEN-2026-08-21-0934-8c7491,2026-08-21 09:34,SENSEX,SENSEX 77600 PE,PE,77600.0,20.0,375.85,364.45,09:38,POSITION_SIGNAL,-11.4,-11.4,-228.0,-228.0,True
SEN-2026-08-21-0940-4bf8e0,2026-08-21 09:40,SENSEX,SENSEX 77700 CE,CE,77700.0,20.0,371.6,403.3,09:48,POSITION_SIGNAL,31.7,31.7,634.0,634.0,True
SEN-2026-08-21-0952-9231c9,2026-08-21 09:52,SENSEX,SENSEX 77800 CE,CE,77800.0,20.0,365.1,356.7,09:57,POSITION_SIGNAL,-8.4,-8.4,-168.0,-168.0,True
SEN-2026-08-21-0959-3d1b7a,2026-08-21 09:59,SENSEX,SENSEX 77800 CE,CE,77800.0,20.0,364.9,353.95,10:03,POSITION_SIGNAL,-10.95,-10.95,-219.0,-219.0,True
SEN-2026-08-21-1004-eb9dd9,2026-08-21 10:04,SENSEX,SENSEX 77700 PE,PE,77700.0,20.0,364.4,360.1,10:12,SIGNAL_FLIP,-4.3,-4.3,-86.0,-86.0,True
SEN-2026-08-21-1023-c6d421,2026-08-21 10:23,SENSEX,SENSEX 77800 CE,CE,77800.0,20.0,359.95,370.25,10:35,POSITION_SIGNAL,10.3,10.3,206.0,206.0,True
SEN-2026-08-21-1040-59d875,2026-08-21 10:40,SENSEX,SENSEX 77800 CE,CE,77800.0,20.0,372.75,368.1,10:48,POSITION_SIGNAL,-4.65,-4.65,-93.0,-93.0,True
SEN-2026-08-21-1051-16348b,2026-08-21 10:51,SENSEX,SENSEX 77800 CE,CE,77800.0,20.0,377.65,382.15,10:57,POSITION_SIGNAL,4.5,4.5,90.0,90.0,True
SEN-2026-08-21-1058-e5bb28,2026-08-21 10:58,SENSEX,SENSEX 77800 PE,PE,77800.0,20.0,384.85,375.75,11:00,SIGNAL_FLIP,-9.1,-9.1,-182.0,-182.0,True
SEN-2026-08-21-1106-dddabc,2026-08-21 11:06,SENSEX,SENSEX 77800 CE,CE,77800.0,20.0,389.75,379.4,11:17,POSITION_SIGNAL,-10.35,-10.35,-207.0,-207.0,True
SEN-2026-08-21-1119-16111b,2026-08-21 11:19,SENSEX,SENSEX 77800 PE,PE,77800.0,20.0,384.2,375.9,11:26,POSITION_SIGNAL,-8.3,-8.3,-166.0,-166.0,True
SEN-2026-08-21-1135-ab35be,2026-08-21 11:35,SENSEX,SENSEX 77800 CE,CE,77800.0,20.0,381.25,374.5,11:38,POSITION_SIGNAL,-6.75,-6.75,-135.0,-135.0,True
SEN-2026-08-21-1149-d8b00e,2026-08-21 11:49,SENSEX,SENSEX 77800 CE,CE,77800.0,20.0,371.05,367.05,11:54,POSITION_SIGNAL,-4.0,-4.0,-80.0,-80.0,True
SEN-2026-08-21-1155-21141f,2026-08-21 11:55,SENSEX,SENSEX 77800 PE,PE,77800.0,20.0,398.75,398.95,12:03,SIGNAL_FLIP,0.2,0.2,4.0,4.0,True
SEN-2026-08-21-1216-d5b0df,2026-08-21 12:16,SENSEX,SENSEX 77700 PE,PE,77700.0,20.0,368.8,355.8,12:20,SIGNAL_FLIP,-13.0,-13.0,-260.0,-260.0,True
SEN-2026-08-21-1230-0b64e9,2026-08-21 12:30,SENSEX,SENSEX 77700 PE,PE,77700.0,20.0,354.1,345.5,12:32,POSITION_SIGNAL,-8.6,-8.6,-172.0,-172.0,True
SEN-2026-08-21-1233-c7f09c,2026-08-21 12:33,SENSEX,SENSEX 77800 CE,CE,77800.0,20.0,350.5,348.85,12:39,SIGNAL_FLIP,-1.65,-1.65,-33.0,-33.0,True
SEN-2026-08-21-1258-ffb585,2026-08-21 12:58,SENSEX,SENSEX 77700 PE,PE,77700.0,20.0,368.8,354.65,13:02,POSITION_SIGNAL,-14.15,-14.15,-283.0,-283.0,True
SEN-2026-08-21-1308-050111,2026-08-21 13:08,SENSEX,SENSEX 77800 CE,CE,77800.0,20.0,349.95,350.7,13:13,POSITION_SIGNAL,0.75,0.75,15.0,15.0,True
SEN-2026-08-21-1315-294d57,2026-08-21 13:15,SENSEX,SENSEX 77800 PE,PE,77800.0,20.0,390.65,387.2,13:19,SIGNAL_FLIP,-3.45,-3.45,-69.0,-69.0,True
SEN-2026-08-21-1321-fe9304,2026-08-21 13:21,SENSEX,SENSEX 77700 PE,PE,77700.0,20.0,349.0,350.6,13:28,POSITION_SIGNAL,1.6,1.6,32.0,32.0,True
SEN-2026-08-21-1330-39a285,2026-08-21 13:30,SENSEX,SENSEX 77800 CE,CE,77800.0,20.0,341.7,334.25,13:32,SIGNAL_FLIP,-7.45,-7.45,-149.0,-149.0,True
SEN-2026-08-21-1336-fe067f,2026-08-21 13:36,SENSEX,SENSEX 77700 PE,PE,77700.0,20.0,364.2,361.45,13:44,POSITION_SIGNAL,-2.75,-2.75,-55.0,-55.0,True
SEN-2026-08-21-1400-fda7cf,2026-08-21 14:00,SENSEX,SENSEX 77700 PE,PE,77700.0,20.0,357.4,362.55,14:14,POSITION_SIGNAL,5.15,5.15,103.0,103.0,True
SEN-2026-08-21-1417-cf62a9,2026-08-21 14:17,SENSEX,SENSEX 77700 CE,CE,77700.0,20.0,378.7,382.45,14:25,SIGNAL_FLIP,3.75,3.75,75.0,75.0,True
SEN-2026-08-21-1429-49212d,2026-08-21 14:29,SENSEX,SENSEX 77700 CE,CE,77700.0,20.0,391.25,389.55,14:33,SIGNAL_FLIP,-1.7,-1.7,-34.0,-34.0,True
SEN-2026-08-21-1435-587751,2026-08-21 14:35,SENSEX,SENSEX 77700 PE,PE,77700.0,20.0,352.8,346.55,14:46,SIGNAL_FLIP,-6.25,-6.25,-125.0,-125.0,True
SEN-2026-08-21-1457-134555,2026-08-21 14:57,SENSEX,SENSEX 77700 PE,PE,77700.0,20.0,356.95,347.05,15:03,POSITION_SIGNAL,-9.9,-9.9,-198.0,-198.0,True
SEN-2026-08-21-1505-ec2ce6,2026-08-21 15:05,SENSEX,SENSEX 77700 PE,PE,77700.0,20.0,350.7,344.2,15:08,SIGNAL_FLIP,-6.5,-6.5,-130.0,-130.0,True
SEN-2026-08-21-1510-cfdfe9,2026-08-21 15:10,SENSEX,SENSEX 77700 PE,PE,77700.0,20.0,351.25,350.05,15:23,POSITION_SIGNAL,-1.2,-1.2,-24.0,-24.0,True
NIF-2026-08-25-0918-3c9889,2026-08-25 09:18,NIFTY,NIFTY 24150 CE,CE,24150.0,65.0,48.75,63.7,09:23,SIGNAL_FLIP,14.95,14.95,971.75,971.75,True
NIF-2026-08-25-0928-713ebd,2026-08-25 09:28,NIFTY,NIFTY 24200 CE,CE,24200.0,65.0,41.85,37.55,09:37,STOP_LOSS,-4.3,-4.3,-279.5,-279.5,True
NIF-2026-08-25-0940-658e71,2026-08-25 09:40,NIFTY,NIFTY 24200 PE,PE,24200.0,65.0,44.85,49.05,09:48,POSITION_SIGNAL,4.2,4.2,273.0,273.0,True
NIF-2026-08-25-0950-78b834,2026-08-25 09:50,NIFTY,NIFTY 24200 PE,PE,24200.0,65.0,49.55,57.2,09:57,POSITION_SIGNAL,7.65,7.65,497.25,497.25,True
NIF-2026-08-25-1002-eb11b5,2026-08-25 10:02,NIFTY,NIFTY 24150 PE,PE,24150.0,65.0,36.3,28.8,10:05,SIGNAL_FLIP,-7.5,-7.5,-487.5,-487.5,True
NIF-2026-08-25-1008-733716,2026-08-25 10:08,NIFTY,NIFTY 24150 PE,PE,24150.0,65.0,34.2,31.5,10:11,POSITION_SIGNAL,-2.7,-2.7,-175.5,-175.5,True
NIF-2026-08-25-1018-0c92a7,2026-08-25 10:18,NIFTY,NIFTY 24150 PE,PE,24150.0,65.0,34.2,37.55,10:28,POSITION_SIGNAL,3.35,3.35,217.75,217.75,True
NIF-2026-08-25-1034-ed5263,2026-08-25 10:34,NIFTY,NIFTY 24150 PE,PE,24150.0,65.0,35.8,32.9,10:44,POSITION_SIGNAL,-2.9,-2.9,-188.5,-188.5,True
NIF-2026-08-25-1045-b028f1,2026-08-25 10:45,NIFTY,NIFTY 24150 CE,CE,24150.0,65.0,33.1,39.55,10:55,POSITION_SIGNAL,6.45,6.45,419.25,419.25,True
NIF-2026-08-25-1100-aa469a,2026-08-25 11:00,NIFTY,NIFTY 24150 PE,PE,24150.0,65.0,28.0,29.35,11:05,SIGNAL_FLIP,1.35,1.35,87.75,87.75,True
NIF-2026-08-25-1109-730bd6,2026-08-25 11:09,NIFTY,NIFTY 24150 CE,CE,24150.0,65.0,33.8,32.85,11:12,SIGNAL_FLIP,-0.95,-0.95,-61.75,-61.75,True
NIF-2026-08-25-1115-a59620,2026-08-25 11:15,NIFTY,NIFTY 24150 CE,CE,24150.0,65.0,37.9,35.95,11:18,SIGNAL_FLIP,-1.95,-1.95,-126.75,-126.75,True
NIF-2026-08-25-1120-f575e6,2026-08-25 11:20,NIFTY,NIFTY 24150 CE,CE,24150.0,65.0,37.0,37.8,11:24,SIGNAL_FLIP,0.8,0.8,52.0,52.0,True
NIF-2026-08-25-1126-279fa4,2026-08-25 11:26,NIFTY,NIFTY 24150 CE,CE,24150.0,65.0,41.45,36.0,11:29,STOP_LOSS,-5.45,-5.45,-354.25,-354.25,True
NIF-2026-08-25-1133-06e997,2026-08-25 11:33,NIFTY,NIFTY 24150 CE,CE,24150.0,65.0,41.75,37.1,11:35,SIGNAL_FLIP,-4.65,-4.65,-302.25,-302.25,True
NIF-2026-08-25-1139-c5aec6,2026-08-25 11:39,NIFTY,NIFTY 24150 CE,CE,24150.0,65.0,39.9,37.4,11:45,POSITION_SIGNAL,-2.5,-2.5,-162.5,-162.5,True
NIF-2026-08-25-1148-cca93f,2026-08-25 11:48,NIFTY,NIFTY 24150 PE,PE,24150.0,65.0,24.9,23.55,11:51,POSITION_SIGNAL,-1.35,-1.35,-87.75,-87.75,True
NIF-2026-08-25-1152-0bd00f,2026-08-25 11:52,NIFTY,NIFTY 24150 CE,CE,24150.0,65.0,40.4,52.5,12:01,POSITION_SIGNAL,12.1,12.1,786.5,786.5,True
NIF-2026-08-25-1204-bcfd3e,2026-08-25 12:04,NIFTY,NIFTY 24200 CE,CE,24200.0,65.0,27.0,25.4,12:09,POSITION_SIGNAL,-1.6,-1.6,-104.0,-104.0,True
NIF-2026-08-25-1220-e5068e,2026-08-25 12:20,NIFTY,NIFTY 24200 CE,CE,24200.0,65.0,23.9,21.2,12:25,STOP_LOSS,-2.7,-2.7,-175.5,-175.5,True
NIF-2026-08-25-1232-34f090,2026-08-25 12:32,NIFTY,NIFTY 24200 CE,CE,24200.0,65.0,22.05,21.25,12:37,POSITION_SIGNAL,-0.8,-0.8,-52.0,-52.0,True
NIF-2026-08-25-1239-d4665b,2026-08-25 12:39,NIFTY,NIFTY 24200 PE,PE,24200.0,65.0,39.8,44.0,12:50,POSITION_SIGNAL,4.2,4.2,273.0,273.0,True
NIF-2026-08-25-1251-02a4ce,2026-08-25 12:51,NIFTY,NIFTY 24150 CE,CE,24150.0,65.0,39.6,38.1,12:55,POSITION_SIGNAL,-1.5,-1.5,-97.5,-97.5,True
NIF-2026-08-25-1256-db0e78,2026-08-25 12:56,NIFTY,NIFTY 24150 PE,PE,24150.0,65.0,17.95,17.55,13:00,POSITION_SIGNAL,-0.4,-0.4,-26.0,-26.0,True
NIF-2026-08-25-1308-a45af3,2026-08-25 13:08,NIFTY,NIFTY 24150 PE,PE,24150.0,65.0,25.0,23.4,13:12,POSITION_SIGNAL,-1.6,-1.6,-104.0,-104.0,True
NIF-2026-08-25-1314-9f027a,2026-08-25 13:14,NIFTY,NIFTY 24150 PE,PE,24150.0,65.0,29.15,29.7,13:22,POSITION_SIGNAL,0.55,0.55,35.75,35.75,True
NIF-2026-08-25-1323-963e1c,2026-08-25 13:23,NIFTY,NIFTY 24150 PE,PE,24150.0,65.0,31.75,30.55,13:28,POSITION_SIGNAL,-1.2,-1.2,-78.0,-78.0,True
NIF-2026-08-25-1344-91a2e5,2026-08-25 13:44,NIFTY,NIFTY 24150 PE,PE,24150.0,65.0,26.1,20.6,13:52,SIGNAL_FLIP,-5.5,-5.5,-357.5,-357.5,True
NIF-2026-08-25-1406-7e7027,2026-08-25 14:06,NIFTY,NIFTY 24150 CE,CE,24150.0,65.0,32.85,33.15,14:14,POSITION_SIGNAL,0.3,0.3,19.5,19.5,True
NIF-2026-08-25-1415-cd99ea,2026-08-25 14:15,NIFTY,NIFTY 24150 PE,PE,24150.0,65.0,14.0,13.6,14:17,SIGNAL_FLIP,-0.4,-0.4,-26.0,-26.0,True
SEN-2026-08-25-1146-245353,2026-08-25 11:46,SENSEX,SENSEX 77300 PE,PE,77300.0,20.0,255.2,242.05,11:52,SIGNAL_FLIP,-13.15,-13.15,-263.0,-263.0,True
NIF-2026-08-25-1421-4bdbf3,2026-08-25 14:21,NIFTY,NIFTY 24150 CE,CE,24150.0,65.0,36.6,39.3,14:26,POSITION_SIGNAL,2.7,2.7,175.5,175.5,True
NIF-2026-08-25-1427-cbb254,2026-08-25 14:27,NIFTY,NIFTY 24200 CE,CE,24200.0,65.0,16.5,28.2,14:37,POSITION_SIGNAL,11.7,11.7,760.5,760.5,True
NIF-2026-08-25-1440-1768cf,2026-08-25 14:40,NIFTY,NIFTY 24200 CE,CE,24200.0,65.0,34.8,66.0,14:56,POSITION_SIGNAL,31.2,31.2,2028.0,2028.0,True
NIF-2026-08-25-1459-139055,2026-08-25 14:59,NIFTY,NIFTY 24250 CE,CE,24250.0,65.0,32.15,25.15,15:00,STOP_LOSS,-7.0,-7.0,-455.0,-455.0,True
NIF-2026-08-25-1510-9a0ae6,2026-08-25 15:10,NIFTY,NIFTY 24250 CE,CE,24250.0,65.0,27.7,25.8,15:15,POSITION_SIGNAL,-1.9,-1.9,-123.5,-123.5,True
SEN-2026-08-25-0920-27d5f5,2026-08-25 09:20,SENSEX,SENSEX 77400 CE,CE,77400.0,20.0,306.1,314.95,09:24,POSITION_SIGNAL,8.85,8.85,177.0,177.0,True
SEN-2026-08-25-0926-321348,2026-08-25 09:26,SENSEX,SENSEX 77400 CE,CE,77400.0,20.0,307.2,316.0,09:37,SIGNAL_FLIP,8.8,8.8,176.0,176.0,True
SEN-2026-08-25-0940-61d4bb,2026-08-25 09:40,SENSEX,SENSEX 77400 PE,PE,77400.0,20.0,273.4,291.75,09:48,SIGNAL_FLIP,18.35,18.35,367.0,367.0,True
SEN-2026-08-25-0950-e77203,2026-08-25 09:50,SENSEX,SENSEX 77400 PE,PE,77400.0,20.0,302.35,317.8,09:57,SIGNAL_FLIP,15.45,15.45,309.0,309.0,True
SEN-2026-08-25-1000-d65c9e,2026-08-25 10:00,SENSEX,SENSEX 77300 PE,PE,77300.0,20.0,278.4,267.2,10:06,SIGNAL_FLIP,-11.2,-11.2,-224.0,-224.0,True
SEN-2026-08-25-1008-a8fd68,2026-08-25 10:08,SENSEX,SENSEX 77300 PE,PE,77300.0,20.0,280.6,278.55,10:12,POSITION_SIGNAL,-2.05,-2.05,-41.0,-41.0,True
SEN-2026-08-25-1014-824f7a,2026-08-25 10:14,SENSEX,SENSEX 77300 PE,PE,77300.0,20.0,281.65,295.35,10:31,SIGNAL_FLIP,13.7,13.7,274.0,274.0,True
SEN-2026-08-25-1037-c2802b,2026-08-25 10:37,SENSEX,SENSEX 77300 PE,PE,77300.0,20.0,296.4,286.3,10:43,POSITION_SIGNAL,-10.1,-10.1,-202.0,-202.0,True
SEN-2026-08-25-1252-bc0da0,2026-08-25 12:52,SENSEX,SENSEX 77400 CE,CE,77400.0,20.0,262.0,257.75,12:55,SIGNAL_FLIP,-4.25,-4.25,-85.0,-85.0,True
SEN-2026-08-25-1045-f53502,2026-08-25 10:45,SENSEX,SENSEX 77300 CE,CE,77300.0,20.0,276.95,299.3,10:54,POSITION_SIGNAL,22.35,22.35,447.0,447.0,True
SEN-2026-08-25-1055-e6a832,2026-08-25 10:55,SENSEX,SENSEX 77300 PE,PE,77300.0,20.0,255.55,270.8,11:09,POSITION_SIGNAL,15.25,15.25,305.0,305.0,True
SEN-2026-08-25-1112-ef5d42,2026-08-25 11:12,SENSEX,SENSEX 77300 PE,PE,77300.0,20.0,278.65,256.1,11:15,SIGNAL_FLIP,-22.55,-22.55,-451.0,-451.0,True
SEN-2026-08-25-1121-103682,2026-08-25 11:21,SENSEX,SENSEX 77300 CE,CE,77300.0,20.0,295.65,301.45,11:25,SIGNAL_FLIP,5.8,5.8,116.0,116.0,True
SEN-2026-08-25-1127-57ad9c,2026-08-25 11:27,SENSEX,SENSEX 77400 CE,CE,77400.0,20.0,251.35,247.9,11:28,SIGNAL_FLIP,-3.45,-3.45,-69.0,-69.0,True
SEN-2026-08-25-1132-bdd536,2026-08-25 11:32,SENSEX,SENSEX 77300 CE,CE,77300.0,20.0,296.05,292.35,11:36,SIGNAL_FLIP,-3.7,-3.7,-74.0,-74.0,True
SEN-2026-08-25-1139-0afa2d,2026-08-25 11:39,SENSEX,SENSEX 77400 CE,CE,77400.0,20.0,250.6,247.0,11:44,POSITION_SIGNAL,-3.6,-3.6,-72.0,-72.0,True
SEN-2026-08-25-1155-5abdf4,2026-08-25 11:55,SENSEX,SENSEX 77400 CE,CE,77400.0,20.0,273.15,279.5,12:01,POSITION_SIGNAL,6.35,6.35,127.0,127.0,True
SEN-2026-08-25-1202-e919a8,2026-08-25 12:02,SENSEX,SENSEX 77400 PE,PE,77400.0,20.0,252.75,239.0,12:04,SIGNAL_FLIP,-13.75,-13.75,-275.0,-275.0,True
SEN-2026-08-25-1208-5a9dfb,2026-08-25 12:08,SENSEX,SENSEX 77400 CE,CE,77400.0,20.0,293.4,282.1,12:10,SIGNAL_FLIP,-11.3,-11.3,-226.0,-226.0,True
SEN-2026-08-25-1213-e22e83,2026-08-25 12:13,SENSEX,SENSEX 77400 CE,CE,77400.0,20.0,292.35,285.85,12:20,POSITION_SIGNAL,-6.5,-6.5,-130.0,-130.0,True
SEN-2026-08-25-1223-645807,2026-08-25 12:23,SENSEX,SENSEX 77400 CE,CE,77400.0,20.0,290.75,268.9,12:27,POSITION_SIGNAL,-21.85,-21.85,-437.0,-437.0,True
SEN-2026-08-25-1230-e6a762,2026-08-25 12:30,SENSEX,SENSEX 77400 CE,CE,77400.0,20.0,277.45,272.7,12:31,SIGNAL_FLIP,-4.75,-4.75,-95.0,-95.0,True
SEN-2026-08-25-1234-9f233d,2026-08-25 12:34,SENSEX,SENSEX 77400 CE,CE,77400.0,20.0,281.65,265.0,12:39,POSITION_SIGNAL,-16.65,-16.65,-333.0,-333.0,True
SEN-2026-08-25-1302-06bc21,2026-08-25 13:02,SENSEX,SENSEX 77300 PE,PE,77300.0,20.0,242.85,242.1,13:11,POSITION_SIGNAL,-0.75,-0.75,-15.0,-15.0,True
SEN-2026-08-25-1314-53c3c3,2026-08-25 13:14,SENSEX,SENSEX 77300 PE,PE,77300.0,20.0,259.05,263.25,13:29,POSITION_SIGNAL,4.2,4.2,84.0,84.0,True
SEN-2026-08-25-1335-671c35,2026-08-25 13:35,SENSEX,SENSEX 77300 PE,PE,77300.0,20.0,266.15,254.0,13:38,POSITION_SIGNAL,-12.15,-12.15,-243.0,-243.0,True
SEN-2026-08-25-1344-0bd8da,2026-08-25 13:44,SENSEX,SENSEX 77300 PE,PE,77300.0,20.0,251.45,230.5,13:52,POSITION_SIGNAL,-20.95,-20.95,-419.0,-419.0,True
SEN-2026-08-25-1356-e89edb,2026-08-25 13:56,SENSEX,SENSEX 77400 CE,CE,77400.0,20.0,265.35,247.2,13:58,POSITION_SIGNAL,-18.15,-18.15,-363.0,-363.0,True
SEN-2026-08-25-1359-0a8a6a,2026-08-25 13:59,SENSEX,SENSEX 77400 PE,PE,77400.0,20.0,262.9,261.85,14:03,SIGNAL_FLIP,-1.05,-1.05,-21.0,-21.0,True
NIF-2026-08-27-1031-fb4b4b,2026-08-27 10:31,NIFTY,NIFTY 24250 PE,PE,24250.0,65.0,112.85,106.7,10:33,SIGNAL_FLIP,-6.15,-6.15,-399.75,-399.75,True
SEN-2026-08-25-1405-3d1130,2026-08-25 14:05,SENSEX,SENSEX 77400 CE,CE,77400.0,20.0,243.9,253.4,14:14,POSITION_SIGNAL,9.5,9.5,190.0,190.0,True
SEN-2026-08-25-1418-b32f63,2026-08-25 14:18,SENSEX,SENSEX 77400 CE,CE,77400.0,20.0,257.85,389.55,14:36,POSITION_SIGNAL,131.7,131.7,2634.0,2634.0,True
SEN-2026-08-25-1437-8841da,2026-08-25 14:37,SENSEX,SENSEX 77600 PE,PE,77600.0,20.0,244.8,238.15,14:40,SIGNAL_FLIP,-6.65,-6.65,-133.0,-133.0,True
SEN-2026-08-25-1450-501bd6,2026-08-25 14:50,SENSEX,SENSEX 77700 CE,CE,77700.0,20.0,253.65,273.75,15:00,POSITION_SIGNAL,20.1,20.1,402.0,402.0,True
SEN-2026-08-25-1503-4b70c7,2026-08-25 15:03,SENSEX,SENSEX 77800 CE,CE,77800.0,20.0,228.1,229.95,15:15,SIGNAL_FLIP,1.85,1.85,37.0,37.0,True
SEN-2026-08-25-1519-012964,2026-08-25 15:19,SENSEX,SENSEX 77800 CE,CE,77800.0,20.0,261.35,250.0,15:24,POSITION_SIGNAL,-11.35,-11.35,-227.0,-227.0,True
NIF-2026-08-27-0923-23fec3,2026-08-27 09:23,NIFTY,NIFTY 24300 PE,PE,24300.0,65.0,110.7,115.05,09:35,POSITION_SIGNAL,4.35,4.35,282.75,282.75,True
NIF-2026-08-27-0937-41a843,2026-08-27 09:37,NIFTY,NIFTY 24250 PE,PE,24250.0,65.0,99.6,97.05,09:41,SIGNAL_FLIP,-2.55,-2.55,-165.75,-165.75,True
NIF-2026-08-27-0945-e15373,2026-08-27 09:45,NIFTY,NIFTY 24250 CE,CE,24250.0,65.0,113.05,113.95,09:50,SIGNAL_FLIP,0.9,0.9,58.5,58.5,True
NIF-2026-08-27-0954-a00f4f,2026-08-27 09:54,NIFTY,NIFTY 24250 CE,CE,24250.0,65.0,111.35,107.3,09:55,SIGNAL_FLIP,-4.05,-4.05,-263.25,-263.25,True
NIF-2026-08-27-1004-32ee31,2026-08-27 10:04,NIFTY,NIFTY 24250 CE,CE,24250.0,65.0,101.6,98.9,10:05,SIGNAL_FLIP,-2.7,-2.7,-175.5,-175.5,True
NIF-2026-08-27-1013-073d6c,2026-08-27 10:13,NIFTY,NIFTY 24250 PE,PE,24250.0,65.0,107.5,107.7,10:17,SIGNAL_FLIP,0.2,0.2,13.0,13.0,True
NIF-2026-08-27-1026-b7d5d8,2026-08-27 10:26,NIFTY,NIFTY 24250 PE,PE,24250.0,65.0,111.9,109.65,10:30,POSITION_SIGNAL,-2.25,-2.25,-146.25,-146.25,True
NIF-2026-08-27-1036-ccd84c,2026-08-27 10:36,NIFTY,NIFTY 24250 PE,PE,24250.0,65.0,109.9,107.35,10:39,POSITION_SIGNAL,-2.55,-2.55,-165.75,-165.75,True
NIF-2026-08-27-1041-978b9f,2026-08-27 10:41,NIFTY,NIFTY 24250 PE,PE,24250.0,65.0,112.05,124.45,11:00,POSITION_SIGNAL,12.4,12.4,806.0,806.0,True
NIF-2026-08-27-1105-d77168,2026-08-27 11:05,NIFTY,NIFTY 24200 CE,CE,24200.0,65.0,116.5,114.5,11:12,SIGNAL_FLIP,-2.0,-2.0,-130.0,-130.0,True
NIF-2026-08-27-1127-1d2b8a,2026-08-27 11:27,NIFTY,NIFTY 24200 PE,PE,24200.0,65.0,113.8,110.3,11:31,POSITION_SIGNAL,-3.5,-3.5,-227.5,-227.5,True
NIF-2026-08-27-1143-10d805,2026-08-27 11:43,NIFTY,NIFTY 24200 PE,PE,24200.0,65.0,102.1,100.3,11:53,POSITION_SIGNAL,-1.8,-1.8,-117.0,-117.0,True
NIF-2026-08-27-1154-7d2c7a,2026-08-27 11:54,NIFTY,NIFTY 24200 CE,CE,24200.0,65.0,114.15,113.15,12:01,POSITION_SIGNAL,-1.0,-1.0,-65.0,-65.0,True
NIF-2026-08-27-1202-577013,2026-08-27 12:02,NIFTY,NIFTY 24200 PE,PE,24200.0,65.0,103.4,97.0,12:14,SIGNAL_FLIP,-6.4,-6.4,-416.0,-416.0,True
NIF-2026-08-27-1219-6111b8,2026-08-27 12:19,NIFTY,NIFTY 24200 PE,PE,24200.0,65.0,99.3,95.65,12:26,SIGNAL_FLIP,-3.65,-3.65,-237.25,-237.25,True
NIF-2026-08-27-1228-d50dbf,2026-08-27 12:28,NIFTY,NIFTY 24200 CE,CE,24200.0,65.0,117.75,115.1,12:30,SIGNAL_FLIP,-2.65,-2.65,-172.25,-172.25,True
NIF-2026-08-27-1232-cbd4e7,2026-08-27 12:32,NIFTY,NIFTY 24200 PE,PE,24200.0,65.0,96.4,93.9,12:35,POSITION_SIGNAL,-2.5,-2.5,-162.5,-162.5,True
NIF-2026-08-27-1243-59ce49,2026-08-27 12:43,NIFTY,NIFTY 24250 PE,PE,24250.0,65.0,106.15,103.45,12:46,SIGNAL_FLIP,-2.7,-2.7,-175.5,-175.5,True
NIF-2026-08-27-1247-02ef37,2026-08-27 12:47,NIFTY,NIFTY 24250 PE,PE,24250.0,65.0,105.35,99.9,12:50,POSITION_SIGNAL,-5.45,-5.45,-354.25,-354.25,True
NIF-2026-08-27-1252-5e2276,2026-08-27 12:52,NIFTY,NIFTY 24250 CE,CE,24250.0,65.0,102.9,106.0,12:57,POSITION_SIGNAL,3.1,3.1,201.5,201.5,True
NIF-2026-08-27-1258-a074ac,2026-08-27 12:58,NIFTY,NIFTY 24250 PE,PE,24250.0,65.0,95.55,95.8,13:05,SIGNAL_FLIP,0.25,0.25,16.25,16.25,True
NIF-2026-08-27-1306-b471be,2026-08-27 13:06,NIFTY,NIFTY 24250 PE,PE,24250.0,65.0,99.05,96.3,13:09,SIGNAL_FLIP,-2.75,-2.75,-178.75,-178.75,True
NIF-2026-08-27-1318-d14c6e,2026-08-27 13:18,NIFTY,NIFTY 24250 PE,PE,24250.0,65.0,95.05,94.4,13:20,SIGNAL_FLIP,-0.65,-0.65,-42.25,-42.25,True
NIF-2026-08-27-1323-da033c,2026-08-27 13:23,NIFTY,NIFTY 24250 PE,PE,24250.0,65.0,97.5,93.3,13:26,SIGNAL_FLIP,-4.2,-4.2,-273.0,-273.0,True
NIF-2026-08-27-1327-0d0c4a,2026-08-27 13:27,NIFTY,NIFTY 24250 PE,PE,24250.0,65.0,94.55,96.6,13:35,SIGNAL_FLIP,2.05,2.05,133.25,133.25,True
NIF-2026-08-27-1338-c6ec85,2026-08-27 13:38,NIFTY,NIFTY 24250 PE,PE,24250.0,65.0,98.0,123.4,14:06,POSITION_SIGNAL,25.4,25.4,1651.0,1651.0,True
NIF-2026-08-27-1409-e8ebe1,2026-08-27 14:09,NIFTY,NIFTY 24200 PE,PE,24200.0,65.0,102.85,95.45,14:12,SIGNAL_FLIP,-7.4,-7.4,-481.0,-481.0,True
NIF-2026-08-27-1425-366f6e,2026-08-27 14:25,NIFTY,NIFTY 24200 PE,PE,24200.0,65.0,91.0,85.7,14:28,POSITION_SIGNAL,-5.3,-5.3,-344.5,-344.5,True
NIF-2026-08-27-1430-705fef,2026-08-27 14:30,NIFTY,NIFTY 24250 CE,CE,24250.0,65.0,93.3,87.6,14:32,SIGNAL_FLIP,-5.7,-5.7,-370.5,-370.5,True
NIF-2026-08-27-1438-a9005d,2026-08-27 14:38,NIFTY,NIFTY 24250 PE,PE,24250.0,65.0,109.8,106.2,14:39,SIGNAL_FLIP,-3.6,-3.6,-234.0,-234.0,True
NIF-2026-08-27-1442-548afd,2026-08-27 14:42,NIFTY,NIFTY 24250 PE,PE,24250.0,65.0,107.9,106.7,14:47,POSITION_SIGNAL,-1.2,-1.2,-78.0,-78.0,True
NIF-2026-08-27-1449-4e0591,2026-08-27 14:49,NIFTY,NIFTY 24250 CE,CE,24250.0,65.0,92.85,90.1,14:51,SIGNAL_FLIP,-2.75,-2.75,-178.75,-178.75,True
NIF-2026-08-27-1455-0b0baa,2026-08-27 14:55,NIFTY,NIFTY 24250 CE,CE,24250.0,65.0,93.4,91.5,14:58,SIGNAL_FLIP,-1.9,-1.9,-123.5,-123.5,True
NIF-2026-08-27-1500-6c1cfa,2026-08-27 15:00,NIFTY,NIFTY 24250 CE,CE,24250.0,65.0,93.95,91.75,15:04,SIGNAL_FLIP,-2.2,-2.2,-143.0,-143.0,True
NIF-2026-08-27-1511-2ea8a5,2026-08-27 15:11,NIFTY,NIFTY 24200 PE,PE,24200.0,65.0,90.1,86.05,15:18,POSITION_SIGNAL,-4.05,-4.05,-263.25,-263.25,True
NIF-2026-08-27-1525-7c711d,2026-08-27 15:25,NIFTY,NIFTY 24200 PE,PE,24200.0,65.0,104.0,110.6,15:29,SESSION_END,6.6,6.6,429.0,429.0,True
SEN-2026-08-27-0919-983122,2026-08-27 09:19,SENSEX,SENSEX 77600 PE,PE,77600.0,20.0,141.9,151.15,09:21,SIGNAL_FLIP,9.25,9.25,185.0,185.0,True
SEN-2026-08-27-0923-5ef83c,2026-08-27 09:23,SENSEX,SENSEX 77500 PE,PE,77500.0,20.0,121.2,141.1,09:35,POSITION_SIGNAL,19.9,19.9,398.0,398.0,True
SEN-2026-08-27-0942-e2aef5,2026-08-27 09:42,SENSEX,SENSEX 77400 CE,CE,77400.0,20.0,157.35,164.55,09:51,SIGNAL_FLIP,7.2,7.2,144.0,144.0,True
SEN-2026-08-27-0955-213a1a,2026-08-27 09:55,SENSEX,SENSEX 77500 PE,PE,77500.0,20.0,153.0,164.6,10:04,SIGNAL_FLIP,11.6,11.6,232.0,232.0,True
SEN-2026-08-27-1005-ec76e5,2026-08-27 10:05,SENSEX,SENSEX 77400 PE,PE,77400.0,20.0,120.05,107.7,10:10,STOP_LOSS,-12.35,-12.35,-247.0,-247.0,True
SEN-2026-08-27-1013-f1567f,2026-08-27 10:13,SENSEX,SENSEX 77400 PE,PE,77400.0,20.0,117.5,122.1,10:18,POSITION_SIGNAL,4.6,4.6,92.0,92.0,True
SEN-2026-08-27-1022-6ff809,2026-08-27 10:22,SENSEX,SENSEX 77400 PE,PE,77400.0,20.0,125.25,118.2,10:28,POSITION_SIGNAL,-7.05,-7.05,-141.0,-141.0,True
SEN-2026-08-27-1029-cb88fd,2026-08-27 10:29,SENSEX,SENSEX 77400 CE,CE,77400.0,20.0,116.8,115.15,10:30,SIGNAL_FLIP,-1.65,-1.65,-33.0,-33.0,True
SEN-2026-08-27-1033-278311,2026-08-27 10:33,SENSEX,SENSEX 77400 CE,CE,77400.0,20.0,125.0,115.15,10:36,SIGNAL_FLIP,-9.85,-9.85,-197.0,-197.0,True
SEN-2026-08-27-1042-db8723,2026-08-27 10:42,SENSEX,SENSEX 77400 PE,PE,77400.0,20.0,125.7,176.55,10:59,POSITION_SIGNAL,50.85,50.85,1017.0,1017.0,True
SEN-2026-08-27-1101-365ded,2026-08-27 11:01,SENSEX,SENSEX 77300 PE,PE,77300.0,20.0,125.85,109.3,11:03,STOP_LOSS,-16.55,-16.55,-331.0,-331.0,True
SEN-2026-08-27-1105-a41ad2,2026-08-27 11:05,SENSEX,SENSEX 77300 CE,CE,77300.0,20.0,144.25,140.3,11:10,POSITION_SIGNAL,-3.95,-3.95,-79.0,-79.0,True
SEN-2026-08-27-1111-59609a,2026-08-27 11:11,SENSEX,SENSEX 77300 PE,PE,77300.0,20.0,112.75,156.65,11:31,POSITION_SIGNAL,43.9,43.9,878.0,878.0,True
SEN-2026-08-27-1135-f48d6b,2026-08-27 11:35,SENSEX,SENSEX 77300 CE,CE,77300.0,20.0,126.6,122.85,11:42,SIGNAL_FLIP,-3.75,-3.75,-75.0,-75.0,True
SEN-2026-08-27-1150-90a697,2026-08-27 11:50,SENSEX,SENSEX 77300 PE,PE,77300.0,20.0,145.05,132.15,11:53,POSITION_SIGNAL,-12.9,-12.9,-258.0,-258.0,True
SEN-2026-08-27-1203-1f627d,2026-08-27 12:03,SENSEX,SENSEX 77300 PE,PE,77300.0,20.0,127.15,118.85,12:14,POSITION_SIGNAL,-8.3,-8.3,-166.0,-166.0,True
SEN-2026-08-27-1216-852b79,2026-08-27 12:16,SENSEX,SENSEX 77300 CE,CE,77300.0,20.0,129.85,117.75,12:19,POSITION_SIGNAL,-12.1,-12.1,-242.0,-242.0,True
SEN-2026-08-27-1220-3d875a,2026-08-27 12:20,SENSEX,SENSEX 77300 PE,PE,77300.0,20.0,130.8,125.25,12:25,POSITION_SIGNAL,-5.55,-5.55,-111.0,-111.0,True
SEN-2026-08-27-1227-f08d18,2026-08-27 12:27,SENSEX,SENSEX 77300 CE,CE,77300.0,20.0,137.0,124.9,12:30,SIGNAL_FLIP,-12.1,-12.1,-242.0,-242.0,True
SEN-2026-08-27-1235-57d5f2,2026-08-27 12:35,SENSEX,SENSEX 77300 CE,CE,77300.0,20.0,134.85,149.25,12:43,SIGNAL_FLIP,14.4,14.4,288.0,288.0,True
SEN-2026-08-27-1244-36c058,2026-08-27 12:44,SENSEX,SENSEX 77400 CE,CE,77400.0,20.0,109.0,103.65,12:45,SIGNAL_FLIP,-5.35,-5.35,-107.0,-107.0,True
SEN-2026-08-27-1246-9398c5,2026-08-27 12:46,SENSEX,SENSEX 77400 CE,CE,77400.0,20.0,106.75,99.7,12:47,SIGNAL_FLIP,-7.05,-7.05,-141.0,-141.0,True
SEN-2026-08-27-1259-ee5dc4,2026-08-27 12:59,SENSEX,SENSEX 77400 PE,PE,77400.0,20.0,98.35,93.3,13:03,SIGNAL_FLIP,-5.05,-5.05,-101.0,-101.0,True
SEN-2026-08-27-1306-8d2a43,2026-08-27 13:06,SENSEX,SENSEX 77400 PE,PE,77400.0,20.0,101.6,95.25,13:09,SIGNAL_FLIP,-6.35,-6.35,-127.0,-127.0,True
SEN-2026-08-27-1311-8f8001,2026-08-27 13:11,SENSEX,SENSEX 77400 CE,CE,77400.0,20.0,115.75,113.15,13:21,SIGNAL_FLIP,-2.6,-2.6,-52.0,-52.0,True
SEN-2026-08-27-1331-682357,2026-08-27 13:31,SENSEX,SENSEX 77400 PE,PE,77400.0,20.0,103.45,92.45,13:35,STOP_LOSS,-11.0,-11.0,-220.0,-220.0,True
SEN-2026-08-27-1336-6c1cd6,2026-08-27 13:36,SENSEX,SENSEX 77400 CE,CE,77400.0,20.0,89.65,90.45,13:38,POSITION_SIGNAL,0.8,0.8,16.0,16.0,True
SEN-2026-08-27-1341-3655bf,2026-08-27 13:41,SENSEX,SENSEX 77400 PE,PE,77400.0,20.0,106.65,198.3,14:01,POSITION_SIGNAL,91.65,91.65,1833.0,1833.0,True
SEN-2026-08-27-1403-d3afae,2026-08-27 14:03,SENSEX,SENSEX 77200 PE,PE,77200.0,20.0,76.35,69.75,14:07,POSITION_SIGNAL,-6.6,-6.6,-132.0,-132.0,True
SEN-2026-08-27-1414-74d1f7,2026-08-27 14:14,SENSEX,SENSEX 77200 PE,PE,77200.0,20.0,72.25,64.65,14:17,STOP_LOSS,-7.6,-7.6,-152.0,-152.0,True
SEN-2026-08-27-1419-1fc958,2026-08-27 14:19,SENSEX,SENSEX 77200 PE,PE,77200.0,20.0,67.15,55.3,14:20,STOP_LOSS,-11.85,-11.85,-237.0,-237.0,True
SEN-2026-09-01-1445-b26bc1,2026-09-01 14:45,SENSEX,SENSEX 76800 PE,PE,76800.0,20.0,317.35,290.9,14:51,POSITION_SIGNAL,-26.45,-26.45,-529.0,-529.0,True
SEN-2026-08-27-1423-0ff41a,2026-08-27 14:23,SENSEX,SENSEX 77300 PE,PE,77300.0,20.0,102.0,97.55,14:24,SIGNAL_FLIP,-4.45,-4.45,-89.0,-89.0,True
SEN-2026-08-27-1430-d2f98a,2026-08-27 14:30,SENSEX,SENSEX 77300 CE,CE,77300.0,20.0,108.95,92.7,14:31,STOP_LOSS,-16.25,-16.25,-325.0,-325.0,True
SEN-2026-08-27-1432-08dca2,2026-08-27 14:32,SENSEX,SENSEX 77300 PE,PE,77300.0,20.0,84.6,78.1,14:39,POSITION_SIGNAL,-6.5,-6.5,-130.0,-130.0,True
SEN-2026-08-27-1442-a3f4e7,2026-08-27 14:42,SENSEX,SENSEX 77300 PE,PE,77300.0,20.0,85.75,89.65,14:47,SIGNAL_FLIP,3.9,3.9,78.0,78.0,True
SEN-2026-08-27-1500-66fd5e,2026-08-27 15:00,SENSEX,SENSEX 77300 CE,CE,77300.0,20.0,93.25,82.85,15:02,STOP_LOSS,-10.4,-10.4,-208.0,-208.0,True
SEN-2026-08-27-1505-adfe7b,2026-08-27 15:05,SENSEX,SENSEX 77300 PE,PE,77300.0,20.0,102.5,107.25,15:10,POSITION_SIGNAL,4.75,4.75,95.0,95.0,True
SEN-2026-08-27-1511-c4b003,2026-08-27 15:11,SENSEX,SENSEX 77300 CE,CE,77300.0,20.0,64.7,52.35,15:13,SIGNAL_FLIP,-12.35,-12.35,-247.0,-247.0,True
SEN-2026-08-27-1516-cb6a5b,2026-08-27 15:16,SENSEX,SENSEX 77300 CE,CE,77300.0,20.0,71.3,64.0,15:17,STOP_LOSS,-7.3,-7.3,-146.0,-146.0,True
SEN-2026-08-27-1523-5b97e8,2026-08-27 15:23,SENSEX,SENSEX 77200 PE,PE,77200.0,20.0,106.85,306.2,15:29,SESSION_END,199.35,199.35,3987.0,3987.0,True
NIF-2026-08-28-0920-379128,2026-08-28 09:20,NIFTY,NIFTY 24150 PE,PE,24150.0,65.0,85.35,77.1,09:22,SIGNAL_FLIP,-8.25,-8.25,-536.25,-536.25,True
NIF-2026-08-28-0925-6c5bb1,2026-08-28 09:25,NIFTY,NIFTY 24200 CE,CE,24200.0,65.0,97.25,105.65,09:31,POSITION_SIGNAL,8.4,8.4,546.0,546.0,True
NIF-2026-08-28-0933-5f8f50,2026-08-28 09:33,NIFTY,NIFTY 24200 CE,CE,24200.0,65.0,106.9,103.95,09:36,SIGNAL_FLIP,-2.95,-2.95,-191.75,-191.75,True
NIF-2026-08-28-0940-e6e2b9,2026-08-28 09:40,NIFTY,NIFTY 24200 CE,CE,24200.0,65.0,104.1,111.35,09:46,SIGNAL_FLIP,7.25,7.25,471.25,471.25,True
NIF-2026-08-28-0949-30b106,2026-08-28 09:49,NIFTY,NIFTY 24200 PE,PE,24200.0,65.0,87.35,82.35,09:54,SIGNAL_FLIP,-5.0,-5.0,-325.0,-325.0,True
NIF-2026-08-28-0956-c21fa9,2026-08-28 09:56,NIFTY,NIFTY 24250 CE,CE,24250.0,65.0,84.6,84.05,10:01,POSITION_SIGNAL,-0.55,-0.55,-35.75,-35.75,True
NIF-2026-08-28-1002-353b3f,2026-08-28 10:02,NIFTY,NIFTY 24200 PE,PE,24200.0,65.0,85.55,82.1,10:08,SIGNAL_FLIP,-3.45,-3.45,-224.25,-224.25,True
NIF-2026-08-28-1013-3da4f3,2026-08-28 10:13,NIFTY,NIFTY 24250 CE,CE,24250.0,65.0,89.5,92.6,10:28,POSITION_SIGNAL,3.1,3.1,201.5,201.5,True
NIF-2026-08-28-1029-36ca83,2026-08-28 10:29,NIFTY,NIFTY 24250 CE,CE,24250.0,65.0,95.4,91.85,10:32,POSITION_SIGNAL,-3.55,-3.55,-230.75,-230.75,True
NIF-2026-08-28-1040-b5cbb1,2026-08-28 10:40,NIFTY,NIFTY 24250 CE,CE,24250.0,65.0,94.15,87.3,10:43,POSITION_SIGNAL,-6.85,-6.85,-445.25,-445.25,True
NIF-2026-08-28-1045-33c29e,2026-08-28 10:45,NIFTY,NIFTY 24250 PE,PE,24250.0,65.0,99.95,94.75,10:49,POSITION_SIGNAL,-5.2,-5.2,-338.0,-338.0,True
NIF-2026-08-28-1050-ebaf5a,2026-08-28 10:50,NIFTY,NIFTY 24250 CE,CE,24250.0,65.0,91.5,89.3,10:54,SIGNAL_FLIP,-2.2,-2.2,-143.0,-143.0,True
NIF-2026-08-28-1101-659a12,2026-08-28 11:01,NIFTY,NIFTY 24250 PE,PE,24250.0,65.0,99.15,95.1,11:02,SIGNAL_FLIP,-4.05,-4.05,-263.25,-263.25,True
NIF-2026-08-28-1105-4de1db,2026-08-28 11:05,NIFTY,NIFTY 24250 PE,PE,24250.0,65.0,96.3,97.1,11:13,POSITION_SIGNAL,0.8,0.8,52.0,52.0,True
NIF-2026-08-28-1115-e5e250,2026-08-28 11:15,NIFTY,NIFTY 24250 CE,CE,24250.0,65.0,87.2,84.55,11:16,SIGNAL_FLIP,-2.65,-2.65,-172.25,-172.25,True
NIF-2026-08-28-1126-c20557,2026-08-28 11:26,NIFTY,NIFTY 24200 PE,PE,24200.0,65.0,87.8,110.9,11:39,SIGNAL_FLIP,23.1,23.1,1501.5,1501.5,True
NIF-2026-08-28-1142-d88154,2026-08-28 11:42,NIFTY,NIFTY 24150 PE,PE,24150.0,65.0,88.35,87.05,11:46,POSITION_SIGNAL,-1.3,-1.3,-84.5,-84.5,True
NIF-2026-08-28-1148-441d01,2026-08-28 11:48,NIFTY,NIFTY 24150 CE,CE,24150.0,65.0,106.95,105.95,11:54,SIGNAL_FLIP,-1.0,-1.0,-65.0,-65.0,True
NIF-2026-08-28-1201-f3b403,2026-08-28 12:01,NIFTY,NIFTY 24150 PE,PE,24150.0,65.0,98.6,93.0,12:05,POSITION_SIGNAL,-5.6,-5.6,-364.0,-364.0,True
NIF-2026-08-28-1208-cc0417,2026-08-28 12:08,NIFTY,NIFTY 24150 CE,CE,24150.0,65.0,101.45,95.75,12:10,SIGNAL_FLIP,-5.7,-5.7,-370.5,-370.5,True
NIF-2026-08-28-1217-788402,2026-08-28 12:17,NIFTY,NIFTY 24150 PE,PE,24150.0,65.0,96.45,91.55,12:20,POSITION_SIGNAL,-4.9,-4.9,-318.5,-318.5,True
NIF-2026-08-28-1223-76e634,2026-08-28 12:23,NIFTY,NIFTY 24150 PE,PE,24150.0,65.0,95.55,94.05,12:28,POSITION_SIGNAL,-1.5,-1.5,-97.5,-97.5,True
NIF-2026-08-28-1232-88b414,2026-08-28 12:32,NIFTY,NIFTY 24150 CE,CE,24150.0,65.0,100.1,99.5,12:36,SIGNAL_FLIP,-0.6,-0.6,-39.0,-39.0,True
NIF-2026-08-28-1241-a649eb,2026-08-28 12:41,NIFTY,NIFTY 24150 CE,CE,24150.0,65.0,103.45,100.3,12:44,SIGNAL_FLIP,-3.15,-3.15,-204.75,-204.75,True
NIF-2026-08-28-1247-781346,2026-08-28 12:47,NIFTY,NIFTY 24150 CE,CE,24150.0,65.0,102.5,101.1,12:50,SIGNAL_FLIP,-1.4,-1.4,-91.0,-91.0,True
NIF-2026-08-28-1254-f63053,2026-08-28 12:54,NIFTY,NIFTY 24150 PE,PE,24150.0,65.0,89.75,88.35,13:08,SIGNAL_FLIP,-1.4,-1.4,-91.0,-91.0,True
NIF-2026-08-28-1314-0ef05f,2026-08-28 13:14,NIFTY,NIFTY 24150 PE,PE,24150.0,65.0,89.0,84.8,13:19,SIGNAL_FLIP,-4.2,-4.2,-273.0,-273.0,True
NIF-2026-08-28-1325-9b24ab,2026-08-28 13:25,NIFTY,NIFTY 24150 PE,PE,24150.0,65.0,85.25,81.3,13:26,SIGNAL_FLIP,-3.95,-3.95,-256.75,-256.75,True
NIF-2026-08-28-1329-dc7b56,2026-08-28 13:29,NIFTY,NIFTY 24150 PE,PE,24150.0,65.0,89.3,79.8,13:33,STOP_LOSS,-9.5,-9.5,-617.5,-617.5,True
NIF-2026-08-28-1336-734f9c,2026-08-28 13:36,NIFTY,NIFTY 24150 PE,PE,24150.0,65.0,82.25,77.3,13:37,SIGNAL_FLIP,-4.95,-4.95,-321.75,-321.75,True
NIF-2026-08-28-1339-32a8c1,2026-08-28 13:39,NIFTY,NIFTY 24200 CE,CE,24200.0,65.0,82.0,78.35,14:15,SIGNAL_FLIP,-3.65,-3.65,-237.25,-237.25,True
NIF-2026-08-28-1418-daf0c8,2026-08-28 14:18,NIFTY,NIFTY 24200 CE,CE,24200.0,65.0,80.45,78.1,14:22,SIGNAL_FLIP,-2.35,-2.35,-152.75,-152.75,True
NIF-2026-08-28-1425-12aacc,2026-08-28 14:25,NIFTY,NIFTY 24150 CE,CE,24150.0,65.0,104.6,106.25,14:33,SIGNAL_FLIP,1.65,1.65,107.25,107.25,True
NIF-2026-08-28-1436-75919d,2026-08-28 14:36,NIFTY,NIFTY 24200 CE,CE,24200.0,65.0,84.0,81.5,14:40,SIGNAL_FLIP,-2.5,-2.5,-162.5,-162.5,True
NIF-2026-08-28-1445-ccc38d,2026-08-28 14:45,NIFTY,NIFTY 24200 CE,CE,24200.0,65.0,82.9,92.0,14:58,POSITION_SIGNAL,9.1,9.1,591.5,591.5,True
NIF-2026-08-28-1501-04b9b1,2026-08-28 15:01,NIFTY,NIFTY 24200 PE,PE,24200.0,65.0,95.5,97.25,15:06,POSITION_SIGNAL,1.75,1.75,113.75,113.75,True
NIF-2026-08-28-1509-eed34e,2026-08-28 15:09,NIFTY,NIFTY 24200 CE,CE,24200.0,65.0,90.25,100.75,15:16,POSITION_SIGNAL,10.5,10.5,682.5,682.5,True
SEN-2026-08-28-0920-21d5a1,2026-08-28 09:20,SENSEX,SENSEX 77300 PE,PE,77300.0,20.0,403.3,373.95,09:22,SIGNAL_FLIP,-29.35,-29.35,-587.0,-587.0,True
SEN-2026-08-28-0927-37d82f,2026-08-28 09:27,SENSEX,SENSEX 77500 CE,CE,77500.0,20.0,411.9,405.45,09:31,POSITION_SIGNAL,-6.45,-6.45,-129.0,-129.0,True
SEN-2026-08-28-0937-0129c5,2026-08-28 09:37,SENSEX,SENSEX 77400 PE,PE,77400.0,20.0,393.25,380.95,09:40,SIGNAL_FLIP,-12.3,-12.3,-246.0,-246.0,True
SEN-2026-08-28-0943-a2e5c6,2026-08-28 09:43,SENSEX,SENSEX 77500 CE,CE,77500.0,20.0,430.0,404.0,09:47,POSITION_SIGNAL,-26.0,-26.0,-520.0,-520.0,True
SEN-2026-08-28-0950-9f11f3,2026-08-28 09:50,SENSEX,SENSEX 77500 PE,PE,77500.0,20.0,425.35,407.65,09:54,SIGNAL_FLIP,-17.7,-17.7,-354.0,-354.0,True
SEN-2026-08-28-0959-089e98,2026-08-28 09:59,SENSEX,SENSEX 77500 CE,CE,77500.0,20.0,421.6,400.7,10:01,SIGNAL_FLIP,-20.9,-20.9,-418.0,-418.0,True
SEN-2026-08-28-1007-1b60fc,2026-08-28 10:07,SENSEX,SENSEX 77500 PE,PE,77500.0,20.0,416.1,402.25,10:08,SIGNAL_FLIP,-13.85,-13.85,-277.0,-277.0,True
SEN-2026-08-28-1013-a41f22,2026-08-28 10:13,SENSEX,SENSEX 77500 CE,CE,77500.0,20.0,427.9,440.55,10:28,POSITION_SIGNAL,12.65,12.65,253.0,253.0,True
SEN-2026-08-28-1029-7ab497,2026-08-28 10:29,SENSEX,SENSEX 77600 CE,CE,77600.0,20.0,393.6,381.5,10:31,POSITION_SIGNAL,-12.1,-12.1,-242.0,-242.0,True
SEN-2026-08-28-1038-46a8af,2026-08-28 10:38,SENSEX,SENSEX 77600 CE,CE,77600.0,20.0,383.3,374.75,10:44,POSITION_SIGNAL,-8.55,-8.55,-171.0,-171.0,True
SEN-2026-08-28-1045-25cbc5,2026-08-28 10:45,SENSEX,SENSEX 77500 PE,PE,77500.0,20.0,390.0,375.35,10:48,SIGNAL_FLIP,-14.65,-14.65,-293.0,-293.0,True
SEN-2026-08-28-1054-195ea5,2026-08-28 10:54,SENSEX,SENSEX 77500 PE,PE,77500.0,20.0,378.45,376.95,10:58,SIGNAL_FLIP,-1.5,-1.5,-30.0,-30.0,True
SEN-2026-08-28-1102-c060d1,2026-08-28 11:02,SENSEX,SENSEX 77600 CE,CE,77600.0,20.0,374.15,358.0,11:07,POSITION_SIGNAL,-16.15,-16.15,-323.0,-323.0,True
SEN-2026-08-28-1108-d240ea,2026-08-28 11:08,SENSEX,SENSEX 77500 PE,PE,77500.0,20.0,394.0,384.45,11:13,POSITION_SIGNAL,-9.55,-9.55,-191.0,-191.0,True
SEN-2026-08-28-1115-e56c15,2026-08-28 11:15,SENSEX,SENSEX 77500 CE,CE,77500.0,20.0,412.55,403.4,11:16,SIGNAL_FLIP,-9.15,-9.15,-183.0,-183.0,True
SEN-2026-08-28-1118-c4a898,2026-08-28 11:18,SENSEX,SENSEX 77500 PE,PE,77500.0,20.0,407.9,507.65,11:39,POSITION_SIGNAL,99.75,99.75,1995.0,1995.0,True
SEN-2026-08-28-1142-17a674,2026-08-28 11:42,SENSEX,SENSEX 77300 PE,PE,77300.0,20.0,414.05,403.2,11:50,POSITION_SIGNAL,-10.85,-10.85,-217.0,-217.0,True
SEN-2026-08-28-1151-d56def,2026-08-28 11:51,SENSEX,SENSEX 77300 CE,CE,77300.0,20.0,418.95,409.25,11:53,SIGNAL_FLIP,-9.7,-9.7,-194.0,-194.0,True
SEN-2026-08-28-1205-8a2c00,2026-08-28 12:05,SENSEX,SENSEX 77200 CE,CE,77200.0,20.0,436.85,430.3,12:10,SIGNAL_FLIP,-6.55,-6.55,-131.0,-131.0,True
SEN-2026-08-28-1223-512c63,2026-08-28 12:23,SENSEX,SENSEX 77200 PE,PE,77200.0,20.0,391.2,388.8,12:28,POSITION_SIGNAL,-2.4,-2.4,-48.0,-48.0,True
SEN-2026-08-28-1236-7a54cc,2026-08-28 12:36,SENSEX,SENSEX 77300 PE,PE,77300.0,20.0,426.5,411.2,12:41,POSITION_SIGNAL,-15.3,-15.3,-306.0,-306.0,True
SEN-2026-08-28-1244-e30077,2026-08-28 12:44,SENSEX,SENSEX 77300 PE,PE,77300.0,20.0,416.8,420.25,12:48,POSITION_SIGNAL,3.45,3.45,69.0,69.0,True
SEN-2026-08-28-1250-43186e,2026-08-28 12:50,SENSEX,SENSEX 77300 PE,PE,77300.0,20.0,415.75,410.05,12:53,POSITION_SIGNAL,-5.7,-5.7,-114.0,-114.0,True
SEN-2026-08-28-1255-4aad60,2026-08-28 12:55,SENSEX,SENSEX 77300 PE,PE,77300.0,20.0,427.65,420.75,13:08,POSITION_SIGNAL,-6.9,-6.9,-138.0,-138.0,True
SEN-2026-08-28-1311-6424b2,2026-08-28 13:11,SENSEX,SENSEX 77300 CE,CE,77300.0,20.0,402.7,392.5,13:13,SIGNAL_FLIP,-10.2,-10.2,-204.0,-204.0,True
SEN-2026-08-28-1325-04732c,2026-08-28 13:25,SENSEX,SENSEX 77300 PE,PE,77300.0,20.0,412.35,394.7,13:27,POSITION_SIGNAL,-17.65,-17.65,-353.0,-353.0,True
SEN-2026-08-28-1329-2a6e73,2026-08-28 13:29,SENSEX,SENSEX 77300 PE,PE,77300.0,20.0,426.55,396.6,13:33,POSITION_SIGNAL,-29.95,-29.95,-599.0,-599.0,True
SEN-2026-08-28-1335-cfa5d8,2026-08-28 13:35,SENSEX,SENSEX 77300 CE,CE,77300.0,20.0,407.2,399.05,13:36,SIGNAL_FLIP,-8.15,-8.15,-163.0,-163.0,True
SEN-2026-08-28-1339-fbc0cb,2026-08-28 13:39,SENSEX,SENSEX 77300 CE,CE,77300.0,20.0,411.4,403.5,14:14,POSITION_SIGNAL,-7.9,-7.9,-158.0,-158.0,True
SEN-2026-08-28-1418-719dd9,2026-08-28 14:18,SENSEX,SENSEX 77300 CE,CE,77300.0,20.0,416.9,410.05,14:21,SIGNAL_FLIP,-6.85,-6.85,-137.0,-137.0,True
SEN-2026-08-28-1425-f0fc62,2026-08-28 14:25,SENSEX,SENSEX 77300 CE,CE,77300.0,20.0,411.85,416.15,14:32,SIGNAL_FLIP,4.3,4.3,86.0,86.0,True
SEN-2026-08-28-1436-603ef1,2026-08-28 14:36,SENSEX,SENSEX 77400 CE,CE,77400.0,20.0,373.8,369.2,14:40,SIGNAL_FLIP,-4.6,-4.6,-92.0,-92.0,True
SEN-2026-08-28-1445-271abc,2026-08-28 14:45,SENSEX,SENSEX 77300 CE,CE,77300.0,20.0,420.3,414.75,14:47,SIGNAL_FLIP,-5.55,-5.55,-111.0,-111.0,True
SEN-2026-08-28-1450-083d95,2026-08-28 14:50,SENSEX,SENSEX 77400 CE,CE,77400.0,20.0,383.3,405.85,14:58,POSITION_SIGNAL,22.55,22.55,451.0,451.0,True
SEN-2026-08-28-1500-8dc70e,2026-08-28 15:00,SENSEX,SENSEX 77400 PE,PE,77400.0,20.0,419.95,421.25,15:07,POSITION_SIGNAL,1.3,1.3,26.0,26.0,True
SEN-2026-08-28-1508-3dcd25,2026-08-28 15:08,SENSEX,SENSEX 77400 CE,CE,77400.0,20.0,380.3,439.9,15:18,POSITION_SIGNAL,59.6,59.6,1192.0,1192.0,True
SEN-2026-09-02-0940-18f5f9,2026-09-02 09:40,SENSEX,SENSEX 76300 PE,PE,76300.0,20.0,255.6,237.45,09:41,SIGNAL_FLIP,-18.15,-18.15,-363.0,-363.0,True
SEN-2026-08-28-1527-164fac,2026-08-28 15:27,SENSEX,SENSEX 77500 PE,PE,77500.0,20.0,376.55,368.2,15:29,SESSION_END,-8.35,-8.35,-167.0,-167.0,True
NIF-2026-08-31-0919-f9dbb6,2026-08-31 09:19,NIFTY,NIFTY 24050 PE,PE,24050.0,65.0,62.65,56.05,09:21,SIGNAL_FLIP,-6.6,-6.6,-429.0,-429.0,True
NIF-2026-08-31-0925-ba5116,2026-08-31 09:25,NIFTY,NIFTY 24050 PE,PE,24050.0,65.0,60.4,68.7,09:32,SIGNAL_FLIP,8.3,8.3,539.5,539.5,True
NIF-2026-08-31-0940-a839a0,2026-08-31 09:40,NIFTY,NIFTY 24050 PE,PE,24050.0,65.0,66.75,70.45,09:48,POSITION_SIGNAL,3.7,3.7,240.5,240.5,True
NIF-2026-08-31-0949-9de7c4,2026-08-31 09:49,NIFTY,NIFTY 24050 PE,PE,24050.0,65.0,71.1,70.1,10:00,POSITION_SIGNAL,-1.0,-1.0,-65.0,-65.0,True
NIF-2026-08-31-1003-98d521,2026-08-31 10:03,NIFTY,NIFTY 24050 PE,PE,24050.0,65.0,74.15,68.25,10:05,POSITION_SIGNAL,-5.9,-5.9,-383.5,-383.5,True
NIF-2026-08-31-1006-6c3f4c,2026-08-31 10:06,NIFTY,NIFTY 24050 CE,CE,24050.0,65.0,77.5,74.85,10:10,SIGNAL_FLIP,-2.65,-2.65,-172.25,-172.25,True
NIF-2026-08-31-1017-1f721a,2026-08-31 10:17,NIFTY,NIFTY 24050 PE,PE,24050.0,65.0,74.8,74.9,10:23,POSITION_SIGNAL,0.1,0.1,6.5,6.5,True
NIF-2026-08-31-1029-d93aca,2026-08-31 10:29,NIFTY,NIFTY 24050 CE,CE,24050.0,65.0,76.0,75.05,10:32,SIGNAL_FLIP,-0.95,-0.95,-61.75,-61.75,True
NIF-2026-08-31-1042-edc51b,2026-08-31 10:42,NIFTY,NIFTY 24050 PE,PE,24050.0,65.0,79.25,74.9,10:44,POSITION_SIGNAL,-4.35,-4.35,-282.75,-282.75,True
NIF-2026-08-31-1045-752303,2026-08-31 10:45,NIFTY,NIFTY 24050 CE,CE,24050.0,65.0,73.75,71.35,10:48,SIGNAL_FLIP,-2.4,-2.4,-156.0,-156.0,True
NIF-2026-08-31-1050-b95f1d,2026-08-31 10:50,NIFTY,NIFTY 24050 PE,PE,24050.0,65.0,76.6,73.95,10:54,POSITION_SIGNAL,-2.65,-2.65,-172.25,-172.25,True
NIF-2026-08-31-1059-a22633,2026-08-31 10:59,NIFTY,NIFTY 24050 CE,CE,24050.0,65.0,74.0,70.1,11:08,SIGNAL_FLIP,-3.9,-3.9,-253.5,-253.5,True
SEN-2026-09-02-1208-309344,2026-09-02 12:08,SENSEX,SENSEX 76300 PE,PE,76300.0,20.0,246.45,218.0,12:11,STOP_LOSS,-28.45,-28.45,-569.0,-569.0,True
NIF-2026-08-31-1119-3d4df2,2026-08-31 11:19,NIFTY,NIFTY 24050 PE,PE,24050.0,65.0,76.2,74.05,11:29,SIGNAL_FLIP,-2.15,-2.15,-139.75,-139.75,True
NIF-2026-08-31-1133-af0551,2026-08-31 11:33,NIFTY,NIFTY 24050 PE,PE,24050.0,65.0,74.5,69.05,11:35,SIGNAL_FLIP,-5.45,-5.45,-354.25,-354.25,True
NIF-2026-08-31-1138-32a058,2026-08-31 11:38,NIFTY,NIFTY 24050 CE,CE,24050.0,65.0,79.65,81.1,11:45,POSITION_SIGNAL,1.45,1.45,94.25,94.25,True
NIF-2026-08-31-1148-41cd2d,2026-08-31 11:48,NIFTY,NIFTY 24050 PE,PE,24050.0,65.0,67.75,60.8,11:51,SIGNAL_FLIP,-6.95,-6.95,-451.75,-451.75,True
NIF-2026-08-31-1204-f9498f,2026-08-31 12:04,NIFTY,NIFTY 24150 CE,CE,24150.0,65.0,66.5,63.7,12:09,POSITION_SIGNAL,-2.8,-2.8,-182.0,-182.0,True
NIF-2026-08-31-1213-a0fa6b,2026-08-31 12:13,NIFTY,NIFTY 24100 CE,CE,24100.0,65.0,90.0,82.55,12:15,SIGNAL_FLIP,-7.45,-7.45,-484.25,-484.25,True
NIF-2026-08-31-1217-2c0492,2026-08-31 12:17,NIFTY,NIFTY 24150 CE,CE,24150.0,65.0,65.2,63.0,12:25,POSITION_SIGNAL,-2.2,-2.2,-143.0,-143.0,True
NIF-2026-08-31-1229-725cd6,2026-08-31 12:29,NIFTY,NIFTY 24150 CE,CE,24150.0,65.0,64.8,61.9,12:35,SIGNAL_FLIP,-2.9,-2.9,-188.5,-188.5,True
NIF-2026-08-31-1238-c1d7c6,2026-08-31 12:38,NIFTY,NIFTY 24150 CE,CE,24150.0,65.0,63.55,65.2,12:44,POSITION_SIGNAL,1.65,1.65,107.25,107.25,True
NIF-2026-08-31-1246-62002d,2026-08-31 12:46,NIFTY,NIFTY 24100 PE,PE,24100.0,65.0,65.35,63.7,12:49,POSITION_SIGNAL,-1.65,-1.65,-107.25,-107.25,True
NIF-2026-08-31-1250-887b17,2026-08-31 12:50,NIFTY,NIFTY 24150 CE,CE,24150.0,65.0,64.0,62.95,12:58,SIGNAL_FLIP,-1.05,-1.05,-68.25,-68.25,True
NIF-2026-08-31-1300-b868b6,2026-08-31 13:00,NIFTY,NIFTY 24100 PE,PE,24100.0,65.0,64.1,61.5,13:03,SIGNAL_FLIP,-2.6,-2.6,-169.0,-169.0,True
NIF-2026-08-31-1306-f27ef1,2026-08-31 13:06,NIFTY,NIFTY 24150 PE,PE,24150.0,65.0,87.35,84.35,13:14,SIGNAL_FLIP,-3.0,-3.0,-195.0,-195.0,True
SEN-2026-08-31-0949-dc4654,2026-08-31 09:49,SENSEX,SENSEX 77000 PE,PE,77000.0,20.0,370.0,366.85,10:00,SIGNAL_FLIP,-3.15,-3.15,-63.0,-63.0,True
NIF-2026-08-31-1320-d6cc3a,2026-08-31 13:20,NIFTY,NIFTY 24100 PE,PE,24100.0,65.0,64.35,62.7,13:25,SIGNAL_FLIP,-1.65,-1.65,-107.25,-107.25,True
NIF-2026-08-31-1329-d9aecd,2026-08-31 13:29,NIFTY,NIFTY 24100 PE,PE,24100.0,65.0,65.75,62.8,13:33,POSITION_SIGNAL,-2.95,-2.95,-191.75,-191.75,True
NIF-2026-08-31-1334-1ba97a,2026-08-31 13:34,NIFTY,NIFTY 24150 CE,CE,24150.0,65.0,65.95,61.3,13:37,SIGNAL_FLIP,-4.65,-4.65,-302.25,-302.25,True
NIF-2026-08-31-1341-d2862f,2026-08-31 13:41,NIFTY,NIFTY 24100 PE,PE,24100.0,65.0,63.9,64.6,13:47,SIGNAL_FLIP,0.7,0.7,45.5,45.5,True
NIF-2026-08-31-1354-a3f3fb,2026-08-31 13:54,NIFTY,NIFTY 24150 PE,PE,24150.0,65.0,87.8,104.35,14:08,POSITION_SIGNAL,16.55,16.55,1075.75,1075.75,True
NIF-2026-08-31-1420-64a976,2026-08-31 14:20,NIFTY,NIFTY 24100 PE,PE,24100.0,65.0,76.6,79.2,14:32,SIGNAL_FLIP,2.6,2.6,169.0,169.0,True
NIF-2026-08-31-1440-65bc00,2026-08-31 14:40,NIFTY,NIFTY 24100 CE,CE,24100.0,65.0,78.2,111.85,14:50,SIGNAL_FLIP,33.65,33.65,2187.25,2187.25,True
NIF-2026-08-31-1451-19d231,2026-08-31 14:51,NIFTY,NIFTY 24150 CE,CE,24150.0,65.0,83.0,83.8,14:57,SIGNAL_FLIP,0.8,0.8,52.0,52.0,True
NIF-2026-08-31-1501-1c0c6a,2026-08-31 15:01,NIFTY,NIFTY 24150 PE,PE,24150.0,65.0,84.65,84.35,15:03,SIGNAL_FLIP,-0.3,-0.3,-19.5,-19.5,True
NIF-2026-08-31-1504-d5356f,2026-08-31 15:04,NIFTY,NIFTY 24150 PE,PE,24150.0,65.0,86.6,83.2,15:09,POSITION_SIGNAL,-3.4,-3.4,-221.0,-221.0,True
NIF-2026-08-31-1511-e79414,2026-08-31 15:11,NIFTY,NIFTY 24150 PE,PE,24150.0,65.0,86.0,90.15,15:18,POSITION_SIGNAL,4.15,4.15,269.75,269.75,True
SEN-2026-08-31-0918-16083a,2026-08-31 09:18,SENSEX,SENSEX 77100 PE,PE,77100.0,20.0,370.45,360.95,09:20,SIGNAL_FLIP,-9.5,-9.5,-190.0,-190.0,True
SEN-2026-08-31-0927-f3b61d,2026-08-31 09:27,SENSEX,SENSEX 77000 PE,PE,77000.0,20.0,335.2,338.6,09:33,SIGNAL_FLIP,3.4,3.4,68.0,68.0,True
SEN-2026-08-31-0939-64bb5b,2026-08-31 09:39,SENSEX,SENSEX 77000 PE,PE,77000.0,20.0,350.65,367.7,09:48,POSITION_SIGNAL,17.05,17.05,341.0,341.0,True
SEN-2026-08-31-1010-f5ded3,2026-08-31 10:10,SENSEX,SENSEX 77000 PE,PE,77000.0,20.0,370.5,378.2,10:27,SIGNAL_FLIP,7.7,7.7,154.0,154.0,True
SEN-2026-08-31-1031-faf5cf,2026-08-31 10:31,SENSEX,SENSEX 77000 PE,PE,77000.0,20.0,378.45,390.2,10:44,SIGNAL_FLIP,11.75,11.75,235.0,235.0,True
SEN-2026-08-31-1047-88a3c2,2026-08-31 10:47,SENSEX,SENSEX 76900 PE,PE,76900.0,20.0,350.0,343.75,10:54,POSITION_SIGNAL,-6.25,-6.25,-125.0,-125.0,True
SEN-2026-08-31-1055-985f26,2026-08-31 10:55,SENSEX,SENSEX 76900 CE,CE,76900.0,20.0,387.95,389.4,11:07,SIGNAL_FLIP,1.45,1.45,29.0,29.0,True
SEN-2026-08-31-1115-a917c3,2026-08-31 11:15,SENSEX,SENSEX 77000 CE,CE,77000.0,20.0,347.05,344.95,11:19,SIGNAL_FLIP,-2.1,-2.1,-42.0,-42.0,True
SEN-2026-08-31-1123-a8a5d2,2026-08-31 11:23,SENSEX,SENSEX 77000 CE,CE,77000.0,20.0,352.75,345.0,11:26,SIGNAL_FLIP,-7.75,-7.75,-155.0,-155.0,True
SEN-2026-08-31-1129-82acd2,2026-08-31 11:29,SENSEX,SENSEX 77000 CE,CE,77000.0,20.0,353.0,366.25,11:39,SIGNAL_FLIP,13.25,13.25,265.0,265.0,True
SEN-2026-08-31-1142-301b1a,2026-08-31 11:42,SENSEX,SENSEX 77000 CE,CE,77000.0,20.0,380.95,366.1,11:48,SIGNAL_FLIP,-14.85,-14.85,-297.0,-297.0,True
SEN-2026-08-31-1151-2985c2,2026-08-31 11:51,SENSEX,SENSEX 77100 CE,CE,77100.0,20.0,345.0,431.4,12:00,POSITION_SIGNAL,86.4,86.4,1728.0,1728.0,True
SEN-2026-08-31-1204-cfdf79,2026-08-31 12:04,SENSEX,SENSEX 77200 CE,CE,77200.0,20.0,374.9,369.95,12:09,POSITION_SIGNAL,-4.95,-4.95,-99.0,-99.0,True
SEN-2026-08-31-1213-df4a9e,2026-08-31 12:13,SENSEX,SENSEX 77200 CE,CE,77200.0,20.0,376.1,363.2,12:25,SIGNAL_FLIP,-12.9,-12.9,-258.0,-258.0,True
SEN-2026-08-31-1233-558ca8,2026-08-31 12:33,SENSEX,SENSEX 77200 CE,CE,77200.0,20.0,363.65,359.15,12:37,POSITION_SIGNAL,-4.5,-4.5,-90.0,-90.0,True
SEN-2026-08-31-1239-091b4f,2026-08-31 12:39,SENSEX,SENSEX 77200 CE,CE,77200.0,20.0,370.35,357.45,12:47,SIGNAL_FLIP,-12.9,-12.9,-258.0,-258.0,True
SEN-2026-08-31-1250-f0747b,2026-08-31 12:50,SENSEX,SENSEX 77200 CE,CE,77200.0,20.0,367.05,376.45,12:59,POSITION_SIGNAL,9.4,9.4,188.0,188.0,True
SEN-2026-08-31-1304-8bcd17,2026-08-31 13:04,SENSEX,SENSEX 77200 CE,CE,77200.0,20.0,386.0,380.05,13:06,POSITION_SIGNAL,-5.95,-5.95,-119.0,-119.0,True
SEN-2026-08-31-1309-7eb826,2026-08-31 13:09,SENSEX,SENSEX 77200 PE,PE,77200.0,20.0,368.1,369.45,13:13,SIGNAL_FLIP,1.35,1.35,27.0,27.0,True
SEN-2026-08-31-1324-a77a16,2026-08-31 13:24,SENSEX,SENSEX 77200 CE,CE,77200.0,20.0,377.75,372.25,13:29,SIGNAL_FLIP,-5.5,-5.5,-110.0,-110.0,True
SEN-2026-08-31-1331-d06c04,2026-08-31 13:31,SENSEX,SENSEX 77200 PE,PE,77200.0,20.0,376.25,368.0,13:32,SIGNAL_FLIP,-8.25,-8.25,-165.0,-165.0,True
SEN-2026-08-31-1334-00034a,2026-08-31 13:34,SENSEX,SENSEX 77200 CE,CE,77200.0,20.0,385.55,368.6,13:41,SIGNAL_FLIP,-16.95,-16.95,-339.0,-339.0,True
SEN-2026-08-31-1349-b1704d,2026-08-31 13:49,SENSEX,SENSEX 77200 CE,CE,77200.0,20.0,373.2,369.3,13:54,SIGNAL_FLIP,-3.9,-3.9,-78.0,-78.0,True
SEN-2026-08-31-1356-cd34c3,2026-08-31 13:56,SENSEX,SENSEX 77200 PE,PE,77200.0,20.0,385.45,411.65,14:08,POSITION_SIGNAL,26.2,26.2,524.0,524.0,True
SEN-2026-08-31-1410-35f6b2,2026-08-31 14:10,SENSEX,SENSEX 77100 PE,PE,77100.0,20.0,372.7,365.1,14:13,POSITION_SIGNAL,-7.6,-7.6,-152.0,-152.0,True
SEN-2026-08-31-1420-a2bff5,2026-08-31 14:20,SENSEX,SENSEX 77100 PE,PE,77100.0,20.0,372.65,364.65,14:32,SIGNAL_FLIP,-8.0,-8.0,-160.0,-160.0,True
SEN-2026-08-31-1440-256aaa,2026-08-31 14:40,SENSEX,SENSEX 77200 CE,CE,77200.0,20.0,347.85,405.05,14:49,POSITION_SIGNAL,57.2,57.2,1144.0,1144.0,True
SEN-2026-08-31-1451-b5d1d4,2026-08-31 14:51,SENSEX,SENSEX 77300 CE,CE,77300.0,20.0,368.5,374.75,14:57,POSITION_SIGNAL,6.25,6.25,125.0,125.0,True
SEN-2026-08-31-1459-37ecb2,2026-08-31 14:59,SENSEX,SENSEX 77300 PE,PE,77300.0,20.0,377.6,390.25,15:03,SIGNAL_FLIP,12.65,12.65,253.0,253.0,True
SEN-2026-08-31-1504-989431,2026-08-31 15:04,SENSEX,SENSEX 77200 PE,PE,77200.0,20.0,348.05,336.55,15:08,SIGNAL_FLIP,-11.5,-11.5,-230.0,-230.0,True
SEN-2026-08-31-1511-bab390,2026-08-31 15:11,SENSEX,SENSEX 77200 PE,PE,77200.0,20.0,347.5,351.0,15:18,POSITION_SIGNAL,3.5,3.5,70.0,70.0,True
NIF-2026-09-01-0956-d36980,2026-09-01 09:56,NIFTY,NIFTY 24050 PE,PE,24050.0,65.0,50.85,48.5,10:03,POSITION_SIGNAL,-2.35,-2.35,-152.75,-152.75,True
NIF-2026-09-01-1008-1131a5,2026-09-01 10:08,NIFTY,NIFTY 24050 PE,PE,24050.0,65.0,47.8,44.0,10:10,POSITION_SIGNAL,-3.8,-3.8,-247.0,-247.0,True
NIF-2026-09-01-1013-9e16b5,2026-09-01 10:13,NIFTY,NIFTY 24050 PE,PE,24050.0,65.0,44.85,38.5,10:15,STOP_LOSS,-6.35,-6.35,-412.75,-412.75,True
NIF-2026-09-01-1018-1b73b6,2026-09-01 10:18,NIFTY,NIFTY 24050 CE,CE,24050.0,65.0,41.45,45.05,10:35,POSITION_SIGNAL,3.6,3.6,234.0,234.0,True
NIF-2026-09-01-1048-882c1b,2026-09-01 10:48,NIFTY,NIFTY 24050 CE,CE,24050.0,65.0,47.35,60.75,10:57,POSITION_SIGNAL,13.4,13.4,871.0,871.0,True
NIF-2026-09-01-1103-679d00,2026-09-01 11:03,NIFTY,NIFTY 24100 PE,PE,24100.0,65.0,47.85,46.75,11:06,SIGNAL_FLIP,-1.1,-1.1,-71.5,-71.5,True
NIF-2026-09-01-1227-474261,2026-09-01 12:27,NIFTY,NIFTY 24100 CE,CE,24100.0,65.0,40.2,39.75,12:34,POSITION_SIGNAL,-0.45,-0.45,-29.25,-29.25,True
NIF-2026-09-01-1115-b96fe5,2026-09-01 11:15,NIFTY,NIFTY 24100 CE,CE,24100.0,65.0,52.6,59.15,11:24,POSITION_SIGNAL,6.55,6.55,425.75,425.75,True
NIF-2026-09-01-1128-e13915,2026-09-01 11:28,NIFTY,NIFTY 24150 CE,CE,24150.0,65.0,36.1,34.0,11:35,POSITION_SIGNAL,-2.1,-2.1,-136.5,-136.5,True
NIF-2026-09-01-1142-0ed245,2026-09-01 11:42,NIFTY,NIFTY 24150 CE,CE,24150.0,65.0,30.45,27.25,11:48,STOP_LOSS,-3.2,-3.2,-208.0,-208.0,True
NIF-2026-09-01-1154-4db3b7,2026-09-01 11:54,NIFTY,NIFTY 24100 CE,CE,24100.0,65.0,49.95,49.6,12:01,POSITION_SIGNAL,-0.35,-0.35,-22.75,-22.75,True
NIF-2026-09-01-1203-028350,2026-09-01 12:03,NIFTY,NIFTY 24150 CE,CE,24150.0,65.0,27.25,25.65,12:14,SIGNAL_FLIP,-1.6,-1.6,-104.0,-104.0,True
NIF-2026-09-01-1223-c19271,2026-09-01 12:23,NIFTY,NIFTY 24100 CE,CE,24100.0,65.0,43.95,38.55,12:24,STOP_LOSS,-5.4,-5.4,-351.0,-351.0,True
NIF-2026-09-01-1236-9547d9,2026-09-01 12:36,NIFTY,NIFTY 24100 CE,CE,24100.0,65.0,45.25,41.75,12:39,POSITION_SIGNAL,-3.5,-3.5,-227.5,-227.5,True
NIF-2026-09-01-1240-893217,2026-09-01 12:40,NIFTY,NIFTY 24100 CE,CE,24100.0,65.0,43.6,43.55,12:46,SIGNAL_FLIP,-0.05,-0.05,-3.25,-3.25,True
NIF-2026-09-01-1254-e69aac,2026-09-01 12:54,NIFTY,NIFTY 24100 PE,PE,24100.0,65.0,31.15,30.35,12:58,POSITION_SIGNAL,-0.8,-0.8,-52.0,-52.0,True
NIF-2026-09-01-1259-68260a,2026-09-01 12:59,NIFTY,NIFTY 24100 CE,CE,24100.0,65.0,33.05,28.95,13:00,SIGNAL_FLIP,-4.1,-4.1,-266.5,-266.5,True
NIF-2026-09-01-1316-0e31d9,2026-09-01 13:16,NIFTY,NIFTY 24050 PE,PE,24050.0,65.0,32.8,26.1,13:19,STOP_LOSS,-6.7,-6.7,-435.5,-435.5,True
NIF-2026-09-01-1324-5c41fd,2026-09-01 13:24,NIFTY,NIFTY 24050 PE,PE,24050.0,65.0,26.65,23.35,13:31,SIGNAL_FLIP,-3.3,-3.3,-214.5,-214.5,True
NIF-2026-09-01-1436-a20306,2026-09-01 14:36,NIFTY,NIFTY 24000 PE,PE,24000.0,65.0,40.1,45.8,14:43,POSITION_SIGNAL,5.7,5.7,370.5,370.5,True
NIF-2026-09-01-1338-5fa7ee,2026-09-01 13:38,NIFTY,NIFTY 24050 PE,PE,24050.0,65.0,31.25,36.35,13:45,POSITION_SIGNAL,5.1,5.1,331.5,331.5,True
NIF-2026-09-01-1347-65eec5,2026-09-01 13:47,NIFTY,NIFTY 24050 PE,PE,24050.0,65.0,40.0,55.2,13:58,POSITION_SIGNAL,15.2,15.2,988.0,988.0,True
NIF-2026-09-01-1401-71d5eb,2026-09-01 14:01,NIFTY,NIFTY 24000 PE,PE,24000.0,65.0,33.9,52.25,14:16,POSITION_SIGNAL,18.35,18.35,1192.75,1192.75,True
NIF-2026-09-01-1417-a6bfc9,2026-09-01 14:17,NIFTY,NIFTY 23950 PE,PE,23950.0,65.0,28.1,27.05,14:21,POSITION_SIGNAL,-1.05,-1.05,-68.25,-68.25,True
NIF-2026-09-01-1422-2cb465,2026-09-01 14:22,NIFTY,NIFTY 23950 PE,PE,23950.0,65.0,28.05,26.3,14:26,POSITION_SIGNAL,-1.75,-1.75,-113.75,-113.75,True
NIF-2026-09-01-1427-5e6e27,2026-09-01 14:27,NIFTY,NIFTY 23950 PE,PE,23950.0,65.0,30.85,19.95,14:29,STOP_LOSS,-10.9,-10.9,-708.5,-708.5,True
NIF-2026-09-01-1500-56a0a5,2026-09-01 15:00,NIFTY,NIFTY 24000 PE,PE,24000.0,65.0,36.75,32.05,15:06,STOP_LOSS,-4.7,-4.7,-305.5,-305.5,True
NIF-2026-09-01-1508-0a9fd7,2026-09-01 15:08,NIFTY,NIFTY 24000 PE,PE,24000.0,65.0,36.65,38.3,15:12,SIGNAL_FLIP,1.65,1.65,107.25,107.25,True
NIF-2026-09-01-1514-de8d9e,2026-09-01 15:14,NIFTY,NIFTY 24000 CE,CE,24000.0,65.0,34.0,25.45,15:15,STOP_LOSS,-8.55,-8.55,-555.75,-555.75,True
NIF-2026-09-01-1517-0d9a92,2026-09-01 15:17,NIFTY,NIFTY 24000 PE,PE,24000.0,65.0,42.4,34.35,15:18,SIGNAL_FLIP,-8.05,-8.05,-523.25,-523.25,True
SEN-2026-09-01-0953-5efc29,2026-09-01 09:53,SENSEX,SENSEX 76900 CE,CE,76900.0,20.0,306.55,298.2,09:56,SIGNAL_FLIP,-8.35,-8.35,-167.0,-167.0,True
SEN-2026-09-01-1004-d2cfda,2026-09-01 10:04,SENSEX,SENSEX 76900 CE,CE,76900.0,20.0,301.0,291.15,10:06,SIGNAL_FLIP,-9.85,-9.85,-197.0,-197.0,True
SEN-2026-09-01-1010-70c574,2026-09-01 10:10,SENSEX,SENSEX 76900 CE,CE,76900.0,20.0,298.65,340.75,10:35,POSITION_SIGNAL,42.1,42.1,842.0,842.0,True
SEN-2026-09-01-1036-8f3344,2026-09-01 10:36,SENSEX,SENSEX 77000 PE,PE,77000.0,20.0,300.8,292.35,10:39,SIGNAL_FLIP,-8.45,-8.45,-169.0,-169.0,True
SEN-2026-09-01-1042-2f5b28,2026-09-01 10:42,SENSEX,SENSEX 77000 PE,PE,77000.0,20.0,301.3,294.8,10:44,SIGNAL_FLIP,-6.5,-6.5,-130.0,-130.0,True
SEN-2026-09-01-1048-b88b6f,2026-09-01 10:48,SENSEX,SENSEX 77000 CE,CE,77000.0,20.0,292.5,310.0,10:57,SIGNAL_FLIP,17.5,17.5,350.0,350.0,True
SEN-2026-09-01-1058-158521,2026-09-01 10:58,SENSEX,SENSEX 77100 CE,CE,77100.0,20.0,275.1,270.95,11:01,POSITION_SIGNAL,-4.15,-4.15,-83.0,-83.0,True
SEN-2026-09-01-1106-890b9f,2026-09-01 11:06,SENSEX,SENSEX 77100 CE,CE,77100.0,20.0,272.0,374.4,11:36,POSITION_SIGNAL,102.4,102.4,2048.0,2048.0,True
SEN-2026-09-01-1141-70fdd3,2026-09-01 11:41,SENSEX,SENSEX 77200 PE,PE,77200.0,20.0,289.65,282.15,11:44,SIGNAL_FLIP,-7.5,-7.5,-150.0,-150.0,True
SEN-2026-09-01-1153-bae8df,2026-09-01 11:53,SENSEX,SENSEX 77200 CE,CE,77200.0,20.0,302.7,302.65,12:01,SIGNAL_FLIP,-0.05,-0.05,-1.0,-1.0,True
SEN-2026-09-01-1203-559a05,2026-09-01 12:03,SENSEX,SENSEX 77200 CE,CE,77200.0,20.0,313.35,311.3,12:14,POSITION_SIGNAL,-2.05,-2.05,-41.0,-41.0,True
SEN-2026-09-01-1215-1b5682,2026-09-01 12:15,SENSEX,SENSEX 77200 PE,PE,77200.0,20.0,274.0,281.35,12:21,SIGNAL_FLIP,7.35,7.35,147.0,147.0,True
SEN-2026-09-01-1224-da902d,2026-09-01 12:24,SENSEX,SENSEX 77200 PE,PE,77200.0,20.0,287.8,277.05,12:28,SIGNAL_FLIP,-10.75,-10.75,-215.0,-215.0,True
SEN-2026-09-01-1232-145348,2026-09-01 12:32,SENSEX,SENSEX 77200 CE,CE,77200.0,20.0,305.65,287.05,12:34,SIGNAL_FLIP,-18.6,-18.6,-372.0,-372.0,True
SEN-2026-09-01-1236-30d74c,2026-09-01 12:36,SENSEX,SENSEX 77200 CE,CE,77200.0,20.0,303.9,295.95,12:39,SIGNAL_FLIP,-7.95,-7.95,-159.0,-159.0,True
SEN-2026-09-01-1240-27a3dc,2026-09-01 12:40,SENSEX,SENSEX 77200 CE,CE,77200.0,20.0,299.45,294.8,12:48,POSITION_SIGNAL,-4.65,-4.65,-93.0,-93.0,True
SEN-2026-09-01-1250-a5ff59,2026-09-01 12:50,SENSEX,SENSEX 77200 PE,PE,77200.0,20.0,284.0,394.4,13:20,POSITION_SIGNAL,110.4,110.4,2208.0,2208.0,True
SEN-2026-09-01-1325-edb54e,2026-09-01 13:25,SENSEX,SENSEX 77000 PE,PE,77000.0,20.0,273.7,261.65,13:32,SIGNAL_FLIP,-12.05,-12.05,-241.0,-241.0,True
SEN-2026-09-01-1337-f37538,2026-09-01 13:37,SENSEX,SENSEX 77000 PE,PE,77000.0,20.0,278.55,295.8,13:44,POSITION_SIGNAL,17.25,17.25,345.0,345.0,True
SEN-2026-09-01-1347-11fb69,2026-09-01 13:47,SENSEX,SENSEX 76900 PE,PE,76900.0,20.0,258.05,294.85,13:58,POSITION_SIGNAL,36.8,36.8,736.0,736.0,True
SEN-2026-09-01-1401-ca91bf,2026-09-01 14:01,SENSEX,SENSEX 76800 PE,PE,76800.0,20.0,266.95,324.8,14:16,POSITION_SIGNAL,57.85,57.85,1157.0,1157.0,True
SEN-2026-09-01-1417-d84dce,2026-09-01 14:17,SENSEX,SENSEX 76700 PE,PE,76700.0,20.0,281.45,283.0,14:26,SIGNAL_FLIP,1.55,1.55,31.0,31.0,True
SEN-2026-09-01-1427-c13937,2026-09-01 14:27,SENSEX,SENSEX 76700 PE,PE,76700.0,20.0,294.9,258.45,14:29,STOP_LOSS,-36.45,-36.45,-729.0,-729.0,True
SEN-2026-09-01-1436-c7a53a,2026-09-01 14:36,SENSEX,SENSEX 76800 PE,PE,76800.0,20.0,297.05,309.25,14:43,POSITION_SIGNAL,12.2,12.2,244.0,244.0,True
SEN-2026-09-01-1454-548038,2026-09-01 14:54,SENSEX,SENSEX 76800 PE,PE,76800.0,20.0,297.35,295.65,15:07,POSITION_SIGNAL,-1.7,-1.7,-34.0,-34.0,True
SEN-2026-09-01-1508-3762c3,2026-09-01 15:08,SENSEX,SENSEX 76800 PE,PE,76800.0,20.0,302.7,296.6,15:14,POSITION_SIGNAL,-6.1,-6.1,-122.0,-122.0,True
SEN-2026-09-01-1529-51c1e5,2026-09-01 15:29,SENSEX,SENSEX 76800 CE,CE,76800.0,20.0,274.75,,,STILL_OPEN,,,,,True
NIF-2026-09-02-0918-5ce6dd,2026-09-02 09:18,NIFTY,NIFTY 23900 CE,CE,23900.0,65.0,132.55,126.0,09:21,POSITION_SIGNAL,-6.55,-6.55,-425.75,-425.75,True
NIF-2026-09-02-0922-341a86,2026-09-02 09:22,NIFTY,NIFTY 23850 PE,PE,23850.0,65.0,132.5,128.3,09:26,SIGNAL_FLIP,-4.2,-4.2,-273.0,-273.0,True
NIF-2026-09-02-0935-5265c3,2026-09-02 09:35,NIFTY,NIFTY 23900 CE,CE,23900.0,65.0,135.9,133.65,09:38,POSITION_SIGNAL,-2.25,-2.25,-146.25,-146.25,True
NIF-2026-09-02-0940-a8629d,2026-09-02 09:40,NIFTY,NIFTY 23900 PE,PE,23900.0,65.0,152.15,145.7,09:42,SIGNAL_FLIP,-6.45,-6.45,-419.25,-419.25,True
NIF-2026-09-02-0946-f1e99c,2026-09-02 09:46,NIFTY,NIFTY 23900 PE,PE,23900.0,65.0,151.0,145.75,09:50,SIGNAL_FLIP,-5.25,-5.25,-341.25,-341.25,True
NIF-2026-09-02-0954-6328d8,2026-09-02 09:54,NIFTY,NIFTY 23900 PE,PE,23900.0,65.0,151.3,148.55,09:56,SIGNAL_FLIP,-2.75,-2.75,-178.75,-178.75,True
NIF-2026-09-02-1001-30f6c4,2026-09-02 10:01,NIFTY,NIFTY 23900 CE,CE,23900.0,65.0,136.0,132.0,10:09,SIGNAL_FLIP,-4.0,-4.0,-260.0,-260.0,True
NIF-2026-09-02-1013-5f0f99,2026-09-02 10:13,NIFTY,NIFTY 23900 CE,CE,23900.0,65.0,136.75,146.2,10:34,SIGNAL_FLIP,9.45,9.45,614.25,614.25,True
NIF-2026-09-02-1039-8edebc,2026-09-02 10:39,NIFTY,NIFTY 23900 PE,PE,23900.0,65.0,134.4,133.05,10:42,SIGNAL_FLIP,-1.35,-1.35,-87.75,-87.75,True
NIF-2026-09-02-1049-f2c1c5,2026-09-02 10:49,NIFTY,NIFTY 23900 CE,CE,23900.0,65.0,142.65,136.45,10:53,SIGNAL_FLIP,-6.2,-6.2,-403.0,-403.0,True
NIF-2026-09-02-1102-e2a967,2026-09-02 11:02,NIFTY,NIFTY 23900 PE,PE,23900.0,65.0,142.75,149.7,11:40,POSITION_SIGNAL,6.95,6.95,451.75,451.75,True
NIF-2026-09-02-1142-cb9f5d,2026-09-02 11:42,NIFTY,NIFTY 23850 PE,PE,23850.0,65.0,131.85,129.1,11:51,POSITION_SIGNAL,-2.75,-2.75,-178.75,-178.75,True
NIF-2026-09-02-1155-139d60,2026-09-02 11:55,NIFTY,NIFTY 23900 CE,CE,23900.0,65.0,131.55,126.35,11:57,SIGNAL_FLIP,-5.2,-5.2,-338.0,-338.0,True
NIF-2026-09-02-1204-aa3a8a,2026-09-02 12:04,NIFTY,NIFTY 23850 PE,PE,23850.0,65.0,134.7,130.2,12:10,POSITION_SIGNAL,-4.5,-4.5,-292.5,-292.5,True
NIF-2026-09-02-1217-25e3a4,2026-09-02 12:17,NIFTY,NIFTY 23900 CE,CE,23900.0,65.0,136.35,130.1,12:19,SIGNAL_FLIP,-6.25,-6.25,-406.25,-406.25,True
NIF-2026-09-02-1224-6453a1,2026-09-02 12:24,NIFTY,NIFTY 23900 CE,CE,23900.0,65.0,128.3,138.1,12:36,POSITION_SIGNAL,9.8,9.8,637.0,637.0,True
NIF-2026-09-02-1242-fc9727,2026-09-02 12:42,NIFTY,NIFTY 23900 CE,CE,23900.0,65.0,141.65,144.0,12:47,POSITION_SIGNAL,2.35,2.35,152.75,152.75,True
NIF-2026-09-02-1249-a2319c,2026-09-02 12:49,NIFTY,NIFTY 23900 CE,CE,23900.0,65.0,145.5,144.4,13:05,SIGNAL_FLIP,-1.1,-1.1,-71.5,-71.5,True
NIF-2026-09-02-1309-354537,2026-09-02 13:09,NIFTY,NIFTY 23900 PE,PE,23900.0,65.0,128.9,123.3,13:11,SIGNAL_FLIP,-5.6,-5.6,-364.0,-364.0,True
NIF-2026-09-02-1314-d55d5d,2026-09-02 13:14,NIFTY,NIFTY 23950 CE,CE,23950.0,65.0,124.65,121.85,13:17,POSITION_SIGNAL,-2.8,-2.8,-182.0,-182.0,True
NIF-2026-09-02-1322-7a707c,2026-09-02 13:22,NIFTY,NIFTY 23950 CE,CE,23950.0,65.0,121.5,121.0,13:29,POSITION_SIGNAL,-0.5,-0.5,-32.5,-32.5,True
NIF-2026-09-02-1336-7feb3c,2026-09-02 13:36,NIFTY,NIFTY 23950 CE,CE,23950.0,65.0,124.75,117.6,13:39,SIGNAL_FLIP,-7.15,-7.15,-464.75,-464.75,True
NIF-2026-09-02-1348-d39d59,2026-09-02 13:48,NIFTY,NIFTY 23900 CE,CE,23900.0,65.0,146.0,138.2,13:51,SIGNAL_FLIP,-7.8,-7.8,-507.0,-507.0,True
NIF-2026-09-02-1354-463fc5,2026-09-02 13:54,NIFTY,NIFTY 23900 CE,CE,23900.0,65.0,143.5,143.35,14:05,SIGNAL_FLIP,-0.15,-0.15,-9.75,-9.75,True
NIF-2026-09-02-1407-6ffd21,2026-09-02 14:07,NIFTY,NIFTY 23950 CE,CE,23950.0,65.0,129.85,126.75,14:13,POSITION_SIGNAL,-3.1,-3.1,-201.5,-201.5,True
NIF-2026-09-02-1420-d30450,2026-09-02 14:20,NIFTY,NIFTY 23950 CE,CE,23950.0,65.0,124.4,121.45,14:23,POSITION_SIGNAL,-2.95,-2.95,-191.75,-191.75,True
NIF-2026-09-02-1425-5ccf8c,2026-09-02 14:25,NIFTY,NIFTY 23900 PE,PE,23900.0,65.0,123.25,119.4,14:27,SIGNAL_FLIP,-3.85,-3.85,-250.25,-250.25,True
NIF-2026-09-02-1441-3faf39,2026-09-02 14:41,NIFTY,NIFTY 23950 CE,CE,23950.0,65.0,131.2,126.25,14:43,SIGNAL_FLIP,-4.95,-4.95,-321.75,-321.75,True
NIF-2026-09-02-1447-bf2ed3,2026-09-02 14:47,NIFTY,NIFTY 23950 CE,CE,23950.0,65.0,124.7,123.2,14:52,SIGNAL_FLIP,-1.5,-1.5,-97.5,-97.5,True
NIF-2026-09-02-1501-37f1e0,2026-09-02 15:01,NIFTY,NIFTY 23900 PE,PE,23900.0,65.0,120.65,125.1,15:08,SIGNAL_FLIP,4.45,4.45,289.25,289.25,True
SEN-2026-09-02-0919-c9de56,2026-09-02 09:19,SENSEX,SENSEX 76300 PE,PE,76300.0,20.0,271.0,268.15,09:25,SIGNAL_FLIP,-2.85,-2.85,-57.0,-57.0,True
SEN-2026-09-02-0928-53c1c7,2026-09-02 09:28,SENSEX,SENSEX 76300 CE,CE,76300.0,20.0,280.65,297.85,09:38,POSITION_SIGNAL,17.2,17.2,344.0,344.0,True
SEN-2026-09-02-0946-ebf43a,2026-09-02 09:46,SENSEX,SENSEX 76400 PE,PE,76400.0,20.0,293.35,281.9,09:50,SIGNAL_FLIP,-11.45,-11.45,-229.0,-229.0,True
SEN-2026-09-02-0954-1a91d9,2026-09-02 09:54,SENSEX,SENSEX 76300 PE,PE,76300.0,20.0,244.45,237.9,09:56,SIGNAL_FLIP,-6.55,-6.55,-131.0,-131.0,True
SEN-2026-09-02-1001-3d8080,2026-09-02 10:01,SENSEX,SENSEX 76400 CE,CE,76400.0,20.0,260.0,258.0,10:08,POSITION_SIGNAL,-2.0,-2.0,-40.0,-40.0,True
SEN-2026-09-02-1009-5bec2b,2026-09-02 10:09,SENSEX,SENSEX 76400 PE,PE,76400.0,20.0,275.85,265.25,10:13,SIGNAL_FLIP,-10.6,-10.6,-212.0,-212.0,True
SEN-2026-09-02-1020-6b1841,2026-09-02 10:20,SENSEX,SENSEX 76400 CE,CE,76400.0,20.0,269.3,319.2,10:34,POSITION_SIGNAL,49.9,49.9,998.0,998.0,True
SEN-2026-09-02-1035-aadfbf,2026-09-02 10:35,SENSEX,SENSEX 76500 PE,PE,76500.0,20.0,264.65,280.25,10:49,SIGNAL_FLIP,15.6,15.6,312.0,312.0,True
SEN-2026-09-02-1053-9c94ef,2026-09-02 10:53,SENSEX,SENSEX 76400 PE,PE,76400.0,20.0,253.65,245.3,10:56,SIGNAL_FLIP,-8.35,-8.35,-167.0,-167.0,True
SEN-2026-09-02-1101-f21a3a,2026-09-02 11:01,SENSEX,SENSEX 76400 CE,CE,76400.0,20.0,278.6,257.75,11:02,SIGNAL_FLIP,-20.85,-20.85,-417.0,-417.0,True
SEN-2026-09-02-1122-9eb232,2026-09-02 11:22,SENSEX,SENSEX 76300 PE,PE,76300.0,20.0,239.65,243.1,11:28,POSITION_SIGNAL,3.45,3.45,69.0,69.0,True
SEN-2026-09-02-1132-80e22a,2026-09-02 11:32,SENSEX,SENSEX 76300 PE,PE,76300.0,20.0,245.0,236.3,11:39,POSITION_SIGNAL,-8.7,-8.7,-174.0,-174.0,True
SEN-2026-09-02-1140-35cb25,2026-09-02 11:40,SENSEX,SENSEX 76400 CE,CE,76400.0,20.0,234.9,223.2,11:42,SIGNAL_FLIP,-11.7,-11.7,-234.0,-234.0,True
SEN-2026-09-02-1147-98bba7,2026-09-02 11:47,SENSEX,SENSEX 76300 PE,PE,76300.0,20.0,252.0,241.55,11:50,POSITION_SIGNAL,-10.45,-10.45,-209.0,-209.0,True
SEN-2026-09-02-1154-2afabe,2026-09-02 11:54,SENSEX,SENSEX 76400 CE,CE,76400.0,20.0,239.15,225.45,11:58,SIGNAL_FLIP,-13.7,-13.7,-274.0,-274.0,True
SEN-2026-09-02-1202-5e1c04,2026-09-02 12:02,SENSEX,SENSEX 76300 CE,CE,76300.0,20.0,280.25,269.75,12:04,SIGNAL_FLIP,-10.5,-10.5,-210.0,-210.0,True
SEN-2026-09-02-1217-9b4076,2026-09-02 12:17,SENSEX,SENSEX 76400 CE,CE,76400.0,20.0,270.1,251.55,12:19,SIGNAL_FLIP,-18.55,-18.55,-371.0,-371.0,True
SEN-2026-09-02-1226-6e7874,2026-09-02 12:26,SENSEX,SENSEX 76400 CE,CE,76400.0,20.0,246.0,284.0,12:36,POSITION_SIGNAL,38.0,38.0,760.0,760.0,True
SEN-2026-09-02-1239-704a9f,2026-09-02 12:39,SENSEX,SENSEX 76500 PE,PE,76500.0,20.0,275.9,259.1,12:42,SIGNAL_FLIP,-16.8,-16.8,-336.0,-336.0,True
SEN-2026-09-02-1244-332ebe,2026-09-02 12:44,SENSEX,SENSEX 76500 CE,CE,76500.0,20.0,261.1,229.95,12:46,SIGNAL_FLIP,-31.15,-31.15,-623.0,-623.0,True
SEN-2026-09-02-1251-1edec5,2026-09-02 12:51,SENSEX,SENSEX 76500 CE,CE,76500.0,20.0,243.1,240.25,13:05,SIGNAL_FLIP,-2.85,-2.85,-57.0,-57.0,True
SEN-2026-09-02-1309-3ffef8,2026-09-02 13:09,SENSEX,SENSEX 76500 PE,PE,76500.0,20.0,266.2,250.65,13:11,SIGNAL_FLIP,-15.55,-15.55,-311.0,-311.0,True
SEN-2026-09-03-0952-3f294b,2026-09-03 09:52,SENSEX,SENSEX 76900 CE,CE,76900.0,20.0,151.4,142.55,09:54,SIGNAL_FLIP,-8.85,-8.85,-177.0,-177.0,True
SEN-2026-09-02-1324-5f0f6e,2026-09-02 13:24,SENSEX,SENSEX 76500 CE,CE,76500.0,20.0,251.35,241.95,13:30,POSITION_SIGNAL,-9.4,-9.4,-188.0,-188.0,True
SEN-2026-09-02-1331-997850,2026-09-02 13:31,SENSEX,SENSEX 76500 PE,PE,76500.0,20.0,247.45,226.55,13:36,SIGNAL_FLIP,-20.9,-20.9,-418.0,-418.0,True
SEN-2026-09-02-1340-1922ff,2026-09-02 13:40,SENSEX,SENSEX 76500 PE,PE,76500.0,20.0,258.6,252.25,13:43,SIGNAL_FLIP,-6.35,-6.35,-127.0,-127.0,True
SEN-2026-09-02-1351-cd4982,2026-09-02 13:51,SENSEX,SENSEX 76500 PE,PE,76500.0,20.0,262.9,244.45,13:54,POSITION_SIGNAL,-18.45,-18.45,-369.0,-369.0,True
SEN-2026-09-02-1400-52330e,2026-09-02 14:00,SENSEX,SENSEX 76500 CE,CE,76500.0,20.0,250.95,239.75,14:05,POSITION_SIGNAL,-11.2,-11.2,-224.0,-224.0,True
SEN-2026-09-02-1407-378be0,2026-09-02 14:07,SENSEX,SENSEX 76600 CE,CE,76600.0,20.0,229.85,222.9,14:12,POSITION_SIGNAL,-6.95,-6.95,-139.0,-139.0,True
SEN-2026-09-02-1420-da1ddd,2026-09-02 14:20,SENSEX,SENSEX 76500 CE,CE,76500.0,20.0,252.65,228.05,14:24,POSITION_SIGNAL,-24.6,-24.6,-492.0,-492.0,True
SEN-2026-09-02-1426-d8aee9,2026-09-02 14:26,SENSEX,SENSEX 76500 PE,PE,76500.0,20.0,241.4,228.25,14:28,SIGNAL_FLIP,-13.15,-13.15,-263.0,-263.0,True
SEN-2026-09-02-1439-1538cd,2026-09-02 14:39,SENSEX,SENSEX 76600 PE,PE,76600.0,20.0,249.3,261.25,14:47,SIGNAL_FLIP,11.95,11.95,239.0,239.0,True
SEN-2026-09-02-1449-c42f13,2026-09-02 14:49,SENSEX,SENSEX 76500 CE,CE,76500.0,20.0,253.95,239.2,14:51,POSITION_SIGNAL,-14.75,-14.75,-295.0,-295.0,True
SEN-2026-09-02-1452-957359,2026-09-02 14:52,SENSEX,SENSEX 76500 PE,PE,76500.0,20.0,220.0,226.6,14:59,POSITION_SIGNAL,6.6,6.6,132.0,132.0,True
SEN-2026-09-02-1500-027d14,2026-09-02 15:00,SENSEX,SENSEX 76500 CE,CE,76500.0,20.0,214.5,196.1,15:02,POSITION_SIGNAL,-18.4,-18.4,-368.0,-368.0,True
SEN-2026-09-02-1504-79d65c,2026-09-02 15:04,SENSEX,SENSEX 76400 PE,PE,76400.0,20.0,210.5,203.75,15:08,SIGNAL_FLIP,-6.75,-6.75,-135.0,-135.0,True
NIF-2026-09-03-0919-0a9519,2026-09-03 09:19,NIFTY,NIFTY 24000 PE,PE,24000.0,65.0,99.95,94.8,09:21,POSITION_SIGNAL,-5.15,-5.15,-334.75,-334.75,True
NIF-2026-09-03-0923-cb6553,2026-09-03 09:23,NIFTY,NIFTY 24000 PE,PE,24000.0,65.0,101.3,100.15,09:28,SIGNAL_FLIP,-1.15,-1.15,-74.75,-74.75,True
NIF-2026-09-03-0931-d66d6a,2026-09-03 09:31,NIFTY,NIFTY 24050 CE,CE,24050.0,65.0,98.9,115.6,09:48,POSITION_SIGNAL,16.7,16.7,1085.5,1085.5,True
NIF-2026-09-03-1004-192d4a,2026-09-03 10:04,NIFTY,NIFTY 24050 CE,CE,24050.0,65.0,108.5,106.2,10:07,SIGNAL_FLIP,-2.3,-2.3,-149.5,-149.5,True
NIF-2026-09-03-1012-94a7e4,2026-09-03 10:12,NIFTY,NIFTY 24050 PE,PE,24050.0,65.0,109.65,108.9,10:19,SIGNAL_FLIP,-0.75,-0.75,-48.75,-48.75,True
NIF-2026-09-03-1023-e7190b,2026-09-03 10:23,NIFTY,NIFTY 24050 PE,PE,24050.0,65.0,111.75,133.35,10:45,SIGNAL_FLIP,21.6,21.6,1404.0,1404.0,True
NIF-2026-09-03-1049-685f47,2026-09-03 10:49,NIFTY,NIFTY 24000 CE,CE,24000.0,65.0,111.55,110.9,10:51,SIGNAL_FLIP,-0.65,-0.65,-42.25,-42.25,True
NIF-2026-09-03-1101-3f10a7,2026-09-03 11:01,NIFTY,NIFTY 24000 PE,PE,24000.0,65.0,114.4,129.75,11:18,SIGNAL_FLIP,15.35,15.35,997.75,997.75,True
NIF-2026-09-03-1135-ba8f80,2026-09-03 11:35,NIFTY,NIFTY 24000 CE,CE,24000.0,65.0,111.3,109.2,11:39,SIGNAL_FLIP,-2.1,-2.1,-136.5,-136.5,True
NIF-2026-09-03-1145-f222df,2026-09-03 11:45,NIFTY,NIFTY 24000 CE,CE,24000.0,65.0,111.3,106.35,11:47,SIGNAL_FLIP,-4.95,-4.95,-321.75,-321.75,True
NIF-2026-09-03-1151-08bff1,2026-09-03 11:51,NIFTY,NIFTY 24000 PE,PE,24000.0,65.0,113.5,128.8,12:11,POSITION_SIGNAL,15.3,15.3,994.5,994.5,True
NIF-2026-09-03-1213-3799a6,2026-09-03 12:13,NIFTY,NIFTY 23950 PE,PE,23950.0,65.0,105.5,112.4,12:31,POSITION_SIGNAL,6.9,6.9,448.5,448.5,True
NIF-2026-09-03-1232-b1b6bb,2026-09-03 12:32,NIFTY,NIFTY 23950 CE,CE,23950.0,65.0,114.5,114.3,12:34,SIGNAL_FLIP,-0.2,-0.2,-13.0,-13.0,True
NIF-2026-09-03-1242-d463ce,2026-09-03 12:42,NIFTY,NIFTY 23950 PE,PE,23950.0,65.0,114.85,113.05,12:47,POSITION_SIGNAL,-1.8,-1.8,-117.0,-117.0,True
NIF-2026-09-03-1253-12ca98,2026-09-03 12:53,NIFTY,NIFTY 23950 CE,CE,23950.0,65.0,119.15,113.15,12:56,SIGNAL_FLIP,-6.0,-6.0,-390.0,-390.0,True
NIF-2026-09-03-1301-4e77a6,2026-09-03 13:01,NIFTY,NIFTY 23950 PE,PE,23950.0,65.0,111.65,107.25,13:05,POSITION_SIGNAL,-4.4,-4.4,-286.0,-286.0,True
NIF-2026-09-03-1308-9424ea,2026-09-03 13:08,NIFTY,NIFTY 23950 PE,PE,23950.0,65.0,108.95,104.55,13:11,POSITION_SIGNAL,-4.4,-4.4,-286.0,-286.0,True
NIF-2026-09-03-1312-5428e6,2026-09-03 13:12,NIFTY,NIFTY 23950 CE,CE,23950.0,65.0,120.1,116.15,13:15,SIGNAL_FLIP,-3.95,-3.95,-256.75,-256.75,True
NIF-2026-09-03-1321-944479,2026-09-03 13:21,NIFTY,NIFTY 23950 PE,PE,23950.0,65.0,106.5,110.9,13:29,POSITION_SIGNAL,4.4,4.4,286.0,286.0,True
NIF-2026-09-03-1336-b5ee3f,2026-09-03 13:36,NIFTY,NIFTY 23950 CE,CE,23950.0,65.0,120.95,116.8,13:37,SIGNAL_FLIP,-4.15,-4.15,-269.75,-269.75,True
NIF-2026-09-03-1340-b2ce3e,2026-09-03 13:40,NIFTY,NIFTY 23950 PE,PE,23950.0,65.0,110.25,105.6,13:50,POSITION_SIGNAL,-4.65,-4.65,-302.25,-302.25,True
NIF-2026-09-03-1353-d0cd6e,2026-09-03 13:53,NIFTY,NIFTY 23950 PE,PE,23950.0,65.0,111.9,105.05,13:57,POSITION_SIGNAL,-6.85,-6.85,-445.25,-445.25,True
NIF-2026-09-03-1359-77a991,2026-09-03 13:59,NIFTY,NIFTY 23950 CE,CE,23950.0,65.0,113.95,110.15,14:02,SIGNAL_FLIP,-3.8,-3.8,-247.0,-247.0,True
NIF-2026-09-03-1407-b54cee,2026-09-03 14:07,NIFTY,NIFTY 23950 PE,PE,23950.0,65.0,105.2,102.8,14:19,POSITION_SIGNAL,-2.4,-2.4,-156.0,-156.0,True
NIF-2026-09-03-1421-1c88cf,2026-09-03 14:21,NIFTY,NIFTY 23950 CE,CE,23950.0,65.0,113.1,110.0,14:22,SIGNAL_FLIP,-3.1,-3.1,-201.5,-201.5,True
NIF-2026-09-03-1428-adde38,2026-09-03 14:28,NIFTY,NIFTY 23950 CE,CE,23950.0,65.0,114.25,113.0,14:32,SIGNAL_FLIP,-1.25,-1.25,-81.25,-81.25,True
NIF-2026-09-03-1437-13c136,2026-09-03 14:37,NIFTY,NIFTY 23950 PE,PE,23950.0,65.0,101.5,104.85,14:44,POSITION_SIGNAL,3.35,3.35,217.75,217.75,True
NIF-2026-09-03-1452-0f427a,2026-09-03 14:52,NIFTY,NIFTY 23950 PE,PE,23950.0,65.0,103.0,111.45,15:03,POSITION_SIGNAL,8.45,8.45,549.25,549.25,True
NIF-2026-09-03-1504-f42a51,2026-09-03 15:04,NIFTY,NIFTY 23950 PE,PE,23950.0,65.0,112.8,109.2,15:11,POSITION_SIGNAL,-3.6,-3.6,-234.0,-234.0,True
NIF-2026-09-03-1512-806434,2026-09-03 15:12,NIFTY,NIFTY 23950 CE,CE,23950.0,65.0,106.35,105.55,15:20,POSITION_SIGNAL,-0.8,-0.8,-52.0,-52.0,True
NIF-2026-09-03-1521-422be2,2026-09-03 15:21,NIFTY,NIFTY 23950 PE,PE,23950.0,65.0,112.6,125.4,15:29,SESSION_END,12.8,12.8,832.0,832.0,True
SEN-2026-09-03-0919-e7f627,2026-09-03 09:19,SENSEX,SENSEX 76800 PE,PE,76800.0,20.0,159.0,138.6,09:21,STOP_LOSS,-20.4,-20.4,-408.0,-408.0,True
SEN-2026-09-03-0924-c2ad4a,2026-09-03 09:24,SENSEX,SENSEX 76800 PE,PE,76800.0,20.0,162.35,157.6,09:28,SIGNAL_FLIP,-4.75,-4.75,-95.0,-95.0,True
SEN-2026-09-03-0934-7c136e,2026-09-03 09:34,SENSEX,SENSEX 76800 CE,CE,76800.0,20.0,175.0,203.75,09:49,SIGNAL_FLIP,28.75,28.75,575.0,575.0,True
SEN-2026-09-03-0959-5b5409,2026-09-03 09:59,SENSEX,SENSEX 76900 PE,PE,76900.0,20.0,161.9,161.7,10:04,POSITION_SIGNAL,-0.2,-0.2,-4.0,-4.0,True
SEN-2026-09-03-1005-de234b,2026-09-03 10:05,SENSEX,SENSEX 76900 CE,CE,76900.0,20.0,133.8,124.95,10:07,SIGNAL_FLIP,-8.85,-8.85,-177.0,-177.0,True
SEN-2026-09-03-1012-d3283b,2026-09-03 10:12,SENSEX,SENSEX 76900 PE,PE,76900.0,20.0,169.85,168.65,10:19,SIGNAL_FLIP,-1.2,-1.2,-24.0,-24.0,True
SEN-2026-09-03-1021-6ad7b0,2026-09-03 10:21,SENSEX,SENSEX 76900 CE,CE,76900.0,20.0,124.3,118.7,10:23,SIGNAL_FLIP,-5.6,-5.6,-112.0,-112.0,True
SEN-2026-09-03-1030-a02b39,2026-09-03 10:30,SENSEX,SENSEX 76800 PE,PE,76800.0,20.0,141.8,135.1,10:34,POSITION_SIGNAL,-6.7,-6.7,-134.0,-134.0,True
SEN-2026-09-03-1036-3fc04b,2026-09-03 10:36,SENSEX,SENSEX 76800 PE,PE,76800.0,20.0,150.75,163.0,10:45,SIGNAL_FLIP,12.25,12.25,245.0,245.0,True
SEN-2026-09-03-1051-b8a740,2026-09-03 10:51,SENSEX,SENSEX 76800 PE,PE,76800.0,20.0,170.3,166.5,10:58,POSITION_SIGNAL,-3.8,-3.8,-76.0,-76.0,True
SEN-2026-09-03-1101-2e9e40,2026-09-03 11:01,SENSEX,SENSEX 76800 PE,PE,76800.0,20.0,168.7,210.85,11:18,POSITION_SIGNAL,42.15,42.15,843.0,843.0,True
SEN-2026-09-03-1137-36e002,2026-09-03 11:37,SENSEX,SENSEX 76800 CE,CE,76800.0,20.0,134.0,122.8,11:39,SIGNAL_FLIP,-11.2,-11.2,-224.0,-224.0,True
SEN-2026-09-03-1143-59284a,2026-09-03 11:43,SENSEX,SENSEX 76800 PE,PE,76800.0,20.0,148.6,134.7,11:45,SIGNAL_FLIP,-13.9,-13.9,-278.0,-278.0,True
SEN-2026-09-03-1147-4eb2ff,2026-09-03 11:47,SENSEX,SENSEX 76800 PE,PE,76800.0,20.0,153.6,133.7,11:49,STOP_LOSS,-19.9,-19.9,-398.0,-398.0,True
SEN-2026-09-03-1151-c3acea,2026-09-03 11:51,SENSEX,SENSEX 76800 PE,PE,76800.0,20.0,155.45,143.3,11:53,SIGNAL_FLIP,-12.15,-12.15,-243.0,-243.0,True
SEN-2026-09-03-1204-081ba1,2026-09-03 12:04,SENSEX,SENSEX 76700 PE,PE,76700.0,20.0,145.75,145.05,12:15,POSITION_SIGNAL,-0.7,-0.7,-14.0,-14.0,True
SEN-2026-09-03-1217-2028d6,2026-09-03 12:17,SENSEX,SENSEX 76700 PE,PE,76700.0,20.0,154.55,188.35,12:27,POSITION_SIGNAL,33.8,33.8,676.0,676.0,True
SEN-2026-09-03-1232-7b18bf,2026-09-03 12:32,SENSEX,SENSEX 76600 CE,CE,76600.0,20.0,167.0,159.25,12:35,SIGNAL_FLIP,-7.75,-7.75,-155.0,-155.0,True
SEN-2026-09-03-1241-efa841,2026-09-03 12:41,SENSEX,SENSEX 76700 CE,CE,76700.0,20.0,118.95,115.55,12:42,SIGNAL_FLIP,-3.4,-3.4,-68.0,-68.0,True
SEN-2026-09-03-1256-e69d88,2026-09-03 12:56,SENSEX,SENSEX 76700 PE,PE,76700.0,20.0,155.35,138.85,12:58,STOP_LOSS,-16.5,-16.5,-330.0,-330.0,True
SEN-2026-09-03-1301-1e1058,2026-09-03 13:01,SENSEX,SENSEX 76700 PE,PE,76700.0,20.0,151.1,142.5,13:05,POSITION_SIGNAL,-8.6,-8.6,-172.0,-172.0,True
SEN-2026-09-03-1308-fe2bfe,2026-09-03 13:08,SENSEX,SENSEX 76700 PE,PE,76700.0,20.0,145.45,127.0,13:11,STOP_LOSS,-18.45,-18.45,-369.0,-369.0,True
SEN-2026-09-03-1316-e38ed6,2026-09-03 13:16,SENSEX,SENSEX 76700 PE,PE,76700.0,20.0,133.6,109.05,13:18,STOP_LOSS,-24.55,-24.55,-491.0,-491.0,True
SEN-2026-09-03-1321-263cc6,2026-09-03 13:21,SENSEX,SENSEX 76700 PE,PE,76700.0,20.0,128.2,154.0,13:29,SIGNAL_FLIP,25.8,25.8,516.0,516.0,True
SEN-2026-09-03-1337-efb3d2,2026-09-03 13:37,SENSEX,SENSEX 76700 PE,PE,76700.0,20.0,126.65,133.75,13:50,POSITION_SIGNAL,7.1,7.1,142.0,142.0,True
SEN-2026-09-03-1352-5f5158,2026-09-03 13:52,SENSEX,SENSEX 76600 CE,CE,76600.0,20.0,139.2,122.95,13:53,SIGNAL_FLIP,-16.25,-16.25,-325.0,-325.0,True
SEN-2026-09-03-1408-0d7d65,2026-09-03 14:08,SENSEX,SENSEX 76600 PE,PE,76600.0,20.0,94.55,92.35,14:11,POSITION_SIGNAL,-2.2,-2.2,-44.0,-44.0,True
SEN-2026-09-03-1420-7d2877,2026-09-03 14:20,SENSEX,SENSEX 76700 CE,CE,76700.0,20.0,96.45,78.7,14:22,STOP_LOSS,-17.75,-17.75,-355.0,-355.0,True
SEN-2026-09-03-1429-3a854a,2026-09-03 14:29,SENSEX,SENSEX 76700 CE,CE,76700.0,20.0,101.3,89.45,14:31,SIGNAL_FLIP,-11.85,-11.85,-237.0,-237.0,True
SEN-2026-09-03-1436-f264d5,2026-09-03 14:36,SENSEX,SENSEX 76700 PE,PE,76700.0,20.0,134.65,156.3,14:44,POSITION_SIGNAL,21.65,21.65,433.0,433.0,True
SEN-2026-09-03-1447-82af79,2026-09-03 14:47,SENSEX,SENSEX 76600 PE,PE,76600.0,20.0,110.45,94.7,14:48,STOP_LOSS,-15.75,-15.75,-315.0,-315.0,True
SEN-2026-09-03-1453-6c34f2,2026-09-03 14:53,SENSEX,SENSEX 76600 PE,PE,76600.0,20.0,103.9,115.3,15:01,POSITION_SIGNAL,11.4,11.4,228.0,228.0,True
SEN-2026-09-03-1502-ade25f,2026-09-03 15:02,SENSEX,SENSEX 76600 PE,PE,76600.0,20.0,117.85,111.95,15:10,POSITION_SIGNAL,-5.9,-5.9,-118.0,-118.0,True
SEN-2026-09-03-1515-0923b5,2026-09-03 15:15,SENSEX,SENSEX 76600 CE,CE,76600.0,20.0,135.95,128.75,15:17,POSITION_SIGNAL,-7.2,-7.2,-144.0,-144.0,True
NIF-2026-09-04-0920-0b6ceb,2026-09-04 09:20,NIFTY,NIFTY 23950 CE,CE,23950.0,65.0,108.75,106.3,09:22,SIGNAL_FLIP,-2.45,-2.45,-159.25,-159.25,True
NIF-2026-09-04-0927-674598,2026-09-04 09:27,NIFTY,NIFTY 23950 PE,PE,23950.0,65.0,99.55,96.0,09:34,SIGNAL_FLIP,-3.55,-3.55,-230.75,-230.75,True
NIF-2026-09-04-0937-2f0719,2026-09-04 09:37,NIFTY,NIFTY 23950 PE,PE,23950.0,65.0,100.5,101.3,09:39,POSITION_SIGNAL,0.8,0.8,52.0,52.0,True
NIF-2026-09-04-0940-15d820,2026-09-04 09:40,NIFTY,NIFTY 23950 CE,CE,23950.0,65.0,104.95,102.8,09:43,SIGNAL_FLIP,-2.15,-2.15,-139.75,-139.75,True
NIF-2026-09-04-0944-28b928,2026-09-04 09:44,NIFTY,NIFTY 23950 CE,CE,23950.0,65.0,105.75,122.0,10:05,POSITION_SIGNAL,16.25,16.25,1056.25,1056.25,True
NIF-2026-09-04-1006-e33f1d,2026-09-04 10:06,NIFTY,NIFTY 24000 PE,PE,24000.0,65.0,104.1,108.5,10:16,POSITION_SIGNAL,4.4,4.4,286.0,286.0,True
NIF-2026-09-04-1017-6b3e99,2026-09-04 10:17,NIFTY,NIFTY 24000 CE,CE,24000.0,65.0,91.0,97.65,10:34,POSITION_SIGNAL,6.65,6.65,432.25,432.25,True
NIF-2026-09-04-1036-3e0b05,2026-09-04 10:36,NIFTY,NIFTY 24000 PE,PE,24000.0,65.0,100.85,96.15,10:38,SIGNAL_FLIP,-4.7,-4.7,-305.5,-305.5,True
NIF-2026-09-04-1041-11ea3a,2026-09-04 10:41,NIFTY,NIFTY 24000 PE,PE,24000.0,65.0,100.35,99.05,10:44,SIGNAL_FLIP,-1.3,-1.3,-84.5,-84.5,True
NIF-2026-09-04-1047-f9a0c4,2026-09-04 10:47,NIFTY,NIFTY 24000 CE,CE,24000.0,65.0,99.8,97.45,10:51,SIGNAL_FLIP,-2.35,-2.35,-152.75,-152.75,True
NIF-2026-09-04-1054-e981bd,2026-09-04 10:54,NIFTY,NIFTY 24000 CE,CE,24000.0,65.0,99.85,98.35,10:58,POSITION_SIGNAL,-1.5,-1.5,-97.5,-97.5,True
NIF-2026-09-04-1059-155d90,2026-09-04 10:59,NIFTY,NIFTY 24000 CE,CE,24000.0,65.0,100.3,98.15,11:04,POSITION_SIGNAL,-2.15,-2.15,-139.75,-139.75,True
NIF-2026-09-04-1109-5c20e4,2026-09-04 11:09,NIFTY,NIFTY 24000 CE,CE,24000.0,65.0,100.55,95.15,11:13,POSITION_SIGNAL,-5.4,-5.4,-351.0,-351.0,True
NIF-2026-09-04-1114-143223,2026-09-04 11:14,NIFTY,NIFTY 24000 PE,PE,24000.0,65.0,100.2,99.35,11:18,SIGNAL_FLIP,-0.85,-0.85,-55.25,-55.25,True
NIF-2026-09-04-1127-2146c5,2026-09-04 11:27,NIFTY,NIFTY 24000 CE,CE,24000.0,65.0,101.7,107.6,11:42,SIGNAL_FLIP,5.9,5.9,383.5,383.5,True
NIF-2026-09-04-1150-6e1541,2026-09-04 11:50,NIFTY,NIFTY 24000 CE,CE,24000.0,65.0,109.8,107.55,11:55,POSITION_SIGNAL,-2.25,-2.25,-146.25,-146.25,True
NIF-2026-09-04-1156-4c584e,2026-09-04 11:56,NIFTY,NIFTY 24000 CE,CE,24000.0,65.0,108.1,102.45,12:00,POSITION_SIGNAL,-5.65,-5.65,-367.25,-367.25,True
NIF-2026-09-04-1202-394716,2026-09-04 12:02,NIFTY,NIFTY 24000 PE,PE,24000.0,65.0,97.8,98.2,12:10,SIGNAL_FLIP,0.4,0.4,26.0,26.0,True
NIF-2026-09-04-1211-9fc209,2026-09-04 12:11,NIFTY,NIFTY 24000 PE,PE,24000.0,65.0,102.9,104.3,12:19,POSITION_SIGNAL,1.4,1.4,91.0,91.0,True
NIF-2026-09-04-1220-abf733,2026-09-04 12:20,NIFTY,NIFTY 24000 PE,PE,24000.0,65.0,107.25,105.3,12:28,SIGNAL_FLIP,-1.95,-1.95,-126.75,-126.75,True
NIF-2026-09-04-1231-da40dd,2026-09-04 12:31,NIFTY,NIFTY 24000 PE,PE,24000.0,65.0,108.0,108.95,12:41,POSITION_SIGNAL,0.95,0.95,61.75,61.75,True
NIF-2026-09-04-1244-f080cd,2026-09-04 12:44,NIFTY,NIFTY 23950 PE,PE,23950.0,65.0,86.85,84.15,12:49,POSITION_SIGNAL,-2.7,-2.7,-175.5,-175.5,True
NIF-2026-09-04-1255-1094a8,2026-09-04 12:55,NIFTY,NIFTY 23950 PE,PE,23950.0,65.0,85.6,82.75,13:01,SIGNAL_FLIP,-2.85,-2.85,-185.25,-185.25,True
NIF-2026-09-04-1310-1e6188,2026-09-04 13:10,NIFTY,NIFTY 24000 CE,CE,24000.0,65.0,83.5,85.8,13:21,POSITION_SIGNAL,2.3,2.3,149.5,149.5,True
NIF-2026-09-04-1325-6702ed,2026-09-04 13:25,NIFTY,NIFTY 24000 PE,PE,24000.0,65.0,98.95,104.65,13:38,POSITION_SIGNAL,5.7,5.7,370.5,370.5,True
NIF-2026-09-04-1346-cfd831,2026-09-04 13:46,NIFTY,NIFTY 24000 CE,CE,24000.0,65.0,81.95,82.6,13:50,SIGNAL_FLIP,0.65,0.65,42.25,42.25,True
NIF-2026-09-04-1407-51e6f5,2026-09-04 14:07,NIFTY,NIFTY 24000 CE,CE,24000.0,65.0,81.2,79.7,14:08,SIGNAL_FLIP,-1.5,-1.5,-97.5,-97.5,True
NIF-2026-09-04-1413-ee9b4c,2026-09-04 14:13,NIFTY,NIFTY 24000 CE,CE,24000.0,65.0,83.15,80.75,14:16,SIGNAL_FLIP,-2.4,-2.4,-156.0,-156.0,True
NIF-2026-09-04-1421-76acf6,2026-09-04 14:21,NIFTY,NIFTY 24000 CE,CE,24000.0,65.0,82.0,86.8,14:34,POSITION_SIGNAL,4.8,4.8,312.0,312.0,True
NIF-2026-09-04-1437-499142,2026-09-04 14:37,NIFTY,NIFTY 24000 PE,PE,24000.0,65.0,94.7,99.85,14:49,POSITION_SIGNAL,5.15,5.15,334.75,334.75,True
NIF-2026-09-04-1453-191a59,2026-09-04 14:53,NIFTY,NIFTY 23950 PE,PE,23950.0,65.0,79.05,77.65,15:08,POSITION_SIGNAL,-1.4,-1.4,-91.0,-91.0,True
NIF-2026-09-04-1513-7e2d7c,2026-09-04 15:13,NIFTY,NIFTY 24000 CE,CE,24000.0,65.0,78.15,61.45,15:20,STOP_LOSS,-16.7,-16.7,-1085.5,-1085.5,True
SEN-2026-09-04-0927-a4da27,2026-09-04 09:27,SENSEX,SENSEX 76800 PE,PE,76800.0,20.0,466.0,450.15,09:34,SIGNAL_FLIP,-15.85,-15.85,-317.0,-317.0,True
SEN-2026-09-04-0937-1e7f74,2026-09-04 09:37,SENSEX,SENSEX 76700 PE,PE,76700.0,20.0,428.55,428.0,09:39,POSITION_SIGNAL,-0.55,-0.55,-11.0,-11.0,True
SEN-2026-09-04-0943-973a74,2026-09-04 09:43,SENSEX,SENSEX 76700 PE,PE,76700.0,20.0,424.75,410.4,09:45,POSITION_SIGNAL,-14.35,-14.35,-287.0,-287.0,True
SEN-2026-09-04-0947-12b655,2026-09-04 09:47,SENSEX,SENSEX 76800 CE,CE,76800.0,20.0,419.2,454.6,10:00,POSITION_SIGNAL,35.4,35.4,708.0,708.0,True
SEN-2026-09-04-1003-c50c70,2026-09-04 10:03,SENSEX,SENSEX 76900 CE,CE,76900.0,20.0,416.25,406.4,10:05,POSITION_SIGNAL,-9.85,-9.85,-197.0,-197.0,True
SEN-2026-09-04-1007-9d88c8,2026-09-04 10:07,SENSEX,SENSEX 76800 PE,PE,76800.0,20.0,420.75,429.4,10:16,SIGNAL_FLIP,8.65,8.65,173.0,173.0,True
SEN-2026-09-04-1416-8db678,2026-09-04 14:16,SENSEX,SENSEX 76800 PE,PE,76800.0,20.0,406.9,396.25,14:22,POSITION_SIGNAL,-10.65,-10.65,-213.0,-213.0,True
SEN-2026-09-04-1018-fe9ef6,2026-09-04 10:18,SENSEX,SENSEX 76800 CE,CE,76800.0,20.0,440.9,462.5,10:35,POSITION_SIGNAL,21.6,21.6,432.0,432.0,True
SEN-2026-09-04-1036-3de225,2026-09-04 10:36,SENSEX,SENSEX 76800 PE,PE,76800.0,20.0,411.35,397.5,10:38,SIGNAL_FLIP,-13.85,-13.85,-277.0,-277.0,True
SEN-2026-09-04-1041-d39bad,2026-09-04 10:41,SENSEX,SENSEX 76800 PE,PE,76800.0,20.0,410.75,405.6,10:44,POSITION_SIGNAL,-5.15,-5.15,-103.0,-103.0,True
SEN-2026-09-04-1046-c81ea2,2026-09-04 10:46,SENSEX,SENSEX 76900 CE,CE,76900.0,20.0,408.45,408.55,10:58,SIGNAL_FLIP,0.1,0.1,2.0,2.0,True
SEN-2026-09-04-1100-ad5739,2026-09-04 11:00,SENSEX,SENSEX 76900 CE,CE,76900.0,20.0,418.0,412.1,11:04,POSITION_SIGNAL,-5.9,-5.9,-118.0,-118.0,True
SEN-2026-09-04-1109-0621d8,2026-09-04 11:09,SENSEX,SENSEX 76900 CE,CE,76900.0,20.0,418.0,403.55,11:13,POSITION_SIGNAL,-14.45,-14.45,-289.0,-289.0,True
SEN-2026-09-04-1114-28efc0,2026-09-04 11:14,SENSEX,SENSEX 76900 PE,PE,76900.0,20.0,449.75,448.0,11:18,SIGNAL_FLIP,-1.75,-1.75,-35.0,-35.0,True
SEN-2026-09-04-1126-4d0657,2026-09-04 11:26,SENSEX,SENSEX 76900 CE,CE,76900.0,20.0,429.4,445.2,11:42,SIGNAL_FLIP,15.8,15.8,316.0,316.0,True
SEN-2026-09-04-1145-911c36,2026-09-04 11:45,SENSEX,SENSEX 76900 PE,PE,76900.0,20.0,421.25,417.4,11:48,SIGNAL_FLIP,-3.85,-3.85,-77.0,-77.0,True
SEN-2026-09-04-1150-cb99b3,2026-09-04 11:50,SENSEX,SENSEX 76900 CE,CE,76900.0,20.0,448.55,448.2,11:54,POSITION_SIGNAL,-0.35,-0.35,-7.0,-7.0,True
SEN-2026-09-04-1159-8ea9db,2026-09-04 11:59,SENSEX,SENSEX 76900 PE,PE,76900.0,20.0,426.35,446.6,12:08,SIGNAL_FLIP,20.25,20.25,405.0,405.0,True
SEN-2026-09-04-1210-fbd8fb,2026-09-04 12:10,SENSEX,SENSEX 76900 CE,CE,76900.0,20.0,413.35,399.85,12:11,SIGNAL_FLIP,-13.5,-13.5,-270.0,-270.0,True
SEN-2026-09-04-1220-cd5d1c,2026-09-04 12:20,SENSEX,SENSEX 76800 PE,PE,76800.0,20.0,417.8,407.6,12:28,SIGNAL_FLIP,-10.2,-10.2,-204.0,-204.0,True
SEN-2026-09-04-1231-b978ec,2026-09-04 12:31,SENSEX,SENSEX 76800 PE,PE,76800.0,20.0,414.4,420.7,12:41,POSITION_SIGNAL,6.3,6.3,126.0,126.0,True
SEN-2026-09-04-1243-06ee61,2026-09-04 12:43,SENSEX,SENSEX 76800 PE,PE,76800.0,20.0,424.2,417.25,12:50,POSITION_SIGNAL,-6.95,-6.95,-139.0,-139.0,True
SEN-2026-09-04-1256-c7b3ae,2026-09-04 12:56,SENSEX,SENSEX 76800 PE,PE,76800.0,20.0,425.95,412.9,13:01,SIGNAL_FLIP,-13.05,-13.05,-261.0,-261.0,True
SEN-2026-09-04-1303-42ec0e,2026-09-04 13:03,SENSEX,SENSEX 76800 PE,PE,76800.0,20.0,428.3,422.55,13:06,POSITION_SIGNAL,-5.75,-5.75,-115.0,-115.0,True
SEN-2026-09-04-1311-66a6dc,2026-09-04 13:11,SENSEX,SENSEX 76800 CE,CE,76800.0,20.0,436.35,438.15,13:20,SIGNAL_FLIP,1.8,1.8,36.0,36.0,True
SEN-2026-09-04-1326-8da0cd,2026-09-04 13:26,SENSEX,SENSEX 76800 PE,PE,76800.0,20.0,401.2,412.75,13:38,POSITION_SIGNAL,11.55,11.55,231.0,231.0,True
SEN-2026-09-04-1347-a49846,2026-09-04 13:47,SENSEX,SENSEX 76800 CE,CE,76800.0,20.0,432.2,425.75,13:50,SIGNAL_FLIP,-6.45,-6.45,-129.0,-129.0,True
SEN-2026-09-04-1400-b69ab2,2026-09-04 14:00,SENSEX,SENSEX 76800 PE,PE,76800.0,20.0,416.5,411.25,14:04,POSITION_SIGNAL,-5.25,-5.25,-105.0,-105.0,True
SEN-2026-09-04-1426-c642b1,2026-09-04 14:26,SENSEX,SENSEX 76900 CE,CE,76900.0,20.0,388.95,395.05,14:34,POSITION_SIGNAL,6.1,6.1,122.0,122.0,True
SEN-2026-09-04-1437-70d57e,2026-09-04 14:37,SENSEX,SENSEX 76800 PE,PE,76800.0,20.0,393.25,410.45,14:49,POSITION_SIGNAL,17.2,17.2,344.0,344.0,True
SEN-2026-09-04-1451-be1e2a,2026-09-04 14:51,SENSEX,SENSEX 76800 PE,PE,76800.0,20.0,409.5,405.35,14:59,POSITION_SIGNAL,-4.15,-4.15,-83.0,-83.0,True
SEN-2026-09-04-1501-00bb5c,2026-09-04 15:01,SENSEX,SENSEX 76800 PE,PE,76800.0,20.0,413.9,413.0,15:13,POSITION_SIGNAL,-0.9,-0.9,-18.0,-18.0,True
NIF-2026-09-07-0919-d21374,2026-09-07 09:19,NIFTY,NIFTY 23850 CE,CE,23850.0,65.0,75.7,74.85,09:24,SIGNAL_FLIP,-0.85,-0.85,-55.25,-55.25,True
NIF-2026-09-07-0933-ecefa0,2026-09-07 09:33,NIFTY,NIFTY 23850 CE,CE,23850.0,65.0,71.05,69.55,09:34,SIGNAL_FLIP,-1.5,-1.5,-97.5,-97.5,True
NIF-2026-09-07-1200-b7f23d,2026-09-07 12:00,NIFTY,NIFTY 23800 PE,PE,23800.0,65.0,64.2,62.45,12:04,SIGNAL_FLIP,-1.75,-1.75,-113.75,-113.75,True
NIF-2026-09-07-0936-641694,2026-09-07 09:36,NIFTY,NIFTY 23850 CE,CE,23850.0,65.0,74.55,72.0,09:39,SIGNAL_FLIP,-2.55,-2.55,-165.75,-165.75,True
NIF-2026-09-07-0941-53f09b,2026-09-07 09:41,NIFTY,NIFTY 23850 CE,CE,23850.0,65.0,74.95,71.5,09:44,SIGNAL_FLIP,-3.45,-3.45,-224.25,-224.25,True
NIF-2026-09-07-0948-454049,2026-09-07 09:48,NIFTY,NIFTY 23850 PE,PE,23850.0,65.0,71.65,76.25,10:01,POSITION_SIGNAL,4.6,4.6,299.0,299.0,True
NIF-2026-09-07-1006-05f6a9,2026-09-07 10:06,NIFTY,NIFTY 23850 PE,PE,23850.0,65.0,76.05,85.4,10:21,POSITION_SIGNAL,9.35,9.35,607.75,607.75,True
NIF-2026-09-07-1026-ec3991,2026-09-07 10:26,NIFTY,NIFTY 23850 PE,PE,23850.0,65.0,83.2,81.6,10:33,POSITION_SIGNAL,-1.6,-1.6,-104.0,-104.0,True
NIF-2026-09-07-1035-6493ad,2026-09-07 10:35,NIFTY,NIFTY 23850 PE,PE,23850.0,65.0,83.75,87.0,10:57,POSITION_SIGNAL,3.25,3.25,211.25,211.25,True
NIF-2026-09-07-1221-19b981,2026-09-07 12:21,NIFTY,NIFTY 23800 PE,PE,23800.0,65.0,63.4,63.0,12:26,POSITION_SIGNAL,-0.4,-0.4,-26.0,-26.0,True
NIF-2026-09-07-1059-54a707,2026-09-07 10:59,NIFTY,NIFTY 23850 PE,PE,23850.0,65.0,86.7,94.95,11:12,POSITION_SIGNAL,8.25,8.25,536.25,536.25,True
NIF-2026-09-07-1114-1ac4cb,2026-09-07 11:14,NIFTY,NIFTY 23800 PE,PE,23800.0,65.0,70.9,68.3,11:18,POSITION_SIGNAL,-2.6,-2.6,-169.0,-169.0,True
NIF-2026-09-07-1122-0fce11,2026-09-07 11:22,NIFTY,NIFTY 23800 CE,CE,23800.0,65.0,84.15,81.3,11:25,SIGNAL_FLIP,-2.85,-2.85,-185.25,-185.25,True
NIF-2026-09-07-1131-da63e1,2026-09-07 11:31,NIFTY,NIFTY 23800 PE,PE,23800.0,65.0,69.65,68.0,11:43,POSITION_SIGNAL,-1.65,-1.65,-107.25,-107.25,True
NIF-2026-09-07-1144-ef3792,2026-09-07 11:44,NIFTY,NIFTY 23800 CE,CE,23800.0,65.0,85.0,84.9,11:48,SIGNAL_FLIP,-0.1,-0.1,-6.5,-6.5,True
NIF-2026-09-07-1152-1a727c,2026-09-07 11:52,NIFTY,NIFTY 23800 CE,CE,23800.0,65.0,87.7,87.65,11:57,SIGNAL_FLIP,-0.05,-0.05,-3.25,-3.25,True
NIF-2026-09-07-1228-5c5f1c,2026-09-07 12:28,NIFTY,NIFTY 23800 PE,PE,23800.0,65.0,65.5,65.95,12:34,POSITION_SIGNAL,0.45,0.45,29.25,29.25,True
NIF-2026-09-07-1236-8b58bd,2026-09-07 12:36,NIFTY,NIFTY 23800 PE,PE,23800.0,65.0,68.3,63.55,12:38,SIGNAL_FLIP,-4.75,-4.75,-308.75,-308.75,True
NIF-2026-09-07-1241-1a9289,2026-09-07 12:41,NIFTY,NIFTY 23800 PE,PE,23800.0,65.0,67.3,65.65,13:07,SIGNAL_FLIP,-1.65,-1.65,-107.25,-107.25,True
NIF-2026-09-07-1309-28e8da,2026-09-07 13:09,NIFTY,NIFTY 23800 PE,PE,23800.0,65.0,68.2,63.7,13:22,SIGNAL_FLIP,-4.5,-4.5,-292.5,-292.5,True
NIF-2026-09-07-1325-515685,2026-09-07 13:25,NIFTY,NIFTY 23800 PE,PE,23800.0,65.0,65.15,61.1,13:27,POSITION_SIGNAL,-4.05,-4.05,-263.25,-263.25,True
NIF-2026-09-07-1330-55e9e0,2026-09-07 13:30,NIFTY,NIFTY 23800 PE,PE,23800.0,65.0,63.4,63.1,13:36,POSITION_SIGNAL,-0.3,-0.3,-19.5,-19.5,True
NIF-2026-09-07-1341-3dbc1e,2026-09-07 13:41,NIFTY,NIFTY 23800 PE,PE,23800.0,65.0,62.9,59.05,13:45,POSITION_SIGNAL,-3.85,-3.85,-250.25,-250.25,True
NIF-2026-09-07-1350-214279,2026-09-07 13:50,NIFTY,NIFTY 23800 PE,PE,23800.0,65.0,58.6,55.7,13:52,POSITION_SIGNAL,-2.9,-2.9,-188.5,-188.5,True
NIF-2026-09-07-1359-f8ef61,2026-09-07 13:59,NIFTY,NIFTY 23850 PE,PE,23850.0,65.0,75.5,72.0,14:02,SIGNAL_FLIP,-3.5,-3.5,-227.5,-227.5,True
NIF-2026-09-07-1406-35a8f0,2026-09-07 14:06,NIFTY,NIFTY 23850 PE,PE,23850.0,65.0,74.35,74.2,14:10,SIGNAL_FLIP,-0.15,-0.15,-9.75,-9.75,True
NIF-2026-09-07-1417-61a608,2026-09-07 14:17,NIFTY,NIFTY 23850 PE,PE,23850.0,65.0,77.6,71.65,14:25,SIGNAL_FLIP,-5.95,-5.95,-386.75,-386.75,True
NIF-2026-09-07-1432-0f740b,2026-09-07 14:32,NIFTY,NIFTY 23850 PE,PE,23850.0,65.0,73.1,87.05,14:49,POSITION_SIGNAL,13.95,13.95,906.75,906.75,True
NIF-2026-09-07-1454-f81043,2026-09-07 14:54,NIFTY,NIFTY 23800 PE,PE,23800.0,65.0,61.7,59.6,14:57,POSITION_SIGNAL,-2.1,-2.1,-136.5,-136.5,True
NIF-2026-09-07-1458-48cea0,2026-09-07 14:58,NIFTY,NIFTY 23800 PE,PE,23800.0,65.0,60.7,57.4,15:02,POSITION_SIGNAL,-3.3,-3.3,-214.5,-214.5,True
NIF-2026-09-07-1503-f2f9b4,2026-09-07 15:03,NIFTY,NIFTY 23800 CE,CE,23800.0,65.0,75.95,73.5,15:05,SIGNAL_FLIP,-2.45,-2.45,-159.25,-159.25,True
NIF-2026-09-07-1509-b7a0b0,2026-09-07 15:09,NIFTY,NIFTY 23800 PE,PE,23800.0,65.0,59.55,57.65,15:13,SIGNAL_FLIP,-1.9,-1.9,-123.5,-123.5,True
SEN-2026-09-07-0919-b100a5,2026-09-07 09:19,SENSEX,SENSEX 76400 CE,CE,76400.0,20.0,373.6,364.9,09:22,SIGNAL_FLIP,-8.7,-8.7,-174.0,-174.0,True
SEN-2026-09-07-0923-10237b,2026-09-07 09:23,SENSEX,SENSEX 76400 CE,CE,76400.0,20.0,380.0,369.6,09:24,SIGNAL_FLIP,-10.4,-10.4,-208.0,-208.0,True
SEN-2026-09-07-0934-f02840,2026-09-07 09:34,SENSEX,SENSEX 76400 PE,PE,76400.0,20.0,378.5,359.15,09:36,SIGNAL_FLIP,-19.35,-19.35,-387.0,-387.0,True
SEN-2026-09-07-0939-b1f1cb,2026-09-07 09:39,SENSEX,SENSEX 76400 PE,PE,76400.0,20.0,364.15,358.55,09:42,POSITION_SIGNAL,-5.6,-5.6,-112.0,-112.0,True
SEN-2026-09-07-0943-41bb69,2026-09-07 09:43,SENSEX,SENSEX 76400 CE,CE,76400.0,20.0,363.85,355.35,09:44,SIGNAL_FLIP,-8.5,-8.5,-170.0,-170.0,True
SEN-2026-09-07-0946-a3f737,2026-09-07 09:46,SENSEX,SENSEX 76400 PE,PE,76400.0,20.0,361.0,376.6,10:09,POSITION_SIGNAL,15.6,15.6,312.0,312.0,True
SEN-2026-09-07-1012-361a68,2026-09-07 10:12,SENSEX,SENSEX 76400 PE,PE,76400.0,20.0,387.25,408.0,10:21,POSITION_SIGNAL,20.75,20.75,415.0,415.0,True
SEN-2026-09-07-1023-b150f7,2026-09-07 10:23,SENSEX,SENSEX 76300 CE,CE,76300.0,20.0,385.7,379.75,10:26,SIGNAL_FLIP,-5.95,-5.95,-119.0,-119.0,True
SEN-2026-09-07-1035-351c7f,2026-09-07 10:35,SENSEX,SENSEX 76300 PE,PE,76300.0,20.0,343.45,337.6,10:45,POSITION_SIGNAL,-5.85,-5.85,-117.0,-117.0,True
SEN-2026-09-07-1046-894dd6,2026-09-07 10:46,SENSEX,SENSEX 76300 PE,PE,76300.0,20.0,343.4,378.5,11:18,POSITION_SIGNAL,35.1,35.1,702.0,702.0,True
SEN-2026-09-07-1131-8594f3,2026-09-07 11:31,SENSEX,SENSEX 76300 PE,PE,76300.0,20.0,384.95,378.0,11:34,SIGNAL_FLIP,-6.95,-6.95,-139.0,-139.0,True
SEN-2026-09-07-1137-7b16e7,2026-09-07 11:37,SENSEX,SENSEX 76300 PE,PE,76300.0,20.0,384.35,378.3,11:43,SIGNAL_FLIP,-6.05,-6.05,-121.0,-121.0,True
SEN-2026-09-07-1148-f5fa36,2026-09-07 11:48,SENSEX,SENSEX 76300 PE,PE,76300.0,20.0,381.45,372.05,11:52,POSITION_SIGNAL,-9.4,-9.4,-188.0,-188.0,True
SEN-2026-09-07-1154-f50ca8,2026-09-07 11:54,SENSEX,SENSEX 76300 CE,CE,76300.0,20.0,374.85,369.0,11:57,SIGNAL_FLIP,-5.85,-5.85,-117.0,-117.0,True
SEN-2026-09-07-1201-246304,2026-09-07 12:01,SENSEX,SENSEX 76300 PE,PE,76300.0,20.0,380.2,373.15,12:04,SIGNAL_FLIP,-7.05,-7.05,-141.0,-141.0,True
SEN-2026-09-07-1209-5a8860,2026-09-07 12:09,SENSEX,SENSEX 76300 CE,CE,76300.0,20.0,370.65,365.45,12:17,POSITION_SIGNAL,-5.2,-5.2,-104.0,-104.0,True
SEN-2026-09-07-1222-d449a6,2026-09-07 12:22,SENSEX,SENSEX 76300 PE,PE,76300.0,20.0,384.8,378.6,12:26,POSITION_SIGNAL,-6.2,-6.2,-124.0,-124.0,True
SEN-2026-09-07-1228-2138eb,2026-09-07 12:28,SENSEX,SENSEX 76300 PE,PE,76300.0,20.0,384.9,384.9,12:34,POSITION_SIGNAL,0.0,0.0,0.0,0.0,True
SEN-2026-09-07-1238-ce4295,2026-09-07 12:38,SENSEX,SENSEX 76300 CE,CE,76300.0,20.0,349.95,341.7,12:41,SIGNAL_FLIP,-8.25,-8.25,-165.0,-165.0,True
SEN-2026-09-07-1254-392393,2026-09-07 12:54,SENSEX,SENSEX 76200 PE,PE,76200.0,20.0,367.95,355.0,12:58,POSITION_SIGNAL,-12.95,-12.95,-259.0,-259.0,True
SEN-2026-09-07-1301-a7e4b9,2026-09-07 13:01,SENSEX,SENSEX 76200 PE,PE,76200.0,20.0,361.0,340.75,13:07,POSITION_SIGNAL,-20.25,-20.25,-405.0,-405.0,True
SEN-2026-09-07-1309-a6c052,2026-09-07 13:09,SENSEX,SENSEX 76200 PE,PE,76200.0,20.0,345.6,329.9,13:21,SIGNAL_FLIP,-15.7,-15.7,-314.0,-314.0,True
SEN-2026-09-07-1324-b3563b,2026-09-07 13:24,SENSEX,SENSEX 76300 PE,PE,76300.0,20.0,382.75,366.25,13:27,POSITION_SIGNAL,-16.5,-16.5,-330.0,-330.0,True
SEN-2026-09-07-1329-f82c2c,2026-09-07 13:29,SENSEX,SENSEX 76300 PE,PE,76300.0,20.0,373.05,374.75,13:36,POSITION_SIGNAL,1.7,1.7,34.0,34.0,True
SEN-2026-09-07-1338-e5dcb8,2026-09-07 13:38,SENSEX,SENSEX 76300 CE,CE,76300.0,20.0,351.25,344.0,13:41,SIGNAL_FLIP,-7.25,-7.25,-145.0,-145.0,True
SEN-2026-09-07-1353-a8279d,2026-09-07 13:53,SENSEX,SENSEX 76300 CE,CE,76300.0,20.0,375.1,368.7,13:56,SIGNAL_FLIP,-6.4,-6.4,-128.0,-128.0,True
SEN-2026-09-07-1406-eea00f,2026-09-07 14:06,SENSEX,SENSEX 76300 PE,PE,76300.0,20.0,331.85,331.45,14:25,SIGNAL_FLIP,-0.4,-0.4,-8.0,-8.0,True
SEN-2026-09-07-1430-4a40ce,2026-09-07 14:30,SENSEX,SENSEX 76400 CE,CE,76400.0,20.0,323.4,315.5,14:32,SIGNAL_FLIP,-7.9,-7.9,-158.0,-158.0,True
SEN-2026-09-07-1438-930ea9,2026-09-07 14:38,SENSEX,SENSEX 76300 PE,PE,76300.0,20.0,355.95,370.25,14:57,POSITION_SIGNAL,14.3,14.3,286.0,286.0,True
SEN-2026-09-07-1458-e57c97,2026-09-07 14:58,SENSEX,SENSEX 76300 PE,PE,76300.0,20.0,374.0,364.1,15:02,POSITION_SIGNAL,-9.9,-9.9,-198.0,-198.0,True
SEN-2026-09-07-1503-3b65d2,2026-09-07 15:03,SENSEX,SENSEX 76300 CE,CE,76300.0,20.0,347.7,340.55,15:05,SIGNAL_FLIP,-7.15,-7.15,-143.0,-143.0,True
SEN-2026-09-07-1511-5e9984,2026-09-07 15:11,SENSEX,SENSEX 76300 PE,PE,76300.0,20.0,367.7,358.0,15:13,SIGNAL_FLIP,-9.7,-9.7,-194.0,-194.0,True
NIF-2026-09-08-0923-1be111,2026-09-08 09:23,NIFTY,NIFTY 23700 PE,PE,23700.0,65.0,48.85,55.45,09:33,POSITION_SIGNAL,6.6,6.6,429.0,429.0,True
NIF-2026-09-08-0940-cac01a,2026-09-08 09:40,NIFTY,NIFTY 23700 PE,PE,23700.0,65.0,51.8,52.7,09:47,POSITION_SIGNAL,0.9,0.9,58.5,58.5,True
NIF-2026-09-08-0950-ce2413,2026-09-08 09:50,NIFTY,NIFTY 23700 CE,CE,23700.0,65.0,48.8,43.5,09:53,SIGNAL_FLIP,-5.3,-5.3,-344.5,-344.5,True
NIF-2026-09-08-0956-becba8,2026-09-08 09:56,NIFTY,NIFTY 23700 PE,PE,23700.0,65.0,54.05,57.1,10:06,POSITION_SIGNAL,3.05,3.05,198.25,198.25,True
NIF-2026-09-08-1010-6f6e8a,2026-09-08 10:10,NIFTY,NIFTY 23700 CE,CE,23700.0,65.0,45.4,54.2,10:19,POSITION_SIGNAL,8.8,8.8,572.0,572.0,True
NIF-2026-09-08-1020-3c94d8,2026-09-08 10:20,NIFTY,NIFTY 23700 CE,CE,23700.0,65.0,56.4,50.25,10:21,STOP_LOSS,-6.15,-6.15,-399.75,-399.75,True
NIF-2026-09-08-1024-2ec39a,2026-09-08 10:24,NIFTY,NIFTY 23700 CE,CE,23700.0,65.0,51.25,48.2,10:26,POSITION_SIGNAL,-3.05,-3.05,-198.25,-198.25,True
NIF-2026-09-08-1028-686dda,2026-09-08 10:28,NIFTY,NIFTY 23700 CE,CE,23700.0,65.0,48.7,48.0,10:30,POSITION_SIGNAL,-0.7,-0.7,-45.5,-45.5,True
NIF-2026-09-08-1033-6594c3,2026-09-08 10:33,NIFTY,NIFTY 23700 PE,PE,23700.0,65.0,43.6,47.35,10:46,POSITION_SIGNAL,3.75,3.75,243.75,243.75,True
NIF-2026-09-08-1050-60019d,2026-09-08 10:50,NIFTY,NIFTY 23700 CE,CE,23700.0,65.0,45.1,44.05,10:53,SIGNAL_FLIP,-1.05,-1.05,-68.25,-68.25,True
NIF-2026-09-08-1059-edd2d7,2026-09-08 10:59,NIFTY,NIFTY 23700 PE,PE,23700.0,65.0,49.1,47.6,11:07,SIGNAL_FLIP,-1.5,-1.5,-97.5,-97.5,True
NIF-2026-09-08-1110-31ddb7,2026-09-08 11:10,NIFTY,NIFTY 23700 CE,CE,23700.0,65.0,38.55,37.3,11:11,SIGNAL_FLIP,-1.25,-1.25,-81.25,-81.25,True
NIF-2026-09-08-1113-084653,2026-09-08 11:13,NIFTY,NIFTY 23700 PE,PE,23700.0,65.0,47.75,45.9,11:18,SIGNAL_FLIP,-1.85,-1.85,-120.25,-120.25,True
NIF-2026-09-08-1122-a22185,2026-09-08 11:22,NIFTY,NIFTY 23700 PE,PE,23700.0,65.0,48.5,44.3,11:26,SIGNAL_FLIP,-4.2,-4.2,-273.0,-273.0,True
NIF-2026-09-08-1129-24b7ed,2026-09-08 11:29,NIFTY,NIFTY 23700 PE,PE,23700.0,65.0,45.25,47.05,11:37,POSITION_SIGNAL,1.8,1.8,117.0,117.0,True
NIF-2026-09-08-1143-f93999,2026-09-08 11:43,NIFTY,NIFTY 23700 PE,PE,23700.0,65.0,47.65,47.1,11:45,SIGNAL_FLIP,-0.55,-0.55,-35.75,-35.75,True
NIF-2026-09-08-1156-91cceb,2026-09-08 11:56,NIFTY,NIFTY 23700 PE,PE,23700.0,65.0,51.85,59.4,12:11,POSITION_SIGNAL,7.55,7.55,490.75,490.75,True
NIF-2026-09-08-1216-831c2c,2026-09-08 12:16,NIFTY,NIFTY 23650 PE,PE,23650.0,65.0,33.05,32.05,12:19,POSITION_SIGNAL,-1.0,-1.0,-65.0,-65.0,True
NIF-2026-09-08-1227-697781,2026-09-08 12:27,NIFTY,NIFTY 23650 PE,PE,23650.0,65.0,29.75,25.45,12:31,STOP_LOSS,-4.3,-4.3,-279.5,-279.5,True
NIF-2026-09-08-1234-c17fcb,2026-09-08 12:34,NIFTY,NIFTY 23700 PE,PE,23700.0,65.0,50.75,45.7,12:36,POSITION_SIGNAL,-5.05,-5.05,-328.25,-328.25,True
NIF-2026-09-08-1239-6ae36d,2026-09-08 12:39,NIFTY,NIFTY 23700 PE,PE,23700.0,65.0,47.3,52.7,12:56,POSITION_SIGNAL,5.4,5.4,351.0,351.0,True
NIF-2026-09-08-1258-9cf490,2026-09-08 12:58,NIFTY,NIFTY 23650 PE,PE,23650.0,65.0,26.8,27.65,13:08,POSITION_SIGNAL,0.85,0.85,55.25,55.25,True
NIF-2026-09-08-1313-0240de,2026-09-08 13:13,NIFTY,NIFTY 23650 PE,PE,23650.0,65.0,27.75,25.35,13:16,POSITION_SIGNAL,-2.4,-2.4,-156.0,-156.0,True
NIF-2026-09-08-1321-3663aa,2026-09-08 13:21,NIFTY,NIFTY 23650 PE,PE,23650.0,65.0,27.7,29.15,13:30,POSITION_SIGNAL,1.45,1.45,94.25,94.25,True
NIF-2026-09-08-1336-3b2ee3,2026-09-08 13:36,NIFTY,NIFTY 23650 CE,CE,23650.0,65.0,42.35,38.15,13:39,SIGNAL_FLIP,-4.2,-4.2,-273.0,-273.0,True
NIF-2026-09-08-1345-4ab418,2026-09-08 13:45,NIFTY,NIFTY 23650 PE,PE,23650.0,65.0,33.05,36.5,13:55,POSITION_SIGNAL,3.45,3.45,224.25,224.25,True
NIF-2026-09-08-1405-c0b66e,2026-09-08 14:05,NIFTY,NIFTY 23650 CE,CE,23650.0,65.0,41.0,41.9,14:15,POSITION_SIGNAL,0.9,0.9,58.5,58.5,True
NIF-2026-09-08-1418-dd9173,2026-09-08 14:18,NIFTY,NIFTY 23650 CE,CE,23650.0,65.0,45.65,44.2,14:19,SIGNAL_FLIP,-1.45,-1.45,-94.25,-94.25,True
NIF-2026-09-08-1427-a9429d,2026-09-08 14:27,NIFTY,NIFTY 23650 PE,PE,23650.0,65.0,31.1,28.7,14:29,SIGNAL_FLIP,-2.4,-2.4,-156.0,-156.0,True
NIF-2026-09-08-1434-52e89a,2026-09-08 14:34,NIFTY,NIFTY 23650 CE,CE,23650.0,65.0,47.0,47.9,14:36,SIGNAL_FLIP,0.9,0.9,58.5,58.5,True
NIF-2026-09-08-1441-2929c6,2026-09-08 14:41,NIFTY,NIFTY 23650 PE,PE,23650.0,65.0,30.7,27.5,14:42,SIGNAL_FLIP,-3.2,-3.2,-208.0,-208.0,True
NIF-2026-09-08-1445-f5015f,2026-09-08 14:45,NIFTY,NIFTY 23650 PE,PE,23650.0,65.0,30.65,30.85,14:55,POSITION_SIGNAL,0.2,0.2,13.0,13.0,True
NIF-2026-09-08-1457-d5a734,2026-09-08 14:57,NIFTY,NIFTY 23650 PE,PE,23650.0,65.0,32.75,29.2,14:58,STOP_LOSS,-3.55,-3.55,-230.75,-230.75,True
NIF-2026-09-08-1501-fd79e2,2026-09-08 15:01,NIFTY,NIFTY 23650 PE,PE,23650.0,65.0,32.1,26.75,15:10,STOP_LOSS,-5.35,-5.35,-347.75,-347.75,True
NIF-2026-09-08-1511-b8a27a,2026-09-08 15:11,NIFTY,NIFTY 23700 CE,CE,23700.0,65.0,32.75,29.2,15:12,STOP_LOSS,-3.55,-3.55,-230.75,-230.75,True
SEN-2026-09-08-0921-ee82ae,2026-09-08 09:21,SENSEX,SENSEX 75900 PE,PE,75900.0,20.0,310.85,319.0,09:35,POSITION_SIGNAL,8.15,8.15,163.0,163.0,True
SEN-2026-09-08-0937-02e310,2026-09-08 09:37,SENSEX,SENSEX 75900 CE,CE,75900.0,20.0,313.55,311.45,09:40,SIGNAL_FLIP,-2.1,-2.1,-42.0,-42.0,True
SEN-2026-09-08-0944-fd014a,2026-09-08 09:44,SENSEX,SENSEX 75900 PE,PE,75900.0,20.0,326.4,320.35,09:47,SIGNAL_FLIP,-6.05,-6.05,-121.0,-121.0,True
SEN-2026-09-08-0950-4dc509,2026-09-08 09:50,SENSEX,SENSEX 75900 CE,CE,75900.0,20.0,329.0,310.35,09:53,SIGNAL_FLIP,-18.65,-18.65,-373.0,-373.0,True
SEN-2026-09-08-1003-13956e,2026-09-08 10:03,SENSEX,SENSEX 75900 PE,PE,75900.0,20.0,338.45,320.4,10:08,POSITION_SIGNAL,-18.05,-18.05,-361.0,-361.0,True
SEN-2026-09-08-1009-8935df,2026-09-08 10:09,SENSEX,SENSEX 75900 CE,CE,75900.0,20.0,308.9,332.45,10:23,POSITION_SIGNAL,23.55,23.55,471.0,471.0,True
SEN-2026-09-08-1025-302133,2026-09-08 10:25,SENSEX,SENSEX 75900 PE,PE,75900.0,20.0,301.55,297.75,10:28,SIGNAL_FLIP,-3.8,-3.8,-76.0,-76.0,True
SEN-2026-09-08-1031-56769d,2026-09-08 10:31,SENSEX,SENSEX 75900 CE,CE,75900.0,20.0,327.05,312.2,10:33,SIGNAL_FLIP,-14.85,-14.85,-297.0,-297.0,True
SEN-2026-09-08-1045-55d4c5,2026-09-08 10:45,SENSEX,SENSEX 75900 PE,PE,75900.0,20.0,334.2,308.95,10:48,SIGNAL_FLIP,-25.25,-25.25,-505.0,-505.0,True
SEN-2026-09-08-1051-1661be,2026-09-08 10:51,SENSEX,SENSEX 75900 CE,CE,75900.0,20.0,313.2,309.5,10:54,SIGNAL_FLIP,-3.7,-3.7,-74.0,-74.0,True
SEN-2026-09-08-1057-431593,2026-09-08 10:57,SENSEX,SENSEX 75900 PE,PE,75900.0,20.0,319.65,319.35,11:08,SIGNAL_FLIP,-0.3,-0.3,-6.0,-6.0,True
SEN-2026-09-08-1112-af7048,2026-09-08 11:12,SENSEX,SENSEX 75900 PE,PE,75900.0,20.0,320.75,316.35,11:18,POSITION_SIGNAL,-4.4,-4.4,-88.0,-88.0,True
SEN-2026-09-08-1119-00782d,2026-09-08 11:19,SENSEX,SENSEX 75900 CE,CE,75900.0,20.0,304.5,290.0,11:22,SIGNAL_FLIP,-14.5,-14.5,-290.0,-290.0,True
SEN-2026-09-08-1126-d9add4,2026-09-08 11:26,SENSEX,SENSEX 75900 CE,CE,75900.0,20.0,303.1,292.6,11:29,SIGNAL_FLIP,-10.5,-10.5,-210.0,-210.0,True
SEN-2026-09-08-1141-320686,2026-09-08 11:41,SENSEX,SENSEX 75900 CE,CE,75900.0,20.0,295.25,289.4,11:44,SIGNAL_FLIP,-5.85,-5.85,-117.0,-117.0,True
SEN-2026-09-08-1150-f9949b,2026-09-08 11:50,SENSEX,SENSEX 75800 PE,PE,75800.0,20.0,300.3,279.5,11:54,POSITION_SIGNAL,-20.8,-20.8,-416.0,-416.0,True
SEN-2026-09-08-1157-9813d3,2026-09-08 11:57,SENSEX,SENSEX 75800 PE,PE,75800.0,20.0,288.1,297.5,12:11,POSITION_SIGNAL,9.4,9.4,188.0,188.0,True
SEN-2026-09-08-1212-b6a70a,2026-09-08 12:12,SENSEX,SENSEX 75800 CE,CE,75800.0,20.0,310.85,311.15,12:16,SIGNAL_FLIP,0.3,0.3,6.0,6.0,True
SEN-2026-09-08-1221-edff40,2026-09-08 12:21,SENSEX,SENSEX 75800 PE,PE,75800.0,20.0,297.75,279.35,12:25,SIGNAL_FLIP,-18.4,-18.4,-368.0,-368.0,True
SEN-2026-09-08-1227-f4709c,2026-09-08 12:27,SENSEX,SENSEX 75800 PE,PE,75800.0,20.0,289.2,267.6,12:31,POSITION_SIGNAL,-21.6,-21.6,-432.0,-432.0,True
SEN-2026-09-08-1234-9f3a3c,2026-09-08 12:34,SENSEX,SENSEX 75900 PE,PE,75900.0,20.0,324.85,316.75,12:35,SIGNAL_FLIP,-8.1,-8.1,-162.0,-162.0,True
SEN-2026-09-08-1239-0c60e5,2026-09-08 12:39,SENSEX,SENSEX 75900 PE,PE,75900.0,20.0,317.05,329.15,12:55,POSITION_SIGNAL,12.1,12.1,242.0,242.0,True
SEN-2026-09-08-1300-b6466d,2026-09-08 13:00,SENSEX,SENSEX 75800 PE,PE,75800.0,20.0,283.25,286.9,13:08,POSITION_SIGNAL,3.65,3.65,73.0,73.0,True
SEN-2026-09-08-1312-351496,2026-09-08 13:12,SENSEX,SENSEX 75800 PE,PE,75800.0,20.0,292.2,275.35,13:15,SIGNAL_FLIP,-16.85,-16.85,-337.0,-337.0,True
SEN-2026-09-08-1318-edcb97,2026-09-08 13:18,SENSEX,SENSEX 75800 PE,PE,75800.0,20.0,284.7,290.4,13:30,POSITION_SIGNAL,5.7,5.7,114.0,114.0,True
SEN-2026-09-08-1332-824afd,2026-09-08 13:32,SENSEX,SENSEX 75800 PE,PE,75800.0,20.0,299.6,288.4,13:36,POSITION_SIGNAL,-11.2,-11.2,-224.0,-224.0,True
SEN-2026-09-08-1339-0e9a87,2026-09-08 13:39,SENSEX,SENSEX 75800 PE,PE,75800.0,20.0,297.6,305.4,13:56,POSITION_SIGNAL,7.8,7.8,156.0,156.0,True
SEN-2026-09-08-1359-725041,2026-09-08 13:59,SENSEX,SENSEX 75800 PE,PE,75800.0,20.0,309.6,299.35,14:02,POSITION_SIGNAL,-10.25,-10.25,-205.0,-205.0,True
SEN-2026-09-08-1408-6201d3,2026-09-08 14:08,SENSEX,SENSEX 75800 PE,PE,75800.0,20.0,292.75,279.2,14:11,POSITION_SIGNAL,-13.55,-13.55,-271.0,-271.0,True
SEN-2026-09-08-1414-f87260,2026-09-08 14:14,SENSEX,SENSEX 75800 CE,CE,75800.0,20.0,284.25,274.6,14:15,SIGNAL_FLIP,-9.65,-9.65,-193.0,-193.0,True
SEN-2026-09-08-1419-a8acd4,2026-09-08 14:19,SENSEX,SENSEX 75800 PE,PE,75800.0,20.0,285.25,287.25,14:28,POSITION_SIGNAL,2.0,2.0,40.0,40.0,True
SEN-2026-09-08-1433-b79359,2026-09-08 14:33,SENSEX,SENSEX 75800 CE,CE,75800.0,20.0,285.3,280.8,14:36,SIGNAL_FLIP,-4.5,-4.5,-90.0,-90.0,True
SEN-2026-09-08-1442-cbd448,2026-09-08 14:42,SENSEX,SENSEX 75800 CE,CE,75800.0,20.0,280.45,276.75,14:45,SIGNAL_FLIP,-3.7,-3.7,-74.0,-74.0,True
SEN-2026-09-08-1451-4cde60,2026-09-08 14:51,SENSEX,SENSEX 75800 PE,PE,75800.0,20.0,301.0,299.0,14:56,POSITION_SIGNAL,-2.0,-2.0,-40.0,-40.0,True
SEN-2026-09-08-1501-f62134,2026-09-08 15:01,SENSEX,SENSEX 75800 PE,PE,75800.0,20.0,295.85,284.0,15:11,SIGNAL_FLIP,-11.85,-11.85,-237.0,-237.0,True
SEN-2026-09-08-1513-3f53d3,2026-09-08 15:13,SENSEX,SENSEX 75800 PE,PE,75800.0,20.0,298.85,310.45,15:18,POSITION_SIGNAL,11.6,11.6,232.0,232.0,True
SEN-2026-09-08-1520-635573,2026-09-08 15:20,SENSEX,SENSEX 75700 PE,PE,75700.0,20.0,272.6,251.75,15:26,SIGNAL_FLIP,-20.85,-20.85,-417.0,-417.0,True
NIF-2026-09-09-0918-3ca934,2026-09-09 09:18,NIFTY,NIFTY 23550 PE,PE,23550.0,65.0,129.05,129.0,09:19,SIGNAL_FLIP,-0.05,-0.05,-3.25,-3.25,True
NIF-2026-09-09-0923-c75370,2026-09-09 09:23,NIFTY,NIFTY 23550 PE,PE,23550.0,65.0,132.35,126.2,09:25,SIGNAL_FLIP,-6.15,-6.15,-399.75,-399.75,True
NIF-2026-09-09-0929-89e0ac,2026-09-09 09:29,NIFTY,NIFTY 23550 PE,PE,23550.0,65.0,127.4,125.35,09:30,SIGNAL_FLIP,-2.05,-2.05,-133.25,-133.25,True
NIF-2026-09-09-0936-1fc69a,2026-09-09 09:36,NIFTY,NIFTY 23550 PE,PE,23550.0,65.0,124.9,118.4,09:38,SIGNAL_FLIP,-6.5,-6.5,-422.5,-422.5,True
NIF-2026-09-09-0943-b9ede3,2026-09-09 09:43,NIFTY,NIFTY 23600 CE,CE,23600.0,65.0,120.1,116.4,09:46,SIGNAL_FLIP,-3.7,-3.7,-240.5,-240.5,True
NIF-2026-09-09-0949-5a033a,2026-09-09 09:49,NIFTY,NIFTY 23550 PE,PE,23550.0,65.0,126.85,132.6,10:13,SIGNAL_FLIP,5.75,5.75,373.75,373.75,True
NIF-2026-09-09-1018-ed86f3,2026-09-09 10:18,NIFTY,NIFTY 23550 CE,CE,23550.0,65.0,133.05,148.5,10:27,SIGNAL_FLIP,15.45,15.45,1004.25,1004.25,True
NIF-2026-09-09-1030-0c6d7e,2026-09-09 10:30,NIFTY,NIFTY 23600 CE,CE,23600.0,65.0,125.85,119.05,10:32,SIGNAL_FLIP,-6.8,-6.8,-442.0,-442.0,True
NIF-2026-09-09-1039-7cf934,2026-09-09 10:39,NIFTY,NIFTY 23550 PE,PE,23550.0,65.0,119.35,120.15,10:45,SIGNAL_FLIP,0.8,0.8,52.0,52.0,True
NIF-2026-09-09-1054-2263c4,2026-09-09 10:54,NIFTY,NIFTY 23550 CE,CE,23550.0,65.0,138.1,144.35,11:05,POSITION_SIGNAL,6.25,6.25,406.25,406.25,True
NIF-2026-09-09-1120-b856bf,2026-09-09 11:20,NIFTY,NIFTY 23600 CE,CE,23600.0,65.0,119.3,112.65,11:24,SIGNAL_FLIP,-6.65,-6.65,-432.25,-432.25,True
NIF-2026-09-09-1126-1f44ed,2026-09-09 11:26,NIFTY,NIFTY 23600 CE,CE,23600.0,65.0,113.55,111.85,11:29,POSITION_SIGNAL,-1.7,-1.7,-110.5,-110.5,True
NIF-2026-09-09-1130-7d1e5b,2026-09-09 11:30,NIFTY,NIFTY 23600 CE,CE,23600.0,65.0,113.4,110.55,11:37,SIGNAL_FLIP,-2.85,-2.85,-185.25,-185.25,True
NIF-2026-09-09-1141-674582,2026-09-09 11:41,NIFTY,NIFTY 23600 CE,CE,23600.0,65.0,111.6,112.15,11:49,POSITION_SIGNAL,0.55,0.55,35.75,35.75,True
NIF-2026-09-09-1150-4efb08,2026-09-09 11:50,NIFTY,NIFTY 23550 PE,PE,23550.0,65.0,112.65,131.05,12:05,POSITION_SIGNAL,18.4,18.4,1196.0,1196.0,True
NIF-2026-09-09-1216-cfc585,2026-09-09 12:16,NIFTY,NIFTY 23550 PE,PE,23550.0,65.0,130.55,128.7,12:25,POSITION_SIGNAL,-1.85,-1.85,-120.25,-120.25,True
NIF-2026-09-09-1226-b7414e,2026-09-09 12:26,NIFTY,NIFTY 23550 CE,CE,23550.0,65.0,122.95,154.95,12:41,POSITION_SIGNAL,32.0,32.0,2080.0,2080.0,True
NIF-2026-09-09-1242-ee9367,2026-09-09 12:42,NIFTY,NIFTY 23600 CE,CE,23600.0,65.0,134.8,130.25,12:46,POSITION_SIGNAL,-4.55,-4.55,-295.75,-295.75,True
NIF-2026-09-09-1249-ce0c07,2026-09-09 12:49,NIFTY,NIFTY 23600 CE,CE,23600.0,65.0,134.6,122.15,12:54,SIGNAL_FLIP,-12.45,-12.45,-809.25,-809.25,True
NIF-2026-09-09-1257-c166a6,2026-09-09 12:57,NIFTY,NIFTY 23600 CE,CE,23600.0,65.0,129.85,122.85,13:02,POSITION_SIGNAL,-7.0,-7.0,-455.0,-455.0,True
NIF-2026-09-09-1303-82cf20,2026-09-09 13:03,NIFTY,NIFTY 23600 PE,PE,23600.0,65.0,120.65,120.2,13:07,SIGNAL_FLIP,-0.45,-0.45,-29.25,-29.25,True
NIF-2026-09-09-1311-e4b159,2026-09-09 13:11,NIFTY,NIFTY 23600 PE,PE,23600.0,65.0,121.9,122.8,13:15,SIGNAL_FLIP,0.9,0.9,58.5,58.5,True
NIF-2026-09-09-1321-e16d4d,2026-09-09 13:21,NIFTY,NIFTY 23600 CE,CE,23600.0,65.0,120.3,117.35,13:34,SIGNAL_FLIP,-2.95,-2.95,-191.75,-191.75,True
NIF-2026-09-09-1336-7f62b2,2026-09-09 13:36,NIFTY,NIFTY 23600 CE,CE,23600.0,65.0,121.4,118.2,13:46,POSITION_SIGNAL,-3.2,-3.2,-208.0,-208.0,True
NIF-2026-09-09-1349-806a5b,2026-09-09 13:49,NIFTY,NIFTY 23600 CE,CE,23600.0,65.0,121.0,114.55,13:55,SIGNAL_FLIP,-6.45,-6.45,-419.25,-419.25,True
NIF-2026-09-09-1358-58b311,2026-09-09 13:58,NIFTY,NIFTY 23600 CE,CE,23600.0,65.0,118.35,119.7,14:08,POSITION_SIGNAL,1.35,1.35,87.75,87.75,True
SEN-2026-09-09-0923-254b58,2026-09-09 09:23,SENSEX,SENSEX 75100 PE,PE,75100.0,20.0,250.15,237.85,09:25,SIGNAL_FLIP,-12.3,-12.3,-246.0,-246.0,True
NIF-2026-09-09-1410-7fb498,2026-09-09 14:10,NIFTY,NIFTY 23600 PE,PE,23600.0,65.0,121.65,122.7,14:17,SIGNAL_FLIP,1.05,1.05,68.25,68.25,True
NIF-2026-09-09-1421-f4dbd7,2026-09-09 14:21,NIFTY,NIFTY 23600 CE,CE,23600.0,65.0,115.4,114.0,14:26,SIGNAL_FLIP,-1.4,-1.4,-91.0,-91.0,True
NIF-2026-09-09-1430-32f5c0,2026-09-09 14:30,NIFTY,NIFTY 23600 PE,PE,23600.0,65.0,128.65,145.35,14:49,POSITION_SIGNAL,16.7,16.7,1085.5,1085.5,True
NIF-2026-09-09-1453-d589ec,2026-09-09 14:53,NIFTY,NIFTY 23550 PE,PE,23550.0,65.0,118.15,129.05,15:09,SIGNAL_FLIP,10.9,10.9,708.5,708.5,True
NIF-2026-09-09-1512-30d067,2026-09-09 15:12,NIFTY,NIFTY 23550 PE,PE,23550.0,65.0,132.0,137.1,15:27,POSITION_SIGNAL,5.1,5.1,331.5,331.5,True
NIF-2026-09-09-1529-73c9d8,2026-09-09 15:29,NIFTY,NIFTY 23500 PE,PE,23500.0,65.0,118.0,,,STILL_OPEN,,,,,True
SEN-2026-09-09-0918-1e56c6,2026-09-09 09:18,SENSEX,SENSEX 75200 PE,PE,75200.0,20.0,294.45,292.45,09:20,POSITION_SIGNAL,-2.0,-2.0,-40.0,-40.0,True
SEN-2026-09-09-0929-a1f1e2,2026-09-09 09:29,SENSEX,SENSEX 75200 PE,PE,75200.0,20.0,292.3,280.1,09:30,SIGNAL_FLIP,-12.2,-12.2,-244.0,-244.0,True
SEN-2026-09-09-0932-650d73,2026-09-09 09:32,SENSEX,SENSEX 75200 CE,CE,75200.0,20.0,257.2,257.35,09:46,POSITION_SIGNAL,0.15,0.15,3.0,3.0,True
SEN-2026-09-09-0947-9a1a99,2026-09-09 09:47,SENSEX,SENSEX 75200 PE,PE,75200.0,20.0,264.2,312.3,10:13,POSITION_SIGNAL,48.1,48.1,962.0,962.0,True
SEN-2026-09-09-1017-a05bb0,2026-09-09 10:17,SENSEX,SENSEX 75100 CE,CE,75100.0,20.0,258.75,303.45,10:27,SIGNAL_FLIP,44.7,44.7,894.0,894.0,True
SEN-2026-09-09-1032-a10cae,2026-09-09 10:32,SENSEX,SENSEX 75200 PE,PE,75200.0,20.0,268.9,281.4,10:46,SIGNAL_FLIP,12.5,12.5,250.0,250.0,True
SEN-2026-09-09-1051-862e3e,2026-09-09 10:51,SENSEX,SENSEX 75100 PE,PE,75100.0,20.0,238.95,231.35,10:54,SIGNAL_FLIP,-7.6,-7.6,-152.0,-152.0,True
SEN-2026-09-09-1322-c9eeef,2026-09-09 13:22,SENSEX,SENSEX 75200 CE,CE,75200.0,20.0,254.6,244.35,13:25,POSITION_SIGNAL,-10.25,-10.25,-205.0,-205.0,True
SEN-2026-09-09-1056-93e12c,2026-09-09 10:56,SENSEX,SENSEX 75200 CE,CE,75200.0,20.0,234.25,241.05,11:05,POSITION_SIGNAL,6.8,6.8,136.0,136.0,True
SEN-2026-09-09-1114-6e14c6,2026-09-09 11:14,SENSEX,SENSEX 75200 CE,CE,75200.0,20.0,240.15,227.05,11:18,POSITION_SIGNAL,-13.1,-13.1,-262.0,-262.0,True
SEN-2026-09-09-1120-9d28ea,2026-09-09 11:20,SENSEX,SENSEX 75200 CE,CE,75200.0,20.0,248.45,224.75,11:23,SIGNAL_FLIP,-23.7,-23.7,-474.0,-474.0,True
SEN-2026-09-09-1125-569299,2026-09-09 11:25,SENSEX,SENSEX 75200 CE,CE,75200.0,20.0,230.85,224.45,11:34,SIGNAL_FLIP,-6.4,-6.4,-128.0,-128.0,True
SEN-2026-09-09-1141-bb0965,2026-09-09 11:41,SENSEX,SENSEX 75200 CE,CE,75200.0,20.0,223.65,234.55,11:47,POSITION_SIGNAL,10.9,10.9,218.0,218.0,True
SEN-2026-09-09-1151-c965de,2026-09-09 11:51,SENSEX,SENSEX 75100 PE,PE,75100.0,20.0,220.55,274.55,12:11,POSITION_SIGNAL,54.0,54.0,1080.0,1080.0,True
SEN-2026-09-09-1214-36e16d,2026-09-09 12:14,SENSEX,SENSEX 75100 CE,CE,75100.0,20.0,227.05,221.65,12:17,SIGNAL_FLIP,-5.4,-5.4,-108.0,-108.0,True
SEN-2026-09-09-1225-3bfc7d,2026-09-09 12:25,SENSEX,SENSEX 75100 CE,CE,75100.0,20.0,227.9,338.35,12:46,POSITION_SIGNAL,110.45,110.45,2209.0,2209.0,True
SEN-2026-09-09-1249-61ce2f,2026-09-09 12:49,SENSEX,SENSEX 75300 CE,CE,75300.0,20.0,244.45,232.5,12:52,SIGNAL_FLIP,-11.95,-11.95,-239.0,-239.0,True
SEN-2026-09-09-1257-9c0bab,2026-09-09 12:57,SENSEX,SENSEX 75300 CE,CE,75300.0,20.0,224.6,208.55,13:02,POSITION_SIGNAL,-16.05,-16.05,-321.0,-321.0,True
SEN-2026-09-09-1306-ff7930,2026-09-09 13:06,SENSEX,SENSEX 75300 CE,CE,75300.0,20.0,214.0,206.85,13:10,POSITION_SIGNAL,-7.15,-7.15,-143.0,-143.0,True
SEN-2026-09-09-1312-ba0c3d,2026-09-09 13:12,SENSEX,SENSEX 75200 PE,PE,75200.0,20.0,229.4,221.9,13:15,POSITION_SIGNAL,-7.5,-7.5,-150.0,-150.0,True
SEN-2026-09-09-1326-44239b,2026-09-09 13:26,SENSEX,SENSEX 75200 CE,CE,75200.0,20.0,252.45,243.85,13:33,POSITION_SIGNAL,-8.6,-8.6,-172.0,-172.0,True
SEN-2026-09-09-1335-0bf843,2026-09-09 13:35,SENSEX,SENSEX 75200 PE,PE,75200.0,20.0,221.0,217.4,13:37,SIGNAL_FLIP,-3.6,-3.6,-72.0,-72.0,True
SEN-2026-09-09-1340-13e570,2026-09-09 13:40,SENSEX,SENSEX 75200 CE,CE,75200.0,20.0,255.85,244.3,13:46,POSITION_SIGNAL,-11.55,-11.55,-231.0,-231.0,True
SEN-2026-09-09-1349-52989f,2026-09-09 13:49,SENSEX,SENSEX 75200 CE,CE,75200.0,20.0,247.8,232.65,13:55,POSITION_SIGNAL,-15.15,-15.15,-303.0,-303.0,True
SEN-2026-09-09-1357-b96f80,2026-09-09 13:57,SENSEX,SENSEX 75200 PE,PE,75200.0,20.0,224.5,218.3,13:58,SIGNAL_FLIP,-6.2,-6.2,-124.0,-124.0,True
SEN-2026-09-09-1406-625353,2026-09-09 14:06,SENSEX,SENSEX 75300 CE,CE,75300.0,20.0,220.65,203.1,14:09,POSITION_SIGNAL,-17.55,-17.55,-351.0,-351.0,True
SEN-2026-09-09-1529-90d6ff,2026-09-09 15:29,SENSEX,SENSEX 74800 PE,PE,74800.0,20.0,216.95,,,STILL_OPEN,,,,,True
SEN-2026-09-09-1414-25efe1,2026-09-09 14:14,SENSEX,SENSEX 75200 PE,PE,75200.0,20.0,228.0,223.6,14:21,SIGNAL_FLIP,-4.4,-4.4,-88.0,-88.0,True
SEN-2026-09-09-1428-fc29cd,2026-09-09 14:28,SENSEX,SENSEX 75200 PE,PE,75200.0,20.0,233.8,298.65,14:43,POSITION_SIGNAL,64.85,64.85,1297.0,1297.0,True
SEN-2026-09-09-1444-491dc6,2026-09-09 14:44,SENSEX,SENSEX 75100 PE,PE,75100.0,20.0,252.7,235.8,14:51,POSITION_SIGNAL,-16.9,-16.9,-338.0,-338.0,True
SEN-2026-09-09-1453-853354,2026-09-09 14:53,SENSEX,SENSEX 75100 PE,PE,75100.0,20.0,246.0,243.55,15:01,POSITION_SIGNAL,-2.45,-2.45,-49.0,-49.0,True
SEN-2026-09-09-1502-636613,2026-09-09 15:02,SENSEX,SENSEX 75000 PE,PE,75000.0,20.0,203.5,238.4,15:09,POSITION_SIGNAL,34.9,34.9,698.0,698.0,True
SEN-2026-09-09-1512-218db7,2026-09-09 15:12,SENSEX,SENSEX 75000 PE,PE,75000.0,20.0,252.6,251.8,15:18,SIGNAL_FLIP,-0.8,-0.8,-16.0,-16.0,True
SEN-2026-09-09-1519-549305,2026-09-09 15:19,SENSEX,SENSEX 74900 PE,PE,74900.0,20.0,203.1,227.2,15:27,POSITION_SIGNAL,24.1,24.1,482.0,482.0,True
NIF-2026-09-10-0923-9a1053,2026-09-10 09:23,NIFTY,NIFTY 23450 PE,PE,23450.0,65.0,105.1,96.25,09:27,POSITION_SIGNAL,-8.85,-8.85,-575.25,-575.25,True
NIF-2026-09-10-0930-3599ae,2026-09-10 09:30,NIFTY,NIFTY 23500 PE,PE,23500.0,65.0,126.1,123.05,09:34,POSITION_SIGNAL,-3.05,-3.05,-198.25,-198.25,True
NIF-2026-09-10-0936-f8b5d3,2026-09-10 09:36,NIFTY,NIFTY 23450 PE,PE,23450.0,65.0,104.4,100.25,09:42,SIGNAL_FLIP,-4.15,-4.15,-269.75,-269.75,True
NIF-2026-09-10-0949-44d045,2026-09-10 09:49,NIFTY,NIFTY 23500 CE,CE,23500.0,65.0,104.4,104.2,09:55,SIGNAL_FLIP,-0.2,-0.2,-13.0,-13.0,True
NIF-2026-09-10-0958-98986e,2026-09-10 09:58,NIFTY,NIFTY 23500 PE,PE,23500.0,65.0,124.3,125.75,10:05,SIGNAL_FLIP,1.45,1.45,94.25,94.25,True
NIF-2026-09-10-1008-c475cb,2026-09-10 10:08,NIFTY,NIFTY 23450 PE,PE,23450.0,65.0,106.45,107.8,10:14,POSITION_SIGNAL,1.35,1.35,87.75,87.75,True
NIF-2026-09-10-1015-c38b3a,2026-09-10 10:15,NIFTY,NIFTY 23450 CE,CE,23450.0,65.0,123.35,125.35,10:20,SIGNAL_FLIP,2.0,2.0,130.0,130.0,True
NIF-2026-09-10-1024-d7f9b8,2026-09-10 10:24,NIFTY,NIFTY 23500 CE,CE,23500.0,65.0,100.05,98.1,10:33,SIGNAL_FLIP,-1.95,-1.95,-126.75,-126.75,True
NIF-2026-09-10-1038-d0ec24,2026-09-10 10:38,NIFTY,NIFTY 23500 CE,CE,23500.0,65.0,101.5,100.45,10:48,SIGNAL_FLIP,-1.05,-1.05,-68.25,-68.25,True
NIF-2026-09-10-1100-73e091,2026-09-10 11:00,NIFTY,NIFTY 23450 CE,CE,23450.0,65.0,120.65,132.9,11:19,POSITION_SIGNAL,12.25,12.25,796.25,796.25,True
NIF-2026-09-10-1121-daa4d9,2026-09-10 11:21,NIFTY,NIFTY 23500 PE,PE,23500.0,65.0,119.3,113.85,11:24,SIGNAL_FLIP,-5.45,-5.45,-354.25,-354.25,True
NIF-2026-09-10-1127-8f2806,2026-09-10 11:27,NIFTY,NIFTY 23500 PE,PE,23500.0,65.0,120.9,117.8,11:30,POSITION_SIGNAL,-3.1,-3.1,-201.5,-201.5,True
NIF-2026-09-10-1131-6f04fa,2026-09-10 11:31,NIFTY,NIFTY 23500 CE,CE,23500.0,65.0,101.7,95.1,11:33,SIGNAL_FLIP,-6.6,-6.6,-429.0,-429.0,True
NIF-2026-09-10-1136-e5a385,2026-09-10 11:36,NIFTY,NIFTY 23500 CE,CE,23500.0,65.0,98.35,96.5,11:40,SIGNAL_FLIP,-1.85,-1.85,-120.25,-120.25,True
NIF-2026-09-10-1144-4c9128,2026-09-10 11:44,NIFTY,NIFTY 23500 CE,CE,23500.0,65.0,97.4,100.2,11:55,POSITION_SIGNAL,2.8,2.8,182.0,182.0,True
NIF-2026-09-10-1156-2b399e,2026-09-10 11:56,NIFTY,NIFTY 23500 PE,PE,23500.0,65.0,117.65,114.7,11:58,SIGNAL_FLIP,-2.95,-2.95,-191.75,-191.75,True
NIF-2026-09-10-1211-40475f,2026-09-10 12:11,NIFTY,NIFTY 23500 CE,CE,23500.0,65.0,109.8,110.2,12:18,POSITION_SIGNAL,0.4,0.4,26.0,26.0,True
NIF-2026-09-10-1221-fa75fb,2026-09-10 12:21,NIFTY,NIFTY 23500 CE,CE,23500.0,65.0,117.6,110.7,12:24,SIGNAL_FLIP,-6.9,-6.9,-448.5,-448.5,True
NIF-2026-09-10-1228-4dd350,2026-09-10 12:28,NIFTY,NIFTY 23500 CE,CE,23500.0,65.0,112.75,110.15,12:30,POSITION_SIGNAL,-2.6,-2.6,-169.0,-169.0,True
NIF-2026-09-10-1231-2c8284,2026-09-10 12:31,NIFTY,NIFTY 23500 PE,PE,23500.0,65.0,109.25,107.6,12:42,POSITION_SIGNAL,-1.65,-1.65,-107.25,-107.25,True
NIF-2026-09-10-1245-500a2e,2026-09-10 12:45,NIFTY,NIFTY 23500 CE,CE,23500.0,65.0,109.3,102.85,12:47,SIGNAL_FLIP,-6.45,-6.45,-419.25,-419.25,True
NIF-2026-09-10-1250-73729a,2026-09-10 12:50,NIFTY,NIFTY 23500 CE,CE,23500.0,65.0,107.2,102.5,12:54,POSITION_SIGNAL,-4.7,-4.7,-305.5,-305.5,True
NIF-2026-09-10-1255-6710c6,2026-09-10 12:55,NIFTY,NIFTY 23500 PE,PE,23500.0,65.0,109.9,119.0,13:04,SIGNAL_FLIP,9.1,9.1,591.5,591.5,True
NIF-2026-09-10-1306-d1f984,2026-09-10 13:06,NIFTY,NIFTY 23450 PE,PE,23450.0,65.0,102.05,94.9,13:10,SIGNAL_FLIP,-7.15,-7.15,-464.75,-464.75,True
NIF-2026-09-10-1313-bab354,2026-09-10 13:13,NIFTY,NIFTY 23500 CE,CE,23500.0,65.0,95.0,96.05,13:20,POSITION_SIGNAL,1.05,1.05,68.25,68.25,True
NIF-2026-09-10-1325-5ba04d,2026-09-10 13:25,NIFTY,NIFTY 23500 CE,CE,23500.0,65.0,98.1,95.0,13:27,SIGNAL_FLIP,-3.1,-3.1,-201.5,-201.5,True
NIF-2026-09-10-1340-6a04c3,2026-09-10 13:40,NIFTY,NIFTY 23500 CE,CE,23500.0,65.0,93.8,90.55,13:45,SIGNAL_FLIP,-3.25,-3.25,-211.25,-211.25,True
NIF-2026-09-10-1512-2ed36c,2026-09-10 15:12,NIFTY,NIFTY 23400 PE,PE,23400.0,65.0,94.7,88.55,15:16,POSITION_SIGNAL,-6.15,-6.15,-399.75,-399.75,True
NIF-2026-09-10-1354-510de2,2026-09-10 13:54,NIFTY,NIFTY 23450 PE,PE,23450.0,65.0,95.5,94.95,14:01,POSITION_SIGNAL,-0.55,-0.55,-35.75,-35.75,True
NIF-2026-09-10-1403-700d84,2026-09-10 14:03,NIFTY,NIFTY 23450 PE,PE,23450.0,65.0,99.9,101.55,14:08,POSITION_SIGNAL,1.65,1.65,107.25,107.25,True
NIF-2026-09-10-1409-af0e9a,2026-09-10 14:09,NIFTY,NIFTY 23450 PE,PE,23450.0,65.0,102.15,99.25,14:21,POSITION_SIGNAL,-2.9,-2.9,-188.5,-188.5,True
NIF-2026-09-10-1422-654622,2026-09-10 14:22,NIFTY,NIFTY 23450 CE,CE,23450.0,65.0,108.45,106.65,14:27,SIGNAL_FLIP,-1.8,-1.8,-117.0,-117.0,True
NIF-2026-09-10-1433-156090,2026-09-10 14:33,NIFTY,NIFTY 23450 PE,PE,23450.0,65.0,105.0,102.25,14:44,SIGNAL_FLIP,-2.75,-2.75,-178.75,-178.75,True
NIF-2026-09-10-1446-412c46,2026-09-10 14:46,NIFTY,NIFTY 23450 CE,CE,23450.0,65.0,108.25,107.55,14:53,SIGNAL_FLIP,-0.7,-0.7,-45.5,-45.5,True
NIF-2026-09-10-1459-1c2d31,2026-09-10 14:59,NIFTY,NIFTY 23450 PE,PE,23450.0,65.0,104.6,114.9,15:09,POSITION_SIGNAL,10.3,10.3,669.5,669.5,True
SEN-2026-09-10-0923-f91e4f,2026-09-10 09:23,SENSEX,SENSEX 74800 PE,PE,74800.0,20.0,200.65,178.2,09:27,SIGNAL_FLIP,-22.45,-22.45,-449.0,-449.0,True
SEN-2026-09-10-0930-add9ce,2026-09-10 09:30,SENSEX,SENSEX 74800 PE,PE,74800.0,20.0,193.6,202.5,09:35,SIGNAL_FLIP,8.9,8.9,178.0,178.0,True
SEN-2026-09-10-0936-1d715b,2026-09-10 09:36,SENSEX,SENSEX 74800 PE,PE,74800.0,20.0,203.2,183.35,09:43,POSITION_SIGNAL,-19.85,-19.85,-397.0,-397.0,True
SEN-2026-09-10-0949-b05059,2026-09-10 09:49,SENSEX,SENSEX 74800 CE,CE,74800.0,20.0,174.7,181.85,09:56,POSITION_SIGNAL,7.15,7.15,143.0,143.0,True
SEN-2026-09-10-1001-94553f,2026-09-10 10:01,SENSEX,SENSEX 74800 PE,PE,74800.0,20.0,188.75,195.35,10:06,POSITION_SIGNAL,6.6,6.6,132.0,132.0,True
SEN-2026-09-10-1007-18a6d3,2026-09-10 10:07,SENSEX,SENSEX 74700 PE,PE,74700.0,20.0,151.75,136.75,10:16,POSITION_SIGNAL,-15.0,-15.0,-300.0,-300.0,True
SEN-2026-09-10-1020-69d1b2,2026-09-10 10:20,SENSEX,SENSEX 74800 PE,PE,74800.0,20.0,183.9,192.75,10:25,POSITION_SIGNAL,8.85,8.85,177.0,177.0,True
SEN-2026-09-10-1039-a6f85b,2026-09-10 10:39,SENSEX,SENSEX 74800 CE,CE,74800.0,20.0,168.1,164.0,10:42,SIGNAL_FLIP,-4.1,-4.1,-82.0,-82.0,True
SEN-2026-09-10-1044-ff8f3a,2026-09-10 10:44,SENSEX,SENSEX 74800 CE,CE,74800.0,20.0,179.2,156.35,10:48,STOP_LOSS,-22.85,-22.85,-457.0,-457.0,True
SEN-2026-09-10-1049-68c0ff,2026-09-10 10:49,SENSEX,SENSEX 74800 PE,PE,74800.0,20.0,181.1,203.45,10:59,POSITION_SIGNAL,22.35,22.35,447.0,447.0,True
SEN-2026-09-10-1100-08f526,2026-09-10 11:00,SENSEX,SENSEX 74700 CE,CE,74700.0,20.0,186.0,186.3,11:06,SIGNAL_FLIP,0.3,0.3,6.0,6.0,True
SEN-2026-09-10-1115-a625ec,2026-09-10 11:15,SENSEX,SENSEX 74800 CE,CE,74800.0,20.0,176.9,166.9,11:19,POSITION_SIGNAL,-10.0,-10.0,-200.0,-200.0,True
SEN-2026-09-10-1120-67c2d1,2026-09-10 11:20,SENSEX,SENSEX 74800 PE,PE,74800.0,20.0,162.85,153.25,11:24,SIGNAL_FLIP,-9.6,-9.6,-192.0,-192.0,True
SEN-2026-09-10-1127-9e45e9,2026-09-10 11:27,SENSEX,SENSEX 74800 PE,PE,74800.0,20.0,170.6,149.45,11:31,SIGNAL_FLIP,-21.15,-21.15,-423.0,-423.0,True
SEN-2026-09-10-1133-98e46e,2026-09-10 11:33,SENSEX,SENSEX 74800 PE,PE,74800.0,20.0,175.3,171.2,11:37,POSITION_SIGNAL,-4.1,-4.1,-82.0,-82.0,True
SEN-2026-09-10-1139-6d87c0,2026-09-10 11:39,SENSEX,SENSEX 74800 PE,PE,74800.0,20.0,171.75,155.55,11:45,POSITION_SIGNAL,-16.2,-16.2,-324.0,-324.0,True
SEN-2026-09-10-1148-5d51ac,2026-09-10 11:48,SENSEX,SENSEX 74800 PE,PE,74800.0,20.0,159.0,154.45,11:49,SIGNAL_FLIP,-4.55,-4.55,-91.0,-91.0,True
SEN-2026-09-10-1152-8d80ae,2026-09-10 11:52,SENSEX,SENSEX 74800 PE,PE,74800.0,20.0,157.05,153.25,11:58,SIGNAL_FLIP,-3.8,-3.8,-76.0,-76.0,True
SEN-2026-09-10-1204-8cbeb5,2026-09-10 12:04,SENSEX,SENSEX 74800 CE,CE,74800.0,20.0,167.9,155.55,12:07,POSITION_SIGNAL,-12.35,-12.35,-247.0,-247.0,True
SEN-2026-09-10-1212-5decc9,2026-09-10 12:12,SENSEX,SENSEX 74900 CE,CE,74900.0,20.0,138.65,122.0,12:13,STOP_LOSS,-16.65,-16.65,-333.0,-333.0,True
SEN-2026-09-10-1234-104ccb,2026-09-10 12:34,SENSEX,SENSEX 74800 CE,CE,74800.0,20.0,159.2,142.3,12:37,STOP_LOSS,-16.9,-16.9,-338.0,-338.0,True
SEN-2026-09-10-1239-7b3ed3,2026-09-10 12:39,SENSEX,SENSEX 74800 PE,PE,74800.0,20.0,142.7,126.25,12:40,STOP_LOSS,-16.45,-16.45,-329.0,-329.0,True
SEN-2026-09-10-1241-a85b45,2026-09-10 12:41,SENSEX,SENSEX 74800 CE,CE,74800.0,20.0,153.3,156.0,12:48,POSITION_SIGNAL,2.7,2.7,54.0,54.0,True
SEN-2026-09-10-1249-790a5e,2026-09-10 12:49,SENSEX,SENSEX 74800 CE,CE,74800.0,20.0,163.9,156.55,12:54,POSITION_SIGNAL,-7.35,-7.35,-147.0,-147.0,True
SEN-2026-09-10-1255-66c5ab,2026-09-10 12:55,SENSEX,SENSEX 74800 PE,PE,74800.0,20.0,127.75,146.2,13:04,POSITION_SIGNAL,18.45,18.45,369.0,369.0,True
SEN-2026-09-10-1306-372577,2026-09-10 13:06,SENSEX,SENSEX 74800 PE,PE,74800.0,20.0,160.5,136.85,13:09,STOP_LOSS,-23.65,-23.65,-473.0,-473.0,True
SEN-2026-09-10-1311-2163c6,2026-09-10 13:11,SENSEX,SENSEX 74800 CE,CE,74800.0,20.0,130.0,136.45,13:18,POSITION_SIGNAL,6.45,6.45,129.0,129.0,True
SEN-2026-09-15-1439-fd2ebe,2026-09-15 14:39,SENSEX,SENSEX 74300 CE,CE,74300.0,20.0,363.1,363.95,14:44,SIGNAL_FLIP,0.85,0.85,17.0,17.0,True
SEN-2026-09-10-1319-1244de,2026-09-10 13:19,SENSEX,SENSEX 74800 PE,PE,74800.0,20.0,134.35,158.45,13:37,POSITION_SIGNAL,24.1,24.1,482.0,482.0,True
SEN-2026-09-10-1342-7bef28,2026-09-10 13:42,SENSEX,SENSEX 74800 CE,CE,74800.0,20.0,130.7,126.1,13:43,SIGNAL_FLIP,-4.6,-4.6,-92.0,-92.0,True
SEN-2026-09-10-1352-8818d8,2026-09-10 13:52,SENSEX,SENSEX 74800 PE,PE,74800.0,20.0,147.65,175.1,14:14,POSITION_SIGNAL,27.45,27.45,549.0,549.0,True
SEN-2026-09-10-1417-01b3d6,2026-09-10 14:17,SENSEX,SENSEX 74700 PE,PE,74700.0,20.0,131.95,118.15,14:21,STOP_LOSS,-13.8,-13.8,-276.0,-276.0,True
SEN-2026-09-10-1422-a223e1,2026-09-10 14:22,SENSEX,SENSEX 74700 CE,CE,74700.0,20.0,144.6,141.7,14:24,SIGNAL_FLIP,-2.9,-2.9,-58.0,-58.0,True
SEN-2026-09-10-1428-7e31a2,2026-09-10 14:28,SENSEX,SENSEX 74700 PE,PE,74700.0,20.0,125.5,145.8,14:45,POSITION_SIGNAL,20.3,20.3,406.0,406.0,True
NIF-2026-09-11-1124-a758a4,2026-09-11 11:24,NIFTY,NIFTY 23350 CE,CE,23350.0,65.0,123.55,117.4,11:28,POSITION_SIGNAL,-6.15,-6.15,-399.75,-399.75,True
SEN-2026-09-10-1446-d258ed,2026-09-10 14:46,SENSEX,SENSEX 74700 CE,CE,74700.0,20.0,143.35,145.75,14:53,SIGNAL_FLIP,2.4,2.4,48.0,48.0,True
SEN-2026-09-10-1508-1030a8,2026-09-10 15:08,SENSEX,SENSEX 74600 PE,PE,74600.0,20.0,156.3,130.05,15:17,STOP_LOSS,-26.25,-26.25,-525.0,-525.0,True
NIF-2026-09-11-0927-438aaa,2026-09-11 09:27,NIFTY,NIFTY 23250 CE,CE,23250.0,65.0,111.1,110.4,09:28,SIGNAL_FLIP,-0.7,-0.7,-45.5,-45.5,True
NIF-2026-09-11-0931-7eeaaa,2026-09-11 09:31,NIFTY,NIFTY 23250 CE,CE,23250.0,65.0,112.95,108.7,09:33,SIGNAL_FLIP,-4.25,-4.25,-276.25,-276.25,True
NIF-2026-09-11-0935-aef637,2026-09-11 09:35,NIFTY,NIFTY 23250 CE,CE,23250.0,65.0,114.65,110.6,09:40,SIGNAL_FLIP,-4.05,-4.05,-263.25,-263.25,True
NIF-2026-09-11-0944-6fb6d1,2026-09-11 09:44,NIFTY,NIFTY 23250 CE,CE,23250.0,65.0,110.1,106.2,09:47,SIGNAL_FLIP,-3.9,-3.9,-253.5,-253.5,True
NIF-2026-09-11-0953-665111,2026-09-11 09:53,NIFTY,NIFTY 23250 PE,PE,23250.0,65.0,99.9,94.65,09:56,SIGNAL_FLIP,-5.25,-5.25,-341.25,-341.25,True
NIF-2026-09-11-1005-a83912,2026-09-11 10:05,NIFTY,NIFTY 23300 CE,CE,23300.0,65.0,90.45,108.5,10:25,POSITION_SIGNAL,18.05,18.05,1173.25,1173.25,True
NIF-2026-09-11-1027-de6555,2026-09-11 10:27,NIFTY,NIFTY 23300 PE,PE,23300.0,65.0,106.9,107.4,10:32,SIGNAL_FLIP,0.5,0.5,32.5,32.5,True
NIF-2026-09-11-1044-0f3086,2026-09-11 10:44,NIFTY,NIFTY 23300 CE,CE,23300.0,65.0,113.0,106.1,10:50,POSITION_SIGNAL,-6.9,-6.9,-448.5,-448.5,True
NIF-2026-09-11-1052-edf38f,2026-09-11 10:52,NIFTY,NIFTY 23300 PE,PE,23300.0,65.0,106.65,106.05,10:59,SIGNAL_FLIP,-0.6,-0.6,-39.0,-39.0,True
NIF-2026-09-11-1105-71a40d,2026-09-11 11:05,NIFTY,NIFTY 23300 PE,PE,23300.0,65.0,105.3,100.4,11:07,SIGNAL_FLIP,-4.9,-4.9,-318.5,-318.5,True
NIF-2026-09-11-1113-07cc6f,2026-09-11 11:13,NIFTY,NIFTY 23350 CE,CE,23350.0,65.0,98.3,114.55,11:21,POSITION_SIGNAL,16.25,16.25,1056.25,1056.25,True
NIF-2026-09-16-1107-084bc6,2026-09-16 11:07,NIFTY,NIFTY 23300 PE,PE,23300.0,65.0,173.05,171.25,11:10,SIGNAL_FLIP,-1.8,-1.8,-117.0,-117.0,True
NIF-2026-09-11-1133-59ce3f,2026-09-11 11:33,NIFTY,NIFTY 23350 CE,CE,23350.0,65.0,119.25,116.4,11:36,POSITION_SIGNAL,-2.85,-2.85,-185.25,-185.25,True
NIF-2026-09-11-1137-7c6352,2026-09-11 11:37,NIFTY,NIFTY 23350 CE,CE,23350.0,65.0,119.05,113.6,11:49,POSITION_SIGNAL,-5.45,-5.45,-354.25,-354.25,True
NIF-2026-09-11-1150-7efd98,2026-09-11 11:50,NIFTY,NIFTY 23350 PE,PE,23350.0,65.0,102.5,97.65,11:56,SIGNAL_FLIP,-4.85,-4.85,-315.25,-315.25,True
NIF-2026-09-11-1200-8b4b75,2026-09-11 12:00,NIFTY,NIFTY 23350 CE,CE,23350.0,65.0,116.75,111.8,12:03,SIGNAL_FLIP,-4.95,-4.95,-321.75,-321.75,True
NIF-2026-09-11-1216-af9c25,2026-09-11 12:16,NIFTY,NIFTY 23350 CE,CE,23350.0,65.0,104.15,104.2,12:22,POSITION_SIGNAL,0.05,0.05,3.25,3.25,True
NIF-2026-09-11-1224-ad32db,2026-09-11 12:24,NIFTY,NIFTY 23350 CE,CE,23350.0,65.0,109.9,106.7,12:28,POSITION_SIGNAL,-3.2,-3.2,-208.0,-208.0,True
NIF-2026-09-11-1232-e6c5a0,2026-09-11 12:32,NIFTY,NIFTY 23350 CE,CE,23350.0,65.0,111.0,108.4,12:39,SIGNAL_FLIP,-2.6,-2.6,-169.0,-169.0,True
NIF-2026-09-11-1241-1b2e7d,2026-09-11 12:41,NIFTY,NIFTY 23350 PE,PE,23350.0,65.0,100.75,97.35,12:42,SIGNAL_FLIP,-3.4,-3.4,-221.0,-221.0,True
NIF-2026-09-11-1247-328512,2026-09-11 12:47,NIFTY,NIFTY 23350 PE,PE,23350.0,65.0,99.8,97.65,12:54,SIGNAL_FLIP,-2.15,-2.15,-139.75,-139.75,True
NIF-2026-09-11-1259-dd9146,2026-09-11 12:59,NIFTY,NIFTY 23350 CE,CE,23350.0,65.0,112.25,104.45,13:01,SIGNAL_FLIP,-7.8,-7.8,-507.0,-507.0,True
NIF-2026-09-11-1305-df7f7d,2026-09-11 13:05,NIFTY,NIFTY 23350 PE,PE,23350.0,65.0,106.3,103.5,13:08,SIGNAL_FLIP,-2.8,-2.8,-182.0,-182.0,True
NIF-2026-09-11-1311-1c958b,2026-09-11 13:11,NIFTY,NIFTY 23350 PE,PE,23350.0,65.0,110.8,105.55,13:12,SIGNAL_FLIP,-5.25,-5.25,-341.25,-341.25,True
NIF-2026-09-11-1319-e0c5c9,2026-09-11 13:19,NIFTY,NIFTY 23350 PE,PE,23350.0,65.0,106.95,100.9,13:23,SIGNAL_FLIP,-6.05,-6.05,-393.25,-393.25,True
NIF-2026-09-11-1328-ef8c68,2026-09-11 13:28,NIFTY,NIFTY 23350 CE,CE,23350.0,65.0,103.0,104.65,13:36,SIGNAL_FLIP,1.65,1.65,107.25,107.25,True
NIF-2026-09-11-1339-0ca0e1,2026-09-11 13:39,NIFTY,NIFTY 23350 PE,PE,23350.0,65.0,100.4,103.25,13:44,SIGNAL_FLIP,2.85,2.85,185.25,185.25,True
NIF-2026-09-11-1346-ef730a,2026-09-11 13:46,NIFTY,NIFTY 23350 PE,PE,23350.0,65.0,106.85,99.95,13:48,POSITION_SIGNAL,-6.9,-6.9,-448.5,-448.5,True
NIF-2026-09-11-1349-62ed76,2026-09-11 13:49,NIFTY,NIFTY 23350 CE,CE,23350.0,65.0,99.2,161.55,14:07,POSITION_SIGNAL,62.35,62.35,4052.75,4052.75,True
NIF-2026-09-11-1422-b20b91,2026-09-11 14:22,NIFTY,NIFTY 23450 CE,CE,23450.0,65.0,96.2,100.1,14:34,POSITION_SIGNAL,3.9,3.9,253.5,253.5,True
NIF-2026-09-11-1436-1af18e,2026-09-11 14:36,NIFTY,NIFTY 23450 CE,CE,23450.0,65.0,105.7,99.2,14:39,SIGNAL_FLIP,-6.5,-6.5,-422.5,-422.5,True
NIF-2026-09-11-1442-15b39c,2026-09-11 14:42,NIFTY,NIFTY 23450 CE,CE,23450.0,65.0,105.45,100.05,14:46,SIGNAL_FLIP,-5.4,-5.4,-351.0,-351.0,True
NIF-2026-09-11-1449-f98778,2026-09-11 14:49,NIFTY,NIFTY 23450 CE,CE,23450.0,65.0,102.95,98.9,15:00,POSITION_SIGNAL,-4.05,-4.05,-263.25,-263.25,True
NIF-2026-09-11-1501-df8ba5,2026-09-11 15:01,NIFTY,NIFTY 23450 PE,PE,23450.0,65.0,110.7,114.9,15:08,SIGNAL_FLIP,4.2,4.2,273.0,273.0,True
NIF-2026-09-11-1525-6f669d,2026-09-11 15:25,NIFTY,NIFTY 23450 PE,PE,23450.0,65.0,107.85,106.2,15:29,SESSION_END,-1.65,-1.65,-107.25,-107.25,True
SEN-2026-09-11-0918-6c8b0b,2026-09-11 09:18,SENSEX,SENSEX 74300 CE,CE,74300.0,20.0,476.3,490.35,09:40,SIGNAL_FLIP,14.05,14.05,281.0,281.0,True
SEN-2026-09-11-0944-b69b9f,2026-09-11 09:44,SENSEX,SENSEX 74300 CE,CE,74300.0,20.0,489.2,479.55,09:46,POSITION_SIGNAL,-9.65,-9.65,-193.0,-193.0,True
SEN-2026-09-11-0947-5fc5d8,2026-09-11 09:47,SENSEX,SENSEX 74300 PE,PE,74300.0,20.0,483.65,467.25,09:57,POSITION_SIGNAL,-16.4,-16.4,-328.0,-328.0,True
SEN-2026-09-11-0958-80bbec,2026-09-11 09:58,SENSEX,SENSEX 74300 CE,CE,74300.0,20.0,484.6,544.95,10:25,POSITION_SIGNAL,60.35,60.35,1207.0,1207.0,True
SEN-2026-09-11-1026-013a59,2026-09-11 10:26,SENSEX,SENSEX 74400 PE,PE,74400.0,20.0,468.8,477.0,10:32,SIGNAL_FLIP,8.2,8.2,164.0,164.0,True
SEN-2026-09-11-1036-f89fd6,2026-09-11 10:36,SENSEX,SENSEX 74400 CE,CE,74400.0,20.0,492.15,483.15,10:50,SIGNAL_FLIP,-9.0,-9.0,-180.0,-180.0,True
SEN-2026-09-11-1053-eef21b,2026-09-11 10:53,SENSEX,SENSEX 74400 PE,PE,74400.0,20.0,483.45,482.2,10:55,SIGNAL_FLIP,-1.25,-1.25,-25.0,-25.0,True
SEN-2026-09-11-1059-e09b10,2026-09-11 10:59,SENSEX,SENSEX 74400 CE,CE,74400.0,20.0,474.85,469.0,11:05,POSITION_SIGNAL,-5.85,-5.85,-117.0,-117.0,True
SEN-2026-09-11-1107-ec9255,2026-09-11 11:07,SENSEX,SENSEX 74400 CE,CE,74400.0,20.0,486.0,605.25,11:28,POSITION_SIGNAL,119.25,119.25,2385.0,2385.0,True
SEN-2026-09-11-1133-e6ff35,2026-09-11 11:33,SENSEX,SENSEX 74600 CE,CE,74600.0,20.0,498.95,501.25,11:48,POSITION_SIGNAL,2.3,2.3,46.0,46.0,True
SEN-2026-09-11-1156-4d343b,2026-09-11 11:56,SENSEX,SENSEX 74600 CE,CE,74600.0,20.0,498.5,478.25,12:10,POSITION_SIGNAL,-20.25,-20.25,-405.0,-405.0,True
SEN-2026-09-11-1211-909369,2026-09-11 12:11,SENSEX,SENSEX 74600 PE,PE,74600.0,20.0,486.7,483.75,12:15,POSITION_SIGNAL,-2.95,-2.95,-59.0,-59.0,True
SEN-2026-09-11-1217-94571a,2026-09-11 12:17,SENSEX,SENSEX 74600 CE,CE,74600.0,20.0,468.25,462.25,12:22,SIGNAL_FLIP,-6.0,-6.0,-120.0,-120.0,True
SEN-2026-09-11-1224-320113,2026-09-11 12:24,SENSEX,SENSEX 74600 CE,CE,74600.0,20.0,476.85,466.9,12:29,POSITION_SIGNAL,-9.95,-9.95,-199.0,-199.0,True
SEN-2026-09-11-1232-bf9fd2,2026-09-11 12:32,SENSEX,SENSEX 74600 CE,CE,74600.0,20.0,481.9,473.3,12:41,POSITION_SIGNAL,-8.6,-8.6,-172.0,-172.0,True
SEN-2026-09-11-1242-649e09,2026-09-11 12:42,SENSEX,SENSEX 74600 CE,CE,74600.0,20.0,490.4,469.3,12:46,POSITION_SIGNAL,-21.1,-21.1,-422.0,-422.0,True
SEN-2026-09-11-1249-6357a6,2026-09-11 12:49,SENSEX,SENSEX 74600 CE,CE,74600.0,20.0,475.9,463.45,13:01,SIGNAL_FLIP,-12.45,-12.45,-249.0,-249.0,True
SEN-2026-09-11-1305-c38eef,2026-09-11 13:05,SENSEX,SENSEX 74600 PE,PE,74600.0,20.0,493.35,487.3,13:08,POSITION_SIGNAL,-6.05,-6.05,-121.0,-121.0,True
SEN-2026-09-11-1309-6bfbbc,2026-09-11 13:09,SENSEX,SENSEX 74500 CE,CE,74500.0,20.0,498.85,504.3,13:16,POSITION_SIGNAL,5.45,5.45,109.0,109.0,True
SEN-2026-09-11-1321-a18dae,2026-09-11 13:21,SENSEX,SENSEX 74500 PE,PE,74500.0,20.0,450.45,435.9,13:23,SIGNAL_FLIP,-14.55,-14.55,-291.0,-291.0,True
SEN-2026-09-11-1326-9a41a3,2026-09-11 13:26,SENSEX,SENSEX 74600 CE,CE,74600.0,20.0,460.65,460.05,13:35,SIGNAL_FLIP,-0.6,-0.6,-12.0,-12.0,True
SEN-2026-09-11-1342-848843,2026-09-11 13:42,SENSEX,SENSEX 74500 PE,PE,74500.0,20.0,451.5,433.25,13:44,SIGNAL_FLIP,-18.25,-18.25,-365.0,-365.0,True
SEN-2026-09-11-1346-f46219,2026-09-11 13:46,SENSEX,SENSEX 74500 PE,PE,74500.0,20.0,443.75,421.0,13:48,SIGNAL_FLIP,-22.75,-22.75,-455.0,-455.0,True
SEN-2026-09-11-1402-57439d,2026-09-11 14:02,SENSEX,SENSEX 74900 CE,CE,74900.0,20.0,467.2,479.75,14:06,SIGNAL_FLIP,12.55,12.55,251.0,251.0,True
SEN-2026-09-11-1416-694ff4,2026-09-11 14:16,SENSEX,SENSEX 74900 PE,PE,74900.0,20.0,501.75,496.95,14:22,SIGNAL_FLIP,-4.8,-4.8,-96.0,-96.0,True
SEN-2026-09-11-1430-eeafd4,2026-09-11 14:30,SENSEX,SENSEX 74900 CE,CE,74900.0,20.0,490.9,482.1,14:38,POSITION_SIGNAL,-8.8,-8.8,-176.0,-176.0,True
SEN-2026-09-11-1439-810ad0,2026-09-11 14:39,SENSEX,SENSEX 74900 PE,PE,74900.0,20.0,481.0,467.15,14:41,SIGNAL_FLIP,-13.85,-13.85,-277.0,-277.0,True
SEN-2026-09-11-1447-781638,2026-09-11 14:47,SENSEX,SENSEX 74900 PE,PE,74900.0,20.0,476.25,469.05,14:49,SIGNAL_FLIP,-7.2,-7.2,-144.0,-144.0,True
SEN-2026-09-11-1501-2e51bc,2026-09-11 15:01,SENSEX,SENSEX 74900 PE,PE,74900.0,20.0,482.4,497.35,15:08,SIGNAL_FLIP,14.95,14.95,299.0,299.0,True
SEN-2026-09-11-1529-5ba84a,2026-09-11 15:29,SENSEX,SENSEX 74900 PE,PE,74900.0,20.0,475.25,,,STILL_OPEN,,,,,True
NIF-2026-09-15-0923-81bbd6,2026-09-15 09:23,NIFTY,NIFTY 23500 PE,PE,23500.0,65.0,60.3,75.9,09:35,SIGNAL_FLIP,15.6,15.6,1014.0,1014.0,True
NIF-2026-09-15-0938-429a02,2026-09-15 09:38,NIFTY,NIFTY 23450 PE,PE,23450.0,65.0,56.55,53.7,09:41,POSITION_SIGNAL,-2.85,-2.85,-185.25,-185.25,True
NIF-2026-09-15-0944-bc1096,2026-09-15 09:44,NIFTY,NIFTY 23450 CE,CE,23450.0,65.0,64.5,52.6,09:45,STOP_LOSS,-11.9,-11.9,-773.5,-773.5,True
NIF-2026-09-15-0947-a8ed8d,2026-09-15 09:47,NIFTY,NIFTY 23450 PE,PE,23450.0,65.0,57.1,97.6,10:03,POSITION_SIGNAL,40.5,40.5,2632.5,2632.5,True
NIF-2026-09-15-1008-1657e6,2026-09-15 10:08,NIFTY,NIFTY 23400 PE,PE,23400.0,65.0,70.3,60.05,10:13,STOP_LOSS,-10.25,-10.25,-666.25,-666.25,True
NIF-2026-09-15-1016-b54c27,2026-09-15 10:16,NIFTY,NIFTY 23400 PE,PE,23400.0,65.0,65.95,68.0,10:24,SIGNAL_FLIP,2.05,2.05,133.25,133.25,True
NIF-2026-09-15-1028-20f1f3,2026-09-15 10:28,NIFTY,NIFTY 23400 PE,PE,23400.0,65.0,70.95,73.7,10:37,SIGNAL_FLIP,2.75,2.75,178.75,178.75,True
NIF-2026-09-15-1041-0bb837,2026-09-15 10:41,NIFTY,NIFTY 23350 PE,PE,23350.0,65.0,50.75,65.5,10:58,POSITION_SIGNAL,14.75,14.75,958.75,958.75,True
NIF-2026-09-15-1102-78decb,2026-09-15 11:02,NIFTY,NIFTY 23350 CE,CE,23350.0,65.0,59.05,59.7,11:06,SIGNAL_FLIP,0.65,0.65,42.25,42.25,True
NIF-2026-09-15-1109-d9b313,2026-09-15 11:09,NIFTY,NIFTY 23350 PE,PE,23350.0,65.0,60.55,60.85,11:23,SIGNAL_FLIP,0.3,0.3,19.5,19.5,True
NIF-2026-09-15-1127-0a613e,2026-09-15 11:27,NIFTY,NIFTY 23350 PE,PE,23350.0,65.0,65.4,64.4,11:33,POSITION_SIGNAL,-1.0,-1.0,-65.0,-65.0,True
NIF-2026-09-15-1136-ae83e8,2026-09-15 11:36,NIFTY,NIFTY 23350 CE,CE,23350.0,65.0,50.1,54.65,11:41,SIGNAL_FLIP,4.55,4.55,295.75,295.75,True
NIF-2026-09-15-1143-0c1290,2026-09-15 11:43,NIFTY,NIFTY 23350 PE,PE,23350.0,65.0,61.4,56.05,11:48,SIGNAL_FLIP,-5.35,-5.35,-347.75,-347.75,True
NIF-2026-09-15-1150-5f9fb5,2026-09-15 11:50,NIFTY,NIFTY 23350 PE,PE,23350.0,65.0,59.8,57.05,11:58,POSITION_SIGNAL,-2.75,-2.75,-178.75,-178.75,True
NIF-2026-09-15-1202-d6c88b,2026-09-15 12:02,NIFTY,NIFTY 23350 CE,CE,23350.0,65.0,52.7,52.0,12:06,SIGNAL_FLIP,-0.7,-0.7,-45.5,-45.5,True
NIF-2026-09-15-1211-6fd477,2026-09-15 12:11,NIFTY,NIFTY 23350 PE,PE,23350.0,65.0,54.75,55.8,12:28,POSITION_SIGNAL,1.05,1.05,68.25,68.25,True
NIF-2026-09-15-1230-e01087,2026-09-15 12:30,NIFTY,NIFTY 23350 PE,PE,23350.0,65.0,59.55,56.2,12:36,POSITION_SIGNAL,-3.35,-3.35,-217.75,-217.75,True
NIF-2026-09-15-1238-7135dc,2026-09-15 12:38,NIFTY,NIFTY 23300 PE,PE,23300.0,65.0,37.85,35.75,12:42,POSITION_SIGNAL,-2.1,-2.1,-136.5,-136.5,True
NIF-2026-09-15-1244-cbab17,2026-09-15 12:44,NIFTY,NIFTY 23350 PE,PE,23350.0,65.0,62.45,59.9,12:49,POSITION_SIGNAL,-2.55,-2.55,-165.75,-165.75,True
NIF-2026-09-15-1253-774f4d,2026-09-15 12:53,NIFTY,NIFTY 23350 PE,PE,23350.0,65.0,59.9,68.15,13:06,SIGNAL_FLIP,8.25,8.25,536.25,536.25,True
NIF-2026-09-15-1308-e016cd,2026-09-15 13:08,NIFTY,NIFTY 23300 PE,PE,23300.0,65.0,42.55,47.75,13:15,POSITION_SIGNAL,5.2,5.2,338.0,338.0,True
NIF-2026-09-15-1316-23a6cc,2026-09-15 13:16,NIFTY,NIFTY 23300 PE,PE,23300.0,65.0,49.25,46.65,13:20,SIGNAL_FLIP,-2.6,-2.6,-169.0,-169.0,True
NIF-2026-09-15-1321-d30903,2026-09-15 13:21,NIFTY,NIFTY 23300 PE,PE,23300.0,65.0,50.15,50.65,13:26,POSITION_SIGNAL,0.5,0.5,32.5,32.5,True
NIF-2026-09-15-1327-75567d,2026-09-15 13:27,NIFTY,NIFTY 23300 CE,CE,23300.0,65.0,42.45,37.55,13:30,SIGNAL_FLIP,-4.9,-4.9,-318.5,-318.5,True
NIF-2026-09-15-1338-289bc6,2026-09-15 13:38,NIFTY,NIFTY 23250 PE,PE,23250.0,65.0,34.45,37.2,13:44,SIGNAL_FLIP,2.75,2.75,178.75,178.75,True
NIF-2026-09-15-1356-09092d,2026-09-15 13:56,NIFTY,NIFTY 23250 PE,PE,23250.0,65.0,36.45,34.15,13:58,POSITION_SIGNAL,-2.3,-2.3,-149.5,-149.5,True
NIF-2026-09-15-1400-525c3e,2026-09-15 14:00,NIFTY,NIFTY 23300 PE,PE,23300.0,65.0,61.1,105.2,14:20,POSITION_SIGNAL,44.1,44.1,2866.5,2866.5,True
NIF-2026-09-15-1422-50d58a,2026-09-15 14:22,NIFTY,NIFTY 23200 CE,CE,23200.0,65.0,58.55,58.35,14:25,SIGNAL_FLIP,-0.2,-0.2,-13.0,-13.0,True
NIF-2026-09-15-1429-4c87ee,2026-09-15 14:29,NIFTY,NIFTY 23200 PE,PE,23200.0,65.0,44.0,42.2,14:33,SIGNAL_FLIP,-1.8,-1.8,-117.0,-117.0,True
NIF-2026-09-15-1436-76d3c4,2026-09-15 14:36,NIFTY,NIFTY 23200 PE,PE,23200.0,65.0,43.5,38.95,14:39,SIGNAL_FLIP,-4.55,-4.55,-295.75,-295.75,True
NIF-2026-09-15-1501-697d46,2026-09-15 15:01,NIFTY,NIFTY 23200 PE,PE,23200.0,65.0,58.2,54.45,15:03,POSITION_SIGNAL,-3.75,-3.75,-243.75,-243.75,True
NIF-2026-09-15-1506-c32af7,2026-09-15 15:06,NIFTY,NIFTY 23200 PE,PE,23200.0,65.0,56.0,49.1,15:07,STOP_LOSS,-6.9,-6.9,-448.5,-448.5,True
NIF-2026-09-15-1510-c32441,2026-09-15 15:10,NIFTY,NIFTY 23200 PE,PE,23200.0,65.0,54.7,44.95,15:11,SIGNAL_FLIP,-9.75,-9.75,-633.75,-633.75,True
NIF-2026-09-15-1513-5c78d8,2026-09-15 15:13,NIFTY,NIFTY 23200 CE,CE,23200.0,65.0,52.15,50.05,15:14,SIGNAL_FLIP,-2.1,-2.1,-136.5,-136.5,True
SEN-2026-09-15-1029-be2571,2026-09-15 10:29,SENSEX,SENSEX 74700 PE,PE,74700.0,20.0,376.2,371.05,10:37,SIGNAL_FLIP,-5.15,-5.15,-103.0,-103.0,True
NIF-2026-09-15-1519-2c1bf0,2026-09-15 15:19,NIFTY,NIFTY 23200 PE,PE,23200.0,65.0,52.9,73.2,15:24,POSITION_SIGNAL,20.3,20.3,1319.5,1319.5,True
SEN-2026-09-15-0923-679df4,2026-09-15 09:23,SENSEX,SENSEX 75100 PE,PE,75100.0,20.0,342.2,394.0,09:42,SIGNAL_FLIP,51.8,51.8,1036.0,1036.0,True
SEN-2026-09-15-0944-42f9c2,2026-09-15 09:44,SENSEX,SENSEX 75100 CE,CE,75100.0,20.0,339.65,309.85,09:45,SIGNAL_FLIP,-29.8,-29.8,-596.0,-596.0,True
SEN-2026-09-15-0947-a37165,2026-09-15 09:47,SENSEX,SENSEX 75000 PE,PE,75000.0,20.0,369.2,490.2,10:03,POSITION_SIGNAL,121.0,121.0,2420.0,2420.0,True
SEN-2026-09-15-1009-984291,2026-09-15 10:09,SENSEX,SENSEX 74800 PE,PE,74800.0,20.0,409.75,392.3,10:12,SIGNAL_FLIP,-17.45,-17.45,-349.0,-349.0,True
SEN-2026-09-15-1016-9c00f8,2026-09-15 10:16,SENSEX,SENSEX 74800 PE,PE,74800.0,20.0,389.25,394.7,10:20,SIGNAL_FLIP,5.45,5.45,109.0,109.0,True
SEN-2026-09-15-1021-c44baf,2026-09-15 10:21,SENSEX,SENSEX 74800 PE,PE,74800.0,20.0,414.55,397.5,10:24,SIGNAL_FLIP,-17.05,-17.05,-341.0,-341.0,True
SEN-2026-09-15-1041-e745a4,2026-09-15 10:41,SENSEX,SENSEX 74700 PE,PE,74700.0,20.0,384.55,426.85,11:00,SIGNAL_FLIP,42.3,42.3,846.0,846.0,True
SEN-2026-09-15-1103-9574e9,2026-09-15 11:03,SENSEX,SENSEX 74700 CE,CE,74700.0,20.0,380.8,373.95,11:06,SIGNAL_FLIP,-6.85,-6.85,-137.0,-137.0,True
SEN-2026-09-15-1116-d95f80,2026-09-15 11:16,SENSEX,SENSEX 74700 CE,CE,74700.0,20.0,373.85,360.0,11:18,SIGNAL_FLIP,-13.85,-13.85,-277.0,-277.0,True
SEN-2026-09-15-1121-86e5ee,2026-09-15 11:21,SENSEX,SENSEX 74600 PE,PE,74600.0,20.0,384.15,373.1,11:23,POSITION_SIGNAL,-11.05,-11.05,-221.0,-221.0,True
SEN-2026-09-15-1124-1f535c,2026-09-15 11:24,SENSEX,SENSEX 74600 CE,CE,74600.0,20.0,413.75,396.1,11:27,SIGNAL_FLIP,-17.65,-17.65,-353.0,-353.0,True
SEN-2026-09-15-1134-5290d3,2026-09-15 11:34,SENSEX,SENSEX 74600 CE,CE,74600.0,20.0,404.3,419.6,11:42,SIGNAL_FLIP,15.3,15.3,306.0,306.0,True
SEN-2026-09-15-1150-6ea58d,2026-09-15 11:50,SENSEX,SENSEX 74700 PE,PE,74700.0,20.0,399.6,390.0,11:58,SIGNAL_FLIP,-9.6,-9.6,-192.0,-192.0,True
SEN-2026-09-15-1203-32019f,2026-09-15 12:03,SENSEX,SENSEX 74700 CE,CE,74700.0,20.0,384.45,372.0,12:06,SIGNAL_FLIP,-12.45,-12.45,-249.0,-249.0,True
SEN-2026-09-15-1208-9ac319,2026-09-15 12:08,SENSEX,SENSEX 74700 PE,PE,74700.0,20.0,378.75,387.0,12:29,SIGNAL_FLIP,8.25,8.25,165.0,165.0,True
SEN-2026-09-15-1231-d05b7e,2026-09-15 12:31,SENSEX,SENSEX 74600 PE,PE,74600.0,20.0,362.3,351.9,12:41,POSITION_SIGNAL,-10.4,-10.4,-208.0,-208.0,True
SEN-2026-09-15-1244-d0fc0a,2026-09-15 12:44,SENSEX,SENSEX 74600 PE,PE,74600.0,20.0,356.95,341.7,12:49,POSITION_SIGNAL,-15.25,-15.25,-305.0,-305.0,True
SEN-2026-09-15-1251-886d13,2026-09-15 12:51,SENSEX,SENSEX 74700 CE,CE,74700.0,20.0,363.7,347.7,12:53,SIGNAL_FLIP,-16.0,-16.0,-320.0,-320.0,True
SEN-2026-09-15-1257-c58a2a,2026-09-15 12:57,SENSEX,SENSEX 74600 PE,PE,74600.0,20.0,351.05,372.45,13:06,SIGNAL_FLIP,21.4,21.4,428.0,428.0,True
SEN-2026-09-15-1308-73f8a4,2026-09-15 13:08,SENSEX,SENSEX 74600 PE,PE,74600.0,20.0,380.3,398.15,13:20,SIGNAL_FLIP,17.85,17.85,357.0,357.0,True
SEN-2026-09-15-1321-7a39e4,2026-09-15 13:21,SENSEX,SENSEX 74500 PE,PE,74500.0,20.0,360.7,345.1,13:27,POSITION_SIGNAL,-15.6,-15.6,-312.0,-312.0,True
SEN-2026-09-15-1330-c0af1c,2026-09-15 13:30,SENSEX,SENSEX 74500 PE,PE,74500.0,20.0,365.15,384.65,13:35,POSITION_SIGNAL,19.5,19.5,390.0,390.0,True
SEN-2026-09-15-1337-6e28d3,2026-09-15 13:37,SENSEX,SENSEX 74500 CE,CE,74500.0,20.0,358.35,353.3,13:38,SIGNAL_FLIP,-5.05,-5.05,-101.0,-101.0,True
SEN-2026-09-15-1356-0b62d6,2026-09-15 13:56,SENSEX,SENSEX 74400 PE,PE,74400.0,20.0,353.05,337.25,13:58,POSITION_SIGNAL,-15.8,-15.8,-316.0,-316.0,True
SEN-2026-09-15-1403-ca0c4f,2026-09-15 14:03,SENSEX,SENSEX 74500 PE,PE,74500.0,20.0,396.85,515.55,14:22,POSITION_SIGNAL,118.7,118.7,2374.0,2374.0,True
SEN-2026-09-15-1423-5f2330,2026-09-15 14:23,SENSEX,SENSEX 74300 CE,CE,74300.0,20.0,355.8,345.05,14:26,SIGNAL_FLIP,-10.75,-10.75,-215.0,-215.0,True
SEN-2026-09-15-1451-e1fd6d,2026-09-15 14:51,SENSEX,SENSEX 74200 CE,CE,74200.0,20.0,365.05,364.55,14:54,SIGNAL_FLIP,-0.5,-0.5,-10.0,-10.0,True
SEN-2026-09-15-1501-61fd06,2026-09-15 15:01,SENSEX,SENSEX 74100 PE,PE,74100.0,20.0,384.9,373.25,15:04,POSITION_SIGNAL,-11.65,-11.65,-233.0,-233.0,True
SEN-2026-09-15-1510-bb10fe,2026-09-15 15:10,SENSEX,SENSEX 74100 PE,PE,74100.0,20.0,372.95,362.1,15:12,SIGNAL_FLIP,-10.85,-10.85,-217.0,-217.0,True
NIF-2026-09-16-0920-101101,2026-09-16 09:20,NIFTY,NIFTY 23300 PE,PE,23300.0,65.0,170.9,168.55,09:23,SIGNAL_FLIP,-2.35,-2.35,-152.75,-152.75,True
NIF-2026-09-16-0924-0442a0,2026-09-16 09:24,NIFTY,NIFTY 23250 PE,PE,23250.0,65.0,154.55,202.7,09:48,SIGNAL_FLIP,48.15,48.15,3129.75,3129.75,True
NIF-2026-09-16-0950-ad0dd9,2026-09-16 09:50,NIFTY,NIFTY 23200 CE,CE,23200.0,65.0,173.25,197.7,09:58,SIGNAL_FLIP,24.45,24.45,1589.25,1589.25,True
NIF-2026-09-23-1348-6bd6eb,2026-09-23 13:48,NIFTY,NIFTY 23450 PE,PE,23450.0,65.0,112.5,110.25,13:50,SIGNAL_FLIP,-2.25,-2.25,-146.25,-146.25,True
NIF-2026-09-16-1001-27e273,2026-09-16 10:01,NIFTY,NIFTY 23250 CE,CE,23250.0,65.0,174.45,165.25,10:02,SIGNAL_FLIP,-9.2,-9.2,-598.0,-598.0,True
NIF-2026-09-16-1004-329396,2026-09-16 10:04,NIFTY,NIFTY 23250 PE,PE,23250.0,65.0,169.65,173.05,10:08,SIGNAL_FLIP,3.4,3.4,221.0,221.0,True
NIF-2026-09-16-1017-8a00bb,2026-09-16 10:17,NIFTY,NIFTY 23250 CE,CE,23250.0,65.0,159.35,155.2,10:21,SIGNAL_FLIP,-4.15,-4.15,-269.75,-269.75,True
NIF-2026-09-16-1023-d34efc,2026-09-16 10:23,NIFTY,NIFTY 23250 CE,CE,23250.0,65.0,162.3,167.25,10:37,POSITION_SIGNAL,4.95,4.95,321.75,321.75,True
NIF-2026-09-16-1038-f27291,2026-09-16 10:38,NIFTY,NIFTY 23250 PE,PE,23250.0,65.0,158.35,154.7,10:40,SIGNAL_FLIP,-3.65,-3.65,-237.25,-237.25,True
NIF-2026-09-16-1045-4aa746,2026-09-16 10:45,NIFTY,NIFTY 23300 CE,CE,23300.0,65.0,155.65,147.2,10:55,SIGNAL_FLIP,-8.45,-8.45,-549.25,-549.25,True
NIF-2026-09-16-1101-4d9a20,2026-09-16 11:01,NIFTY,NIFTY 23300 CE,CE,23300.0,65.0,154.7,154.1,11:06,POSITION_SIGNAL,-0.6,-0.6,-39.0,-39.0,True
NIF-2026-09-16-1116-deb1e2,2026-09-16 11:16,NIFTY,NIFTY 23300 CE,CE,23300.0,65.0,153.65,145.55,11:19,SIGNAL_FLIP,-8.1,-8.1,-526.5,-526.5,True
NIF-2026-09-16-1123-837c79,2026-09-16 11:23,NIFTY,NIFTY 23300 CE,CE,23300.0,65.0,148.5,136.95,11:26,SIGNAL_FLIP,-11.55,-11.55,-750.75,-750.75,True
NIF-2026-09-16-1133-57888a,2026-09-16 11:33,NIFTY,NIFTY 23250 CE,CE,23250.0,65.0,163.25,160.45,11:34,SIGNAL_FLIP,-2.8,-2.8,-182.0,-182.0,True
NIF-2026-09-16-1141-3a85d3,2026-09-16 11:41,NIFTY,NIFTY 23250 PE,PE,23250.0,65.0,162.15,159.9,11:43,POSITION_SIGNAL,-2.25,-2.25,-146.25,-146.25,True
NIF-2026-09-16-1147-e57a0c,2026-09-16 11:47,NIFTY,NIFTY 23250 PE,PE,23250.0,65.0,166.4,158.6,11:50,SIGNAL_FLIP,-7.8,-7.8,-507.0,-507.0,True
NIF-2026-09-16-1153-fdd0fa,2026-09-16 11:53,NIFTY,NIFTY 23250 PE,PE,23250.0,65.0,165.3,165.0,12:06,SIGNAL_FLIP,-0.3,-0.3,-19.5,-19.5,True
NIF-2026-09-16-1213-4f80b9,2026-09-16 12:13,NIFTY,NIFTY 23250 CE,CE,23250.0,65.0,161.0,155.35,12:16,POSITION_SIGNAL,-5.65,-5.65,-367.25,-367.25,True
NIF-2026-09-16-1219-7dfacc,2026-09-16 12:19,NIFTY,NIFTY 23250 CE,CE,23250.0,65.0,162.35,159.75,12:26,POSITION_SIGNAL,-2.6,-2.6,-169.0,-169.0,True
NIF-2026-09-16-1228-202feb,2026-09-16 12:28,NIFTY,NIFTY 23250 PE,PE,23250.0,65.0,158.75,153.6,12:31,SIGNAL_FLIP,-5.15,-5.15,-334.75,-334.75,True
NIF-2026-09-16-1237-30e5fe,2026-09-16 12:37,NIFTY,NIFTY 23250 PE,PE,23250.0,65.0,151.9,145.0,12:43,SIGNAL_FLIP,-6.9,-6.9,-448.5,-448.5,True
NIF-2026-09-16-1246-2c2979,2026-09-16 12:46,NIFTY,NIFTY 23250 PE,PE,23250.0,65.0,147.9,145.9,12:53,SIGNAL_FLIP,-2.0,-2.0,-130.0,-130.0,True
NIF-2026-09-16-1256-8ee94b,2026-09-16 12:56,NIFTY,NIFTY 23300 CE,CE,23300.0,65.0,147.2,142.5,12:59,SIGNAL_FLIP,-4.7,-4.7,-305.5,-305.5,True
NIF-2026-09-16-1305-32ec3d,2026-09-16 13:05,NIFTY,NIFTY 23300 CE,CE,23300.0,65.0,145.7,148.25,13:13,POSITION_SIGNAL,2.55,2.55,165.75,165.75,True
NIF-2026-09-16-1315-57f4fb,2026-09-16 13:15,NIFTY,NIFTY 23300 PE,PE,23300.0,65.0,163.5,160.55,13:17,SIGNAL_FLIP,-2.95,-2.95,-191.75,-191.75,True
NIF-2026-09-16-1322-0ad70b,2026-09-16 13:22,NIFTY,NIFTY 23300 PE,PE,23300.0,65.0,159.85,177.35,13:32,POSITION_SIGNAL,17.5,17.5,1137.5,1137.5,True
NIF-2026-09-16-1334-2e9975,2026-09-16 13:34,NIFTY,NIFTY 23250 PE,PE,23250.0,65.0,158.75,161.0,13:45,POSITION_SIGNAL,2.25,2.25,146.25,146.25,True
NIF-2026-09-16-1346-236b3f,2026-09-16 13:46,NIFTY,NIFTY 23250 PE,PE,23250.0,65.0,168.1,165.75,13:49,POSITION_SIGNAL,-2.35,-2.35,-152.75,-152.75,True
NIF-2026-09-16-1350-d19dfc,2026-09-16 13:50,NIFTY,NIFTY 23250 PE,PE,23250.0,65.0,166.0,160.85,13:53,POSITION_SIGNAL,-5.15,-5.15,-334.75,-334.75,True
NIF-2026-09-16-1354-681432,2026-09-16 13:54,NIFTY,NIFTY 23250 CE,CE,23250.0,65.0,151.9,150.75,13:57,SIGNAL_FLIP,-1.15,-1.15,-74.75,-74.75,True
NIF-2026-09-16-1402-cc29d7,2026-09-16 14:02,NIFTY,NIFTY 23250 CE,CE,23250.0,65.0,159.9,155.9,14:07,POSITION_SIGNAL,-4.0,-4.0,-260.0,-260.0,True
NIF-2026-09-23-1352-c1386d,2026-09-23 13:52,NIFTY,NIFTY 23450 PE,PE,23450.0,65.0,113.75,110.55,13:55,SIGNAL_FLIP,-3.2,-3.2,-208.0,-208.0,True
NIF-2026-09-16-1408-d49360,2026-09-16 14:08,NIFTY,NIFTY 23250 PE,PE,23250.0,65.0,157.8,153.1,14:13,SIGNAL_FLIP,-4.7,-4.7,-305.5,-305.5,True
NIF-2026-09-16-1420-f997f4,2026-09-16 14:20,NIFTY,NIFTY 23250 PE,PE,23250.0,65.0,155.4,150.95,14:23,SIGNAL_FLIP,-4.45,-4.45,-289.25,-289.25,True
NIF-2026-09-16-1427-040865,2026-09-16 14:27,NIFTY,NIFTY 23250 PE,PE,23250.0,65.0,157.85,157.3,14:35,SIGNAL_FLIP,-0.55,-0.55,-35.75,-35.75,True
NIF-2026-09-16-1439-22128e,2026-09-16 14:39,NIFTY,NIFTY 23250 PE,PE,23250.0,65.0,160.6,154.55,14:45,POSITION_SIGNAL,-6.05,-6.05,-393.25,-393.25,True
NIF-2026-09-16-1446-634e76,2026-09-16 14:46,NIFTY,NIFTY 23250 CE,CE,23250.0,65.0,156.2,153.75,14:49,SIGNAL_FLIP,-2.45,-2.45,-159.25,-159.25,True
NIF-2026-09-16-1451-c7abc6,2026-09-16 14:51,NIFTY,NIFTY 23250 CE,CE,23250.0,65.0,158.3,145.15,15:00,SIGNAL_FLIP,-13.15,-13.15,-854.75,-854.75,True
NIF-2026-09-16-1505-c69daf,2026-09-16 15:05,NIFTY,NIFTY 23250 PE,PE,23250.0,65.0,158.75,156.2,15:10,SIGNAL_FLIP,-2.55,-2.55,-165.75,-165.75,True
NIF-2026-09-16-1511-9d9ab2,2026-09-16 15:11,NIFTY,NIFTY 23250 PE,PE,23250.0,65.0,160.05,158.6,15:12,SIGNAL_FLIP,-1.45,-1.45,-94.25,-94.25,True
NIF-2026-09-16-1513-d3b5df,2026-09-16 15:13,NIFTY,NIFTY 23250 PE,PE,23250.0,65.0,160.05,154.75,15:21,POSITION_SIGNAL,-5.3,-5.3,-344.5,-344.5,True
SEN-2026-09-16-0918-173be2,2026-09-16 09:18,SENSEX,SENSEX 74500 CE,CE,74500.0,20.0,309.05,274.35,09:20,SIGNAL_FLIP,-34.7,-34.7,-694.0,-694.0,True
SEN-2026-09-16-0923-6bd273,2026-09-16 09:23,SENSEX,SENSEX 74400 CE,CE,74400.0,20.0,336.7,303.15,09:25,POSITION_SIGNAL,-33.55,-33.55,-671.0,-671.0,True
SEN-2026-09-16-0927-c77b19,2026-09-16 09:27,SENSEX,SENSEX 74300 PE,PE,74300.0,20.0,306.05,358.55,09:35,POSITION_SIGNAL,52.5,52.5,1050.0,1050.0,True
SEN-2026-09-16-0936-353be3,2026-09-16 09:36,SENSEX,SENSEX 74200 PE,PE,74200.0,20.0,321.4,405.65,09:48,POSITION_SIGNAL,84.25,84.25,1685.0,1685.0,True
SEN-2026-09-16-0949-1c513f,2026-09-16 09:49,SENSEX,SENSEX 74100 CE,CE,74100.0,20.0,351.3,488.7,09:58,POSITION_SIGNAL,137.4,137.4,2748.0,2748.0,True
SEN-2026-09-16-0959-b0eef0,2026-09-16 09:59,SENSEX,SENSEX 74300 PE,PE,74300.0,20.0,326.75,319.2,10:01,SIGNAL_FLIP,-7.55,-7.55,-151.0,-151.0,True
SEN-2026-09-16-1002-06c6e7,2026-09-16 10:02,SENSEX,SENSEX 74300 PE,PE,74300.0,20.0,347.15,381.5,10:09,SIGNAL_FLIP,34.35,34.35,687.0,687.0,True
SEN-2026-09-16-1011-e18b27,2026-09-16 10:11,SENSEX,SENSEX 74200 PE,PE,74200.0,20.0,341.1,318.3,10:12,SIGNAL_FLIP,-22.8,-22.8,-456.0,-456.0,True
SEN-2026-09-16-1015-4a5b8d,2026-09-16 10:15,SENSEX,SENSEX 74200 PE,PE,74200.0,20.0,350.15,311.2,10:17,SIGNAL_FLIP,-38.95,-38.95,-779.0,-779.0,True
SEN-2026-09-16-1023-5d11e0,2026-09-16 10:23,SENSEX,SENSEX 74300 CE,CE,74300.0,20.0,331.95,342.5,10:31,POSITION_SIGNAL,10.55,10.55,211.0,211.0,True
SEN-2026-09-16-1034-c7645a,2026-09-16 10:34,SENSEX,SENSEX 74300 CE,CE,74300.0,20.0,362.8,365.8,10:38,SIGNAL_FLIP,3.0,3.0,60.0,60.0,True
SEN-2026-09-16-1040-258d6d,2026-09-16 10:40,SENSEX,SENSEX 74400 CE,CE,74400.0,20.0,324.9,323.75,10:55,POSITION_SIGNAL,-1.15,-1.15,-23.0,-23.0,True
SEN-2026-09-16-1056-298a32,2026-09-16 10:56,SENSEX,SENSEX 74400 PE,PE,74400.0,20.0,351.05,340.7,10:59,SIGNAL_FLIP,-10.35,-10.35,-207.0,-207.0,True
SEN-2026-09-16-1101-f199fa,2026-09-16 11:01,SENSEX,SENSEX 74400 CE,CE,74400.0,20.0,342.65,332.2,11:07,POSITION_SIGNAL,-10.45,-10.45,-209.0,-209.0,True
SEN-2026-09-16-1108-3748c6,2026-09-16 11:08,SENSEX,SENSEX 74400 PE,PE,74400.0,20.0,332.3,324.4,11:11,SIGNAL_FLIP,-7.9,-7.9,-158.0,-158.0,True
SEN-2026-09-16-1115-0426c1,2026-09-16 11:15,SENSEX,SENSEX 74400 PE,PE,74400.0,20.0,342.5,329.8,11:18,POSITION_SIGNAL,-12.7,-12.7,-254.0,-254.0,True
SEN-2026-09-16-1119-2f8603,2026-09-16 11:19,SENSEX,SENSEX 74400 PE,PE,74400.0,20.0,348.95,333.3,11:23,SIGNAL_FLIP,-15.65,-15.65,-313.0,-313.0,True
SEN-2026-09-16-1126-4e7881,2026-09-16 11:26,SENSEX,SENSEX 74300 PE,PE,74300.0,20.0,329.0,321.1,11:33,SIGNAL_FLIP,-7.9,-7.9,-158.0,-158.0,True
SEN-2026-09-16-1134-e0680d,2026-09-16 11:34,SENSEX,SENSEX 74300 PE,PE,74300.0,20.0,326.05,310.9,11:43,SIGNAL_FLIP,-15.15,-15.15,-303.0,-303.0,True
SEN-2026-09-16-1145-a34562,2026-09-16 11:45,SENSEX,SENSEX 74300 PE,PE,74300.0,20.0,323.9,320.4,11:49,SIGNAL_FLIP,-3.5,-3.5,-70.0,-70.0,True
SEN-2026-09-16-1153-9ac74d,2026-09-16 11:53,SENSEX,SENSEX 74300 PE,PE,74300.0,20.0,330.1,336.15,12:01,POSITION_SIGNAL,6.05,6.05,121.0,121.0,True
SEN-2026-09-16-1202-856b7b,2026-09-16 12:02,SENSEX,SENSEX 74200 PE,PE,74200.0,20.0,301.45,284.5,12:06,SIGNAL_FLIP,-16.95,-16.95,-339.0,-339.0,True
SEN-2026-09-16-1213-5bd228,2026-09-16 12:13,SENSEX,SENSEX 74300 CE,CE,74300.0,20.0,334.2,315.9,12:16,POSITION_SIGNAL,-18.3,-18.3,-366.0,-366.0,True
SEN-2026-09-16-1221-760f4d,2026-09-16 12:21,SENSEX,SENSEX 74300 CE,CE,74300.0,20.0,336.1,328.05,12:27,POSITION_SIGNAL,-8.05,-8.05,-161.0,-161.0,True
SEN-2026-09-16-1228-1d5109,2026-09-16 12:28,SENSEX,SENSEX 74300 PE,PE,74300.0,20.0,312.3,296.45,12:31,SIGNAL_FLIP,-15.85,-15.85,-317.0,-317.0,True
SEN-2026-09-16-1243-decfc7,2026-09-16 12:43,SENSEX,SENSEX 74400 CE,CE,74400.0,20.0,312.6,301.4,12:51,POSITION_SIGNAL,-11.2,-11.2,-224.0,-224.0,True
SEN-2026-09-16-1253-660b3c,2026-09-16 12:53,SENSEX,SENSEX 74400 CE,CE,74400.0,20.0,312.9,309.75,13:00,SIGNAL_FLIP,-3.15,-3.15,-63.0,-63.0,True
SEN-2026-09-16-1301-198f3d,2026-09-16 13:01,SENSEX,SENSEX 74400 CE,CE,74400.0,20.0,322.85,330.5,13:13,POSITION_SIGNAL,7.65,7.65,153.0,153.0,True
SEN-2026-09-16-1315-648c26,2026-09-16 13:15,SENSEX,SENSEX 74400 PE,PE,74400.0,20.0,304.85,287.05,13:18,SIGNAL_FLIP,-17.8,-17.8,-356.0,-356.0,True
SEN-2026-09-16-1323-c5e6e4,2026-09-16 13:23,SENSEX,SENSEX 74400 PE,PE,74400.0,20.0,299.2,349.5,13:32,SIGNAL_FLIP,50.3,50.3,1006.0,1006.0,True
SEN-2026-09-16-1334-64301a,2026-09-16 13:34,SENSEX,SENSEX 74300 PE,PE,74300.0,20.0,317.4,327.25,13:52,POSITION_SIGNAL,9.85,9.85,197.0,197.0,True
NIF-2026-09-18-0948-b034af,2026-09-18 09:48,NIFTY,NIFTY 23350 CE,CE,23350.0,65.0,97.15,93.45,09:51,SIGNAL_FLIP,-3.7,-3.7,-240.5,-240.5,True
SEN-2026-09-16-1402-c11c6a,2026-09-16 14:02,SENSEX,SENSEX 74300 CE,CE,74300.0,20.0,322.5,308.65,14:06,SIGNAL_FLIP,-13.85,-13.85,-277.0,-277.0,True
SEN-2026-09-16-1414-cb23ff,2026-09-16 14:14,SENSEX,SENSEX 74300 CE,CE,74300.0,20.0,311.8,304.85,14:20,SIGNAL_FLIP,-6.95,-6.95,-139.0,-139.0,True
SEN-2026-09-16-1423-8512ba,2026-09-16 14:23,SENSEX,SENSEX 74300 CE,CE,74300.0,20.0,319.3,307.9,14:25,SIGNAL_FLIP,-11.4,-11.4,-228.0,-228.0,True
SEN-2026-09-16-1432-222384,2026-09-16 14:32,SENSEX,SENSEX 74300 PE,PE,74300.0,20.0,309.75,317.3,14:42,POSITION_SIGNAL,7.55,7.55,151.0,151.0,True
SEN-2026-09-16-1443-4bb3cd,2026-09-16 14:43,SENSEX,SENSEX 74300 PE,PE,74300.0,20.0,319.75,296.2,14:46,POSITION_SIGNAL,-23.55,-23.55,-471.0,-471.0,True
SEN-2026-09-16-1449-7c3023,2026-09-16 14:49,SENSEX,SENSEX 74300 PE,PE,74300.0,20.0,311.75,304.1,14:52,POSITION_SIGNAL,-7.65,-7.65,-153.0,-153.0,True
SEN-2026-09-16-1457-2c10fa,2026-09-16 14:57,SENSEX,SENSEX 74400 CE,CE,74400.0,20.0,285.05,256.5,14:59,STOP_LOSS,-28.55,-28.55,-571.0,-571.0,True
SEN-2026-09-16-1500-955a40,2026-09-16 15:00,SENSEX,SENSEX 74300 PE,PE,74300.0,20.0,315.3,299.6,15:04,POSITION_SIGNAL,-15.7,-15.7,-314.0,-314.0,True
SEN-2026-09-16-1505-3856ba,2026-09-16 15:05,SENSEX,SENSEX 74300 PE,PE,74300.0,20.0,304.7,297.75,15:17,POSITION_SIGNAL,-6.95,-6.95,-139.0,-139.0,True
SEN-2026-09-16-1519-3e3622,2026-09-16 15:19,SENSEX,SENSEX 74300 PE,PE,74300.0,20.0,307.7,273.25,15:22,STOP_LOSS,-34.45,-34.45,-689.0,-689.0,True
NIF-2026-09-18-0921-53b042,2026-09-18 09:21,NIFTY,NIFTY 23300 PE,PE,23300.0,65.0,101.45,92.75,09:24,SIGNAL_FLIP,-8.7,-8.7,-565.5,-565.5,True
NIF-2026-09-18-0926-e829f6,2026-09-18 09:26,NIFTY,NIFTY 23300 PE,PE,23300.0,65.0,99.8,106.35,09:31,SIGNAL_FLIP,6.55,6.55,425.75,425.75,True
NIF-2026-09-18-0932-adadd8,2026-09-18 09:32,NIFTY,NIFTY 23300 PE,PE,23300.0,65.0,110.9,103.1,09:36,SIGNAL_FLIP,-7.8,-7.8,-507.0,-507.0,True
NIF-2026-09-18-0941-e2a288,2026-09-18 09:41,NIFTY,NIFTY 23300 CE,CE,23300.0,65.0,121.65,117.5,09:44,SIGNAL_FLIP,-4.15,-4.15,-269.75,-269.75,True
NIF-2026-09-18-0954-79287f,2026-09-18 09:54,NIFTY,NIFTY 23350 CE,CE,23350.0,65.0,97.05,97.4,09:58,POSITION_SIGNAL,0.35,0.35,22.75,22.75,True
NIF-2026-09-18-1000-ba52a9,2026-09-18 10:00,NIFTY,NIFTY 23350 PE,PE,23350.0,65.0,113.1,111.9,10:09,POSITION_SIGNAL,-1.2,-1.2,-78.0,-78.0,True
NIF-2026-09-18-1010-33196c,2026-09-18 10:10,NIFTY,NIFTY 23350 CE,CE,23350.0,65.0,98.95,96.4,10:17,POSITION_SIGNAL,-2.55,-2.55,-165.75,-165.75,True
NIF-2026-09-18-1020-1729df,2026-09-18 10:20,NIFTY,NIFTY 23350 PE,PE,23350.0,65.0,116.45,117.6,10:30,SIGNAL_FLIP,1.15,1.15,74.75,74.75,True
NIF-2026-09-18-1034-cba9a4,2026-09-18 10:34,NIFTY,NIFTY 23300 PE,PE,23300.0,65.0,100.95,96.15,10:38,POSITION_SIGNAL,-4.8,-4.8,-312.0,-312.0,True
NIF-2026-09-18-1041-a53ebc,2026-09-18 10:41,NIFTY,NIFTY 23300 PE,PE,23300.0,65.0,102.85,99.65,10:44,POSITION_SIGNAL,-3.2,-3.2,-208.0,-208.0,True
NIF-2026-09-18-1045-85377e,2026-09-18 10:45,NIFTY,NIFTY 23300 PE,PE,23300.0,65.0,100.45,97.35,10:51,POSITION_SIGNAL,-3.1,-3.1,-201.5,-201.5,True
NIF-2026-09-18-1052-7f9728,2026-09-18 10:52,NIFTY,NIFTY 23300 CE,CE,23300.0,65.0,116.35,113.4,10:58,POSITION_SIGNAL,-2.95,-2.95,-191.75,-191.75,True
NIF-2026-09-18-1059-6c8718,2026-09-18 10:59,NIFTY,NIFTY 23300 PE,PE,23300.0,65.0,97.5,97.65,11:08,SIGNAL_FLIP,0.15,0.15,9.75,9.75,True
NIF-2026-09-18-1112-d459ef,2026-09-18 11:12,NIFTY,NIFTY 23300 PE,PE,23300.0,65.0,98.0,97.55,11:16,POSITION_SIGNAL,-0.45,-0.45,-29.25,-29.25,True
NIF-2026-09-18-1117-e70c99,2026-09-18 11:17,NIFTY,NIFTY 23300 PE,PE,23300.0,65.0,99.5,97.7,11:22,POSITION_SIGNAL,-1.8,-1.8,-117.0,-117.0,True
NIF-2026-09-18-1123-e31e9d,2026-09-18 11:23,NIFTY,NIFTY 23300 CE,CE,23300.0,65.0,109.75,105.85,11:25,SIGNAL_FLIP,-3.9,-3.9,-253.5,-253.5,True
NIF-2026-09-18-1133-9ba396,2026-09-18 11:33,NIFTY,NIFTY 23300 PE,PE,23300.0,65.0,103.65,99.55,11:37,SIGNAL_FLIP,-4.1,-4.1,-266.5,-266.5,True
NIF-2026-09-18-1146-9caeda,2026-09-18 11:46,NIFTY,NIFTY 23300 CE,CE,23300.0,65.0,108.65,116.3,12:04,SIGNAL_FLIP,7.65,7.65,497.25,497.25,True
NIF-2026-09-18-1212-310701,2026-09-18 12:12,NIFTY,NIFTY 23350 CE,CE,23350.0,65.0,89.5,85.95,12:19,SIGNAL_FLIP,-3.55,-3.55,-230.75,-230.75,True
NIF-2026-09-18-1223-b61c0f,2026-09-18 12:23,NIFTY,NIFTY 23350 CE,CE,23350.0,65.0,87.95,87.0,12:27,POSITION_SIGNAL,-0.95,-0.95,-61.75,-61.75,True
NIF-2026-09-18-1228-4fc270,2026-09-18 12:28,NIFTY,NIFTY 23350 CE,CE,23350.0,65.0,89.55,89.45,12:34,POSITION_SIGNAL,-0.1,-0.1,-6.5,-6.5,True
NIF-2026-09-18-1236-b8f837,2026-09-18 12:36,NIFTY,NIFTY 23350 CE,CE,23350.0,65.0,93.35,92.15,12:40,POSITION_SIGNAL,-1.2,-1.2,-78.0,-78.0,True
NIF-2026-09-18-1242-6cca8c,2026-09-18 12:42,NIFTY,NIFTY 23350 CE,CE,23350.0,65.0,93.45,90.85,12:46,POSITION_SIGNAL,-2.6,-2.6,-169.0,-169.0,True
NIF-2026-09-18-1248-dcd396,2026-09-18 12:48,NIFTY,NIFTY 23350 CE,CE,23350.0,65.0,92.1,90.15,12:50,POSITION_SIGNAL,-1.95,-1.95,-126.75,-126.75,True
NIF-2026-09-18-1251-2c4f52,2026-09-18 12:51,NIFTY,NIFTY 23350 PE,PE,23350.0,65.0,104.85,101.45,12:54,SIGNAL_FLIP,-3.4,-3.4,-221.0,-221.0,True
NIF-2026-09-18-1300-3c32cc,2026-09-18 13:00,NIFTY,NIFTY 23350 CE,CE,23350.0,65.0,92.65,93.7,13:10,POSITION_SIGNAL,1.05,1.05,68.25,68.25,True
NIF-2026-09-18-1316-60e0cf,2026-09-18 13:16,NIFTY,NIFTY 23350 PE,PE,23350.0,65.0,101.95,100.3,13:23,SIGNAL_FLIP,-1.65,-1.65,-107.25,-107.25,True
NIF-2026-09-18-1328-8edf8d,2026-09-18 13:28,NIFTY,NIFTY 23350 CE,CE,23350.0,65.0,89.7,83.4,13:31,SIGNAL_FLIP,-6.3,-6.3,-409.5,-409.5,True
NIF-2026-09-18-1333-a8574a,2026-09-18 13:33,NIFTY,NIFTY 23350 CE,CE,23350.0,65.0,88.6,84.0,13:36,SIGNAL_FLIP,-4.6,-4.6,-299.0,-299.0,True
NIF-2026-09-18-1339-d937aa,2026-09-18 13:39,NIFTY,NIFTY 23350 CE,CE,23350.0,65.0,87.45,81.45,13:42,SIGNAL_FLIP,-6.0,-6.0,-390.0,-390.0,True
NIF-2026-09-18-1348-f85932,2026-09-18 13:48,NIFTY,NIFTY 23300 CE,CE,23300.0,65.0,104.75,110.9,14:01,POSITION_SIGNAL,6.15,6.15,399.75,399.75,True
NIF-2026-09-18-1403-f43ccc,2026-09-18 14:03,NIFTY,NIFTY 23350 CE,CE,23350.0,65.0,86.35,94.2,14:14,SIGNAL_FLIP,7.85,7.85,510.25,510.25,True
NIF-2026-09-18-1417-b9893e,2026-09-18 14:17,NIFTY,NIFTY 23350 CE,CE,23350.0,65.0,97.55,95.95,14:20,POSITION_SIGNAL,-1.6,-1.6,-104.0,-104.0,True
NIF-2026-09-18-1421-690c26,2026-09-18 14:21,NIFTY,NIFTY 23350 CE,CE,23350.0,65.0,96.4,94.65,14:26,POSITION_SIGNAL,-1.75,-1.75,-113.75,-113.75,True
NIF-2026-09-18-1428-957b08,2026-09-18 14:28,NIFTY,NIFTY 23350 CE,CE,23350.0,65.0,99.0,108.1,14:36,POSITION_SIGNAL,9.1,9.1,591.5,591.5,True
NIF-2026-09-18-1444-1473aa,2026-09-18 14:44,NIFTY,NIFTY 23350 PE,PE,23350.0,65.0,86.85,85.6,14:47,SIGNAL_FLIP,-1.25,-1.25,-81.25,-81.25,True
NIF-2026-09-18-1455-76940a,2026-09-18 14:55,NIFTY,NIFTY 23400 CE,CE,23400.0,65.0,83.8,79.65,14:57,POSITION_SIGNAL,-4.15,-4.15,-269.75,-269.75,True
NIF-2026-09-18-1501-bfb2a2,2026-09-18 15:01,NIFTY,NIFTY 23350 PE,PE,23350.0,65.0,81.15,84.9,15:12,SIGNAL_FLIP,3.75,3.75,243.75,243.75,True
NIF-2026-09-18-1527-4142f9,2026-09-18 15:27,NIFTY,NIFTY 23350 CE,CE,23350.0,65.0,93.75,93.35,15:29,SESSION_END,-0.4,-0.4,-26.0,-26.0,True
SEN-2026-09-18-0921-49ec69,2026-09-18 09:21,SENSEX,SENSEX 74500 PE,PE,74500.0,20.0,454.95,435.25,09:24,SIGNAL_FLIP,-19.7,-19.7,-394.0,-394.0,True
SEN-2026-09-18-0927-194fcd,2026-09-18 09:27,SENSEX,SENSEX 74500 PE,PE,74500.0,20.0,472.7,474.25,09:31,POSITION_SIGNAL,1.55,1.55,31.0,31.0,True
SEN-2026-09-18-0932-69efad,2026-09-18 09:32,SENSEX,SENSEX 74500 PE,PE,74500.0,20.0,487.4,466.0,09:36,POSITION_SIGNAL,-21.4,-21.4,-428.0,-428.0,True
SEN-2026-09-18-0946-503aea,2026-09-18 09:46,SENSEX,SENSEX 74500 PE,PE,74500.0,20.0,465.35,446.35,09:48,POSITION_SIGNAL,-19.0,-19.0,-380.0,-380.0,True
SEN-2026-09-18-0949-c83b0f,2026-09-18 09:49,SENSEX,SENSEX 74500 CE,CE,74500.0,20.0,484.9,477.5,09:51,SIGNAL_FLIP,-7.4,-7.4,-148.0,-148.0,True
SEN-2026-09-18-0953-b0d41f,2026-09-18 09:53,SENSEX,SENSEX 74500 CE,CE,74500.0,20.0,488.75,489.05,10:00,POSITION_SIGNAL,0.3,0.3,6.0,6.0,True
SEN-2026-09-18-1005-6ebc10,2026-09-18 10:05,SENSEX,SENSEX 74500 PE,PE,74500.0,20.0,436.25,415.95,10:09,POSITION_SIGNAL,-20.3,-20.3,-406.0,-406.0,True
SEN-2026-09-18-1010-297aad,2026-09-18 10:10,SENSEX,SENSEX 74600 CE,CE,74600.0,20.0,445.6,431.9,10:17,POSITION_SIGNAL,-13.7,-13.7,-274.0,-274.0,True
SEN-2026-09-18-1020-4ba46d,2026-09-18 10:20,SENSEX,SENSEX 74500 PE,PE,74500.0,20.0,433.1,449.35,10:39,POSITION_SIGNAL,16.25,16.25,325.0,325.0,True
SEN-2026-09-18-1040-3e319b,2026-09-18 10:40,SENSEX,SENSEX 74500 PE,PE,74500.0,20.0,463.5,451.3,10:46,POSITION_SIGNAL,-12.2,-12.2,-244.0,-244.0,True
SEN-2026-09-18-1049-1a3901,2026-09-18 10:49,SENSEX,SENSEX 74500 PE,PE,74500.0,20.0,463.0,429.95,10:52,SIGNAL_FLIP,-33.05,-33.05,-661.0,-661.0,True
SEN-2026-09-18-1055-6ed8b2,2026-09-18 10:55,SENSEX,SENSEX 74500 PE,PE,74500.0,20.0,436.65,445.05,11:09,POSITION_SIGNAL,8.4,8.4,168.0,168.0,True
SEN-2026-09-18-1113-59ada7,2026-09-18 11:13,SENSEX,SENSEX 74500 PE,PE,74500.0,20.0,459.45,445.0,11:22,SIGNAL_FLIP,-14.45,-14.45,-289.0,-289.0,True
SEN-2026-09-18-1126-ee9a8b,2026-09-18 11:26,SENSEX,SENSEX 74500 PE,PE,74500.0,20.0,461.7,449.15,11:37,POSITION_SIGNAL,-12.55,-12.55,-251.0,-251.0,True
SEN-2026-09-18-1147-91690b,2026-09-18 11:47,SENSEX,SENSEX 74500 CE,CE,74500.0,20.0,441.3,476.55,12:04,SIGNAL_FLIP,35.25,35.25,705.0,705.0,True
SEN-2026-09-18-1212-4f08ac,2026-09-18 12:12,SENSEX,SENSEX 74600 CE,CE,74600.0,20.0,422.55,409.2,12:19,SIGNAL_FLIP,-13.35,-13.35,-267.0,-267.0,True
SEN-2026-09-18-1224-56f1dd,2026-09-18 12:24,SENSEX,SENSEX 74600 CE,CE,74600.0,20.0,416.75,405.1,12:27,SIGNAL_FLIP,-11.65,-11.65,-233.0,-233.0,True
SEN-2026-09-18-1228-5c04db,2026-09-18 12:28,SENSEX,SENSEX 74600 CE,CE,74600.0,20.0,416.35,422.9,12:39,POSITION_SIGNAL,6.55,6.55,131.0,131.0,True
SEN-2026-09-18-1242-9ea3dd,2026-09-18 12:42,SENSEX,SENSEX 74600 CE,CE,74600.0,20.0,433.15,422.7,12:50,POSITION_SIGNAL,-10.45,-10.45,-209.0,-209.0,True
SEN-2026-09-18-1254-322b20,2026-09-18 12:54,SENSEX,SENSEX 74600 CE,CE,74600.0,20.0,428.65,443.1,13:11,POSITION_SIGNAL,14.45,14.45,289.0,289.0,True
SEN-2026-09-18-1323-792b3a,2026-09-18 13:23,SENSEX,SENSEX 74600 CE,CE,74600.0,20.0,427.0,413.0,13:36,POSITION_SIGNAL,-14.0,-14.0,-280.0,-280.0,True
SEN-2026-09-18-1337-ae4870,2026-09-18 13:37,SENSEX,SENSEX 74600 PE,PE,74600.0,20.0,416.95,409.05,13:39,SIGNAL_FLIP,-7.9,-7.9,-158.0,-158.0,True
SEN-2026-09-18-1342-e7bf41,2026-09-18 13:42,SENSEX,SENSEX 74600 PE,PE,74600.0,20.0,424.0,434.3,13:48,SIGNAL_FLIP,10.3,10.3,206.0,206.0,True
SEN-2026-09-18-1351-970c63,2026-09-18 13:51,SENSEX,SENSEX 74600 CE,CE,74600.0,20.0,401.9,410.65,14:01,POSITION_SIGNAL,8.75,8.75,175.0,175.0,True
SEN-2026-09-18-1403-ccfc31,2026-09-18 14:03,SENSEX,SENSEX 74600 CE,CE,74600.0,20.0,415.6,447.0,14:14,POSITION_SIGNAL,31.4,31.4,628.0,628.0,True
SEN-2026-09-18-1421-5bccae,2026-09-18 14:21,SENSEX,SENSEX 74700 CE,CE,74700.0,20.0,401.35,392.25,14:26,SIGNAL_FLIP,-9.1,-9.1,-182.0,-182.0,True
SEN-2026-09-18-1428-0a7919,2026-09-18 14:28,SENSEX,SENSEX 74700 CE,CE,74700.0,20.0,404.0,425.05,14:37,POSITION_SIGNAL,21.05,21.05,421.0,421.0,True
SEN-2026-09-18-1447-50d224,2026-09-18 14:47,SENSEX,SENSEX 74700 CE,CE,74700.0,20.0,402.6,415.15,14:57,POSITION_SIGNAL,12.55,12.55,251.0,251.0,True
SEN-2026-09-18-1459-c0fae6,2026-09-18 14:59,SENSEX,SENSEX 74700 CE,CE,74700.0,20.0,428.95,398.75,15:01,SIGNAL_FLIP,-30.2,-30.2,-604.0,-604.0,True
SEN-2026-09-18-1505-2d4108,2026-09-18 15:05,SENSEX,SENSEX 74700 PE,PE,74700.0,20.0,419.2,432.0,15:12,SIGNAL_FLIP,12.8,12.8,256.0,256.0,True
SEN-2026-09-18-1518-3aac21,2026-09-18 15:18,SENSEX,SENSEX 74600 PE,PE,74600.0,20.0,388.65,380.1,15:21,POSITION_SIGNAL,-8.55,-8.55,-171.0,-171.0,True
SEN-2026-09-18-1529-9a7a16,2026-09-18 15:29,SENSEX,SENSEX 74700 CE,CE,74700.0,20.0,380.0,,,STILL_OPEN,,,,,True
NIF-2026-09-21-0920-fffc88,2026-09-21 09:20,NIFTY,NIFTY 23400 CE,CE,23400.0,65.0,66.45,63.7,09:22,SIGNAL_FLIP,-2.75,-2.75,-178.75,-178.75,True
NIF-2026-09-21-0925-99c7ef,2026-09-21 09:25,NIFTY,NIFTY 23400 CE,CE,23400.0,65.0,65.0,69.8,09:34,POSITION_SIGNAL,4.8,4.8,312.0,312.0,True
NIF-2026-09-21-0936-871536,2026-09-21 09:36,NIFTY,NIFTY 23400 CE,CE,23400.0,65.0,74.55,69.4,09:39,POSITION_SIGNAL,-5.15,-5.15,-334.75,-334.75,True
NIF-2026-09-21-0944-50a84c,2026-09-21 09:44,NIFTY,NIFTY 23400 CE,CE,23400.0,65.0,67.1,70.0,09:53,POSITION_SIGNAL,2.9,2.9,188.5,188.5,True
NIF-2026-09-21-0957-dd18cc,2026-09-21 09:57,NIFTY,NIFTY 23400 CE,CE,23400.0,65.0,71.65,66.65,09:59,SIGNAL_FLIP,-5.0,-5.0,-325.0,-325.0,True
NIF-2026-09-21-1001-29de1c,2026-09-21 10:01,NIFTY,NIFTY 23400 PE,PE,23400.0,65.0,79.25,81.8,10:10,POSITION_SIGNAL,2.55,2.55,165.75,165.75,True
NIF-2026-09-21-1012-c3692c,2026-09-21 10:12,NIFTY,NIFTY 23400 CE,CE,23400.0,65.0,65.75,58.2,10:14,SIGNAL_FLIP,-7.55,-7.55,-490.75,-490.75,True
NIF-2026-09-21-1021-32cb76,2026-09-21 10:21,NIFTY,NIFTY 23350 PE,PE,23350.0,65.0,63.0,60.9,10:30,SIGNAL_FLIP,-2.1,-2.1,-136.5,-136.5,True
NIF-2026-09-21-1032-39ccaa,2026-09-21 10:32,NIFTY,NIFTY 23350 PE,PE,23350.0,65.0,62.6,64.15,10:40,POSITION_SIGNAL,1.55,1.55,100.75,100.75,True
NIF-2026-09-21-1142-6c24b9,2026-09-21 11:42,NIFTY,NIFTY 23400 CE,CE,23400.0,65.0,67.55,66.15,11:47,POSITION_SIGNAL,-1.4,-1.4,-91.0,-91.0,True
NIF-2026-09-21-1044-f58ad5,2026-09-21 10:44,NIFTY,NIFTY 23400 CE,CE,23400.0,65.0,58.55,58.4,10:48,SIGNAL_FLIP,-0.15,-0.15,-9.75,-9.75,True
NIF-2026-09-21-1051-eb082c,2026-09-21 10:51,NIFTY,NIFTY 23400 CE,CE,23400.0,65.0,61.9,60.8,10:56,POSITION_SIGNAL,-1.1,-1.1,-71.5,-71.5,True
NIF-2026-09-21-1057-30aa8a,2026-09-21 10:57,NIFTY,NIFTY 23400 PE,PE,23400.0,65.0,78.25,77.45,10:59,SIGNAL_FLIP,-0.8,-0.8,-52.0,-52.0,True
NIF-2026-09-21-1101-159040,2026-09-21 11:01,NIFTY,NIFTY 23400 CE,CE,23400.0,65.0,61.9,63.15,11:17,SIGNAL_FLIP,1.25,1.25,81.25,81.25,True
NIF-2026-09-21-1122-13e7be,2026-09-21 11:22,NIFTY,NIFTY 23400 CE,CE,23400.0,65.0,63.9,65.0,11:27,POSITION_SIGNAL,1.1,1.1,71.5,71.5,True
NIF-2026-09-21-1129-e8cd39,2026-09-21 11:29,NIFTY,NIFTY 23400 CE,CE,23400.0,65.0,66.45,66.7,11:37,POSITION_SIGNAL,0.25,0.25,16.25,16.25,True
SEN-2026-09-21-1227-23fd28,2026-09-21 12:27,SENSEX,SENSEX 74800 CE,CE,74800.0,20.0,356.85,353.7,12:33,POSITION_SIGNAL,-3.15,-3.15,-63.0,-63.0,True
NIF-2026-09-21-1151-60160d,2026-09-21 11:51,NIFTY,NIFTY 23400 CE,CE,23400.0,65.0,67.75,76.95,12:03,POSITION_SIGNAL,9.2,9.2,598.0,598.0,True
NIF-2026-09-21-1207-bbfd52,2026-09-21 12:07,NIFTY,NIFTY 23400 CE,CE,23400.0,65.0,77.3,73.5,12:09,POSITION_SIGNAL,-3.8,-3.8,-247.0,-247.0,True
NIF-2026-09-21-1216-7404c6,2026-09-21 12:16,NIFTY,NIFTY 23400 CE,CE,23400.0,65.0,77.2,73.55,12:24,POSITION_SIGNAL,-3.65,-3.65,-237.25,-237.25,True
NIF-2026-09-21-1227-b04bfd,2026-09-21 12:27,NIFTY,NIFTY 23400 CE,CE,23400.0,65.0,74.9,74.4,12:33,POSITION_SIGNAL,-0.5,-0.5,-32.5,-32.5,True
NIF-2026-09-21-1238-6fe982,2026-09-21 12:38,NIFTY,NIFTY 23400 CE,CE,23400.0,65.0,74.8,71.75,12:40,POSITION_SIGNAL,-3.05,-3.05,-198.25,-198.25,True
NIF-2026-09-21-1244-11c9d2,2026-09-21 12:44,NIFTY,NIFTY 23400 CE,CE,23400.0,65.0,73.0,70.9,12:49,POSITION_SIGNAL,-2.1,-2.1,-136.5,-136.5,True
NIF-2026-09-21-1252-e7a09e,2026-09-21 12:52,NIFTY,NIFTY 23400 CE,CE,23400.0,65.0,71.9,71.45,12:58,POSITION_SIGNAL,-0.45,-0.45,-29.25,-29.25,True
NIF-2026-09-21-1302-f98935,2026-09-21 13:02,NIFTY,NIFTY 23400 CE,CE,23400.0,65.0,72.7,68.35,13:05,SIGNAL_FLIP,-4.35,-4.35,-282.75,-282.75,True
NIF-2026-09-21-1313-487f9d,2026-09-21 13:13,NIFTY,NIFTY 23400 CE,CE,23400.0,65.0,66.5,76.65,13:31,POSITION_SIGNAL,10.15,10.15,659.75,659.75,True
NIF-2026-09-21-1332-06336e,2026-09-21 13:32,NIFTY,NIFTY 23400 CE,CE,23400.0,65.0,77.75,79.3,13:38,POSITION_SIGNAL,1.55,1.55,100.75,100.75,True
NIF-2026-09-21-1346-c723b5,2026-09-21 13:46,NIFTY,NIFTY 23400 CE,CE,23400.0,65.0,75.9,96.15,14:05,POSITION_SIGNAL,20.25,20.25,1316.25,1316.25,True
NIF-2026-09-21-1408-25f444,2026-09-21 14:08,NIFTY,NIFTY 23450 CE,CE,23450.0,65.0,67.15,64.0,14:10,POSITION_SIGNAL,-3.15,-3.15,-204.75,-204.75,True
NIF-2026-09-21-1412-c70746,2026-09-21 14:12,NIFTY,NIFTY 23450 CE,CE,23450.0,65.0,65.15,62.55,14:16,POSITION_SIGNAL,-2.6,-2.6,-169.0,-169.0,True
NIF-2026-09-21-1418-90506b,2026-09-21 14:18,NIFTY,NIFTY 23450 CE,CE,23450.0,65.0,66.3,65.2,14:23,POSITION_SIGNAL,-1.1,-1.1,-71.5,-71.5,True
NIF-2026-09-21-1430-01ebc6,2026-09-21 14:30,NIFTY,NIFTY 23450 PE,PE,23450.0,65.0,66.35,65.85,14:36,SIGNAL_FLIP,-0.5,-0.5,-32.5,-32.5,True
NIF-2026-09-21-1438-79c57b,2026-09-21 14:38,NIFTY,NIFTY 23450 CE,CE,23450.0,65.0,63.4,62.0,14:53,POSITION_SIGNAL,-1.4,-1.4,-91.0,-91.0,True
NIF-2026-09-21-1454-911c23,2026-09-21 14:54,NIFTY,NIFTY 23450 CE,CE,23450.0,65.0,62.3,60.15,14:59,SIGNAL_FLIP,-2.15,-2.15,-139.75,-139.75,True
NIF-2026-09-21-1502-f74747,2026-09-21 15:02,NIFTY,NIFTY 23450 PE,PE,23450.0,65.0,67.95,66.75,15:03,SIGNAL_FLIP,-1.2,-1.2,-78.0,-78.0,True
NIF-2026-09-21-1504-46de64,2026-09-21 15:04,NIFTY,NIFTY 23450 PE,PE,23450.0,65.0,67.5,66.85,15:05,SIGNAL_FLIP,-0.65,-0.65,-42.25,-42.25,True
NIF-2026-09-21-1507-c394f8,2026-09-21 15:07,NIFTY,NIFTY 23450 PE,PE,23450.0,65.0,68.3,67.8,15:10,SIGNAL_FLIP,-0.5,-0.5,-32.5,-32.5,True
NIF-2026-09-21-1512-21deb9,2026-09-21 15:12,NIFTY,NIFTY 23450 PE,PE,23450.0,65.0,68.8,65.0,15:16,SIGNAL_FLIP,-3.8,-3.8,-247.0,-247.0,True
NIF-2026-09-21-1526-777c0f,2026-09-21 15:26,NIFTY,NIFTY 23450 PE,PE,23450.0,65.0,67.45,67.85,15:29,SESSION_END,0.4,0.4,26.0,26.0,True
SEN-2026-09-21-0941-7dfaef,2026-09-21 09:41,SENSEX,SENSEX 74700 PE,PE,74700.0,20.0,362.1,353.1,09:44,SIGNAL_FLIP,-9.0,-9.0,-180.0,-180.0,True
SEN-2026-09-21-0955-78c034,2026-09-21 09:55,SENSEX,SENSEX 74700 PE,PE,74700.0,20.0,346.95,334.75,09:57,SIGNAL_FLIP,-12.2,-12.2,-244.0,-244.0,True
SEN-2026-09-21-0959-319244,2026-09-21 09:59,SENSEX,SENSEX 74700 PE,PE,74700.0,20.0,352.1,355.8,10:10,POSITION_SIGNAL,3.7,3.7,74.0,74.0,True
SEN-2026-09-21-1012-1c1875,2026-09-21 10:12,SENSEX,SENSEX 74700 CE,CE,74700.0,20.0,365.15,340.95,10:14,SIGNAL_FLIP,-24.2,-24.2,-484.0,-484.0,True
SEN-2026-09-21-1023-559f8a,2026-09-21 10:23,SENSEX,SENSEX 74700 PE,PE,74700.0,20.0,371.85,364.85,10:30,POSITION_SIGNAL,-7.0,-7.0,-140.0,-140.0,True
SEN-2026-09-21-1031-c1bd44,2026-09-21 10:31,SENSEX,SENSEX 74700 CE,CE,74700.0,20.0,341.1,337.7,10:33,SIGNAL_FLIP,-3.4,-3.4,-68.0,-68.0,True
SEN-2026-09-21-1044-2bc2c6,2026-09-21 10:44,SENSEX,SENSEX 74700 CE,CE,74700.0,20.0,348.0,350.6,10:48,SIGNAL_FLIP,2.6,2.6,52.0,52.0,True
SEN-2026-09-21-1059-d747b5,2026-09-21 10:59,SENSEX,SENSEX 74700 CE,CE,74700.0,20.0,360.0,356.8,11:01,POSITION_SIGNAL,-3.2,-3.2,-64.0,-64.0,True
SEN-2026-09-21-1104-3619f1,2026-09-21 11:04,SENSEX,SENSEX 74700 CE,CE,74700.0,20.0,364.9,368.4,11:17,SIGNAL_FLIP,3.5,3.5,70.0,70.0,True
SEN-2026-09-21-1123-5b3a52,2026-09-21 11:23,SENSEX,SENSEX 74700 CE,CE,74700.0,20.0,374.9,379.2,11:36,POSITION_SIGNAL,4.3,4.3,86.0,86.0,True
SEN-2026-09-21-1142-0cd88d,2026-09-21 11:42,SENSEX,SENSEX 74800 CE,CE,74800.0,20.0,330.6,323.25,11:47,POSITION_SIGNAL,-7.35,-7.35,-147.0,-147.0,True
SEN-2026-09-21-1152-32b096,2026-09-21 11:52,SENSEX,SENSEX 74800 CE,CE,74800.0,20.0,329.65,366.0,12:04,POSITION_SIGNAL,36.35,36.35,727.0,727.0,True
SEN-2026-09-21-1211-2e7f54,2026-09-21 12:11,SENSEX,SENSEX 74800 CE,CE,74800.0,20.0,362.15,350.15,12:25,POSITION_SIGNAL,-12.0,-12.0,-240.0,-240.0,True
SEN-2026-09-21-1244-cd33e1,2026-09-21 12:44,SENSEX,SENSEX 74800 CE,CE,74800.0,20.0,350.05,346.25,12:49,POSITION_SIGNAL,-3.8,-3.8,-76.0,-76.0,True
SEN-2026-09-21-1254-eedade,2026-09-21 12:54,SENSEX,SENSEX 74800 CE,CE,74800.0,20.0,353.0,345.05,13:00,POSITION_SIGNAL,-7.95,-7.95,-159.0,-159.0,True
SEN-2026-09-21-1313-86fef2,2026-09-21 13:13,SENSEX,SENSEX 74800 CE,CE,74800.0,20.0,327.85,373.1,13:39,POSITION_SIGNAL,45.25,45.25,905.0,905.0,True
SEN-2026-09-21-1350-70d1cf,2026-09-21 13:50,SENSEX,SENSEX 74900 CE,CE,74900.0,20.0,319.55,349.35,14:05,POSITION_SIGNAL,29.8,29.8,596.0,596.0,True
SEN-2026-09-21-1412-7956d6,2026-09-21 14:12,SENSEX,SENSEX 74900 CE,CE,74900.0,20.0,355.3,343.65,14:16,POSITION_SIGNAL,-11.65,-11.65,-233.0,-233.0,True
SEN-2026-09-21-1418-6ebb6f,2026-09-21 14:18,SENSEX,SENSEX 74900 CE,CE,74900.0,20.0,351.2,351.7,14:23,SIGNAL_FLIP,0.5,0.5,10.0,10.0,True
SEN-2026-09-21-1431-607e8c,2026-09-21 14:31,SENSEX,SENSEX 74900 PE,PE,74900.0,20.0,346.9,344.4,14:38,SIGNAL_FLIP,-2.5,-2.5,-50.0,-50.0,True
SEN-2026-09-21-1443-4c6cb2,2026-09-21 14:43,SENSEX,SENSEX 74900 CE,CE,74900.0,20.0,350.0,331.15,15:00,POSITION_SIGNAL,-18.85,-18.85,-377.0,-377.0,True
SEN-2026-09-21-1506-b620c4,2026-09-21 15:06,SENSEX,SENSEX 74900 CE,CE,74900.0,20.0,340.8,334.8,15:09,POSITION_SIGNAL,-6.0,-6.0,-120.0,-120.0,True
SEN-2026-09-21-1513-9fff19,2026-09-21 15:13,SENSEX,SENSEX 74900 PE,PE,74900.0,20.0,354.15,343.9,15:16,SIGNAL_FLIP,-10.25,-10.25,-205.0,-205.0,True
SEN-2026-09-21-1527-48c136,2026-09-21 15:27,SENSEX,SENSEX 74900 PE,PE,74900.0,20.0,336.0,332.8,15:29,SESSION_END,-3.2,-3.2,-64.0,-64.0,True
NIF-2026-09-22-0941-3abb71,2026-09-22 09:41,NIFTY,NIFTY 23450 CE,CE,23450.0,65.0,49.0,45.85,09:52,POSITION_SIGNAL,-3.15,-3.15,-204.75,-204.75,True
NIF-2026-09-22-0955-96c2d8,2026-09-22 09:55,NIFTY,NIFTY 23450 CE,CE,23450.0,65.0,46.5,44.9,09:57,POSITION_SIGNAL,-1.6,-1.6,-104.0,-104.0,True
NIF-2026-09-22-1000-d05c56,2026-09-22 10:00,NIFTY,NIFTY 23450 CE,CE,23450.0,65.0,47.8,46.5,10:07,SIGNAL_FLIP,-1.3,-1.3,-84.5,-84.5,True
NIF-2026-09-22-1009-993cb2,2026-09-22 10:09,NIFTY,NIFTY 23450 CE,CE,23450.0,65.0,52.45,46.9,10:13,STOP_LOSS,-5.55,-5.55,-360.75,-360.75,True
NIF-2026-09-22-1017-422acf,2026-09-22 10:17,NIFTY,NIFTY 23450 PE,PE,23450.0,65.0,39.7,45.65,10:29,POSITION_SIGNAL,5.95,5.95,386.75,386.75,True
NIF-2026-09-22-1030-9213e9,2026-09-22 10:30,NIFTY,NIFTY 23450 PE,PE,23450.0,65.0,50.3,91.05,10:48,POSITION_SIGNAL,40.75,40.75,2648.75,2648.75,True
NIF-2026-09-22-1051-510d33,2026-09-22 10:51,NIFTY,NIFTY 23350 PE,PE,23350.0,65.0,41.85,38.6,10:55,POSITION_SIGNAL,-3.25,-3.25,-211.25,-211.25,True
NIF-2026-09-22-1100-a5f2bb,2026-09-22 11:00,NIFTY,NIFTY 23400 PE,PE,23400.0,65.0,59.65,57.55,11:09,POSITION_SIGNAL,-2.1,-2.1,-136.5,-136.5,True
NIF-2026-09-22-1119-ce8b16,2026-09-22 11:19,NIFTY,NIFTY 23400 PE,PE,23400.0,65.0,53.75,47.35,11:23,STOP_LOSS,-6.4,-6.4,-416.0,-416.0,True
NIF-2026-09-23-1056-1f0eb6,2026-09-23 10:56,NIFTY,NIFTY 23450 CE,CE,23450.0,65.0,112.45,108.6,10:59,SIGNAL_FLIP,-3.85,-3.85,-250.25,-250.25,True
NIF-2026-09-22-1127-97a47d,2026-09-22 11:27,NIFTY,NIFTY 23400 PE,PE,23400.0,65.0,48.5,71.3,11:54,POSITION_SIGNAL,22.8,22.8,1482.0,1482.0,True
NIF-2026-09-22-1155-693ef8,2026-09-22 11:55,NIFTY,NIFTY 23350 PE,PE,23350.0,65.0,44.6,40.95,12:00,POSITION_SIGNAL,-3.65,-3.65,-237.25,-237.25,True
NIF-2026-09-22-1210-3e8815,2026-09-22 12:10,NIFTY,NIFTY 23350 CE,CE,23350.0,65.0,48.45,44.5,12:13,SIGNAL_FLIP,-3.95,-3.95,-256.75,-256.75,True
NIF-2026-09-22-1215-636ec9,2026-09-22 12:15,NIFTY,NIFTY 23350 PE,PE,23350.0,65.0,43.0,37.95,12:18,STOP_LOSS,-5.05,-5.05,-328.25,-328.25,True
NIF-2026-09-22-1223-83ddbc,2026-09-22 12:23,NIFTY,NIFTY 23350 PE,PE,23350.0,65.0,36.6,35.8,12:27,POSITION_SIGNAL,-0.8,-0.8,-52.0,-52.0,True
NIF-2026-09-22-1229-56ab9f,2026-09-22 12:29,NIFTY,NIFTY 23350 PE,PE,23350.0,65.0,36.8,39.05,12:34,POSITION_SIGNAL,2.25,2.25,146.25,146.25,True
NIF-2026-09-22-1236-30b147,2026-09-22 12:36,NIFTY,NIFTY 23350 PE,PE,23350.0,65.0,38.4,41.55,12:49,POSITION_SIGNAL,3.15,3.15,204.75,204.75,True
NIF-2026-09-22-1250-f4f7a7,2026-09-22 12:50,NIFTY,NIFTY 23350 PE,PE,23350.0,65.0,47.45,47.75,12:59,POSITION_SIGNAL,0.3,0.3,19.5,19.5,True
NIF-2026-09-22-1300-3984a4,2026-09-22 13:00,NIFTY,NIFTY 23350 PE,PE,23350.0,65.0,51.0,46.4,13:07,POSITION_SIGNAL,-4.6,-4.6,-299.0,-299.0,True
NIF-2026-09-22-1312-3e0cbd,2026-09-22 13:12,NIFTY,NIFTY 23350 PE,PE,23350.0,65.0,46.6,44.2,13:15,POSITION_SIGNAL,-2.4,-2.4,-156.0,-156.0,True
NIF-2026-09-22-1317-ceffa4,2026-09-22 13:17,NIFTY,NIFTY 23350 PE,PE,23350.0,65.0,48.45,49.8,13:25,POSITION_SIGNAL,1.35,1.35,87.75,87.75,True
NIF-2026-09-22-1335-608270,2026-09-22 13:35,NIFTY,NIFTY 23350 PE,PE,23350.0,65.0,45.9,78.4,14:04,POSITION_SIGNAL,32.5,32.5,2112.5,2112.5,True
NIF-2026-09-22-1408-8be946,2026-09-22 14:08,NIFTY,NIFTY 23300 PE,PE,23300.0,65.0,48.15,39.6,14:10,STOP_LOSS,-8.55,-8.55,-555.75,-555.75,True
NIF-2026-09-22-1421-4a6bba,2026-09-22 14:21,NIFTY,NIFTY 23400 CE,CE,23400.0,65.0,47.6,37.45,14:24,STOP_LOSS,-10.15,-10.15,-659.75,-659.75,True
NIF-2026-09-22-1428-c0121b,2026-09-22 14:28,NIFTY,NIFTY 23400 PE,PE,23400.0,65.0,51.8,50.2,14:37,POSITION_SIGNAL,-1.6,-1.6,-104.0,-104.0,True
NIF-2026-09-22-1445-c543e8,2026-09-22 14:45,NIFTY,NIFTY 23350 CE,CE,23350.0,65.0,51.25,47.3,14:48,POSITION_SIGNAL,-3.95,-3.95,-256.75,-256.75,True
NIF-2026-09-22-1453-c4cec1,2026-09-22 14:53,NIFTY,NIFTY 23350 CE,CE,23350.0,65.0,48.1,44.2,14:56,SIGNAL_FLIP,-3.9,-3.9,-253.5,-253.5,True
NIF-2026-09-22-1459-a13105,2026-09-22 14:59,NIFTY,NIFTY 23350 PE,PE,23350.0,65.0,33.15,29.8,15:00,STOP_LOSS,-3.35,-3.35,-217.75,-217.75,True
NIF-2026-09-22-1507-b3346a,2026-09-22 15:07,NIFTY,NIFTY 23350 PE,PE,23350.0,65.0,32.6,28.7,15:10,STOP_LOSS,-3.9,-3.9,-253.5,-253.5,True
NIF-2026-09-22-1511-20dafe,2026-09-22 15:11,NIFTY,NIFTY 23350 CE,CE,23350.0,65.0,42.6,32.85,15:15,STOP_LOSS,-9.75,-9.75,-633.75,-633.75,True
NIF-2026-09-23-1338-3b7e3f,2026-09-23 13:38,NIFTY,NIFTY 23450 CE,CE,23450.0,65.0,109.4,111.0,13:47,POSITION_SIGNAL,1.6,1.6,104.0,104.0,True
SEN-2026-09-22-0942-101ed6,2026-09-22 09:42,SENSEX,SENSEX 75000 CE,CE,75000.0,20.0,271.6,281.05,10:13,POSITION_SIGNAL,9.45,9.45,189.0,189.0,True
SEN-2026-09-22-1022-47debf,2026-09-22 10:22,SENSEX,SENSEX 75000 PE,PE,75000.0,20.0,305.8,314.25,10:29,SIGNAL_FLIP,8.45,8.45,169.0,169.0,True
SEN-2026-09-22-1031-bc706b,2026-09-22 10:31,SENSEX,SENSEX 74900 PE,PE,74900.0,20.0,292.95,385.85,10:48,POSITION_SIGNAL,92.9,92.9,1858.0,1858.0,True
SEN-2026-09-22-1050-5ef1de,2026-09-22 10:50,SENSEX,SENSEX 74700 PE,PE,74700.0,20.0,300.65,288.5,10:56,POSITION_SIGNAL,-12.15,-12.15,-243.0,-243.0,True
SEN-2026-09-22-1058-e40b00,2026-09-22 10:58,SENSEX,SENSEX 74700 CE,CE,74700.0,20.0,314.4,305.6,11:02,SIGNAL_FLIP,-8.8,-8.8,-176.0,-176.0,True
SEN-2026-09-22-1107-02564e,2026-09-22 11:07,SENSEX,SENSEX 74700 PE,PE,74700.0,20.0,289.8,284.4,11:09,POSITION_SIGNAL,-5.4,-5.4,-108.0,-108.0,True
SEN-2026-09-22-1114-b8cb32,2026-09-22 11:14,SENSEX,SENSEX 74800 CE,CE,74800.0,20.0,273.6,260.9,11:20,SIGNAL_FLIP,-12.7,-12.7,-254.0,-254.0,True
SEN-2026-09-22-1125-dbd570,2026-09-22 11:25,SENSEX,SENSEX 74800 CE,CE,74800.0,20.0,281.85,272.0,11:27,SIGNAL_FLIP,-9.85,-9.85,-197.0,-197.0,True
SEN-2026-09-22-1140-1e7833,2026-09-22 11:40,SENSEX,SENSEX 74700 PE,PE,74700.0,20.0,294.4,315.6,11:59,SIGNAL_FLIP,21.2,21.2,424.0,424.0,True
SEN-2026-09-22-1210-baf827,2026-09-22 12:10,SENSEX,SENSEX 74700 CE,CE,74700.0,20.0,271.05,262.15,12:12,SIGNAL_FLIP,-8.9,-8.9,-178.0,-178.0,True
SEN-2026-09-22-1215-e5698c,2026-09-22 12:15,SENSEX,SENSEX 74600 PE,PE,74600.0,20.0,268.35,256.0,12:18,POSITION_SIGNAL,-12.35,-12.35,-247.0,-247.0,True
SEN-2026-09-22-1219-65f1ca,2026-09-22 12:19,SENSEX,SENSEX 74700 CE,CE,74700.0,20.0,268.85,268.7,12:24,SIGNAL_FLIP,-0.15,-0.15,-3.0,-3.0,True
SEN-2026-09-22-1230-7a6011,2026-09-22 12:30,SENSEX,SENSEX 74700 PE,PE,74700.0,20.0,304.5,304.15,12:34,SIGNAL_FLIP,-0.35,-0.35,-7.0,-7.0,True
SEN-2026-09-22-1236-93844a,2026-09-22 12:36,SENSEX,SENSEX 74700 PE,PE,74700.0,20.0,306.4,298.15,12:43,POSITION_SIGNAL,-8.25,-8.25,-165.0,-165.0,True
SEN-2026-09-22-1244-95c578,2026-09-22 12:44,SENSEX,SENSEX 74600 PE,PE,74600.0,20.0,261.45,261.85,12:49,SIGNAL_FLIP,0.4,0.4,8.0,8.0,True
SEN-2026-09-22-1251-86a625,2026-09-22 12:51,SENSEX,SENSEX 74600 PE,PE,74600.0,20.0,279.55,296.7,13:06,POSITION_SIGNAL,17.15,17.15,343.0,343.0,True
SEN-2026-09-22-1307-e37fdd,2026-09-22 13:07,SENSEX,SENSEX 74600 CE,CE,74600.0,20.0,281.8,279.25,13:12,SIGNAL_FLIP,-2.55,-2.55,-51.0,-51.0,True
SEN-2026-09-22-1317-65fd50,2026-09-22 13:17,SENSEX,SENSEX 74600 PE,PE,74600.0,20.0,288.75,289.55,13:26,POSITION_SIGNAL,0.8,0.8,16.0,16.0,True
SEN-2026-09-22-1328-d208c8,2026-09-22 13:28,SENSEX,SENSEX 74600 CE,CE,74600.0,20.0,284.55,284.5,13:35,POSITION_SIGNAL,-0.05,-0.05,-1.0,-1.0,True
SEN-2026-09-22-1337-5e7540,2026-09-22 13:37,SENSEX,SENSEX 74600 PE,PE,74600.0,20.0,275.45,269.6,13:40,POSITION_SIGNAL,-5.85,-5.85,-117.0,-117.0,True
SEN-2026-09-22-1345-606487,2026-09-22 13:45,SENSEX,SENSEX 74600 PE,PE,74600.0,20.0,289.4,374.05,14:04,POSITION_SIGNAL,84.65,84.65,1693.0,1693.0,True
SEN-2026-09-22-1416-e6a4e0,2026-09-22 14:16,SENSEX,SENSEX 74700 CE,CE,74700.0,20.0,273.3,320.85,14:24,POSITION_SIGNAL,47.55,47.55,951.0,951.0,True
SEN-2026-09-22-1425-b2b841,2026-09-22 14:25,SENSEX,SENSEX 74700 PE,PE,74700.0,20.0,277.6,263.55,14:29,POSITION_SIGNAL,-14.05,-14.05,-281.0,-281.0,True
SEN-2026-09-22-1432-17abdd,2026-09-22 14:32,SENSEX,SENSEX 74800 PE,PE,74800.0,20.0,316.55,319.95,14:38,POSITION_SIGNAL,3.4,3.4,68.0,68.0,True
SEN-2026-09-22-1441-4c05ab,2026-09-22 14:41,SENSEX,SENSEX 74700 PE,PE,74700.0,20.0,288.45,289.75,14:46,POSITION_SIGNAL,1.3,1.3,26.0,26.0,True
SEN-2026-09-22-1453-f5db5e,2026-09-22 14:53,SENSEX,SENSEX 74700 CE,CE,74700.0,20.0,276.6,270.65,14:56,SIGNAL_FLIP,-5.95,-5.95,-119.0,-119.0,True
SEN-2026-09-22-1500-3414e9,2026-09-22 15:00,SENSEX,SENSEX 74700 PE,PE,74700.0,20.0,299.55,298.15,15:06,POSITION_SIGNAL,-1.4,-1.4,-28.0,-28.0,True
SEN-2026-09-22-1508-78cffb,2026-09-22 15:08,SENSEX,SENSEX 74700 PE,PE,74700.0,20.0,299.25,288.75,15:12,POSITION_SIGNAL,-10.5,-10.5,-210.0,-210.0,True
SEN-2026-09-22-1515-732f6b,2026-09-22 15:15,SENSEX,SENSEX 74700 PE,PE,74700.0,20.0,294.85,283.75,15:18,POSITION_SIGNAL,-11.1,-11.1,-222.0,-222.0,True
SEN-2026-09-22-1523-a8c596,2026-09-22 15:23,SENSEX,SENSEX 74700 CE,CE,74700.0,20.0,271.0,286.95,15:29,SESSION_END,15.95,15.95,319.0,319.0,True
NIF-2026-09-23-0932-8abeb5,2026-09-23 09:32,NIFTY,NIFTY 23400 PE,PE,23400.0,65.0,122.7,116.6,09:35,SIGNAL_FLIP,-6.1,-6.1,-396.5,-396.5,True
NIF-2026-09-23-0937-d064b3,2026-09-23 09:37,NIFTY,NIFTY 23400 CE,CE,23400.0,65.0,120.9,120.55,09:43,POSITION_SIGNAL,-0.35,-0.35,-22.75,-22.75,True
NIF-2026-09-23-0949-d119c8,2026-09-23 09:49,NIFTY,NIFTY 23400 PE,PE,23400.0,65.0,124.9,123.35,09:58,POSITION_SIGNAL,-1.55,-1.55,-100.75,-100.75,True
NIF-2026-09-23-1000-c1ae7e,2026-09-23 10:00,NIFTY,NIFTY 23400 CE,CE,23400.0,65.0,122.45,118.3,10:08,SIGNAL_FLIP,-4.15,-4.15,-269.75,-269.75,True
NIF-2026-09-23-1016-0026a3,2026-09-23 10:16,NIFTY,NIFTY 23400 CE,CE,23400.0,65.0,121.65,136.7,10:51,POSITION_SIGNAL,15.05,15.05,978.25,978.25,True
NIF-2026-09-23-1102-3f3c70,2026-09-23 11:02,NIFTY,NIFTY 23450 CE,CE,23450.0,65.0,110.0,111.45,11:16,SIGNAL_FLIP,1.45,1.45,94.25,94.25,True
NIF-2026-09-23-1121-17057b,2026-09-23 11:21,NIFTY,NIFTY 23450 CE,CE,23450.0,65.0,111.65,111.05,11:29,POSITION_SIGNAL,-0.6,-0.6,-39.0,-39.0,True
NIF-2026-09-23-1131-35d7f5,2026-09-23 11:31,NIFTY,NIFTY 23450 CE,CE,23450.0,65.0,114.75,115.0,11:36,POSITION_SIGNAL,0.25,0.25,16.25,16.25,True
NIF-2026-09-23-1143-9134e5,2026-09-23 11:43,NIFTY,NIFTY 23450 CE,CE,23450.0,65.0,115.15,112.85,11:50,SIGNAL_FLIP,-2.3,-2.3,-149.5,-149.5,True
NIF-2026-09-23-1152-eabc1e,2026-09-23 11:52,NIFTY,NIFTY 23450 PE,PE,23450.0,65.0,117.3,115.15,11:53,SIGNAL_FLIP,-2.15,-2.15,-139.75,-139.75,True
NIF-2026-09-23-1200-e8b823,2026-09-23 12:00,NIFTY,NIFTY 23450 CE,CE,23450.0,65.0,114.75,125.0,12:09,POSITION_SIGNAL,10.25,10.25,666.25,666.25,True
NIF-2026-09-23-1212-c30cac,2026-09-23 12:12,NIFTY,NIFTY 23500 CE,CE,23500.0,65.0,104.6,104.4,12:17,POSITION_SIGNAL,-0.2,-0.2,-13.0,-13.0,True
NIF-2026-09-23-1219-5c3b74,2026-09-23 12:19,NIFTY,NIFTY 23500 CE,CE,23500.0,65.0,105.8,102.9,12:23,POSITION_SIGNAL,-2.9,-2.9,-188.5,-188.5,True
NIF-2026-09-23-1235-499af0,2026-09-23 12:35,NIFTY,NIFTY 23450 CE,CE,23450.0,65.0,125.2,119.75,12:47,POSITION_SIGNAL,-5.45,-5.45,-354.25,-354.25,True
NIF-2026-09-23-1250-21f342,2026-09-23 12:50,NIFTY,NIFTY 23450 CE,CE,23450.0,65.0,122.55,119.4,12:55,POSITION_SIGNAL,-3.15,-3.15,-204.75,-204.75,True
NIF-2026-09-23-1258-0fc15c,2026-09-23 12:58,NIFTY,NIFTY 23450 CE,CE,23450.0,65.0,121.65,122.95,13:06,POSITION_SIGNAL,1.3,1.3,84.5,84.5,True
NIF-2026-09-23-1307-e11507,2026-09-23 13:07,NIFTY,NIFTY 23450 CE,CE,23450.0,65.0,127.0,120.7,13:11,SIGNAL_FLIP,-6.3,-6.3,-409.5,-409.5,True
NIF-2026-09-23-1313-c59735,2026-09-23 13:13,NIFTY,NIFTY 23450 PE,PE,23450.0,65.0,108.75,106.5,13:16,SIGNAL_FLIP,-2.25,-2.25,-146.25,-146.25,True
NIF-2026-09-23-1321-aa687a,2026-09-23 13:21,NIFTY,NIFTY 23450 CE,CE,23450.0,65.0,123.45,122.4,13:28,SIGNAL_FLIP,-1.05,-1.05,-68.25,-68.25,True
NIF-2026-09-23-1411-92333d,2026-09-23 14:11,NIFTY,NIFTY 23450 CE,CE,23450.0,65.0,121.0,119.35,14:16,SIGNAL_FLIP,-1.65,-1.65,-107.25,-107.25,True
NIF-2026-09-23-1421-612abc,2026-09-23 14:21,NIFTY,NIFTY 23450 PE,PE,23450.0,65.0,104.75,101.5,14:23,POSITION_SIGNAL,-3.25,-3.25,-211.25,-211.25,True
NIF-2026-09-23-1424-0d1e20,2026-09-23 14:24,NIFTY,NIFTY 23450 CE,CE,23450.0,65.0,121.75,122.55,14:33,SIGNAL_FLIP,0.8,0.8,52.0,52.0,True
NIF-2026-09-23-1435-da324a,2026-09-23 14:35,NIFTY,NIFTY 23450 PE,PE,23450.0,65.0,106.6,110.45,14:46,POSITION_SIGNAL,3.85,3.85,250.25,250.25,True
NIF-2026-09-23-1447-729e39,2026-09-23 14:47,NIFTY,NIFTY 23450 CE,CE,23450.0,65.0,107.9,104.6,14:48,SIGNAL_FLIP,-3.3,-3.3,-214.5,-214.5,True
NIF-2026-09-23-1451-e4c468,2026-09-23 14:51,NIFTY,NIFTY 23450 CE,CE,23450.0,65.0,108.3,105.05,14:57,SIGNAL_FLIP,-3.25,-3.25,-211.25,-211.25,True
NIF-2026-09-23-1503-697c80,2026-09-23 15:03,NIFTY,NIFTY 23450 PE,PE,23450.0,65.0,116.55,107.0,15:06,SIGNAL_FLIP,-9.55,-9.55,-620.75,-620.75,True
NIF-2026-09-23-1514-8591b7,2026-09-23 15:14,NIFTY,NIFTY 23450 CE,CE,23450.0,65.0,104.75,107.0,15:24,SIGNAL_FLIP,2.25,2.25,146.25,146.25,True
SEN-2026-09-23-0950-94559b,2026-09-23 09:50,SENSEX,SENSEX 74700 PE,PE,74700.0,20.0,250.1,248.7,09:58,POSITION_SIGNAL,-1.4,-1.4,-28.0,-28.0,True
SEN-2026-09-23-0959-6164ac,2026-09-23 09:59,SENSEX,SENSEX 74700 CE,CE,74700.0,20.0,230.95,233.3,10:03,SIGNAL_FLIP,2.35,2.35,47.0,47.0,True
SEN-2026-09-23-1007-72ee5b,2026-09-23 10:07,SENSEX,SENSEX 74700 PE,PE,74700.0,20.0,233.95,243.25,10:15,SIGNAL_FLIP,9.3,9.3,186.0,186.0,True
SEN-2026-09-23-1018-89b1a3,2026-09-23 10:18,SENSEX,SENSEX 74700 CE,CE,74700.0,20.0,250.65,263.1,10:27,POSITION_SIGNAL,12.45,12.45,249.0,249.0,True
SEN-2026-09-23-1028-801895,2026-09-23 10:28,SENSEX,SENSEX 74800 CE,CE,74800.0,20.0,221.8,226.85,10:53,POSITION_SIGNAL,5.05,5.05,101.0,101.0,True
SEN-2026-09-23-1056-113d5c,2026-09-23 10:56,SENSEX,SENSEX 74800 CE,CE,74800.0,20.0,243.1,231.4,11:00,POSITION_SIGNAL,-11.7,-11.7,-234.0,-234.0,True
SEN-2026-09-23-1106-322d25,2026-09-23 11:06,SENSEX,SENSEX 74800 CE,CE,74800.0,20.0,240.45,248.2,11:17,POSITION_SIGNAL,7.75,7.75,155.0,155.0,True
SEN-2026-09-23-1118-9cf09b,2026-09-23 11:18,SENSEX,SENSEX 74800 PE,PE,74800.0,20.0,214.0,211.2,11:21,SIGNAL_FLIP,-2.8,-2.8,-56.0,-56.0,True
SEN-2026-09-23-1131-2f7039,2026-09-23 11:31,SENSEX,SENSEX 74800 CE,CE,74800.0,20.0,254.0,267.95,11:37,POSITION_SIGNAL,13.95,13.95,279.0,279.0,True
SEN-2026-09-23-1143-43caa2,2026-09-23 11:43,SENSEX,SENSEX 74900 CE,CE,74900.0,20.0,205.15,198.0,11:51,SIGNAL_FLIP,-7.15,-7.15,-143.0,-143.0,True
SEN-2026-09-23-1200-0572c7,2026-09-23 12:00,SENSEX,SENSEX 74800 CE,CE,74800.0,20.0,250.35,296.35,12:10,POSITION_SIGNAL,46.0,46.0,920.0,920.0,True
SEN-2026-09-23-1212-0ac49f,2026-09-23 12:12,SENSEX,SENSEX 74900 CE,CE,74900.0,20.0,250.15,246.0,12:23,POSITION_SIGNAL,-4.15,-4.15,-83.0,-83.0,True
SEN-2026-09-23-1226-6feb10,2026-09-23 12:26,SENSEX,SENSEX 74900 PE,PE,74900.0,20.0,224.6,218.7,12:29,SIGNAL_FLIP,-5.9,-5.9,-118.0,-118.0,True
SEN-2026-09-23-1232-9e7c9d,2026-09-23 12:32,SENSEX,SENSEX 74900 PE,PE,74900.0,20.0,228.2,219.75,12:34,SIGNAL_FLIP,-8.45,-8.45,-169.0,-169.0,True
SEN-2026-09-23-1241-ad2a0f,2026-09-23 12:41,SENSEX,SENSEX 74900 CE,CE,74900.0,20.0,237.1,229.45,12:45,POSITION_SIGNAL,-7.65,-7.65,-153.0,-153.0,True
SEN-2026-09-23-1250-c00942,2026-09-23 12:50,SENSEX,SENSEX 74900 CE,CE,74900.0,20.0,225.3,216.65,12:55,POSITION_SIGNAL,-8.65,-8.65,-173.0,-173.0,True
SEN-2026-09-23-1258-20f58f,2026-09-23 12:58,SENSEX,SENSEX 74900 CE,CE,74900.0,20.0,221.55,215.8,13:11,SIGNAL_FLIP,-5.75,-5.75,-115.0,-115.0,True
SEN-2026-09-23-1316-eafdc8,2026-09-23 13:16,SENSEX,SENSEX 74900 CE,CE,74900.0,20.0,222.2,220.15,13:20,SIGNAL_FLIP,-2.05,-2.05,-41.0,-41.0,True
SEN-2026-09-23-1321-8b0b4d,2026-09-23 13:21,SENSEX,SENSEX 74900 CE,CE,74900.0,20.0,220.7,216.5,13:28,SIGNAL_FLIP,-4.2,-4.2,-84.0,-84.0,True
SEN-2026-09-23-1333-2a5413,2026-09-23 13:33,SENSEX,SENSEX 74800 PE,PE,74800.0,20.0,202.5,211.0,13:39,POSITION_SIGNAL,8.5,8.5,170.0,170.0,True
SEN-2026-09-23-1342-b638ba,2026-09-23 13:42,SENSEX,SENSEX 74800 CE,CE,74800.0,20.0,234.9,234.0,13:47,SIGNAL_FLIP,-0.9,-0.9,-18.0,-18.0,True
SEN-2026-09-23-1351-ff04dc,2026-09-23 13:51,SENSEX,SENSEX 74800 PE,PE,74800.0,20.0,200.6,197.75,13:55,SIGNAL_FLIP,-2.85,-2.85,-57.0,-57.0,True
SEN-2026-09-23-1401-3b8c4f,2026-09-23 14:01,SENSEX,SENSEX 74800 CE,CE,74800.0,20.0,220.0,258.0,14:16,SIGNAL_FLIP,38.0,38.0,760.0,760.0,True
SEN-2026-09-23-1421-e48018,2026-09-23 14:21,SENSEX,SENSEX 74900 PE,PE,74900.0,20.0,219.0,208.8,14:24,SIGNAL_FLIP,-10.2,-10.2,-204.0,-204.0,True
SEN-2026-09-23-1432-f86684,2026-09-23 14:32,SENSEX,SENSEX 74900 PE,PE,74900.0,20.0,199.85,235.55,14:46,SIGNAL_FLIP,35.7,35.7,714.0,714.0,True
SEN-2026-09-23-1448-45f8b4,2026-09-23 14:48,SENSEX,SENSEX 74800 PE,PE,74800.0,20.0,197.75,179.3,14:52,SIGNAL_FLIP,-18.45,-18.45,-369.0,-369.0,True
SEN-2026-09-23-1456-080df4,2026-09-23 14:56,SENSEX,SENSEX 74800 CE,CE,74800.0,20.0,217.95,209.35,14:57,SIGNAL_FLIP,-8.6,-8.6,-172.0,-172.0,True
SEN-2026-09-23-1501-fea5fc,2026-09-23 15:01,SENSEX,SENSEX 74800 CE,CE,74800.0,20.0,210.9,189.0,15:03,SIGNAL_FLIP,-21.9,-21.9,-438.0,-438.0,True
SEN-2026-09-23-1510-1725ec,2026-09-23 15:10,SENSEX,SENSEX 74800 PE,PE,74800.0,20.0,195.75,192.4,15:13,POSITION_SIGNAL,-3.35,-3.35,-67.0,-67.0,True
SEN-2026-09-23-1520-2cd77e,2026-09-23 15:20,SENSEX,SENSEX 74800 CE,CE,74800.0,20.0,217.65,211.85,15:23,POSITION_SIGNAL,-5.8,-5.8,-116.0,-116.0,True
