symbol,date,timestamp,underlying_state,underlying_price,underlying_age,closing_state,combination_state,atm_strike,ce_premium,pe_premium,ce_premium_change,pe_premium_change,ce_volume,pe_volume,ce_intraday_oi_change,pe_intraday_oi_change,ce_iv,pe_iv,ce_delta,pe_delta,ce_gamma,pe_gamma,ce_theta,pe_theta,ce_vega,pe_vega,ce_spread_pct,pe_spread_pct,pcr,atm_straddle,ce_premium_trajectory,pe_premium_trajectory,ce_pressure,pe_pressure,option_directional_pressure,option_pressure_label,position_support,risk_state,implied_spot,implied_spot_gap,implied_quality,data_quality
NIFTY,2026-07-17,15:15,LIVE,24328.75,0,NORMAL_CONTINUOUS,NEITHER_DIRECTIONAL,,,,,,,,,,,,,,,,,,,,,,,,,,,,,INSUFFICIENT_DATA,,,,,INVALID,MISSING_OPTION_DATA
NIFTY,2026-07-17,15:16,LIVE,24323.95,0,NORMAL_CONTINUOUS,UNDERLYING_CONFIRMS,,,,,,,,,,,,,,,,,,,,,,,,,,,,,INSUFFICIENT_DATA,,,,,INVALID,MISSING_OPTION_DATA
NIFTY,2026-07-17,15:17,LIVE,24322.9,0,NORMAL_CONTINUOUS,UNDERLYING_CONFIRMS,,,,,,,,,,,,,,,,,,,,,,,,,,,,,INSUFFICIENT_DATA,,,,,INVALID,MISSING_OPTION_DATA
NIFTY,2026-07-17,15:18,LIVE,24325.55,0,NORMAL_CONTINUOUS,NEITHER_DIRECTIONAL,,,,,,,,,,,,,,,,,,,,,,,,,,,,,INSUFFICIENT_DATA,,,,,INVALID,MISSING_OPTION_DATA
NIFTY,2026-07-17,15:19,LIVE,24328.85,0,NORMAL_CONTINUOUS,NEITHER_DIRECTIONAL,,,,,,,,,,,,,,,,,,,,,,,,,,,,,INSUFFICIENT_DATA,,,,,INVALID,MISSING_OPTION_DATA
NIFTY,2026-07-17,15:20,LIVE,24329.0,0,NORMAL_CONTINUOUS,UNDERLYING_CONFIRMS,,,,,,,,,,,,,,,,,,,,,,,,,,,,,INSUFFICIENT_DATA,,,,,INVALID,MISSING_OPTION_DATA
NIFTY,2026-07-17,15:21,LIVE,24332.95,0,NORMAL_CONTINUOUS,UNDERLYING_CONFIRMS,,,,,,,,,,,,,,,,,,,,,,,,,,,,,INSUFFICIENT_DATA,,,,,INVALID,MISSING_OPTION_DATA
NIFTY,2026-07-17,15:22,LIVE,24333.35,0,NORMAL_CONTINUOUS,NEITHER_DIRECTIONAL,,,,,,,,,,,,,,,,,,,,,,,,,,,,,INSUFFICIENT_DATA,,,,,INVALID,MISSING_OPTION_DATA
NIFTY,2026-07-17,15:23,LIVE,24337.4,0,NORMAL_CONTINUOUS,UNDERLYING_CONFIRMS,,,,,,,,,,,,,,,,,,,,,,,,,,,,,INSUFFICIENT_DATA,,,,,INVALID,MISSING_OPTION_DATA
NIFTY,2026-07-17,15:24,LIVE,24337.95,0,NORMAL_CONTINUOUS,UNDERLYING_CONFIRMS,,,,,,,,,,,,,,,,,,,,,,,,,,,,,INSUFFICIENT_DATA,,,,,INVALID,MISSING_OPTION_DATA
NIFTY,2026-07-17,15:25,LIVE,24342.8,0,NORMAL_CONTINUOUS,UNDERLYING_CONFIRMS,,,,,,,,,,,,,,,,,,,,,,,,,,,,,INSUFFICIENT_DATA,,,,,INVALID,MISSING_OPTION_DATA
NIFTY,2026-07-17,15:26,LIVE,24345.0,0,NORMAL_CONTINUOUS,UNDERLYING_CONFIRMS,,,,,,,,,,,,,,,,,,,,,,,,,,,,,INSUFFICIENT_DATA,,,,,INVALID,MISSING_OPTION_DATA
NIFTY,2026-07-17,15:27,LIVE,24342.8,0,NORMAL_CONTINUOUS,NEITHER_DIRECTIONAL,,,,,,,,,,,,,,,,,,,,,,,,,,,,,INSUFFICIENT_DATA,,,,,INVALID,MISSING_OPTION_DATA
NIFTY,2026-07-17,15:28,LIVE,24343.35,0,NORMAL_CONTINUOUS,NEITHER_DIRECTIONAL,,,,,,,,,,,,,,,,,,,,,,,,,,,,,INSUFFICIENT_DATA,,,,,INVALID,MISSING_OPTION_DATA
NIFTY,2026-07-17,15:29,LIVE,24334.3,0,NORMAL_CONTINUOUS,UNDERLYING_CONFIRMS,24350.0,115.05,132.85,,,190041735.0,54988440.0,,,14.258249,16.530132,0.5038,-0.49602,0.00139,0.0012,-26.19212,-23.16478,8.04993,8.0499,0.869187,0.602183,1.074669,247.9,INSUFFICIENT_DATA,INSUFFICIENT_DATA,-0.130435,-0.241379,0.055472,NEUTRAL,,,24314.447352,-19.852648,OK,INSUFFICIENT_HISTORY
NIFTY,2026-07-17,15:30,LIVE,24346.7,0,NORMAL_CONTINUOUS,NEITHER_DIRECTIONAL,,,,,,,,,,,,,,,,,,,,,,,,,,,,,INSUFFICIENT_DATA,,,,,INVALID,MISSING_OPTION_DATA
SENSEX,2026-07-17,15:15,LIVE,78143.11,0,NORMAL_CONTINUOUS,NEITHER_DIRECTIONAL,,,,,,,,,,,,,,,,,,,,,,,,,,,,,INSUFFICIENT_DATA,,,,,INVALID,MISSING_OPTION_DATA
SENSEX,2026-07-17,15:16,LIVE,78124.91,0,NORMAL_CONTINUOUS,UNDERLYING_CONFIRMS,,,,,,,,,,,,,,,,,,,,,,,,,,,,,INSUFFICIENT_DATA,,,,,INVALID,MISSING_OPTION_DATA
SENSEX,2026-07-17,15:17,LIVE,78120.31,0,NORMAL_CONTINUOUS,UNDERLYING_CONFIRMS,,,,,,,,,,,,,,,,,,,,,,,,,,,,,INSUFFICIENT_DATA,,,,,INVALID,MISSING_OPTION_DATA
SENSEX,2026-07-17,15:18,LIVE,78138.88,0,NORMAL_CONTINUOUS,NEITHER_DIRECTIONAL,,,,,,,,,,,,,,,,,,,,,,,,,,,,,INSUFFICIENT_DATA,,,,,INVALID,MISSING_OPTION_DATA
SENSEX,2026-07-17,15:19,LIVE,78136.76,0,NORMAL_CONTINUOUS,NEITHER_DIRECTIONAL,,,,,,,,,,,,,,,,,,,,,,,,,,,,,INSUFFICIENT_DATA,,,,,INVALID,MISSING_OPTION_DATA
SENSEX,2026-07-17,15:20,LIVE,78147.73,0,NORMAL_CONTINUOUS,UNDERLYING_CONFIRMS,,,,,,,,,,,,,,,,,,,,,,,,,,,,,INSUFFICIENT_DATA,,,,,INVALID,MISSING_OPTION_DATA
SENSEX,2026-07-17,15:21,LIVE,78162.07,0,NORMAL_CONTINUOUS,UNDERLYING_CONFIRMS,,,,,,,,,,,,,,,,,,,,,,,,,,,,,INSUFFICIENT_DATA,,,,,INVALID,MISSING_OPTION_DATA
SENSEX,2026-07-17,15:22,LIVE,78171.37,0,NORMAL_CONTINUOUS,UNDERLYING_CONFIRMS,,,,,,,,,,,,,,,,,,,,,,,,,,,,,INSUFFICIENT_DATA,,,,,INVALID,MISSING_OPTION_DATA
SENSEX,2026-07-17,15:23,LIVE,78175.22,0,NORMAL_CONTINUOUS,UNDERLYING_CONFIRMS,,,,,,,,,,,,,,,,,,,,,,,,,,,,,INSUFFICIENT_DATA,,,,,INVALID,MISSING_OPTION_DATA
SENSEX,2026-07-17,15:24,LIVE,78183.78,0,NORMAL_CONTINUOUS,UNDERLYING_CONFIRMS,,,,,,,,,,,,,,,,,,,,,,,,,,,,,INSUFFICIENT_DATA,,,,,INVALID,MISSING_OPTION_DATA
SENSEX,2026-07-17,15:25,LIVE,78194.72,0,NORMAL_CONTINUOUS,UNDERLYING_CONFIRMS,,,,,,,,,,,,,,,,,,,,,,,,,,,,,INSUFFICIENT_DATA,,,,,INVALID,MISSING_OPTION_DATA
SENSEX,2026-07-17,15:26,LIVE,78214.52,0,NORMAL_CONTINUOUS,UNDERLYING_CONFIRMS,,,,,,,,,,,,,,,,,,,,,,,,,,,,,INSUFFICIENT_DATA,,,,,INVALID,MISSING_OPTION_DATA
SENSEX,2026-07-17,15:27,LIVE,78214.75,0,NORMAL_CONTINUOUS,UNDERLYING_CONFIRMS,,,,,,,,,,,,,,,,,,,,,,,,,,,,,INSUFFICIENT_DATA,,,,,INVALID,MISSING_OPTION_DATA
SENSEX,2026-07-17,15:28,LIVE,78211.88,0,NORMAL_CONTINUOUS,UNDERLYING_CONFIRMS,,,,,,,,,,,,,,,,,,,,,,,,,,,,,INSUFFICIENT_DATA,,,,,INVALID,MISSING_OPTION_DATA
SENSEX,2026-07-17,15:29,LIVE,78151.45,0,NORMAL_CONTINUOUS,UNDERLYING_CONFIRMS,78200.0,,,,,0.0,0.0,,,13.184815,18.71621,0.51964,-0.48407,0.00035,0.00025,-61.5928,-61.3199,34.61426,34.62865,,,1.121438,,INSUFFICIENT_DATA,INSUFFICIENT_DATA,,,,INSUFFICIENT_DATA,,,,,INVALID,INSUFFICIENT_HISTORY
SENSEX,2026-07-17,15:30,LIVE,78256.34,0,NORMAL_CONTINUOUS,UNDERLYING_CONFIRMS,,,,,,,,,,,,,,,,,,,,,,,,,,,,,INSUFFICIENT_DATA,,,,,INVALID,MISSING_OPTION_DATA
NIFTY,2026-07-20,15:15,LIVE,24241.35,0,NORMAL_CONTINUOUS,DIVERGENCE,24250.0,74.8,73.125,6.06168,-2.597403,492452220.0,299529295.0,-367835.0,-119015.0,13.35951,12.912717,0.49972,-0.5004,0.00211,0.00219,-33.67111,-26.01367,5.63508,5.63508,0.13369,0.205128,1.162311,147.925,ACCELERATING,ACCELERATING,0.389282,-0.41174,0.59015,UP,,,24247.072899,5.722899,OK,OK
NIFTY,2026-07-20,15:16,LIVE,24240.65,0,NORMAL_CONTINUOUS,DIVERGENCE,24250.0,73.5,74.075,-1.737968,1.299145,493714780.0,300299480.0,-400595.0,-319345.0,13.322761,12.901598,0.49535,-0.5049,0.00212,0.00219,-33.56238,-25.96193,5.63266,5.63262,0.272109,0.202497,1.165305,147.575,RISING,FLAT,0.232194,-0.052624,0.31962,UP,,,24245.028954,4.378954,OK,OK
NIFTY,2026-07-20,15:17,LIVE,24240.6,0,NORMAL_CONTINUOUS,NEITHER_DIRECTIONAL,24250.0,71.8,75.225,-2.312925,1.552481,494691600.0,301109380.0,-161070.0,-232310.0,12.78629,13.323059,0.50032,-0.49957,0.00221,0.00212,-32.38947,-26.96882,5.63201,5.63201,0.139276,0.199402,1.155563,147.025,RISING,FLAT,0.165073,-0.19183,0.249325,NEUTRAL,,,24242.060879,1.460879,OK,OK
NIFTY,2026-07-20,15:18,LIVE,24239.95,0,NORMAL_CONTINUOUS,DIVERGENCE,24250.0,73.05,73.6,1.740947,-2.160186,495401270.0,301697630.0,-81445.0,-186745.0,13.184764,12.859438,0.496,-0.50418,0.00214,0.0022,-33.27089,-25.88834,5.62969,5.62966,0.273785,0.271739,1.14633,146.65,FALLING,RISING,-0.193515,0.120815,-0.328173,DOWN,,,24244.635,4.685,OK,OK
NIFTY,2026-07-20,15:19,LIVE,24237.75,0,NORMAL_CONTINUOUS,DIVERGENCE,24250.0,72.5,74.35,-0.752909,1.019022,496423980.0,302342625.0,-223405.0,-44460.0,13.298028,12.776216,0.49211,-0.50833,0.00213,0.00221,-33.50452,-25.67288,5.62684,5.62671,0.137931,0.268998,1.144348,146.85,ACCELERATING,FLAT,-0.358494,0.111511,-0.300673,DOWN,,,24243.813023,6.063023,OK,OK
NIFTY,2026-07-20,15:20,LIVE,24238.85,0,NORMAL_CONTINUOUS,DIVERGENCE,24250.0,72.9,73.975,0.551724,-0.504371,497522805.0,303139915.0,-162305.0,-124410.0,13.421137,12.711628,0.49083,-0.50985,0.00211,0.00222,-33.78151,-25.5207,5.62474,5.62451,0.274348,0.337952,1.143046,146.875,ACCELERATING,ACCELERATING,0.041871,-0.254844,0.317453,UP,,,24244.625012,5.775012,OK,OK
NIFTY,2026-07-20,15:21,LIVE,24235.45,0,NORMAL_CONTINUOUS,DIVERGENCE,24250.0,71.875,73.85,-1.406036,-0.168976,498512300.0,304042570.0,-277420.0,-244660.0,13.311864,12.547778,0.48806,-0.51285,0.00212,0.00225,-33.51613,-25.12875,5.62181,5.62141,0.347826,0.270819,1.134124,145.725,ACCELERATING,FLAT,-0.332205,-0.071487,-0.250097,DOWN,,,24243.397824,7.947824,OK,OK
NIFTY,2026-07-20,15:22,LIVE,24236.05,0,NORMAL_CONTINUOUS,NEITHER_DIRECTIONAL,24250.0,71.5,72.775,-0.521739,-1.455653,499562310.0,304755295.0,-101010.0,-55770.0,13.184805,12.464345,0.49048,-0.51025,0.00215,0.00227,-33.25791,-24.97093,5.62145,5.62119,0.27972,0.206115,1.136116,144.275,DECELERATING,ACCELERATING,-0.194202,-0.268844,0.073197,NEUTRAL,,,24244.364998,8.314998,OK,OK
NIFTY,2026-07-20,15:23,LIVE,24237.4,0,NORMAL_CONTINUOUS,NEITHER_DIRECTIONAL,24250.0,72.6,71.0,1.538462,-2.439024,500274710.0,305598085.0,-285220.0,-248495.0,13.327415,12.178919,0.49134,-0.50975,0.00212,0.00232,-33.59869,-24.33391,5.62021,5.61986,0.137741,0.28169,1.131144,143.6,FLAT,ACCELERATING,-0.205366,-0.154755,0.217054,NEUTRAL,,,24247.094849,9.694849,OK,OK
NIFTY,2026-07-20,15:24,LIVE,24241.45,0,NORMAL_CONTINUOUS,OPTIONS_CONFIRM,24250.0,74.125,69.35,2.100551,-2.323944,501465575.0,306656415.0,-203385.0,-165035.0,13.214602,12.256708,0.50033,-0.50045,0.00214,0.00231,-33.42244,-24.5935,5.62095,5.62089,0.337268,0.288392,1.127558,143.475,ACCELERATING,FALLING,0.371166,-0.312685,0.555262,UP,,,24250.297841,8.847841,OK,OK
NIFTY,2026-07-20,15:25,LIVE,24243.5,0,NORMAL_CONTINUOUS,OPTIONS_CONFIRM,24250.0,74.875,70.45,1.011804,1.586157,503011925.0,307848320.0,-407550.0,-248430.0,13.316526,12.504394,0.5012,-0.49892,0.00213,0.00226,-33.66919,-25.17649,5.61944,5.61944,0.33389,0.283889,1.13174,145.325,DECELERATING,FALLING,0.33203,-0.365171,0.550897,UP,,,24249.243702,5.743702,OK,OK
NIFTY,2026-07-20,15:26,CLOSING_STATE_UNCERTAIN,24243.5,1,CLOSING_STATE_UNCERTAIN,UNDERLYING_UNAVAILABLE_OPTIONS_AVAILABLE,24250.0,74.6,70.375,-0.367279,-0.106458,504148320.0,308800635.0,-253890.0,-219440.0,13.146179,12.680077,0.50515,-0.49477,0.00215,0.00223,-33.31586,-25.61245,5.61781,5.6178,0.268097,0.213144,1.134115,144.975,RISING,ACCELERATING,0.37472,-0.278786,0.443148,UP,,,24249.16097,5.66097,OK,STALE_UNDERLYING
NIFTY,2026-07-20,15:27,CLOSING_STATE_UNCERTAIN,24243.7,2,CLOSING_STATE_UNCERTAIN,UNDERLYING_UNAVAILABLE_OPTIONS_AVAILABLE,24250.0,74.6,70.15,0.0,-0.319716,504890620.0,309381670.0,-181740.0,-231855.0,13.03369,12.735782,0.50689,-0.49301,0.00217,0.00222,-33.07848,-25.75826,5.61605,5.61603,0.268097,0.285103,1.128503,144.75,RISING,RISING,0.155692,0.032188,-0.000174,NEUTRAL,,,24250.112209,6.612209,OK,STALE_UNDERLYING
NIFTY,2026-07-20,15:28,CLOSING_STATE_UNCERTAIN,24242.8,3,CLOSING_STATE_UNCERTAIN,UNDERLYING_UNAVAILABLE_OPTIONS_AVAILABLE,24250.0,74.975,69.4,0.502681,-1.069138,505946870.0,310258325.0,-220805.0,-177320.0,13.306557,12.375507,0.50255,-0.49748,0.00213,0.00229,-33.68151,-24.91658,5.61475,5.61475,0.066689,0.288184,1.134165,144.375,FLAT,ACCELERATING,0.05837,-0.181283,0.21911,NEUTRAL,,,24251.165232,7.665232,OK,STALE_UNDERLYING
NIFTY,2026-07-20,15:29,CLOSING_STATE_UNCERTAIN,24241.25,4,CLOSING_STATE_UNCERTAIN,UNDERLYING_UNAVAILABLE_OPTIONS_AVAILABLE,24250.0,75.425,66.875,0.6002,-3.638329,507784225.0,311783160.0,-372385.0,-326235.0,13.484772,11.848872,0.50034,-0.50002,0.0021,0.00239,-34.08136,-23.70596,5.613,5.613,0.066291,0.373832,1.141507,142.3,RISING,ACCELERATING,0.24896,-0.461192,0.536557,UP,,,24254.193255,10.693255,OK,STALE_UNDERLYING
NIFTY,2026-07-20,15:30,CLOSING_STATE_UNCERTAIN,24239.5,5,CLOSING_STATE_UNCERTAIN,INSUFFICIENT_DATA,,,,,,,,,,,,,,,,,,,,,,,,,,,,,INSUFFICIENT_DATA,,,,,INVALID,MISSING_OPTION_DATA|STALE_UNDERLYING
SENSEX,2026-07-20,15:15,LIVE,77709.35,0,NORMAL_CONTINUOUS,DIVERGENCE,77800.0,409.275,427.325,2.216533,-1.361879,15371480.0,8376100.0,0.0,0.0,14.33592,14.2657,0.49584,-0.50558,0.00038,0.00038,-75.0695,-53.42134,29.20543,29.2028,0.232118,0.198912,1.034083,836.6,ACCELERATING,ACCELERATING,0.402874,-0.498983,0.616048,UP,,,77739.795282,30.445282,OK,OK
SENSEX,2026-07-20,15:16,LIVE,77726.94,0,NORMAL_CONTINUOUS,OPTIONS_CONFIRM,77800.0,408.625,424.575,-0.158817,-0.643538,15431000.0,8410160.0,-37120.0,-23000.0,14.000935,14.509743,0.50172,-0.49815,0.00039,0.00038,-73.70966,-54.70652,29.20954,29.2095,0.281432,0.153094,1.051295,833.2,RISING,DECELERATING,0.206885,-0.311194,0.422149,UP,,,77742.658507,15.718507,OK,OK
SENSEX,2026-07-20,15:17,LIVE,77720.23,0,NORMAL_CONTINUOUS,NEITHER_DIRECTIONAL,77800.0,403.025,431.525,-1.37045,1.636931,15477700.0,8434620.0,0.0,0.0,13.965577,14.57056,0.49842,-0.5013,0.00039,0.00037,-73.48023,-54.91378,29.20325,29.20329,0.26053,0.266497,1.051295,834.55,RISING,FLAT,0.136249,-0.077034,0.150447,NEUTRAL,,,77729.203851,8.973851,OK,OK
SENSEX,2026-07-20,15:18,LIVE,77718.9,0,NORMAL_CONTINUOUS,NEITHER_DIRECTIONAL,77800.0,404.925,426.85,0.471435,-1.083367,15504840.0,8451520.0,-16560.0,-19200.0,14.02481,14.424005,0.49822,-0.50187,0.00039,0.00038,-73.74886,-54.24719,29.19987,29.19953,0.259307,0.210847,1.053535,831.775,FALLING,FLAT,-0.100259,-0.069537,-0.086671,NEUTRAL,,,77735.527764,16.627764,OK,OK
SENSEX,2026-07-20,15:19,LIVE,77703.78,0,NORMAL_CONTINUOUS,OPTIONS_CONFIRM,77800.0,403.25,428.875,-0.413657,0.474406,15527640.0,8467940.0,0.0,0.0,14.261891,14.307849,0.49226,-0.50608,0.00038,0.00038,-74.67161,-53.62576,29.18554,29.18928,0.247985,0.22151,1.053535,832.125,ACCELERATING,ACCELERATING,-0.236694,0.152951,-0.311874,DOWN,,,77732.4803,28.7003,OK,OK
SENSEX,2026-07-20,15:20,LIVE,77719.75,0,NORMAL_CONTINUOUS,NEITHER_DIRECTIONAL,77800.0,404.225,426.275,0.241785,-0.606237,15564520.0,8496480.0,0.0,0.0,14.062925,14.425773,0.49826,-0.50156,0.00039,0.00038,-73.93499,-54.27662,29.19364,29.1937,0.086585,0.24632,1.053535,830.5,FLAT,ACCELERATING,0.016605,-0.212984,0.199454,NEUTRAL,,,77735.882885,16.132885,OK,OK
SENSEX,2026-07-20,15:21,LIVE,77717.07,0,NORMAL_CONTINUOUS,NEITHER_DIRECTIONAL,77800.0,398.8,427.25,-1.342074,0.228726,15594420.0,8513920.0,-16280.0,-8420.0,13.891141,14.351036,0.49711,-0.50245,0.00039,0.00038,-73.14069,-53.92555,29.18899,29.18938,0.250752,0.280866,1.048432,826.05,ACCELERATING,FLAT,-0.142803,-0.056389,-0.145081,NEUTRAL,,,77729.910171,12.840171,OK,OK
SENSEX,2026-07-20,15:22,LIVE,77714.77,0,NORMAL_CONTINUOUS,DIVERGENCE,77800.0,392.075,429.45,-1.686309,0.514921,15654140.0,8537140.0,0.0,0.0,13.715732,14.404561,0.4959,-0.50365,0.0004,0.00038,-72.32766,-54.14374,29.18405,29.1844,0.165785,0.256142,1.048432,821.525,ACCELERATING,FLAT,-0.319918,-0.010054,-0.310063,DOWN,,,77720.441278,5.671278,OK,OK
SENSEX,2026-07-20,15:23,LIVE,77706.89,0,NORMAL_CONTINUOUS,NEITHER_DIRECTIONAL,77800.0,399.85,424.575,1.983039,-1.135173,15695380.0,8560760.0,0.0,0.0,14.094771,14.085815,0.49328,-0.50673,0.00039,0.00039,-73.97392,-52.63727,29.17557,29.17554,0.250094,0.247306,1.048432,824.425,FALLING,FLAT,-0.116749,-0.134847,-0.049471,NEUTRAL,,,77733.654404,26.764404,OK,OK
SENSEX,2026-07-20,15:24,LIVE,77731.85,0,NORMAL_CONTINUOUS,DIVERGENCE,77800.0,406.325,411.525,1.619357,-3.073662,15736040.0,8603820.0,-25040.0,-14520.0,13.927539,14.125708,0.5029,-0.49706,0.00039,0.00039,-73.46005,-53.05738,29.18514,29.18512,0.283025,0.255149,1.059223,817.85,DECELERATING,ACCELERATING,0.217582,-0.500026,0.532999,UP,,,77753.18902,21.33902,OK,OK
SENSEX,2026-07-20,15:25,LIVE,77741.05,0,NORMAL_CONTINUOUS,OPTIONS_CONFIRM,77800.0,407.875,411.2,0.381468,-0.078975,15782900.0,8645340.0,0.0,0.0,13.78901,14.27625,0.50651,-0.49353,0.0004,0.00038,-72.92014,-53.81865,29.18237,29.18243,0.232914,0.218872,1.059223,819.075,DECELERATING,DECELERATING,0.397226,-0.344975,0.570606,UP,,,77755.073636,14.023636,OK,OK
SENSEX,2026-07-20,15:26,LIVE,77734.15,0,NORMAL_CONTINUOUS,OPTIONS_CONFIRM,77800.0,402.075,413.475,-1.422004,0.553259,15832120.0,8673120.0,-25600.0,-1640.0,13.735431,14.232489,0.50377,-0.49618,0.0004,0.00038,-72.62708,-53.57186,29.1792,29.17918,0.335758,0.27813,1.067081,815.55,RISING,FALLING,0.181127,-0.429509,0.428964,UP,,,77747.604792,13.454792,OK,OK
SENSEX,2026-07-20,15:27,LIVE,77733.72,0,NORMAL_CONTINUOUS,NEITHER_DIRECTIONAL,77800.0,408.125,413.55,1.504694,0.018139,15862520.0,8696380.0,0.0,0.0,13.933083,14.231599,0.50362,-0.49635,0.00039,0.00038,-73.52113,-53.57107,29.17602,29.17598,0.159265,0.241809,1.067081,821.675,FLAT,FLAT,0.080477,0.063172,-0.0031,NEUTRAL,,,77752.946316,19.226316,OK,OK
SENSEX,2026-07-20,15:28,LIVE,77708.05,0,NORMAL_CONTINUOUS,OPTIONS_CONFIRM,77800.0,406.875,421.7,-0.306279,1.970741,15921080.0,8736500.0,0.0,0.0,14.325741,14.140715,0.49388,-0.50395,0.00038,0.00039,-75.06423,-52.98967,29.16099,29.16529,0.233487,0.237135,1.067081,828.575,FLAT,ACCELERATING,0.00418,0.458018,-0.3566,DOWN,,,77743.602485,35.552485,OK,OK
SENSEX,2026-07-20,15:29,LIVE,77715.2,0,NORMAL_CONTINUOUS,UNDERLYING_CONFIRMS,77800.0,403.45,414.55,-0.841782,-1.695518,15974900.0,8785220.0,-54140.0,-17900.0,14.123798,13.918388,0.49647,-0.50366,0.00039,0.00039,-74.22722,-52.0023,29.16286,29.16277,0.272648,0.217103,1.083485,818.0,FLAT,FLAT,-0.076548,0.065438,-0.059773,NEUTRAL,,,77747.200792,32.000792,OK,OK
SENSEX,2026-07-20,15:30,LIVE,77717.31,0,NORMAL_CONTINUOUS,UNDERLYING_CONFIRMS,,,,,,,,,,,,,,,,,,,,,,,,,,,,,INSUFFICIENT_DATA,,,,,INVALID,MISSING_OPTION_DATA
NIFTY,2026-07-21,15:15,LIVE,24184.8,0,NORMAL_CONTINUOUS,NEITHER_DIRECTIONAL,24200.0,0.225,14.95,0.0,-0.829187,3077024795.0,2030035995.0,-1755130.0,-536770.0,1.368823,2.349362,0.05552,-0.82337,0.01322,0.01782,-2.35259,-2.42228,0.694,1.60575,22.222222,0.668896,0.877653,15.175,FALLING,RISING,-0.313229,-0.323107,-0.33,MIXED,,,,,INVALID,INVALID_GREEKS|WIDE_SPREAD
NIFTY,2026-07-21,15:16,LIVE,24186.2,0,NORMAL_CONTINUOUS,NEITHER_DIRECTIONAL,24200.0,0.175,14.675,-22.222222,-1.839465,3089891285.0,2039548355.0,-2697500.0,-897715.0,1.192678,2.789692,0.04886,-0.76044,0.01373,0.018,-1.88854,-6.18391,0.62612,1.92048,28.571429,0.340716,0.872226,14.85,ACCELERATING,RISING,-0.307834,-0.32002,-0.329271,MIXED,,,,,INVALID,INVALID_GREEKS|WIDE_SPREAD
NIFTY,2026-07-21,15:17,LIVE,24188.85,0,NORMAL_CONTINUOUS,OPTIONS_CONFIRM,24200.0,0.175,12.15,0.0,-17.206133,3096610855.0,2050656530.0,-1116635.0,-811460.0,0.988315,2.534104,0.05749,-0.73054,0.01887,0.02111,-1.8586,-6.01919,0.7114,2.03986,28.571429,0.823045,0.872612,12.325,FALLING,ACCELERATING,-0.060483,-0.224412,0.269486,UP,,,,,INVALID,INVALID_GREEKS|WIDE_SPREAD
NIFTY,2026-07-21,15:18,LIVE,24190.9,0,NORMAL_CONTINUOUS,UNDERLYING_CONFIRMS,24200.0,0.175,12.575,0.0,3.497942,3104715770.0,2062017360.0,-659230.0,-1224535.0,0.965863,3.067837,0.07498,-0.67469,0.02376,0.01903,-2.27372,-9.8828,0.87279,2.22039,28.571429,0.397614,0.863966,12.75,FALLING,FALLING,-0.040269,-0.395701,0.193453,NEUTRAL,,,,,INVALID,INVALID_GREEKS|WIDE_SPREAD
NIFTY,2026-07-21,15:19,LIVE,24190.0,0,NORMAL_CONTINUOUS,NEITHER_DIRECTIONAL,24200.0,0.125,13.025,-28.571429,3.578529,3116521785.0,2069797210.0,-46800.0,-848120.0,0.820939,3.105626,0.0477,-0.68333,0.01965,0.01862,-1.37755,-9.86089,0.61163,2.19235,40.0,0.383877,0.857923,13.15,ACCELERATING,FALLING,-0.186801,-0.379747,-0.188611,NEUTRAL,,,,,INVALID,INVALID_GREEKS|WIDE_SPREAD
NIFTY,2026-07-21,15:20,LIVE,24184.85,0,NORMAL_CONTINUOUS,DIVERGENCE,24200.0,0.125,12.375,0.0,-4.990403,3125305625.0,2079937015.0,-771160.0,-653900.0,1.161741,1.602817,0.05023,-0.88308,0.01449,0.01993,-1.90022,1.75191,0.63639,1.20748,40.0,0.40404,0.862655,12.5,FALLING,RISING,-0.257118,0.414339,-0.55444,DOWN,,,,,INVALID,INVALID_GREEKS|WIDE_SPREAD
NIFTY,2026-07-21,15:21,LIVE,24186.4,0,NORMAL_CONTINUOUS,DIVERGENCE,24200.0,0.125,12.65,0.0,2.222222,3131701105.0,2086029595.0,-1835535.0,-908765.0,1.098605,1.71204,0.03714,-0.87394,0.01203,0.0197,-1.4095,1.16669,0.498,1.27119,40.0,0.790514,0.842949,12.775,FALLING,ACCELERATING,-0.373825,0.194424,-0.518215,DOWN,,,,,INVALID,INVALID_GREEKS|WIDE_SPREAD
NIFTY,2026-07-21,15:22,LIVE,24189.6,0,NORMAL_CONTINUOUS,NEITHER_DIRECTIONAL,24200.0,0.075,11.75,-40.0,-7.114625,3147446835.0,2092964770.0,-1553370.0,-629785.0,0.907211,2.565016,0.04392,-0.71406,0.01671,0.02162,-1.39351,-6.66833,0.56981,2.08457,66.666667,0.851064,0.834347,11.825,ACCELERATING,ACCELERATING,-0.360711,-0.319678,-0.322699,MIXED,,,,,INVALID,INVALID_GREEKS|WIDE_SPREAD
NIFTY,2026-07-21,15:23,LIVE,24189.5,0,NORMAL_CONTINUOUS,NEITHER_DIRECTIONAL,24200.0,0.075,12.225,0.0,4.042553,3153211100.0,2099112470.0,-2206230.0,-1164280.0,0.88959,2.811379,0.04473,-0.69834,0.01732,0.02025,-1.39515,-8.20011,0.57741,2.13367,66.666667,0.408998,0.827154,12.3,FALLING,FALLING,-0.225231,-0.478945,-0.247086,NEUTRAL,,,,,INVALID,INVALID_GREEKS|WIDE_SPREAD
NIFTY,2026-07-21,15:24,LIVE,24185.55,0,NORMAL_CONTINUOUS,NEITHER_DIRECTIONAL,24200.0,0.075,12.375,0.0,1.226994,3163847765.0,2103808655.0,-944840.0,-934830.0,1.032997,2.052531,0.03934,-0.81186,0.01347,0.0215,-1.41224,-1.87606,0.5196,1.64851,66.666667,0.40404,0.839257,12.45,FALLING,FALLING,-0.497694,-0.472496,-0.34167,MIXED,,,,,INVALID,INVALID_GREEKS|WIDE_SPREAD
NIFTY,2026-07-21,15:25,LIVE,24185.15,0,NORMAL_CONTINUOUS,NEITHER_DIRECTIONAL,24350.0,0.075,162.55,0.0,0.015382,499719350.0,82304495.0,-119080.0,-31850.0,9.547963,13.528257,0.00286,-0.9744,0.00015,0.00072,-1.11627,-4.08923,0.05341,0.3638,66.666667,0.184559,0.564104,162.625,FLAT,FLAT,0.03873,0.17993,-0.083684,NEUTRAL,,,,,INVALID,INVALID_GREEKS|WIDE_SPREAD
NIFTY,2026-07-21,15:26,LIVE,24186.75,0,NORMAL_CONTINUOUS,NEITHER_DIRECTIONAL,24350.0,0.075,163.425,0.0,0.538296,500184880.0,82421755.0,-758615.0,-23010.0,9.581228,14.845302,0.00285,-0.96272,0.00015,0.0009,-1.11988,-9.46311,0.05324,0.49584,66.666667,0.214166,0.561648,163.5,FLAT,ACCELERATING,0.030588,0.175307,-0.117296,NEUTRAL,,,,,INVALID,WIDE_SPREAD
NIFTY,2026-07-21,15:27,LIVE,24188.4,0,NORMAL_CONTINUOUS,NEITHER_DIRECTIONAL,24350.0,0.075,162.9,0.0,-0.321248,500617585.0,82466215.0,-123370.0,-21125.0,10.27268,15.894205,0.00506,-0.95164,0.00023,0.00104,-2.01062,-14.67162,0.08891,0.611,66.666667,0.245549,0.558685,162.975,FLAT,FLAT,0.061881,0.003798,0.003695,NEUTRAL,,,,,INVALID,WIDE_SPREAD
NIFTY,2026-07-21,15:28,LIVE,24191.1,0,NORMAL_CONTINUOUS,UNDERLYING_CONFIRMS,24350.0,0.075,162.45,0.0,-0.276243,501005830.0,82504175.0,-4745.0,-13585.0,9.392863,19.347981,0.00291,-0.9086,0.00016,0.0014,-1.12267,-35.86195,0.0541,0.99805,66.666667,0.061557,0.553085,162.525,FLAT,FLAT,0.001758,-0.184661,0.075432,NEUTRAL,,,,,INVALID,WIDE_SPREAD
NIFTY,2026-07-21,15:29,LIVE,24190.0,0,NORMAL_CONTINUOUS,NEITHER_DIRECTIONAL,24400.0,0.075,212.0,0.0,-0.011791,357339840.0,48937655.0,-202865.0,-10335.0,12.937231,23.236684,0.00411,-0.92824,0.00015,0.00097,-2.10118,-35.80967,0.07361,0.83032,66.666667,0.283019,0.43428,212.075,FLAT,FALLING,0.101238,-0.349959,0.201658,NEUTRAL,,,,,INVALID,WIDE_SPREAD
NIFTY,2026-07-21,15:30,LIVE,24193.05,0,NORMAL_CONTINUOUS,NEITHER_DIRECTIONAL,,,,,,,,,,,,,,,,,,,,,,,,,,,,,INSUFFICIENT_DATA,,,,,INVALID,MISSING_OPTION_DATA
SENSEX,2026-07-21,15:15,LIVE,77459.81,0,NORMAL_CONTINUOUS,DIVERGENCE,77500.0,318.75,336.7,2.417865,0.156169,23223700.0,25793020.0,0.0,0.0,12.998655,14.076785,0.50575,-0.49437,0.00051,0.00047,-80.88827,-65.4851,24.20236,24.20249,0.282353,0.2376,0.614879,655.45,ACCELERATING,FALLING,0.239027,-0.216117,0.412849,UP,,,77456.804485,-3.005515,OK,OK
SENSEX,2026-07-21,15:16,LIVE,77470.71,0,NORMAL_CONTINUOUS,DIVERGENCE,77500.0,320.85,326.4,0.658824,-3.059103,23413820.0,25905660.0,-48460.0,8900.0,13.058854,13.847685,0.50682,-0.48918,0.0005,0.00047,-81.24582,-64.36088,24.19831,24.19562,0.031167,0.183824,0.645865,647.25,DECELERATING,ACCELERATING,0.16508,-0.433064,0.386284,UP,,,77469.271959,-1.438041,OK,OK
SENSEX,2026-07-21,15:17,LIVE,77473.97,0,NORMAL_CONTINUOUS,OPTIONS_CONFIRM,77500.0,320.975,319.45,0.038959,-2.129289,23523900.0,26006120.0,0.0,0.0,12.780643,13.621828,0.51337,-0.48751,0.00051,0.00048,-79.87629,-63.18278,24.18844,24.18996,0.295973,0.281734,0.645865,640.425,DECELERATING,DECELERATING,0.370877,-0.33555,0.557541,UP,,,77476.159541,2.189541,OK,OK
SENSEX,2026-07-21,15:18,LIVE,77488.98,0,NORMAL_CONTINUOUS,OPTIONS_CONFIRM,77500.0,320.65,322.85,-0.101254,1.064329,23639240.0,26107920.0,-11320.0,-6920.0,12.485656,14.091646,0.52115,-0.48078,0.00053,0.00047,-78.41536,-65.83704,24.16873,24.17465,0.031187,0.154871,0.655698,643.5,RISING,FALLING,0.232825,-0.541281,0.538436,UP,,,77473.11948,-15.86052,OK,OK
SENSEX,2026-07-21,15:19,LIVE,77470.87,0,NORMAL_CONTINUOUS,DIVERGENCE,77500.0,323.225,319.425,0.803056,-1.060864,23786260.0,26222480.0,0.0,0.0,12.973853,13.726015,0.51133,-0.48519,0.00051,0.00048,-80.90539,-63.80743,24.18358,24.1792,0.108284,0.266103,0.655698,642.65,ACCELERATING,ACCELERATING,0.180715,-0.24935,0.335213,UP,,,77477.839547,6.969547,OK,OK
SENSEX,2026-07-21,15:20,LIVE,77452.11,0,NORMAL_CONTINUOUS,UNDERLYING_CONFIRMS,77500.0,327.7,328.875,1.384484,2.958441,24145260.0,26432540.0,0.0,0.0,13.571763,13.580855,0.50191,-0.49809,0.00048,0.00048,-83.95651,-62.78574,24.18343,24.18344,0.183094,0.22805,0.655698,656.575,ACCELERATING,ACCELERATING,0.258273,0.375175,-0.120045,MIXED,,,77472.784899,20.674899,OK,OK
SENSEX,2026-07-21,15:21,LIVE,77457.05,0,NORMAL_CONTINUOUS,UNDERLYING_CONFIRMS,77500.0,328.05,331.05,0.106805,0.661345,24352840.0,26624360.0,53480.0,92180.0,13.483802,13.785511,0.5043,-0.4957,0.00049,0.00048,-83.5447,-63.95476,24.18009,24.18008,0.152416,0.030207,0.674762,659.1,DECELERATING,DECELERATING,0.067747,0.649017,-0.222496,NEUTRAL,,,77471.758783,14.708783,OK,OK
SENSEX,2026-07-21,15:22,LIVE,77472.95,0,NORMAL_CONTINUOUS,NEITHER_DIRECTIONAL,77500.0,329.05,319.7,0.304832,-3.428485,24461980.0,26739820.0,0.0,0.0,13.195375,13.624493,0.51222,-0.48898,0.0005,0.00048,-82.15114,-63.22837,24.17133,24.17288,0.182343,0.312793,0.674762,648.75,RISING,FLAT,0.06919,0.042985,0.147779,NEUTRAL,,,77484.032655,11.082655,OK,OK
SENSEX,2026-07-21,15:23,LIVE,77478.41,0,NORMAL_CONTINUOUS,OPTIONS_CONFIRM,77500.0,332.475,318.925,1.040875,-0.242415,24597700.0,26817820.0,0.0,0.0,13.166669,13.699362,0.51564,-0.48546,0.0005,0.00048,-82.06441,-63.7053,24.16253,24.16458,0.225581,0.297876,0.674762,651.4,ACCELERATING,DECELERATING,0.187098,-0.311381,0.441629,UP,,,77488.217323,9.807323,OK,OK
SENSEX,2026-07-21,15:24,LIVE,77475.41,0,NORMAL_CONTINUOUS,OPTIONS_CONFIRM,77500.0,330.475,317.3,-0.601549,-0.509524,24702240.0,26893700.0,-5060.0,80260.0,13.212048,13.609803,0.51343,-0.48684,0.0005,0.00048,-82.28438,-63.20961,24.16222,24.16278,0.317724,0.252127,0.704717,647.775,RISING,FALLING,0.190094,-0.396211,0.474249,UP,,,77487.273321,11.863321,OK,OK
SENSEX,2026-07-21,15:25,LIVE,77457.22,0,NORMAL_CONTINUOUS,UNDERLYING_CONFIRMS,77500.0,328.4,319.9,-0.627884,0.819414,24821480.0,26997840.0,0.0,0.0,13.502358,13.36151,0.50464,-0.49535,0.00049,0.00049,-83.69764,-61.71647,24.16508,24.16508,0.274056,0.250078,0.704717,648.3,FLAT,FLAT,-0.076342,0.044564,-0.057277,NEUTRAL,,,77483.457927,26.237927,OK,OK
SENSEX,2026-07-21,15:26,LIVE,77465.88,0,NORMAL_CONTINUOUS,DIVERGENCE,77500.0,315.15,325.0,-4.034714,1.594248,25026220.0,27094480.0,-6160.0,-7940.0,12.82686,13.749535,0.50682,-0.49151,0.00051,0.00048,-80.10159,-63.90322,24.16073,24.15998,0.253847,0.184615,0.705136,640.15,ACCELERATING,ACCELERATING,-0.479783,0.271488,-0.568327,DOWN,,,77463.285554,-2.594446,OK,OK
SENSEX,2026-07-21,15:27,LIVE,77462.16,0,NORMAL_CONTINUOUS,DIVERGENCE,77500.0,319.725,323.4,1.45169,-0.492308,25106700.0,27170540.0,0.0,0.0,13.104201,13.547812,0.50562,-0.49443,0.0005,0.00049,-81.58783,-62.7657,24.15739,24.15747,0.29713,0.309215,0.705136,643.125,FALLING,RISING,-0.140209,0.198724,-0.395602,DOWN,,,77471.977138,9.817138,OK,OK
SENSEX,2026-07-21,15:28,LIVE,77486.68,0,NORMAL_CONTINUOUS,DIVERGENCE,77500.0,320.225,323.15,0.156384,-0.077304,25198020.0,27259440.0,0.0,0.0,12.652815,14.023558,0.51753,-0.48378,0.00052,0.00047,-79.37131,-65.54312,24.13979,24.14316,0.296666,0.371345,0.705136,643.375,FALLING,RISING,0.056842,0.165096,-0.270578,DOWN,,,77472.168648,-14.511352,OK,OK
SENSEX,2026-07-21,15:29,LIVE,77493.19,0,NORMAL_CONTINUOUS,OPTIONS_CONFIRM,77500.0,319.825,323.75,-0.124912,0.185672,25334800.0,27342600.0,-16320.0,25720.0,12.545702,14.036742,0.51864,-0.4829,0.00052,0.00047,-78.8195,-65.63965,24.13363,24.13781,0.422106,0.247104,0.710322,643.575,RISING,FLAT,0.242214,-0.287987,0.338863,UP,,,77471.253217,-21.936783,OK,OK
SENSEX,2026-07-21,15:30,LIVE,77471.04,0,NORMAL_CONTINUOUS,NEITHER_DIRECTIONAL,,,,,,,,,,,,,,,,,,,,,,,,,,,,,INSUFFICIENT_DATA,,,,,INVALID,MISSING_OPTION_DATA
NIFTY,2026-07-22,15:15,LIVE,24021.15,0,NORMAL_CONTINUOUS,UNDERLYING_CONFIRMS,,,,,,,,,,,,,,,,,,,,,,,,,,,,,INSUFFICIENT_DATA,,,,,INVALID,MISSING_OPTION_DATA
NIFTY,2026-07-22,15:16,LIVE,24014.65,0,NORMAL_CONTINUOUS,UNDERLYING_CONFIRMS,,,,,,,,,,,,,,,,,,,,,,,,,,,,,INSUFFICIENT_DATA,,,,,INVALID,MISSING_OPTION_DATA
NIFTY,2026-07-22,15:17,LIVE,24019.85,0,NORMAL_CONTINUOUS,UNDERLYING_CONFIRMS,,,,,,,,,,,,,,,,,,,,,,,,,,,,,INSUFFICIENT_DATA,,,,,INVALID,MISSING_OPTION_DATA
NIFTY,2026-07-22,15:18,LIVE,24019.9,0,NORMAL_CONTINUOUS,NEITHER_DIRECTIONAL,,,,,,,,,,,,,,,,,,,,,,,,,,,,,INSUFFICIENT_DATA,,,,,INVALID,MISSING_OPTION_DATA
NIFTY,2026-07-22,15:19,LIVE,24020.1,0,NORMAL_CONTINUOUS,UNDERLYING_CONFIRMS,,,,,,,,,,,,,,,,,,,,,,,,,,,,,INSUFFICIENT_DATA,,,,,INVALID,MISSING_OPTION_DATA
NIFTY,2026-07-22,15:20,LIVE,24016.2,0,NORMAL_CONTINUOUS,NEITHER_DIRECTIONAL,,,,,,,,,,,,,,,,,,,,,,,,,,,,,INSUFFICIENT_DATA,,,,,INVALID,MISSING_OPTION_DATA
NIFTY,2026-07-22,15:21,LIVE,24013.4,0,NORMAL_CONTINUOUS,UNDERLYING_CONFIRMS,,,,,,,,,,,,,,,,,,,,,,,,,,,,,INSUFFICIENT_DATA,,,,,INVALID,MISSING_OPTION_DATA
NIFTY,2026-07-22,15:22,LIVE,24006.25,0,NORMAL_CONTINUOUS,UNDERLYING_CONFIRMS,,,,,,,,,,,,,,,,,,,,,,,,,,,,,INSUFFICIENT_DATA,,,,,INVALID,MISSING_OPTION_DATA
NIFTY,2026-07-22,15:23,LIVE,24001.4,0,NORMAL_CONTINUOUS,UNDERLYING_CONFIRMS,,,,,,,,,,,,,,,,,,,,,,,,,,,,,INSUFFICIENT_DATA,,,,,INVALID,MISSING_OPTION_DATA
NIFTY,2026-07-22,15:24,LIVE,23994.05,0,NORMAL_CONTINUOUS,UNDERLYING_CONFIRMS,,,,,,,,,,,,,,,,,,,,,,,,,,,,,INSUFFICIENT_DATA,,,,,INVALID,MISSING_OPTION_DATA
NIFTY,2026-07-22,15:25,LIVE,23999.2,0,NORMAL_CONTINUOUS,UNDERLYING_CONFIRMS,,,,,,,,,,,,,,,,,,,,,,,,,,,,,INSUFFICIENT_DATA,,,,,INVALID,MISSING_OPTION_DATA
NIFTY,2026-07-22,15:26,LIVE,23994.45,0,NORMAL_CONTINUOUS,UNDERLYING_CONFIRMS,,,,,,,,,,,,,,,,,,,,,,,,,,,,,INSUFFICIENT_DATA,,,,,INVALID,MISSING_OPTION_DATA
NIFTY,2026-07-22,15:27,LIVE,23993.7,0,NORMAL_CONTINUOUS,NEITHER_DIRECTIONAL,,,,,,,,,,,,,,,,,,,,,,,,,,,,,INSUFFICIENT_DATA,,,,,INVALID,MISSING_OPTION_DATA
NIFTY,2026-07-22,15:28,LIVE,23993.95,0,NORMAL_CONTINUOUS,UNDERLYING_CONFIRMS,,,,,,,,,,,,,,,,,,,,,,,,,,,,,INSUFFICIENT_DATA,,,,,INVALID,MISSING_OPTION_DATA
NIFTY,2026-07-22,15:29,LIVE,23995.5,0,NORMAL_CONTINUOUS,NEITHER_DIRECTIONAL,,,,,,,,,,,,,,,,,,,,,,,,,,,,,INSUFFICIENT_DATA,,,,,INVALID,MISSING_OPTION_DATA
NIFTY,2026-07-22,15:30,LIVE,23991.05,0,NORMAL_CONTINUOUS,NEITHER_DIRECTIONAL,,,,,,,,,,,,,,,,,,,,,,,,,,,,,INSUFFICIENT_DATA,,,,,INVALID,MISSING_OPTION_DATA
SENSEX,2026-07-22,15:15,LIVE,76837.34,0,NORMAL_CONTINUOUS,UNDERLYING_CONFIRMS,,,,,,,,,,,,,,,,,,,,,,,,,,,,,INSUFFICIENT_DATA,,,,,INVALID,MISSING_OPTION_DATA
SENSEX,2026-07-22,15:16,LIVE,76817.95,0,NORMAL_CONTINUOUS,UNDERLYING_CONFIRMS,,,,,,,,,,,,,,,,,,,,,,,,,,,,,INSUFFICIENT_DATA,,,,,INVALID,MISSING_OPTION_DATA
SENSEX,2026-07-22,15:17,LIVE,76842.82,0,NORMAL_CONTINUOUS,UNDERLYING_CONFIRMS,,,,,,,,,,,,,,,,,,,,,,,,,,,,,INSUFFICIENT_DATA,,,,,INVALID,MISSING_OPTION_DATA
SENSEX,2026-07-22,15:18,LIVE,76838.54,0,NORMAL_CONTINUOUS,NEITHER_DIRECTIONAL,,,,,,,,,,,,,,,,,,,,,,,,,,,,,INSUFFICIENT_DATA,,,,,INVALID,MISSING_OPTION_DATA
SENSEX,2026-07-22,15:19,LIVE,76834.52,0,NORMAL_CONTINUOUS,UNDERLYING_CONFIRMS,,,,,,,,,,,,,,,,,,,,,,,,,,,,,INSUFFICIENT_DATA,,,,,INVALID,MISSING_OPTION_DATA
SENSEX,2026-07-22,15:20,LIVE,76824.92,0,NORMAL_CONTINUOUS,UNDERLYING_CONFIRMS,,,,,,,,,,,,,,,,,,,,,,,,,,,,,INSUFFICIENT_DATA,,,,,INVALID,MISSING_OPTION_DATA
SENSEX,2026-07-22,15:21,LIVE,76835.37,0,NORMAL_CONTINUOUS,NEITHER_DIRECTIONAL,,,,,,,,,,,,,,,,,,,,,,,,,,,,,INSUFFICIENT_DATA,,,,,INVALID,MISSING_OPTION_DATA
SENSEX,2026-07-22,15:22,LIVE,76791.72,0,NORMAL_CONTINUOUS,UNDERLYING_CONFIRMS,,,,,,,,,,,,,,,,,,,,,,,,,,,,,INSUFFICIENT_DATA,,,,,INVALID,MISSING_OPTION_DATA
SENSEX,2026-07-22,15:23,LIVE,76754.45,0,NORMAL_CONTINUOUS,UNDERLYING_CONFIRMS,,,,,,,,,,,,,,,,,,,,,,,,,,,,,INSUFFICIENT_DATA,,,,,INVALID,MISSING_OPTION_DATA
SENSEX,2026-07-22,15:24,LIVE,76745.86,0,NORMAL_CONTINUOUS,UNDERLYING_CONFIRMS,,,,,,,,,,,,,,,,,,,,,,,,,,,,,INSUFFICIENT_DATA,,,,,INVALID,MISSING_OPTION_DATA
SENSEX,2026-07-22,15:25,LIVE,76755.41,0,NORMAL_CONTINUOUS,UNDERLYING_CONFIRMS,,,,,,,,,,,,,,,,,,,,,,,,,,,,,INSUFFICIENT_DATA,,,,,INVALID,MISSING_OPTION_DATA
SENSEX,2026-07-22,15:26,LIVE,76748.18,0,NORMAL_CONTINUOUS,NEITHER_DIRECTIONAL,,,,,,,,,,,,,,,,,,,,,,,,,,,,,INSUFFICIENT_DATA,,,,,INVALID,MISSING_OPTION_DATA
SENSEX,2026-07-22,15:27,LIVE,76743.14,0,NORMAL_CONTINUOUS,NEITHER_DIRECTIONAL,,,,,,,,,,,,,,,,,,,,,,,,,,,,,INSUFFICIENT_DATA,,,,,INVALID,MISSING_OPTION_DATA
SENSEX,2026-07-22,15:28,LIVE,76743.36,0,NORMAL_CONTINUOUS,NEITHER_DIRECTIONAL,,,,,,,,,,,,,,,,,,,,,,,,,,,,,INSUFFICIENT_DATA,,,,,INVALID,MISSING_OPTION_DATA
SENSEX,2026-07-22,15:29,LIVE,76754.22,0,NORMAL_CONTINUOUS,NEITHER_DIRECTIONAL,,,,,,,,,,,,,,,,,,,,,,,,,,,,,INSUFFICIENT_DATA,,,,,INVALID,MISSING_OPTION_DATA
SENSEX,2026-07-22,15:30,LIVE,76744.86,0,NORMAL_CONTINUOUS,NEITHER_DIRECTIONAL,,,,,,,,,,,,,,,,,,,,,,,,,,,,,INSUFFICIENT_DATA,,,,,INVALID,MISSING_OPTION_DATA
NIFTY,2026-07-23,15:15,LIVE,23875.9,0,NORMAL_CONTINUOUS,OPTIONS_CONFIRM,23900.0,120.075,133.125,0.797482,-1.352353,141747515.0,164027890.0,-124020.0,-62140.0,10.006082,12.175175,0.51839,-0.48394,0.00139,0.00114,-14.24463,-10.04733,11.40045,11.40333,0.124922,0.187793,0.75104,253.2,DECELERATING,DECELERATING,0.501068,-0.393387,0.62598,UP,,,23865.268134,-10.631866,OK,OK
NIFTY,2026-07-23,15:16,LIVE,23867.3,0,NORMAL_CONTINUOUS,DIVERGENCE,23850.0,139.3,116.3,-4.865972,6.16157,63030175.0,95118270.0,-226135.0,-116155.0,9.739211,12.378054,0.57665,-0.43844,0.00141,0.00111,-14.14025,-10.41727,11.19622,11.27132,0.143575,0.257954,0.916393,255.6,ACCELERATING,ACCELERATING,-0.254574,0.220266,-0.436024,DOWN,,,23851.565656,-15.734344,OK,OK
NIFTY,2026-07-23,15:17,LIVE,23864.8,0,NORMAL_CONTINUOUS,OPTIONS_CONFIRM,23850.0,139.675,116.025,0.269203,-0.236457,63280685.0,95417920.0,-89960.0,-48880.0,9.9904,12.184495,0.57005,-0.44152,0.00138,0.00113,-14.39717,-10.20391,11.22871,11.28224,0.178987,0.301659,0.919949,255.7,FALLING,RISING,-0.36332,0.259567,-0.532266,DOWN,,,23851.732746,-13.067254,OK,OK
NIFTY,2026-07-23,15:18,LIVE,23863.4,0,NORMAL_CONTINUOUS,OPTIONS_CONFIRM,23900.0,115.175,138.875,0.897941,-1.454674,143190450.0,165120280.0,-76440.0,-38415.0,10.18591,12.068484,0.49938,-0.4997,0.00137,0.00116,-14.32299,-9.83423,11.40375,11.40376,0.217061,0.180018,0.764737,254.05,FALLING,RISING,-0.361983,0.315724,-0.547964,DOWN,,,23854.993213,-8.406787,OK,OK
NIFTY,2026-07-23,15:19,LIVE,23869.15,0,NORMAL_CONTINUOUS,DIVERGENCE,23900.0,117.8,136.225,2.27914,-1.908191,143706420.0,165557860.0,-108030.0,-34515.0,10.105297,12.140949,0.50899,-0.49162,0.00138,0.00115,-14.29953,-9.96753,11.40346,11.40384,0.254669,0.18352,0.770533,254.025,ACCELERATING,ACCELERATING,0.279642,-0.327063,0.516069,UP,,,23860.276598,-8.873402,OK,OK
NIFTY,2026-07-23,15:20,CLOSING_STATE_UNCERTAIN,23869.15,1,CLOSING_STATE_UNCERTAIN,UNDERLYING_UNAVAILABLE_OPTIONS_AVAILABLE,23900.0,118.85,135.2,0.891341,-0.752432,144191710.0,165886240.0,-94055.0,7735.0,10.246991,11.993735,0.50798,-0.49392,0.00136,0.00116,-14.44774,-9.79378,11.40299,11.40333,0.168279,0.221893,0.77685,254.05,DECELERATING,DECELERATING,0.262976,-0.24467,0.492776,UP,,,23862.877369,-6.272631,OK,STALE_UNDERLYING
NIFTY,2026-07-23,15:21,CLOSING_STATE_UNCERTAIN,23869.6,2,CLOSING_STATE_UNCERTAIN,UNDERLYING_UNAVAILABLE_OPTIONS_AVAILABLE,23900.0,118.775,135.15,-0.063105,-0.036982,144624350.0,166182835.0,-138840.0,-41470.0,10.234936,11.993758,0.50756,-0.49277,0.00136,0.00116,-14.4328,-9.80217,11.40231,11.40248,0.294675,0.221976,0.78228,253.925,RISING,DECELERATING,0.116914,-0.137095,0.384813,UP,,,23862.605298,-6.544702,OK,STALE_UNDERLYING
NIFTY,2026-07-23,15:22,CLOSING_STATE_UNCERTAIN,23866.9,3,CLOSING_STATE_UNCERTAIN,UNDERLYING_UNAVAILABLE_OPTIONS_AVAILABLE,23900.0,117.575,136.975,-1.010314,1.350351,145005445.0,166425415.0,-103415.0,-26520.0,10.300966,12.048276,0.50287,-0.49579,0.00136,0.00116,-14.47462,-9.84246,11.40167,11.40173,0.127578,0.255521,0.785483,254.55,FLAT,ACCELERATING,-0.133882,0.163265,-0.155452,NEUTRAL,,,23859.610475,-9.539525,OK,STALE_UNDERLYING
NIFTY,2026-07-23,15:23,CLOSING_STATE_UNCERTAIN,23866.9,4,CLOSING_STATE_UNCERTAIN,UNDERLYING_UNAVAILABLE_OPTIONS_AVAILABLE,23900.0,118.65,135.675,0.91431,-0.949078,145368730.0,166646415.0,-119535.0,-34190.0,10.35408,11.939231,0.50449,-0.49581,0.00135,0.00117,-14.5438,-9.72478,11.40107,11.40099,0.252845,0.184264,0.787404,254.325,FLAT,FLAT,-0.082908,-0.049716,-0.050629,NEUTRAL,,,23862.205698,-6.944302,OK,STALE_UNDERLYING
NIFTY,2026-07-23,15:24,CLOSING_STATE_UNCERTAIN,23880.75,5,CLOSING_STATE_UNCERTAIN,UNDERLYING_UNAVAILABLE_OPTIONS_AVAILABLE,23900.0,121.35,131.1,2.275601,-3.372029,145921555.0,167031930.0,-111735.0,-17095.0,9.971964,12.170398,0.52356,-0.47974,0.0014,0.00114,-14.24219,-10.07322,11.38766,11.39284,0.247219,0.152555,0.794226,252.45,ACCELERATING,ACCELERATING,0.361365,-0.36078,0.530552,UP,,,23869.341394,0.191394,OK,STALE_UNDERLYING
NIFTY,2026-07-23,15:25,CLOSING_STATE_UNCERTAIN,23883.95,6,CLOSING_STATE_UNCERTAIN,UNDERLYING_UNAVAILABLE_OPTIONS_AVAILABLE,23900.0,123.775,129.3,1.998352,-1.372998,146694275.0,167527035.0,-99515.0,780.0,10.118697,12.075851,0.52548,-0.47778,0.00138,0.00115,-14.41218,-9.98171,11.38428,11.38987,0.282771,0.232019,0.799937,253.075,RISING,DECELERATING,0.713226,-0.466804,0.723198,UP,,,23873.061543,3.911543,OK,STALE_UNDERLYING
NIFTY,2026-07-23,15:26,CLOSING_STATE_UNCERTAIN,23881.85,7,CLOSING_STATE_UNCERTAIN,UNDERLYING_UNAVAILABLE_OPTIONS_AVAILABLE,23900.0,121.65,132.05,-1.716825,2.126837,147271475.0,167905010.0,-106600.0,11310.0,9.899516,12.321932,0.52622,-0.47789,0.00141,0.00113,-14.17876,-10.24931,11.38224,11.38936,0.164406,0.151458,0.802703,253.7,RISING,FALLING,0.543629,-0.292544,0.563299,UP,,,23868.936363,-0.213637,OK,STALE_UNDERLYING
NIFTY,2026-07-23,15:27,CLOSING_STATE_UNCERTAIN,23888.25,8,CLOSING_STATE_UNCERTAIN,UNDERLYING_UNAVAILABLE_OPTIONS_AVAILABLE,23900.0,122.95,130.675,1.06864,-1.041272,147668885.0,168305410.0,-130845.0,-53430.0,9.783208,12.392269,0.53393,-0.47209,0.00142,0.00112,-14.09057,-10.35516,11.36734,11.38069,0.081334,0.26784,0.80576,253.625,ACCELERATING,FLAT,0.125296,-0.01376,0.148229,NEUTRAL,,,23871.000271,1.850271,OK,STALE_UNDERLYING
NIFTY,2026-07-23,15:28,CLOSING_STATE_UNCERTAIN,23878.8,9,CLOSING_STATE_UNCERTAIN,UNDERLYING_UNAVAILABLE_OPTIONS_AVAILABLE,23900.0,121.125,132.425,-1.484343,1.3392,148266235.0,168693395.0,-94705.0,51610.0,10.134558,12.076385,0.51739,-0.48455,0.00138,0.00115,-14.38801,-9.94799,11.39164,11.39393,0.123839,0.188786,0.806824,253.55,ACCELERATING,ACCELERATING,-0.312274,0.299513,-0.473396,DOWN,,,23867.192257,-1.957743,OK,STALE_UNDERLYING
NIFTY,2026-07-23,15:29,CLOSING_STATE_UNCERTAIN,23872.45,10,CLOSING_STATE_UNCERTAIN,UNDERLYING_UNAVAILABLE_OPTIONS_AVAILABLE,23900.0,120.725,132.925,-0.330237,0.377572,148872360.0,169223080.0,-48360.0,-67990.0,10.267712,11.9762,0.51193,-0.48902,0.00136,0.00117,-14.5014,-9.81353,11.39477,11.39554,0.289915,0.263306,0.808835,253.65,DECELERATING,DECELERATING,-0.245028,0.169462,-0.257952,DOWN,,,23866.845203,-2.304797,OK,STALE_UNDERLYING
NIFTY,2026-07-23,15:30,CLOSING_STATE_UNCERTAIN,23871.7,11,CLOSING_STATE_UNCERTAIN,INSUFFICIENT_DATA,,,,,,,,,,,,,,,,,,,,,,,,,,,,,INSUFFICIENT_DATA,,,,,INVALID,MISSING_OPTION_DATA|STALE_UNDERLYING
SENSEX,2026-07-23,15:15,LIVE,76368.32,0,NORMAL_CONTINUOUS,NEITHER_DIRECTIONAL,76300.0,50.175,1.625,10.700496,-48.0,541458740.0,768533460.0,0.0,0.0,,2.936846,,-0.06566,,0.00222,,-13.95871,,2.49957,0.298954,3.076923,1.018622,51.8,ACCELERATING,ACCELERATING,-0.255996,-0.426062,0.390022,MIXED,,,,,INVALID,INVALID_GREEKS|WIDE_SPREAD
SENSEX,2026-07-23,15:16,LIVE,76361.01,0,NORMAL_CONTINUOUS,OPTIONS_CONFIRM,76300.0,42.05,2.225,-16.193323,36.923077,546106520.0,781224900.0,-940480.0,1955500.0,,2.719635,,-0.08944,,0.00304,,-16.11147,,3.15649,0.475624,2.247191,1.094633,44.275,RISING,FALLING,-0.234787,-0.485152,0.416589,UP,,,,,INVALID,INVALID_GREEKS
SENSEX,2026-07-23,15:17,LIVE,76324.64,0,NORMAL_CONTINUOUS,OPTIONS_CONFIRM,76300.0,39.425,3.125,-6.242568,40.449438,550343540.0,796873520.0,0.0,0.0,2.747196,1.648855,0.71007,-0.17827,0.00639,0.00812,-53.33797,-13.88006,6.67047,5.08296,0.380469,1.6,1.094633,42.55,DECELERATING,FLAT,-0.389913,0.556502,-0.648794,DOWN,,,,,INVALID,INVALID_GREEKS
SENSEX,2026-07-23,15:18,LIVE,76340.98,0,NORMAL_CONTINUOUS,OPTIONS_CONFIRM,76300.0,38.675,2.575,-1.902346,-17.6,554806840.0,809882160.0,372940.0,637480.0,,2.08236,,-0.1284,,0.00517,,-15.22646,,4.08243,0.387847,1.941748,1.112573,41.25,DECELERATING,RISING,-0.207183,0.476732,-0.561305,DOWN,,,,,INVALID,INVALID_GREEKS
SENSEX,2026-07-23,15:19,LIVE,76365.56,0,NORMAL_CONTINUOUS,DIVERGENCE,76300.0,39.425,2.025,1.939237,-21.359223,557806120.0,821583700.0,0.0,0.0,,2.659598,,-0.08621,,0.00304,,-15.38142,,3.05763,0.380469,2.469136,1.112573,41.45,FALLING,ACCELERATING,-0.105433,-0.134438,-0.32334,DOWN,,,,,INVALID,INVALID_GREEKS
SENSEX,2026-07-23,15:20,LIVE,76350.55,0,NORMAL_CONTINUOUS,OPTIONS_CONFIRM,76300.0,41.55,1.375,5.389981,-32.098765,561332220.0,840030460.0,0.0,0.0,,1.953108,,-0.07878,,0.00388,,-10.15859,,2.85216,0.481348,3.636364,1.112573,42.925,ACCELERATING,ACCELERATING,-0.14996,-0.467325,0.439117,UP,,,,,INVALID,INVALID_GREEKS|WIDE_SPREAD
SENSEX,2026-07-23,15:21,LIVE,76341.93,0,NORMAL_CONTINUOUS,DIVERGENCE,76300.0,41.575,0.925,0.060168,-32.727273,563640840.0,850448240.0,-578320.0,-385980.0,,1.790118,,-0.06304,,0.00357,,-7.81271,,2.39965,0.120265,5.405405,1.161139,42.5,DECELERATING,ACCELERATING,-0.09727,-0.39214,0.431623,UP,,,,,INVALID,INVALID_GREEKS|WIDE_SPREAD
SENSEX,2026-07-23,15:22,LIVE,76359.3,0,NORMAL_CONTINUOUS,DIVERGENCE,76300.0,39.025,0.375,-6.133494,-59.459459,565974040.0,864793620.0,0.0,0.0,,1.727655,,-0.02737,,0.00189,,-3.92149,,1.22003,0.384369,13.333333,1.161139,39.4,ACCELERATING,ACCELERATING,-0.230995,-0.420928,0.396643,UP,,,,,INVALID,INVALID_GREEKS|WIDE_SPREAD
SENSEX,2026-07-23,15:23,LIVE,76341.42,0,NORMAL_CONTINUOUS,NEITHER_DIRECTIONAL,76300.0,46.475,0.225,19.090327,-40.0,571792080.0,876032780.0,0.0,0.0,1.194615,1.196673,0.97762,-0.02312,0.00231,0.00237,-23.06282,-2.22282,1.0288,1.05767,0.107585,22.222222,1.161139,46.7,ACCELERATING,DECELERATING,-0.346025,-0.459201,0.371058,MIXED,,,,,INVALID,INVALID_GREEKS|WIDE_SPREAD
SENSEX,2026-07-23,15:24,LIVE,76392.78,0,NORMAL_CONTINUOUS,OPTIONS_CONFIRM,76400.0,0.275,37.675,120.0,-29.841713,758404820.0,453228360.0,-1411460.0,-194760.0,0.240891,4.747691,0.12902,-0.50995,0.04525,0.00435,-4.79896,-67.72093,4.06258,7.69972,18.181818,0.132714,1.018697,37.95,FALLING,ACCELERATING,0.542941,-0.406729,0.64989,UP,,,,,INVALID,INVALID_GREEKS|WIDE_SPREAD
SENSEX,2026-07-23,15:25,LIVE,76424.21,0,NORMAL_CONTINUOUS,OPTIONS_CONFIRM,76400.0,1.025,27.55,272.727273,-26.874585,773203000.0,457914620.0,0.0,0.0,,5.249803,,-0.38671,,0.00378,,-75.25707,,7.38143,4.878049,0.362976,1.018697,28.575,ACCELERATING,DECELERATING,0.597718,-0.434461,0.677393,UP,,,,,INVALID,INVALID_GREEKS|WIDE_SPREAD
SENSEX,2026-07-23,15:26,LIVE,76391.29,0,NORMAL_CONTINUOUS,OPTIONS_CONFIRM,76400.0,0.475,22.1,-53.658537,-19.782214,783051260.0,461547120.0,296600.0,229620.0,,2.939343,,-0.49386,,0.00705,,-38.35421,,7.67865,10.526316,0.452489,0.893877,22.575,RISING,DECELERATING,0.453601,-0.401046,0.618216,UP,,,,,INVALID,INVALID_GREEKS|WIDE_SPREAD
SENSEX,2026-07-23,15:27,LIVE,76424.02,0,NORMAL_CONTINUOUS,OPTIONS_CONFIRM,76400.0,0.825,15.625,73.684211,-29.298643,790230540.0,466871960.0,0.0,0.0,,3.107959,,-0.37543,,0.00635,,-41.18664,,7.29278,6.060606,0.96,0.893877,16.45,ACCELERATING,ACCELERATING,0.398062,-0.609421,0.669161,UP,,,,,INVALID,INVALID_GREEKS|WIDE_SPREAD
SENSEX,2026-07-23,15:28,LIVE,76371.82,0,NORMAL_CONTINUOUS,DIVERGENCE,76400.0,0.225,12.8,-72.727273,-18.08,799917200.0,473088400.0,0.0,0.0,0.685812,,0.03795,,0.00628,,-3.1523,,1.5841,,22.222222,0.78125,0.893877,13.025,ACCELERATING,DECELERATING,-0.177773,-0.539986,0.452709,UP,,,,,INVALID,INVALID_GREEKS|WIDE_SPREAD
SENSEX,2026-07-23,15:29,LIVE,76368.38,0,NORMAL_CONTINUOUS,UNDERLYING_CONFIRMS,76400.0,0.075,11.0,-66.666667,-14.0625,808771980.0,476604300.0,-1671140.0,-233300.0,0.62124,,0.01214,,0.00265,,-1.07138,,0.60432,,66.666667,0.909091,0.883427,11.075,DECELERATING,DECELERATING,-0.117645,-0.492285,-0.207528,NEUTRAL,,,,,INVALID,INVALID_GREEKS|WIDE_SPREAD
SENSEX,2026-07-23,15:30,LIVE,76377.94,0,NORMAL_CONTINUOUS,UNDERLYING_CONFIRMS,,,,,,,,,,,,,,,,,,,,,,,,,,,,,INSUFFICIENT_DATA,,,,,INVALID,MISSING_OPTION_DATA
NIFTY,2026-07-27,15:15,LIVE,23988.35,0,NORMAL_CONTINUOUS,DIVERGENCE,24050.0,52.075,73.8,4.045954,-3.780965,294207355.0,108904380.0,-83525.0,-31460.0,13.57436,7.518061,0.39106,-0.69281,0.00202,0.00334,-31.94979,-10.32465,5.36721,4.91177,0.288046,0.271003,0.916345,125.875,ACCELERATING,ACCELERATING,0.181081,-0.164088,0.443302,UP,,,24023.186915,34.836915,OK,INVALID_GREEKS
NIFTY,2026-07-27,15:16,LIVE,23988.6,0,NORMAL_CONTINUOUS,NEITHER_DIRECTIONAL,24000.0,72.8,51.375,-5.270007,4.473818,636140700.0,428697815.0,-351000.0,-316420.0,13.361185,8.91074,0.4947,-0.50924,0.00214,0.0032,-33.29733,-16.68692,5.57444,5.57344,0.274725,0.291971,1.093663,124.175,ACCELERATING,FALLING,-0.211195,-0.086327,-0.08302,NEUTRAL,,,24016.807893,28.207893,OK,OK
NIFTY,2026-07-27,15:17,LIVE,23989.95,0,NORMAL_CONTINUOUS,DIVERGENCE,24050.0,50.975,75.375,4.350051,-2.395597,295913995.0,109800990.0,16380.0,-135590.0,13.284858,8.019666,0.39149,-0.67736,0.00207,0.0032,-31.35308,-11.76631,5.36618,5.0133,0.294262,0.199005,0.905526,126.35,ACCELERATING,ACCELERATING,0.05619,-0.095627,0.285682,UP,,,24020.980798,31.030798,OK,INVALID_GREEKS
NIFTY,2026-07-27,15:18,LIVE,23990.1,0,NORMAL_CONTINUOUS,DIVERGENCE,24050.0,50.575,75.025,-0.784698,-0.464345,296641280.0,110088940.0,-36595.0,-71565.0,13.175488,7.944242,0.39086,-0.67965,0.00209,0.00322,-31.1074,-11.55547,5.36226,4.99701,0.098863,0.199933,0.900972,125.6,ACCELERATING,RISING,-0.280976,-0.036844,-0.334718,DOWN,,,24020.929888,30.829888,OK,INVALID_GREEKS
NIFTY,2026-07-27,15:19,LIVE,23995.3,0,NORMAL_CONTINUOUS,OPTIONS_CONFIRM,24050.0,52.325,72.1,3.460208,-3.8987,297346205.0,110604650.0,-35165.0,-28080.0,13.114481,8.070566,0.40146,-0.65887,0.00211,0.00325,-31.26582,-12.37013,5.40095,5.12391,0.28667,0.277393,0.892692,124.425,ACCELERATING,ACCELERATING,0.3057,-0.378826,0.56085,UP,,,24025.520679,30.220679,OK,INVALID_GREEKS
NIFTY,2026-07-27,15:20,LIVE,23996.5,0,NORMAL_CONTINUOUS,OPTIONS_CONFIRM,24050.0,52.325,73.2,0.0,1.525659,298211290.0,111012655.0,-73645.0,-81250.0,13.071748,8.454453,0.40322,-0.64855,0.00212,0.00314,-31.22532,-13.43345,5.40574,5.17968,0.28667,0.273224,0.882711,125.525,RISING,FALLING,0.332741,-0.442009,0.551151,UP,,,24024.430698,27.930698,OK,INVALID_GREEKS
NIFTY,2026-07-27,15:21,LIVE,23998.05,0,NORMAL_CONTINUOUS,OPTIONS_CONFIRM,24050.0,52.825,71.6,0.955566,-2.185792,299189020.0,111369830.0,-177970.0,-106405.0,13.001701,8.358461,0.40714,-0.64388,0.00214,0.00319,-31.17764,-13.35219,5.41782,5.20312,0.094652,0.27933,0.879751,124.425,ACCELERATING,ACCELERATING,0.239357,-0.387643,0.534263,UP,,,24026.592618,28.542618,OK,INVALID_GREEKS
NIFTY,2026-07-27,15:22,LIVE,24000.85,0,NORMAL_CONTINUOUS,OPTIONS_CONFIRM,24050.0,54.025,69.4,2.271652,-3.072626,300966120.0,112172190.0,-13585.0,-69485.0,13.051555,8.19944,0.41216,-0.63946,0.00214,0.00327,-31.41515,-13.12731,5.43279,5.22452,0.277649,0.288184,0.873793,123.425,ACCELERATING,ACCELERATING,0.419732,-0.509571,0.622618,UP,,,24030.098951,29.248951,OK,INVALID_GREEKS
NIFTY,2026-07-27,15:23,LIVE,24005.1,0,NORMAL_CONTINUOUS,OPTIONS_CONFIRM,24050.0,56.175,67.8,3.979639,-2.305476,302652285.0,112680815.0,105365.0,-23335.0,13.180483,8.335957,0.42074,-0.62546,0.00213,0.00326,-31.90276,-13.7391,5.45736,5.28995,0.267023,0.294985,0.866809,123.975,ACCELERATING,DECELERATING,0.383763,-0.386838,0.589655,UP,,,24033.428796,28.328796,OK,INVALID_GREEKS
NIFTY,2026-07-27,15:24,LIVE,24002.8,0,NORMAL_CONTINUOUS,DIVERGENCE,24050.0,55.85,68.1,-0.578549,0.442478,304117450.0,113363965.0,-128765.0,-18460.0,13.203482,8.270754,0.41831,-0.63041,0.00212,0.00327,-31.9073,-13.49531,5.44865,5.26566,0.179051,0.293686,0.864212,123.95,RISING,FALLING,0.46233,-0.537437,0.663251,UP,,,24033.051484,30.251484,OK,INVALID_GREEKS
NIFTY,2026-07-27,15:25,LIVE,24001.2,0,NORMAL_CONTINUOUS,DIVERGENCE,24050.0,55.975,68.95,0.223814,1.248164,305451575.0,114055435.0,-38155.0,-75465.0,13.131163,8.58381,0.42069,-0.62152,0.00213,0.00318,-31.80916,-14.36668,5.45419,5.30431,0.089326,0.290065,0.858468,124.925,ACCELERATING,FALLING,0.332435,-0.351663,0.472249,UP,,,24032.045505,30.845505,OK,INVALID_GREEKS
NIFTY,2026-07-27,15:26,LIVE,24001.05,0,NORMAL_CONTINUOUS,DIVERGENCE,24050.0,55.525,69.05,-0.80393,0.145033,306471165.0,114579790.0,-191295.0,-142805.0,13.317265,8.239681,0.41454,-0.63787,0.0021,0.00326,-32.08796,-13.26916,5.43401,5.22657,0.270149,0.289645,0.852264,124.575,ACCELERATING,DECELERATING,-0.258075,0.240835,-0.382605,DOWN,,,24031.798466,30.748466,OK,INVALID_GREEKS
NIFTY,2026-07-27,15:27,LIVE,24002.15,0,NORMAL_CONTINUOUS,DIVERGENCE,24050.0,55.45,68.85,-0.135074,-0.289645,307134295.0,114829910.0,-86970.0,-49140.0,13.204294,8.374233,0.41726,-0.63044,0.00212,0.00323,-31.91005,-13.73021,5.44092,5.26098,0.360685,0.290487,0.846941,124.3,DECELERATING,RISING,-0.130905,0.134553,-0.264335,DOWN,,,24031.897896,29.747896,OK,INVALID_GREEKS
NIFTY,2026-07-27,15:28,LIVE,24004.1,0,NORMAL_CONTINUOUS,NEITHER_DIRECTIONAL,24050.0,55.875,67.5,0.766456,-1.960784,308211865.0,115397685.0,-123045.0,-38090.0,13.15055,8.271479,0.41975,-0.62766,0.00213,0.00328,-31.85598,-13.57817,5.44683,5.27256,0.268456,0.296296,0.842369,123.375,FLAT,ACCELERATING,-0.113117,-0.211941,0.189727,NEUTRAL,,,24033.618726,29.518726,OK,INVALID_GREEKS
NIFTY,2026-07-27,15:29,LIVE,24003.3,0,NORMAL_CONTINUOUS,DIVERGENCE,24050.0,56.2,65.0,0.581655,-3.703704,309765365.0,116212720.0,20995.0,-130650.0,13.232814,7.751361,0.4196,-0.63711,0.00212,0.00347,-32.0424,-12.26637,5.44478,5.22649,0.355872,0.307692,0.831817,121.2,RISING,ACCELERATING,0.226448,-0.309947,0.495708,UP,,,24036.74844,33.44844,OK,INVALID_GREEKS
NIFTY,2026-07-27,15:30,LIVE,24003.65,0,NORMAL_CONTINUOUS,NEITHER_DIRECTIONAL,,,,,,,,,,,,,,,,,,,,,,,,,,,,,INSUFFICIENT_DATA,,,,,INVALID,MISSING_OPTION_DATA
SENSEX,2026-07-27,15:15,LIVE,76809.7,0,NORMAL_CONTINUOUS,DIVERGENCE,77000.0,365.7,388.0,2.293706,-2.439024,16508600.0,4901560.0,0.0,0.0,14.672367,11.18497,0.45676,-0.55814,0.00037,0.00049,-74.50298,-37.45509,28.69764,28.5603,0.191414,0.103093,0.982808,753.7,ACCELERATING,ACCELERATING,0.162266,-0.394371,0.480238,UP,,,76933.888261,124.188261,OK,OK
SENSEX,2026-07-27,15:16,LIVE,76816.23,0,NORMAL_CONTINUOUS,DIVERGENCE,77000.0,360.4,385.75,-1.449275,-0.579897,16581760.0,4954740.0,-48160.0,-22360.0,14.375513,11.244956,0.45852,-0.55429,0.00038,0.00049,-73.27025,-37.87813,28.71079,28.59922,0.221976,0.051847,1.000393,746.15,RISING,DECELERATING,0.280611,-0.370462,0.477047,UP,,,76931.44784,115.21784,OK,OK
SENSEX,2026-07-27,15:17,LIVE,76828.5,0,NORMAL_CONTINUOUS,DIVERGENCE,77000.0,366.4,379.6,1.664817,-1.594297,16635460.0,4984980.0,0.0,0.0,14.484547,11.18384,0.46196,-0.55062,0.00038,0.00049,-73.89455,-37.75713,28.73563,28.63422,0.272926,0.289779,1.000393,746.0,ACCELERATING,ACCELERATING,0.210264,-0.27369,0.47523,UP,,,76943.83599,115.33599,OK,OK
SENSEX,2026-07-27,15:18,LIVE,76826.6,0,NORMAL_CONTINUOUS,UNDERLYING_CONFIRMS,77000.0,363.95,380.25,-0.668668,0.171233,16668260.0,5003600.0,-26840.0,-14840.0,14.326024,11.268537,0.46231,-0.54917,0.00038,0.00049,-73.21371,-38.19145,28.73567,28.6451,0.302239,0.157791,1.014795,744.2,FLAT,FALLING,-0.052772,-0.237341,0.184943,NEUTRAL,,,76940.595468,113.995468,OK,OK
SENSEX,2026-07-27,15:19,LIVE,76833.81,0,NORMAL_CONTINUOUS,OPTIONS_CONFIRM,77000.0,366.25,376.15,0.631955,-1.078238,16692800.0,5028120.0,0.0,0.0,14.317543,11.203068,0.46504,-0.54597,0.00038,0.00049,-73.28602,-38.02741,28.75339,28.67247,0.21843,0.239266,1.014795,742.4,ACCELERATING,ACCELERATING,0.135146,-0.222718,0.380779,UP,,,76947.23367,113.42367,OK,OK
SENSEX,2026-07-27,15:20,LIVE,76830.15,0,NORMAL_CONTINUOUS,NEITHER_DIRECTIONAL,77000.0,367.125,384.0,0.238908,2.086933,16742520.0,5068580.0,0.0,0.0,14.388886,11.456925,0.46383,-0.54662,0.00038,0.00048,-73.56344,-39.12938,28.74114,28.66251,0.177051,0.104167,1.014795,751.125,FLAT,ACCELERATING,-0.041419,0.198696,-0.141265,NEUTRAL,,,76940.639691,110.489691,OK,OK
SENSEX,2026-07-27,15:21,LIVE,76841.51,0,NORMAL_CONTINUOUS,NEITHER_DIRECTIONAL,77000.0,369.4,381.05,0.61968,-0.768229,16769860.0,5080020.0,-10460.0,-13400.0,14.312676,11.558155,0.46796,-0.5408,0.00038,0.00047,-73.38536,-39.79508,28.76787,28.70989,0.216567,0.288676,0.998099,750.45,ACCELERATING,FLAT,0.121927,-0.046818,0.159133,NEUTRAL,,,76944.549258,103.039258,OK,OK
SENSEX,2026-07-27,15:22,LIVE,76841.94,0,NORMAL_CONTINUOUS,NEITHER_DIRECTIONAL,77000.0,371.675,375.775,0.615864,-1.384333,16825700.0,5097840.0,0.0,0.0,14.380461,11.397837,0.46829,-0.54178,0.00038,0.00048,-73.70468,-39.0563,28.76684,28.69923,0.094168,0.306034,0.998099,747.45,RISING,FLAT,0.222334,-0.052491,0.206387,NEUTRAL,,,76952.537334,110.597334,OK,OK
SENSEX,2026-07-27,15:23,LIVE,76856.48,0,NORMAL_CONTINUOUS,OPTIONS_CONFIRM,77000.0,371.175,369.825,-0.134526,-1.583394,16868460.0,5110980.0,0.0,0.0,14.106196,11.433121,0.47323,-0.53453,0.00039,0.00048,-72.66706,-39.46947,28.79541,28.75195,0.255944,0.283918,0.998099,741.0,RISING,FALLING,0.18265,-0.212246,0.408911,UP,,,76958.085876,101.605876,OK,OK
SENSEX,2026-07-27,15:24,LIVE,76857.1,0,NORMAL_CONTINUOUS,OPTIONS_CONFIRM,77000.0,374.5,368.125,0.895804,-0.459677,16932700.0,5146820.0,-6880.0,4880.0,14.267368,11.433195,0.47331,-0.53384,0.00039,0.00048,-73.3919,-39.49822,28.79245,28.75365,0.213618,0.203735,0.997982,742.625,ACCELERATING,DECELERATING,0.378262,-0.389793,0.534743,UP,,,76963.555834,106.455834,OK,OK
SENSEX,2026-07-27,15:25,LIVE,76852.24,0,NORMAL_CONTINUOUS,NEITHER_DIRECTIONAL,77000.0,373.025,374.275,-0.393858,1.670628,17005920.0,5173160.0,0.0,0.0,14.231589,11.526368,0.47214,-0.53586,0.00039,0.00048,-73.20009,-39.84876,28.78252,28.73595,0.227867,0.120232,0.997982,747.3,FLAT,FLAT,0.124655,0.072103,0.079779,NEUTRAL,,,76954.91183,102.67183,OK,OK
SENSEX,2026-07-27,15:26,LIVE,76846.7,0,NORMAL_CONTINUOUS,NEITHER_DIRECTIONAL,77000.0,373.375,373.2,0.093827,-0.287222,17051620.0,5195140.0,-3780.0,-17980.0,14.332263,11.39691,0.47037,-0.53848,0.00038,0.00048,-73.5924,-39.1906,28.76825,28.71359,0.174088,0.241158,0.97975,746.575,ACCELERATING,RISING,0.032849,0.120539,-0.070369,NEUTRAL,,,76956.729011,110.029011,OK,OK
SENSEX,2026-07-27,15:27,LIVE,76862.12,0,NORMAL_CONTINUOUS,DIVERGENCE,77000.0,371.825,372.85,-0.415132,-0.093783,17099900.0,5217820.0,0.0,0.0,14.06371,11.626816,0.47531,-0.53166,0.00039,0.00047,-72.57453,-40.44598,28.79484,28.75864,0.09413,0.187743,0.97975,744.675,ACCELERATING,RISING,-0.259874,0.170225,-0.289573,DOWN,,,76955.985106,93.865106,OK,OK
SENSEX,2026-07-27,15:28,LIVE,76877.13,0,NORMAL_CONTINUOUS,UNDERLYING_CONFIRMS,77000.0,370.825,373.025,-0.268944,0.046936,17132800.0,5319380.0,0.0,0.0,13.750461,11.861907,0.48063,-0.52521,0.0004,0.00046,-71.35714,-41.70124,28.81863,28.79339,0.39102,0.254675,0.97975,743.85,FALLING,FLAT,0.045031,-0.179535,0.069861,NEUTRAL,,,76955.426531,78.296531,OK,OK
SENSEX,2026-07-27,15:29,LIVE,76846.87,0,NORMAL_CONTINUOUS,NEITHER_DIRECTIONAL,77000.0,372.525,366.25,0.458437,-1.816232,17181620.0,5386040.0,-13160.0,85960.0,14.232556,11.175352,0.47176,-0.5398,0.00039,0.00049,-73.21856,-38.17936,28.76788,28.69452,0.255016,0.300341,1.014174,738.775,FLAT,ACCELERATING,-0.136264,-0.385417,0.222243,NEUTRAL,,,76963.067906,116.197906,OK,OK
SENSEX,2026-07-27,15:30,LIVE,76847.79,0,NORMAL_CONTINUOUS,NEITHER_DIRECTIONAL,,,,,,,,,,,,,,,,,,,,,,,,,,,,,INSUFFICIENT_DATA,,,,,INVALID,MISSING_OPTION_DATA
NIFTY,2026-07-30,15:15,LIVE,24315.3,0,NORMAL_CONTINUOUS,OPTIONS_CONFIRM,24300.0,99.9,120.325,-2.702703,1.970339,197608320.0,144232465.0,5590.0,-32630.0,6.209379,12.422446,0.61117,-0.44107,0.00212,0.00109,-10.66188,-10.65642,11.16783,11.49533,0.3003,0.207771,1.018819,220.225,ACCELERATING,DECELERATING,-0.484845,0.437126,-0.63852,DOWN,,,24257.902607,-57.397393,OK,OK
NIFTY,2026-07-30,15:16,LIVE,24311.85,0,NORMAL_CONTINUOUS,OPTIONS_CONFIRM,24300.0,97.975,121.3,-1.926927,0.810305,198340090.0,145017405.0,-114140.0,-109980.0,6.179084,12.398436,0.60571,-0.44463,0.00214,0.00109,-10.61881,-10.62311,11.20958,11.50789,0.051033,0.16488,1.015359,219.275,DECELERATING,DECELERATING,-0.624029,0.419196,-0.67908,DOWN,,,24254.819784,-57.030216,OK,OK
NIFTY,2026-07-30,15:17,LIVE,24314.5,0,NORMAL_CONTINUOUS,OPTIONS_CONFIRM,24300.0,100.55,120.725,2.628221,-0.474031,198839030.0,145438800.0,11310.0,-75010.0,6.31884,12.432238,0.60726,-0.44248,0.00209,0.00109,-10.77181,-10.666,11.19754,11.49921,0.099453,0.207082,1.005923,221.275,FALLING,RISING,-0.355981,0.221631,-0.462359,DOWN,,,24258.197774,-56.302226,OK,OK
NIFTY,2026-07-30,15:18,LIVE,24312.75,0,NORMAL_CONTINUOUS,NEITHER_DIRECTIONAL,24300.0,100.075,121.875,-0.472402,0.952578,199205370.0,145823535.0,-8580.0,-19240.0,6.372982,12.420948,0.60193,-0.44511,0.00208,0.00109,-10.81891,-10.64849,11.23698,11.50812,0.249813,0.123077,0.997989,221.95,FLAT,ACCELERATING,-0.041267,0.048453,-0.089969,NEUTRAL,,,24256.756189,-55.993811,OK,OK
NIFTY,2026-07-30,15:19,LIVE,24310.95,0,NORMAL_CONTINUOUS,NEITHER_DIRECTIONAL,24300.0,98.375,121.725,-1.698726,-0.123077,199705545.0,146355560.0,-12740.0,-97890.0,6.35144,12.348441,0.59807,-0.44702,0.00209,0.0011,-10.78735,-10.56502,11.26372,11.51396,0.152478,0.205381,0.986204,220.1,FLAT,FLAT,-0.05575,0.101984,-0.0582,NEUTRAL,,,24254.970048,-55.979952,OK,OK
NIFTY,2026-07-30,15:20,LIVE,24319.35,0,NORMAL_CONTINUOUS,DIVERGENCE,24300.0,103.7,117.925,5.412961,-3.121791,200375110.0,146895190.0,-71175.0,-106340.0,6.325317,12.349128,0.61733,-0.4371,0.00207,0.0011,-10.79798,-10.58816,11.11384,11.47533,0.289296,0.127199,0.980463,221.625,ACCELERATING,ACCELERATING,0.135625,-0.399261,0.467153,UP,,,24263.981744,-55.368256,OK,OK
NIFTY,2026-07-30,15:21,LIVE,24323.55,0,NORMAL_CONTINUOUS,OPTIONS_CONFIRM,24300.0,104.875,113.85,1.133076,-3.455586,201009120.0,147420975.0,-53690.0,-39585.0,6.19853,12.161229,0.62874,-0.43139,0.00209,0.00111,-10.67976,-10.39215,11.01092,11.44912,0.238379,0.17567,0.980668,218.725,DECELERATING,ACCELERATING,0.27336,-0.422625,0.562614,UP,,,24269.136953,-54.413047,OK,OK
NIFTY,2026-07-30,15:22,LIVE,24317.45,0,NORMAL_CONTINUOUS,OPTIONS_CONFIRM,24300.0,103.025,116.025,-1.764005,1.910408,201782750.0,147863755.0,-60255.0,-13520.0,6.367018,12.084486,0.61258,-0.43944,0.00207,0.00112,-10.83541,-10.29563,11.15191,11.48291,0.145596,0.043094,0.981083,219.05,RISING,FALLING,0.419118,-0.253774,0.549952,UP,,,24264.037724,-53.412276,OK,OK
NIFTY,2026-07-30,15:23,LIVE,24331.55,0,NORMAL_CONTINUOUS,OPTIONS_CONFIRM,24300.0,104.925,115.95,1.844213,-0.064641,202382245.0,148298800.0,-47125.0,-2210.0,5.739505,12.612875,0.65574,-0.42576,0.0022,0.00107,-10.22387,-10.89257,10.72622,11.42152,0.142959,0.258732,0.983801,220.875,ACCELERATING,ACCELERATING,0.221443,-0.313657,0.384294,UP,,,24267.032083,-64.517917,OK,INVALID_GREEKS
NIFTY,2026-07-30,15:24,LIVE,24333.9,0,NORMAL_CONTINUOUS,OPTIONS_CONFIRM,24300.0,106.575,114.025,1.572552,-1.660198,203177780.0,148726240.0,-56810.0,11635.0,5.690632,12.579554,0.66361,-0.4219,0.0022,0.00107,-10.17619,-10.85894,10.63243,11.40075,0.234577,0.13155,0.98367,220.6,RISING,FLAT,0.460165,0.019364,0.274572,UP,,,24270.904629,-62.995371,OK,INVALID_GREEKS
NIFTY,2026-07-30,15:25,LIVE,24333.75,0,NORMAL_CONTINUOUS,OPTIONS_CONFIRM,24300.0,106.475,114.85,-0.093831,0.723526,203888035.0,149327165.0,-95745.0,36010.0,5.733398,12.63371,0.66149,-0.42268,0.00219,0.00106,-10.21985,-10.9186,10.65739,11.40426,0.234797,0.08707,0.991353,221.325,RISING,FALLING,0.48171,-0.487221,0.607424,UP,,,24269.891226,-63.858774,OK,INVALID_GREEKS
NIFTY,2026-07-30,15:26,LIVE,24337.45,0,NORMAL_CONTINUOUS,OPTIONS_CONFIRM,24300.0,107.375,114.25,0.845269,-0.522421,204443720.0,149723015.0,-135850.0,-123240.0,5.475829,12.765826,0.68037,-0.41842,0.00224,0.00105,-9.95833,-11.06384,10.41561,11.38082,0.046566,0.087527,0.992122,221.625,ACCELERATING,ACCELERATING,0.273538,-0.173212,0.400139,UP,,,24271.405159,-66.044841,OK,INVALID_GREEKS
NIFTY,2026-07-30,15:27,LIVE,24333.1,0,NORMAL_CONTINUOUS,NEITHER_DIRECTIONAL,24300.0,106.925,114.525,-0.419092,0.2407,205029565.0,150095465.0,-96850.0,-34515.0,5.689624,12.666997,0.66507,-0.4217,0.0022,0.00106,-10.17639,-10.95697,10.6126,11.39766,0.140285,0.30561,0.982531,221.45,FLAT,FLAT,-0.065886,-0.063049,0.004259,NEUTRAL,,,24270.827675,-62.272325,OK,INVALID_GREEKS
NIFTY,2026-07-30,15:28,LIVE,24308.9,0,NORMAL_CONTINUOUS,UNDERLYING_CONFIRMS,24300.0,107.225,114.55,0.28057,0.021829,205589865.0,150566585.0,-85215.0,-38220.0,7.0415,11.782274,0.59156,-0.44317,0.0019,0.00115,-11.51958,-9.96107,11.30312,11.49229,0.326416,0.087298,0.972829,221.775,ACCELERATING,FLAT,-0.034021,0.268838,-0.011238,NEUTRAL,,,24270.897126,-38.002874,OK,OK
NIFTY,2026-07-30,15:29,LIVE,24302.1,0,NORMAL_CONTINUOUS,UNDERLYING_CONFIRMS,24300.0,106.95,113.725,-0.25647,-0.72021,206423100.0,151350680.0,-180570.0,-45175.0,7.578363,11.242858,0.56686,-0.45518,0.00178,0.00121,-12.03462,-9.33292,11.44116,11.53048,0.280505,0.219829,0.958897,220.675,FLAT,FLAT,-0.249724,0.006244,-0.06292,NEUTRAL,,,24271.594641,-30.505359,OK,OK
NIFTY,2026-07-30,15:30,LIVE,24296.6,0,NORMAL_CONTINUOUS,UNDERLYING_CONFIRMS,,,,,,,,,,,,,,,,,,,,,,,,,,,,,INSUFFICIENT_DATA,,,,,INVALID,MISSING_OPTION_DATA
SENSEX,2026-07-30,15:15,LIVE,77873.99,0,NORMAL_CONTINUOUS,OPTIONS_CONFIRM,77800.0,43.625,2.375,-15.741188,72.727273,863726660.0,411165720.0,0.0,0.0,,2.91114,,-0.08929,,0.00278,,-17.67074,,3.21933,0.34384,2.105263,1.361894,46.0,ACCELERATING,FALLING,-0.337371,0.5103,-0.61589,DOWN,,,,,INVALID,INVALID_GREEKS
SENSEX,2026-07-30,15:16,LIVE,77838.7,0,NORMAL_CONTINUOUS,OPTIONS_CONFIRM,77800.0,36.35,4.175,-16.676218,75.789474,871247020.0,431026200.0,-85280.0,-528100.0,191.803913,2.097033,0.51436,-0.18257,0.0001,0.00634,-3199.1406,-19.25332,7.93567,5.26929,0.550206,1.197605,1.262576,40.525,ACCELERATING,ACCELERATING,-0.445178,0.643678,-0.696285,DOWN,,,,,INVALID,INVALID_GREEKS
SENSEX,2026-07-30,15:17,LIVE,77849.01,0,NORMAL_CONTINUOUS,OPTIONS_CONFIRM,77800.0,41.4,3.325,13.89271,-20.359281,875825460.0,443364860.0,0.0,0.0,,2.468711,,-0.13507,,0.00443,,-19.51147,,4.31738,0.483092,1.503759,1.262576,44.725,FALLING,RISING,-0.382769,0.481109,-0.621293,DOWN,,,,,INVALID,INVALID_GREEKS
SENSEX,2026-07-30,15:18,LIVE,77869.43,0,NORMAL_CONTINUOUS,DIVERGENCE,77800.0,43.975,1.425,6.219807,-57.142857,880866540.0,457777040.0,169760.0,1430120.0,,2.500257,,-0.06661,,0.0026,,-12.09471,,2.56546,0.341103,3.508772,1.330715,45.4,DECELERATING,ACCELERATING,-0.187469,-0.383062,0.397736,UP,,,,,INVALID,INVALID_GREEKS|WIDE_SPREAD
SENSEX,2026-07-30,15:19,LIVE,77856.7,0,NORMAL_CONTINUOUS,OPTIONS_CONFIRM,77800.0,43.15,1.375,-1.876066,-3.508772,885199680.0,470224240.0,0.0,0.0,,2.093586,,-0.07298,,0.00334,,-10.60105,,2.748,0.463499,3.636364,1.330715,44.525,RISING,DECELERATING,0.266783,-0.360124,0.542302,UP,,,,,INVALID,INVALID_GREEKS|WIDE_SPREAD
SENSEX,2026-07-30,15:20,LIVE,77881.6,0,NORMAL_CONTINUOUS,OPTIONS_CONFIRM,77900.0,2.425,44.375,40.57971,-26.164725,764994260.0,153496940.0,0.0,0.0,0.91044,3.672188,0.22926,-0.63917,0.01681,0.00515,-16.47202,-44.0419,6.00122,7.41202,2.061856,0.112676,1.239139,46.8,DECELERATING,ACCELERATING,0.496637,-0.29303,0.596556,UP,,,,,INVALID,INVALID_GREEKS
SENSEX,2026-07-30,15:21,LIVE,77892.26,0,NORMAL_CONTINUOUS,OPTIONS_CONFIRM,77900.0,5.125,27.55,111.340206,-37.915493,785979840.0,160156160.0,-658640.0,-634480.0,0.813688,3.323537,0.43291,-0.51634,0.02444,0.00607,-22.6883,-44.65882,7.77639,7.88165,0.97561,0.362976,1.192602,32.675,ACCELERATING,ACCELERATING,0.601064,-0.545361,0.715475,UP,,,,,INVALID,INVALID_GREEKS
SENSEX,2026-07-30,15:22,LIVE,77871.1,0,NORMAL_CONTINUOUS,DIVERGENCE,77900.0,8.25,16.3,60.97561,-40.834846,811131220.0,170123380.0,0.0,0.0,2.238755,,0.29447,,0.0078,,-38.76102,,6.80467,,1.212121,0.613497,1.192602,24.55,DECELERATING,ACCELERATING,0.607935,-0.302758,0.636898,UP,,,,,INVALID,INVALID_GREEKS
SENSEX,2026-07-30,15:23,LIVE,77922.47,0,NORMAL_CONTINUOUS,OPTIONS_CONFIRM,77900.0,22.325,5.875,170.606061,-63.957055,831375320.0,183731080.0,0.0,0.0,,2.037073,,-0.24702,,0.00786,,-21.8522,,6.22732,0.223964,0.851064,1.192602,28.2,ACCELERATING,ACCELERATING,0.638614,-0.653788,0.764134,UP,,,,,INVALID,INVALID_GREEKS
SENSEX,2026-07-30,15:24,LIVE,77925.95,0,NORMAL_CONTINUOUS,OPTIONS_CONFIRM,77900.0,18.55,3.975,-16.909295,-32.340426,850862320.0,200709720.0,-2850280.0,3672780.0,,1.83846,,-0.1964,,0.00765,,-17.30934,,5.4533,0.539084,1.257862,1.237536,22.525,RISING,DECELERATING,0.560543,-0.563098,0.70788,UP,,,,,INVALID,INVALID_GREEKS
SENSEX,2026-07-30,15:25,LIVE,77941.98,0,NORMAL_CONTINUOUS,OPTIONS_CONFIRM,77900.0,24.85,1.175,33.962264,-70.440252,861573380.0,212613520.0,0.0,0.0,,2.265345,,-0.05992,,0.00267,,-10.12896,,2.34126,0.804829,4.255319,1.237536,26.025,ACCELERATING,ACCELERATING,0.442179,-0.16326,0.535146,UP,,,,,INVALID,INVALID_GREEKS|WIDE_SPREAD
SENSEX,2026-07-30,15:26,LIVE,77971.0,0,NORMAL_CONTINUOUS,OPTIONS_CONFIRM,77900.0,36.125,1.025,45.372233,-12.765957,873719380.0,224622880.0,-4526360.0,2623700.0,,1.680096,,-0.07163,,0.00414,,-8.19993,,2.68411,0.415225,4.878049,1.332525,37.15,ACCELERATING,DECELERATING,0.067253,-0.38395,0.483734,UP,,,,,INVALID,INVALID_GREEKS|WIDE_SPREAD
SENSEX,2026-07-30,15:27,LIVE,77965.29,0,NORMAL_CONTINUOUS,OPTIONS_CONFIRM,77900.0,44.825,0.675,24.083045,-34.146341,885095460.0,233110620.0,0.0,0.0,,1.962825,,-0.04157,,0.00231,,-6.52022,,1.74407,0.557724,7.407407,1.332525,45.5,DECELERATING,ACCELERATING,0.423061,-0.354813,0.592625,UP,,,,,INVALID,INVALID_GREEKS|WIDE_SPREAD
SENSEX,2026-07-30,15:28,LIVE,77851.21,0,NORMAL_CONTINUOUS,DIVERGENCE,77900.0,40.2,0.425,-10.317903,-37.037037,894766660.0,242302220.0,0.0,0.0,7.621447,,0.38464,,0.00256,,-131.83658,,7.47361,,0.497512,11.764706,1.332525,40.625,RISING,ACCELERATING,0.476334,-0.284305,0.58688,UP,,,,,INVALID,INVALID_GREEKS|WIDE_SPREAD
SENSEX,2026-07-30,15:29,LIVE,77806.0,0,NORMAL_CONTINUOUS,UNDERLYING_CONFIRMS,77900.0,25.675,0.575,-36.131841,35.294118,905575260.0,252043020.0,-1580360.0,-779580.0,7.712117,,0.27738,,0.00223,,-115.71148,,6.5397,,0.584226,8.695652,1.410169,26.25,ACCELERATING,FALLING,-0.468727,-0.554109,-0.138773,MIXED,,,,,INVALID,INVALID_GREEKS|WIDE_SPREAD
SENSEX,2026-07-30,15:30,LIVE,77835.43,0,NORMAL_CONTINUOUS,UNDERLYING_CONFIRMS,,,,,,,,,,,,,,,,,,,,,,,,,,,,,INSUFFICIENT_DATA,,,,,INVALID,MISSING_OPTION_DATA
NIFTY,2026-07-31,15:15,LIVE,24390.75,0,NORMAL_CONTINUOUS,OPTIONS_CONFIRM,24400.0,79.725,92.5,-0.281426,0.543478,422402370.0,304970900.0,-131820.0,-241150.0,6.622856,9.738818,0.54619,-0.46743,0.00228,0.00155,-11.76469,-8.85641,10.41647,10.45187,0.188147,0.216216,0.969295,172.225,ACCELERATING,ACCELERATING,-0.302432,0.206686,-0.412754,DOWN,,,24369.612226,-21.137774,OK,OK
NIFTY,2026-07-31,15:16,LIVE,24386.65,0,NORMAL_CONTINUOUS,DIVERGENCE,24400.0,74.475,98.45,-6.585136,6.432432,424737430.0,307092890.0,-237575.0,-565825.0,6.338521,10.11437,0.53812,-0.47477,0.00238,0.0015,-11.37835,-9.28481,10.43627,10.4632,0.20141,0.101574,0.955511,172.925,ACCELERATING,ACCELERATING,-0.506889,0.465213,-0.656361,DOWN,,,24358.351081,-28.298919,OK,OK
NIFTY,2026-07-31,15:17,LIVE,24385.55,0,NORMAL_CONTINUOUS,OPTIONS_CONFIRM,24400.0,75.2,98.025,0.973481,-0.431691,426309325.0,308931090.0,-517010.0,-647660.0,6.490022,10.015386,0.53415,-0.47661,0.00233,0.00151,-11.54534,-9.15443,10.44432,10.46472,0.132979,0.255037,0.958694,173.225,FALLING,RISING,-0.524867,0.437631,-0.653098,DOWN,,,24359.464588,-26.085412,OK,OK
NIFTY,2026-07-31,15:18,LIVE,24386.3,0,NORMAL_CONTINUOUS,DIVERGENCE,24400.0,77.225,94.925,2.692819,-3.162459,427552060.0,310369670.0,-170430.0,-329550.0,6.624078,9.762883,0.53567,-0.47465,0.00228,0.00155,-11.71859,-8.85434,10.44035,10.46112,0.194238,0.158019,0.951857,172.15,FALLING,RISING,-0.248522,0.192065,-0.448224,DOWN,,,24364.685539,-21.614461,OK,OK
NIFTY,2026-07-31,15:19,LIVE,24381.2,0,NORMAL_CONTINUOUS,UNDERLYING_CONFIRMS,24400.0,75.75,97.85,-1.910003,3.08138,428372880.0,311112490.0,-206375.0,-287950.0,6.732028,9.804504,0.52423,-0.48224,0.00225,0.00155,-11.7918,-8.86591,10.46002,10.46898,0.132013,0.204394,0.947546,173.6,RISING,FALLING,-0.01451,-0.002087,0.190395,NEUTRAL,,,24360.37787,-20.82213,OK,OK
NIFTY,2026-07-31,15:20,LIVE,24378.1,0,NORMAL_CONTINUOUS,UNDERLYING_CONFIRMS,24400.0,76.5,97.775,0.990099,-0.076648,429600340.0,312148330.0,-227110.0,-184015.0,7.032078,9.570473,0.51404,-0.48961,0.00216,0.00159,-12.10312,-8.53454,10.47017,10.47287,0.261438,0.255689,0.944543,174.275,ACCELERATING,FLAT,-0.105962,-0.083858,0.166549,NEUTRAL,,,24361.320214,-16.779786,OK,OK
NIFTY,2026-07-31,15:21,LIVE,24378.85,0,NORMAL_CONTINUOUS,OPTIONS_CONFIRM,24400.0,75.825,96.95,-0.882353,-0.843774,430448980.0,313227135.0,-145145.0,-243425.0,6.889634,9.592506,0.51767,-0.48631,0.0022,0.00158,-11.94991,-8.58281,10.46617,10.47028,0.197824,0.309438,0.939503,172.775,ACCELERATING,RISING,-0.242233,0.152789,-0.384583,DOWN,,,24361.219548,-17.630452,OK,OK
NIFTY,2026-07-31,15:22,LIVE,24378.1,0,NORMAL_CONTINUOUS,NEITHER_DIRECTIONAL,24400.0,75.725,96.775,-0.131883,-0.180505,431349035.0,313974310.0,-51350.0,-215670.0,6.927755,9.553653,0.5155,-0.48778,0.00219,0.00159,-11.98471,-8.52695,10.46729,10.47029,0.198085,0.258331,0.930747,172.5,FLAT,DECELERATING,-0.020586,-0.138388,0.110168,NEUTRAL,,,24361.433204,-16.666796,OK,OK
NIFTY,2026-07-31,15:23,LIVE,24373.85,0,NORMAL_CONTINUOUS,NEITHER_DIRECTIONAL,24400.0,74.5,97.175,-1.617696,0.41333,432045705.0,314713100.0,-137865.0,-292240.0,6.987683,9.402463,0.5068,-0.49404,0.00217,0.00162,-12.00507,-8.30191,10.47111,10.47146,0.268456,0.154361,0.920519,171.675,ACCELERATING,FALLING,-0.20436,-0.082662,-0.208869,NEUTRAL,,,24359.861672,-13.988328,OK,OK
NIFTY,2026-07-31,15:24,LIVE,24379.7,0,NORMAL_CONTINUOUS,DIVERGENCE,24400.0,76.475,93.425,2.651007,-3.859017,432955510.0,315727620.0,-144690.0,-171405.0,6.946875,9.257388,0.51763,-0.4859,0.00219,0.00164,-12.02238,-8.1747,10.46367,10.46736,0.065381,0.267594,0.9203,169.9,ACCELERATING,ACCELERATING,0.097948,-0.361624,0.436812,UP,,,24365.892916,-13.807084,OK,OK
NIFTY,2026-07-31,15:25,LIVE,24378.65,0,NORMAL_CONTINUOUS,DIVERGENCE,24400.0,76.65,96.35,0.228833,3.130854,434322005.0,317072080.0,-383435.0,-352755.0,7.04592,9.451161,0.51354,-0.489,0.00216,0.00161,-12.12075,-8.39595,10.46623,10.46829,0.130463,0.311365,0.913282,173.0,DECELERATING,FLAT,0.418669,-0.055535,0.288284,UP,,,24362.438464,-16.211536,OK,OK
NIFTY,2026-07-31,15:26,LIVE,24373.0,0,NORMAL_CONTINUOUS,NEITHER_DIRECTIONAL,24400.0,74.775,96.6,-2.446184,0.259471,435628635.0,317949385.0,-183300.0,-370435.0,7.076496,9.289897,0.505,-0.49535,0.00215,0.00164,-12.10512,-8.15726,10.46888,10.46899,0.334336,0.310559,0.904972,171.375,FLAT,FALLING,0.138167,-0.123506,0.170228,NEUTRAL,,,24360.495792,-12.504208,OK,OK
NIFTY,2026-07-31,15:27,LIVE,24374.2,0,NORMAL_CONTINUOUS,OPTIONS_CONFIRM,24400.0,74.575,96.775,-0.267469,0.181159,436562230.0,318679400.0,-374270.0,-216450.0,6.990863,9.371227,0.50676,-0.49407,0.00217,0.00162,-12.01158,-8.26703,10.4677,10.46804,0.335233,0.258331,0.907938,171.35,DECELERATING,RISING,-0.159119,0.171675,-0.419736,DOWN,,,24360.198832,-14.001168,OK,OK
NIFTY,2026-07-31,15:28,LIVE,24370.95,0,NORMAL_CONTINUOUS,OPTIONS_CONFIRM,24400.0,72.75,97.2,-2.447201,0.439163,437976110.0,319768800.0,-339625.0,-189150.0,6.961597,9.279606,0.50054,-0.49872,0.00218,0.00164,-11.93486,-8.12366,10.46711,10.46707,0.274914,0.308642,0.909127,169.95,ACCELERATING,RISING,-0.376701,0.039142,-0.441738,DOWN,,,24357.976872,-12.973128,OK,OK
NIFTY,2026-07-31,15:29,LIVE,24364.3,0,NORMAL_CONTINUOUS,OPTIONS_CONFIRM,24350.0,93.05,76.225,-6.786877,2.281114,323591190.0,323018995.0,-297505.0,-570960.0,6.826776,9.088422,0.59012,-0.43122,0.00217,0.00165,-12.14014,-8.17392,10.19415,10.30633,0.322407,0.327976,1.091045,169.275,ACCELERATING,ACCELERATING,-0.549389,0.357403,-0.633401,DOWN,,,24349.679181,-14.620819,OK,OK
NIFTY,2026-07-31,15:30,LIVE,24366.7,0,NORMAL_CONTINUOUS,UNDERLYING_CONFIRMS,,,,,,,,,,,,,,,,,,,,,,,,,,,,,INSUFFICIENT_DATA,,,,,INVALID,MISSING_OPTION_DATA
SENSEX,2026-07-31,15:15,LIVE,78130.09,0,NORMAL_CONTINUOUS,UNDERLYING_CONFIRMS,78200.0,394.6,427.325,0.71465,-0.656748,12631840.0,9159240.0,0.0,0.0,8.878808,11.26229,0.5303,-0.475,0.00044,0.00035,-40.1554,-26.42272,40.63478,40.67228,0.228079,0.128708,1.013523,821.925,FALLING,FLAT,-0.253231,-0.116938,-0.089072,NEUTRAL,,,78081.765641,-48.324359,OK,OK
SENSEX,2026-07-31,15:16,LIVE,78121.56,0,NORMAL_CONTINUOUS,DIVERGENCE,78100.0,429.85,396.025,-3.842067,3.970858,12449420.0,9474980.0,-47220.0,-30640.0,8.533273,11.544314,0.57281,-0.44469,0.00045,0.00034,-39.5426,-27.7094,40.06513,40.3534,0.255903,0.265135,1.067257,825.875,ACCELERATING,ACCELERATING,-0.294898,0.308214,-0.473834,DOWN,,,78050.285177,-71.274823,OK,OK
SENSEX,2026-07-31,15:17,LIVE,78108.27,0,NORMAL_CONTINUOUS,OPTIONS_CONFIRM,78100.0,429.4,401.775,-0.104688,1.451929,12494440.0,9543560.0,0.0,0.0,8.673678,11.547517,0.56598,-0.44916,0.00044,0.00034,-39.92743,-27.67612,40.17823,40.40525,0.209595,0.136893,1.067257,831.175,DECELERATING,DECELERATING,-0.409995,0.359957,-0.579489,DOWN,,,78042.960061,-65.309939,OK,OK
SENSEX,2026-07-31,15:18,LIVE,78106.63,0,NORMAL_CONTINUOUS,OPTIONS_CONFIRM,78100.0,432.675,399.775,0.762692,-0.497791,12521900.0,9594740.0,-18560.0,-26700.0,8.748033,11.438185,0.566,-0.4493,0.00044,0.00034,-40.16825,-27.3233,40.17633,40.40385,0.196452,0.237634,1.03257,832.45,FALLING,RISING,-0.291305,0.331052,-0.529709,DOWN,,,78048.444771,-58.185229,OK,OK
SENSEX,2026-07-31,15:19,LIVE,78102.95,0,NORMAL_CONTINUOUS,OPTIONS_CONFIRM,78100.0,432.775,405.8,0.023112,1.507098,12548560.0,9639940.0,0.0,0.0,8.849422,11.575421,0.56228,-0.45044,0.00044,0.00033,-40.45673,-27.75665,40.23174,40.41538,0.38126,0.197141,1.03257,838.575,DECELERATING,ACCELERATING,0.035956,0.423763,-0.271008,DOWN,,,78043.464122,-59.485878,OK,OK
SENSEX,2026-07-31,15:20,LIVE,78087.41,0,NORMAL_CONTINUOUS,UNDERLYING_CONFIRMS,78100.0,434.65,402.525,0.433251,-0.807048,12579380.0,9700240.0,0.0,0.0,9.131142,11.31437,0.55393,-0.4554,0.00042,0.00034,-41.27064,-26.85573,40.34606,40.46407,0.207063,0.136637,1.03257,837.175,ACCELERATING,FLAT,0.098569,0.118169,0.076725,NEUTRAL,,,78047.589191,-39.820809,OK,OK
SENSEX,2026-07-31,15:21,LIVE,78090.64,0,NORMAL_CONTINUOUS,UNDERLYING_CONFIRMS,78100.0,436.225,403.3,0.362361,0.192535,12612160.0,9741060.0,-3560.0,-25780.0,9.099829,11.385762,0.55547,-0.45455,0.00043,0.00034,-41.18972,-27.09948,40.32388,40.45358,0.240701,0.198364,0.999633,839.525,RISING,ACCELERATING,-0.049005,0.098733,-0.054982,NEUTRAL,,,78048.680804,-41.959196,OK,OK
SENSEX,2026-07-31,15:22,LIVE,78089.73,0,NORMAL_CONTINUOUS,NEITHER_DIRECTIONAL,78100.0,431.275,396.875,-1.134736,-1.593107,12640540.0,9770320.0,0.0,0.0,9.023794,11.230124,0.5555,-0.45386,0.00043,0.00035,-40.94633,-26.60593,40.32071,40.44352,0.266651,0.314961,0.999633,828.15,FLAT,ACCELERATING,-0.049158,-0.124835,0.16161,NEUTRAL,,,78050.308611,-39.421389,OK,OK
SENSEX,2026-07-31,15:23,LIVE,78071.74,0,NORMAL_CONTINUOUS,UNDERLYING_CONFIRMS,78100.0,426.075,401.675,-1.205727,1.209449,12660600.0,9792280.0,0.0,0.0,9.102776,11.12618,0.54776,-0.46024,0.00043,0.00035,-41.10521,-26.1893,40.41222,40.5014,0.222965,0.161822,0.999633,827.75,FALLING,FLAT,-0.27241,-0.124527,-0.183163,NEUTRAL,,,78039.218321,-32.521679,OK,OK
SENSEX,2026-07-31,15:24,LIVE,78083.81,0,NORMAL_CONTINUOUS,DIVERGENCE,78100.0,436.875,389.5,2.534765,-3.031057,12692720.0,9827380.0,-14100.0,-9920.0,9.264236,10.941981,0.55014,-0.45538,0.00042,0.00036,-41.6601,-25.65825,40.3839,40.45289,0.263233,0.308087,0.974817,826.375,FLAT,ACCELERATING,-0.088313,-0.312309,0.309136,UP,,,78063.216763,-20.593237,OK,OK
SENSEX,2026-07-31,15:25,LIVE,78089.32,0,NORMAL_CONTINUOUS,NEITHER_DIRECTIONAL,78100.0,434.1,400.4,-0.635193,2.79846,12729840.0,9871020.0,0.0,0.0,9.090774,11.256231,0.55442,-0.45499,0.00043,0.00035,-41.15443,-26.68284,40.32845,40.44838,0.230362,0.324675,0.974817,834.5,RISING,ACCELERATING,0.030135,0.071495,-0.03608,NEUTRAL,,,78048.651449,-40.668551,OK,OK
SENSEX,2026-07-31,15:26,LIVE,78067.8,0,NORMAL_CONTINUOUS,NEITHER_DIRECTIONAL,78100.0,428.525,401.15,-1.284266,0.187313,12764360.0,9910300.0,-12560.0,-9920.0,9.209595,11.041957,0.54657,-0.46138,0.00042,0.00035,-41.43989,-25.90659,40.41896,40.50403,0.081676,0.348997,0.978478,829.675,RISING,FLAT,0.120584,-0.17581,0.155267,NEUTRAL,,,78042.188501,-25.611499,OK,OK
SENSEX,2026-07-31,15:27,LIVE,78061.16,0,NORMAL_CONTINUOUS,OPTIONS_CONFIRM,78100.0,422.7,400.9,-1.359314,-0.062321,12798020.0,9932800.0,0.0,0.0,9.184813,10.978309,0.54305,-0.4631,0.00042,0.00035,-41.31272,-25.67771,40.45265,40.5157,0.283889,0.399102,0.978478,823.6,FALLING,RISING,-0.157216,0.363558,-0.477419,DOWN,,,78037.545819,-23.614181,OK,OK
SENSEX,2026-07-31,15:28,LIVE,78061.04,0,NORMAL_CONTINUOUS,OPTIONS_CONFIRM,78100.0,416.575,408.625,-1.449018,1.926914,12838040.0,9963420.0,0.0,0.0,9.210877,11.016228,0.53638,-0.46871,0.00042,0.00035,-41.30026,-25.71888,40.51018,40.55425,0.348077,0.183542,0.978478,825.2,FALLING,ACCELERATING,-0.408294,0.39679,-0.565945,DOWN,,,78025.23504,-35.80496,OK,OK
SENSEX,2026-07-31,15:29,LIVE,78032.01,0,NORMAL_CONTINUOUS,OPTIONS_CONFIRM,78100.0,398.125,410.425,-4.428974,0.440502,12898860.0,10023140.0,-27160.0,-17360.0,8.987897,10.853818,0.53071,-0.47368,0.00043,0.00036,-40.48773,-25.11303,40.54888,40.58086,0.313972,0.304562,0.958725,808.55,ACCELERATING,DECELERATING,-0.521507,0.408256,-0.636898,DOWN,,,78004.153799,-27.856201,OK,OK
SENSEX,2026-07-31,15:30,LIVE,78034.57,0,NORMAL_CONTINUOUS,UNDERLYING_CONFIRMS,,,,,,,,,,,,,,,,,,,,,,,,,,,,,INSUFFICIENT_DATA,,,,,INVALID,MISSING_OPTION_DATA
NIFTY,2026-08-03,15:15,LIVE,24573.35,0,NORMAL_CONTINUOUS,DIVERGENCE,24550.0,70.9,50.4,-0.70028,-0.787402,408690880.0,437688940.0,-246025.0,-366015.0,9.37142,11.37876,0.59433,-0.42166,0.00288,0.00239,-24.91476,-22.79272,5.56746,5.61753,0.282087,0.396825,1.095929,121.3,FALLING,RISING,-0.135994,0.328464,-0.390869,DOWN,,,24566.025931,-7.324069,OK,OK
NIFTY,2026-08-03,15:16,STALE,24573.35,1,OPTIONS_ACTIVE_UNDERLYING_STALE,UNDERLYING_UNAVAILABLE_OPTIONS_AVAILABLE,24550.0,69.3,51.625,-2.2567,2.430556,409411470.0,438861085.0,-264745.0,-414310.0,9.050833,11.595189,0.59754,-0.42304,0.00298,0.00235,-24.18576,-23.29628,5.55469,5.61986,0.2886,0.290557,1.091344,120.925,ACCELERATING,ACCELERATING,-0.254775,0.17562,-0.456286,DOWN,,,24563.260974,-10.089026,OK,STALE_UNDERLYING
NIFTY,2026-08-03,15:17,STALE,24573.35,2,OPTIONS_ACTIVE_UNDERLYING_STALE,UNDERLYING_UNAVAILABLE_OPTIONS_AVAILABLE,24550.0,71.5,47.075,3.174603,-8.813559,410709780.0,442200850.0,-92040.0,-261885.0,9.440867,10.78739,0.59369,-0.41754,0.00286,0.00252,-25.08616,-21.45087,5.56637,5.60224,0.27972,0.31864,1.083475,118.575,FLAT,ACCELERATING,-0.235353,-0.38235,0.361303,UP,,,24569.315961,-4.034039,OK,STALE_UNDERLYING
NIFTY,2026-08-03,15:18,STALE,24573.35,3,OPTIONS_ACTIVE_UNDERLYING_STALE,UNDERLYING_UNAVAILABLE_OPTIONS_AVAILABLE,24550.0,69.025,49.325,-3.461538,4.779607,411373040.0,443279980.0,-225485.0,-842595.0,9.020843,11.191189,0.59788,-0.42037,0.00299,0.00244,-24.12808,-22.38354,5.55041,5.60917,0.072438,0.304105,1.061434,118.35,ACCELERATING,FALLING,-0.148076,-0.200241,-0.036856,NEUTRAL,,,24565.368978,-7.981022,OK,STALE_UNDERLYING
NIFTY,2026-08-03,15:19,STALE,24573.35,4,OPTIONS_ACTIVE_UNDERLYING_STALE,UNDERLYING_UNAVAILABLE_OPTIONS_AVAILABLE,24550.0,68.25,50.15,-1.122782,1.67258,412515220.0,444732080.0,-186745.0,-99125.0,8.879589,11.309822,0.59938,-0.42116,0.00303,0.00241,-23.80957,-22.66279,5.54349,5.60988,0.29304,0.199402,1.064975,118.4,DECELERATING,FALLING,-0.239613,-0.269731,0.089513,NEUTRAL,,,24563.379052,-9.970948,OK,STALE_UNDERLYING
NIFTY,2026-08-03,15:20,STALE,24573.35,5,OPTIONS_ACTIVE_UNDERLYING_STALE,UNDERLYING_UNAVAILABLE_OPTIONS_AVAILABLE,24600.0,44.325,67.125,3.563084,-10.260695,698600435.0,474077825.0,54535.0,-352300.0,9.241761,10.074602,0.44624,-0.54915,0.00298,0.00274,-24.0682,-19.2944,5.66836,5.6769,0.338409,0.372439,0.887583,111.45,FALLING,ACCELERATING,-0.170739,-0.273519,0.221671,NEUTRAL,,,24572.432081,-0.917919,OK,STALE_UNDERLYING
NIFTY,2026-08-03,15:21,STALE,24573.35,6,OPTIONS_ACTIVE_UNDERLYING_STALE,UNDERLYING_UNAVAILABLE_OPTIONS_AVAILABLE,24550.0,70.6,47.625,-0.352858,7.870895,414342695.0,448656715.0,-152360.0,-646230.0,9.309135,10.869213,0.59501,-0.41809,0.0029,0.00251,-24.80645,-21.66494,5.55582,5.59781,0.141643,0.314961,1.037796,118.225,RISING,FALLING,0.074799,-0.277369,0.41181,UP,,,24568.428029,-4.921971,OK,STALE_UNDERLYING
NIFTY,2026-08-03,15:22,STALE,24573.35,7,OPTIONS_ACTIVE_UNDERLYING_STALE,UNDERLYING_UNAVAILABLE_OPTIONS_AVAILABLE,24550.0,69.6,45.525,-1.416431,-4.409449,415258415.0,450000980.0,26455.0,32630.0,9.114055,10.523212,0.59697,-0.41551,0.00296,0.00259,-24.36426,-20.87684,5.54745,5.58847,0.143678,0.329489,1.034609,115.125,RISING,ACCELERATING,0.176108,-0.350654,0.506448,UP,,,24569.668376,-3.681624,OK,STALE_UNDERLYING
NIFTY,2026-08-03,15:23,STALE,24573.35,8,OPTIONS_ACTIVE_UNDERLYING_STALE,UNDERLYING_UNAVAILABLE_OPTIONS_AVAILABLE,24550.0,69.525,47.025,-0.107759,3.294893,415729145.0,450841950.0,-265850.0,-222430.0,9.153172,10.76733,0.59658,-0.41733,0.00295,0.00253,-24.45974,-21.44439,5.54724,5.59241,0.359583,0.318979,1.035377,116.55,DECELERATING,ACCELERATING,-0.25649,0.152011,-0.462319,DOWN,,,24568.071436,-5.278564,OK,STALE_UNDERLYING
NIFTY,2026-08-03,15:24,STALE,24573.35,9,OPTIONS_ACTIVE_UNDERLYING_STALE,UNDERLYING_UNAVAILABLE_OPTIONS_AVAILABLE,24550.0,69.525,45.975,0.0,-2.232855,416215475.0,451600305.0,-83070.0,-203840.0,9.147234,10.58213,0.59665,-0.41594,0.00296,0.00257,-24.45179,-21.02545,5.54543,5.58664,0.21575,0.326264,1.035177,115.5,FALLING,ACCELERATING,-0.143277,-0.136322,0.147929,NEUTRAL,,,24569.083437,-4.266563,OK,STALE_UNDERLYING
NIFTY,2026-08-03,15:25,STALE,24573.35,10,OPTIONS_ACTIVE_UNDERLYING_STALE,UNDERLYING_UNAVAILABLE_OPTIONS_AVAILABLE,24550.0,65.7,48.25,-5.501618,4.948341,417758510.0,453040120.0,-274235.0,-174460.0,8.463238,10.996221,0.60415,-0.41896,0.00318,0.00248,-22.88593,-21.98423,5.51659,5.59408,0.304414,0.207254,1.034724,113.95,ACCELERATING,ACCELERATING,-0.333813,0.306116,-0.54475,DOWN,,,24562.752557,-10.597443,OK,STALE_UNDERLYING
NIFTY,2026-08-03,15:26,STALE,24573.35,11,OPTIONS_ACTIVE_UNDERLYING_STALE,UNDERLYING_UNAVAILABLE_OPTIONS_AVAILABLE,24550.0,61.675,50.375,-6.126332,4.404145,419188185.0,454553385.0,-210990.0,-262730.0,7.701942,11.392051,0.614,-0.42164,0.00347,0.0024,-21.14226,-22.90164,5.476,5.60023,0.405351,0.099256,1.032688,112.05,ACCELERATING,DECELERATING,-0.340318,0.501748,-0.613956,DOWN,,,24556.873473,-16.476527,OK,STALE_UNDERLYING
NIFTY,2026-08-03,15:27,STALE,24573.35,12,OPTIONS_ACTIVE_UNDERLYING_STALE,UNDERLYING_UNAVAILABLE_OPTIONS_AVAILABLE,24550.0,64.675,47.75,4.864208,-5.210918,420074525.0,455780325.0,-244855.0,-307060.0,8.2784,10.930113,0.6064,-0.41847,0.00325,0.0025,-22.4715,-21.84589,5.50489,5.58952,0.231929,0.418848,1.032123,112.425,FALLING,RISING,-0.21228,0.282049,-0.495153,DOWN,,,24562.221131,-11.128869,OK,STALE_UNDERLYING
NIFTY,2026-08-03,15:28,STALE,24573.35,13,OPTIONS_ACTIVE_UNDERLYING_STALE,UNDERLYING_UNAVAILABLE_OPTIONS_AVAILABLE,24550.0,65.1,46.45,0.657132,-2.722513,420612270.0,456764035.0,-28470.0,-156650.0,8.362959,10.717979,0.60538,-0.41692,0.00322,0.00255,-22.67094,-21.36451,5.50727,5.58335,0.30722,0.430571,1.027422,111.55,FALLING,DECELERATING,-0.144271,-0.433193,0.307261,UP,,,24564.061738,-9.288262,OK,STALE_UNDERLYING
NIFTY,2026-08-03,15:29,CLOSING_STATE_UNCERTAIN,24774.3,14,CLOSING_STATE_UNCERTAIN,UNDERLYING_UNAVAILABLE_OPTIONS_AVAILABLE,24550.0,66.15,43.0,1.612903,-7.427341,421822765.0,459035655.0,-130130.0,-218725.0,,22.177751,,-0.23048,,0.00095,,-37.73488,,4.3836,0.302343,0.465116,1.023176,109.15,ACCELERATING,ACCELERATING,0.393738,-0.553344,0.649017,UP,,,24568.775436,-4.574564,OK,STALE_UNDERLYING|INVALID_GREEKS
NIFTY,2026-08-03,15:30,CLOSING_STATE_UNCERTAIN,24774.3,15,CLOSING_STATE_UNCERTAIN,INSUFFICIENT_DATA,,,,,,,,,,,,,,,,,,,,,,,,,,,,,INSUFFICIENT_DATA,,,,,INVALID,MISSING_OPTION_DATA|STALE_UNDERLYING
SENSEX,2026-08-03,15:15,LIVE,78677.13,0,NORMAL_CONTINUOUS,OPTIONS_CONFIRM,78700.0,343.125,343.625,-0.974026,1.446601,17849820.0,16276020.0,0.0,0.0,10.795121,12.404229,0.52548,-0.47726,0.0005,0.00043,-60.34922,-46.07945,29.5407,29.55298,0.247723,0.101855,0.864083,686.75,ACCELERATING,ACCELERATING,-0.010038,0.225297,-0.332189,DOWN,,,78657.355728,-19.774272,OK,OK
SENSEX,2026-08-03,15:16,STALE,78677.13,1,OPTIONS_ACTIVE_UNDERLYING_STALE,UNDERLYING_UNAVAILABLE_OPTIONS_AVAILABLE,78700.0,338.6,343.825,-1.318761,0.058203,17906880.0,16336620.0,-29160.0,-33300.0,10.640806,12.390091,0.52578,-0.47724,0.0005,0.00043,-59.65775,-46.02151,29.53608,29.54973,0.206734,0.305388,0.846681,682.425,ACCELERATING,DECELERATING,-0.3001,0.237597,-0.438257,DOWN,,,78652.461922,-24.668078,OK,STALE_UNDERLYING
SENSEX,2026-08-03,15:17,STALE,78677.13,2,OPTIONS_ACTIVE_UNDERLYING_STALE,UNDERLYING_UNAVAILABLE_OPTIONS_AVAILABLE,78700.0,342.8,334.625,1.240402,-2.67578,17972480.0,16436320.0,0.0,0.0,10.782908,12.064691,0.52549,-0.47676,0.0005,0.00044,-60.30514,-44.55605,29.53391,29.5441,0.087515,0.224131,0.846681,677.425,FALLING,ACCELERATING,-0.15035,-0.28524,0.034251,NEUTRAL,,,78666.014567,-11.115433,OK,STALE_UNDERLYING
SENSEX,2026-08-03,15:18,STALE,78677.13,3,OPTIONS_ACTIVE_UNDERLYING_STALE,UNDERLYING_UNAVAILABLE_OPTIONS_AVAILABLE,78700.0,343.825,334.825,0.299008,0.059768,18002180.0,16468660.0,-27780.0,-32820.0,10.814628,12.109608,0.52542,-0.47683,0.0005,0.00044,-60.45295,-44.76432,29.53146,29.54167,0.130881,0.253864,0.831304,678.65,FLAT,FALLING,-0.114815,-0.145027,0.209025,NEUTRAL,,,78667.5815,-9.5485,OK,STALE_UNDERLYING
SENSEX,2026-08-03,15:19,STALE,78677.13,4,OPTIONS_ACTIVE_UNDERLYING_STALE,UNDERLYING_UNAVAILABLE_OPTIONS_AVAILABLE,78700.0,341.05,338.25,-0.807097,1.022922,18052560.0,16501680.0,0.0,0.0,10.714455,12.222385,0.52562,-0.47701,0.0005,0.00044,-60.00575,-45.28051,29.52736,29.53924,0.175927,0.14782,0.831304,679.3,RISING,FALLING,0.100312,-0.044204,0.231594,NEUTRAL,,,78661.701929,-15.428071,OK,STALE_UNDERLYING
SENSEX,2026-08-03,15:20,STALE,78677.13,5,OPTIONS_ACTIVE_UNDERLYING_STALE,UNDERLYING_UNAVAILABLE_OPTIONS_AVAILABLE,78700.0,340.65,331.975,-0.117285,-1.855137,18082480.0,16527840.0,0.0,0.0,10.715844,11.996591,0.52561,-0.47667,0.0005,0.00045,-60.0171,-44.26461,29.52429,29.53464,0.20549,0.316289,0.831304,672.625,DECELERATING,ACCELERATING,-0.114762,-0.092553,0.022736,NEUTRAL,,,78666.965215,-10.164785,OK,STALE_UNDERLYING
SENSEX,2026-08-03,15:21,STALE,78677.13,6,OPTIONS_ACTIVE_UNDERLYING_STALE,UNDERLYING_UNAVAILABLE_OPTIONS_AVAILABLE,78700.0,340.15,337.675,-0.146778,1.716997,18112740.0,16573020.0,-20120.0,-13040.0,10.673225,12.18557,0.52569,-0.47696,0.0005,0.00044,-59.82978,-45.12567,29.52073,29.53273,0.264589,0.281336,0.835395,677.825,FALLING,ACCELERATING,-0.185967,0.102957,-0.237767,NEUTRAL,,,78661.481998,-15.648002,OK,STALE_UNDERLYING
SENSEX,2026-08-03,15:22,STALE,78677.13,7,OPTIONS_ACTIVE_UNDERLYING_STALE,UNDERLYING_UNAVAILABLE_OPTIONS_AVAILABLE,78700.0,332.675,332.85,-2.19756,-1.428889,18159640.0,16608120.0,0.0,0.0,10.384963,12.007154,0.52629,-0.47669,0.00052,0.00045,-58.53308,-44.32408,29.51468,29.52838,0.135267,0.270392,0.835395,665.525,ACCELERATING,ACCELERATING,-0.366577,-0.155927,-0.149855,NEUTRAL,,,78657.766713,-19.363287,OK,STALE_UNDERLYING
SENSEX,2026-08-03,15:23,STALE,78677.13,8,OPTIONS_ACTIVE_UNDERLYING_STALE,UNDERLYING_UNAVAILABLE_OPTIONS_AVAILABLE,78700.0,331.925,332.6,-0.225445,-0.075109,18202820.0,16639680.0,0.0,0.0,10.430394,12.035281,0.52618,-0.47674,0.00051,0.00045,-58.74325,-44.45714,29.51201,29.52546,0.286209,0.300661,0.835395,664.525,DECELERATING,FLAT,-0.260791,0.019984,-0.291273,DOWN,,,78657.726428,-19.403572,OK,STALE_UNDERLYING
SENSEX,2026-08-03,15:24,STALE,78677.13,9,OPTIONS_ACTIVE_UNDERLYING_STALE,UNDERLYING_UNAVAILABLE_OPTIONS_AVAILABLE,78700.0,332.525,332.025,0.180764,-0.17288,18232700.0,16672600.0,-10320.0,-21040.0,10.450418,11.982138,0.52614,-0.47666,0.00051,0.00045,-58.83873,-44.22244,29.50907,29.52194,0.285693,0.225887,0.821176,664.55,FALLING,FALLING,-0.278394,-0.139816,-0.10075,NEUTRAL,,,78658.47569,-18.65431,OK,STALE_UNDERLYING
SENSEX,2026-08-03,15:25,STALE,78677.13,10,OPTIONS_ACTIVE_UNDERLYING_STALE,UNDERLYING_UNAVAILABLE_OPTIONS_AVAILABLE,78700.0,325.6,334.35,-2.08255,0.700248,18281360.0,16725120.0,0.0,0.0,10.182358,12.091571,0.52672,-0.47684,0.00053,0.00044,-57.63323,-44.7236,29.50305,29.51956,0.337838,0.328997,0.821176,659.95,ACCELERATING,FLAT,-0.239227,0.01037,-0.25995,DOWN,,,78650.178498,-26.951502,OK,STALE_UNDERLYING
SENSEX,2026-08-03,15:26,STALE,78677.13,11,OPTIONS_ACTIVE_UNDERLYING_STALE,UNDERLYING_UNAVAILABLE_OPTIONS_AVAILABLE,78700.0,320.775,337.025,-1.48188,0.80006,18342080.0,16774460.0,-17420.0,-35140.0,10.066764,12.182411,0.52697,-0.47698,0.00053,0.00044,-57.11625,-45.14084,29.4986,29.51699,0.202634,0.341221,0.807888,657.8,DECELERATING,RISING,-0.470577,0.23501,-0.509198,DOWN,,,78642.380574,-34.749426,OK,STALE_UNDERLYING
SENSEX,2026-08-03,15:27,STALE,78677.13,12,OPTIONS_ACTIVE_UNDERLYING_STALE,UNDERLYING_UNAVAILABLE_OPTIONS_AVAILABLE,78700.0,329.675,334.075,2.77453,-0.875306,18377000.0,16824440.0,0.0,0.0,10.332547,12.091996,0.52637,-0.47685,0.00052,0.00044,-58.3214,-44.73731,29.4984,29.51323,0.197164,0.2245,0.807888,663.75,FALLING,RISING,-0.258358,0.054623,-0.221107,NEUTRAL,,,78653.804946,-23.325054,OK,STALE_UNDERLYING
SENSEX,2026-08-03,15:28,STALE,78677.13,13,OPTIONS_ACTIVE_UNDERLYING_STALE,UNDERLYING_UNAVAILABLE_OPTIONS_AVAILABLE,78700.0,329.275,331.3,-0.121332,-0.830652,18401560.0,16851240.0,0.0,0.0,10.342377,11.999848,0.52635,-0.47671,0.00052,0.00045,-58.37072,-44.32579,29.49541,29.50951,0.318882,0.181105,0.807888,660.575,RISING,FALLING,-0.054513,-0.108747,0.163833,NEUTRAL,,,78655.921569,-21.208431,OK,STALE_UNDERLYING
SENSEX,2026-08-03,15:29,CLOSING_STATE_UNCERTAIN,78639.03,14,CLOSING_STATE_UNCERTAIN,UNDERLYING_UNAVAILABLE_OPTIONS_AVAILABLE,78700.0,324.475,309.4,-1.457748,-6.610323,18438600.0,16902100.0,-14060.0,-22940.0,10.855833,10.60313,0.5064,-0.49354,0.0005,0.00051,-60.35885,-37.66637,29.53861,29.53853,0.3236,0.323206,0.802611,633.875,RISING,ACCELERATING,0.224458,-0.357176,0.52049,UP,,,78673.289183,-3.840817,OK,STALE_UNDERLYING
SENSEX,2026-08-03,15:30,STALE,78639.03,15,UNDERLYING_STALE,INSUFFICIENT_DATA,,,,,,,,,,,,,,,,,,,,,,,,,,,,,INSUFFICIENT_DATA,,,,,INVALID,MISSING_OPTION_DATA|STALE_UNDERLYING
NIFTY,2026-08-04,15:15,LIVE,24463.45,0,NORMAL_CONTINUOUS,OPTIONS_CONFIRM,24500.0,51.0,51.15,22.44898,-10.381078,1250122835.0,1601962310.0,-754065.0,-165425.0,26.455316,12.035659,0.41917,-0.67524,0.00232,0.0047,-136.16106,-51.33266,2.48271,2.28624,0.392157,0.391007,0.819354,102.15,ACCELERATING,ACCELERATING,0.455893,-0.460176,0.638689,UP,,,24499.504923,36.054923,OK,INVALID_GREEKS
NIFTY,2026-08-04,15:16,STALE,24463.45,1,OPTIONS_ACTIVE_UNDERLYING_STALE,UNDERLYING_UNAVAILABLE_OPTIONS_AVAILABLE,24500.0,44.075,53.175,-13.578431,3.958944,1263936505.0,1606515560.0,-1726400.0,-687050.0,23.662647,12.921215,0.40935,-0.66412,0.00259,0.00445,-121.53656,-56.41764,2.46571,2.31401,0.113443,0.282087,0.840111,97.25,RISING,FALLING,0.590352,-0.545454,0.711933,UP,,,24490.507842,27.057842,OK,STALE_UNDERLYING|INVALID_GREEKS
NIFTY,2026-08-04,15:17,STALE,24463.45,2,OPTIONS_ACTIVE_UNDERLYING_STALE,UNDERLYING_UNAVAILABLE_OPTIONS_AVAILABLE,24500.0,43.725,51.2,-0.794101,-3.714151,1270469070.0,1609115300.0,-74750.0,50440.0,23.575034,12.132742,0.40887,-0.67443,0.0026,0.00469,-121.22721,-52.006,2.46152,2.28211,0.343053,0.390625,0.840473,94.925,RISING,ACCELERATING,0.488392,-0.394879,0.627382,UP,,,24492.210531,28.760531,OK,STALE_UNDERLYING|INVALID_GREEKS
NIFTY,2026-08-04,15:18,STALE,24463.45,3,OPTIONS_ACTIVE_UNDERLYING_STALE,UNDERLYING_UNAVAILABLE_OPTIONS_AVAILABLE,24500.0,39.35,53.3,-10.005718,4.101562,1275810380.0,1610892920.0,18525.0,-96135.0,21.794847,12.976895,0.40123,-0.66393,0.0028,0.00444,-111.86699,-56.86818,2.44641,2.30795,0.508259,0.187617,0.839013,92.65,ACCELERATING,ACCELERATING,-0.325226,0.037813,-0.454343,DOWN,,,24486.238567,22.788567,OK,STALE_UNDERLYING|INVALID_GREEKS
NIFTY,2026-08-04,15:19,STALE,24463.45,4,OPTIONS_ACTIVE_UNDERLYING_STALE,UNDERLYING_UNAVAILABLE_OPTIONS_AVAILABLE,24500.0,35.775,50.1,-9.085133,-6.003752,1279398640.0,1612233675.0,-290745.0,-115895.0,20.390762,11.679023,0.39428,-0.6813,0.00299,0.00484,-104.45601,-49.52012,2.43154,2.25559,0.419287,0.199601,0.838809,85.875,DECELERATING,ACCELERATING,-0.403,0.111131,-0.503975,DOWN,,,24483.166944,19.716944,OK,STALE_UNDERLYING|INVALID_GREEKS
NIFTY,2026-08-04,15:20,STALE,24463.45,5,OPTIONS_ACTIVE_UNDERLYING_STALE,UNDERLYING_UNAVAILABLE_OPTIONS_AVAILABLE,24500.0,51.7,45.675,44.514326,-8.832335,1286144535.0,1616474990.0,-184730.0,-196495.0,26.82984,9.695196,0.41969,-0.7154,0.00231,0.00555,-139.05081,-37.93348,2.46585,2.14056,0.386847,0.547345,0.833241,97.375,ACCELERATING,ACCELERATING,0.376759,-0.129518,0.502091,UP,,,24505.994701,42.544701,OK,STALE_UNDERLYING|INVALID_GREEKS
NIFTY,2026-08-04,15:21,STALE,24463.45,6,OPTIONS_ACTIVE_UNDERLYING_STALE,UNDERLYING_UNAVAILABLE_OPTIONS_AVAILABLE,24500.0,57.725,43.05,11.653772,-5.747126,1295411455.0,1620180315.0,-330785.0,-202215.0,29.402642,8.412323,0.42677,-0.74454,0.00212,0.00606,-152.90002,-30.18099,2.47096,2.02496,0.433088,0.232288,0.844214,100.775,DECELERATING,DECELERATING,0.562594,-0.121409,0.561334,UP,,,24514.647731,51.197731,OK,STALE_UNDERLYING|INVALID_GREEKS
NIFTY,2026-08-04,15:22,STALE,24463.45,7,OPTIONS_ACTIVE_UNDERLYING_STALE,UNDERLYING_UNAVAILABLE_OPTIONS_AVAILABLE,24500.0,50.6,39.775,-12.343006,-7.607433,1302031835.0,1623277175.0,-232245.0,105300.0,26.522502,6.669791,0.41848,-0.79701,0.00234,0.00673,-137.78616,-19.19758,2.45718,1.77696,0.395257,0.377121,0.861908,90.375,RISING,ACCELERATING,0.448476,-0.077749,0.508742,UP,,,24509.850761,46.400761,OK,STALE_UNDERLYING|INVALID_GREEKS
NIFTY,2026-08-04,15:23,STALE,24463.45,8,OPTIONS_ACTIVE_UNDERLYING_STALE,UNDERLYING_UNAVAILABLE_OPTIONS_AVAILABLE,24550.0,33.775,55.35,6.043956,-22.991304,1133793765.0,1030454035.0,123305.0,88985.0,27.015572,,0.30991,,0.00208,,-126.42976,,2.21602,,0.444115,0.361337,0.699564,89.125,FALLING,ACCELERATING,-0.102586,-0.50461,0.467341,UP,,,24528.778791,65.328791,OK,STALE_UNDERLYING|INVALID_GREEKS
NIFTY,2026-08-04,15:24,STALE,24463.45,9,OPTIONS_ACTIVE_UNDERLYING_STALE,UNDERLYING_UNAVAILABLE_OPTIONS_AVAILABLE,24500.0,51.275,29.525,-5.657774,15.55773,1310128755.0,1633946275.0,-391430.0,181545.0,26.906506,,0.41941,,0.00232,,-140.20795,,2.45132,,0.487567,0.169348,0.84123,80.8,ACCELERATING,FALLING,-0.32733,-0.081465,0.251314,UP,,,24521.556635,58.106635,OK,STALE_UNDERLYING|INVALID_GREEKS
NIFTY,2026-08-04,15:25,STALE,24463.45,10,OPTIONS_ACTIVE_UNDERLYING_STALE,UNDERLYING_UNAVAILABLE_OPTIONS_AVAILABLE,24550.0,30.775,53.025,1.15037,-9.859754,1139829535.0,1033067100.0,128895.0,91845.0,25.820467,,0.3012,,0.00215,,-119.7188,,2.18183,,0.487409,0.471476,0.699367,83.8,FALLING,ACCELERATING,-0.204807,-0.408656,0.401276,UP,,,24527.359835,63.909835,OK,STALE_UNDERLYING|INVALID_GREEKS
NIFTY,2026-08-04,15:26,STALE,24463.45,11,OPTIONS_ACTIVE_UNDERLYING_STALE,UNDERLYING_UNAVAILABLE_OPTIONS_AVAILABLE,24550.0,40.275,28.925,30.869212,-45.450259,1145614210.0,1036927385.0,-292435.0,-43355.0,30.134855,,0.32779,,0.00192,,-144.83821,,2.25902,,0.620732,0.518583,0.701466,69.2,ACCELERATING,ACCELERATING,0.351687,-0.708378,0.686688,UP,,,24561.33793,97.88793,OK,STALE_UNDERLYING|INVALID_GREEKS
NIFTY,2026-08-04,15:27,STALE,24463.45,12,OPTIONS_ACTIVE_UNDERLYING_STALE,UNDERLYING_UNAVAILABLE_OPTIONS_AVAILABLE,24550.0,32.075,32.175,-20.360025,11.235955,1152223410.0,1040497380.0,-391040.0,25805.0,26.49265,,0.30533,,0.00212,,-123.90259,,2.1888,,0.779423,0.4662,0.734972,64.25,RISING,FALLING,-0.469515,-0.601725,0.377403,MIXED,,,24549.090873,85.640873,OK,STALE_UNDERLYING|INVALID_GREEKS
NIFTY,2026-08-04,15:28,CLOSING_STATE_UNCERTAIN,24614.9,13,CLOSING_STATE_UNCERTAIN,UNDERLYING_UNAVAILABLE_OPTIONS_AVAILABLE,24550.0,40.9,19.175,27.51364,-40.40404,1156258025.0,1042779530.0,189995.0,123435.0,,17.950491,,-0.27646,,0.00297,,-77.55651,,2.09933,0.488998,0.782269,0.741697,60.075,ACCELERATING,ACCELERATING,0.387669,-0.277073,0.554914,UP,,,24571.718928,108.268928,OK,STALE_UNDERLYING|INVALID_GREEKS
NIFTY,2026-08-04,15:29,CLOSING_STATE_UNCERTAIN,24614.9,14,CLOSING_STATE_UNCERTAIN,UNDERLYING_UNAVAILABLE_OPTIONS_AVAILABLE,24600.0,18.375,4.15,56.382979,-89.358974,1644789575.0,1031132310.0,-916760.0,913575.0,2.874548,4.079313,0.82027,-0.25914,0.01455,0.01267,-15.50836,-15.74783,1.64268,2.02902,1.360544,4.819277,0.681471,22.525,ACCELERATING,ACCELERATING,0.726505,-0.749549,0.825351,UP,,,,,INVALID,STALE_UNDERLYING|INVALID_GREEKS|WIDE_SPREAD
NIFTY,2026-08-04,15:30,STALE,24614.9,15,UNDERLYING_STALE,INSUFFICIENT_DATA,,,,,,,,,,,,,,,,,,,,,,,,,,,,,INSUFFICIENT_DATA,,,,,INVALID,MISSING_OPTION_DATA|STALE_UNDERLYING
SENSEX,2026-08-04,15:15,LIVE,78324.56,0,NORMAL_CONTINUOUS,OPTIONS_CONFIRM,78400.0,343.075,301.45,5.173207,-13.082967,10262480.0,17033520.0,0.0,0.0,14.519932,11.695552,0.49011,-0.51327,0.00045,0.00055,-89.62375,-52.68246,24.50548,24.49945,0.306056,0.232211,0.635771,644.525,ACCELERATING,ACCELERATING,0.626848,-0.781118,0.802655,UP,,,78416.418689,91.858689,OK,OK
SENSEX,2026-08-04,15:16,STALE,78324.56,1,OPTIONS_ACTIVE_UNDERLYING_STALE,UNDERLYING_UNAVAILABLE_OPTIONS_AVAILABLE,78400.0,330.375,320.05,-3.701814,6.170177,10408840.0,17095320.0,-51420.0,-6560.0,13.977584,12.519584,0.48954,-0.51216,0.00046,0.00052,-86.66592,-57.21097,24.50084,24.49789,0.348089,0.343696,0.675974,650.425,RISING,FALLING,0.445856,-0.393404,0.61279,UP,,,78381.902862,57.342862,OK,STALE_UNDERLYING
SENSEX,2026-08-04,15:17,STALE,78324.56,2,OPTIONS_ACTIVE_UNDERLYING_STALE,UNDERLYING_UNAVAILABLE_OPTIONS_AVAILABLE,78400.0,334.175,314.975,1.150208,-1.58569,10456360.0,17131380.0,0.0,0.0,14.149473,12.280338,0.48972,-0.51248,0.00046,0.00053,-87.61907,-55.90942,24.49728,24.49347,0.224433,0.301611,0.675974,649.15,ACCELERATING,ACCELERATING,0.224049,-0.432038,0.550143,UP,,,78391.155687,66.595687,OK,STALE_UNDERLYING
SENSEX,2026-08-04,15:18,STALE,78324.56,3,OPTIONS_ACTIVE_UNDERLYING_STALE,UNDERLYING_UNAVAILABLE_OPTIONS_AVAILABLE,78400.0,322.8,324.5,-3.403905,3.02405,10503480.0,17166120.0,-14960.0,3520.0,13.733456,12.659636,0.48926,-0.512,0.00047,0.00051,-85.35158,-57.99968,24.49279,24.49056,0.371747,0.215716,0.693459,647.3,ACCELERATING,ACCELERATING,-0.140958,0.182502,-0.440491,DOWN,,,78370.694171,46.134171,OK,STALE_UNDERLYING
SENSEX,2026-08-04,15:19,STALE,78324.56,4,OPTIONS_ACTIVE_UNDERLYING_STALE,UNDERLYING_UNAVAILABLE_OPTIONS_AVAILABLE,78400.0,330.2,319.75,2.292441,-1.46379,10551720.0,17205080.0,0.0,0.0,14.017611,12.51016,0.48956,-0.5122,0.00046,0.00052,-86.91988,-57.1902,24.48951,24.48644,0.242277,0.28147,0.693459,649.95,FLAT,FLAT,0.084142,-0.071059,0.067185,NEUTRAL,,,78383.346563,58.786563,OK,STALE_UNDERLYING
SENSEX,2026-08-04,15:20,STALE,78324.56,5,OPTIONS_ACTIVE_UNDERLYING_STALE,UNDERLYING_UNAVAILABLE_OPTIONS_AVAILABLE,78400.0,333.8,320.9,1.090248,0.359656,10699900.0,17312000.0,0.0,0.0,14.150793,12.532215,0.48969,-0.51218,0.00046,0.00052,-87.66143,-57.32155,24.48589,24.48266,0.359497,0.405111,0.693459,654.7,FLAT,ACCELERATING,0.000263,0.321399,-0.274447,DOWN,,,78385.116964,60.556964,OK,STALE_UNDERLYING
SENSEX,2026-08-04,15:21,STALE,78324.56,6,OPTIONS_ACTIVE_UNDERLYING_STALE,UNDERLYING_UNAVAILABLE_OPTIONS_AVAILABLE,78400.0,326.375,326.575,-2.224386,1.768464,10779440.0,17368340.0,-4240.0,6520.0,13.861206,12.750334,0.48937,-0.51191,0.00047,0.00051,-86.08589,-58.52835,24.48162,24.4794,0.199157,0.260277,0.698314,652.95,RISING,ACCELERATING,0.125518,-0.01806,0.094311,NEUTRAL,,,78372.990848,48.430848,OK,STALE_UNDERLYING
SENSEX,2026-08-04,15:22,STALE,78324.56,7,OPTIONS_ACTIVE_UNDERLYING_STALE,UNDERLYING_UNAVAILABLE_OPTIONS_AVAILABLE,78400.0,321.525,323.175,-1.486021,-1.041108,10830320.0,17409140.0,0.0,0.0,13.655317,12.664161,0.48914,-0.51203,0.00048,0.00051,-84.9687,-58.06615,24.47741,24.47538,0.35767,0.355844,0.698314,644.7,DECELERATING,RISING,-0.266563,0.089588,-0.364465,DOWN,,,78370.39702,45.83702,OK,STALE_UNDERLYING
SENSEX,2026-08-04,15:23,STALE,78324.56,8,OPTIONS_ACTIVE_UNDERLYING_STALE,UNDERLYING_UNAVAILABLE_OPTIONS_AVAILABLE,78400.0,326.3,313.5,1.48511,-2.993734,10873400.0,17446320.0,0.0,0.0,13.900828,12.273518,0.4894,-0.51255,0.00047,0.00053,-86.32614,-55.93265,24.47407,24.47058,0.36776,0.287081,0.698314,639.8,FALLING,ACCELERATING,-0.095844,-0.242861,0.072988,NEUTRAL,,,78385.671053,61.111053,OK,STALE_UNDERLYING
SENSEX,2026-08-04,15:24,STALE,78324.56,9,OPTIONS_ACTIVE_UNDERLYING_STALE,UNDERLYING_UNAVAILABLE_OPTIONS_AVAILABLE,78400.0,322.85,325.35,-1.057309,3.779904,10908200.0,17482520.0,9740.0,1340.0,13.754138,12.741015,0.48923,-0.51196,0.00047,0.00051,-85.53334,-58.5088,24.46996,24.46795,0.247793,0.276625,0.69371,648.2,ACCELERATING,FLAT,0.002411,-0.034479,-0.056658,NEUTRAL,,,78369.784216,45.224216,OK,STALE_UNDERLYING
SENSEX,2026-08-04,15:25,STALE,78324.56,10,OPTIONS_ACTIVE_UNDERLYING_STALE,UNDERLYING_UNAVAILABLE_OPTIONS_AVAILABLE,78400.0,321.675,324.25,-0.363946,-0.338097,10940780.0,17508420.0,0.0,0.0,13.707502,12.699767,0.48917,-0.51202,0.00047,0.00051,-85.28886,-58.29298,24.4661,24.46402,0.233155,0.308404,0.69371,645.925,FLAT,FLAT,0.009377,0.031984,-0.039436,NEUTRAL,,,78369.393896,44.833896,OK,STALE_UNDERLYING
SENSEX,2026-08-04,15:26,STALE,78324.56,11,OPTIONS_ACTIVE_UNDERLYING_STALE,UNDERLYING_UNAVAILABLE_OPTIONS_AVAILABLE,78400.0,320.475,320.7,-0.373047,-1.094834,10990120.0,17552860.0,-7320.0,-7840.0,13.644495,12.558339,0.48909,-0.51221,0.00048,0.00052,-84.95447,-57.52705,24.4622,24.45985,0.296435,0.311818,0.686759,641.175,FALLING,RISING,-0.049216,0.214259,-0.345101,DOWN,,,78371.921597,47.361597,OK,STALE_UNDERLYING
SENSEX,2026-08-04,15:27,STALE,78324.56,12,OPTIONS_ACTIVE_UNDERLYING_STALE,UNDERLYING_UNAVAILABLE_OPTIONS_AVAILABLE,78400.0,316.4,318.575,-1.27155,-0.662613,11033260.0,17576920.0,0.0,0.0,13.460903,12.429108,0.48887,-0.51239,0.00048,0.00052,-83.95845,-56.82762,24.458,24.45576,0.316056,0.360983,0.686759,634.975,ACCELERATING,DECELERATING,-0.240327,-0.059271,-0.055616,NEUTRAL,,,78369.888255,45.328255,OK,STALE_UNDERLYING
SENSEX,2026-08-04,15:28,STALE,78324.56,13,OPTIONS_ACTIVE_UNDERLYING_STALE,UNDERLYING_UNAVAILABLE_OPTIONS_AVAILABLE,78400.0,321.075,316.6,1.47756,-0.619948,11065340.0,17594880.0,0.0,0.0,13.651371,12.359161,0.48908,-0.51249,0.00048,0.00053,-85.01489,-56.45372,24.45459,24.45175,0.389317,0.189514,0.686759,637.675,FLAT,FALLING,-0.175614,-0.226421,0.184411,NEUTRAL,,,78377.030396,52.470396,OK,STALE_UNDERLYING
SENSEX,2026-08-04,15:29,STALE,78324.56,14,OPTIONS_ACTIVE_UNDERLYING_STALE,UNDERLYING_UNAVAILABLE_OPTIONS_AVAILABLE,78400.0,324.125,301.675,0.949934,-4.71415,11132080.0,17673980.0,6200.0,520.0,13.776508,11.786065,0.48921,-0.51329,0.00047,0.00055,-85.71321,-53.31452,24.45096,24.44635,0.385654,0.414353,0.688681,625.8,DECELERATING,ACCELERATING,0.306421,-0.45251,0.567684,UP,,,78395.11137,70.55137,OK,STALE_UNDERLYING
SENSEX,2026-08-04,15:30,CLOSING_STATE_UNCERTAIN,78428.95,15,CLOSING_STATE_UNCERTAIN,INSUFFICIENT_DATA,,,,,,,,,,,,,,,,,,,,,,,,,,,,,INSUFFICIENT_DATA,,,,,INVALID,MISSING_OPTION_DATA|STALE_UNDERLYING
NIFTY,2026-08-05,15:15,LIVE,24570.2,0,NORMAL_CONTINUOUS,OPTIONS_CONFIRM,24650.0,131.775,145.575,4.355573,-7.069901,124373665.0,102796200.0,-251810.0,-10010.0,11.667532,9.817196,0.46307,-0.54491,0.00106,0.00126,-15.00579,-6.3048,12.76781,12.74144,0.189717,0.309119,0.462442,277.35,DECELERATING,ACCELERATING,0.704319,-0.639768,0.78136,UP,,,24608.316077,38.116077,OK,OK
NIFTY,2026-08-05,15:16,STALE,24570.2,1,OPTIONS_ACTIVE_UNDERLYING_STALE,UNDERLYING_UNAVAILABLE_OPTIONS_AVAILABLE,24600.0,142.05,138.1,-9.102544,13.452454,195952055.0,233633465.0,-727155.0,-84630.0,10.588648,11.287839,0.51713,-0.48358,0.00117,0.0011,-14.30138,-8.28387,12.81023,12.81121,0.281591,0.217234,0.571027,280.15,ACCELERATING,FALLING,-0.334441,-0.606298,0.152473,MIXED,,,24577.44763,7.24763,OK,STALE_UNDERLYING
NIFTY,2026-08-05,15:17,STALE,24570.2,2,OPTIONS_ACTIVE_UNDERLYING_STALE,UNDERLYING_UNAVAILABLE_OPTIONS_AVAILABLE,24600.0,144.7,136.525,1.86554,-1.140478,197242630.0,234218725.0,-289705.0,-130195.0,10.792397,11.136081,0.51691,-0.48344,0.00115,0.00111,-14.509,-8.13018,12.80982,12.81029,0.276434,0.256363,0.580981,281.225,FALLING,RISING,-0.179288,0.171872,-0.442598,DOWN,,,24581.950694,11.750694,OK,STALE_UNDERLYING
NIFTY,2026-08-05,15:18,STALE,24570.2,3,OPTIONS_ACTIVE_UNDERLYING_STALE,UNDERLYING_UNAVAILABLE_OPTIONS_AVAILABLE,24600.0,144.875,135.0,0.12094,-1.117012,197768610.0,234575315.0,-9555.0,-64155.0,10.832216,11.015517,0.51686,-0.48332,0.00114,0.00113,-14.55006,-8.0082,12.80918,12.80943,0.310613,0.222222,0.58138,279.875,FALLING,RISING,-0.144292,0.219972,-0.4547,DOWN,,,24583.424579,13.224579,OK,STALE_UNDERLYING
NIFTY,2026-08-05,15:19,STALE,24570.2,4,OPTIONS_ACTIVE_UNDERLYING_STALE,UNDERLYING_UNAVAILABLE_OPTIONS_AVAILABLE,24600.0,147.15,135.375,1.570319,0.277778,198130335.0,235033175.0,-89700.0,175500.0,11.008668,11.043276,0.51668,-0.48336,0.00113,0.00112,-14.73004,-8.03703,12.80871,12.80876,0.271831,0.184672,0.58882,282.525,ACCELERATING,FALLING,0.125193,-0.062355,0.349779,UP,,,24585.749141,15.549141,OK,STALE_UNDERLYING
NIFTY,2026-08-05,15:20,STALE,24570.2,5,OPTIONS_ACTIVE_UNDERLYING_STALE,UNDERLYING_UNAVAILABLE_OPTIONS_AVAILABLE,24600.0,146.85,136.075,-0.203874,0.517082,198670420.0,235495975.0,-134030.0,93730.0,10.962616,11.074939,0.51672,-0.48339,0.00113,0.00112,-14.68382,-8.06983,12.80795,12.8081,0.20429,0.3307,0.588469,282.925,RISING,FLAT,0.081769,0.077759,0.125355,NEUTRAL,,,24584.473716,14.273716,OK,STALE_UNDERLYING
NIFTY,2026-08-05,15:21,STALE,24570.2,6,OPTIONS_ACTIVE_UNDERLYING_STALE,UNDERLYING_UNAVAILABLE_OPTIONS_AVAILABLE,24600.0,147.875,132.05,0.697991,-2.957928,199043845.0,235748760.0,-59930.0,9555.0,11.045396,10.766954,0.51663,-0.48309,0.00112,0.00115,-14.7686,-7.75729,12.80735,12.80698,0.169062,0.151458,0.589536,279.925,ACCELERATING,ACCELERATING,0.047419,-0.08311,0.309325,UP,,,24589.880207,19.680207,OK,STALE_UNDERLYING
NIFTY,2026-08-05,15:22,STALE,24570.2,7,OPTIONS_ACTIVE_UNDERLYING_STALE,UNDERLYING_UNAVAILABLE_OPTIONS_AVAILABLE,24600.0,146.55,133.25,-0.896027,0.908747,199468945.0,235972620.0,-58500.0,-32370.0,10.936866,10.884499,0.51674,-0.48321,0.00113,0.00114,-14.65883,-7.87738,12.80651,12.80644,0.272944,0.300188,0.592612,279.8,FLAT,FALLING,-0.022969,-0.082197,0.116023,NEUTRAL,,,24587.28324,17.08324,OK,STALE_UNDERLYING
NIFTY,2026-08-05,15:23,STALE,24570.2,8,OPTIONS_ACTIVE_UNDERLYING_STALE,UNDERLYING_UNAVAILABLE_OPTIONS_AVAILABLE,24600.0,145.6,134.7,-0.648243,1.08818,199697420.0,236151110.0,-52065.0,6825.0,10.890806,10.978634,0.51678,-0.48331,0.00114,0.00113,-14.61259,-7.9737,12.80575,12.80586,0.206044,0.074239,0.596156,280.3,FALLING,FALLING,-0.041188,-0.055811,0.052306,NEUTRAL,,,24584.836273,14.636273,OK,STALE_UNDERLYING
NIFTY,2026-08-05,15:24,STALE,24570.2,9,OPTIONS_ACTIVE_UNDERLYING_STALE,UNDERLYING_UNAVAILABLE_OPTIONS_AVAILABLE,24600.0,145.3,135.725,-0.206044,0.76095,200113420.0,236393820.0,-11895.0,-2470.0,10.840854,11.061072,0.51682,-0.4834,0.00114,0.00112,-14.56241,-8.05816,12.80496,12.80526,0.275292,0.257874,0.596186,281.025,DECELERATING,DECELERATING,-0.219839,0.310159,-0.451852,DOWN,,,24583.289305,13.089305,OK,STALE_UNDERLYING
NIFTY,2026-08-05,15:25,STALE,24570.2,10,OPTIONS_ACTIVE_UNDERLYING_STALE,UNDERLYING_UNAVAILABLE_OPTIONS_AVAILABLE,24600.0,141.525,141.725,-2.598073,4.420704,200752110.0,236946710.0,35685.0,69810.0,10.580004,11.541795,0.5171,-0.48385,0.00117,0.00108,-14.2978,-8.5479,12.80387,12.80514,0.317965,0.176398,0.596461,283.25,ACCELERATING,ACCELERATING,-0.4308,0.3005,-0.572124,DOWN,,,24573.874192,3.674192,OK,STALE_UNDERLYING
NIFTY,2026-08-05,15:26,STALE,24570.2,11,OPTIONS_ACTIVE_UNDERLYING_STALE,UNDERLYING_UNAVAILABLE_OPTIONS_AVAILABLE,24600.0,139.2,142.1,-1.642819,0.264597,201269835.0,237369535.0,-94315.0,4940.0,10.373793,11.550064,0.51732,-0.48386,0.0012,0.00107,-14.0888,-8.55695,12.80285,12.80445,0.143678,0.281492,0.598923,281.3,DECELERATING,DECELERATING,-0.324498,0.29372,-0.534774,DOWN,,,24570.920371,0.720371,OK,STALE_UNDERLYING
NIFTY,2026-08-05,15:27,STALE,24570.2,12,OPTIONS_ACTIVE_UNDERLYING_STALE,UNDERLYING_UNAVAILABLE_OPTIONS_AVAILABLE,24600.0,143.425,135.25,3.035201,-4.820549,201936930.0,237841955.0,-47060.0,-178165.0,10.690898,11.027239,0.51697,-0.48338,0.00116,0.00113,-14.4117,-8.02557,12.80264,12.80309,0.313753,0.295749,0.592034,278.675,FALLING,FLAT,-0.278748,-0.188146,-0.114853,NEUTRAL,,,24581.894989,11.694989,OK,STALE_UNDERLYING
NIFTY,2026-08-05,15:28,STALE,24570.2,13,OPTIONS_ACTIVE_UNDERLYING_STALE,UNDERLYING_UNAVAILABLE_OPTIONS_AVAILABLE,24600.0,143.8,133.65,0.261461,-1.182994,202289555.0,238036565.0,-88660.0,-14105.0,10.73075,10.933939,0.51692,-0.48329,0.00116,0.00113,-14.45282,-7.93126,12.80198,12.80226,0.139082,0.224467,0.591336,277.45,DECELERATING,DECELERATING,0.137542,-0.192028,0.422991,UP,,,24583.31962,13.11962,OK,STALE_UNDERLYING
NIFTY,2026-08-05,15:29,CLOSING_STATE_UNCERTAIN,24624.65,14,CLOSING_STATE_UNCERTAIN,UNDERLYING_UNAVAILABLE_OPTIONS_AVAILABLE,24600.0,142.325,132.425,-1.02573,-0.916573,202703865.0,238311580.0,-26910.0,11375.0,8.254616,12.739306,0.60124,-0.43208,0.00145,0.00096,-12.24032,-9.97352,12.42541,12.65464,0.245916,0.339815,0.591822,274.75,RISING,FALLING,0.374114,-0.516466,0.622865,UP,,,24583.459056,13.259056,OK,STALE_UNDERLYING
NIFTY,2026-08-05,15:30,STALE,24624.65,15,UNDERLYING_STALE,INSUFFICIENT_DATA,,,,,,,,,,,,,,,,,,,,,,,,,,,,,INSUFFICIENT_DATA,,,,,INVALID,MISSING_OPTION_DATA|STALE_UNDERLYING
SENSEX,2026-08-05,15:15,LIVE,78501.85,0,NORMAL_CONTINUOUS,OPTIONS_CONFIRM,78700.0,300.225,298.55,4.208608,-13.645238,57564600.0,73969920.0,0.0,0.0,20.695855,11.052705,0.43086,-0.6309,0.00041,0.00074,-158.84117,-63.08707,18.02476,17.30611,0.316429,0.334952,0.418806,598.775,DECELERATING,ACCELERATING,0.715071,-0.711386,0.808819,UP,,,78682.637184,180.787184,OK,OK
SENSEX,2026-08-05,15:16,STALE,78501.85,1,OPTIONS_ACTIVE_UNDERLYING_STALE,UNDERLYING_UNAVAILABLE_OPTIONS_AVAILABLE,78500.0,325.2,293.525,-19.797768,40.610778,54490880.0,105654760.0,-364640.0,-103000.0,16.973354,16.879506,0.51665,-0.48328,0.00051,0.00051,-135.56303,-113.37589,18.27923,18.27911,0.676507,1.039094,0.683546,618.725,ACCELERATING,ACCELERATING,-0.335122,0.32459,-0.552998,DOWN,,,78514.028885,12.178885,OK,STALE_UNDERLYING
SENSEX,2026-08-05,15:17,STALE,78501.85,2,OPTIONS_ACTIVE_UNDERLYING_STALE,UNDERLYING_UNAVAILABLE_OPTIONS_AVAILABLE,78600.0,314.725,315.025,13.434853,-10.408816,44053260.0,70340940.0,0.0,0.0,19.101012,15.163678,0.46977,-0.53909,0.00045,0.00057,-149.92744,-99.17469,18.23747,18.20207,0.46072,0.301563,0.520136,629.75,FALLING,RISING,-0.207137,0.143434,-0.449576,DOWN,,,78584.509677,82.659677,OK,STALE_UNDERLYING
SENSEX,2026-08-05,15:18,STALE,78501.85,3,OPTIONS_ACTIVE_UNDERLYING_STALE,UNDERLYING_UNAVAILABLE_OPTIONS_AVAILABLE,78600.0,297.225,323.025,-5.56041,2.539481,44270920.0,70405840.0,360.0,-23140.0,18.108266,15.667351,0.46786,-0.53775,0.00048,0.00055,-142.60664,-102.95194,18.22559,18.2031,0.353268,0.325052,0.530162,620.25,ACCELERATING,ACCELERATING,-0.230214,0.145725,-0.458646,DOWN,,,78560.087363,58.237363,OK,STALE_UNDERLYING
SENSEX,2026-08-05,15:19,STALE,78501.85,4,OPTIONS_ACTIVE_UNDERLYING_STALE,UNDERLYING_UNAVAILABLE_OPTIONS_AVAILABLE,78600.0,293.925,327.05,-1.11027,1.246034,44419020.0,70471960.0,0.0,0.0,17.962735,15.858129,0.46755,-0.53727,0.00048,0.00055,-141.56299,-104.40251,18.21937,18.20005,0.323212,0.244611,0.530162,620.975,RISING,FALLING,0.099766,-0.108298,0.401397,UP,,,78552.772082,50.922082,OK,STALE_UNDERLYING
SENSEX,2026-08-05,15:20,STALE,78501.85,5,OPTIONS_ACTIVE_UNDERLYING_STALE,UNDERLYING_UNAVAILABLE_OPTIONS_AVAILABLE,78600.0,286.05,321.675,-2.679255,-1.64348,44739060.0,70579140.0,0.0,0.0,17.553632,15.760391,0.46668,-0.53754,0.00049,0.00055,-138.56248,-103.70635,18.21096,18.19385,0.31463,0.357504,0.530162,607.725,ACCELERATING,RISING,-0.266008,0.142822,-0.466731,DOWN,,,78551.785591,49.935591,OK,STALE_UNDERLYING
SENSEX,2026-08-05,15:21,STALE,78501.85,6,OPTIONS_ACTIVE_UNDERLYING_STALE,UNDERLYING_UNAVAILABLE_OPTIONS_AVAILABLE,78600.0,298.625,296.7,4.396085,-7.764048,44911660.0,70712540.0,3720.0,5780.0,18.193209,14.221396,0.46798,-0.54199,0.00048,0.00061,-143.34569,-92.26683,18.21077,18.1684,0.385098,0.337041,0.534498,595.325,FLAT,ACCELERATING,0.039134,-0.376217,0.462374,UP,,,78587.630683,85.780683,OK,STALE_UNDERLYING
SENSEX,2026-08-05,15:22,STALE,78501.85,7,OPTIONS_ACTIVE_UNDERLYING_STALE,UNDERLYING_UNAVAILABLE_OPTIONS_AVAILABLE,78600.0,287.45,307.2,-3.742152,3.538928,45092580.0,70790360.0,0.0,0.0,17.588858,14.808409,0.46672,-0.54022,0.00049,0.00059,-138.89392,-96.67541,18.201,18.17165,0.382675,0.423177,0.534498,594.65,ACCELERATING,FALLING,-0.145012,-0.407043,0.341088,UP,,,78566.669143,64.819143,OK,STALE_UNDERLYING
SENSEX,2026-08-05,15:23,STALE,78501.85,8,OPTIONS_ACTIVE_UNDERLYING_STALE,UNDERLYING_UNAVAILABLE_OPTIONS_AVAILABLE,78600.0,279.2,316.6,-2.870064,3.059896,45208720.0,70835920.0,0.0,0.0,17.149013,15.271619,0.46574,-0.53892,0.00051,0.00057,-135.66039,-100.15853,18.19208,18.17254,0.2149,0.315856,0.534498,595.8,DECELERATING,FALLING,-0.118887,-0.158175,-0.055709,NEUTRAL,,,78549.050422,47.200422,OK,STALE_UNDERLYING
SENSEX,2026-08-05,15:24,STALE,78501.85,9,OPTIONS_ACTIVE_UNDERLYING_STALE,UNDERLYING_UNAVAILABLE_OPTIONS_AVAILABLE,78600.0,276.2,308.3,-1.074499,-2.621605,45390680.0,70943840.0,-24500.0,-140.0,16.983706,14.799272,0.46536,-0.54029,0.00051,0.00059,-134.4651,-96.66578,18.18548,18.16118,0.362056,0.389231,0.550149,584.5,DECELERATING,RISING,-0.300439,0.258768,-0.517274,DOWN,,,78553.845674,51.995674,OK,STALE_UNDERLYING
SENSEX,2026-08-05,15:25,STALE,78501.85,10,OPTIONS_ACTIVE_UNDERLYING_STALE,UNDERLYING_UNAVAILABLE_OPTIONS_AVAILABLE,78500.0,301.85,275.7,-7.244373,7.705831,57399080.0,107853640.0,0.0,0.0,15.777601,15.906519,0.51758,-0.48253,0.00055,0.00055,-127.09555,-106.54259,18.23147,18.23169,0.33129,0.398984,0.71722,577.55,ACCELERATING,ACCELERATING,-0.316275,0.272475,-0.529518,DOWN,,,78510.319735,8.469735,OK,STALE_UNDERLYING
SENSEX,2026-08-05,15:26,STALE,78501.85,11,OPTIONS_ACTIVE_UNDERLYING_STALE,UNDERLYING_UNAVAILABLE_OPTIONS_AVAILABLE,78500.0,288.925,280.875,-4.281928,1.87704,57668140.0,108161300.0,8980.0,5280.0,15.049967,16.151989,0.51826,-0.48274,0.00058,0.00054,-121.78448,-108.37841,18.22497,18.227,0.294194,0.373832,0.718797,569.8,DECELERATING,DECELERATING,-0.429559,0.3606,-0.59664,DOWN,,,78493.361536,-8.488464,OK,STALE_UNDERLYING
SENSEX,2026-08-05,15:27,STALE,78501.85,12,OPTIONS_ACTIVE_UNDERLYING_STALE,UNDERLYING_UNAVAILABLE_OPTIONS_AVAILABLE,78600.0,280.825,301.275,15.222074,-10.527879,45975040.0,71292060.0,0.0,0.0,17.310024,14.397002,0.46603,-0.54157,0.0005,0.0006,-136.99576,-93.74837,18.17287,18.13989,0.409508,0.448096,0.551301,582.1,ACCELERATING,ACCELERATING,-0.023565,-0.354706,0.385384,UP,,,78561.846299,59.996299,OK,STALE_UNDERLYING
SENSEX,2026-08-05,15:28,STALE,78501.85,13,OPTIONS_ACTIVE_UNDERLYING_STALE,UNDERLYING_UNAVAILABLE_OPTIONS_AVAILABLE,78600.0,278.375,298.2,-0.872429,-1.020662,46155240.0,71360420.0,0.0,0.0,17.1777,14.348168,0.46572,-0.54174,0.00051,0.00061,-136.04584,-93.4115,18.16651,18.13402,0.305344,0.469484,0.551301,576.575,RISING,DECELERATING,0.233325,-0.13089,0.454667,UP,,,78563.230874,61.380874,OK,STALE_UNDERLYING
SENSEX,2026-08-05,15:29,STALE,78501.85,14,OPTIONS_ACTIVE_UNDERLYING_STALE,UNDERLYING_UNAVAILABLE_OPTIONS_AVAILABLE,78600.0,267.575,305.075,-3.879659,2.3055,46326060.0,71426960.0,-11960.0,-16740.0,16.5826,14.693715,0.46433,-0.5407,0.00052,0.00059,-131.64687,-96.02378,18.15589,18.1338,0.317668,0.475293,0.552095,572.65,RISING,FALLING,0.171964,-0.170937,0.44758,UP,,,78548.154905,46.304905,OK,STALE_UNDERLYING
SENSEX,2026-08-05,15:30,CLOSING_STATE_UNCERTAIN,78581.0,15,CLOSING_STATE_UNCERTAIN,INSUFFICIENT_DATA,,,,,,,,,,,,,,,,,,,,,,,,,,,,,INSUFFICIENT_DATA,,,,,INVALID,MISSING_OPTION_DATA|STALE_UNDERLYING
NIFTY,2026-08-06,15:15,LIVE,24627.95,0,NORMAL_CONTINUOUS,OPTIONS_CONFIRM,24700.0,120.775,133.225,-0.041382,-0.299345,145073565.0,99533200.0,-78975.0,-53170.0,11.738194,9.660746,0.4608,-0.54868,0.00115,0.00139,-16.19012,-7.02599,11.72231,11.6914,0.124198,0.187652,0.707952,254.0,RISING,FALLING,0.399323,-0.446151,0.573058,UP,,,24664.942486,36.992486,OK,OK
NIFTY,2026-08-06,15:16,STALE,24627.95,1,OPTIONS_ACTIVE_UNDERLYING_STALE,UNDERLYING_UNAVAILABLE_OPTIONS_AVAILABLE,24700.0,121.0,129.825,0.186297,-2.552074,145531555.0,99914620.0,-112125.0,-16965.0,11.739148,9.383091,0.4608,-0.55026,0.00115,0.00143,-16.192,-6.70236,11.72153,11.68485,0.247934,0.11554,0.71412,250.825,RISING,ACCELERATING,0.022852,-0.408549,0.403675,UP,,,24668.945563,40.995563,OK,STALE_UNDERLYING
NIFTY,2026-08-06,15:17,STALE,24627.95,2,OPTIONS_ACTIVE_UNDERLYING_STALE,UNDERLYING_UNAVAILABLE_OPTIONS_AVAILABLE,24700.0,121.35,124.975,0.289256,-3.735798,145982395.0,100244235.0,-155415.0,-83655.0,11.791293,8.985357,0.46099,-0.55267,0.00114,0.00149,-16.25286,-6.23711,11.7213,11.67485,0.247219,0.280056,0.718054,246.325,FLAT,ACCELERATING,0.123342,-0.355977,0.474809,UP,,,24674.054058,46.104058,OK,STALE_UNDERLYING
NIFTY,2026-08-06,15:18,STALE,24627.95,3,OPTIONS_ACTIVE_UNDERLYING_STALE,UNDERLYING_UNAVAILABLE_OPTIONS_AVAILABLE,24700.0,121.5,128.425,0.123609,2.760552,146403465.0,100646455.0,-55055.0,-47125.0,11.779455,9.251201,0.46093,-0.55106,0.00114,0.00145,-16.24001,-6.54924,11.72037,11.68031,0.246914,0.272533,0.710074,249.925,RISING,FALLING,0.158777,-0.345169,0.440664,UP,,,24671.05289,43.10289,OK,STALE_UNDERLYING
NIFTY,2026-08-06,15:19,STALE,24627.95,4,OPTIONS_ACTIVE_UNDERLYING_STALE,UNDERLYING_UNAVAILABLE_OPTIONS_AVAILABLE,24700.0,121.4,127.95,-0.082305,-0.369866,146571490.0,100754290.0,-88400.0,-38025.0,11.801745,9.234466,0.46101,-0.55117,0.00114,0.00145,-16.26648,-6.53022,11.71982,11.67912,0.164745,0.234467,0.706718,249.35,FLAT,ACCELERATING,0.035744,-0.164514,0.199399,NEUTRAL,,,24671.049361,43.099361,OK,STALE_UNDERLYING
NIFTY,2026-08-06,15:20,STALE,24627.95,5,OPTIONS_ACTIVE_UNDERLYING_STALE,UNDERLYING_UNAVAILABLE_OPTIONS_AVAILABLE,24700.0,118.075,135.275,-2.73888,5.724893,146887845.0,100974055.0,-44005.0,-16250.0,11.499737,9.825372,0.45984,-0.54784,0.00117,0.00137,-15.91909,-7.221,11.7156,11.69056,0.127038,0.184809,0.710927,253.35,ACCELERATING,ACCELERATING,-0.082946,0.21496,-0.430261,DOWN,,,24659.707869,31.757869,OK,STALE_UNDERLYING
NIFTY,2026-08-06,15:21,STALE,24627.95,6,OPTIONS_ACTIVE_UNDERLYING_STALE,UNDERLYING_UNAVAILABLE_OPTIONS_AVAILABLE,24700.0,119.725,131.65,1.397417,-2.679726,147228185.0,101156315.0,-88725.0,-74100.0,11.6458,9.526325,0.4604,-0.54949,0.00115,0.00141,-16.08834,-6.87273,11.71648,11.68382,0.292337,0.303836,0.703384,251.375,FALLING,RISING,-0.222466,0.133132,-0.391653,DOWN,,,24665.736953,37.786953,OK,STALE_UNDERLYING
NIFTY,2026-08-06,15:22,STALE,24627.95,7,OPTIONS_ACTIVE_UNDERLYING_STALE,UNDERLYING_UNAVAILABLE_OPTIONS_AVAILABLE,24700.0,119.9,128.825,0.146168,-2.145841,147497025.0,101291840.0,-22425.0,-3380.0,11.638217,9.282735,0.46036,-0.55091,0.00116,0.00144,-16.08037,-6.58848,11.71559,11.67776,0.250209,0.271686,0.70405,248.725,FALLING,RISING,-0.222738,0.069687,-0.243162,NEUTRAL,,,24668.833572,40.883572,OK,STALE_UNDERLYING
NIFTY,2026-08-06,15:23,STALE,24627.95,8,OPTIONS_ACTIVE_UNDERLYING_STALE,UNDERLYING_UNAVAILABLE_OPTIONS_AVAILABLE,24700.0,121.125,125.575,1.021685,-2.522802,147717245.0,101469875.0,-74035.0,-22035.0,11.758681,9.021865,0.46081,-0.55251,0.00114,0.00149,-16.22005,-6.2833,11.71613,11.67084,0.206398,0.278718,0.705806,246.7,ACCELERATING,ACCELERATING,0.167592,-0.15098,0.435478,UP,,,24673.545275,45.595275,OK,STALE_UNDERLYING
NIFTY,2026-08-06,15:24,STALE,24627.95,9,OPTIONS_ACTIVE_UNDERLYING_STALE,UNDERLYING_UNAVAILABLE_OPTIONS_AVAILABLE,24700.0,121.6,125.45,0.392157,-0.099542,148050305.0,101647845.0,-64480.0,34775.0,11.823658,8.992246,0.46105,-0.55271,0.00114,0.00149,-16.29572,-6.24909,11.71604,11.6693,0.246711,0.239139,0.711798,247.05,DECELERATING,DECELERATING,0.252705,-0.341322,0.510939,UP,,,24674.148327,46.198327,OK,STALE_UNDERLYING
NIFTY,2026-08-06,15:25,STALE,24627.95,10,OPTIONS_ACTIVE_UNDERLYING_STALE,UNDERLYING_UNAVAILABLE_OPTIONS_AVAILABLE,24700.0,120.575,128.75,-0.842928,2.63053,148325970.0,101803975.0,-110825.0,-16250.0,11.717921,9.305327,0.46064,-0.55081,0.00115,0.00144,-16.17464,-6.61668,11.71408,11.67582,0.124404,0.23301,0.716031,249.325,RISING,FLAT,0.163479,-0.060844,0.126039,NEUTRAL,,,24669.55372,41.60372,OK,STALE_UNDERLYING
NIFTY,2026-08-06,15:26,STALE,24627.95,11,OPTIONS_ACTIVE_UNDERLYING_STALE,UNDERLYING_UNAVAILABLE_OPTIONS_AVAILABLE,24700.0,117.275,131.8,-2.736886,2.368932,148843045.0,102012430.0,-84305.0,-62270.0,11.432836,9.545493,0.45952,-0.54943,0.00118,0.00141,-15.84649,-6.89814,11.70998,11.68015,0.213174,0.30349,0.71459,249.075,ACCELERATING,RISING,-0.363567,0.279462,-0.536995,DOWN,,,24662.998956,35.048956,OK,STALE_UNDERLYING
NIFTY,2026-08-06,15:27,STALE,24627.95,12,OPTIONS_ACTIVE_UNDERLYING_STALE,UNDERLYING_UNAVAILABLE_OPTIONS_AVAILABLE,24700.0,117.925,132.675,0.554253,0.663885,149068075.0,102140545.0,-145665.0,-17030.0,11.497812,9.614398,0.45977,-0.54906,0.00117,0.0014,-15.92226,-6.97924,11.70997,11.68075,0.127199,0.263803,0.717091,250.6,FALLING,DECELERATING,-0.234084,0.233451,-0.481456,DOWN,,,24663.223924,35.273924,OK,STALE_UNDERLYING
NIFTY,2026-08-06,15:28,STALE,24627.95,13,OPTIONS_ACTIVE_UNDERLYING_STALE,UNDERLYING_UNAVAILABLE_OPTIONS_AVAILABLE,24700.0,118.55,128.475,0.529998,-3.16563,149335745.0,102276460.0,-20865.0,-40365.0,11.545744,9.263672,0.45995,-0.55109,0.00117,0.00145,-15.97837,-6.56964,11.70971,11.67245,0.253058,0.350263,0.713267,247.025,FALLING,FLAT,-0.147887,0.117665,-0.204395,NEUTRAL,,,24667.941021,39.991021,OK,STALE_UNDERLYING
NIFTY,2026-08-06,15:29,CLOSING_STATE_UNCERTAIN,24636.0,14,CLOSING_STATE_UNCERTAIN,UNDERLYING_UNAVAILABLE_OPTIONS_AVAILABLE,24700.0,117.9,127.925,-0.548292,-0.428099,149668610.0,102431420.0,33280.0,-27625.0,11.172594,9.600272,0.46813,-0.53789,0.00121,0.0014,-15.64575,-7.07683,11.73455,11.71902,0.254453,0.117256,0.704216,245.825,RISING,DECELERATING,0.216875,-0.321127,0.417821,UP,,,24667.830065,39.880065,OK,STALE_UNDERLYING
NIFTY,2026-08-06,15:30,STALE,24636.0,15,UNDERLYING_STALE,INSUFFICIENT_DATA,,,,,,,,,,,,,,,,,,,,,,,,,,,,,INSUFFICIENT_DATA,,,,,INVALID,MISSING_OPTION_DATA|STALE_UNDERLYING
SENSEX,2026-08-06,15:15,LIVE,78785.62,0,NORMAL_CONTINUOUS,OPTIONS_CONFIRM,78900.0,244.775,253.6,2.760285,3.047542,98325240.0,49522160.0,0.0,0.0,36.250843,23.720624,0.44347,-0.58761,0.00053,0.0008,-604.302,-370.88754,8.08279,7.96717,0.306404,0.236593,0.792203,498.375,ACCELERATING,FALLING,0.680033,-0.288906,0.656313,UP,,,78892.779195,107.159195,OK,OK
SENSEX,2026-08-06,15:16,STALE,78785.62,1,OPTIONS_ACTIVE_UNDERLYING_STALE,UNDERLYING_UNAVAILABLE_OPTIONS_AVAILABLE,78900.0,242.125,251.85,-1.082627,-0.690063,98823640.0,49668200.0,-206780.0,-44440.0,35.930408,23.601815,0.44284,-0.58819,0.00054,0.00081,-599.7189,-369.3602,8.06972,7.95341,0.268456,0.277943,0.842602,493.975,RISING,RISING,0.294419,0.310688,0.047144,MIXED,,,78889.538916,103.918916,OK,STALE_UNDERLYING
SENSEX,2026-08-06,15:17,STALE,78785.62,2,OPTIONS_ACTIVE_UNDERLYING_STALE,UNDERLYING_UNAVAILABLE_OPTIONS_AVAILABLE,79000.0,200.625,240.325,4.193716,-20.250539,132502800.0,37726320.0,0.0,0.0,36.040745,12.721906,0.39004,-0.78888,0.00052,0.00111,-584.50635,-136.13927,7.83068,5.90015,0.373832,0.270467,0.602956,440.95,ACCELERATING,ACCELERATING,0.327844,-0.201985,0.509942,UP,,,78959.172511,173.552511,OK,STALE_UNDERLYING|INVALID_GREEKS
SENSEX,2026-08-06,15:18,STALE,78785.62,3,OPTIONS_ACTIVE_UNDERLYING_STALE,UNDERLYING_UNAVAILABLE_OPTIONS_AVAILABLE,79000.0,220.725,196.175,10.018692,-18.370956,133504380.0,38413780.0,-31500.0,79480.0,38.55411,,0.39713,,0.00049,,-628.7804,,7.85867,,0.385095,0.331337,0.605014,416.9,ACCELERATING,DECELERATING,0.358437,-0.614754,0.65773,UP,,,79020.707021,235.087021,OK,STALE_UNDERLYING|INVALID_GREEKS
SENSEX,2026-08-06,15:19,STALE,78785.62,4,OPTIONS_ACTIVE_UNDERLYING_STALE,UNDERLYING_UNAVAILABLE_OPTIONS_AVAILABLE,79000.0,211.375,206.025,-4.23604,5.021027,134182180.0,38756960.0,0.0,0.0,37.500492,,0.39404,,0.0005,,-611.3506,,7.83073,,0.35482,0.315496,0.605014,417.4,RISING,FALLING,0.306845,-0.316169,0.541005,UP,,,79003.492804,217.872804,OK,STALE_UNDERLYING|INVALID_GREEKS
SENSEX,2026-08-06,15:20,STALE,78785.62,5,OPTIONS_ACTIVE_UNDERLYING_STALE,UNDERLYING_UNAVAILABLE_OPTIONS_AVAILABLE,79000.0,179.225,225.2,-15.209935,9.307123,135036700.0,39086560.0,0.0,0.0,33.469162,10.009979,0.38104,-0.84741,0.00056,0.00116,-541.8284,-80.42041,7.74414,4.79248,0.585856,0.310835,0.605014,404.425,ACCELERATING,FALLING,-0.243608,-0.02184,-0.360266,DOWN,,,78954.026808,168.406808,OK,STALE_UNDERLYING|INVALID_GREEKS
SENSEX,2026-08-06,15:21,STALE,78785.62,6,OPTIONS_ACTIVE_UNDERLYING_STALE,UNDERLYING_UNAVAILABLE_OPTIONS_AVAILABLE,78900.0,196.775,179.725,-17.684585,-2.402932,102475400.0,52287800.0,156440.0,-300.0,30.431888,14.470853,0.43144,-0.64414,0.00064,0.00127,-510.43372,-211.9776,7.97588,7.5613,0.482785,0.417304,0.8312,376.5,ACCELERATING,RISING,-0.662173,0.339668,-0.66728,DOWN,,,78915.612628,129.992628,OK,STALE_UNDERLYING|INVALID_GREEKS
SENSEX,2026-08-06,15:22,STALE,78785.62,7,OPTIONS_ACTIVE_UNDERLYING_STALE,UNDERLYING_UNAVAILABLE_OPTIONS_AVAILABLE,79000.0,179.275,163.7,32.159971,-28.460614,138970720.0,40930940.0,0.0,0.0,33.573362,,0.38106,,0.00056,,-545.0344,,7.72201,,0.474132,0.549786,0.591413,342.975,FALLING,ACCELERATING,-0.723249,-0.578446,0.234738,MIXED,,,79016.021545,230.401545,OK,STALE_UNDERLYING|INVALID_GREEKS
SENSEX,2026-08-06,15:23,STALE,78785.62,8,OPTIONS_ACTIVE_UNDERLYING_STALE,UNDERLYING_UNAVAILABLE_OPTIONS_AVAILABLE,79100.0,164.225,128.6,27.652546,-39.822181,79558720.0,10027920.0,0.0,0.0,36.19819,,0.33848,,0.0005,,-563.6561,,7.40142,,0.456691,2.877138,0.4223,292.825,DECELERATING,ACCELERATING,0.439435,-0.465181,0.634872,UP,,,79135.556525,349.936525,OK,STALE_UNDERLYING|INVALID_GREEKS
SENSEX,2026-08-06,15:24,STALE,78785.62,9,OPTIONS_ACTIVE_UNDERLYING_STALE,UNDERLYING_UNAVAILABLE_OPTIONS_AVAILABLE,79200.0,155.175,119.5,41.874286,-32.657087,97729960.0,7915880.0,-62660.0,19200.0,39.473452,,0.30621,,0.00044,,-589.45386,,7.08989,,0.547769,0.83682,0.410072,274.675,ACCELERATING,DECELERATING,0.615282,-0.791819,0.802367,UP,,,79235.616233,449.996233,OK,STALE_UNDERLYING|INVALID_GREEKS
SENSEX,2026-08-06,15:25,STALE,78785.62,10,OPTIONS_ACTIVE_UNDERLYING_STALE,UNDERLYING_UNAVAILABLE_OPTIONS_AVAILABLE,79000.0,155.675,108.7,-46.235538,83.1508,143734580.0,46043740.0,0.0,0.0,30.584487,,0.36894,,0.00061,,-494.13162,,7.61081,,0.289064,1.01196,0.736379,264.375,ACCELERATING,FALLING,-0.344336,-0.761342,0.472297,MIXED,,,79046.75146,261.13146,OK,STALE_UNDERLYING|INVALID_GREEKS
SENSEX,2026-08-06,15:26,STALE,78785.62,11,OPTIONS_ACTIVE_UNDERLYING_STALE,UNDERLYING_UNAVAILABLE_OPTIONS_AVAILABLE,79100.0,118.325,156.8,11.574729,-5.07038,83900140.0,12265480.0,-37240.0,23360.0,30.082494,,0.30666,,0.00058,,-452.38156,,7.07398,,0.211282,1.530612,0.636652,275.125,FALLING,RISING,-0.569201,0.430865,-0.666689,DOWN,,,79057.710624,272.090624,OK,STALE_UNDERLYING|INVALID_GREEKS
SENSEX,2026-08-06,15:27,STALE,78785.62,12,OPTIONS_ACTIVE_UNDERLYING_STALE,UNDERLYING_UNAVAILABLE_OPTIONS_AVAILABLE,79000.0,146.3,98.75,-13.278008,-13.186813,146997880.0,49258860.0,0.0,0.0,29.340759,,0.36307,,0.00064,,-473.10394,,7.54823,,0.615174,0.303797,0.889233,245.05,ACCELERATING,RISING,-0.344279,0.568234,-0.637504,DOWN,,,79048.395765,262.775765,OK,STALE_UNDERLYING|INVALID_GREEKS
SENSEX,2026-08-06,15:28,STALE,78785.62,13,OPTIONS_ACTIVE_UNDERLYING_STALE,UNDERLYING_UNAVAILABLE_OPTIONS_AVAILABLE,79000.0,101.375,129.475,-30.70745,31.113924,148387380.0,50548040.0,0.0,0.0,23.419082,,0.32953,,0.00077,,-365.873,,7.27085,,0.641184,0.733732,0.889233,230.85,ACCELERATING,ACCELERATING,-0.485554,0.536085,-0.67388,DOWN,,,78971.88046,186.26046,OK,STALE_UNDERLYING|INVALID_GREEKS
SENSEX,2026-08-06,15:29,STALE,78785.62,14,OPTIONS_ACTIVE_UNDERLYING_STALE,UNDERLYING_UNAVAILABLE_OPTIONS_AVAILABLE,79000.0,31.825,83.05,-68.606658,-35.856343,151750160.0,52074720.0,234040.0,-20480.0,13.093019,,0.21358,,0.00111,,-166.14848,,5.83835,,0.471328,1.444913,0.865492,114.875,ACCELERATING,ACCELERATING,-0.678455,-0.470165,-0.402764,MIXED,,,78950.590205,164.970205,OK,STALE_UNDERLYING|INVALID_GREEKS
SENSEX,2026-08-06,15:30,CLOSING_STATE_UNCERTAIN,78954.76,15,CLOSING_STATE_UNCERTAIN,INSUFFICIENT_DATA,,,,,,,,,,,,,,,,,,,,,,,,,,,,,INSUFFICIENT_DATA,,,,,INVALID,MISSING_OPTION_DATA|STALE_UNDERLYING
NIFTY,2026-08-07,15:15,LIVE,24557.0,0,NORMAL_CONTINUOUS,DIVERGENCE,24600.0,115.825,101.85,1.245629,-3.665169,288853305.0,320658650.0,-220545.0,-79950.0,11.614692,8.91937,0.48384,-0.52238,0.0013,0.00169,-17.66321,-7.53807,10.55808,10.55012,0.30218,0.294551,0.664849,217.675,ACCELERATING,ACCELERATING,0.184559,-0.308177,0.480163,UP,,,24596.29444,39.29444,OK,OK
NIFTY,2026-08-07,15:16,STALE,24557.0,1,OPTIONS_ACTIVE_UNDERLYING_STALE,UNDERLYING_UNAVAILABLE_OPTIONS_AVAILABLE,24600.0,116.85,101.3,0.884956,-0.54001,290204655.0,321627540.0,-657930.0,-125060.0,11.734245,8.896165,0.48405,-0.52245,0.00128,0.00169,-17.81439,-7.50957,10.55744,10.54915,0.256739,0.197433,0.675578,218.15,DECELERATING,DECELERATING,0.010628,-0.21204,0.276498,UP,,,24597.836772,40.836772,OK,STALE_UNDERLYING
NIFTY,2026-08-07,15:17,STALE,24557.0,2,OPTIONS_ACTIVE_UNDERLYING_STALE,UNDERLYING_UNAVAILABLE_OPTIONS_AVAILABLE,24600.0,114.35,105.125,-2.139495,3.775913,292143605.0,322682945.0,-141830.0,-4160.0,11.474892,9.261614,0.48356,-0.52142,0.00131,0.00162,-17.48989,-7.97203,10.55607,10.5498,0.262352,0.237812,0.681015,219.475,FLAT,FALLING,-0.226398,-0.201749,-0.008488,NEUTRAL,,,24591.089799,34.089799,OK,STALE_UNDERLYING
NIFTY,2026-08-07,15:18,STALE,24557.0,3,OPTIONS_ACTIVE_UNDERLYING_STALE,UNDERLYING_UNAVAILABLE_OPTIONS_AVAILABLE,24600.0,112.3,105.825,-1.792742,0.665874,293039500.0,323320530.0,-392015.0,-102505.0,11.300796,9.328505,0.48323,-0.52125,0.00133,0.00161,-17.27234,-8.05735,10.55482,10.54916,0.267142,0.330735,0.689075,218.125,DECELERATING,DECELERATING,-0.189164,0.186041,-0.435878,DOWN,,,24588.917827,31.917827,OK,STALE_UNDERLYING
NIFTY,2026-08-07,15:19,STALE,24557.0,4,OPTIONS_ACTIVE_UNDERLYING_STALE,UNDERLYING_UNAVAILABLE_OPTIONS_AVAILABLE,24600.0,108.025,109.175,-3.806768,3.165604,293831850.0,323937965.0,-84240.0,-65715.0,10.875527,9.651341,0.48238,-0.52041,0.00138,0.00156,-16.73891,-8.46556,10.55299,10.54946,0.323999,0.320586,0.69137,217.2,ACCELERATING,ACCELERATING,-0.158748,0.180634,-0.446033,DOWN,,,24581.481526,24.481526,OK,STALE_UNDERLYING
NIFTY,2026-08-07,15:20,STALE,24557.0,5,OPTIONS_ACTIVE_UNDERLYING_STALE,UNDERLYING_UNAVAILABLE_OPTIONS_AVAILABLE,24600.0,111.05,106.9,2.800278,-2.08381,294549775.0,324743315.0,-168805.0,-176540.0,11.165654,9.44333,0.48295,-0.52096,0.00135,0.00159,-17.10468,-8.20402,10.55279,10.54785,0.270149,0.093545,0.686951,217.95,FALLING,RISING,-0.17744,0.075658,-0.328772,DOWN,,,24586.809889,29.809889,OK,STALE_UNDERLYING
NIFTY,2026-08-07,15:21,STALE,24557.0,6,OPTIONS_ACTIVE_UNDERLYING_STALE,UNDERLYING_UNAVAILABLE_OPTIONS_AVAILABLE,24600.0,110.275,106.85,-0.697884,-0.046773,294922420.0,325058955.0,455.0,-112840.0,11.090974,9.424912,0.4828,-0.52102,0.00136,0.0016,-17.01189,-8.18167,10.55174,10.5469,0.317388,0.280767,0.682846,217.125,ACCELERATING,RISING,-0.072661,-0.066807,-0.191753,NEUTRAL,,,24586.40191,29.40191,OK,STALE_UNDERLYING
NIFTY,2026-08-07,15:22,STALE,24557.0,7,OPTIONS_ACTIVE_UNDERLYING_STALE,UNDERLYING_UNAVAILABLE_OPTIONS_AVAILABLE,24600.0,109.175,107.8,-0.997506,0.889097,295673820.0,325624390.0,-50050.0,-41405.0,11.01151,9.520261,0.48263,-0.52078,0.00137,0.00158,-16.91303,-8.30288,10.55071,10.54639,0.22899,0.278293,0.682115,216.975,RISING,FALLING,0.177654,-0.196936,0.241279,NEUTRAL,,,24583.454938,26.454938,OK,STALE_UNDERLYING
NIFTY,2026-08-07,15:23,STALE,24557.0,8,OPTIONS_ACTIVE_UNDERLYING_STALE,UNDERLYING_UNAVAILABLE_OPTIONS_AVAILABLE,24600.0,110.6,104.675,1.305244,-2.898887,296231195.0,326219270.0,-190905.0,-127465.0,11.150081,9.193644,0.4829,-0.52167,0.00135,0.00164,-17.08833,-7.89135,10.55013,10.54426,0.271248,0.334368,0.679307,215.275,FLAT,ACCELERATING,-0.072937,-0.254693,0.201417,NEUTRAL,,,24588.87926,31.87926,OK,STALE_UNDERLYING
NIFTY,2026-08-07,15:24,STALE,24557.0,9,OPTIONS_ACTIVE_UNDERLYING_STALE,UNDERLYING_UNAVAILABLE_OPTIONS_AVAILABLE,24600.0,110.85,105.175,0.22604,0.477669,296797800.0,326710280.0,-99840.0,-131430.0,11.1512,9.246324,0.48289,-0.52153,0.00135,0.00163,-17.09081,-7.95876,10.54927,10.5436,0.270636,0.237699,0.673527,216.025,DECELERATING,FALLING,-0.090319,-0.117076,0.152999,NEUTRAL,,,24588.139712,31.139712,OK,STALE_UNDERLYING
NIFTY,2026-08-07,15:25,STALE,24557.0,10,OPTIONS_ACTIVE_UNDERLYING_STALE,UNDERLYING_UNAVAILABLE_OPTIONS_AVAILABLE,24600.0,108.475,107.125,-2.142535,1.854053,297275290.0,327068625.0,-90805.0,-76050.0,10.962732,9.455523,0.48251,-0.52098,0.00137,0.00159,-16.85487,-8.22385,10.54795,10.5435,0.322655,0.326721,0.672479,215.6,ACCELERATING,FALLING,-0.011407,-0.243485,0.121406,NEUTRAL,,,24583.960848,26.960848,OK,STALE_UNDERLYING
NIFTY,2026-08-07,15:26,STALE,24557.0,11,OPTIONS_ACTIVE_UNDERLYING_STALE,UNDERLYING_UNAVAILABLE_OPTIONS_AVAILABLE,24600.0,109.15,105.175,0.622263,-1.820303,298047100.0,327624570.0,-285415.0,-160095.0,11.020716,9.271089,0.48261,-0.52149,0.00137,0.00162,-16.92885,-7.99178,10.54722,10.54194,0.274851,0.237699,0.669655,214.325,FALLING,FLAT,-0.264003,0.104352,-0.280657,DOWN,,,24586.538306,29.538306,OK,STALE_UNDERLYING
NIFTY,2026-08-07,15:27,STALE,24557.0,12,OPTIONS_ACTIVE_UNDERLYING_STALE,UNDERLYING_UNAVAILABLE_OPTIONS_AVAILABLE,24600.0,107.475,105.875,-1.534585,0.665557,298474930.0,327992405.0,-159705.0,-115375.0,10.84168,9.347513,0.48224,-0.52129,0.00139,0.00161,-16.70467,-8.0892,10.54592,10.54135,0.325657,0.330579,0.668491,213.35,ACCELERATING,ACCELERATING,-0.210003,0.064707,-0.332379,DOWN,,,24584.31321,27.31321,OK,STALE_UNDERLYING
NIFTY,2026-08-07,15:28,STALE,24557.0,13,OPTIONS_ACTIVE_UNDERLYING_STALE,UNDERLYING_UNAVAILABLE_OPTIONS_AVAILABLE,24600.0,106.4,107.025,-1.000233,1.086187,299321945.0,328544905.0,-151710.0,-132730.0,10.743204,9.433429,0.48203,-0.52107,0.0014,0.0016,-16.58176,-8.1986,10.5448,10.5408,0.281955,0.327026,0.670127,213.425,DECELERATING,FLAT,-0.33758,0.022775,-0.270811,DOWN,,,24582.00564,25.00564,OK,STALE_UNDERLYING
NIFTY,2026-08-07,15:29,STALE,24557.0,14,OPTIONS_ACTIVE_UNDERLYING_STALE,UNDERLYING_UNAVAILABLE_OPTIONS_AVAILABLE,24600.0,105.35,106.8,-0.986842,-0.210231,299995410.0,328994315.0,-42705.0,-97500.0,10.668413,9.429221,0.48186,-0.52109,0.00141,0.0016,-16.48863,-8.19416,10.54375,10.53991,0.284765,0.280899,0.669074,212.15,FALLING,RISING,-0.283896,0.185422,-0.440354,DOWN,,,24581.494302,24.494302,OK,STALE_UNDERLYING
NIFTY,2026-08-07,15:30,CLOSING_STATE_UNCERTAIN,24570.65,15,CLOSING_STATE_UNCERTAIN,INSUFFICIENT_DATA,,,,,,,,,,,,,,,,,,,,,,,,,,,,,INSUFFICIENT_DATA,,,,,INVALID,MISSING_OPTION_DATA|STALE_UNDERLYING
SENSEX,2026-08-07,15:15,LIVE,78491.26,0,NORMAL_CONTINUOUS,DIVERGENCE,78700.0,497.0,456.025,1.953946,-6.201471,7788360.0,7769200.0,0.0,0.0,12.99988,10.174173,0.48124,-0.52564,0.0003,0.00038,-52.79241,-21.86406,40.91819,40.87884,0.181087,0.274108,0.677149,953.025,ACCELERATING,ACCELERATING,0.397849,-0.334025,0.575569,UP,,,78653.886574,162.626574,OK,OK
SENSEX,2026-08-07,15:16,STALE,78491.26,1,OPTIONS_ACTIVE_UNDERLYING_STALE,UNDERLYING_UNAVAILABLE_OPTIONS_AVAILABLE,78700.0,498.175,462.225,0.236419,1.359575,7828460.0,7807420.0,-32040.0,4280.0,13.053325,10.347003,0.48134,-0.52513,0.0003,0.00037,-52.97188,-22.44326,40.91639,40.87992,0.190696,0.183893,0.698147,960.4,DECELERATING,FALLING,0.282255,-0.299565,0.495711,UP,,,78651.546247,160.286247,OK,STALE_UNDERLYING
SENSEX,2026-08-07,15:17,STALE,78491.26,2,OPTIONS_ACTIVE_UNDERLYING_STALE,UNDERLYING_UNAVAILABLE_OPTIONS_AVAILABLE,78700.0,488.275,468.9,-1.987253,1.444102,7874780.0,7827960.0,0.0,0.0,12.817122,10.544301,0.48087,-0.52457,0.0003,0.00037,-52.19058,-23.10383,40.91184,40.88128,0.296964,0.277245,0.698147,957.175,FLAT,FALLING,-0.066534,-0.163383,0.270522,UP,,,78634.037873,142.777873,OK,STALE_UNDERLYING
SENSEX,2026-08-07,15:18,STALE,78491.26,3,OPTIONS_ACTIVE_UNDERLYING_STALE,UNDERLYING_UNAVAILABLE_OPTIONS_AVAILABLE,78700.0,487.4,471.35,-0.179202,0.522499,7896100.0,7840100.0,-25020.0,-11820.0,12.766678,10.580167,0.48076,-0.52447,0.0003,0.00037,-52.02538,-23.2253,40.90903,40.87959,0.225687,0.212157,0.704381,958.75,DECELERATING,DECELERATING,-0.137102,0.020956,-0.34099,DOWN,,,78631.45589,140.19589,OK,STALE_UNDERLYING
SENSEX,2026-08-07,15:19,STALE,78491.26,4,OPTIONS_ACTIVE_UNDERLYING_STALE,UNDERLYING_UNAVAILABLE_OPTIONS_AVAILABLE,78700.0,487.475,477.225,0.015388,1.24642,7915860.0,7850080.0,0.0,0.0,12.781009,10.683301,0.48078,-0.52419,0.0003,0.00036,-52.07513,-23.57126,40.90686,40.87911,0.153854,0.178113,0.704381,964.7,FALLING,ACCELERATING,-0.210163,0.12478,-0.405088,DOWN,,,78625.850265,134.590265,OK,STALE_UNDERLYING
SENSEX,2026-08-07,15:20,STALE,78491.26,5,OPTIONS_ACTIVE_UNDERLYING_STALE,UNDERLYING_UNAVAILABLE_OPTIONS_AVAILABLE,78700.0,488.725,483.35,0.256423,1.283462,7942460.0,7885020.0,0.0,0.0,12.828346,10.856168,0.48087,-0.52372,0.0003,0.00036,-52.2344,-24.14978,40.90502,40.8797,0.255768,0.206889,0.704381,972.075,FLAT,RISING,-0.083943,0.438409,-0.372864,DOWN,,,78621.232275,129.972275,OK,STALE_UNDERLYING
SENSEX,2026-08-07,15:21,STALE,78491.26,6,OPTIONS_ACTIVE_UNDERLYING_STALE,UNDERLYING_UNAVAILABLE_OPTIONS_AVAILABLE,78700.0,485.2,488.3,-0.721265,1.024103,7955520.0,7900620.0,-6540.0,-8460.0,12.744887,10.999688,0.4807,-0.52335,0.0003,0.00035,-51.95961,-24.6302,40.90187,40.87969,0.247321,0.184313,0.707906,973.5,FLAT,RISING,-0.010316,0.245792,-0.336837,DOWN,,,78612.98248,121.72248,OK,STALE_UNDERLYING
SENSEX,2026-08-07,15:22,STALE,78491.26,7,OPTIONS_ACTIVE_UNDERLYING_STALE,UNDERLYING_UNAVAILABLE_OPTIONS_AVAILABLE,78700.0,471.25,488.15,-2.875103,-0.030719,7980200.0,7911940.0,0.0,0.0,12.385116,11.011117,0.47994,-0.52332,0.00031,0.00035,-50.76713,-24.67015,40.89576,40.87754,0.04244,0.245826,0.707906,959.4,ACCELERATING,RISING,-0.330259,0.129729,-0.444877,DOWN,,,78599.162938,107.902938,OK,STALE_UNDERLYING
SENSEX,2026-08-07,15:23,STALE,78491.26,8,OPTIONS_ACTIVE_UNDERLYING_STALE,UNDERLYING_UNAVAILABLE_OPTIONS_AVAILABLE,78700.0,472.625,486.525,0.291777,-0.332889,7995920.0,7920500.0,0.0,0.0,12.418978,10.969935,0.48001,-0.52344,0.00031,0.00035,-50.88169,-24.5346,40.89386,40.87464,0.158688,0.298032,0.707906,959.15,FALLING,RISING,-0.312472,-0.001984,-0.349744,DOWN,,,78602.683927,111.423927,OK,STALE_UNDERLYING
SENSEX,2026-08-07,15:24,STALE,78491.26,9,OPTIONS_ACTIVE_UNDERLYING_STALE,UNDERLYING_UNAVAILABLE_OPTIONS_AVAILABLE,78700.0,480.4,477.125,1.645067,-1.932069,8011520.0,7936460.0,-40.0,-80.0,12.617924,10.703663,0.48042,-0.52417,0.00031,0.00036,-51.54457,-23.64806,40.89367,40.86784,0.062448,0.220068,0.704494,957.525,FALLING,ACCELERATING,-0.257899,-0.170502,0.081799,NEUTRAL,,,78619.89863,128.63863,OK,STALE_UNDERLYING
SENSEX,2026-08-07,15:25,STALE,78491.26,10,OPTIONS_ACTIVE_UNDERLYING_STALE,UNDERLYING_UNAVAILABLE_OPTIONS_AVAILABLE,78700.0,475.95,481.35,-0.926311,0.885512,8018920.0,7943120.0,0.0,0.0,12.522204,10.827633,0.48021,-0.52383,0.00031,0.00036,-51.22883,-24.06355,40.89035,40.86765,0.273138,0.124649,0.704494,957.3,RISING,FALLING,0.135117,-0.1209,0.261453,UP,,,78611.299033,120.039033,OK,STALE_UNDERLYING
SENSEX,2026-08-07,15:26,STALE,78491.26,11,OPTIONS_ACTIVE_UNDERLYING_STALE,UNDERLYING_UNAVAILABLE_OPTIONS_AVAILABLE,78700.0,469.525,482.525,-1.349932,0.244105,8033940.0,7957460.0,-8240.0,-4720.0,12.337198,10.85741,0.47981,-0.52376,0.00031,0.00036,-50.61631,-24.16471,40.88601,40.86581,0.287525,0.217605,0.707384,952.05,ACCELERATING,FALLING,-0.175373,-0.094547,-0.025172,NEUTRAL,,,78603.624817,112.364817,OK,STALE_UNDERLYING
SENSEX,2026-08-07,15:27,STALE,78491.26,12,OPTIONS_ACTIVE_UNDERLYING_STALE,UNDERLYING_UNAVAILABLE_OPTIONS_AVAILABLE,78700.0,473.175,482.15,0.777381,-0.077716,8051680.0,7965740.0,0.0,0.0,12.456688,10.854152,0.48006,-0.52378,0.00031,0.00036,-51.01545,-24.15565,40.88501,40.86342,0.243039,0.228145,0.707384,955.325,FALLING,RISING,-0.054426,0.024103,-0.213512,NEUTRAL,,,78607.602648,116.342648,OK,STALE_UNDERLYING
SENSEX,2026-08-07,15:28,STALE,78491.26,13,OPTIONS_ACTIVE_UNDERLYING_STALE,UNDERLYING_UNAVAILABLE_OPTIONS_AVAILABLE,78700.0,470.025,479.775,-0.665716,-0.492585,8062380.0,7970580.0,0.0,0.0,12.378061,10.76523,0.47989,-0.52403,0.00031,0.00036,-50.75631,-23.86065,40.88184,40.85964,0.265943,0.281382,0.707384,949.8,ACCELERATING,FLAT,-0.188596,-0.045334,-0.119336,NEUTRAL,,,78606.723687,115.463687,OK,STALE_UNDERLYING
SENSEX,2026-08-07,15:29,CLOSING_STATE_UNCERTAIN,78499.17,14,CLOSING_STATE_UNCERTAIN,UNDERLYING_UNAVAILABLE_OPTIONS_AVAILABLE,78700.0,457.475,479.6,-2.670071,-0.036475,8087880.0,7984140.0,-13680.0,-4420.0,11.954502,10.859423,0.48151,-0.52095,0.00032,0.00036,-49.4218,-24.25539,40.89179,40.87927,0.316957,0.083403,0.704733,937.075,ACCELERATING,DECELERATING,-0.330296,-0.182253,-0.186682,NEUTRAL,,,78595.15158,103.89158,OK,STALE_UNDERLYING
SENSEX,2026-08-07,15:30,CLOSING_STATE_UNCERTAIN,78499.17,15,CLOSING_STATE_UNCERTAIN,INSUFFICIENT_DATA,,,,,,,,,,,,,,,,,,,,,,,,,,,,,INSUFFICIENT_DATA,,,,,INVALID,MISSING_OPTION_DATA|STALE_UNDERLYING
NIFTY,2026-08-10,15:15,LIVE,24560.15,0,NORMAL_CONTINUOUS,OPTIONS_CONFIRM,24600.0,82.225,70.7,2.652934,-4.941176,517200060.0,504545145.0,-229125.0,-317330.0,16.978318,9.349159,0.45064,-0.59155,0.00162,0.00289,-41.71006,-16.90723,5.68143,5.57388,0.304044,0.282885,0.889681,152.925,ACCELERATING,ACCELERATING,0.522526,-0.388932,0.636638,UP,,,24607.087959,46.937959,OK,INVALID_GREEKS
NIFTY,2026-08-10,15:16,STALE,24560.15,1,OPTIONS_ACTIVE_UNDERLYING_STALE,UNDERLYING_UNAVAILABLE_OPTIONS_AVAILABLE,24600.0,76.375,74.05,-7.114625,4.738331,520478465.0,506806235.0,-602420.0,-326690.0,15.953025,9.933574,0.44722,-0.58616,0.00173,0.00273,-39.32159,-18.32497,5.6735,5.5897,0.327332,0.270088,0.895055,150.425,ACCELERATING,FALLING,-0.476329,-0.249017,-0.303684,DOWN,,,24597.901984,37.751984,OK,STALE_UNDERLYING
NIFTY,2026-08-10,15:17,STALE,24560.15,2,OPTIONS_ACTIVE_UNDERLYING_STALE,UNDERLYING_UNAVAILABLE_OPTIONS_AVAILABLE,24600.0,79.225,71.7,3.731588,-3.173531,522038855.0,508021800.0,-411385.0,-24180.0,16.416117,9.496979,0.44878,-0.59019,0.00168,0.00285,-40.41584,-17.27573,5.67485,5.5752,0.315557,0.27894,0.903622,150.925,FALLING,ACCELERATING,-0.092347,-0.246249,0.261523,UP,,,24602.690961,42.540961,OK,STALE_UNDERLYING|INVALID_GREEKS
NIFTY,2026-08-10,15:18,STALE,24560.15,3,OPTIONS_ACTIVE_UNDERLYING_STALE,UNDERLYING_UNAVAILABLE_OPTIONS_AVAILABLE,24600.0,79.325,72.9,0.126223,1.67364,522924805.0,508728870.0,-138385.0,-206895.0,16.465105,9.723254,0.44892,-0.58812,0.00168,0.00279,-40.5405,-17.82834,5.67353,5.58037,0.063032,0.274348,0.894131,152.225,FALLING,ACCELERATING,-0.162644,0.07979,-0.391277,DOWN,,,24601.867045,41.717045,OK,STALE_UNDERLYING|INVALID_GREEKS
NIFTY,2026-08-10,15:19,STALE,24560.15,4,OPTIONS_ACTIVE_UNDERLYING_STALE,UNDERLYING_UNAVAILABLE_OPTIONS_AVAILABLE,24600.0,79.075,72.825,-0.315159,-0.102881,523563755.0,509413515.0,-203970.0,26845.0,16.443534,9.743358,0.44883,-0.58797,0.00168,0.00279,-40.49985,-17.8822,5.6718,5.5793,0.316156,0.205973,0.894818,151.9,RISING,ACCELERATING,0.241168,-0.071914,0.390282,UP,,,24601.871995,41.721995,OK,STALE_UNDERLYING|INVALID_GREEKS
NIFTY,2026-08-10,15:20,STALE,24560.15,5,OPTIONS_ACTIVE_UNDERLYING_STALE,UNDERLYING_UNAVAILABLE_OPTIONS_AVAILABLE,24600.0,79.05,70.25,-0.031616,-3.535874,524632940.0,510315455.0,-208065.0,-115830.0,16.448534,9.260891,0.44882,-0.59263,0.00168,0.00292,-40.52169,-16.71836,5.67019,5.5625,0.253004,0.142349,0.894413,149.3,FLAT,ACCELERATING,0.043166,-0.122218,0.225401,NEUTRAL,,,24604.582081,44.432081,OK,STALE_UNDERLYING|INVALID_GREEKS
NIFTY,2026-08-10,15:21,STALE,24560.15,6,OPTIONS_ACTIVE_UNDERLYING_STALE,UNDERLYING_UNAVAILABLE_OPTIONS_AVAILABLE,24600.0,79.25,70.575,0.253004,0.462633,525889715.0,511537130.0,-165425.0,-154375.0,16.480044,9.361887,0.4489,-0.59166,0.00168,0.0029,-40.60575,-16.9688,5.66873,5.56414,0.252366,0.21254,0.884415,149.825,FLAT,FALLING,0.06835,-0.237398,0.324681,UP,,,24604.236988,44.086988,OK,STALE_UNDERLYING|INVALID_GREEKS
NIFTY,2026-08-10,15:22,STALE,24560.15,7,OPTIONS_ACTIVE_UNDERLYING_STALE,UNDERLYING_UNAVAILABLE_OPTIONS_AVAILABLE,24600.0,78.175,70.525,-1.356467,-0.070847,527137260.0,512432635.0,-154375.0,-65845.0,16.308522,9.328036,0.4483,-0.59204,0.00169,0.00291,-40.21369,-16.89166,5.66605,5.56135,0.191877,0.070897,0.884627,148.7,ACCELERATING,ACCELERATING,-0.193327,-0.224913,0.177816,NEUTRAL,,,24603.418376,43.268376,OK,STALE_UNDERLYING|INVALID_GREEKS
NIFTY,2026-08-10,15:23,STALE,24560.15,8,OPTIONS_ACTIVE_UNDERLYING_STALE,UNDERLYING_UNAVAILABLE_OPTIONS_AVAILABLE,24600.0,78.4,69.275,0.287816,-1.772421,527749365.0,513114940.0,-269100.0,-177320.0,16.36637,9.114149,0.44848,-0.59424,0.00169,0.00297,-40.35925,-16.37631,5.6648,5.55236,0.255102,0.360881,0.884898,147.675,FALLING,ACCELERATING,-0.073583,-0.027577,0.029867,NEUTRAL,,,24604.796436,44.646436,OK,STALE_UNDERLYING|INVALID_GREEKS
NIFTY,2026-08-10,15:24,STALE,24560.15,9,OPTIONS_ACTIVE_UNDERLYING_STALE,UNDERLYING_UNAVAILABLE_OPTIONS_AVAILABLE,24600.0,77.6,68.6,-1.020408,-0.974377,528427900.0,513867055.0,-68640.0,-33865.0,16.203547,8.962986,0.4479,-0.59588,0.00171,0.00302,-39.98725,-16.01258,5.66214,5.54518,0.257732,0.291545,0.880639,146.2,ACCELERATING,DECELERATING,-0.124711,-0.163947,0.101551,NEUTRAL,,,24604.835258,44.685258,OK,STALE_UNDERLYING|INVALID_GREEKS
NIFTY,2026-08-10,15:25,STALE,24560.15,10,OPTIONS_ACTIVE_UNDERLYING_STALE,UNDERLYING_UNAVAILABLE_OPTIONS_AVAILABLE,24600.0,77.775,69.875,0.225515,1.858601,529445995.0,514674875.0,-233480.0,-229450.0,16.208527,9.226366,0.44789,-0.59317,0.00171,0.00294,-40.00901,-16.6596,5.66052,5.55286,0.192864,0.214669,0.876304,147.65,FALLING,FALLING,-0.033202,-0.11253,0.047789,NEUTRAL,,,24603.50436,43.35436,OK,STALE_UNDERLYING|INVALID_GREEKS
NIFTY,2026-08-10,15:26,STALE,24560.15,11,OPTIONS_ACTIVE_UNDERLYING_STALE,UNDERLYING_UNAVAILABLE_OPTIONS_AVAILABLE,24600.0,75.325,70.475,-3.150113,0.858676,530916490.0,515711625.0,-240760.0,-142220.0,15.771532,9.345495,0.44633,-0.59202,0.00175,0.0029,-38.99236,-16.95452,5.65597,5.55517,0.331895,0.354736,0.872589,145.8,ACCELERATING,DECELERATING,-0.380614,0.136868,-0.473683,DOWN,,,24600.398473,40.248473,OK,STALE_UNDERLYING|INVALID_GREEKS
NIFTY,2026-08-10,15:27,STALE,24560.15,12,OPTIONS_ACTIVE_UNDERLYING_STALE,UNDERLYING_UNAVAILABLE_OPTIONS_AVAILABLE,24600.0,77.425,68.35,2.787919,-3.015254,532233520.0,517157875.0,-406705.0,-332800.0,16.182971,8.923899,0.44776,-0.59642,0.00171,0.00303,-39.96882,-15.93158,5.6571,5.53861,0.193736,0.146306,0.879622,145.775,FLAT,FLAT,-0.267517,-0.26076,-0.007839,MIXED,,,24604.640834,44.490834,OK,STALE_UNDERLYING|INVALID_GREEKS
NIFTY,2026-08-10,15:28,STALE,24560.15,13,OPTIONS_ACTIVE_UNDERLYING_STALE,UNDERLYING_UNAVAILABLE_OPTIONS_AVAILABLE,24600.0,75.55,70.05,-2.421698,2.487198,532967500.0,518149385.0,-169130.0,-149955.0,15.816504,9.259658,0.44645,-0.59296,0.00175,0.00293,-39.11744,-16.75579,5.65301,5.54892,0.264725,0.142755,0.869334,145.6,ACCELERATING,FLAT,-0.206934,-0.192487,-0.220596,NEUTRAL,,,24601.113485,40.963485,OK,STALE_UNDERLYING|INVALID_GREEKS
NIFTY,2026-08-10,15:29,STALE,24560.15,14,OPTIONS_ACTIVE_UNDERLYING_STALE,UNDERLYING_UNAVAILABLE_OPTIONS_AVAILABLE,24600.0,76.175,69.425,0.827267,-0.89222,534295320.0,519239175.0,-157300.0,-237705.0,15.980522,9.117466,0.44701,-0.59445,0.00173,0.00297,-39.5128,-16.41411,5.6525,5.5423,0.328192,0.360101,0.869039,145.6,ACCELERATING,ACCELERATING,0.21131,-0.132248,0.318826,UP,,,24602.366526,42.216526,OK,STALE_UNDERLYING|INVALID_GREEKS
NIFTY,2026-08-10,15:30,CLOSING_STATE_UNCERTAIN,24583.8,15,CLOSING_STATE_UNCERTAIN,INSUFFICIENT_DATA,,,,,,,,,,,,,,,,,,,,,,,,,,,,,INSUFFICIENT_DATA,,,,,INVALID,MISSING_OPTION_DATA|STALE_UNDERLYING
SENSEX,2026-08-10,15:15,LIVE,78478.66,0,NORMAL_CONTINUOUS,OPTIONS_CONFIRM,78700.0,403.825,401.35,1.323548,-2.732505,7014560.0,7132360.0,0.0,0.0,16.085729,10.838771,0.45246,-0.57276,0.00033,0.00049,-82.25062,-36.04421,29.31654,29.03391,0.160961,0.224243,0.822415,805.175,RISING,ACCELERATING,0.376564,-0.420936,0.596452,UP,,,78659.577133,180.917133,OK,OK
SENSEX,2026-08-10,15:16,STALE,78478.66,1,OPTIONS_ACTIVE_UNDERLYING_STALE,UNDERLYING_UNAVAILABLE_OPTIONS_AVAILABLE,78700.0,389.0,414.9,-3.671145,3.376106,7049660.0,7161460.0,-13980.0,-4820.0,15.596316,11.319788,0.45078,-0.56954,0.00034,0.00047,-79.97978,-38.34049,29.29827,29.07355,0.308483,0.289226,0.848241,803.9,ACCELERATING,FALLING,-0.228707,-0.332794,0.056415,NEUTRAL,,,78630.961922,152.301922,OK,STALE_UNDERLYING
SENSEX,2026-08-10,15:17,STALE,78478.66,2,OPTIONS_ACTIVE_UNDERLYING_STALE,UNDERLYING_UNAVAILABLE_OPTIONS_AVAILABLE,78700.0,396.925,408.2,2.037275,-1.614847,7077040.0,7174700.0,0.0,0.0,15.86614,11.067781,0.4517,-0.57122,0.00034,0.00048,-81.24341,-37.14557,29.30349,29.04842,0.214146,0.171485,0.848241,805.125,FLAT,ACCELERATING,-0.027025,-0.165002,0.105647,NEUTRAL,,,78645.746711,167.086711,OK,STALE_UNDERLYING
SENSEX,2026-08-10,15:18,STALE,78478.66,3,OPTIONS_ACTIVE_UNDERLYING_STALE,UNDERLYING_UNAVAILABLE_OPTIONS_AVAILABLE,78700.0,395.975,412.625,-0.23934,1.084027,7086680.0,7178980.0,-24480.0,-2740.0,15.857798,11.202874,0.45166,-0.57033,0.00034,0.00047,-81.21167,-37.7935,29.30005,29.05714,0.239914,0.181763,0.85845,808.6,ACCELERATING,ACCELERATING,-0.136079,-0.048097,-0.306582,DOWN,,,78641.0815,162.4215,OK,STALE_UNDERLYING
SENSEX,2026-08-10,15:19,STALE,78478.66,4,OPTIONS_ACTIVE_UNDERLYING_STALE,UNDERLYING_UNAVAILABLE_OPTIONS_AVAILABLE,78700.0,395.525,408.925,-0.113644,-0.896698,7090500.0,7185520.0,0.0,0.0,15.823887,10.978264,0.45154,-0.57186,0.00034,0.00048,-81.061,-36.72784,29.29577,29.03382,0.214904,0.256771,0.85845,804.45,RISING,ACCELERATING,0.200636,-0.102047,0.323468,UP,,,78644.36629,165.70629,OK,STALE_UNDERLYING
SENSEX,2026-08-10,15:20,STALE,78478.66,5,OPTIONS_ACTIVE_UNDERLYING_STALE,UNDERLYING_UNAVAILABLE_OPTIONS_AVAILABLE,78700.0,393.975,410.825,-0.391884,0.464633,7103560.0,7199620.0,0.0,0.0,15.781434,11.175463,0.45138,-0.57054,0.00034,0.00048,-80.87049,-37.67262,29.29121,29.04799,0.11422,0.182559,0.85845,804.8,FALLING,ACCELERATING,-0.082101,0.081711,-0.168544,NEUTRAL,,,78640.601079,161.941079,OK,STALE_UNDERLYING
SENSEX,2026-08-10,15:21,STALE,78478.66,6,OPTIONS_ACTIVE_UNDERLYING_STALE,UNDERLYING_UNAVAILABLE_OPTIONS_AVAILABLE,78700.0,395.9,408.875,0.48861,-0.474655,7119160.0,7222200.0,-6460.0,-1680.0,15.85335,11.071329,0.45162,-0.57125,0.00034,0.00048,-81.21266,-37.18102,29.29018,29.03553,0.252589,0.256802,0.862997,804.775,FLAT,ACCELERATING,0.053632,-0.215883,0.15714,NEUTRAL,,,78644.106998,165.446998,OK,STALE_UNDERLYING
SENSEX,2026-08-10,15:22,STALE,78478.66,7,OPTIONS_ACTIVE_UNDERLYING_STALE,UNDERLYING_UNAVAILABLE_OPTIONS_AVAILABLE,78700.0,392.725,407.575,-0.80197,-0.317946,7135560.0,7231920.0,0.0,0.0,15.713567,11.03261,0.45113,-0.57153,0.00034,0.00048,-80.56866,-37.00105,29.2826,29.02871,0.190973,0.208551,0.862997,800.3,ACCELERATING,FLAT,-0.205288,-0.062924,-0.08119,NEUTRAL,,,78643.038204,164.378204,OK,STALE_UNDERLYING
SENSEX,2026-08-10,15:23,STALE,78478.66,8,OPTIONS_ACTIVE_UNDERLYING_STALE,UNDERLYING_UNAVAILABLE_OPTIONS_AVAILABLE,78700.0,395.2,404.1,0.630212,-0.852604,7145160.0,7237440.0,0.0,0.0,15.78891,10.911156,0.45137,-0.57238,0.00034,0.00049,-80.92691,-36.426,29.28171,29.01426,0.202429,0.247463,0.862997,799.3,FLAT,ACCELERATING,-0.160702,-0.227348,0.172443,NEUTRAL,,,78648.205447,169.545447,OK,STALE_UNDERLYING
SENSEX,2026-08-10,15:24,STALE,78478.66,9,OPTIONS_ACTIVE_UNDERLYING_STALE,UNDERLYING_UNAVAILABLE_OPTIONS_AVAILABLE,78700.0,392.325,402.675,-0.72748,-0.352635,7156260.0,7242540.0,860.0,-4440.0,15.695165,10.896522,0.45104,-0.5725,0.00034,0.00049,-80.4971,-36.3607,29.27558,29.00955,0.165679,0.211088,0.864814,795.0,ACCELERATING,DECELERATING,-0.12236,-0.104005,0.055136,NEUTRAL,,,78647.340236,168.680236,OK,STALE_UNDERLYING
SENSEX,2026-08-10,15:25,STALE,78478.66,10,OPTIONS_ACTIVE_UNDERLYING_STALE,UNDERLYING_UNAVAILABLE_OPTIONS_AVAILABLE,78700.0,391.8,404.3,-0.133818,0.403551,7168740.0,7251300.0,0.0,0.0,15.710776,10.943937,0.45108,-0.57218,0.00034,0.00048,-80.57715,-36.59172,29.27278,29.01064,0.102093,0.098936,0.864814,796.1,FLAT,FALLING,0.000165,-0.117554,0.081541,NEUTRAL,,,78645.417386,166.757386,OK,STALE_UNDERLYING
SENSEX,2026-08-10,15:26,STALE,78478.66,11,OPTIONS_ACTIVE_UNDERLYING_STALE,UNDERLYING_UNAVAILABLE_OPTIONS_AVAILABLE,78700.0,384.95,405.825,-1.748341,0.377195,7183700.0,7261020.0,-8440.0,-3280.0,15.447841,10.96892,0.45014,-0.57203,0.00035,0.00048,-79.35792,-36.71546,29.26108,29.00972,0.337706,0.234091,0.86408,790.775,ACCELERATING,FLAT,-0.217263,-0.04081,-0.273209,DOWN,,,78636.434815,157.774815,OK,STALE_UNDERLYING
SENSEX,2026-08-10,15:27,STALE,78478.66,12,OPTIONS_ACTIVE_UNDERLYING_STALE,UNDERLYING_UNAVAILABLE_OPTIONS_AVAILABLE,78700.0,387.675,402.95,0.707884,-0.708433,7206380.0,7282000.0,0.0,0.0,15.574475,10.893965,0.45058,-0.57256,0.00034,0.00049,-79.95574,-36.36216,29.26198,28.99935,0.141871,0.024817,0.86408,790.625,FALLING,FLAT,-0.267007,0.017652,-0.202126,NEUTRAL,,,78642.661841,164.001841,OK,STALE_UNDERLYING
SENSEX,2026-08-10,15:28,STALE,78478.66,13,OPTIONS_ACTIVE_UNDERLYING_STALE,UNDERLYING_UNAVAILABLE_OPTIONS_AVAILABLE,78700.0,386.425,402.85,-0.322435,-0.024817,7213940.0,7289500.0,0.0,0.0,15.525108,10.872409,0.4504,-0.57273,0.00034,0.00049,-79.73253,-36.26366,29.25713,28.99403,0.012939,0.173762,0.86408,789.275,ACCELERATING,FLAT,-0.07597,-0.157422,-0.047357,NEUTRAL,,,78640.979393,162.319393,OK,STALE_UNDERLYING
SENSEX,2026-08-10,15:29,CLOSING_STATE_UNCERTAIN,78542.44,14,CLOSING_STATE_UNCERTAIN,UNDERLYING_UNAVAILABLE_OPTIONS_AVAILABLE,78700.0,390.35,409.85,1.015721,1.737619,7228800.0,7303800.0,-7200.0,-6200.0,14.651082,12.343675,0.47047,-0.53598,0.00037,0.00044,-76.61658,-44.39024,29.42525,29.38603,0.153708,0.073198,0.858116,800.2,ACCELERATING,ACCELERATING,0.407553,-0.134388,0.211462,NEUTRAL,,,78637.642605,158.982605,OK,STALE_UNDERLYING
SENSEX,2026-08-10,15:30,STALE,78542.44,15,UNDERLYING_STALE,INSUFFICIENT_DATA,,,,,,,,,,,,,,,,,,,,,,,,,,,,,INSUFFICIENT_DATA,,,,,INVALID,MISSING_OPTION_DATA|STALE_UNDERLYING
NIFTY,2026-08-11,15:15,LIVE,24450.25,0,NORMAL_CONTINUOUS,DIVERGENCE,24500.0,19.375,34.625,20.341615,-9.5953,1182982580.0,853296405.0,-1035125.0,-352040.0,15.254024,,0.31064,,0.00365,,-71.53304,,2.24252,,0.258065,0.433213,0.80812,54.0,ACCELERATING,ACCELERATING,0.532448,-0.231354,0.587933,UP,,,24484.767098,34.517098,OK,INVALID_GREEKS
NIFTY,2026-08-11,15:16,STALE,24450.25,1,OPTIONS_ACTIVE_UNDERLYING_STALE,UNDERLYING_UNAVAILABLE_OPTIONS_AVAILABLE,24450.0,33.05,14.025,-28.848224,21.166307,734230770.0,1157031135.0,-190645.0,-773565.0,12.666051,5.920551,0.51007,-0.47957,0.00497,0.01061,-68.63793,-27.24421,2.52918,2.52667,0.302572,0.356506,0.918957,47.075,ACCELERATING,ACCELERATING,-0.620778,0.498794,-0.706524,DOWN,,,24468.870298,18.620298,OK,STALE_UNDERLYING|INVALID_GREEKS
NIFTY,2026-08-11,15:17,STALE,24450.25,2,OPTIONS_ACTIVE_UNDERLYING_STALE,UNDERLYING_UNAVAILABLE_OPTIONS_AVAILABLE,24450.0,28.825,15.05,-12.783661,7.308378,743511990.0,1171038765.0,-387205.0,554905.0,11.061403,6.3045,0.51134,-0.48079,0.00569,0.00998,-60.459,-29.26179,2.52541,2.5235,0.520382,0.664452,0.941926,43.875,DECELERATING,DECELERATING,-0.26267,0.267833,-0.510168,DOWN,,,24463.748112,13.498112,OK,STALE_UNDERLYING|INVALID_GREEKS
NIFTY,2026-08-11,15:18,STALE,24450.25,3,OPTIONS_ACTIVE_UNDERLYING_STALE,UNDERLYING_UNAVAILABLE_OPTIONS_AVAILABLE,24450.0,17.4,14.15,-39.635733,-5.980066,754299130.0,1186275740.0,514150.0,677560.0,6.53666,5.995043,0.51853,-0.47986,0.00964,0.01051,-37.20259,-27.71375,2.52009,2.51964,0.574713,0.706714,0.948827,31.55,ACCELERATING,RISING,-0.307959,0.407844,-0.571934,DOWN,,,,,INVALID,STALE_UNDERLYING|INVALID_GREEKS
NIFTY,2026-08-11,15:19,STALE,24450.25,4,OPTIONS_ACTIVE_UNDERLYING_STALE,UNDERLYING_UNAVAILABLE_OPTIONS_AVAILABLE,24450.0,22.175,11.7,27.442529,-17.314488,763021870.0,1198353975.0,1014910.0,-332800.0,8.433876,4.988978,0.51452,-0.47594,0.00749,0.01264,-47.04493,-22.57253,2.51759,2.51468,0.676437,0.854701,0.945075,33.875,FALLING,ACCELERATING,-0.230945,-0.276425,-0.317715,DOWN,,,,,INVALID,STALE_UNDERLYING|INVALID_GREEKS
NIFTY,2026-08-11,15:20,STALE,24450.25,5,OPTIONS_ACTIVE_UNDERLYING_STALE,UNDERLYING_UNAVAILABLE_OPTIONS_AVAILABLE,24450.0,17.85,14.75,-19.503946,26.068376,772524220.0,1210333605.0,50960.0,310180.0,6.696526,6.2294,0.51806,-0.48063,0.00944,0.01014,-38.12499,-29.01318,2.51304,2.51266,0.560224,0.677966,0.942008,32.6,ACCELERATING,FALLING,-0.230142,-0.256157,-0.324662,DOWN,,,,,INVALID,STALE_UNDERLYING
NIFTY,2026-08-11,15:21,STALE,24450.25,6,OPTIONS_ACTIVE_UNDERLYING_STALE,UNDERLYING_UNAVAILABLE_OPTIONS_AVAILABLE,24450.0,12.35,15.35,-30.812325,4.067797,788116810.0,1226910750.0,338715.0,-812240.0,4.534255,6.496458,0.52637,-0.48142,0.01394,0.00974,-26.99699,-30.44094,2.50655,2.50931,0.809717,0.651466,0.915353,27.7,ACCELERATING,DECELERATING,-0.406889,0.357895,-0.588261,DOWN,,,,,INVALID,STALE_UNDERLYING|INVALID_GREEKS
NIFTY,2026-08-11,15:22,STALE,24450.25,7,OPTIONS_ACTIVE_UNDERLYING_STALE,UNDERLYING_UNAVAILABLE_OPTIONS_AVAILABLE,24450.0,21.5,6.575,74.089069,-57.166124,799399250.0,1245595195.0,1172275.0,903175.0,8.213896,2.968607,0.51484,-0.46001,0.00772,0.02127,-46.0922,-12.26386,2.50668,2.49581,0.465116,0.760456,0.91411,28.075,FALLING,ACCELERATING,-0.374267,-0.431435,0.352388,MIXED,,,,,INVALID,STALE_UNDERLYING|INVALID_GREEKS
NIFTY,2026-08-11,15:23,STALE,24450.25,8,OPTIONS_ACTIVE_UNDERLYING_STALE,UNDERLYING_UNAVAILABLE_OPTIONS_AVAILABLE,24450.0,26.25,4.125,22.093023,-37.262357,819882245.0,1276162745.0,-3262480.0,619385.0,10.084086,1.986552,0.51225,-0.44055,0.0063,0.03163,-55.87084,-7.26961,2.50365,2.47696,0.380952,1.212121,0.973652,30.375,DECELERATING,DECELERATING,0.380745,-0.538469,0.639738,UP,,,,,INVALID,STALE_UNDERLYING|INVALID_GREEKS
NIFTY,2026-08-11,15:24,STALE,24450.25,9,OPTIONS_ACTIVE_UNDERLYING_STALE,UNDERLYING_UNAVAILABLE_OPTIONS_AVAILABLE,24500.0,3.725,26.475,47.524752,-25.369979,1350836240.0,925289300.0,986635.0,489385.0,7.496973,,0.15334,,0.00503,,-24.19493,,1.48337,,1.342282,0.566572,0.836202,30.2,ACCELERATING,ACCELERATING,0.512434,-0.353596,0.62201,UP,,,,,INVALID,STALE_UNDERLYING|INVALID_GREEKS
NIFTY,2026-08-11,15:25,STALE,24450.25,10,OPTIONS_ACTIVE_UNDERLYING_STALE,UNDERLYING_UNAVAILABLE_OPTIONS_AVAILABLE,24450.0,18.45,4.825,-37.878788,127.058824,837809310.0,1305567380.0,-78000.0,196430.0,6.990156,2.273649,0.51724,-0.4481,0.00911,0.02779,-39.90363,-8.76142,2.49526,2.47642,0.542005,1.036269,0.944214,23.275,ACCELERATING,FALLING,-0.228519,-0.287334,0.351057,UP,,,,,INVALID,STALE_UNDERLYING|INVALID_GREEKS
NIFTY,2026-08-11,15:26,STALE,24450.25,11,OPTIONS_ACTIVE_UNDERLYING_STALE,UNDERLYING_UNAVAILABLE_OPTIONS_AVAILABLE,24450.0,16.65,3.175,-9.756098,-34.196891,847221505.0,1318075460.0,590980.0,-995865.0,6.318992,1.62693,0.51898,-0.42781,0.01009,0.03858,-36.45818,-5.49624,2.49112,2.45301,0.600601,1.574803,0.913151,19.825,DECELERATING,ACCELERATING,-0.299644,-0.280885,-0.339564,MIXED,,,,,INVALID,STALE_UNDERLYING|INVALID_GREEKS
NIFTY,2026-08-11,15:27,STALE,24450.25,12,OPTIONS_ACTIVE_UNDERLYING_STALE,UNDERLYING_UNAVAILABLE_OPTIONS_AVAILABLE,24450.0,23.55,1.375,41.441441,-56.692913,855625940.0,1334987875.0,585650.0,-555815.0,9.10199,0.883453,0.51341,-0.36903,0.00702,0.06841,-51.04239,-1.89985,2.48894,2.35489,0.424628,3.636364,0.90896,24.925,FALLING,ACCELERATING,-0.28971,-0.304004,-0.328375,MIXED,,,,,INVALID,STALE_UNDERLYING|INVALID_GREEKS|WIDE_SPREAD
NIFTY,2026-08-11,15:28,STALE,24450.25,13,OPTIONS_ACTIVE_UNDERLYING_STALE,UNDERLYING_UNAVAILABLE_OPTIONS_AVAILABLE,24450.0,18.05,0.675,-23.354565,-50.909091,862604860.0,1358157775.0,-172640.0,552955.0,6.902981,0.554488,0.5174,-0.2973,0.00926,0.10019,-39.60757,-0.53082,2.48431,2.15835,0.554017,7.407407,0.895195,18.725,ACCELERATING,DECELERATING,-0.037218,-0.38002,0.447047,UP,,,,,INVALID,STALE_UNDERLYING|INVALID_GREEKS|WIDE_SPREAD
NIFTY,2026-08-11,15:29,STALE,24450.25,14,OPTIONS_ACTIVE_UNDERLYING_STALE,UNDERLYING_UNAVAILABLE_OPTIONS_AVAILABLE,24450.0,20.1,0.275,11.357341,-59.259259,868526360.0,1374618505.0,-455.0,220220.0,7.700011,0.354011,0.51566,-0.20254,0.00832,0.12802,-43.83507,0.0429,2.48114,1.75574,0.497512,18.181818,0.881044,20.375,ACCELERATING,ACCELERATING,-0.139075,-0.382668,0.414531,UP,,,,,INVALID,STALE_UNDERLYING|INVALID_GREEKS|WIDE_SPREAD
NIFTY,2026-08-11,15:30,CLOSING_STATE_UNCERTAIN,24471.7,15,CLOSING_STATE_UNCERTAIN,INSUFFICIENT_DATA,,,,,,,,,,,,,,,,,,,,,,,,,,,,,INSUFFICIENT_DATA,,,,,INVALID,MISSING_OPTION_DATA|STALE_UNDERLYING
SENSEX,2026-08-11,15:15,LIVE,78148.22,0,NORMAL_CONTINUOUS,OPTIONS_CONFIRM,78300.0,316.625,302.95,1.150068,-1.351351,9617260.0,10635540.0,0.0,0.0,14.974112,10.137771,0.45743,-0.56459,0.00043,0.00063,-90.76132,-42.2938,24.31846,24.1366,0.20529,0.26407,0.807552,619.575,ACCELERATING,ACCELERATING,0.339508,-0.360249,0.482055,UP,,,78285.89028,137.67028,OK,OK
SENSEX,2026-08-11,15:16,STALE,78148.22,1,OPTIONS_ACTIVE_UNDERLYING_STALE,UNDERLYING_UNAVAILABLE_OPTIONS_AVAILABLE,78300.0,312.05,305.4,-1.444927,0.808714,9648120.0,10662940.0,-36120.0,-200.0,14.79775,10.246717,0.45686,-0.56389,0.00044,0.00063,-89.7953,-42.91754,24.31096,24.13974,0.288415,0.261952,0.816015,617.45,ACCELERATING,ACCELERATING,-0.101116,0.194458,-0.248819,NEUTRAL,,,78278.82491,130.60491,OK,STALE_UNDERLYING
SENSEX,2026-08-11,15:17,STALE,78148.22,2,OPTIONS_ACTIVE_UNDERLYING_STALE,UNDERLYING_UNAVAILABLE_OPTIONS_AVAILABLE,78300.0,307.3,310.3,-1.522192,1.604453,9672220.0,10683580.0,0.0,0.0,14.594604,10.415702,0.45618,-0.56283,0.00044,0.00062,-88.68013,-43.88003,24.30267,24.14641,0.162707,0.096681,0.816015,617.6,FALLING,ACCELERATING,-0.266582,0.265969,-0.38648,DOWN,,,78268.977228,120.757228,OK,STALE_UNDERLYING
SENSEX,2026-08-11,15:18,STALE,78148.22,3,OPTIONS_ACTIVE_UNDERLYING_STALE,UNDERLYING_UNAVAILABLE_OPTIONS_AVAILABLE,78300.0,305.175,313.275,-0.691507,0.95875,9686780.0,10701640.0,-13760.0,-3460.0,14.508662,10.568129,0.45588,-0.56191,0.00045,0.00061,-88.21476,-44.74844,24.29687,24.15157,0.245761,0.303248,0.812299,618.45,DECELERATING,DECELERATING,-0.184926,0.160871,-0.429333,DOWN,,,78264.186896,115.966896,OK,STALE_UNDERLYING
SENSEX,2026-08-11,15:19,STALE,78148.22,4,OPTIONS_ACTIVE_UNDERLYING_STALE,UNDERLYING_UNAVAILABLE_OPTIONS_AVAILABLE,78300.0,304.45,313.525,-0.237569,0.079802,9700180.0,10718280.0,0.0,0.0,14.474145,10.567352,0.45575,-0.56193,0.00045,0.00061,-88.03471,-44.75207,24.29221,24.14758,0.229923,0.239215,0.812299,617.975,DECELERATING,DECELERATING,-0.060289,0.198198,-0.36941,DOWN,,,78263.339325,115.119325,OK,STALE_UNDERLYING
SENSEX,2026-08-11,15:20,STALE,78148.22,5,OPTIONS_ACTIVE_UNDERLYING_STALE,UNDERLYING_UNAVAILABLE_OPTIONS_AVAILABLE,78300.0,295.25,317.6,-3.021843,1.299737,9744800.0,10754220.0,0.0,0.0,14.081344,10.707354,0.45438,-0.5611,0.00046,0.0006,-85.86367,-45.54987,24.27898,24.15173,0.338696,0.251889,0.812299,612.85,ACCELERATING,ACCELERATING,-0.422937,0.192348,-0.513529,DOWN,,,78249.059763,100.839763,OK,STALE_UNDERLYING
SENSEX,2026-08-11,15:21,STALE,78148.22,6,OPTIONS_ACTIVE_UNDERLYING_STALE,UNDERLYING_UNAVAILABLE_OPTIONS_AVAILABLE,78300.0,285.825,328.3,-3.19221,3.369018,9782340.0,10824280.0,-14960.0,-22420.0,13.723294,11.174309,0.45307,-0.55845,0.00047,0.00058,-83.88296,-48.18823,24.26586,24.17246,0.332371,0.335059,0.806576,614.125,FALLING,ACCELERATING,-0.380868,0.365461,-0.579831,DOWN,,,78229.315898,81.095898,OK,STALE_UNDERLYING
SENSEX,2026-08-11,15:22,STALE,78148.22,7,OPTIONS_ACTIVE_UNDERLYING_STALE,UNDERLYING_UNAVAILABLE_OPTIONS_AVAILABLE,78300.0,292.8,319.575,2.440304,-2.65763,9810740.0,10847660.0,0.0,0.0,13.995587,10.846603,0.45405,-0.56032,0.00046,0.00059,-85.40895,-46.35114,24.26915,24.15168,0.239071,0.328561,0.806576,612.375,FALLING,RISING,-0.217857,0.123902,-0.414844,DOWN,,,78245.093438,96.873438,OK,STALE_UNDERLYING
SENSEX,2026-08-11,15:23,STALE,78148.22,8,OPTIONS_ACTIVE_UNDERLYING_STALE,UNDERLYING_UNAVAILABLE_OPTIONS_AVAILABLE,78300.0,295.075,316.9,0.776981,-0.837049,9823060.0,10863520.0,0.0,0.0,14.107244,10.723713,0.45443,-0.56106,0.00046,0.0006,-86.04123,-45.66651,24.26807,24.1409,0.355842,0.189334,0.806576,611.975,FLAT,FLAT,0.015966,-0.11478,0.084659,NEUTRAL,,,78250.653143,102.433143,OK,STALE_UNDERLYING
SENSEX,2026-08-11,15:24,STALE,78148.22,9,OPTIONS_ACTIVE_UNDERLYING_STALE,UNDERLYING_UNAVAILABLE_OPTIONS_AVAILABLE,78300.0,293.65,319.025,-0.482928,0.670559,9834060.0,10872140.0,-10000.0,-23080.0,14.008737,10.799603,0.45407,-0.56063,0.00046,0.0006,-85.50444,-46.10282,24.26173,24.14117,0.374596,0.391819,0.794082,612.675,RISING,FALLING,0.152085,-0.235795,0.429139,UP,,,78246.980795,98.760795,OK,STALE_UNDERLYING
SENSEX,2026-08-11,15:25,STALE,78148.22,10,OPTIONS_ACTIVE_UNDERLYING_STALE,UNDERLYING_UNAVAILABLE_OPTIONS_AVAILABLE,78300.0,289.825,323.325,-1.302571,1.347857,9859540.0,10893980.0,0.0,0.0,13.856592,10.995591,0.4535,-0.55952,0.00047,0.00059,-84.66872,-47.21587,24.25395,24.14778,0.362288,0.293822,0.794082,613.15,ACCELERATING,ACCELERATING,-0.009199,0.01146,-0.15851,NEUTRAL,,,78238.568896,90.348896,OK,STALE_UNDERLYING
SENSEX,2026-08-11,15:26,STALE,78148.22,11,OPTIONS_ACTIVE_UNDERLYING_STALE,UNDERLYING_UNAVAILABLE_OPTIONS_AVAILABLE,78300.0,288.275,319.075,-0.534805,-1.314467,9887840.0,10917320.0,-4620.0,-13640.0,13.770361,10.789819,0.45317,-0.56073,0.00047,0.0006,-84.19953,-46.06399,24.24779,24.13282,0.398925,0.329076,0.785054,607.35,DECELERATING,RISING,-0.235614,0.130178,-0.328702,DOWN,,,78241.621214,93.401214,OK,STALE_UNDERLYING
SENSEX,2026-08-11,15:27,STALE,78148.22,12,OPTIONS_ACTIVE_UNDERLYING_STALE,UNDERLYING_UNAVAILABLE_OPTIONS_AVAILABLE,78300.0,286.875,325.0,-0.485647,1.85693,9907900.0,10932460.0,0.0,0.0,13.770677,11.043889,0.45316,-0.55928,0.00047,0.00058,-84.21206,-47.50495,24.24399,24.14241,0.296296,0.246154,0.785054,611.875,FALLING,ACCELERATING,-0.230178,0.186751,-0.403571,DOWN,,,78233.963255,85.743255,OK,STALE_UNDERLYING
SENSEX,2026-08-11,15:28,STALE,78148.22,13,OPTIONS_ACTIVE_UNDERLYING_STALE,UNDERLYING_UNAVAILABLE_OPTIONS_AVAILABLE,78300.0,285.75,322.7,-0.392157,-0.707692,9926380.0,10944740.0,0.0,0.0,13.72978,10.970666,0.45299,-0.55971,0.00047,0.00059,-83.99516,-47.10056,24.23901,24.13473,0.244969,0.21692,0.785054,608.45,FALLING,FLAT,-0.15586,0.024518,-0.164497,NEUTRAL,,,78235.20857,86.98857,OK,STALE_UNDERLYING
SENSEX,2026-08-11,15:29,CLOSING_STATE_UNCERTAIN,78154.25,14,CLOSING_STATE_UNCERTAIN,UNDERLYING_UNAVAILABLE_OPTIONS_AVAILABLE,78300.0,283.6,322.275,-0.752406,-0.131701,9941600.0,10956960.0,-12720.0,-12060.0,13.5326,11.061571,0.45512,-0.5557,0.00048,0.00058,-83.03625,-47.77817,24.2522,24.16855,0.176305,0.325809,0.775465,605.875,ACCELERATING,RISING,-0.20588,0.070033,-0.309359,DOWN,,,78231.768237,83.548237,OK,STALE_UNDERLYING
SENSEX,2026-08-11,15:30,STALE,78154.25,15,UNDERLYING_STALE,INSUFFICIENT_DATA,,,,,,,,,,,,,,,,,,,,,,,,,,,,,INSUFFICIENT_DATA,,,,,INVALID,MISSING_OPTION_DATA|STALE_UNDERLYING
NIFTY,2026-08-12,15:15,LIVE,24361.7,0,NORMAL_CONTINUOUS,UNDERLYING_CONFIRMS,24450.0,118.7,125.75,-0.731758,-1.64255,74083490.0,71311565.0,-35295.0,-53950.0,11.062188,7.93284,0.45045,-0.57085,0.00112,0.00155,-14.14533,-4.1012,12.61576,12.51291,0.084246,0.238569,0.666242,244.45,FLAT,ACCELERATING,0.012981,-0.068089,0.19219,NEUTRAL,,,24416.793988,55.093988,OK,OK
NIFTY,2026-08-12,15:16,STALE,24361.7,1,OPTIONS_ACTIVE_UNDERLYING_STALE,UNDERLYING_UNAVAILABLE_OPTIONS_AVAILABLE,24450.0,117.55,127.8,-0.968829,1.630219,74329840.0,71477900.0,-109330.0,-29640.0,10.955942,8.068896,0.44991,-0.56961,0.00113,0.00153,-14.03351,-4.25027,12.6129,12.51921,0.255211,0.234742,0.668928,245.35,FALLING,FLAT,-0.267491,0.157694,-0.227927,NEUTRAL,,,24413.46156,51.76156,OK,STALE_UNDERLYING
NIFTY,2026-08-12,15:17,STALE,24361.7,2,OPTIONS_ACTIVE_UNDERLYING_STALE,UNDERLYING_UNAVAILABLE_OPTIONS_AVAILABLE,24450.0,115.5,128.275,-1.743939,0.371674,74466860.0,71542640.0,-51415.0,-31265.0,10.813972,8.093093,0.44917,-0.5694,0.00115,0.00152,-13.88375,-4.27701,12.60923,12.51968,0.17316,0.272851,0.673278,243.775,ACCELERATING,FLAT,-0.302588,0.015109,-0.35189,DOWN,,,24411.075029,49.375029,OK,STALE_UNDERLYING
NIFTY,2026-08-12,15:18,STALE,24361.7,3,OPTIONS_ACTIVE_UNDERLYING_STALE,UNDERLYING_UNAVAILABLE_OPTIONS_AVAILABLE,24450.0,116.6,127.325,0.952381,-0.740596,74595040.0,71602830.0,-130.0,4095.0,10.88612,8.041406,0.44954,-0.56988,0.00114,0.00153,-13.96068,-4.22091,12.61,12.51629,0.171527,0.117809,0.675807,243.925,FALLING,RISING,0.003702,0.096179,-0.248076,NEUTRAL,,,24412.939168,51.239168,OK,STALE_UNDERLYING
NIFTY,2026-08-12,15:19,STALE,24361.7,4,OPTIONS_ACTIVE_UNDERLYING_STALE,UNDERLYING_UNAVAILABLE_OPTIONS_AVAILABLE,24450.0,117.8,126.025,1.02916,-1.021009,74716720.0,71719375.0,-27690.0,1625.0,10.986004,7.965719,0.45004,-0.57059,0.00113,0.00155,-14.0669,-4.13848,12.61131,12.51162,0.08489,0.198373,0.677198,243.825,FLAT,FALLING,0.040215,-0.120885,0.173068,NEUTRAL,,,24415.362998,53.662998,OK,STALE_UNDERLYING
NIFTY,2026-08-12,15:20,STALE,24361.7,5,OPTIONS_ACTIVE_UNDERLYING_STALE,UNDERLYING_UNAVAILABLE_OPTIONS_AVAILABLE,24450.0,118.65,125.85,0.721562,-0.138861,74895405.0,71838455.0,-29705.0,-6435.0,11.050213,7.941968,0.45035,-0.57082,0.00112,0.00155,-14.13535,-4.11282,12.61187,12.50961,0.252845,0.07946,0.67766,244.5,DECELERATING,DECELERATING,0.267492,-0.281183,0.455445,UP,,,24416.520258,54.820258,OK,STALE_UNDERLYING
NIFTY,2026-08-12,15:21,STALE,24361.7,6,OPTIONS_ACTIVE_UNDERLYING_STALE,UNDERLYING_UNAVAILABLE_OPTIONS_AVAILABLE,24450.0,120.85,123.875,1.854193,-1.569329,75121085.0,71976775.0,-33800.0,20540.0,11.221449,7.774253,0.45118,-0.57243,0.00111,0.00158,-14.31688,-3.92928,12.61445,12.49966,0.248242,0.12109,0.680969,244.725,ACCELERATING,ACCELERATING,0.269593,-0.307828,0.491622,UP,,,24419.947466,58.247466,OK,STALE_UNDERLYING
NIFTY,2026-08-12,15:22,STALE,24361.7,7,OPTIONS_ACTIVE_UNDERLYING_STALE,UNDERLYING_UNAVAILABLE_OPTIONS_AVAILABLE,24450.0,120.2,124.0,-0.537857,0.100908,75323625.0,72103655.0,-29575.0,9035.0,11.190542,7.778477,0.45103,-0.5724,0.00111,0.00158,-14.28479,-3.93424,12.61312,12.49912,0.166389,0.080645,0.679808,244.2,RISING,FALLING,0.33507,-0.21139,0.421364,UP,,,24419.747022,58.047022,OK,STALE_UNDERLYING
NIFTY,2026-08-12,15:23,STALE,24361.7,8,OPTIONS_ACTIVE_UNDERLYING_STALE,UNDERLYING_UNAVAILABLE_OPTIONS_AVAILABLE,24450.0,120.475,123.525,0.228785,-0.383065,75430550.0,72175350.0,-52780.0,-4355.0,11.211143,7.762686,0.45112,-0.57257,0.00111,0.00159,-14.3071,-3.9172,12.61278,12.49748,0.124507,0.121433,0.68192,244.0,ACCELERATING,ACCELERATING,0.022611,-0.240281,0.315661,UP,,,24420.539712,58.839712,OK,STALE_UNDERLYING
NIFTY,2026-08-12,15:24,STALE,24361.7,9,OPTIONS_ACTIVE_UNDERLYING_STALE,UNDERLYING_UNAVAILABLE_OPTIONS_AVAILABLE,24450.0,120.675,124.425,0.16601,0.728597,75576735.0,72247110.0,-16250.0,-12285.0,11.231752,7.822917,0.45121,-0.572,0.00111,0.00157,-14.32942,-3.98365,12.61244,12.50009,0.290035,0.200924,0.68112,245.1,FLAT,FLAT,-0.017262,0.003668,-0.023656,NEUTRAL,,,24419.735872,58.035872,OK,STALE_UNDERLYING
NIFTY,2026-08-12,15:25,STALE,24361.7,10,OPTIONS_ACTIVE_UNDERLYING_STALE,UNDERLYING_UNAVAILABLE_OPTIONS_AVAILABLE,24450.0,120.65,124.3,-0.020717,-0.100462,75673390.0,72315425.0,-30420.0,-15730.0,11.232542,7.795135,0.4512,-0.57228,0.00111,0.00158,-14.33081,-3.95347,12.61172,12.49777,0.248653,0.241352,0.682764,244.95,FLAT,FLAT,0.097573,0.108476,0.017503,NEUTRAL,,,24420.120765,58.420765,OK,STALE_UNDERLYING
NIFTY,2026-08-12,15:26,STALE,24361.7,11,OPTIONS_ACTIVE_UNDERLYING_STALE,UNDERLYING_UNAVAILABLE_OPTIONS_AVAILABLE,24450.0,119.8,124.675,-0.704517,0.301689,75812425.0,72379450.0,-23335.0,-8710.0,11.150065,7.83136,0.45079,-0.57194,0.00111,0.00157,-14.24419,-3.99355,12.60941,12.49903,0.083472,0.28073,0.681309,244.475,ACCELERATING,ACCELERATING,0.030205,0.118757,-0.151011,NEUTRAL,,,24418.765896,57.065896,OK,STALE_UNDERLYING
NIFTY,2026-08-12,15:27,STALE,24361.7,12,OPTIONS_ACTIVE_UNDERLYING_STALE,UNDERLYING_UNAVAILABLE_OPTIONS_AVAILABLE,24450.0,118.825,125.75,-0.813856,0.862242,75902775.0,72426965.0,-39520.0,-18395.0,11.083433,7.923575,0.45046,-0.57108,0.00112,0.00156,-14.17427,-4.09497,12.60737,12.5033,0.210393,0.238569,0.678568,244.575,FALLING,ACCELERATING,-0.199919,0.092373,-0.282477,DOWN,,,24416.926818,55.226818,OK,STALE_UNDERLYING
NIFTY,2026-08-12,15:28,STALE,24361.7,13,OPTIONS_ACTIVE_UNDERLYING_STALE,UNDERLYING_UNAVAILABLE_OPTIONS_AVAILABLE,24450.0,119.825,124.325,0.841574,-1.133201,76032710.0,72500545.0,-43225.0,5655.0,11.155607,7.819803,0.45081,-0.57207,0.00111,0.00158,-14.25115,-3.98151,12.60804,12.49686,0.041728,0.040217,0.678881,244.15,FALLING,FLAT,-0.164994,0.111526,-0.147812,NEUTRAL,,,24419.383254,57.683254,OK,STALE_UNDERLYING
NIFTY,2026-08-12,15:29,CLOSING_STATE_UNCERTAIN,24435.95,14,CLOSING_STATE_UNCERTAIN,UNDERLYING_UNAVAILABLE_OPTIONS_AVAILABLE,24450.0,120.525,122.875,0.584185,-1.166298,76184095.0,72619560.0,-34905.0,-2145.0,8.32159,10.682543,0.54367,-0.46487,0.00149,0.00116,-12.05731,-7.72543,12.66637,12.69333,0.124456,0.203459,0.679432,243.4,RISING,FALLING,0.254704,-0.525526,0.424894,UP,,,24421.382872,59.682872,OK,STALE_UNDERLYING
NIFTY,2026-08-12,15:30,STALE,24435.95,15,UNDERLYING_STALE,INSUFFICIENT_DATA,,,,,,,,,,,,,,,,,,,,,,,,,,,,,INSUFFICIENT_DATA,,,,,INVALID,MISSING_OPTION_DATA|STALE_UNDERLYING
SENSEX,2026-08-12,15:15,LIVE,77889.97,0,NORMAL_CONTINUOUS,NEITHER_DIRECTIONAL,78000.0,215.825,208.55,2.214066,-4.510073,96982260.0,61156740.0,0.0,0.0,14.088091,8.984297,0.44991,-0.57974,0.00062,0.00096,-111.35745,-51.70647,18.01422,17.79362,0.254836,0.287701,0.812078,424.375,FLAT,ACCELERATING,-0.210833,-0.206228,0.224178,NEUTRAL,,,77992.90612,102.93612,OK,OK
SENSEX,2026-08-12,15:16,STALE,77889.97,1,OPTIONS_ACTIVE_UNDERLYING_STALE,UNDERLYING_UNAVAILABLE_OPTIONS_AVAILABLE,78000.0,207.15,213.725,-4.01946,2.481419,97521860.0,61504020.0,-112180.0,4300.0,13.570156,9.317718,0.44786,-0.57688,0.00064,0.00092,-107.53465,-54.26033,17.99736,17.81441,0.144823,0.397707,0.824393,420.875,ACCELERATING,FALLING,-0.322601,-0.366888,-0.175334,MIXED,,,77979.611764,89.641764,OK,STALE_UNDERLYING
SENSEX,2026-08-12,15:17,STALE,77889.97,2,OPTIONS_ACTIVE_UNDERLYING_STALE,UNDERLYING_UNAVAILABLE_OPTIONS_AVAILABLE,78000.0,196.6,216.975,-5.092928,1.520646,97754620.0,61636060.0,0.0,0.0,12.976621,9.496659,0.44533,-0.57544,0.00067,0.00091,-103.14132,-55.63665,17.97679,17.82196,0.356053,0.345662,0.824393,413.575,ACCELERATING,FALLING,-0.161634,-0.191276,-0.292798,DOWN,,,77966.914351,76.944351,OK,STALE_UNDERLYING
SENSEX,2026-08-12,15:18,STALE,77889.97,3,OPTIONS_ACTIVE_UNDERLYING_STALE,UNDERLYING_UNAVAILABLE_OPTIONS_AVAILABLE,78000.0,205.075,211.75,4.310783,-2.408112,97970700.0,61740520.0,-42600.0,1800.0,13.481175,9.178676,0.44745,-0.57814,0.00065,0.00094,-106.92453,-53.23544,17.98484,17.79335,0.121907,0.236128,0.84487,416.825,FALLING,RISING,-0.099494,-0.019725,-0.338284,DOWN,,,77979.216913,89.246913,OK,STALE_UNDERLYING
SENSEX,2026-08-12,15:19,STALE,77889.97,4,OPTIONS_ACTIVE_UNDERLYING_STALE,UNDERLYING_UNAVAILABLE_OPTIONS_AVAILABLE,78000.0,207.925,208.7,1.389735,-1.440378,98142240.0,61879960.0,0.0,0.0,13.607697,9.031745,0.44794,-0.57946,0.00064,0.00095,-107.89254,-52.13196,17.9827,17.77637,0.312613,0.33541,0.84487,416.625,FLAT,DECELERATING,0.115288,-0.280824,0.323578,UP,,,77985.168852,95.198852,OK,STALE_UNDERLYING
SENSEX,2026-08-12,15:20,STALE,77889.97,5,OPTIONS_ACTIVE_UNDERLYING_STALE,UNDERLYING_UNAVAILABLE_OPTIONS_AVAILABLE,78000.0,214.45,204.0,3.138151,-2.252036,98288400.0,61996300.0,0.0,0.0,13.978867,8.766307,0.44938,-0.58193,0.00062,0.00098,-110.68046,-50.11994,17.98613,17.74858,0.326416,0.294118,0.84487,418.45,ACCELERATING,ACCELERATING,0.182691,-0.133394,0.438301,UP,,,77997.054033,107.084033,OK,STALE_UNDERLYING
SENSEX,2026-08-12,15:21,STALE,77889.97,6,OPTIONS_ACTIVE_UNDERLYING_STALE,UNDERLYING_UNAVAILABLE_OPTIONS_AVAILABLE,78000.0,218.025,198.875,1.667055,-2.512255,98767860.0,62348540.0,-63780.0,-22520.0,14.188934,8.42136,0.45015,-0.58536,0.00061,0.00102,-112.27012,-47.49099,17.98547,17.71072,0.298131,0.326838,0.858407,416.9,DECELERATING,FALLING,0.309049,-0.51967,0.608496,UP,,,78005.477355,115.507355,OK,STALE_UNDERLYING
SENSEX,2026-08-12,15:22,STALE,77889.97,7,OPTIONS_ACTIVE_UNDERLYING_STALE,UNDERLYING_UNAVAILABLE_OPTIONS_AVAILABLE,78000.0,221.35,198.225,1.525054,-0.326838,99175760.0,62598920.0,0.0,0.0,14.37397,8.448653,0.4508,-0.58512,0.00061,0.00102,-113.67325,-47.71544,17.9842,17.70806,0.316241,0.277462,0.858407,419.575,RISING,DECELERATING,0.441808,-0.42823,0.621124,UP,,,78009.112048,119.142048,OK,STALE_UNDERLYING
SENSEX,2026-08-12,15:23,STALE,77889.97,8,OPTIONS_ACTIVE_UNDERLYING_STALE,UNDERLYING_UNAVAILABLE_OPTIONS_AVAILABLE,78000.0,219.875,192.0,-0.666365,-3.140371,99372800.0,62780560.0,0.0,0.0,14.322698,8.060292,0.45059,-0.58928,0.00061,0.00106,-113.31959,-44.73921,17.97803,17.66149,0.113701,0.260417,0.858407,411.875,RISING,ACCELERATING,0.020262,-0.31255,0.432911,UP,,,78013.164888,123.194888,OK,STALE_UNDERLYING
SENSEX,2026-08-12,15:24,STALE,77889.97,9,OPTIONS_ACTIVE_UNDERLYING_STALE,UNDERLYING_UNAVAILABLE_OPTIONS_AVAILABLE,78000.0,219.5,197.325,-0.170551,2.773437,99542140.0,62888320.0,-123940.0,47520.0,14.282615,8.40718,0.45042,-0.58562,0.00061,0.00102,-113.04949,-47.42604,17.97197,17.69327,0.318907,0.278728,0.871503,416.825,RISING,FALLING,0.186882,-0.03954,0.182858,NEUTRAL,,,78008.549317,118.579317,OK,STALE_UNDERLYING
SENSEX,2026-08-12,15:25,STALE,77889.97,10,OPTIONS_ACTIVE_UNDERLYING_STALE,UNDERLYING_UNAVAILABLE_OPTIONS_AVAILABLE,78000.0,219.55,194.775,0.022779,-1.292284,99716320.0,63042580.0,0.0,0.0,14.311996,8.242163,0.45051,-0.58738,0.00061,0.00104,-113.29565,-46.17006,17.96746,17.67087,0.182191,0.025671,0.871503,414.325,FALLING,ACCELERATING,-0.040396,-0.216343,0.132076,NEUTRAL,,,78010.773341,120.803341,OK,STALE_UNDERLYING
SENSEX,2026-08-12,15:26,STALE,77889.97,11,OPTIONS_ACTIVE_UNDERLYING_STALE,UNDERLYING_UNAVAILABLE_OPTIONS_AVAILABLE,78000.0,217.4,192.45,-0.979276,-1.193685,99916760.0,63173560.0,-67920.0,-58620.0,14.177232,8.127906,0.44998,-0.58866,0.00062,0.00105,-112.32043,-45.30301,17.9594,17.65301,0.229991,0.363731,0.864617,409.85,ACCELERATING,FLAT,-0.137935,-0.006808,-0.140138,NEUTRAL,,,78011.022248,121.052248,OK,STALE_UNDERLYING
SENSEX,2026-08-12,15:27,STALE,77889.97,12,OPTIONS_ACTIVE_UNDERLYING_STALE,UNDERLYING_UNAVAILABLE_OPTIONS_AVAILABLE,78000.0,211.8,196.75,-2.575897,2.234347,100169960.0,63313860.0,0.0,0.0,13.914148,8.370344,0.44896,-0.58612,0.00063,0.00103,-110.38743,-47.18653,17.9485,17.6735,0.283286,0.203304,0.864617,408.55,ACCELERATING,FLAT,-0.239802,0.022591,-0.307207,DOWN,,,78001.596111,111.626111,OK,STALE_UNDERLYING
SENSEX,2026-08-12,15:28,STALE,77889.97,13,OPTIONS_ACTIVE_UNDERLYING_STALE,UNDERLYING_UNAVAILABLE_OPTIONS_AVAILABLE,78000.0,218.775,191.675,3.293201,-2.579416,100370740.0,63481700.0,0.0,0.0,14.275069,8.086113,0.4503,-0.5892,0.00061,0.00106,-113.10447,-45.00807,17.95111,17.63762,0.022855,0.286944,0.864617,410.45,FLAT,ACCELERATING,0.035801,-0.21795,0.204089,NEUTRAL,,,78013.280694,123.310694,OK,STALE_UNDERLYING
SENSEX,2026-08-12,15:29,STALE,77889.97,14,OPTIONS_ACTIVE_UNDERLYING_STALE,UNDERLYING_UNAVAILABLE_OPTIONS_AVAILABLE,78000.0,218.75,192.125,-0.011427,0.234772,100550400.0,63607080.0,-88120.0,-25960.0,14.287771,8.085064,0.45032,-0.58925,0.00061,0.00106,-113.22669,-45.01401,17.94624,17.63209,0.137143,0.182173,0.858885,410.875,RISING,FLAT,-0.119262,-0.27837,0.130141,NEUTRAL,,,78012.872724,122.902724,OK,STALE_UNDERLYING
SENSEX,2026-08-12,15:30,CLOSING_STATE_UNCERTAIN,77966.35,15,CLOSING_STATE_UNCERTAIN,INSUFFICIENT_DATA,,,,,,,,,,,,,,,,,,,,,,,,,,,,,INSUFFICIENT_DATA,,,,,INVALID,MISSING_OPTION_DATA|STALE_UNDERLYING
NIFTY,2026-08-13,15:15,LIVE,24353.35,0,NORMAL_CONTINUOUS,NEITHER_DIRECTIONAL,24450.0,96.125,107.875,-1.33436,0.86489,69272710.0,55740685.0,-150670.0,-22165.0,10.675593,6.277014,0.42435,-0.62989,0.00126,0.00206,-14.44247,-2.3632,11.43785,11.02492,0.052016,0.23175,0.7367,204.0,FLAT,FALLING,0.015202,-0.349357,0.207857,NEUTRAL,,,24416.25464,62.90464,OK,OK
NIFTY,2026-08-13,15:16,STALE,24353.35,1,OPTIONS_ACTIVE_UNDERLYING_STALE,UNDERLYING_UNAVAILABLE_OPTIONS_AVAILABLE,24450.0,96.35,105.55,0.23407,-2.155272,69439695.0,55884920.0,-97305.0,-46150.0,10.702693,6.077231,0.42455,-0.63411,0.00125,0.00212,-14.47505,-2.1021,11.43816,10.98265,0.207577,0.284225,0.73327,201.9,FALLING,ACCELERATING,-0.053261,-0.105861,0.054159,NEUTRAL,,,24418.936022,65.586022,OK,STALE_UNDERLYING
NIFTY,2026-08-13,15:17,STALE,24353.35,2,OPTIONS_ACTIVE_UNDERLYING_STALE,UNDERLYING_UNAVAILABLE_OPTIONS_AVAILABLE,24450.0,96.125,103.85,-0.233524,-1.610611,69528550.0,56084275.0,-78585.0,-81445.0,10.686078,5.885763,0.42441,-0.6384,0.00126,0.00218,-14.45609,-1.8495,11.43666,10.93827,0.260078,0.288878,0.732096,199.975,ACCELERATING,DECELERATING,-0.149678,-0.101042,0.121613,NEUTRAL,,,24420.339031,66.989031,OK,STALE_UNDERLYING
NIFTY,2026-08-13,15:18,STALE,24353.35,3,OPTIONS_ACTIVE_UNDERLYING_STALE,UNDERLYING_UNAVAILABLE_OPTIONS_AVAILABLE,24450.0,96.275,104.625,0.156047,0.746269,69628065.0,56156035.0,-9880.0,-37440.0,10.682598,5.963533,0.42437,-0.63665,0.00126,0.00216,-14.45264,-1.95265,11.43568,10.95548,0.051935,0.143369,0.730496,200.9,FLAT,FALLING,-0.093899,-0.199662,0.248784,NEUTRAL,,,24419.467039,66.117039,OK,STALE_UNDERLYING
NIFTY,2026-08-13,15:19,STALE,24353.35,4,OPTIONS_ACTIVE_UNDERLYING_STALE,UNDERLYING_UNAVAILABLE_OPTIONS_AVAILABLE,24450.0,97.125,102.575,0.882888,-1.959379,69762680.0,56278755.0,-14495.0,-6175.0,10.762166,5.76239,0.42495,-0.64133,0.00125,0.00222,-14.54707,-1.68561,11.43814,10.90615,0.05148,0.048745,0.73088,199.7,ACCELERATING,ACCELERATING,-0.055896,-0.179374,0.280911,UP,,,24422.372205,69.022205,OK,STALE_UNDERLYING|INVALID_GREEKS
NIFTY,2026-08-13,15:20,STALE,24353.35,5,OPTIONS_ACTIVE_UNDERLYING_STALE,UNDERLYING_UNAVAILABLE_OPTIONS_AVAILABLE,24450.0,96.525,103.8,-0.617761,1.194248,70032950.0,56514835.0,-37765.0,20930.0,10.701835,5.899832,0.4245,-0.63814,0.00125,0.00218,-14.47659,-1.86867,11.43485,10.93883,0.1554,0.192678,0.7341,200.325,FLAT,FLAT,-0.013395,-0.025333,0.029996,NEUTRAL,,,24420.603494,67.253494,OK,STALE_UNDERLYING
NIFTY,2026-08-13,15:21,STALE,24353.35,6,OPTIONS_ACTIVE_UNDERLYING_STALE,UNDERLYING_UNAVAILABLE_OPTIONS_AVAILABLE,24450.0,95.8,103.225,-0.751101,-0.55395,70197140.0,56606940.0,-33930.0,-9360.0,10.645865,5.840486,0.42407,-0.63953,0.00126,0.0022,-14.41121,-1.79002,11.43169,10.92367,0.104384,0.048438,0.737019,199.025,FLAT,ACCELERATING,-0.118663,-0.035628,0.03407,NEUTRAL,,,24420.403284,67.053284,OK,STALE_UNDERLYING
NIFTY,2026-08-13,15:22,STALE,24353.35,7,OPTIONS_ACTIVE_UNDERLYING_STALE,UNDERLYING_UNAVAILABLE_OPTIONS_AVAILABLE,24450.0,94.425,104.225,-1.435282,0.968758,70414565.0,56729010.0,-13065.0,10595.0,10.524225,5.945761,0.42313,-0.63713,0.00127,0.00216,-14.26818,-1.92985,11.42569,10.94773,0.158856,0.143919,0.737973,198.65,ACCELERATING,ACCELERATING,-0.532321,0.093109,-0.470242,DOWN,,,24418.359524,65.009524,OK,STALE_UNDERLYING
NIFTY,2026-08-13,15:23,STALE,24353.35,8,OPTIONS_ACTIVE_UNDERLYING_STALE,UNDERLYING_UNAVAILABLE_OPTIONS_AVAILABLE,24450.0,93.05,107.1,-1.456182,2.758455,70567185.0,56809675.0,-28470.0,65.0,10.402538,6.196463,0.42217,-0.6317,0.00129,0.00208,-14.12491,-2.25977,11.41947,11.00143,0.214938,0.093371,0.739805,200.15,FALLING,ACCELERATING,-0.313377,0.147145,-0.466702,DOWN,,,24413.601627,60.251627,OK,STALE_UNDERLYING
NIFTY,2026-08-13,15:24,STALE,24353.35,9,OPTIONS_ACTIVE_UNDERLYING_STALE,UNDERLYING_UNAVAILABLE_OPTIONS_AVAILABLE,24450.0,94.425,105.65,1.4777,-1.353875,70696210.0,56901845.0,-40495.0,-2600.0,10.525974,6.050956,0.42312,-0.63483,0.00127,0.00213,-14.27151,-2.06906,11.42411,10.9696,0.052952,0.189304,0.73883,200.075,FALLING,RISING,-0.116036,0.198437,-0.350882,DOWN,,,24416.674167,63.324167,OK,STALE_UNDERLYING
NIFTY,2026-08-13,15:25,STALE,24353.35,10,OPTIONS_ACTIVE_UNDERLYING_STALE,UNDERLYING_UNAVAILABLE_OPTIONS_AVAILABLE,24450.0,94.725,108.55,0.317712,2.744912,70910710.0,57098340.0,-25740.0,-25220.0,10.566234,6.332946,0.42342,-0.62894,0.00127,0.00205,-14.31971,-2.43812,11.42502,11.02678,0.158353,0.092123,0.735264,203.275,FLAT,ACCELERATING,0.056968,0.335954,-0.35048,DOWN,,,24414.093568,60.743568,OK,STALE_UNDERLYING
NIFTY,2026-08-13,15:26,STALE,24353.35,11,OPTIONS_ACTIVE_UNDERLYING_STALE,UNDERLYING_UNAVAILABLE_OPTIONS_AVAILABLE,24450.0,94.9,106.3,0.184745,-2.072778,71033300.0,57174520.0,-10075.0,-50245.0,10.575842,6.14686,0.42348,-0.6328,0.00127,0.0021,-14.33168,-2.19543,11.42463,10.98841,0.210748,0.28222,0.73094,201.2,RISING,ACCELERATING,0.164,-0.149638,0.307296,UP,,,24416.407532,63.057532,OK,STALE_UNDERLYING
NIFTY,2026-08-13,15:27,STALE,24353.35,12,OPTIONS_ACTIVE_UNDERLYING_STALE,UNDERLYING_UNAVAILABLE_OPTIONS_AVAILABLE,24450.0,95.375,107.475,0.500527,1.105362,71170125.0,57221970.0,-33280.0,-18525.0,10.629238,6.256103,0.42387,-0.63054,0.00126,0.00207,-14.39538,-2.33848,11.42608,11.00989,0.262123,0.232612,0.73206,202.85,ACCELERATING,ACCELERATING,0.051852,0.060482,-0.052068,NEUTRAL,,,24415.810559,62.460559,OK,STALE_UNDERLYING
NIFTY,2026-08-13,15:28,STALE,24353.35,13,OPTIONS_ACTIVE_UNDERLYING_STALE,UNDERLYING_UNAVAILABLE_OPTIONS_AVAILABLE,24450.0,95.05,107.05,-0.34076,-0.395441,71265480.0,57277675.0,-23465.0,-15470.0,10.586352,6.183535,0.42354,-0.63206,0.00127,0.00209,-14.34536,-2.24387,11.42343,10.99423,0.105208,0.093414,0.73047,202.1,FLAT,ACCELERATING,0.119489,0.063264,0.167801,NEUTRAL,,,24416.202613,62.852613,OK,STALE_UNDERLYING
NIFTY,2026-08-13,15:29,CLOSING_STATE_UNCERTAIN,24395.85,14,CLOSING_STATE_UNCERTAIN,UNDERLYING_UNAVAILABLE_OPTIONS_AVAILABLE,24450.0,95.875,103.55,0.867964,-3.2695,71422845.0,57381155.0,-26780.0,-10140.0,9.005618,8.021082,0.47323,-0.53055,0.00151,0.0017,-13.13817,-5.32756,11.63114,11.6232,0.260756,0.289715,0.729416,199.425,ACCELERATING,ACCELERATING,0.21368,-0.529334,0.492178,UP,,,24420.363586,67.013586,OK,STALE_UNDERLYING
NIFTY,2026-08-13,15:30,CLOSING_STATE_UNCERTAIN,24395.85,15,CLOSING_STATE_UNCERTAIN,INSUFFICIENT_DATA,,,,,,,,,,,,,,,,,,,,,,,,,,,,,INSUFFICIENT_DATA,,,,,INVALID,MISSING_OPTION_DATA|STALE_UNDERLYING
SENSEX,2026-08-13,15:15,LIVE,77861.48,0,NORMAL_CONTINUOUS,DIVERGENCE,77900.0,40.05,81.7,-21.316306,-5.549133,363369560.0,381303780.0,0.0,0.0,6.838541,7.872278,0.40534,-0.58232,0.0028,0.00245,-117.48142,-113.74566,7.84108,7.89695,0.749064,0.367197,0.89161,121.75,ACCELERATING,RISING,-0.098423,0.110321,-0.402873,DOWN,,,77855.530865,-5.949135,OK,INVALID_GREEKS
SENSEX,2026-08-13,15:16,STALE,77861.48,1,OPTIONS_ACTIVE_UNDERLYING_STALE,UNDERLYING_UNAVAILABLE_OPTIONS_AVAILABLE,77900.0,43.175,80.875,7.802747,-1.009792,365705160.0,383336680.0,-473660.0,-121020.0,7.256998,7.806223,0.41058,-0.58317,0.00265,0.00248,-124.77985,-112.78935,7.85465,7.88221,0.347423,0.185471,0.899736,124.05,FALLING,RISING,-0.196885,0.02881,-0.408486,DOWN,,,77859.414954,-2.065046,OK,STALE_UNDERLYING
SENSEX,2026-08-13,15:17,STALE,77861.48,2,OPTIONS_ACTIVE_UNDERLYING_STALE,UNDERLYING_UNAVAILABLE_OPTIONS_AVAILABLE,77900.0,40.375,80.875,-6.485235,0.0,367718180.0,384429700.0,0.0,0.0,6.878626,7.82255,0.40554,-0.58315,0.00279,0.00247,-118.44719,-113.23105,7.8199,7.87112,0.371517,0.309119,0.899736,121.25,ACCELERATING,FALLING,-0.241999,-0.389181,-0.283792,DOWN,,,77856.398957,-5.081043,OK,STALE_UNDERLYING
SENSEX,2026-08-13,15:18,STALE,77861.48,3,OPTIONS_ACTIVE_UNDERLYING_STALE,UNDERLYING_UNAVAILABLE_OPTIONS_AVAILABLE,77900.0,37.925,81.325,-6.068111,0.556414,369210520.0,385095540.0,-159540.0,-59400.0,6.568564,7.858037,0.40096,-0.58293,0.00292,0.00247,-113.2455,-114.00074,7.78619,7.86085,0.395517,0.307409,0.889913,119.25,DECELERATING,FLAT,-0.329373,-0.20945,-0.214535,NEUTRAL,,,77856.760137,-4.719863,OK,STALE_UNDERLYING|INVALID_GREEKS
SENSEX,2026-08-13,15:19,STALE,77861.48,4,OPTIONS_ACTIVE_UNDERLYING_STALE,UNDERLYING_UNAVAILABLE_OPTIONS_AVAILABLE,77900.0,29.9,78.95,-21.160185,-2.920381,372558520.0,386079260.0,0.0,0.0,5.569693,7.568507,0.38335,-0.58624,0.00341,0.00256,-95.96806,-109.22406,7.67818,7.8354,0.334448,0.253325,0.889913,108.85,ACCELERATING,ACCELERATING,-0.675304,-0.30829,-0.45565,MIXED,,,77851.419437,-10.060563,OK,STALE_UNDERLYING|INVALID_GREEKS
SENSEX,2026-08-13,15:20,STALE,77861.48,5,OPTIONS_ACTIVE_UNDERLYING_STALE,UNDERLYING_UNAVAILABLE_OPTIONS_AVAILABLE,77800.0,61.175,35.825,-20.006538,41.321499,258675060.0,579408720.0,0.0,0.0,,7.982032,,-0.33833,,0.00228,,-113.48399,,7.34489,0.408664,0.418702,1.013934,97.0,ACCELERATING,ACCELERATING,-0.619128,0.528361,-0.71583,DOWN,,,77825.303415,-36.176585,OK,STALE_UNDERLYING|INVALID_GREEKS
SENSEX,2026-08-13,15:21,STALE,77861.48,6,OPTIONS_ACTIVE_UNDERLYING_STALE,UNDERLYING_UNAVAILABLE_OPTIONS_AVAILABLE,77800.0,71.975,22.625,17.654271,-36.845778,261687580.0,588317620.0,143540.0,-292700.0,3.284277,6.102408,0.84438,-0.29269,0.00363,0.00281,-50.48528,-80.6231,4.79131,6.89452,0.208406,0.662983,1.02531,94.6,FALLING,ACCELERATING,-0.157299,-0.779032,-0.05629,NEUTRAL,,,77851.088185,-10.391815,OK,STALE_UNDERLYING|INVALID_GREEKS
SENSEX,2026-08-13,15:22,STALE,77861.48,7,OPTIONS_ACTIVE_UNDERLYING_STALE,UNDERLYING_UNAVAILABLE_OPTIONS_AVAILABLE,77900.0,17.625,55.3,-23.286181,-23.802962,387054820.0,394388660.0,0.0,0.0,3.94359,4.516283,0.33655,-0.64366,0.00462,0.00412,-66.86082,-56.07319,7.30892,7.46534,0.283688,0.542495,0.89772,72.925,ACCELERATING,ACCELERATING,-0.569736,-0.391458,-0.230047,MIXED,,,77862.223326,0.743326,OK,STALE_UNDERLYING|INVALID_GREEKS
SENSEX,2026-08-13,15:23,STALE,77861.48,8,OPTIONS_ACTIVE_UNDERLYING_STALE,UNDERLYING_UNAVAILABLE_OPTIONS_AVAILABLE,77800.0,58.175,14.5,-19.313454,44.278607,265234200.0,602054560.0,0.0,0.0,,4.896565,,-0.24787,,0.00323,,-59.03543,,6.32571,0.257843,0.689655,1.02531,72.675,ACCELERATING,FALLING,-0.710811,-0.636697,0.308629,MIXED,,,77842.720064,-18.759936,OK,STALE_UNDERLYING|INVALID_GREEKS
SENSEX,2026-08-13,15:24,STALE,77861.48,9,OPTIONS_ACTIVE_UNDERLYING_STALE,UNDERLYING_UNAVAILABLE_OPTIONS_AVAILABLE,77900.0,9.625,51.475,-7.004831,-24.6891,400583140.0,400867680.0,1030160.0,243060.0,2.818574,4.018474,0.27663,-0.66114,0.00595,0.00456,-45.12573,-47.03914,6.68224,7.30721,0.519481,0.291404,0.929903,61.1,DECELERATING,ACCELERATING,-0.450386,-0.160548,-0.428387,DOWN,,,,,INVALID,STALE_UNDERLYING|INVALID_GREEKS
SENSEX,2026-08-13,15:25,STALE,77861.48,10,OPTIONS_ACTIVE_UNDERLYING_STALE,UNDERLYING_UNAVAILABLE_OPTIONS_AVAILABLE,77900.0,48.0,10.625,398.701299,-79.358912,410882460.0,407213740.0,0.0,0.0,7.860415,,0.41601,,0.00249,,-136.5621,,7.77773,,0.833333,1.411765,0.929903,58.625,ACCELERATING,ACCELERATING,0.553872,-0.418584,0.657485,UP,,,,,INVALID,STALE_UNDERLYING|INVALID_GREEKS
SENSEX,2026-08-13,15:26,STALE,77861.48,11,OPTIONS_ACTIVE_UNDERLYING_STALE,UNDERLYING_UNAVAILABLE_OPTIONS_AVAILABLE,78000.0,27.725,27.325,326.538462,-58.298359,598364100.0,241903220.0,-944500.0,26120.0,9.639467,,0.24405,,0.00163,,-131.32794,,6.24618,,0.180343,1.280878,0.929573,55.05,ACCELERATING,ACCELERATING,0.755013,-0.720804,0.825273,UP,,,77999.811366,138.331366,OK,STALE_UNDERLYING|INVALID_GREEKS
SENSEX,2026-08-13,15:27,STALE,77861.48,12,OPTIONS_ACTIVE_UNDERLYING_STALE,UNDERLYING_UNAVAILABLE_OPTIONS_AVAILABLE,78000.0,18.7,40.375,-32.551849,47.758463,607709340.0,246026900.0,0.0,0.0,8.154725,,0.20574,,0.00176,,-101.37437,,5.66099,,0.534759,0.371517,0.929573,59.075,RISING,FALLING,0.617431,-0.52148,0.71297,UP,,,,,INVALID,STALE_UNDERLYING|INVALID_GREEKS
SENSEX,2026-08-13,15:28,STALE,77861.48,13,OPTIONS_ACTIVE_UNDERLYING_STALE,UNDERLYING_UNAVAILABLE_OPTIONS_AVAILABLE,78000.0,26.8,26.625,43.315508,-34.055728,617367300.0,250503420.0,0.0,0.0,9.539963,,0.24109,,0.00165,,-129.50336,,6.18691,,0.746269,2.065728,0.929573,53.425,ACCELERATING,ACCELERATING,0.685654,-0.450783,0.712146,UP,,,,,INVALID,STALE_UNDERLYING|INVALID_GREEKS
SENSEX,2026-08-13,15:29,STALE,77861.48,14,OPTIONS_ACTIVE_UNDERLYING_STALE,UNDERLYING_UNAVAILABLE_OPTIONS_AVAILABLE,78100.0,4.65,44.875,28.275862,-56.198145,435543840.0,71441060.0,1368640.0,244700.0,7.835069,,0.06683,,0.00083,,-43.94659,,2.56811,,2.150538,2.785515,0.764921,49.525,ACCELERATING,ACCELERATING,0.531757,-0.510582,0.68078,UP,,,,,INVALID,STALE_UNDERLYING|INVALID_GREEKS
SENSEX,2026-08-13,15:30,CLOSING_STATE_UNCERTAIN,78079.96,15,CLOSING_STATE_UNCERTAIN,INSUFFICIENT_DATA,,,,,,,,,,,,,,,,,,,,,,,,,,,,,INSUFFICIENT_DATA,,,,,INVALID,MISSING_OPTION_DATA|STALE_UNDERLYING
NIFTY,2026-08-14,15:15,LIVE,24354.85,0,NORMAL_CONTINUOUS,UNDERLYING_CONFIRMS,24450.0,73.275,94.45,1.383604,-2.225673,141924640.0,88358595.0,-154635.0,-50505.0,9.838791,5.216419,0.40033,-0.68561,0.0015,0.00259,-14.4113,-1.1265,10.15096,9.32397,0.204708,0.211752,0.874047,167.725,ACCELERATING,FLAT,0.129255,0.159794,0.132038,NEUTRAL,,,24411.108744,56.258744,OK,INVALID_GREEKS
NIFTY,2026-08-14,15:16,STALE,24354.85,1,OPTIONS_ACTIVE_UNDERLYING_STALE,UNDERLYING_UNAVAILABLE_OPTIONS_AVAILABLE,24450.0,72.025,95.625,-1.705902,1.244044,142265435.0,88547485.0,-110175.0,-69615.0,9.721496,5.355516,0.39909,-0.68111,0.00151,0.00254,-14.2546,-1.3449,10.14185,9.37958,0.208261,0.156863,0.870293,167.65,ACCELERATING,ACCELERATING,-0.253917,0.260823,-0.407577,DOWN,,,24408.536772,53.686772,OK,STALE_UNDERLYING|INVALID_GREEKS
NIFTY,2026-08-14,15:17,STALE,24354.85,2,OPTIONS_ACTIVE_UNDERLYING_STALE,UNDERLYING_UNAVAILABLE_OPTIONS_AVAILABLE,24400.0,93.75,72.125,-3.450051,1.83551,282829820.0,258520210.0,-153985.0,455.0,9.7385,6.053612,0.47593,-0.54074,0.00156,0.0025,-15.14738,-3.80451,10.45898,10.42337,0.32,0.207972,1.038618,165.875,ACCELERATING,RISING,-0.205813,0.191268,-0.413689,DOWN,,,24404.211167,49.361167,OK,STALE_UNDERLYING
NIFTY,2026-08-14,15:18,STALE,24354.85,3,OPTIONS_ACTIVE_UNDERLYING_STALE,UNDERLYING_UNAVAILABLE_OPTIONS_AVAILABLE,24400.0,95.6,71.5,1.973333,-0.866551,283500880.0,259308790.0,-166985.0,-122785.0,9.89249,5.991496,0.47636,-0.5412,0.00153,0.00252,-15.3413,-3.72505,10.4588,10.42127,0.209205,0.27972,1.035046,167.1,FALLING,RISING,-0.241968,0.160281,-0.427826,DOWN,,,24406.532149,51.682149,OK,STALE_UNDERLYING
NIFTY,2026-08-14,15:19,STALE,24354.85,4,OPTIONS_ACTIVE_UNDERLYING_STALE,UNDERLYING_UNAVAILABLE_OPTIONS_AVAILABLE,24450.0,73.35,93.8,3.601695,-2.973882,143692965.0,89605945.0,-71305.0,-97305.0,9.857507,5.13613,0.40046,-0.68842,0.00149,0.00262,-14.43937,-0.99982,10.14852,9.28491,0.272665,0.21322,0.863469,167.15,ACCELERATING,ACCELERATING,0.324511,-0.186743,0.413708,UP,,,24411.78884,56.93884,OK,STALE_UNDERLYING|INVALID_GREEKS
NIFTY,2026-08-14,15:20,STALE,24354.85,5,OPTIONS_ACTIVE_UNDERLYING_STALE,UNDERLYING_UNAVAILABLE_OPTIONS_AVAILABLE,24450.0,73.3,94.45,-0.068166,0.692964,144059370.0,89762530.0,-60190.0,-47580.0,9.838787,5.227567,0.40025,-0.68537,0.0015,0.00259,-14.41501,-1.14453,10.14631,9.3232,0.272851,0.211752,0.85854,167.75,RISING,FALLING,0.21645,-0.10857,0.434303,UP,,,24411.027551,56.177551,OK,STALE_UNDERLYING|INVALID_GREEKS
NIFTY,2026-08-14,15:21,STALE,24354.85,6,OPTIONS_ACTIVE_UNDERLYING_STALE,UNDERLYING_UNAVAILABLE_OPTIONS_AVAILABLE,24450.0,72.025,95.0,-1.739427,0.582319,144487915.0,89912745.0,-78000.0,-10205.0,9.726386,5.265166,0.39906,-0.68416,0.00151,0.00257,-14.26483,-1.20383,10.13752,9.33776,0.208261,0.210526,0.856094,167.025,RISING,FALLING,0.090038,-0.096582,0.290714,UP,,,24409.319932,54.469932,OK,STALE_UNDERLYING|INVALID_GREEKS
NIFTY,2026-08-14,15:22,STALE,24354.85,7,OPTIONS_ACTIVE_UNDERLYING_STALE,UNDERLYING_UNAVAILABLE_OPTIONS_AVAILABLE,24450.0,72.3,94.9,0.381812,-0.105263,144839305.0,90075895.0,-51740.0,17745.0,9.737223,5.275963,0.39916,-0.68383,0.00151,0.00257,-14.28013,-1.2209,10.13736,9.34111,0.276625,0.210748,0.853713,167.2,FALLING,RISING,-0.107135,0.095509,-0.247573,NEUTRAL,,,24409.844285,54.994285,OK,STALE_UNDERLYING|INVALID_GREEKS
NIFTY,2026-08-14,15:23,STALE,24354.85,8,OPTIONS_ACTIVE_UNDERLYING_STALE,UNDERLYING_UNAVAILABLE_OPTIONS_AVAILABLE,24450.0,72.275,94.75,-0.034578,-0.158061,145090205.0,90163450.0,-130975.0,-25805.0,9.738203,5.23855,0.39915,-0.68508,0.00151,0.00258,-14.28218,-1.16212,10.1365,9.32452,0.207541,0.211082,0.84625,167.025,ACCELERATING,FLAT,-0.092873,0.085547,-0.192277,NEUTRAL,,,24409.80426,54.95426,OK,STALE_UNDERLYING|INVALID_GREEKS
NIFTY,2026-08-14,15:24,STALE,24354.85,9,OPTIONS_ACTIVE_UNDERLYING_STALE,UNDERLYING_UNAVAILABLE_OPTIONS_AVAILABLE,24450.0,72.4,95.45,0.172951,0.738786,145475200.0,90285715.0,-40170.0,-29055.0,9.749052,5.329619,0.39925,-0.68214,0.00151,0.00255,-14.2975,-1.30528,10.13633,9.36065,0.276243,0.104767,0.84377,167.85,RISING,FLAT,0.124633,0.026106,0.030627,NEUTRAL,,,24409.075352,54.225352,OK,STALE_UNDERLYING|INVALID_GREEKS
NIFTY,2026-08-14,15:25,STALE,24354.85,10,OPTIONS_ACTIVE_UNDERLYING_STALE,UNDERLYING_UNAVAILABLE_OPTIONS_AVAILABLE,24450.0,72.35,96.55,-0.069061,1.152436,145744885.0,90440090.0,-114075.0,-18395.0,9.750033,5.420362,0.39925,-0.6793,0.00151,0.00252,-14.29955,-1.44708,10.13546,9.3949,0.138217,0.207147,0.844346,168.9,FLAT,ACCELERATING,0.059005,0.20552,-0.173047,NEUTRAL,,,24408.292194,53.442194,OK,STALE_UNDERLYING|INVALID_GREEKS
NIFTY,2026-08-14,15:26,STALE,24354.85,11,OPTIONS_ACTIVE_UNDERLYING_STALE,UNDERLYING_UNAVAILABLE_OPTIONS_AVAILABLE,24450.0,73.275,94.575,1.278507,-2.045572,146030690.0,90638405.0,-52845.0,-33995.0,9.834858,5.211972,0.40012,-0.68605,0.0015,0.00259,-14.41423,-1.12046,10.14044,9.31004,0.204708,0.26434,0.83979,167.85,ACCELERATING,FLAT,0.236486,0.037121,0.196717,NEUTRAL,,,24410.995191,56.145191,OK,STALE_UNDERLYING|INVALID_GREEKS
NIFTY,2026-08-14,15:27,STALE,24354.85,12,OPTIONS_ACTIVE_UNDERLYING_STALE,UNDERLYING_UNAVAILABLE_OPTIONS_AVAILABLE,24450.0,72.9,95.425,-0.511771,0.898758,146280550.0,90791415.0,-79105.0,-51545.0,9.821049,5.324568,0.39996,-0.68238,0.0015,0.00255,-14.39643,-1.29769,10.13856,9.35535,0.274348,0.052397,0.841032,168.325,RISING,FLAT,0.171202,-0.060464,0.149574,NEUTRAL,,,24409.723188,54.873188,OK,STALE_UNDERLYING|INVALID_GREEKS
NIFTY,2026-08-14,15:28,STALE,24354.85,13,OPTIONS_ACTIVE_UNDERLYING_STALE,UNDERLYING_UNAVAILABLE_OPTIONS_AVAILABLE,24450.0,71.5,96.15,-1.920439,0.759759,146545490.0,90913160.0,-43615.0,-38610.0,9.6888,5.404705,0.39855,-0.67987,0.00152,0.00252,-14.21939,-1.42305,10.12831,9.38568,0.27972,0.208008,0.837116,167.65,ACCELERATING,FLAT,-0.324021,-0.063728,-0.151089,NEUTRAL,,,24407.70564,52.85564,OK,STALE_UNDERLYING|INVALID_GREEKS
NIFTY,2026-08-14,15:29,CLOSING_STATE_UNCERTAIN,24366.0,14,CLOSING_STATE_UNCERTAIN,UNDERLYING_UNAVAILABLE_OPTIONS_AVAILABLE,24400.0,95.375,71.9,-0.573365,1.482004,289825965.0,265399030.0,-61620.0,-139750.0,9.36355,6.584528,0.49277,-0.51173,0.00162,0.00231,-14.83474,-4.69907,10.47085,10.46804,0.262123,0.139082,0.99818,167.275,DECELERATING,ACCELERATING,-0.177926,0.089321,-0.387129,DOWN,,,24406.194302,51.344302,OK,STALE_UNDERLYING
NIFTY,2026-08-14,15:30,STALE,24366.0,15,UNDERLYING_STALE,INSUFFICIENT_DATA,,,,,,,,,,,,,,,,,,,,,,,,,,,,,INSUFFICIENT_DATA,,,,,INVALID,MISSING_OPTION_DATA|STALE_UNDERLYING
SENSEX,2026-08-14,15:15,LIVE,77931.1,0,NORMAL_CONTINUOUS,NEITHER_DIRECTIONAL,78200.0,380.7,402.2,0.954654,-0.01243,6902420.0,2712980.0,0.0,0.0,10.922876,8.099599,0.45456,-0.56288,0.00036,0.00048,-44.93074,-13.91276,40.40704,40.16486,0.262674,0.248633,1.009422,782.9,ACCELERATING,FLAT,0.182313,0.117316,0.128424,NEUTRAL,,,78094.190641,163.090641,OK,OK
SENSEX,2026-08-14,15:16,STALE,77931.1,1,OPTIONS_ACTIVE_UNDERLYING_STALE,UNDERLYING_UNAVAILABLE_OPTIONS_AVAILABLE,78200.0,378.75,408.35,-0.512214,1.52909,6921700.0,2728720.0,-19900.0,-9000.0,10.896439,8.271595,0.45443,-0.56151,0.00036,0.00047,-44.84338,-14.5092,40.40321,40.18454,0.264026,0.146933,1.012574,787.1,FLAT,ACCELERATING,-0.040154,0.298934,-0.297062,DOWN,,,78087.443386,156.343386,OK,STALE_UNDERLYING
SENSEX,2026-08-14,15:17,STALE,77931.1,2,OPTIONS_ACTIVE_UNDERLYING_STALE,UNDERLYING_UNAVAILABLE_OPTIONS_AVAILABLE,78200.0,375.025,407.35,-0.983498,-0.244888,6930060.0,2736820.0,0.0,0.0,10.789506,8.24571,0.45391,-0.56172,0.00036,0.00047,-44.4844,-14.42083,40.39502,40.17893,0.146657,0.22094,1.012574,782.375,ACCELERATING,RISING,-0.077205,0.008439,-0.178376,NEUTRAL,,,78083.448967,152.348967,OK,STALE_UNDERLYING
SENSEX,2026-08-14,15:18,STALE,77931.1,3,OPTIONS_ACTIVE_UNDERLYING_STALE,UNDERLYING_UNAVAILABLE_OPTIONS_AVAILABLE,78200.0,373.95,408.65,-0.286648,0.319136,6955120.0,2747240.0,-6380.0,-3080.0,10.750675,8.295738,0.45372,-0.56134,0.00036,0.00047,-44.3551,-14.59494,40.39042,40.18275,0.267415,0.244708,0.995847,782.6,DECELERATING,ACCELERATING,-0.286716,0.113,-0.362301,DOWN,,,78080.508652,149.408652,OK,STALE_UNDERLYING
SENSEX,2026-08-14,15:19,STALE,77931.1,4,OPTIONS_ACTIVE_UNDERLYING_STALE,UNDERLYING_UNAVAILABLE_OPTIONS_AVAILABLE,78200.0,384.425,404.2,2.801177,-1.088951,6983760.0,2760160.0,0.0,0.0,11.017559,8.140404,0.45496,-0.56259,0.00035,0.00047,-45.25672,-14.0586,40.40272,40.1606,0.221109,0.296883,0.995847,788.625,ACCELERATING,ACCELERATING,0.225103,-0.201414,0.310817,UP,,,78096.025265,164.925265,OK,STALE_UNDERLYING
SENSEX,2026-08-14,15:20,STALE,77931.1,5,OPTIONS_ACTIVE_UNDERLYING_STALE,UNDERLYING_UNAVAILABLE_OPTIONS_AVAILABLE,78200.0,381.25,401.9,-0.825909,-0.569025,7004080.0,2772900.0,0.0,0.0,10.96017,8.070912,0.45469,-0.56317,0.00035,0.00048,-45.06507,-13.81883,40.39731,40.14902,0.209836,0.2737,0.995847,783.15,RISING,DECELERATING,0.192825,-0.061821,0.292816,UP,,,78095.078023,163.978023,OK,STALE_UNDERLYING
SENSEX,2026-08-14,15:21,STALE,77931.1,6,OPTIONS_ACTIVE_UNDERLYING_STALE,UNDERLYING_UNAVAILABLE_OPTIONS_AVAILABLE,78200.0,380.2,402.925,-0.27541,0.255039,7031280.0,2779660.0,-12580.0,-980.0,10.920085,8.109758,0.4545,-0.56286,0.00036,0.00048,-44.93163,-13.95462,40.39284,40.15178,0.263019,0.285413,0.99053,783.125,RISING,FALLING,0.188384,-0.013877,0.279094,UP,,,78093.212708,162.112708,OK,STALE_UNDERLYING
SENSEX,2026-08-14,15:22,STALE,77931.1,7,OPTIONS_ACTIVE_UNDERLYING_STALE,UNDERLYING_UNAVAILABLE_OPTIONS_AVAILABLE,78200.0,377.575,403.025,-0.690426,0.024819,7043420.0,2784340.0,0.0,0.0,10.860199,8.141133,0.45421,-0.56262,0.00036,0.00047,-44.73139,-14.06447,40.38721,40.15349,0.27809,0.26053,0.99053,780.6,ACCELERATING,FLAT,-0.10887,0.056839,-0.163137,NEUTRAL,,,78090.672393,159.572393,OK,STALE_UNDERLYING
SENSEX,2026-08-14,15:23,STALE,77931.1,8,OPTIONS_ACTIVE_UNDERLYING_STALE,UNDERLYING_UNAVAILABLE_OPTIONS_AVAILABLE,78200.0,380.4,407.9,0.748196,1.209602,7058760.0,2789620.0,0.0,0.0,10.908003,8.264637,0.45442,-0.56164,0.00036,0.00047,-44.89431,-14.49316,40.38753,40.16687,0.262881,0.196127,0.99053,788.3,FLAT,ACCELERATING,0.041175,0.193903,-0.181291,NEUTRAL,,,78088.632078,157.532078,OK,STALE_UNDERLYING
SENSEX,2026-08-14,15:24,STALE,77931.1,9,OPTIONS_ACTIVE_UNDERLYING_STALE,UNDERLYING_UNAVAILABLE_OPTIONS_AVAILABLE,78200.0,378.725,403.85,-0.440326,-0.99289,7072500.0,2795000.0,-9200.0,-4260.0,10.905075,8.1329,0.4544,-0.56271,0.00036,0.00048,-44.88618,-14.03817,40.38498,40.14762,0.224437,0.272378,0.985027,782.575,FLAT,FLAT,-0.079299,0.030937,-0.089928,NEUTRAL,,,78090.676095,159.576095,OK,STALE_UNDERLYING
SENSEX,2026-08-14,15:25,STALE,77931.1,10,OPTIONS_ACTIVE_UNDERLYING_STALE,UNDERLYING_UNAVAILABLE_OPTIONS_AVAILABLE,78200.0,375.8,408.45,-0.772328,1.139037,7082840.0,2798660.0,0.0,0.0,10.840224,8.282565,0.45409,-0.56152,0.00036,0.00047,-44.66913,-14.55745,40.37906,40.16432,0.212879,0.269311,0.985027,784.25,FLAT,ACCELERATING,-0.018333,0.120533,-0.180596,NEUTRAL,,,78084.028865,152.928865,OK,STALE_UNDERLYING
SENSEX,2026-08-14,15:26,STALE,77931.1,11,OPTIONS_ACTIVE_UNDERLYING_STALE,UNDERLYING_UNAVAILABLE_OPTIONS_AVAILABLE,78200.0,376.875,398.3,0.286056,-2.485004,7104900.0,2806780.0,-7720.0,-4560.0,10.849664,8.010053,0.45412,-0.56375,0.00036,0.00048,-44.70269,-13.61421,40.37723,40.12628,0.066335,0.251067,0.9972,775.175,FALLING,ACCELERATING,-0.281315,-0.269733,0.101853,MIXED,,,78093.863501,162.763501,OK,STALE_UNDERLYING
SENSEX,2026-08-14,15:27,STALE,77931.1,12,OPTIONS_ACTIVE_UNDERLYING_STALE,UNDERLYING_UNAVAILABLE_OPTIONS_AVAILABLE,78200.0,378.65,407.275,0.470978,2.253327,7122120.0,2814260.0,0.0,0.0,10.896253,8.233266,0.45434,-0.56193,0.00036,0.00047,-44.86158,-14.38918,40.37745,40.15331,0.264096,0.159597,0.9972,785.925,FLAT,ACCELERATING,0.016385,0.276564,-0.167186,NEUTRAL,,,78086.766307,155.666307,OK,STALE_UNDERLYING
SENSEX,2026-08-14,15:28,STALE,77931.1,13,OPTIONS_ACTIVE_UNDERLYING_STALE,UNDERLYING_UNAVAILABLE_OPTIONS_AVAILABLE,78200.0,377.025,407.25,-0.429156,-0.006138,7135080.0,2818560.0,0.0,0.0,10.836317,8.25219,0.45405,-0.56179,0.00036,0.00047,-44.661,-14.45581,40.37187,40.15332,0.225449,0.294659,0.9972,784.275,FLAT,FLAT,0.009156,0.034785,0.028019,NEUTRAL,,,78085.798687,154.698687,OK,STALE_UNDERLYING
SENSEX,2026-08-14,15:29,STALE,77931.1,14,OPTIONS_ACTIVE_UNDERLYING_STALE,UNDERLYING_UNAVAILABLE_OPTIONS_AVAILABLE,78200.0,375.575,409.1,-0.38459,0.454266,7147320.0,2826820.0,-13580.0,-3280.0,10.823476,8.269875,0.45398,-0.56166,0.00036,0.00047,-44.6194,-14.51816,40.36876,40.15313,0.146442,0.317771,1.021084,784.675,FLAT,ACCELERATING,-0.079837,0.105944,-0.27397,DOWN,,,78082.085603,150.985603,OK,STALE_UNDERLYING
SENSEX,2026-08-14,15:30,CLOSING_STATE_UNCERTAIN,78009.25,15,CLOSING_STATE_UNCERTAIN,INSUFFICIENT_DATA,,,,,,,,,,,,,,,,,,,,,,,,,,,,,INSUFFICIENT_DATA,,,,,INVALID,MISSING_OPTION_DATA|STALE_UNDERLYING
NIFTY,2026-08-17,15:15,LIVE,24339.8,0,NORMAL_CONTINUOUS,OPTIONS_CONFIRM,24400.0,48.525,68.15,-0.410467,0.294334,439958155.0,254528365.0,-623805.0,-268320.0,12.571986,6.436708,0.38739,-0.71367,0.00214,0.00372,-30.04134,-7.7194,5.44632,4.8392,0.309119,0.146735,1.040844,116.675,DECELERATING,DECELERATING,-0.455251,0.542332,-0.664402,DOWN,,,24375.725931,35.925931,OK,INVALID_GREEKS
NIFTY,2026-08-17,15:16,STALE,24339.8,1,OPTIONS_ACTIVE_UNDERLYING_STALE,UNDERLYING_UNAVAILABLE_OPTIONS_AVAILABLE,24400.0,46.725,70.225,-3.709428,3.044754,441963080.0,255775650.0,-230815.0,-197535.0,12.272417,6.877699,0.38461,-0.70122,0.00219,0.00355,-29.31959,-8.92855,5.43336,4.93452,0.107009,0.213599,1.039399,116.95,ACCELERATING,ACCELERATING,-0.441541,0.557135,-0.664738,DOWN,,,24372.112944,32.312944,OK,STALE_UNDERLYING|INVALID_GREEKS
NIFTY,2026-08-17,15:17,STALE,24339.8,2,OPTIONS_ACTIVE_UNDERLYING_STALE,UNDERLYING_UNAVAILABLE_OPTIONS_AVAILABLE,24400.0,46.275,70.825,-0.963082,0.854397,442861640.0,256533875.0,-46540.0,-41730.0,12.165692,7.000303,0.38356,-0.69804,0.00221,0.0035,-29.06594,-9.2627,5.42744,4.95674,0.324149,0.070597,1.032972,117.1,DECELERATING,DECELERATING,-0.221048,0.222033,-0.4755,DOWN,,,24371.056977,31.256977,OK,STALE_UNDERLYING|INVALID_GREEKS
NIFTY,2026-08-17,15:18,STALE,24339.8,3,OPTIONS_ACTIVE_UNDERLYING_STALE,UNDERLYING_UNAVAILABLE_OPTIONS_AVAILABLE,24350.0,70.975,47.475,-2.137194,0.316957,415208820.0,365564290.0,-115505.0,-164775.0,12.708052,8.218389,0.49728,-0.50554,0.00221,0.00342,-32.24877,-15.33804,5.66903,5.66862,0.211342,0.315956,1.161065,118.45,ACCELERATING,DECELERATING,-0.146801,0.187718,-0.442044,DOWN,,,24369.09591,29.29591,OK,STALE_UNDERLYING
NIFTY,2026-08-17,15:19,STALE,24339.8,4,OPTIONS_ACTIVE_UNDERLYING_STALE,UNDERLYING_UNAVAILABLE_OPTIONS_AVAILABLE,24350.0,69.8,47.925,-1.655513,0.947867,415909780.0,366429570.0,-15795.0,-113490.0,12.482682,8.290881,0.49717,-0.50549,0.00225,0.00339,-31.74292,-15.50877,5.66741,5.66702,0.143266,0.10433,1.157991,117.725,DECELERATING,ACCELERATING,-0.192773,0.029065,-0.382389,DOWN,,,24367.798909,27.998909,OK,STALE_UNDERLYING
NIFTY,2026-08-17,15:20,STALE,24339.8,5,OPTIONS_ACTIVE_UNDERLYING_STALE,UNDERLYING_UNAVAILABLE_OPTIONS_AVAILABLE,24350.0,65.5,48.45,-6.160458,1.095462,417306435.0,367636165.0,-129610.0,-219050.0,11.718829,8.389866,0.49678,-0.50542,0.0024,0.00335,-30.00814,-15.74005,5.66578,5.66545,0.305344,0.206398,1.157044,113.95,ACCELERATING,RISING,-0.300772,0.081936,-0.457433,DOWN,,,24364.491047,24.691047,OK,STALE_UNDERLYING
NIFTY,2026-08-17,15:21,STALE,24339.8,6,OPTIONS_ACTIVE_UNDERLYING_STALE,UNDERLYING_UNAVAILABLE_OPTIONS_AVAILABLE,24350.0,67.75,49.175,3.435115,1.496388,418610205.0,369738785.0,-93015.0,-377520.0,12.119657,8.488866,0.49697,-0.50535,0.00232,0.00331,-30.93011,-15.97137,5.66425,5.66391,0.147601,0.305033,1.145281,116.925,FALLING,ACCELERATING,-0.397764,0.453221,-0.607484,DOWN,,,24364.326152,24.526152,OK,STALE_UNDERLYING
NIFTY,2026-08-17,15:22,STALE,24339.8,7,OPTIONS_ACTIVE_UNDERLYING_STALE,UNDERLYING_UNAVAILABLE_OPTIONS_AVAILABLE,24350.0,66.925,48.925,-1.217712,-0.508388,419461640.0,371922135.0,-175305.0,-479115.0,11.999879,8.482019,0.4969,-0.50537,0.00234,0.00331,-30.66442,-15.96107,5.66264,5.6623,0.224131,0.306592,1.144015,115.85,ACCELERATING,RISING,-0.365565,0.285179,-0.528101,DOWN,,,24363.639998,23.839998,OK,STALE_UNDERLYING
NIFTY,2026-08-17,15:23,STALE,24339.8,8,OPTIONS_ACTIVE_UNDERLYING_STALE,UNDERLYING_UNAVAILABLE_OPTIONS_AVAILABLE,24350.0,67.05,49.925,0.186776,2.043945,419939065.0,372662810.0,-52260.0,-357695.0,12.038938,8.634117,0.49691,-0.50526,0.00234,0.00326,-30.76112,-16.31401,5.66107,5.66075,0.298285,0.300451,1.1438,116.975,ACCELERATING,ACCELERATING,0.023567,0.099603,-0.221832,NEUTRAL,,,24362.768009,22.968009,OK,STALE_UNDERLYING
NIFTY,2026-08-17,15:24,STALE,24339.8,9,OPTIONS_ACTIVE_UNDERLYING_STALE,UNDERLYING_UNAVAILABLE_OPTIONS_AVAILABLE,24350.0,67.4,48.325,0.521999,-3.204807,420538495.0,373700600.0,-176605.0,-129610.0,12.069173,8.362204,0.49691,-0.50551,0.00233,0.00336,-30.8377,-15.69755,5.65951,5.65914,0.148368,0.310398,1.142815,115.725,FALLING,ACCELERATING,-0.030404,-0.260772,0.185055,NEUTRAL,,,24364.72102,24.92102,OK,STALE_UNDERLYING
NIFTY,2026-08-17,15:25,STALE,24339.8,10,OPTIONS_ACTIVE_UNDERLYING_STALE,UNDERLYING_UNAVAILABLE_OPTIONS_AVAILABLE,24350.0,68.45,49.4,1.557864,2.224521,421336890.0,374753860.0,-109850.0,-208260.0,12.276282,8.549759,0.497,-0.50537,0.00229,0.00329,-31.31864,-16.13189,5.6579,5.65755,0.146092,0.202429,1.13838,117.85,ACCELERATING,ACCELERATING,0.109443,0.126191,0.070872,NEUTRAL,,,24364.631162,24.831162,OK,STALE_UNDERLYING
NIFTY,2026-08-17,15:26,STALE,24339.8,11,OPTIONS_ACTIVE_UNDERLYING_STALE,UNDERLYING_UNAVAILABLE_OPTIONS_AVAILABLE,24350.0,68.225,48.4,-0.328707,-2.024291,422108570.0,375828180.0,-173095.0,-148395.0,12.25354,8.392573,0.49697,-0.50552,0.0023,0.00335,-31.27429,-15.77747,5.65634,5.65597,0.366435,0.206612,1.135432,116.625,RISING,ACCELERATING,0.200212,-0.133177,0.383083,UP,,,24365.444898,25.644898,OK,STALE_UNDERLYING
NIFTY,2026-08-17,15:27,STALE,24339.8,12,OPTIONS_ACTIVE_UNDERLYING_STALE,UNDERLYING_UNAVAILABLE_OPTIONS_AVAILABLE,24350.0,65.675,49.775,-3.737633,2.840909,422956495.0,376741560.0,-87945.0,-135980.0,11.788816,8.64215,0.49673,-0.50532,0.00239,0.00326,-30.21984,-16.35403,5.6547,5.65439,0.076132,0.301356,1.136322,115.45,ACCELERATING,ACCELERATING,-0.170745,0.171646,-0.397449,DOWN,,,24361.647896,21.847896,OK,STALE_UNDERLYING
NIFTY,2026-08-17,15:28,CLOSING_STATE_UNCERTAIN,24287.65,13,CLOSING_STATE_UNCERTAIN,UNDERLYING_UNAVAILABLE_OPTIONS_AVAILABLE,24350.0,64.4,50.2,-1.941378,0.853842,423738900.0,377877045.0,-62140.0,-262600.0,15.740102,,0.40586,,0.00174,,-37.56349,,5.48341,,0.15528,0.398406,1.125314,114.6,DECELERATING,DECELERATING,-0.446075,0.247217,-0.548162,DOWN,,,24359.775895,19.975895,OK,STALE_UNDERLYING|INVALID_GREEKS
NIFTY,2026-08-17,15:29,CLOSING_STATE_UNCERTAIN,24287.65,14,CLOSING_STATE_UNCERTAIN,UNDERLYING_UNAVAILABLE_OPTIONS_AVAILABLE,24350.0,59.3,57.625,-7.919255,14.790837,426210980.0,382169255.0,-253500.0,-860600.0,14.812816,3.514903,0.39984,-0.86139,0.00184,0.00445,-35.3537,1.30597,5.46091,3.12509,0.337268,0.260304,1.095017,116.925,ACCELERATING,ACCELERATING,-0.748891,0.718665,-0.822519,DOWN,,,24347.336074,7.536074,OK,STALE_UNDERLYING|INVALID_GREEKS
NIFTY,2026-08-17,15:30,STALE,24287.65,15,UNDERLYING_STALE,INSUFFICIENT_DATA,,,,,,,,,,,,,,,,,,,,,,,,,,,,,INSUFFICIENT_DATA,,,,,INVALID,MISSING_OPTION_DATA|STALE_UNDERLYING
SENSEX,2026-08-17,15:15,LIVE,77844.43,0,NORMAL_CONTINUOUS,OPTIONS_CONFIRM,78000.0,349.85,310.275,0.257917,0.534629,20250480.0,13122420.0,0.0,0.0,13.346504,9.057178,0.46746,-0.54987,0.00041,0.0006,-69.87872,-28.72435,29.19019,29.05852,0.200086,0.241721,1.152168,660.125,FALLING,DECELERATING,-0.410445,0.707821,-0.670547,DOWN,,,77999.077474,154.647474,OK,OK
SENSEX,2026-08-17,15:16,STALE,77844.43,1,OPTIONS_ACTIVE_UNDERLYING_STALE,UNDERLYING_UNAVAILABLE_OPTIONS_AVAILABLE,78000.0,349.525,312.775,-0.092897,0.805737,20304720.0,13165660.0,-43360.0,-62080.0,13.361828,9.133557,0.46749,-0.54944,0.00041,0.00059,-69.95488,-29.08453,29.18735,29.05944,0.243187,0.303733,1.146146,662.3,ACCELERATING,RISING,-0.184823,0.292127,-0.428331,DOWN,,,77996.715589,152.285589,OK,STALE_UNDERLYING
SENSEX,2026-08-17,15:17,STALE,77844.43,2,OPTIONS_ACTIVE_UNDERLYING_STALE,UNDERLYING_UNAVAILABLE_OPTIONS_AVAILABLE,78000.0,343.225,314.3,-1.802446,0.487571,20351640.0,13231460.0,0.0,0.0,13.121925,9.153185,0.4668,-0.54934,0.00041,0.00059,-68.8612,-29.18003,29.17999,29.0572,0.276786,0.286351,1.146146,657.525,ACCELERATING,DECELERATING,-0.195289,0.298447,-0.390824,DOWN,,,77989.35028,144.92028,OK,STALE_UNDERLYING
SENSEX,2026-08-17,15:18,STALE,77844.43,3,OPTIONS_ACTIVE_UNDERLYING_STALE,UNDERLYING_UNAVAILABLE_OPTIONS_AVAILABLE,78000.0,338.325,319.45,-1.427635,1.638562,20408120.0,13284640.0,15720.0,-31640.0,12.957313,9.372391,0.4663,-0.54813,0.00042,0.00058,-68.11198,-30.20589,29.17386,29.06505,0.192123,0.219127,1.11751,657.775,DECELERATING,ACCELERATING,-0.315865,0.070963,-0.432377,DOWN,,,77978.692088,134.262088,OK,STALE_UNDERLYING
SENSEX,2026-08-17,15:19,STALE,77844.43,4,OPTIONS_ACTIVE_UNDERLYING_STALE,UNDERLYING_UNAVAILABLE_OPTIONS_AVAILABLE,78000.0,333.775,318.525,-1.344861,-0.28956,20431800.0,13301820.0,0.0,0.0,12.806393,9.314619,0.46584,-0.54846,0.00042,0.00058,-67.42524,-29.94071,29.16781,29.05896,0.254663,0.23546,1.11751,652.3,FALLING,RISING,-0.004062,0.128688,-0.351928,DOWN,,,77974.623207,130.193207,OK,STALE_UNDERLYING
SENSEX,2026-08-17,15:20,STALE,77844.43,5,OPTIONS_ACTIVE_UNDERLYING_STALE,UNDERLYING_UNAVAILABLE_OPTIONS_AVAILABLE,78000.0,331.875,318.9,-0.569246,0.11773,20478700.0,13329080.0,0.0,0.0,12.763411,9.341151,0.4657,-0.54833,0.00042,0.00058,-67.23367,-30.0684,29.16382,29.05701,0.195857,0.219505,1.11751,650.775,DECELERATING,ACCELERATING,-0.156696,0.107645,-0.37201,DOWN,,,77972.414953,127.984953,OK,STALE_UNDERLYING
SENSEX,2026-08-17,15:21,STALE,77844.43,6,OPTIONS_ACTIVE_UNDERLYING_STALE,UNDERLYING_UNAVAILABLE_OPTIONS_AVAILABLE,78000.0,320.4,326.55,-3.457627,2.398871,20553060.0,13383160.0,-4880.0,-28180.0,12.346571,9.618871,0.46437,-0.54685,0.00044,0.00056,-65.32405,-31.36574,29.15219,29.06689,0.249688,0.275609,1.096193,646.95,ACCELERATING,ACCELERATING,-0.255072,0.135634,-0.448894,DOWN,,,77953.889041,109.459041,OK,STALE_UNDERLYING
SENSEX,2026-08-17,15:22,STALE,77844.43,7,OPTIONS_ACTIVE_UNDERLYING_STALE,UNDERLYING_UNAVAILABLE_OPTIONS_AVAILABLE,78000.0,321.125,323.0,0.22628,-1.087123,20605000.0,13418420.0,0.0,0.0,12.39617,9.499188,0.46452,-0.5475,0.00044,0.00057,-65.55775,-30.81276,29.15002,29.05814,0.171273,0.247678,1.096193,644.125,FALLING,RISING,-0.241222,0.107257,-0.404005,DOWN,,,77957.544787,113.114787,OK,STALE_UNDERLYING
SENSEX,2026-08-17,15:23,STALE,77844.43,8,OPTIONS_ACTIVE_UNDERLYING_STALE,UNDERLYING_UNAVAILABLE_OPTIONS_AVAILABLE,78000.0,320.15,324.575,-0.30362,0.487616,20637480.0,13441900.0,0.0,0.0,12.349688,9.541216,0.46436,-0.54729,0.00044,0.00057,-65.34958,-31.01253,29.14586,29.0569,0.062471,0.169452,1.096193,644.725,ACCELERATING,ACCELERATING,-0.208402,0.106875,-0.387615,DOWN,,,77955.583422,111.153422,OK,STALE_UNDERLYING
SENSEX,2026-08-17,15:24,STALE,77844.43,9,OPTIONS_ACTIVE_UNDERLYING_STALE,UNDERLYING_UNAVAILABLE_OPTIONS_AVAILABLE,78000.0,320.0,324.05,-0.046853,-0.16175,20699520.0,13472200.0,-15660.0,-860.0,12.337533,9.526475,0.46431,-0.54738,0.00044,0.00057,-65.29933,-30.94803,29.14238,29.05296,0.28125,0.308594,1.089962,644.05,FLAT,ACCELERATING,-0.061563,-0.174078,0.08057,NEUTRAL,,,77955.346597,110.916597,OK,STALE_UNDERLYING
SENSEX,2026-08-17,15:25,STALE,77844.43,10,OPTIONS_ACTIVE_UNDERLYING_STALE,UNDERLYING_UNAVAILABLE_OPTIONS_AVAILABLE,78000.0,319.175,325.4,-0.257813,0.416602,20726780.0,13497180.0,0.0,0.0,12.323634,9.556479,0.46426,-0.54724,0.00044,0.00057,-65.24094,-31.09191,29.13891,29.05109,0.297642,0.245851,1.089962,644.575,FALLING,ACCELERATING,-0.002903,0.187218,-0.169128,NEUTRAL,,,77953.338219,108.908219,OK,STALE_UNDERLYING
SENSEX,2026-08-17,15:26,STALE,77844.43,11,OPTIONS_ACTIVE_UNDERLYING_STALE,UNDERLYING_UNAVAILABLE_OPTIONS_AVAILABLE,78000.0,322.425,318.65,1.01825,-2.07437,20759820.0,13538440.0,-23080.0,-7560.0,12.421277,9.354068,0.46456,-0.54834,0.00044,0.00058,-65.69565,-30.15265,29.13782,29.03826,0.263627,0.219677,1.084044,641.075,ACCELERATING,ACCELERATING,0.17395,-0.331861,0.358788,UP,,,77964.983252,120.553252,OK,STALE_UNDERLYING
SENSEX,2026-08-17,15:27,STALE,77844.43,12,OPTIONS_ACTIVE_UNDERLYING_STALE,UNDERLYING_UNAVAILABLE_OPTIONS_AVAILABLE,78000.0,321.75,325.075,-0.209351,2.016319,20787660.0,13564640.0,0.0,0.0,12.422859,9.578619,0.46456,-0.54715,0.00044,0.00056,-65.70863,-31.20327,29.13462,29.04566,0.1554,0.261478,1.084044,646.825,RISING,FLAT,0.082514,-0.045234,0.066696,NEUTRAL,,,77956.314421,111.884421,OK,STALE_UNDERLYING
SENSEX,2026-08-17,15:28,STALE,77844.43,13,OPTIONS_ACTIVE_UNDERLYING_STALE,UNDERLYING_UNAVAILABLE_OPTIONS_AVAILABLE,78000.0,319.4,323.675,-0.730381,-0.43067,20819700.0,13590480.0,0.0,0.0,12.326576,9.513945,0.46423,-0.5475,0.00044,0.00057,-65.27122,-30.90613,29.12941,29.03941,0.156544,0.231714,1.084044,643.075,FLAT,ACCELERATING,-0.045127,-0.088273,0.066282,NEUTRAL,,,77955.42405,110.99405,OK,STALE_UNDERLYING
SENSEX,2026-08-17,15:29,CLOSING_STATE_UNCERTAIN,77728.16,14,CLOSING_STATE_UNCERTAIN,UNDERLYING_UNAVAILABLE_OPTIONS_AVAILABLE,78000.0,305.9,346.6,-4.226675,7.082722,20950280.0,13733000.0,-15260.0,-30600.0,13.646107,7.890998,0.4222,-0.63562,0.00039,0.00065,-69.29006,-19.8879,28.64321,27.49612,0.065381,0.288517,1.065112,652.5,ACCELERATING,ACCELERATING,-0.547807,0.728231,-0.758123,DOWN,,,77918.762101,74.332101,OK,STALE_UNDERLYING
SENSEX,2026-08-17,15:30,STALE,77728.16,15,UNDERLYING_STALE,INSUFFICIENT_DATA,,,,,,,,,,,,,,,,,,,,,,,,,,,,,INSUFFICIENT_DATA,,,,,INVALID,MISSING_OPTION_DATA|STALE_UNDERLYING
NIFTY,2026-08-19,15:15,LIVE,24048.55,0,NORMAL_CONTINUOUS,DIVERGENCE,24100.0,122.625,111.575,-2.85205,2.739411,151135920.0,187783180.0,-41145.0,-266565.0,10.173247,8.471982,0.48989,-0.51312,0.00125,0.0015,-13.41132,-5.09544,12.54652,12.54376,0.040775,0.134439,0.835929,234.2,ACCELERATING,ACCELERATING,-0.175358,0.18769,-0.32699,DOWN,,,24085.229454,36.679454,OK,OK
NIFTY,2026-08-19,15:16,STALE,24048.55,1,OPTIONS_ACTIVE_UNDERLYING_STALE,UNDERLYING_UNAVAILABLE_OPTIONS_AVAILABLE,24100.0,122.775,112.35,0.122324,0.6946,151543340.0,188181305.0,-118170.0,-115895.0,10.185949,8.528072,0.4899,-0.51301,0.00124,0.00149,-13.4247,-5.15283,12.54582,12.54317,0.040725,0.178015,0.831109,235.125,FALLING,DECELERATING,-0.225169,0.239446,-0.442947,DOWN,,,24084.035317,35.485317,OK,STALE_UNDERLYING
NIFTY,2026-08-19,15:17,STALE,24048.55,2,OPTIONS_ACTIVE_UNDERLYING_STALE,UNDERLYING_UNAVAILABLE_OPTIONS_AVAILABLE,24100.0,124.2,110.8,1.16066,-1.379617,151870355.0,188440655.0,-70525.0,-14625.0,10.278373,8.424714,0.49004,-0.51323,0.00123,0.0015,-13.51876,-5.04826,12.54522,12.54224,0.161031,0.270758,0.830094,235.0,FALLING,RISING,-0.093093,0.147651,-0.314828,DOWN,,,24087.624364,39.074364,OK,STALE_UNDERLYING
NIFTY,2026-08-19,15:18,STALE,24048.55,3,OPTIONS_ACTIVE_UNDERLYING_STALE,UNDERLYING_UNAVAILABLE_OPTIONS_AVAILABLE,24100.0,124.975,109.875,0.623994,-0.834838,152040525.0,188581250.0,-71890.0,-5135.0,10.35882,8.325317,0.49015,-0.51345,0.00122,0.00152,-13.60067,-4.94765,12.54463,12.54132,0.040008,0.136519,0.831364,234.85,DECELERATING,DECELERATING,0.054096,-0.163786,0.306713,UP,,,24089.594692,41.044692,OK,STALE_UNDERLYING
NIFTY,2026-08-19,15:19,STALE,24048.55,4,OPTIONS_ACTIVE_UNDERLYING_STALE,UNDERLYING_UNAVAILABLE_OPTIONS_AVAILABLE,24100.0,127.7,106.75,2.180436,-2.844141,152427015.0,188928610.0,-76440.0,-28145.0,10.582792,8.082378,0.49047,-0.51399,0.0012,0.00157,-13.82778,-4.70103,12.54417,12.54004,0.078309,0.187354,0.834736,234.45,ACCELERATING,ACCELERATING,0.277717,-0.311178,0.524306,UP,,,24095.180318,46.630318,OK,STALE_UNDERLYING
NIFTY,2026-08-19,15:20,STALE,24048.55,5,OPTIONS_ACTIVE_UNDERLYING_STALE,UNDERLYING_UNAVAILABLE_OPTIONS_AVAILABLE,24100.0,127.975,106.8,0.215348,0.046838,152832940.0,189248540.0,-146640.0,-37765.0,10.599515,8.08663,0.49048,-0.51399,0.0012,0.00157,-13.84525,-4.70576,12.54347,12.53933,0.03907,0.187266,0.836543,234.775,DECELERATING,FALLING,0.159105,-0.285381,0.457484,UP,,,24095.408295,46.858295,OK,STALE_UNDERLYING
NIFTY,2026-08-19,15:21,STALE,24048.55,6,OPTIONS_ACTIVE_UNDERLYING_STALE,UNDERLYING_UNAVAILABLE_OPTIONS_AVAILABLE,24100.0,127.75,107.475,-0.175816,0.632022,153626005.0,189726160.0,-208000.0,-92755.0,10.580346,8.126766,0.49045,-0.51391,0.0012,0.00156,-13.82641,-4.74698,12.54275,12.53872,0.078278,0.139567,0.842829,235.225,RISING,FALLING,0.293717,-0.342837,0.481148,UP,,,24094.857821,46.307821,OK,STALE_UNDERLYING
NIFTY,2026-08-19,15:22,STALE,24048.55,7,OPTIONS_ACTIVE_UNDERLYING_STALE,UNDERLYING_UNAVAILABLE_OPTIONS_AVAILABLE,24100.0,127.8,107.4,0.039139,-0.069784,154077885.0,189993310.0,-19110.0,-1625.0,10.601034,8.135001,0.49047,-0.51389,0.0012,0.00156,-13.84788,-4.75575,12.54208,12.53805,0.234742,0.18622,0.843074,235.2,FLAT,RISING,-0.00182,0.073772,-0.053829,NEUTRAL,,,24095.028032,46.478032,OK,STALE_UNDERLYING
NIFTY,2026-08-19,15:23,STALE,24048.55,8,OPTIONS_ACTIVE_UNDERLYING_STALE,UNDERLYING_UNAVAILABLE_OPTIONS_AVAILABLE,24100.0,128.425,107.175,0.489045,-0.209497,154306230.0,190156915.0,-98865.0,-35555.0,10.629707,8.139252,0.49051,-0.51389,0.00119,0.00156,-13.87743,-4.76047,12.54141,12.53735,0.272533,0.233263,0.847378,235.6,FLAT,FLAT,0.04028,0.021771,0.011375,NEUTRAL,,,24095.492227,46.942227,OK,STALE_UNDERLYING
NIFTY,2026-08-19,15:24,STALE,24048.55,9,OPTIONS_ACTIVE_UNDERLYING_STALE,UNDERLYING_UNAVAILABLE_OPTIONS_AVAILABLE,24100.0,128.825,107.375,0.311466,0.186611,154689665.0,190407100.0,-73580.0,-22100.0,10.670359,8.135533,0.49056,-0.51391,0.00119,0.00156,-13.91912,-4.75709,12.54074,12.53662,0.116437,0.139697,0.847596,236.2,RISING,FLAT,0.110939,0.050632,0.102126,NEUTRAL,,,24095.91237,47.36237,OK,STALE_UNDERLYING
NIFTY,2026-08-19,15:25,STALE,24048.55,10,OPTIONS_ACTIVE_UNDERLYING_STALE,UNDERLYING_UNAVAILABLE_OPTIONS_AVAILABLE,24100.0,127.875,107.925,-0.737435,0.512224,154927240.0,190580780.0,-120380.0,-48230.0,10.583403,8.175678,0.49043,-0.51383,0.0012,0.00155,-13.83169,-4.79832,12.53995,12.53602,0.195503,0.138985,0.850809,235.8,FLAT,FLAT,-0.031065,0.077816,-0.093408,NEUTRAL,,,24094.269754,45.719754,OK,STALE_UNDERLYING
NIFTY,2026-08-19,15:26,STALE,24048.55,11,OPTIONS_ACTIVE_UNDERLYING_STALE,UNDERLYING_UNAVAILABLE_OPTIONS_AVAILABLE,24100.0,126.75,107.725,-0.879765,-0.185314,155267450.0,190854495.0,-94185.0,-97370.0,10.52436,8.15999,0.49034,-0.51387,0.00121,0.00155,-13.77249,-4.78276,12.53918,12.53528,0.315582,0.232072,0.852418,234.475,FALLING,RISING,-0.175162,0.126415,-0.24299,NEUTRAL,,,24093.593263,45.043263,OK,STALE_UNDERLYING
NIFTY,2026-08-19,15:27,STALE,24048.55,12,OPTIONS_ACTIVE_UNDERLYING_STALE,UNDERLYING_UNAVAILABLE_OPTIONS_AVAILABLE,24100.0,127.2,107.9,0.35503,0.162451,155481885.0,191044620.0,-64480.0,-57720.0,10.533095,8.168232,0.49034,-0.51386,0.0012,0.00155,-13.78188,-4.79154,12.53849,12.53459,0.235849,0.278035,0.852426,235.1,FALLING,FLAT,-0.19998,0.095702,-0.250392,DOWN,,,24093.621209,45.071209,OK,STALE_UNDERLYING
NIFTY,2026-08-19,15:28,STALE,24048.55,13,OPTIONS_ACTIVE_UNDERLYING_STALE,UNDERLYING_UNAVAILABLE_OPTIONS_AVAILABLE,24100.0,128.95,104.65,1.375786,-3.012048,155833600.0,191387040.0,-75270.0,-10985.0,10.665464,7.925153,0.49053,-0.51442,0.00119,0.0016,-13.91638,-4.5445,12.53793,12.53326,0.077549,0.095557,0.855091,233.6,ACCELERATING,ACCELERATING,0.034778,-0.398154,0.395496,UP,,,24098.63893,50.08893,OK,STALE_UNDERLYING
NIFTY,2026-08-19,15:29,CLOSING_STATE_UNCERTAIN,24078.3,14,CLOSING_STATE_UNCERTAIN,UNDERLYING_UNAVAILABLE_OPTIONS_AVAILABLE,24100.0,124.725,107.525,-3.276464,2.747253,156306280.0,191742265.0,-138515.0,-95420.0,9.131939,9.319036,0.52935,-0.47114,0.00138,0.00136,-12.62587,-6.2192,12.52227,12.5234,0.200441,0.139502,0.857296,232.25,ACCELERATING,FLAT,-0.072954,-0.284457,0.004019,NEUTRAL,,,24092.502102,43.952102,OK,STALE_UNDERLYING
NIFTY,2026-08-19,15:30,CLOSING_STATE_UNCERTAIN,24078.3,15,CLOSING_STATE_UNCERTAIN,INSUFFICIENT_DATA,,,,,,,,,,,,,,,,,,,,,,,,,,,,,INSUFFICIENT_DATA,,,,,INVALID,MISSING_OPTION_DATA|STALE_UNDERLYING
SENSEX,2026-08-19,15:15,LIVE,76908.05,0,NORMAL_CONTINUOUS,DIVERGENCE,77000.0,189.925,196.625,-7.274503,7.724969,110708620.0,126624340.0,0.0,0.0,12.353914,8.992682,0.45438,-0.56347,0.00071,0.00097,-97.79792,-51.93451,17.81141,17.70138,0.184283,0.27972,0.774627,386.55,ACCELERATING,ACCELERATING,-0.517102,0.208691,-0.562875,DOWN,,,76978.724113,70.674113,OK,OK
SENSEX,2026-08-19,15:16,STALE,76908.05,1,OPTIONS_ACTIVE_UNDERLYING_STALE,UNDERLYING_UNAVAILABLE_OPTIONS_AVAILABLE,77000.0,189.775,195.55,-0.078979,-0.546726,111010400.0,126995960.0,-219160.0,-117180.0,12.318428,8.972126,0.45421,-0.56365,0.00072,0.00098,-97.56156,-51.79796,17.80559,17.69512,0.184429,0.255689,0.766439,385.325,DECELERATING,RISING,-0.298569,0.337234,-0.538188,DOWN,,,76980.426662,72.376662,OK,STALE_UNDERLYING
SENSEX,2026-08-19,15:17,STALE,76908.05,2,OPTIONS_ACTIVE_UNDERLYING_STALE,UNDERLYING_UNAVAILABLE_OPTIONS_AVAILABLE,77000.0,195.8,189.025,3.174812,-3.336743,111401580.0,127421380.0,0.0,0.0,12.684519,8.603691,0.45559,-0.56648,0.0007,0.00102,-100.26634,-49.06871,17.80761,17.66941,0.255363,0.290967,0.766439,384.825,FALLING,RISING,-0.248971,0.084447,-0.432637,DOWN,,,76992.61122,84.56122,OK,STALE_UNDERLYING
SENSEX,2026-08-19,15:18,STALE,76908.05,3,OPTIONS_ACTIVE_UNDERLYING_STALE,UNDERLYING_UNAVAILABLE_OPTIONS_AVAILABLE,77000.0,196.125,187.85,0.165986,-0.621611,111610780.0,127599360.0,-64660.0,4860.0,12.680015,8.509342,0.45555,-0.56726,0.0007,0.00103,-100.25768,-48.37939,17.80243,17.6586,0.229446,0.159702,0.764729,383.975,DECELERATING,DECELERATING,0.224942,-0.274375,0.488375,UP,,,76994.695778,86.645778,OK,STALE_UNDERLYING
SENSEX,2026-08-19,15:19,STALE,76908.05,4,OPTIONS_ACTIVE_UNDERLYING_STALE,UNDERLYING_UNAVAILABLE_OPTIONS_AVAILABLE,77000.0,203.225,184.3,3.62014,-1.889806,111911200.0,127928580.0,0.0,0.0,13.079912,8.335596,0.45697,-0.56872,0.00068,0.00105,-103.20919,-47.09536,17.80455,17.6424,0.270636,0.217037,0.764729,387.525,ACCELERATING,ACCELERATING,0.22675,-0.251794,0.491697,UP,,,77005.169451,97.119451,OK,STALE_UNDERLYING
SENSEX,2026-08-19,15:20,STALE,76908.05,5,OPTIONS_ACTIVE_UNDERLYING_STALE,UNDERLYING_UNAVAILABLE_OPTIONS_AVAILABLE,77000.0,203.8,184.0,0.282938,-0.162778,112334620.0,128216900.0,0.0,0.0,13.142941,8.317613,0.45717,-0.56891,0.00067,0.00105,-103.69568,-46.97567,17.80052,17.636,0.196271,0.271739,0.764729,387.8,DECELERATING,DECELERATING,0.101782,-0.239632,0.424339,UP,,,77005.129033,97.079033,OK,STALE_UNDERLYING
SENSEX,2026-08-19,15:21,STALE,76908.05,6,OPTIONS_ACTIVE_UNDERLYING_STALE,UNDERLYING_UNAVAILABLE_OPTIONS_AVAILABLE,77000.0,204.675,184.55,0.429342,0.298913,113061880.0,128635360.0,-106100.0,-36200.0,13.203191,8.353502,0.45736,-0.56864,0.00067,0.00105,-104.16205,-47.25934,17.79643,17.63312,0.268719,0.270929,0.781201,389.225,RISING,FALLING,0.361683,-0.291326,0.513147,UP,,,77005.981534,97.931534,OK,STALE_UNDERLYING
SENSEX,2026-08-19,15:22,STALE,76908.05,7,OPTIONS_ACTIVE_UNDERLYING_STALE,UNDERLYING_UNAVAILABLE_OPTIONS_AVAILABLE,77000.0,202.125,185.0,-1.245878,0.243836,113443740.0,129011380.0,0.0,0.0,13.030204,8.369521,0.45673,-0.56854,0.00068,0.00105,-102.92077,-47.39407,17.7884,17.62902,0.272109,0.162162,0.781201,387.125,ACCELERATING,FLAT,-0.126546,0.14513,-0.21733,NEUTRAL,,,77002.552254,94.502254,OK,STALE_UNDERLYING
SENSEX,2026-08-19,15:23,STALE,76908.05,8,OPTIONS_ACTIVE_UNDERLYING_STALE,UNDERLYING_UNAVAILABLE_OPTIONS_AVAILABLE,77000.0,196.8,188.1,-2.634508,1.675676,113669480.0,129171900.0,0.0,0.0,12.767095,8.561415,0.45576,-0.56701,0.00069,0.00102,-101.01757,-48.84539,17.77862,17.63579,0.304878,0.212653,0.781201,384.9,ACCELERATING,ACCELERATING,-0.351515,0.058516,-0.433343,DOWN,,,76994.61882,86.56882,OK,STALE_UNDERLYING
SENSEX,2026-08-19,15:24,STALE,76908.05,9,OPTIONS_ACTIVE_UNDERLYING_STALE,UNDERLYING_UNAVAILABLE_OPTIONS_AVAILABLE,77000.0,201.8,181.4,2.54065,-3.561935,113907220.0,129405660.0,-122080.0,-85380.0,13.046706,8.18591,0.45674,-0.57018,0.00068,0.00107,-103.09201,-46.04724,17.77848,17.6063,0.198216,0.16538,0.786402,383.2,FALLING,ACCELERATING,-0.203429,-0.239077,0.039468,NEUTRAL,,,77006.203291,98.153291,OK,STALE_UNDERLYING
SENSEX,2026-08-19,15:25,STALE,76908.05,10,OPTIONS_ACTIVE_UNDERLYING_STALE,UNDERLYING_UNAVAILABLE_OPTIONS_AVAILABLE,77000.0,197.25,183.7,-2.254708,1.267916,114129960.0,129554160.0,0.0,0.0,12.758061,8.318375,0.45568,-0.56908,0.00069,0.00105,-101.00009,-47.05583,17.76833,17.61,0.253485,0.272183,0.786402,380.95,ACCELERATING,FALLING,-0.146991,-0.124661,-0.131204,NEUTRAL,,,76999.64842,91.59842,OK,STALE_UNDERLYING
SENSEX,2026-08-19,15:26,STALE,76908.05,11,OPTIONS_ACTIVE_UNDERLYING_STALE,UNDERLYING_UNAVAILABLE_OPTIONS_AVAILABLE,77000.0,195.45,180.1,-0.912548,-1.959717,114533920.0,129806020.0,-151800.0,-55200.0,12.67476,8.078688,0.45534,-0.5712,0.0007,0.00108,-100.41339,-45.27068,17.76167,17.58835,0.204656,0.333148,0.79001,375.55,DECELERATING,ACCELERATING,-0.258345,-0.289796,0.228986,MIXED,,,77000.36509,92.31509,OK,STALE_UNDERLYING
SENSEX,2026-08-19,15:27,STALE,76908.05,12,OPTIONS_ACTIVE_UNDERLYING_STALE,UNDERLYING_UNAVAILABLE_OPTIONS_AVAILABLE,77000.0,201.85,181.3,3.274495,0.666297,114822920.0,130056540.0,0.0,0.0,13.067214,8.145881,0.45675,-0.57064,0.00068,0.00108,-103.31775,-45.79028,17.7636,17.58787,0.29725,0.220629,0.79001,383.15,FLAT,FLAT,0.03156,-0.023802,-0.000814,NEUTRAL,,,77005.488955,97.438955,OK,STALE_UNDERLYING
SENSEX,2026-08-19,15:28,STALE,76908.05,13,OPTIONS_ACTIVE_UNDERLYING_STALE,UNDERLYING_UNAVAILABLE_OPTIONS_AVAILABLE,77000.0,204.7,176.125,1.41194,-2.854385,115167680.0,130241760.0,0.0,0.0,13.197948,7.863157,0.45718,-0.57325,0.00067,0.00111,-104.30201,-43.67651,17.76072,17.5617,0.24426,0.2555,0.79001,380.825,DECELERATING,ACCELERATING,0.178415,-0.201908,0.446768,UP,,,77013.380694,105.330694,OK,STALE_UNDERLYING
SENSEX,2026-08-19,15:29,STALE,76908.05,14,OPTIONS_ACTIVE_UNDERLYING_STALE,UNDERLYING_UNAVAILABLE_OPTIONS_AVAILABLE,77000.0,196.675,179.55,-3.920371,1.944642,115576680.0,130508380.0,-183780.0,-113500.0,12.751381,8.092585,0.45556,-0.57118,0.00069,0.00108,-101.04965,-45.41837,17.74776,17.5737,0.228804,0.222779,0.790098,376.225,RISING,FLAT,0.034849,-0.08299,0.109912,NEUTRAL,,,77002.390276,94.340276,OK,STALE_UNDERLYING
SENSEX,2026-08-19,15:30,CLOSING_STATE_UNCERTAIN,76909.68,15,CLOSING_STATE_UNCERTAIN,INSUFFICIENT_DATA,,,,,,,,,,,,,,,,,,,,,,,,,,,,,INSUFFICIENT_DATA,,,,,INVALID,MISSING_OPTION_DATA|STALE_UNDERLYING
NIFTY,2026-08-20,15:15,LIVE,24211.6,0,NORMAL_CONTINUOUS,DIVERGENCE,24300.0,94.125,92.225,1.373183,-0.806668,116098840.0,87328410.0,-28600.0,-38545.0,10.255432,5.335626,0.43118,-0.63377,0.00132,0.00243,-13.98405,-1.32525,11.4073,10.9228,0.265604,0.271076,0.991651,186.35,ACCELERATING,ACCELERATING,0.249989,0.026707,0.302923,UP,,,24279.9722,68.3722,OK,INVALID_GREEKS
NIFTY,2026-08-20,15:16,STALE,24211.6,1,OPTIONS_ACTIVE_UNDERLYING_STALE,UNDERLYING_UNAVAILABLE_OPTIONS_AVAILABLE,24300.0,95.475,92.1,1.434263,-0.135538,116502945.0,87617855.0,-66820.0,-47385.0,10.37897,5.312812,0.43204,-0.63435,0.00131,0.00244,-14.12864,-1.29513,11.41086,10.91631,0.05237,0.108578,0.992612,187.575,RISING,RISING,0.201414,0.241075,0.085265,NEUTRAL,,,24281.386022,69.786022,OK,STALE_UNDERLYING|INVALID_GREEKS
NIFTY,2026-08-20,15:17,STALE,24211.6,2,OPTIONS_ACTIVE_UNDERLYING_STALE,UNDERLYING_UNAVAILABLE_OPTIONS_AVAILABLE,24300.0,94.35,92.95,-1.178319,0.92291,116735515.0,87838075.0,-147160.0,-72670.0,10.292164,5.390697,0.43142,-0.63247,0.00132,0.00241,-14.02809,-1.39837,11.40702,10.93423,0.211977,0.107585,0.998186,187.3,RISING,FLAT,0.028723,0.111116,0.097533,NEUTRAL,,,24279.217355,67.617355,OK,STALE_UNDERLYING|INVALID_GREEKS
NIFTY,2026-08-20,15:18,STALE,24211.6,3,OPTIONS_ACTIVE_UNDERLYING_STALE,UNDERLYING_UNAVAILABLE_OPTIONS_AVAILABLE,24300.0,93.6,93.625,-0.794913,0.726197,116938575.0,88003370.0,-34710.0,-48295.0,10.222879,5.4502,0.43092,-0.63107,0.00132,0.00238,-13.94789,-1.47699,11.40373,10.94717,0.106838,0.160214,0.99707,187.225,DECELERATING,RISING,-0.04885,0.048973,-0.17651,NEUTRAL,,,24278.311614,66.711614,OK,STALE_UNDERLYING|INVALID_GREEKS
NIFTY,2026-08-20,15:19,STALE,24211.6,4,OPTIONS_ACTIVE_UNDERLYING_STALE,UNDERLYING_UNAVAILABLE_OPTIONS_AVAILABLE,24300.0,92.4,94.175,-1.282051,0.58745,117145600.0,88157420.0,-22295.0,-34775.0,10.11848,5.500514,0.43015,-0.62991,0.00134,0.00237,-13.8266,-1.54329,11.39908,10.95764,0.108225,0.159278,0.99487,186.575,ACCELERATING,RISING,-0.179117,0.050889,-0.367982,DOWN,,,24276.405911,64.805911,OK,STALE_UNDERLYING|INVALID_GREEKS
NIFTY,2026-08-20,15:20,STALE,24211.6,5,OPTIONS_ACTIVE_UNDERLYING_STALE,UNDERLYING_UNAVAILABLE_OPTIONS_AVAILABLE,24300.0,90.15,96.4,-2.435065,2.362623,117511355.0,88549630.0,-19045.0,-34190.0,9.921872,5.705553,0.42868,-0.62533,0.00136,0.00229,-13.59726,-1.81126,11.3907,11.00018,0.110926,0.207469,0.991797,186.55,ACCELERATING,ACCELERATING,-0.234018,0.232404,-0.476609,DOWN,,,24271.908932,60.308932,OK,STALE_UNDERLYING
NIFTY,2026-08-20,15:21,STALE,24211.6,6,OPTIONS_ACTIVE_UNDERLYING_STALE,UNDERLYING_UNAVAILABLE_OPTIONS_AVAILABLE,24300.0,88.2,97.325,-2.163062,0.959544,118113125.0,89095435.0,-15405.0,-91650.0,9.751441,5.814658,0.42735,-0.62302,0.00139,0.00225,-13.39807,-1.95283,11.38297,11.02063,0.226757,0.154123,0.981373,185.525,FALLING,DECELERATING,-0.468365,0.405415,-0.620135,DOWN,,,24268.986953,57.386953,OK,STALE_UNDERLYING
NIFTY,2026-08-20,15:22,STALE,24211.6,7,OPTIONS_ACTIVE_UNDERLYING_STALE,UNDERLYING_UNAVAILABLE_OPTIONS_AVAILABLE,24300.0,88.4,96.175,0.226757,-1.181608,118443260.0,89428690.0,16965.0,-67665.0,9.761036,5.687593,0.42741,-0.62575,0.00139,0.0023,-13.40989,-1.78826,11.38257,10.99476,0.226244,0.155966,0.972161,184.575,FALLING,RISING,-0.293691,0.16288,-0.461423,DOWN,,,24270.339974,58.739974,OK,STALE_UNDERLYING
NIFTY,2026-08-20,15:23,STALE,24211.6,8,OPTIONS_ACTIVE_UNDERLYING_STALE,UNDERLYING_UNAVAILABLE_OPTIONS_AVAILABLE,24300.0,87.575,97.15,-0.933258,1.013777,118614145.0,89552320.0,13130.0,-91520.0,9.687174,5.774051,0.42682,-0.62391,0.0014,0.00227,-13.32376,-1.90066,11.37864,11.01102,0.171282,0.102934,0.966146,184.725,ACCELERATING,ACCELERATING,-0.183863,-0.102815,-0.269675,DOWN,,,24268.482083,56.882083,OK,STALE_UNDERLYING
NIFTY,2026-08-20,15:24,STALE,24211.6,9,OPTIONS_ACTIVE_UNDERLYING_STALE,UNDERLYING_UNAVAILABLE_OPTIONS_AVAILABLE,24300.0,89.075,96.675,1.712818,-0.488935,118798745.0,89684985.0,14885.0,-17810.0,9.84174,5.728738,0.42802,-0.6249,0.00137,0.00228,-13.50569,-1.84208,11.38425,11.00122,0.280662,0.155159,0.963154,185.75,ACCELERATING,ACCELERATING,0.005624,-0.103997,0.169061,NEUTRAL,,,24270.499167,58.899167,OK,STALE_UNDERLYING
NIFTY,2026-08-20,15:25,STALE,24211.6,10,OPTIONS_ACTIVE_UNDERLYING_STALE,UNDERLYING_UNAVAILABLE_OPTIONS_AVAILABLE,24300.0,88.8,97.125,-0.308729,0.465477,118964430.0,89869260.0,-34320.0,-58435.0,9.794248,5.769748,0.42764,-0.62404,0.00138,0.00227,-13.45058,-1.89546,11.38149,11.00839,0.225225,0.2574,0.957599,185.925,FLAT,ACCELERATING,-0.081069,0.100904,-0.102752,NEUTRAL,,,24269.727163,58.127163,OK,STALE_UNDERLYING
NIFTY,2026-08-20,15:26,STALE,24211.6,11,OPTIONS_ACTIVE_UNDERLYING_STALE,UNDERLYING_UNAVAILABLE_OPTIONS_AVAILABLE,24300.0,88.525,96.55,-0.309685,-0.592021,119171065.0,90079795.0,29965.0,-52715.0,9.777489,5.72897,0.4275,-0.62493,0.00138,0.00228,-13.43149,-1.84274,11.37999,10.99947,0.056481,0.207147,0.94626,185.075,RISING,ACCELERATING,0.062343,-0.008009,0.149361,NEUTRAL,,,24269.880159,58.280159,OK,STALE_UNDERLYING
NIFTY,2026-08-20,15:27,STALE,24211.6,12,OPTIONS_ACTIVE_UNDERLYING_STALE,UNDERLYING_UNAVAILABLE_OPTIONS_AVAILABLE,24300.0,88.525,96.6,0.0,0.051787,119421770.0,90322960.0,-10465.0,22555.0,9.765135,5.742724,0.42739,-0.62466,0.00139,0.00228,-13.41757,-1.86078,11.37865,11.00129,0.282406,0.207039,0.938216,185.125,FALLING,FLAT,-0.036083,0.013482,-0.062627,NEUTRAL,,,24270.058156,58.458156,OK,STALE_UNDERLYING
NIFTY,2026-08-20,15:28,STALE,24211.6,13,OPTIONS_ACTIVE_UNDERLYING_STALE,UNDERLYING_UNAVAILABLE_OPTIONS_AVAILABLE,24300.0,88.65,95.8,0.141203,-0.828157,119579655.0,90476880.0,-130.0,-26455.0,9.801095,5.670069,0.42766,-0.62625,0.00138,0.0023,-13.46033,-1.7665,11.37934,10.98575,0.225606,0.208768,0.93486,184.45,FLAT,ACCELERATING,0.044938,-0.218028,0.189693,NEUTRAL,,,24271.1831,59.5831,OK,STALE_UNDERLYING
NIFTY,2026-08-20,15:29,STALE,24211.6,14,OPTIONS_ACTIVE_UNDERLYING_STALE,UNDERLYING_UNAVAILABLE_OPTIONS_AVAILABLE,24300.0,89.625,95.925,1.099831,0.13048,119959450.0,90688195.0,-71825.0,-23140.0,9.867844,5.66563,0.42816,-0.62637,0.00137,0.00231,-13.53921,-1.7609,11.38122,10.98393,0.27894,0.156372,0.930458,185.55,ACCELERATING,FALLING,0.24009,-0.232106,0.307471,UP,,,24271.725134,60.125134,OK,STALE_UNDERLYING|INVALID_GREEKS
NIFTY,2026-08-20,15:30,CLOSING_STATE_UNCERTAIN,24231.85,15,CLOSING_STATE_UNCERTAIN,INSUFFICIENT_DATA,,,,,,,,,,,,,,,,,,,,,,,,,,,,,INSUFFICIENT_DATA,,,,,INVALID,MISSING_OPTION_DATA|STALE_UNDERLYING
SENSEX,2026-08-20,15:15,LIVE,77485.29,0,NORMAL_CONTINUOUS,OPTIONS_CONFIRM,77500.0,74.25,64.725,-0.033659,2.534653,427347280.0,444405000.0,0.0,0.0,9.837046,7.469987,0.48142,-0.52475,0.00201,0.00265,-170.37492,-110.37157,8.02162,8.01497,0.26936,0.38625,1.074619,138.975,RISING,FALLING,0.400003,-0.425349,0.608441,UP,,,77508.830865,23.540865,OK,INVALID_GREEKS
SENSEX,2026-08-20,15:16,STALE,77485.29,1,OPTIONS_ACTIVE_UNDERLYING_STALE,UNDERLYING_UNAVAILABLE_OPTIONS_AVAILABLE,77500.0,67.05,68.025,-9.69697,5.098494,430989000.0,447860840.0,-322780.0,-338740.0,8.959154,7.873167,0.47944,-0.52351,0.00221,0.00252,-156.2113,-117.16238,8.00832,8.0051,0.298285,0.367512,1.051065,135.075,ACCELERATING,ACCELERATING,-0.557501,-0.063324,-0.498048,DOWN,,,77497.765301,12.475301,OK,STALE_UNDERLYING
SENSEX,2026-08-20,15:17,STALE,77485.29,2,OPTIONS_ACTIVE_UNDERLYING_STALE,UNDERLYING_UNAVAILABLE_OPTIONS_AVAILABLE,77500.0,79.35,49.725,18.344519,-26.901874,434570740.0,454172380.0,0.0,0.0,10.504046,5.586029,0.48256,-0.5335,0.00189,0.00355,-181.76224,-79.65009,8.00012,7.97954,0.126024,0.301659,1.051065,129.075,ACCELERATING,ACCELERATING,0.661791,-0.612123,0.757971,UP,,,77531.250565,45.960565,OK,STALE_UNDERLYING|INVALID_GREEKS
SENSEX,2026-08-20,15:18,STALE,77485.29,3,OPTIONS_ACTIVE_UNDERLYING_STALE,UNDERLYING_UNAVAILABLE_OPTIONS_AVAILABLE,77500.0,66.2,57.675,-16.572149,15.987934,436798660.0,457540180.0,-142680.0,-389000.0,8.848489,6.634097,0.47904,-0.52821,0.00225,0.00299,-154.79942,-97.09822,7.98533,7.97636,0.302115,0.260078,1.025623,123.875,ACCELERATING,FALLING,-0.317862,-0.172282,0.106871,NEUTRAL,,,77509.259395,23.969395,OK,STALE_UNDERLYING|INVALID_GREEKS
SENSEX,2026-08-20,15:19,STALE,77485.29,4,OPTIONS_ACTIVE_UNDERLYING_STALE,UNDERLYING_UNAVAILABLE_OPTIONS_AVAILABLE,77500.0,61.525,57.55,-7.061934,-0.216732,438247360.0,459680840.0,0.0,0.0,8.285094,6.604957,0.47749,-0.52842,0.0024,0.00301,-145.72273,-96.76845,7.97223,7.96464,0.081268,0.347524,1.025623,119.075,DECELERATING,ACCELERATING,-0.170815,-0.000786,0.271519,UP,,,77504.594029,19.304029,OK,STALE_UNDERLYING|INVALID_GREEKS
SENSEX,2026-08-20,15:20,STALE,77485.29,5,OPTIONS_ACTIVE_UNDERLYING_STALE,UNDERLYING_UNAVAILABLE_OPTIONS_AVAILABLE,77500.0,65.95,56.6,7.192198,-1.650738,440062200.0,462128920.0,0.0,0.0,8.837955,6.456151,0.47889,-0.52918,0.00226,0.00308,-155.03517,-94.45432,7.96235,7.9523,0.30326,0.353357,1.025623,122.55,FALLING,RISING,-0.335745,0.246001,-0.527249,DOWN,,,77507.779528,22.489528,OK,STALE_UNDERLYING|INVALID_GREEKS
SENSEX,2026-08-20,15:21,STALE,77485.29,6,OPTIONS_ACTIVE_UNDERLYING_STALE,UNDERLYING_UNAVAILABLE_OPTIONS_AVAILABLE,77500.0,51.475,67.675,-21.948446,19.567138,444687240.0,468581900.0,200100.0,-226580.0,7.04585,7.842763,0.47324,-0.52397,0.00283,0.00254,-125.60461,-117.5616,7.94434,7.94778,0.291404,0.369413,0.97882,119.15,ACCELERATING,ACCELERATING,-0.682106,0.451761,-0.711289,DOWN,,,77483.938853,-1.351147,OK,STALE_UNDERLYING
SENSEX,2026-08-20,15:22,STALE,77485.29,7,OPTIONS_ACTIVE_UNDERLYING_STALE,UNDERLYING_UNAVAILABLE_OPTIONS_AVAILABLE,77500.0,42.25,62.175,-17.921321,-8.127078,448649820.0,471603880.0,0.0,0.0,5.884014,7.210396,0.46774,-0.52622,0.00339,0.00277,-106.47319,-107.2669,7.92478,7.93348,0.473373,0.402091,0.97882,104.425,DECELERATING,RISING,-0.518357,0.379725,-0.632694,DOWN,,,77481.873623,-3.416377,OK,STALE_UNDERLYING
SENSEX,2026-08-20,15:23,STALE,77485.29,8,OPTIONS_ACTIVE_UNDERLYING_STALE,UNDERLYING_UNAVAILABLE_OPTIONS_AVAILABLE,77500.0,36.875,68.3,-12.721893,9.851226,452691480.0,474122420.0,0.0,0.0,5.223351,7.976927,0.46349,-0.5237,0.00382,0.00251,-95.58788,-120.1506,7.90603,7.92531,0.40678,0.439239,0.97882,105.175,DECELERATING,ACCELERATING,-0.480682,0.237805,-0.572829,DOWN,,,77468.832737,-16.457263,OK,STALE_UNDERLYING|INVALID_GREEKS
SENSEX,2026-08-20,15:24,STALE,77485.29,9,OPTIONS_ACTIVE_UNDERLYING_STALE,UNDERLYING_UNAVAILABLE_OPTIONS_AVAILABLE,77500.0,28.8,77.775,-21.898305,13.872621,458104540.0,477990740.0,979780.0,-620160.0,4.204694,9.16876,0.45442,-0.52057,0.00474,0.00219,-78.6106,-140.11546,7.876,7.91725,0.347222,0.32144,1.002978,106.575,ACCELERATING,ACCELERATING,-0.608994,0.34651,-0.651835,DOWN,,,77451.517791,-33.772209,OK,STALE_UNDERLYING|INVALID_GREEKS
SENSEX,2026-08-20,15:25,STALE,77485.29,10,OPTIONS_ACTIVE_UNDERLYING_STALE,UNDERLYING_UNAVAILABLE_OPTIONS_AVAILABLE,77500.0,47.925,52.375,66.40625,-32.658309,464255580.0,482742440.0,0.0,0.0,6.602772,5.96573,0.47105,-0.5321,0.00304,0.00336,-118.87845,-87.01405,7.89544,7.89079,0.730308,0.286396,1.002978,100.3,ACCELERATING,ACCELERATING,0.469896,-0.495565,0.655153,UP,,,77494.577017,9.287017,OK,STALE_UNDERLYING|INVALID_GREEKS
SENSEX,2026-08-20,15:26,STALE,77485.29,11,OPTIONS_ACTIVE_UNDERLYING_STALE,UNDERLYING_UNAVAILABLE_OPTIONS_AVAILABLE,77500.0,30.45,39.2,-36.463224,-25.155131,470239060.0,487064380.0,315840.0,-11660.0,4.454038,4.289619,0.45673,-0.54494,0.00449,0.00466,-83.00803,-59.00276,7.85841,7.85465,0.656814,1.27551,0.979986,69.65,ACCELERATING,DECELERATING,-0.576715,-0.106963,0.176749,NEUTRAL,,,77493.686613,8.396613,OK,STALE_UNDERLYING|INVALID_GREEKS
SENSEX,2026-08-20,15:27,STALE,77485.29,12,OPTIONS_ACTIVE_UNDERLYING_STALE,UNDERLYING_UNAVAILABLE_OPTIONS_AVAILABLE,77500.0,58.6,21.05,92.446634,-46.30102,477624940.0,494760640.0,0.0,0.0,7.982215,1.982499,0.47603,-0.59713,0.00252,0.00987,-142.22227,-19.21483,7.87914,7.65837,1.023891,0.475059,0.979986,79.65,ACCELERATING,ACCELERATING,0.427254,-0.391544,0.606266,UP,,,77537.171192,51.881192,OK,STALE_UNDERLYING|INVALID_GREEKS
SENSEX,2026-08-20,15:28,STALE,77485.29,13,OPTIONS_ACTIVE_UNDERLYING_STALE,UNDERLYING_UNAVAILABLE_OPTIONS_AVAILABLE,77500.0,52.95,16.775,-9.641638,-20.308789,485907820.0,503721000.0,0.0,0.0,7.308346,1.441882,0.47367,-0.63281,0.00276,0.01322,-131.15121,-9.16823,7.86465,7.44098,0.188857,0.894188,0.979986,69.725,RISING,DECELERATING,0.321484,-0.014329,0.445271,UP,,,77537.730881,52.440881,OK,STALE_UNDERLYING|INVALID_GREEKS
SENSEX,2026-08-20,15:29,STALE,77485.29,14,OPTIONS_ACTIVE_UNDERLYING_STALE,UNDERLYING_UNAVAILABLE_OPTIONS_AVAILABLE,77500.0,43.225,4.825,-18.366383,-71.23696,492737420.0,515569800.0,-1179560.0,785780.0,6.071497,,0.46808,,0.00332,,-110.5836,,7.84503,,0.578369,1.036269,0.976592,48.05,RISING,ACCELERATING,0.544152,-0.438017,0.660723,UP,,,,,INVALID,STALE_UNDERLYING|INVALID_GREEKS
SENSEX,2026-08-20,15:30,CLOSING_STATE_UNCERTAIN,77537.72,15,CLOSING_STATE_UNCERTAIN,INSUFFICIENT_DATA,,,,,,,,,,,,,,,,,,,,,,,,,,,,,INSUFFICIENT_DATA,,,,,INVALID,MISSING_OPTION_DATA|STALE_UNDERLYING
NIFTY,2026-08-21,15:15,LIVE,24234.75,0,NORMAL_CONTINUOUS,DIVERGENCE,24300.0,74.075,84.6,1.229928,-2.450274,247854035.0,218957505.0,-93600.0,-131430.0,8.749395,6.182509,0.43765,-0.58918,0.00172,0.00241,-13.4977,-3.46607,10.30042,10.16641,0.202497,0.236407,0.906479,158.675,ACCELERATING,ACCELERATING,0.137418,-0.533827,0.426079,UP,,,24271.583619,36.833619,OK,OK
NIFTY,2026-08-21,15:16,STALE,24234.75,1,OPTIONS_ACTIVE_UNDERLYING_STALE,UNDERLYING_UNAVAILABLE_OPTIONS_AVAILABLE,24300.0,73.25,85.575,-1.113736,1.152482,248321125.0,219421410.0,-202020.0,-232375.0,8.667759,6.261416,0.43702,-0.58806,0.00174,0.00238,-13.39293,-3.57319,10.29698,10.17214,0.273038,0.292141,0.900788,158.825,ACCELERATING,FALLING,-0.031128,-0.099001,0.046885,NEUTRAL,,,24269.776081,35.026081,OK,STALE_UNDERLYING
NIFTY,2026-08-21,15:17,STALE,24234.75,2,OPTIONS_ACTIVE_UNDERLYING_STALE,UNDERLYING_UNAVAILABLE_OPTIONS_AVAILABLE,24300.0,73.325,86.075,0.102389,0.584283,248672320.0,219760970.0,-36660.0,-77805.0,8.692935,6.305892,0.4372,-0.58744,0.00173,0.00236,-13.42619,-3.63365,10.29688,10.17486,0.204569,0.290444,0.900134,159.4,FLAT,FALLING,-0.041587,-0.16806,0.127425,NEUTRAL,,,24269.289588,34.539588,OK,STALE_UNDERLYING
NIFTY,2026-08-21,15:18,STALE,24234.75,3,OPTIONS_ACTIVE_UNDERLYING_STALE,UNDERLYING_UNAVAILABLE_OPTIONS_AVAILABLE,24300.0,73.35,85.2,0.034095,-1.016555,248976845.0,219990095.0,-54405.0,-15600.0,8.693846,6.222567,0.43719,-0.58865,0.00173,0.00239,-13.42809,-3.52149,10.29601,10.16702,0.136333,0.234742,0.900081,158.55,FALLING,RISING,-0.214847,-0.021478,-0.192486,NEUTRAL,,,24270.342572,35.592572,OK,STALE_UNDERLYING
NIFTY,2026-08-21,15:19,STALE,24234.75,4,OPTIONS_ACTIVE_UNDERLYING_STALE,UNDERLYING_UNAVAILABLE_OPTIONS_AVAILABLE,24300.0,73.375,85.275,0.034083,0.088028,249355015.0,220296700.0,-105690.0,-65195.0,8.689887,6.247394,0.43715,-0.58831,0.00174,0.00238,-13.42368,-3.55548,10.295,10.16817,0.068143,0.175901,0.899305,158.65,FLAT,FLAT,-0.056939,-0.141552,0.083302,NEUTRAL,,,24270.142198,35.392198,OK,STALE_UNDERLYING
NIFTY,2026-08-21,15:20,STALE,24234.75,5,OPTIONS_ACTIVE_UNDERLYING_STALE,UNDERLYING_UNAVAILABLE_OPTIONS_AVAILABLE,24300.0,73.425,81.725,0.068143,-4.163002,249890485.0,220895675.0,-117130.0,-82420.0,8.690799,5.902884,0.43714,-0.59354,0.00173,0.00252,-13.42559,-3.08769,10.29412,10.1359,0.20429,0.305904,0.900478,155.15,FLAT,ACCELERATING,-0.166038,-0.371148,0.357313,UP,,,24273.638217,38.888217,OK,STALE_UNDERLYING
NIFTY,2026-08-21,15:21,STALE,24234.75,6,OPTIONS_ACTIVE_UNDERLYING_STALE,UNDERLYING_UNAVAILABLE_OPTIONS_AVAILABLE,24300.0,73.425,83.325,0.0,1.957785,250383835.0,221356265.0,-182325.0,-133120.0,8.696549,6.055913,0.43717,-0.59117,0.00173,0.00246,-13.43373,-3.29665,10.29342,10.14954,0.068097,0.180018,0.894617,156.75,FLAT,FALLING,-0.02711,-0.180901,0.217148,NEUTRAL,,,24271.808888,37.058888,OK,STALE_UNDERLYING
NIFTY,2026-08-21,15:22,STALE,24234.75,7,OPTIONS_ACTIVE_UNDERLYING_STALE,UNDERLYING_UNAVAILABLE_OPTIONS_AVAILABLE,24300.0,71.525,84.25,-2.587674,1.110111,251659655.0,222078415.0,15730.0,-2730.0,8.517677,6.149712,0.43577,-0.58979,0.00177,0.00242,-13.20292,-3.42443,10.28672,10.15699,0.069906,0.237389,0.896783,155.775,ACCELERATING,FALLING,-0.442603,-0.265544,-0.165348,MIXED,,,24269.22951,34.47951,OK,STALE_UNDERLYING
NIFTY,2026-08-21,15:23,STALE,24234.75,8,OPTIONS_ACTIVE_UNDERLYING_STALE,UNDERLYING_UNAVAILABLE_OPTIONS_AVAILABLE,24300.0,72.375,84.05,1.188396,-0.237389,252148260.0,222386840.0,-439465.0,-113295.0,8.586617,6.120403,0.4363,-0.59024,0.00176,0.00243,-13.29293,-3.38507,10.28809,10.15346,0.207254,0.118977,0.903131,156.425,FALLING,RISING,-0.208525,0.168532,-0.389013,DOWN,,,24270.707495,35.957495,OK,STALE_UNDERLYING
NIFTY,2026-08-21,15:24,STALE,24234.75,9,OPTIONS_ACTIVE_UNDERLYING_STALE,UNDERLYING_UNAVAILABLE_OPTIONS_AVAILABLE,24300.0,72.25,83.95,-0.172712,-0.118977,252716165.0,222728415.0,-24310.0,-32435.0,8.582652,6.120635,0.43626,-0.59026,0.00176,0.00243,-13.2885,-3.38578,10.28706,10.15254,0.276817,0.119119,0.902284,156.2,ACCELERATING,RISING,-0.166278,0.190893,-0.296151,DOWN,,,24270.585479,35.835479,OK,STALE_UNDERLYING
NIFTY,2026-08-21,15:25,STALE,24234.75,10,OPTIONS_ACTIVE_UNDERLYING_STALE,UNDERLYING_UNAVAILABLE_OPTIONS_AVAILABLE,24300.0,72.75,84.1,0.692042,0.178678,253252805.0,223160925.0,-84760.0,-76895.0,8.622442,6.115943,0.43655,-0.59034,0.00175,0.00243,-13.34074,-3.37981,10.28745,10.15117,0.274914,0.237812,0.899879,156.85,ACCELERATING,FLAT,0.108282,-0.077088,0.200763,NEUTRAL,,,24270.788464,36.038464,OK,STALE_UNDERLYING
NIFTY,2026-08-21,15:26,STALE,24234.75,11,OPTIONS_ACTIVE_UNDERLYING_STALE,UNDERLYING_UNAVAILABLE_OPTIONS_AVAILABLE,24300.0,72.3,83.825,-0.618557,-0.326992,253757010.0,223614300.0,-151385.0,-205075.0,8.58444,6.111244,0.43624,-0.59043,0.00176,0.00244,-13.29223,-3.37381,10.28533,10.14982,0.276625,0.29824,0.897478,156.125,FLAT,FLAT,0.015012,-0.108649,0.04518,NEUTRAL,,,24270.466448,35.716448,OK,STALE_UNDERLYING
NIFTY,2026-08-21,15:27,STALE,24234.75,12,OPTIONS_ACTIVE_UNDERLYING_STALE,UNDERLYING_UNAVAILABLE_OPTIONS_AVAILABLE,24300.0,71.625,84.425,-0.93361,0.715777,254359690.0,224008915.0,-257205.0,-230555.0,8.522131,6.165656,0.43574,-0.58965,0.00177,0.00241,-13.21219,-3.44806,10.28237,10.15368,0.209424,0.177672,0.89514,156.05,ACCELERATING,ACCELERATING,-0.143842,-0.138859,-0.09648,NEUTRAL,,,24269.301943,34.551943,OK,STALE_UNDERLYING
NIFTY,2026-08-21,15:28,STALE,24234.75,13,OPTIONS_ACTIVE_UNDERLYING_STALE,UNDERLYING_UNAVAILABLE_OPTIONS_AVAILABLE,24300.0,70.475,85.225,-1.605585,0.947587,255042580.0,224521505.0,-273780.0,-99060.0,8.420883,6.234819,0.43492,-0.58866,0.00179,0.00239,-13.08155,-3.54218,10.27803,10.15866,0.070947,0.058668,0.895557,155.7,ACCELERATING,RISING,-0.277835,0.141312,-0.393883,DOWN,,,24267.654952,32.904952,OK,STALE_UNDERLYING
NIFTY,2026-08-21,15:29,STALE,24234.75,14,OPTIONS_ACTIVE_UNDERLYING_STALE,UNDERLYING_UNAVAILABLE_OPTIONS_AVAILABLE,24300.0,72.275,83.475,2.554097,-2.053388,255685690.0,225111770.0,-235105.0,-213200.0,8.606594,6.052791,0.43637,-0.59137,0.00175,0.00246,-13.32306,-3.29551,10.28334,10.14169,0.345901,0.299491,0.890873,155.75,FLAT,FLAT,0.045848,-0.167095,0.123265,NEUTRAL,,,24270.957962,36.207962,OK,STALE_UNDERLYING
NIFTY,2026-08-21,15:30,CLOSING_STATE_UNCERTAIN,24252.0,15,CLOSING_STATE_UNCERTAIN,INSUFFICIENT_DATA,,,,,,,,,,,,,,,,,,,,,,,,,,,,,INSUFFICIENT_DATA,,,,,INVALID,MISSING_OPTION_DATA|STALE_UNDERLYING
SENSEX,2026-08-21,15:15,LIVE,77522.47,0,NORMAL_CONTINUOUS,OPTIONS_CONFIRM,77700.0,390.875,350.175,1.073114,-1.732847,8539380.0,9568560.0,0.0,0.0,10.180614,8.090762,0.4854,-0.5196,0.00039,0.00049,-43.15086,-15.03897,40.4308,40.40908,0.268628,0.071393,1.109366,741.05,ACCELERATING,ACCELERATING,0.33566,-0.305364,0.377014,UP,,,77655.839484,133.369484,OK,OK
SENSEX,2026-08-21,15:16,STALE,77522.47,1,OPTIONS_ACTIVE_UNDERLYING_STALE,UNDERLYING_UNAVAILABLE_OPTIONS_AVAILABLE,77700.0,388.85,352.55,-0.518068,0.678232,8563800.0,9589280.0,409520.0,-5700.0,10.16278,8.159079,0.48536,-0.5194,0.00039,0.00048,-43.09411,-15.26535,40.42846,40.40777,0.231452,0.255283,0.947584,741.4,RISING,FALLING,0.095475,-0.193725,0.165754,NEUTRAL,,,77652.035177,129.565177,OK,STALE_UNDERLYING
SENSEX,2026-08-21,15:17,STALE,77522.47,2,OPTIONS_ACTIVE_UNDERLYING_STALE,UNDERLYING_UNAVAILABLE_OPTIONS_AVAILABLE,77700.0,389.9,356.275,0.270027,1.056588,8580420.0,9605640.0,0.0,0.0,10.173431,8.252146,0.48537,-0.51915,0.00039,0.00048,-43.13069,-15.57318,40.42622,40.40682,0.256476,0.294716,0.947584,746.175,ACCELERATING,FLAT,0.100786,-0.099026,0.146069,NEUTRAL,,,77649.826778,127.356778,OK,STALE_UNDERLYING
SENSEX,2026-08-21,15:18,STALE,77522.47,3,OPTIONS_ACTIVE_UNDERLYING_STALE,UNDERLYING_UNAVAILABLE_OPTIONS_AVAILABLE,77700.0,391.575,354.9,0.429597,-0.385938,8597760.0,9618380.0,-10220.0,-6680.0,10.213755,8.204153,0.48545,-0.51929,0.00038,0.00048,-43.26435,-15.41638,40.42423,40.40385,0.165996,0.056354,0.944102,746.475,FLAT,RISING,0.115939,-0.028867,-0.02096,NEUTRAL,,,77653.368355,130.898355,OK,STALE_UNDERLYING
SENSEX,2026-08-21,15:19,STALE,77522.47,4,OPTIONS_ACTIVE_UNDERLYING_STALE,UNDERLYING_UNAVAILABLE_OPTIONS_AVAILABLE,77700.0,393.4,353.925,0.466067,-0.274725,8614760.0,9630080.0,0.0,0.0,10.26769,8.167292,0.48554,-0.51941,0.00038,0.00048,-43.44257,-15.29621,40.42233,40.40102,0.025419,0.211909,0.944102,747.325,RISING,FLAT,0.007385,0.044005,0.060821,NEUTRAL,,,77655.839122,133.369122,OK,STALE_UNDERLYING
SENSEX,2026-08-21,15:20,STALE,77522.47,5,OPTIONS_ACTIVE_UNDERLYING_STALE,UNDERLYING_UNAVAILABLE_OPTIONS_AVAILABLE,77700.0,387.725,355.525,-1.442552,0.452073,8638920.0,9635320.0,0.0,0.0,10.121233,8.217049,0.48525,-0.51927,0.00039,0.00048,-42.96483,-15.46137,40.41899,40.39954,0.141853,0.098446,0.944102,743.25,ACCELERATING,FLAT,-0.12038,-0.074017,-0.043397,NEUTRAL,,,77647.966854,125.496854,OK,STALE_UNDERLYING
SENSEX,2026-08-21,15:21,STALE,77522.47,6,OPTIONS_ACTIVE_UNDERLYING_STALE,UNDERLYING_UNAVAILABLE_OPTIONS_AVAILABLE,77700.0,389.4,353.1,0.432007,-0.68209,8658560.0,9646600.0,-21460.0,-10200.0,10.155363,8.155439,0.48531,-0.51946,0.00039,0.00048,-43.07822,-15.25967,40.417,40.39629,0.128403,0.226565,0.947208,742.5,FALLING,ACCELERATING,0.00445,-0.040717,-0.00414,NEUTRAL,,,77651.572225,129.102225,OK,STALE_UNDERLYING
SENSEX,2026-08-21,15:22,STALE,77522.47,7,OPTIONS_ACTIVE_UNDERLYING_STALE,UNDERLYING_UNAVAILABLE_OPTIONS_AVAILABLE,77700.0,381.9,351.475,-1.92604,-0.46021,8694580.0,9662100.0,0.0,0.0,9.995271,8.130947,0.48499,-0.51954,0.00039,0.00048,-42.55561,-15.18021,40.41351,40.39363,0.183294,0.184935,0.947208,733.375,ACCELERATING,FALLING,-0.515238,-0.167924,-0.283277,DOWN,,,77646.481848,124.011848,OK,STALE_UNDERLYING
SENSEX,2026-08-21,15:23,STALE,77522.47,8,OPTIONS_ACTIVE_UNDERLYING_STALE,UNDERLYING_UNAVAILABLE_OPTIONS_AVAILABLE,77700.0,385.125,350.425,0.844462,-0.298741,8718460.0,9670160.0,0.0,0.0,10.055394,8.106447,0.4851,-0.51962,0.00039,0.00048,-42.75419,-15.10069,40.41169,40.39101,0.194742,0.214026,0.947208,735.55,FALLING,FALLING,-0.015393,-0.171004,0.118889,NEUTRAL,,,77650.766472,128.296472,OK,STALE_UNDERLYING
SENSEX,2026-08-21,15:24,STALE,77522.47,9,OPTIONS_ACTIVE_UNDERLYING_STALE,UNDERLYING_UNAVAILABLE_OPTIONS_AVAILABLE,77700.0,383.875,348.125,-0.32457,-0.656346,8735220.0,9680840.0,-5300.0,-4340.0,10.02396,8.029953,0.48503,-0.51985,0.00039,0.00049,-42.65288,-14.8497,40.40917,40.38757,0.117226,0.21544,0.937104,732.0,ACCELERATING,ACCELERATING,-0.307708,-0.210367,-0.026581,NEUTRAL,,,77651.501095,129.031095,OK,STALE_UNDERLYING
SENSEX,2026-08-21,15:25,STALE,77522.47,10,OPTIONS_ACTIVE_UNDERLYING_STALE,UNDERLYING_UNAVAILABLE_OPTIONS_AVAILABLE,77700.0,383.25,348.025,-0.162813,-0.028725,8747560.0,9690660.0,0.0,0.0,10.014797,8.036396,0.485,-0.51984,0.00039,0.00049,-42.62451,-14.87217,40.40681,40.3854,0.130463,0.129301,0.937104,731.275,FLAT,DECELERATING,0.007602,-0.05846,0.13089,NEUTRAL,,,77650.997011,128.527011,OK,STALE_UNDERLYING
SENSEX,2026-08-21,15:26,STALE,77522.47,11,OPTIONS_ACTIVE_UNDERLYING_STALE,UNDERLYING_UNAVAILABLE_OPTIONS_AVAILABLE,77700.0,381.475,345.35,-0.463144,-0.768623,8766300.0,9711020.0,-6440.0,-13140.0,9.97097,7.979698,0.48491,-0.52002,0.00039,0.00049,-42.48254,-14.68637,40.40423,40.38223,0.144177,0.202693,0.933002,726.825,ACCELERATING,ACCELERATING,-0.169199,-0.329699,0.08629,NEUTRAL,,,77652.131659,129.661659,OK,STALE_UNDERLYING
SENSEX,2026-08-21,15:27,STALE,77522.47,12,OPTIONS_ACTIVE_UNDERLYING_STALE,UNDERLYING_UNAVAILABLE_OPTIONS_AVAILABLE,77700.0,381.375,349.25,-0.026214,1.129289,8785300.0,9723080.0,0.0,0.0,9.964278,8.074057,0.48489,-0.51975,0.00039,0.00049,-42.46226,-14.9989,40.40189,40.38136,0.222878,0.114531,0.933002,730.625,DECELERATING,FLAT,-0.010233,-0.141816,-0.037749,NEUTRAL,,,77648.254966,125.784966,OK,STALE_UNDERLYING
SENSEX,2026-08-21,15:28,STALE,77522.47,13,OPTIONS_ACTIVE_UNDERLYING_STALE,UNDERLYING_UNAVAILABLE_OPTIONS_AVAILABLE,77700.0,379.55,350.825,-0.478532,0.450966,8796340.0,9732500.0,0.0,0.0,9.913016,8.091652,0.48478,-0.5197,0.0004,0.00049,-42.29587,-15.05819,40.39925,40.37931,0.158082,0.213782,0.933002,730.375,ACCELERATING,DECELERATING,-0.025362,0.239259,-0.231489,NEUTRAL,,,77645.075955,122.605955,OK,STALE_UNDERLYING
SENSEX,2026-08-21,15:29,STALE,77522.47,14,OPTIONS_ACTIVE_UNDERLYING_STALE,UNDERLYING_UNAVAILABLE_OPTIONS_AVAILABLE,77700.0,382.925,348.375,0.889211,-0.698354,8807000.0,9742380.0,-8520.0,-12620.0,10.002874,8.031225,0.48495,-0.51989,0.00039,0.00049,-42.59202,-14.86006,40.39763,40.37618,0.24809,0.129171,0.918312,731.3,FLAT,RISING,0.2323,0.175999,-0.017956,NEUTRAL,,,77650.592408,128.122408,OK,STALE_UNDERLYING
SENSEX,2026-08-21,15:30,CLOSING_STATE_UNCERTAIN,77540.83,15,CLOSING_STATE_UNCERTAIN,INSUFFICIENT_DATA,,,,,,,,,,,,,,,,,,,,,,,,,,,,,INSUFFICIENT_DATA,,,,,INVALID,MISSING_OPTION_DATA|STALE_UNDERLYING
NIFTY,2026-08-25,15:15,LIVE,24260.05,0,NORMAL_CONTINUOUS,DIVERGENCE,24250.0,25.85,17.45,-9.298246,8.892356,1200029090.0,472185675.0,51935.0,-455000.0,7.759886,9.05892,0.59486,-0.41842,0.00793,0.00684,-42.43103,-42.4838,2.44245,2.46111,0.386847,0.573066,1.255366,43.3,ACCELERATING,ACCELERATING,-0.1709,0.534158,-0.568352,DOWN,,,24258.555062,-1.494938,OK,INVALID_GREEKS
NIFTY,2026-08-25,15:16,STALE,24260.05,1,OPTIONS_ACTIVE_UNDERLYING_STALE,UNDERLYING_UNAVAILABLE_OPTIONS_AVAILABLE,24250.0,22.45,16.675,-13.152805,-4.441261,1210060540.0,481430755.0,-921245.0,-103415.0,6.36922,8.765577,0.615,-0.41567,0.00954,0.00707,-35.27614,-41.03388,2.40527,2.45401,0.445434,0.29985,1.261517,39.125,ACCELERATING,RISING,-0.184136,0.137448,-0.440526,DOWN,,,24256.070515,-3.979485,OK,STALE_UNDERLYING|INVALID_GREEKS
NIFTY,2026-08-25,15:17,STALE,24260.05,2,OPTIONS_ACTIVE_UNDERLYING_STALE,UNDERLYING_UNAVAILABLE_OPTIONS_AVAILABLE,24250.0,25.35,12.625,12.917595,-24.287856,1216848295.0,490121840.0,290680.0,-103545.0,7.558025,7.115806,0.59751,-0.39661,0.00815,0.00862,-41.4908,-32.55447,2.43151,2.42211,0.394477,0.39604,1.247451,37.975,FALLING,ACCELERATING,-0.1081,-0.406167,0.423839,UP,,,24263.336094,3.286094,OK,STALE_UNDERLYING|INVALID_GREEKS
NIFTY,2026-08-25,15:18,STALE,24260.05,3,OPTIONS_ACTIVE_UNDERLYING_STALE,UNDERLYING_UNAVAILABLE_OPTIONS_AVAILABLE,24250.0,26.25,11.025,3.550296,-12.673267,1220504220.0,494616135.0,131690.0,949065.0,7.940051,6.461346,0.59304,-0.38637,0.00779,0.00944,-43.52377,-29.19735,2.43482,2.40096,0.380952,0.453515,1.2499,37.275,DECELERATING,DECELERATING,-0.131981,-0.360544,0.409521,UP,,,24265.238938,5.188938,OK,STALE_UNDERLYING|INVALID_GREEKS
NIFTY,2026-08-25,15:19,STALE,24260.05,4,OPTIONS_ACTIVE_UNDERLYING_STALE,UNDERLYING_UNAVAILABLE_OPTIONS_AVAILABLE,24250.0,27.925,9.8,6.380952,-11.111111,1228751225.0,505697530.0,-1170520.0,166985.0,8.691121,5.988593,0.58528,-0.3776,0.00716,0.01013,-47.47401,-26.7708,2.4423,2.38104,0.179051,1.020408,1.242714,37.725,ACCELERATING,DECELERATING,0.178583,-0.509357,0.562647,UP,,,24268.092012,8.042012,OK,STALE_UNDERLYING|INVALID_GREEKS
NIFTY,2026-08-25,15:20,STALE,24260.05,5,OPTIONS_ACTIVE_UNDERLYING_STALE,UNDERLYING_UNAVAILABLE_OPTIONS_AVAILABLE,24300.0,9.375,27.875,44.787645,-27.503251,1074798595.0,248443390.0,172185.0,121030.0,9.510497,,0.26028,,0.00545,,-41.50045,,2.03064,,0.533333,0.179372,1.0673,37.25,ACCELERATING,ACCELERATING,0.610555,-0.200732,0.603762,UP,,,,,INVALID,STALE_UNDERLYING|INVALID_GREEKS
NIFTY,2026-08-25,15:21,STALE,24260.05,6,OPTIONS_ACTIVE_UNDERLYING_STALE,UNDERLYING_UNAVAILABLE_OPTIONS_AVAILABLE,24300.0,26.725,7.825,185.066667,-71.928251,1103537500.0,261890525.0,-4330040.0,1130090.0,17.270871,,0.36212,,0.00347,,-85.94561,,2.34216,,0.935454,1.916933,1.165768,34.55,ACCELERATING,ACCELERATING,0.711336,-0.57105,0.760796,UP,,,,,INVALID,STALE_UNDERLYING|INVALID_GREEKS
NIFTY,2026-08-25,15:22,STALE,24260.05,7,OPTIONS_ACTIVE_UNDERLYING_STALE,UNDERLYING_UNAVAILABLE_OPTIONS_AVAILABLE,24300.0,23.75,6.625,-11.131899,-15.335463,1122368260.0,276829865.0,-4422405.0,1834495.0,16.093514,,0.35216,,0.0037,,-79.53751,,2.31604,,0.421053,0.754717,1.260999,30.375,RISING,DECELERATING,0.670996,-0.454312,0.708436,UP,,,,,INVALID,STALE_UNDERLYING|INVALID_GREEKS
NIFTY,2026-08-25,15:23,STALE,24260.05,8,OPTIONS_ACTIVE_UNDERLYING_STALE,UNDERLYING_UNAVAILABLE_OPTIONS_AVAILABLE,24300.0,20.175,8.625,-15.052632,30.188679,1134537950.0,288672670.0,282035.0,1627340.0,14.505009,,0.33645,,0.00404,,-70.73444,,2.27341,,0.247831,0.57971,1.212975,28.8,RISING,FALLING,0.487635,-0.199138,0.562258,UP,,,,,INVALID,STALE_UNDERLYING|INVALID_GREEKS
NIFTY,2026-08-25,15:24,STALE,24260.05,9,OPTIONS_ACTIVE_UNDERLYING_STALE,UNDERLYING_UNAVAILABLE_OPTIONS_AVAILABLE,24300.0,18.6,7.075,-7.806691,-17.971014,1144256490.0,298486760.0,775970.0,1638260.0,13.840782,,0.32877,,0.0042,,-67.04525,,2.24947,,0.537634,0.706714,1.193419,25.675,DECELERATING,ACCELERATING,-0.28014,-0.169184,-0.370318,DOWN,,,,,INVALID,STALE_UNDERLYING|INVALID_GREEKS
NIFTY,2026-08-25,15:25,STALE,24260.05,10,OPTIONS_ACTIVE_UNDERLYING_STALE,UNDERLYING_UNAVAILABLE_OPTIONS_AVAILABLE,24300.0,19.375,6.075,4.166667,-14.134276,1159042950.0,316156815.0,-446485.0,1894100.0,14.194619,,0.33256,,0.00412,,-69.13071,,2.25654,,0.774194,0.823045,1.218158,25.45,FALLING,DECELERATING,-0.409085,-0.333942,-0.35838,MIXED,,,,,INVALID,STALE_UNDERLYING|INVALID_GREEKS
NIFTY,2026-08-25,15:26,STALE,24260.05,11,OPTIONS_ACTIVE_UNDERLYING_STALE,UNDERLYING_UNAVAILABLE_OPTIONS_AVAILABLE,24300.0,19.15,3.3,-1.16129,-45.679012,1171857245.0,333156135.0,810420.0,-495105.0,14.171449,,0.33205,,0.00413,,-69.07427,,2.25191,,0.522193,3.030303,1.161612,22.45,ACCELERATING,ACCELERATING,-0.327369,-0.425754,0.366117,MIXED,,,,,INVALID,STALE_UNDERLYING|INVALID_GREEKS|WIDE_SPREAD
NIFTY,2026-08-25,15:27,STALE,24260.05,12,OPTIONS_ACTIVE_UNDERLYING_STALE,UNDERLYING_UNAVAILABLE_OPTIONS_AVAILABLE,24300.0,24.675,1.675,28.851175,-49.242424,1181508575.0,353340780.0,-643370.0,2044055.0,16.64861,,0.35582,,0.00361,,-83.10504,,2.30777,,0.607903,2.985075,1.19583,26.35,ACCELERATING,ACCELERATING,-0.007535,-0.52928,0.507248,UP,,,,,INVALID,STALE_UNDERLYING|INVALID_GREEKS
NIFTY,2026-08-25,15:28,CLOSING_STATE_UNCERTAIN,24334.55,13,CLOSING_STATE_UNCERTAIN,UNDERLYING_UNAVAILABLE_OPTIONS_AVAILABLE,24350.0,0.125,15.55,-54.545455,-46.286701,753814945.0,78522795.0,-862875.0,377520.0,1.220592,2.593175,0.03357,-0.80551,0.00986,0.01711,-1.4155,-3.95956,0.4632,1.70768,40.0,0.643087,1.072028,15.675,DECELERATING,ACCELERATING,-0.379017,-0.562029,0.394337,MIXED,,,,,INVALID,STALE_UNDERLYING|INVALID_GREEKS|WIDE_SPREAD
NIFTY,2026-08-25,15:29,CLOSING_STATE_UNCERTAIN,24334.55,14,CLOSING_STATE_UNCERTAIN,UNDERLYING_UNAVAILABLE_OPTIONS_AVAILABLE,24350.0,0.075,15.575,-40.0,0.160772,767351845.0,82971070.0,2941120.0,919100.0,1.091399,2.535556,0.02013,-0.81128,0.0072,0.01721,-0.82993,-3.55984,0.30157,1.67406,66.666667,0.321027,1.051612,15.65,DECELERATING,FALLING,-0.353048,-0.750002,0.465652,MIXED,,,,,INVALID,STALE_UNDERLYING|INVALID_GREEKS|WIDE_SPREAD
NIFTY,2026-08-25,15:30,STALE,24334.55,15,UNDERLYING_STALE,INSUFFICIENT_DATA,,,,,,,,,,,,,,,,,,,,,,,,,,,,,INSUFFICIENT_DATA,,,,,INVALID,MISSING_OPTION_DATA|STALE_UNDERLYING
SENSEX,2026-08-25,15:15,LIVE,77529.94,0,NORMAL_CONTINUOUS,OPTIONS_CONFIRM,77800.0,230.25,273.7,-7.297433,6.820178,11234140.0,2702320.0,0.0,0.0,13.545097,5.515011,0.39589,-0.74515,0.00047,0.00096,-78.99646,-8.06495,23.43329,19.52452,0.260586,0.292291,0.866295,503.95,ACCELERATING,ACCELERATING,-0.611059,0.64523,-0.728929,DOWN,,,77728.861871,198.921871,OK,INVALID_GREEKS
SENSEX,2026-08-25,15:16,STALE,77529.94,1,OPTIONS_ACTIVE_UNDERLYING_STALE,UNDERLYING_UNAVAILABLE_OPTIONS_AVAILABLE,77800.0,246.375,255.25,7.003257,-6.740957,11304380.0,2733540.0,-48940.0,5800.0,14.254695,4.5611,0.40115,-0.78762,0.00045,0.00105,-83.07754,-1.11676,23.51189,17.64229,0.304414,0.313418,0.885045,501.625,FLAT,RISING,-0.052174,0.371913,-0.153784,NEUTRAL,,,77762.921477,232.981477,OK,STALE_UNDERLYING|INVALID_GREEKS
SENSEX,2026-08-25,15:17,STALE,77529.94,2,OPTIONS_ACTIVE_UNDERLYING_STALE,UNDERLYING_UNAVAILABLE_OPTIONS_AVAILABLE,77800.0,242.25,257.875,-1.674277,1.028404,11327760.0,2751980.0,0.0,0.0,14.065623,4.718214,0.39977,-0.77984,0.00045,0.00103,-82.00462,-2.29128,23.48711,18.0107,0.330237,0.368396,0.885045,500.125,ACCELERATING,ACCELERATING,-0.310074,0.323663,-0.433847,DOWN,,,77755.588395,225.648395,OK,STALE_UNDERLYING|INVALID_GREEKS
SENSEX,2026-08-25,15:18,STALE,77529.94,3,OPTIONS_ACTIVE_UNDERLYING_STALE,UNDERLYING_UNAVAILABLE_OPTIONS_AVAILABLE,77800.0,245.75,251.35,1.444788,-2.530296,11359140.0,2767340.0,-17160.0,2960.0,14.221276,4.321619,0.40086,-0.80038,0.00045,0.00106,-82.90611,0.70157,23.50038,17.00028,0.122075,0.278496,0.936433,497.1,ACCELERATING,ACCELERATING,0.167128,-0.141687,0.435866,UP,,,77766.872963,236.932963,OK,STALE_UNDERLYING|INVALID_GREEKS
SENSEX,2026-08-25,15:19,STALE,77529.94,4,OPTIONS_ACTIVE_UNDERLYING_STALE,UNDERLYING_UNAVAILABLE_OPTIONS_AVAILABLE,77800.0,261.025,242.925,6.215666,-3.3519,11472760.0,2793900.0,0.0,0.0,14.878214,3.786545,0.40533,-0.83217,0.00043,0.00109,-86.66926,4.86916,23.5633,15.25522,0.249018,0.308737,0.936433,503.95,ACCELERATING,ACCELERATING,0.227719,0.006382,0.403558,UP,,,77789.778801,259.838801,OK,STALE_UNDERLYING|INVALID_GREEKS
SENSEX,2026-08-25,15:20,STALE,77529.94,5,OPTIONS_ACTIVE_UNDERLYING_STALE,UNDERLYING_UNAVAILABLE_OPTIONS_AVAILABLE,77800.0,252.2,245.875,-3.380902,1.214367,11531940.0,2811740.0,0.0,0.0,14.519692,3.94718,0.40291,-0.82217,0.00044,0.00109,-84.63339,3.60506,23.52393,15.82585,0.158604,0.345704,0.936433,498.075,RISING,FALLING,0.226001,0.022472,0.394437,UP,,,77779.1171,249.1771,OK,STALE_UNDERLYING|INVALID_GREEKS
SENSEX,2026-08-25,15:21,STALE,77529.94,6,OPTIONS_ACTIVE_UNDERLYING_STALE,UNDERLYING_UNAVAILABLE_OPTIONS_AVAILABLE,77800.0,263.725,227.7,4.569786,-7.391967,11601180.0,2855440.0,-9980.0,5240.0,15.023341,2.614097,0.40623,-0.91869,0.00042,0.00095,-87.51748,14.24549,23.56908,9.14503,0.360224,0.263505,0.955935,491.425,ACCELERATING,ACCELERATING,0.306286,-0.296902,0.534242,UP,,,77808.233783,278.293783,OK,STALE_UNDERLYING|INVALID_GREEKS
SENSEX,2026-08-25,15:22,STALE,77529.94,7,OPTIONS_ACTIVE_UNDERLYING_STALE,UNDERLYING_UNAVAILABLE_OPTIONS_AVAILABLE,77800.0,261.425,226.95,-0.872121,-0.329381,11644020.0,2887660.0,0.0,0.0,14.892238,2.398188,0.40536,-0.93606,0.00043,0.00086,-86.78107,15.87651,23.55278,7.60528,0.325141,0.308438,0.955935,488.375,FLAT,DECELERATING,0.123141,-0.30361,0.454912,UP,,,77806.414819,276.474819,OK,STALE_UNDERLYING|INVALID_GREEKS
SENSEX,2026-08-25,15:23,STALE,77529.94,8,OPTIONS_ACTIVE_UNDERLYING_STALE,UNDERLYING_UNAVAILABLE_OPTIONS_AVAILABLE,77800.0,255.425,235.375,-2.295113,3.712271,11671760.0,2907760.0,0.0,0.0,14.671737,3.231599,0.40387,-0.87067,0.00043,0.00107,-85.53312,9.32523,23.5274,12.80442,0.293628,0.191184,0.955935,490.8,RISING,FALLING,0.103093,0.003102,0.321486,UP,,,77791.817323,261.877323,OK,STALE_UNDERLYING|INVALID_GREEKS
SENSEX,2026-08-25,15:24,STALE,77529.94,9,OPTIONS_ACTIVE_UNDERLYING_STALE,UNDERLYING_UNAVAILABLE_OPTIONS_AVAILABLE,77800.0,250.425,236.875,-1.957522,0.637281,11739920.0,2931040.0,-16580.0,-7500.0,14.423345,3.437849,0.40215,-0.85586,0.00044,0.00109,-84.12343,7.66405,23.49805,13.78824,0.339423,0.316623,0.966549,487.3,DECELERATING,DECELERATING,-0.361847,-0.024611,-0.43856,DOWN,,,77785.787637,255.847637,OK,STALE_UNDERLYING|INVALID_GREEKS
SENSEX,2026-08-25,15:25,STALE,77529.94,10,OPTIONS_ACTIVE_UNDERLYING_STALE,UNDERLYING_UNAVAILABLE_OPTIONS_AVAILABLE,77800.0,255.225,233.7,1.916742,-1.340369,11769020.0,2945960.0,0.0,0.0,14.636401,3.000726,0.40359,-0.88824,0.00044,0.00104,-85.3521,11.19263,23.51592,11.54959,0.333039,0.385109,0.966549,488.925,FALLING,RISING,-0.148937,-0.061314,-0.325232,DOWN,,,77792.232927,262.292927,OK,STALE_UNDERLYING|INVALID_GREEKS
SENSEX,2026-08-25,15:26,STALE,77529.94,11,OPTIONS_ACTIVE_UNDERLYING_STALE,UNDERLYING_UNAVAILABLE_OPTIONS_AVAILABLE,77800.0,246.5,238.6,-3.418552,2.096705,11812600.0,2978320.0,-6920.0,9440.0,14.296316,3.487474,0.40122,-0.8525,0.00045,0.00109,-83.41632,7.26935,23.47663,13.99891,0.365112,0.293378,0.957234,485.1,ACCELERATING,ACCELERATING,-0.346083,0.027303,-0.403444,DOWN,,,77778.992533,249.052533,OK,STALE_UNDERLYING|INVALID_GREEKS
SENSEX,2026-08-25,15:27,STALE,77529.94,12,OPTIONS_ACTIVE_UNDERLYING_STALE,UNDERLYING_UNAVAILABLE_OPTIONS_AVAILABLE,77800.0,247.525,237.175,0.415822,-0.597234,11833940.0,2993940.0,0.0,0.0,14.305155,3.407498,0.40126,-0.85816,0.00045,0.00109,-83.47699,7.91486,23.47363,13.6328,0.2222,0.14757,0.957234,484.7,FALLING,FLAT,-0.287996,0.038526,-0.228777,NEUTRAL,,,77782.180844,252.240844,OK,STALE_UNDERLYING|INVALID_GREEKS
SENSEX,2026-08-25,15:28,STALE,77529.94,13,OPTIONS_ACTIVE_UNDERLYING_STALE,UNDERLYING_UNAVAILABLE_OPTIONS_AVAILABLE,77800.0,257.175,226.45,3.898596,-4.521977,11862060.0,3018620.0,0.0,0.0,14.763094,2.434976,0.40438,-0.93339,0.00043,0.00087,-86.10762,15.61994,23.51651,7.84368,0.213862,0.264959,0.957234,483.625,ACCELERATING,ACCELERATING,0.21259,-0.10529,0.364686,UP,,,77802.544205,272.604205,OK,STALE_UNDERLYING|INVALID_GREEKS
SENSEX,2026-08-25,15:29,STALE,77529.94,14,OPTIONS_ACTIVE_UNDERLYING_STALE,UNDERLYING_UNAVAILABLE_OPTIONS_AVAILABLE,77800.0,258.4,223.875,0.476329,-1.137116,11897120.0,3052760.0,-2660.0,460.0,14.778378,1.9516,0.40446,-0.96955,0.00043,0.00058,-86.20543,18.83179,23.51406,4.18043,0.309598,0.245673,0.940819,482.275,DECELERATING,DECELERATING,0.32788,-0.047909,0.455801,UP,,,77806.581972,276.641972,OK,STALE_UNDERLYING|INVALID_GREEKS
SENSEX,2026-08-25,15:30,CLOSING_STATE_UNCERTAIN,77656.09,15,CLOSING_STATE_UNCERTAIN,INSUFFICIENT_DATA,,,,,,,,,,,,,,,,,,,,,,,,,,,,,INSUFFICIENT_DATA,,,,,INVALID,MISSING_OPTION_DATA|STALE_UNDERLYING
NIFTY,2026-08-27,15:15,LIVE,24133.05,0,NORMAL_CONTINUOUS,OPTIONS_CONFIRM,24200.0,108.725,93.275,-1.961226,1.689834,142137580.0,209435005.0,-8905.0,-28405.0,10.755951,6.577497,0.46139,-0.56557,0.00128,0.00207,-14.7977,-3.37284,11.48842,11.38626,0.137963,0.268025,0.666379,202.0,ACCELERATING,ACCELERATING,-0.332759,0.501864,-0.580577,DOWN,,,24193.864761,60.814761,OK,OK
NIFTY,2026-08-27,15:16,STALE,24133.05,1,OPTIONS_ACTIVE_UNDERLYING_STALE,UNDERLYING_UNAVAILABLE_OPTIONS_AVAILABLE,24200.0,108.6,92.825,-0.114969,-0.482444,142468170.0,210017015.0,-58565.0,-82940.0,10.743786,6.564528,0.46133,-0.56572,0.00128,0.00207,-14.78464,-3.35785,11.4875,11.3848,0.092081,0.269324,0.661976,201.425,DECELERATING,RISING,-0.439406,0.391716,-0.568471,DOWN,,,24193.91772,60.86772,OK,STALE_UNDERLYING
NIFTY,2026-08-27,15:17,STALE,24133.05,2,OPTIONS_ACTIVE_UNDERLYING_STALE,UNDERLYING_UNAVAILABLE_OPTIONS_AVAILABLE,24200.0,108.375,92.25,-0.207182,-0.619445,142707955.0,210285920.0,-14755.0,-48490.0,10.709855,6.498841,0.46119,-0.56642,0.00128,0.00209,-14.74698,-3.28049,11.48632,11.38066,0.230681,0.216802,0.659005,200.625,FALLING,RISING,-0.247084,0.189782,-0.351598,DOWN,,,24194.726098,61.676098,OK,STALE_UNDERLYING
NIFTY,2026-08-27,15:18,STALE,24133.05,3,OPTIONS_ACTIVE_UNDERLYING_STALE,UNDERLYING_UNAVAILABLE_OPTIONS_AVAILABLE,24250.0,87.775,110.8,4.060462,-6.201058,82743440.0,96882435.0,5070.0,-2470.0,10.772757,5.275739,0.39872,-0.70337,0.00124,0.00227,-14.08131,-0.35236,11.16632,10.00618,0.170891,0.270758,0.553137,198.575,ACCELERATING,ACCELERATING,0.323115,-0.087208,0.466368,UP,,,24205.047464,71.997464,OK,STALE_UNDERLYING|INVALID_GREEKS
NIFTY,2026-08-27,15:19,STALE,24133.05,4,OPTIONS_ACTIVE_UNDERLYING_STALE,UNDERLYING_UNAVAILABLE_OPTIONS_AVAILABLE,24250.0,89.1,110.35,1.509541,-0.406137,82995380.0,96997030.0,-46995.0,-17290.0,10.898985,5.25076,0.39991,-0.70428,0.00123,0.00227,-14.23314,-0.31584,11.17437,9.99138,0.112233,0.181242,0.551683,199.45,DECELERATING,DECELERATING,0.43662,-0.196892,0.543279,UP,,,24207.132029,74.082029,OK,STALE_UNDERLYING|INVALID_GREEKS
NIFTY,2026-08-27,15:20,STALE,24133.05,5,OPTIONS_ACTIVE_UNDERLYING_STALE,UNDERLYING_UNAVAILABLE_OPTIONS_AVAILABLE,24200.0,104.5,96.625,-8.49387,12.91265,144216345.0,212042090.0,-31265.0,1885.0,10.399004,6.89899,0.45985,-0.56246,0.00132,0.00197,-14.39724,-3.75331,11.48021,11.39699,0.191388,0.258732,0.658366,201.125,ACCELERATING,ACCELERATING,-0.433653,0.392499,-0.598593,DOWN,,,24186.090432,53.040432,OK,STALE_UNDERLYING
NIFTY,2026-08-27,15:21,STALE,24133.05,6,OPTIONS_ACTIVE_UNDERLYING_STALE,UNDERLYING_UNAVAILABLE_OPTIONS_AVAILABLE,24200.0,103.575,96.55,-0.885167,-0.07762,144876030.0,212915885.0,-77870.0,-40105.0,10.304045,6.864117,0.45943,-0.5628,0.00133,0.00198,-14.2903,-3.7127,11.47821,11.39467,0.144823,0.207147,0.659584,200.125,DECELERATING,RISING,-0.3392,0.358803,-0.565974,DOWN,,,24185.736953,52.686953,OK,STALE_UNDERLYING
NIFTY,2026-08-27,15:22,STALE,24133.05,7,OPTIONS_ACTIVE_UNDERLYING_STALE,UNDERLYING_UNAVAILABLE_OPTIONS_AVAILABLE,24200.0,100.125,98.3,-3.33092,1.812532,145464995.0,213338060.0,-41535.0,-79820.0,9.999899,7.039815,0.45804,-0.56118,0.00137,0.00194,-13.94587,-3.91926,11.47331,11.40125,0.149813,0.203459,0.662932,198.425,ACCELERATING,ACCELERATING,-0.365843,0.17189,-0.512576,DOWN,,,24181.993174,48.943174,OK,STALE_UNDERLYING
NIFTY,2026-08-27,15:23,STALE,24133.05,8,OPTIONS_ACTIVE_UNDERLYING_STALE,UNDERLYING_UNAVAILABLE_OPTIONS_AVAILABLE,24200.0,101.4,98.35,1.273408,0.050865,145781155.0,213774795.0,-26325.0,-52845.0,10.105347,7.0269,0.45852,-0.56131,0.00136,0.00194,-14.06624,-3.90451,11.47398,11.3999,0.295858,0.203355,0.661871,199.75,FALLING,DECELERATING,-0.284891,0.183078,-0.431852,DOWN,,,24181.490714,48.440714,OK,STALE_UNDERLYING
NIFTY,2026-08-27,15:24,STALE,24133.05,9,OPTIONS_ACTIVE_UNDERLYING_STALE,UNDERLYING_UNAVAILABLE_OPTIONS_AVAILABLE,24200.0,103.175,98.775,1.750493,0.43213,146193385.0,214215755.0,25935.0,19240.0,10.263052,7.079764,0.45922,-0.56084,0.00134,0.00193,-14.2458,-3.96683,11.47533,11.40123,0.242307,0.2531,0.658679,201.95,FLAT,ACCELERATING,-0.101548,0.22252,-0.306317,DOWN,,,24182.841394,49.791394,OK,STALE_UNDERLYING
NIFTY,2026-08-27,15:25,STALE,24133.05,10,OPTIONS_ACTIVE_UNDERLYING_STALE,UNDERLYING_UNAVAILABLE_OPTIONS_AVAILABLE,24200.0,101.2,103.9,-1.914223,5.18856,146881345.0,215346430.0,-40430.0,-71240.0,10.09833,7.513894,0.45847,-0.55717,0.00136,0.00182,-14.05957,-4.47394,11.47231,11.41624,0.197628,0.192493,0.655365,205.1,RISING,ACCELERATING,-0.002245,0.412184,-0.440064,DOWN,,,24175.794353,42.744353,OK,STALE_UNDERLYING
NIFTY,2026-08-27,15:26,STALE,24133.05,11,OPTIONS_ACTIVE_UNDERLYING_STALE,UNDERLYING_UNAVAILABLE_OPTIONS_AVAILABLE,24200.0,97.75,105.925,-3.409091,1.948989,147560855.0,216076250.0,39585.0,-150605.0,9.811452,7.719965,0.45711,-0.55557,0.0014,0.00177,-13.73422,-4.71378,11.4674,11.42205,0.306905,0.236016,0.640683,203.675,ACCELERATING,DECELERATING,-0.362405,0.221934,-0.525657,DOWN,,,24170.541108,37.491108,OK,STALE_UNDERLYING
NIFTY,2026-08-27,15:27,STALE,24133.05,12,OPTIONS_ACTIVE_UNDERLYING_STALE,UNDERLYING_UNAVAILABLE_OPTIONS_AVAILABLE,24200.0,90.275,112.925,-7.647059,6.608449,148467345.0,216866455.0,-44850.0,-55380.0,9.14918,8.323931,0.45369,-0.55129,0.0015,0.00164,-12.97975,-5.41235,11.45554,11.43789,0.276932,0.30994,0.639711,203.2,ACCELERATING,ACCELERATING,-0.531053,0.247104,-0.592718,DOWN,,,24155.525271,22.475271,OK,STALE_UNDERLYING
NIFTY,2026-08-27,15:28,CLOSING_STATE_UNCERTAIN,24090.85,13,CLOSING_STATE_UNCERTAIN,UNDERLYING_UNAVAILABLE_OPTIONS_AVAILABLE,24200.0,89.875,112.6,-0.443091,-0.287802,149353685.0,217900995.0,-107380.0,-210990.0,10.717425,5.991767,0.40752,-0.66507,0.00126,0.00211,-14.12658,-1.59296,11.20167,10.5123,0.166898,0.26643,0.628312,202.475,DECELERATING,RISING,-0.551716,0.60029,-0.71731,DOWN,,,24155.086152,22.036152,OK,STALE_UNDERLYING
NIFTY,2026-08-27,15:29,CLOSING_STATE_UNCERTAIN,24090.85,14,CLOSING_STATE_UNCERTAIN,UNDERLYING_UNAVAILABLE_OPTIONS_AVAILABLE,24200.0,91.05,110.775,1.307371,-1.620782,149893445.0,218484045.0,-32630.0,-105560.0,10.834334,5.83929,0.40854,-0.6692,0.00124,0.00215,-14.26587,-1.38475,11.20779,10.46007,0.329489,0.315956,0.626273,201.825,FALLING,RISING,-0.520803,0.225032,-0.579945,DOWN,,,24158.825134,25.775134,OK,STALE_UNDERLYING|INVALID_GREEKS
NIFTY,2026-08-27,15:30,STALE,24090.85,15,UNDERLYING_STALE,INSUFFICIENT_DATA,,,,,,,,,,,,,,,,,,,,,,,,,,,,,INSUFFICIENT_DATA,,,,,INVALID,MISSING_OPTION_DATA|STALE_UNDERLYING
SENSEX,2026-08-27,15:15,LIVE,77182.91,0,NORMAL_CONTINUOUS,DIVERGENCE,77300.0,80.775,88.5,53.491686,-25.395153,327413160.0,465571060.0,0.0,0.0,16.147514,,0.36573,,0.00116,,-254.90378,,7.54152,,0.309502,0.338983,0.777057,169.275,ACCELERATING,ACCELERATING,0.639527,-0.608911,0.749479,UP,,,77291.406236,108.496236,OK,INVALID_GREEKS
SENSEX,2026-08-27,15:16,STALE,77182.91,1,OPTIONS_ACTIVE_UNDERLYING_STALE,UNDERLYING_UNAVAILABLE_OPTIONS_AVAILABLE,77300.0,71.2,100.125,-11.853915,13.135593,330513840.0,467491480.0,-783800.0,-228460.0,14.869624,,0.35435,,0.00125,,-232.95348,,7.4492,,0.280899,0.249688,0.79675,171.325,RISING,FALLING,0.51742,-0.270503,0.595974,UP,,,77270.840993,87.930993,OK,STALE_UNDERLYING|INVALID_GREEKS
SENSEX,2026-08-27,15:17,STALE,77182.91,2,OPTIONS_ACTIVE_UNDERLYING_STALE,UNDERLYING_UNAVAILABLE_OPTIONS_AVAILABLE,77300.0,64.2,101.125,-9.831461,0.998752,332852240.0,468505240.0,0.0,0.0,13.945814,,0.34486,,0.00132,,-216.95947,,7.36539,,0.623053,0.247219,0.79675,165.325,RISING,FALLING,0.365532,-0.144271,0.503268,UP,,,77262.175404,79.265404,OK,STALE_UNDERLYING|INVALID_GREEKS
SENSEX,2026-08-27,15:18,STALE,77182.91,3,OPTIONS_ACTIVE_UNDERLYING_STALE,UNDERLYING_UNAVAILABLE_OPTIONS_AVAILABLE,77300.0,70.15,89.25,9.267913,-11.742892,334546080.0,469892080.0,-142760.0,5480.0,14.758288,,0.35285,,0.00126,,-231.52986,,7.41689,,0.285103,0.448179,0.80278,159.4,FALLING,RISING,-0.414854,-0.14408,-0.423029,DOWN,,,77280.560137,97.650137,OK,STALE_UNDERLYING|INVALID_GREEKS
SENSEX,2026-08-27,15:19,STALE,77182.91,4,OPTIONS_ACTIVE_UNDERLYING_STALE,UNDERLYING_UNAVAILABLE_OPTIONS_AVAILABLE,77300.0,65.5,88.7,-6.628653,-0.616246,336074000.0,470956620.0,0.0,0.0,14.177336,,0.34683,,0.00131,,-221.5428,,7.36006,,0.305344,0.338219,0.80278,154.2,ACCELERATING,DECELERATING,-0.221367,-0.527716,0.302972,UP,,,77276.694573,93.784573,OK,STALE_UNDERLYING|INVALID_GREEKS
SENSEX,2026-08-27,15:20,STALE,77182.91,5,OPTIONS_ACTIVE_UNDERLYING_STALE,UNDERLYING_UNAVAILABLE_OPTIONS_AVAILABLE,77200.0,77.8,73.85,-35.702479,56.379037,185171040.0,602525160.0,0.0,0.0,10.57423,8.504907,0.4779,-0.5277,0.00189,0.00235,-182.73503,-127.56264,7.93024,7.92328,0.771208,0.677048,0.922235,151.65,ACCELERATING,ACCELERATING,-0.373883,0.462263,-0.612049,DOWN,,,77204.454652,21.544652,OK,STALE_UNDERLYING|INVALID_GREEKS
SENSEX,2026-08-27,15:21,STALE,77182.91,6,OPTIONS_ACTIVE_UNDERLYING_STALE,UNDERLYING_UNAVAILABLE_OPTIONS_AVAILABLE,77200.0,63.9,97.025,-17.866324,31.381178,191765860.0,611002160.0,899940.0,-1416320.0,8.821645,11.484494,0.47325,-0.52031,0.00227,0.00175,-154.1265,-176.79854,7.91333,7.92072,0.625978,0.360732,0.802246,160.925,DECELERATING,DECELERATING,-0.859793,0.227661,-0.695818,DOWN,,,77166.46363,-16.44637,OK,STALE_UNDERLYING
SENSEX,2026-08-27,15:22,STALE,77182.91,7,OPTIONS_ACTIVE_UNDERLYING_STALE,UNDERLYING_UNAVAILABLE_OPTIONS_AVAILABLE,77200.0,69.575,81.8,8.881064,-15.691832,195270440.0,614781520.0,0.0,0.0,9.562894,9.577573,0.47533,-0.52463,0.0021,0.00209,-166.55957,-145.65047,7.90451,7.90465,0.359324,0.366748,0.802246,151.375,FALLING,RISING,-0.5622,0.200913,-0.587704,DOWN,,,77185.823721,2.913721,OK,STALE_UNDERLYING
SENSEX,2026-08-27,15:23,STALE,77182.91,8,OPTIONS_ACTIVE_UNDERLYING_STALE,UNDERLYING_UNAVAILABLE_OPTIONS_AVAILABLE,77200.0,78.125,106.575,12.288897,30.287286,198501340.0,618554580.0,0.0,0.0,10.654101,12.661269,0.4779,-0.51841,0.00189,0.00159,-184.78812,-196.72514,7.89621,7.89986,0.704,0.516068,0.802246,184.7,FLAT,ACCELERATING,-0.232436,0.159068,-0.463835,DOWN,,,77172.533603,-10.376397,OK,STALE_UNDERLYING
SENSEX,2026-08-27,15:24,STALE,77182.91,9,OPTIONS_ACTIVE_UNDERLYING_STALE,UNDERLYING_UNAVAILABLE_OPTIONS_AVAILABLE,77200.0,88.625,124.775,13.44,17.077176,201212580.0,621951740.0,857720.0,-1539480.0,12.014693,15.061517,0.48047,-0.5153,0.00168,0.00134,-207.50476,-236.60435,7.88736,7.89101,0.733427,0.360649,0.702634,213.4,ACCELERATING,DECELERATING,0.433172,0.185399,0.404224,UP,,,77167.817569,-15.092431,OK,STALE_UNDERLYING
SENSEX,2026-08-27,15:25,STALE,77182.91,10,OPTIONS_ACTIVE_UNDERLYING_STALE,UNDERLYING_UNAVAILABLE_OPTIONS_AVAILABLE,77100.0,127.0,96.75,-17.061224,16.251126,63216860.0,492311920.0,0.0,0.0,9.396561,17.33936,0.68264,-0.39781,0.00192,0.00113,-152.65175,-267.72925,7.04389,7.62535,0.23622,0.826873,0.805114,223.75,ACCELERATING,DECELERATING,-0.32779,0.629164,-0.652318,DOWN,,,77131.527388,-51.382612,OK,STALE_UNDERLYING|INVALID_GREEKS
SENSEX,2026-08-27,15:26,STALE,77182.91,11,OPTIONS_ACTIVE_UNDERLYING_STALE,UNDERLYING_UNAVAILABLE_OPTIONS_AVAILABLE,77100.0,72.35,74.975,-43.031496,-22.50646,65992320.0,497614140.0,173160.0,-1428060.0,293.270805,14.362112,0.52101,-0.37741,7e-05,0.00134,-4841.0967,-217.62337,7.86303,7.49927,1.520387,1.267089,0.679347,147.325,ACCELERATING,RISING,-0.565369,0.274307,-0.613225,DOWN,,,77112.561712,-70.348288,OK,STALE_UNDERLYING|INVALID_GREEKS
SENSEX,2026-08-27,15:27,STALE,77182.91,12,OPTIONS_ACTIVE_UNDERLYING_STALE,UNDERLYING_UNAVAILABLE_OPTIONS_AVAILABLE,76800.0,59.575,64.775,-81.76322,530.413625,4150820.0,190480540.0,0.0,0.0,,25.656339,,-0.21994,,0.00059,,-309.8374,,5.83465,2.937474,2.392898,1.619562,124.35,ACCELERATING,ACCELERATING,-0.636834,0.550396,-0.729077,DOWN,,,76809.046563,-373.863437,OK,STALE_UNDERLYING|INVALID_GREEKS
SENSEX,2026-08-27,15:28,STALE,77182.91,13,OPTIONS_ACTIVE_UNDERLYING_STALE,UNDERLYING_UNAVAILABLE_OPTIONS_AVAILABLE,76800.0,82.3,46.5,38.145195,-28.213045,6517860.0,196398220.0,0.0,0.0,,22.714053,,-0.19137,,0.00061,,-252.66165,,5.36405,3.159174,1.505376,1.619562,128.8,FALLING,RISING,-0.71862,0.461155,-0.726592,DOWN,,,76839.181042,-343.728958,OK,STALE_UNDERLYING|INVALID_GREEKS|WIDE_SPREAD
SENSEX,2026-08-27,15:29,STALE,77182.91,14,OPTIONS_ACTIVE_UNDERLYING_STALE,UNDERLYING_UNAVAILABLE_OPTIONS_AVAILABLE,76900.0,32.65,41.125,-32.610939,-61.982898,14566800.0,267865120.0,598000.0,-585220.0,,17.982581,,-0.20653,,0.00081,,-208.73788,,5.60807,2.143951,0.364742,0.890487,73.775,ACCELERATING,RISING,-0.677891,0.410569,-0.696153,DOWN,,,76895.490428,-287.419572,OK,STALE_UNDERLYING|INVALID_GREEKS
SENSEX,2026-08-27,15:30,CLOSING_STATE_UNCERTAIN,76933.59,15,CLOSING_STATE_UNCERTAIN,INSUFFICIENT_DATA,,,,,,,,,,,,,,,,,,,,,,,,,,,,,INSUFFICIENT_DATA,,,,,INVALID,MISSING_OPTION_DATA|STALE_UNDERLYING
NIFTY,2026-08-28,15:15,LIVE,24142.45,0,NORMAL_CONTINUOUS,OPTIONS_CONFIRM,24200.0,101.725,77.7,0.172329,-3.147398,325542035.0,295195810.0,-315055.0,-132665.0,11.160909,5.968143,0.46211,-0.57375,0.00137,0.00252,-16.61949,-3.35906,10.34148,10.21036,0.245761,0.2574,0.775284,179.425,FALLING,RISING,-0.391588,0.218371,-0.530715,DOWN,,,24206.715833,64.265833,OK,OK
NIFTY,2026-08-28,15:16,STALE,24142.45,1,OPTIONS_ACTIVE_UNDERLYING_STALE,UNDERLYING_UNAVAILABLE_OPTIONS_AVAILABLE,24200.0,100.875,78.25,-0.835586,0.707851,327794675.0,296393110.0,-348010.0,-23790.0,11.05082,6.017342,0.46167,-0.57315,0.00138,0.0025,-16.48258,-3.42468,10.33955,10.2124,0.247831,0.255591,0.786797,179.125,ACCELERATING,FLAT,-0.269459,0.102342,-0.288445,DOWN,,,24205.286603,62.836603,OK,STALE_UNDERLYING
NIFTY,2026-08-28,15:17,STALE,24142.45,2,OPTIONS_ACTIVE_UNDERLYING_STALE,UNDERLYING_UNAVAILABLE_OPTIONS_AVAILABLE,24200.0,101.675,77.175,0.793061,-1.373802,328879980.0,297252410.0,-83655.0,43095.0,11.129302,5.909817,0.46197,-0.57453,0.00137,0.00255,-16.58194,-3.28246,10.33944,10.20489,0.245881,0.323939,0.78565,178.85,FLAT,ACCELERATING,0.03866,-0.034048,0.269662,UP,,,24207.257324,64.807324,OK,STALE_UNDERLYING
NIFTY,2026-08-28,15:18,STALE,24142.45,3,OPTIONS_ACTIVE_UNDERLYING_STALE,UNDERLYING_UNAVAILABLE_OPTIONS_AVAILABLE,24200.0,99.825,78.05,-1.819523,1.133787,330006365.0,297960455.0,-23790.0,-50050.0,10.975642,5.983525,0.46136,-0.57361,0.00139,0.00252,-16.39035,-3.38069,10.33707,10.20853,0.250438,0.128123,0.784815,177.875,ACCELERATING,FLAT,-0.292367,0.027479,-0.306479,DOWN,,,24204.228505,61.778505,OK,STALE_UNDERLYING
NIFTY,2026-08-28,15:19,STALE,24142.45,4,OPTIONS_ACTIVE_UNDERLYING_STALE,UNDERLYING_UNAVAILABLE_OPTIONS_AVAILABLE,24200.0,101.65,78.4,1.828199,0.44843,330561465.0,298320165.0,-115635.0,-27690.0,11.146034,6.008244,0.46201,-0.57332,0.00137,0.00251,-16.60493,-3.41387,10.33786,10.20911,0.196754,0.255102,0.788846,180.05,ACCELERATING,FLAT,0.032558,0.077423,0.019639,NEUTRAL,,,24205.638244,63.188244,OK,STALE_UNDERLYING
NIFTY,2026-08-28,15:20,STALE,24142.45,5,OPTIONS_ACTIVE_UNDERLYING_STALE,UNDERLYING_UNAVAILABLE_OPTIONS_AVAILABLE,24250.0,84.35,91.175,10.117493,-11.351483,179012730.0,93008110.0,-54210.0,-32565.0,11.510795,3.771826,0.39809,-0.78964,0.00129,0.00294,-16.23415,1.91001,10.04346,7.50929,0.237107,0.274198,0.659369,175.525,ACCELERATING,ACCELERATING,0.447136,-0.277161,0.574745,UP,,,24224.255538,81.805538,OK,STALE_UNDERLYING|INVALID_GREEKS
NIFTY,2026-08-28,15:21,STALE,24142.45,6,OPTIONS_ACTIVE_UNDERLYING_STALE,UNDERLYING_UNAVAILABLE_OPTIONS_AVAILABLE,24250.0,84.35,88.1,0.0,-3.372635,181105015.0,93739165.0,-188500.0,-31980.0,11.536834,3.34845,0.39831,-0.81795,0.00129,0.00303,-16.26952,2.71971,10.04411,6.87815,0.237107,0.227015,0.652149,172.45,RISING,DECELERATING,0.514685,-0.258713,0.591132,UP,,,24230.758888,88.308888,OK,STALE_UNDERLYING|INVALID_GREEKS
NIFTY,2026-08-28,15:22,STALE,24142.45,7,OPTIONS_ACTIVE_UNDERLYING_STALE,UNDERLYING_UNAVAILABLE_OPTIONS_AVAILABLE,24250.0,81.525,90.7,-3.34914,2.951192,182755625.0,94245255.0,-45045.0,-2860.0,11.238976,3.7112,0.39554,-0.79349,0.00132,0.00295,-15.87548,2.0242,10.02442,7.4265,0.306654,0.220507,0.656486,172.225,RISING,FALLING,0.390763,-0.220148,0.536905,UP,,,24222.965591,80.515591,OK,STALE_UNDERLYING|INVALID_GREEKS
NIFTY,2026-08-28,15:23,STALE,24142.45,8,OPTIONS_ACTIVE_UNDERLYING_STALE,UNDERLYING_UNAVAILABLE_OPTIONS_AVAILABLE,24250.0,81.45,92.95,-0.091996,2.480706,183663220.0,94554265.0,-136435.0,1950.0,11.235086,4.038602,0.39549,-0.77398,0.00132,0.00286,-15.87116,1.41902,10.02324,7.82459,0.245549,0.322754,0.662544,174.4,DECELERATING,DECELERATING,-0.212883,0.103632,-0.394064,DOWN,,,24220.957495,78.507495,OK,STALE_UNDERLYING|INVALID_GREEKS
NIFTY,2026-08-28,15:24,STALE,24142.45,9,OPTIONS_ACTIVE_UNDERLYING_STALE,UNDERLYING_UNAVAILABLE_OPTIONS_AVAILABLE,24250.0,83.25,92.5,2.209945,-0.484131,184565745.0,94786640.0,-118040.0,-5720.0,11.430625,3.941938,0.3973,-0.77955,0.0013,0.00289,-16.13152,1.59582,10.03482,7.71362,0.24024,0.324324,0.666997,175.75,FALLING,RISING,-0.182886,0.124097,-0.425391,DOWN,,,24223.253557,80.803557,OK,STALE_UNDERLYING|INVALID_GREEKS
NIFTY,2026-08-28,15:25,STALE,24142.45,10,OPTIONS_ACTIVE_UNDERLYING_STALE,UNDERLYING_UNAVAILABLE_OPTIONS_AVAILABLE,24250.0,82.925,89.8,-0.39039,-2.918919,185241550.0,95063345.0,-202865.0,-19565.0,11.396861,3.608612,0.39697,-0.8002,0.0013,0.00298,-16.08764,2.21909,10.03178,7.27974,0.301477,0.222717,0.66843,172.725,RISING,ACCELERATING,0.198505,-0.069695,0.286,UP,,,24225.502829,83.052829,OK,STALE_UNDERLYING|INVALID_GREEKS
NIFTY,2026-08-28,15:26,STALE,24142.45,11,OPTIONS_ACTIVE_UNDERLYING_STALE,UNDERLYING_UNAVAILABLE_OPTIONS_AVAILABLE,24250.0,81.475,91.25,-1.748568,1.614699,185927950.0,95215965.0,-181805.0,-130.0,11.228377,3.784083,0.39538,-0.78907,0.00132,0.00294,-15.8648,1.88858,10.02006,7.51736,0.306843,0.219178,0.67499,172.725,FLAT,FALLING,0.078023,0.082495,0.163594,NEUTRAL,,,24223.277677,80.827677,OK,STALE_UNDERLYING|INVALID_GREEKS
NIFTY,2026-08-28,15:27,STALE,24142.45,12,OPTIONS_ACTIVE_UNDERLYING_STALE,UNDERLYING_UNAVAILABLE_OPTIONS_AVAILABLE,24250.0,79.725,92.55,-2.147898,1.424658,186737785.0,95466605.0,-194740.0,-18590.0,11.069711,3.960937,0.39383,-0.77854,0.00134,0.00288,-15.65452,1.56161,10.00848,7.73189,0.313578,0.324149,0.679457,172.275,ACCELERATING,FLAT,-0.252965,-0.059927,-0.335325,DOWN,,,24219.40881,76.95881,OK,STALE_UNDERLYING|INVALID_GREEKS
NIFTY,2026-08-28,15:28,STALE,24142.45,13,OPTIONS_ACTIVE_UNDERLYING_STALE,UNDERLYING_UNAVAILABLE_OPTIONS_AVAILABLE,24250.0,83.325,86.1,4.515522,-6.969206,187291455.0,95765735.0,-34775.0,-23595.0,11.445061,3.035044,0.39737,-0.84198,0.0013,0.00306,-16.15419,3.34445,10.03204,6.2776,0.30003,0.348432,0.673961,169.425,FLAT,ACCELERATING,0.142127,-0.177229,0.383769,UP,,,24229.833033,87.383033,OK,STALE_UNDERLYING|INVALID_GREEKS
NIFTY,2026-08-28,15:29,CLOSING_STATE_UNCERTAIN,24175.65,14,CLOSING_STATE_UNCERTAIN,UNDERLYING_UNAVAILABLE_OPTIONS_AVAILABLE,24250.0,78.8,90.75,-5.430543,5.400697,188271200.0,96134480.0,-66235.0,-37765.0,9.645576,6.273855,0.42912,-0.60995,0.00156,0.00235,-14.46215,-3.33478,10.22632,9.99354,0.253807,0.330579,0.671625,169.55,ACCELERATING,FALLING,-0.230341,-0.232527,-0.220635,NEUTRAL,,,24220.686011,78.236011,OK,STALE_UNDERLYING
NIFTY,2026-08-28,15:30,CLOSING_STATE_UNCERTAIN,24175.65,15,CLOSING_STATE_UNCERTAIN,INSUFFICIENT_DATA,,,,,,,,,,,,,,,,,,,,,,,,,,,,,INSUFFICIENT_DATA,,,,,INVALID,MISSING_OPTION_DATA|STALE_UNDERLYING
SENSEX,2026-08-28,15:15,LIVE,77194.59,0,NORMAL_CONTINUOUS,UNDERLYING_CONFIRMS,77500.0,399.1,386.375,2.589808,-2.872046,13333260.0,6510340.0,0.0,0.0,11.912676,7.298408,0.446,-0.59078,0.00033,0.00053,-47.38734,-10.32317,39.91715,39.23918,0.27562,0.32352,0.803378,785.475,FALLING,ACCELERATING,-0.053172,0.049827,-0.009233,NEUTRAL,,,77429.43135,234.84135,OK,OK
SENSEX,2026-08-28,15:16,STALE,77194.59,1,OPTIONS_ACTIVE_UNDERLYING_STALE,UNDERLYING_UNAVAILABLE_OPTIONS_AVAILABLE,77500.0,390.675,392.025,-2.111,1.46231,13427200.0,6545640.0,-14880.0,-7340.0,11.700506,7.395402,0.44491,-0.58957,0.00033,0.00052,-46.67655,-10.67003,39.89981,39.26481,0.243169,0.318857,0.838622,782.7,RISING,FLAT,0.113837,0.069834,0.110572,NEUTRAL,,,77415.751969,221.161969,OK,STALE_UNDERLYING
SENSEX,2026-08-28,15:17,STALE,77194.59,2,OPTIONS_ACTIVE_UNDERLYING_STALE,UNDERLYING_UNAVAILABLE_OPTIONS_AVAILABLE,77500.0,396.4,389.85,1.465412,-0.554812,13515780.0,6581460.0,0.0,0.0,11.834142,7.349739,0.44559,-0.59016,0.00033,0.00052,-47.12736,-10.50808,39.90703,39.24923,0.302725,0.28216,0.838622,786.25,ACCELERATING,ACCELERATING,0.115697,-0.006649,0.284926,UP,,,77423.661543,229.071543,OK,STALE_UNDERLYING
SENSEX,2026-08-28,15:18,STALE,77194.59,3,OPTIONS_ACTIVE_UNDERLYING_STALE,UNDERLYING_UNAVAILABLE_OPTIONS_AVAILABLE,77500.0,387.025,399.05,-2.365035,2.359882,13556880.0,6605260.0,-37060.0,-5380.0,11.604365,7.563793,0.44439,-0.58755,0.00034,0.00051,-46.35685,-11.27061,39.88807,39.30609,0.348815,0.275655,0.86268,786.075,ACCELERATING,ACCELERATING,-0.197539,0.151475,-0.422336,DOWN,,,77405.136414,210.546414,OK,STALE_UNDERLYING
SENSEX,2026-08-28,15:19,STALE,77194.59,4,OPTIONS_ACTIVE_UNDERLYING_STALE,UNDERLYING_UNAVAILABLE_OPTIONS_AVAILABLE,77500.0,390.875,398.075,0.994768,-0.24433,13586640.0,6615700.0,0.0,0.0,11.716728,7.549996,0.44497,-0.58773,0.00033,0.00051,-46.73648,-11.22252,39.89399,39.29998,0.319795,0.28889,0.86268,788.95,FLAT,RISING,0.027396,-0.089601,-0.067436,NEUTRAL,,,77410.801475,216.211475,OK,STALE_UNDERLYING
SENSEX,2026-08-28,15:20,STALE,77194.59,5,OPTIONS_ACTIVE_UNDERLYING_STALE,UNDERLYING_UNAVAILABLE_OPTIONS_AVAILABLE,77600.0,368.4,405.05,7.813872,-9.738162,6707220.0,2111380.0,0.0,0.0,12.207432,6.03457,0.41567,-0.67113,0.00032,0.00059,-47.18519,-3.34169,39.37238,36.51052,0.162866,0.246883,0.670992,773.45,ACCELERATING,ACCELERATING,0.240033,-0.283105,0.507139,UP,,,77479.67218,285.08218,OK,STALE_UNDERLYING
SENSEX,2026-08-28,15:21,STALE,77194.59,6,OPTIONS_ACTIVE_UNDERLYING_STALE,UNDERLYING_UNAVAILABLE_OPTIONS_AVAILABLE,77600.0,368.8,397.625,0.108578,-1.833107,6752580.0,2123660.0,-25000.0,2480.0,12.242556,5.861558,0.41592,-0.67595,0.00032,0.00061,-47.30815,-2.63393,39.37547,36.28987,0.37961,0.314367,0.684811,766.425,DECELERATING,DECELERATING,0.470347,-0.339319,0.603194,UP,,,77484.999839,290.409839,OK,STALE_UNDERLYING
SENSEX,2026-08-28,15:22,STALE,77194.59,7,OPTIONS_ACTIVE_UNDERLYING_STALE,UNDERLYING_UNAVAILABLE_OPTIONS_AVAILABLE,77500.0,405.475,367.5,-2.839514,5.157737,13893420.0,6729060.0,0.0,0.0,12.065037,6.740055,0.4467,-0.59854,0.00032,0.00057,-47.91157,-8.31805,39.91116,39.03617,0.30828,0.326531,0.883093,772.975,RISING,FALLING,0.20694,-0.368268,0.522737,UP,,,77455.402522,260.812522,OK,STALE_UNDERLYING
SENSEX,2026-08-28,15:23,STALE,77194.59,8,OPTIONS_ACTIVE_UNDERLYING_STALE,UNDERLYING_UNAVAILABLE_OPTIONS_AVAILABLE,77500.0,400.5,367.825,-1.226956,0.088435,13954720.0,6750900.0,0.0,0.0,11.945583,6.773501,0.4461,-0.59806,0.00033,0.00057,-47.51259,-8.44014,39.90078,39.04608,0.249688,0.231088,0.883093,768.325,DECELERATING,DECELERATING,-0.221188,0.140599,-0.43999,DOWN,,,77450.030229,255.440229,OK,STALE_UNDERLYING
SENSEX,2026-08-28,15:24,STALE,77194.59,9,OPTIONS_ACTIVE_UNDERLYING_STALE,UNDERLYING_UNAVAILABLE_OPTIONS_AVAILABLE,77500.0,406.25,363.6,1.435705,-1.148644,13988840.0,6772100.0,-13800.0,-3940.0,12.096771,6.672434,0.44684,-0.59958,0.00032,0.00057,-48.02178,-8.07355,39.90861,39.00549,0.098462,0.275028,0.896567,769.85,FALLING,RISING,-0.113796,0.034641,-0.363448,DOWN,,,77459.382962,264.792962,OK,STALE_UNDERLYING
SENSEX,2026-08-28,15:25,STALE,77194.59,10,OPTIONS_ACTIVE_UNDERLYING_STALE,UNDERLYING_UNAVAILABLE_OPTIONS_AVAILABLE,77500.0,405.725,362.35,-0.129231,-0.343784,14031120.0,6787660.0,0.0,0.0,12.11015,6.602046,0.4469,-0.60067,0.00032,0.00058,-48.06857,-7.81768,39.90712,38.97543,0.30809,0.331172,0.896567,768.075,FLAT,DECELERATING,-0.07538,-0.010145,0.087771,NEUTRAL,,,77460.681281,266.091281,OK,STALE_UNDERLYING
SENSEX,2026-08-28,15:26,STALE,77194.59,11,OPTIONS_ACTIVE_UNDERLYING_STALE,UNDERLYING_UNAVAILABLE_OPTIONS_AVAILABLE,77500.0,398.925,366.125,-1.676012,1.04181,14076360.0,6806240.0,-16700.0,-7240.0,11.924262,6.732961,0.44597,-0.59871,0.00033,0.00057,-47.44659,-8.29505,39.89229,39.02341,0.363477,0.150222,0.905485,765.05,FLAT,FLAT,-0.036417,-0.004044,0.007007,NEUTRAL,,,77450.861392,256.271392,OK,STALE_UNDERLYING
SENSEX,2026-08-28,15:27,STALE,77194.59,12,OPTIONS_ACTIVE_UNDERLYING_STALE,UNDERLYING_UNAVAILABLE_OPTIONS_AVAILABLE,77500.0,392.95,376.0,-1.497775,2.697166,14124120.0,6823560.0,0.0,0.0,11.799729,6.955833,0.44533,-0.59551,0.00033,0.00055,-47.03003,-9.10278,39.88125,39.1006,0.356279,0.292553,0.905485,768.95,FALLING,ACCELERATING,-0.363792,0.170441,-0.487111,DOWN,,,77434.514112,239.924112,OK,STALE_UNDERLYING
SENSEX,2026-08-28,15:28,STALE,77194.59,13,OPTIONS_ACTIVE_UNDERLYING_STALE,UNDERLYING_UNAVAILABLE_OPTIONS_AVAILABLE,77600.0,353.8,402.95,3.261583,-5.171501,6895440.0,2173160.0,0.0,0.0,11.850458,6.04056,0.41291,-0.67111,0.00033,0.00059,-45.96424,-3.36785,39.29445,36.49514,0.113058,0.24817,0.712689,756.75,FLAT,ACCELERATING,-0.116215,-0.081222,0.126009,NEUTRAL,,,77467.446406,272.856406,OK,STALE_UNDERLYING
SENSEX,2026-08-28,15:29,CLOSING_STATE_UNCERTAIN,77264.51,14,CLOSING_STATE_UNCERTAIN,UNDERLYING_UNAVAILABLE_OPTIONS_AVAILABLE,77500.0,387.925,368.725,-4.351846,3.705527,14214400.0,6861680.0,-26700.0,-6680.0,10.840064,7.795839,0.4653,-0.55008,0.00036,0.0005,-44.62729,-13.23874,40.13931,39.97398,0.296449,0.284765,0.908015,756.65,ACCELERATING,ACCELERATING,-0.324422,0.044016,-0.364374,DOWN,,,77436.21504,241.62504,OK,STALE_UNDERLYING
SENSEX,2026-08-28,15:30,STALE,77264.51,15,UNDERLYING_STALE,INSUFFICIENT_DATA,,,,,,,,,,,,,,,,,,,,,,,,,,,,,INSUFFICIENT_DATA,,,,,INVALID,MISSING_OPTION_DATA|STALE_UNDERLYING
NIFTY,2026-08-31,15:15,LIVE,24050.25,0,NORMAL_CONTINUOUS,OPTIONS_CONFIRM,24100.0,80.55,68.875,-8.205128,6.535189,510057665.0,505153935.0,-66560.0,-217685.0,17.811022,8.024115,0.43623,-0.64265,0.00157,0.00331,-42.40198,-12.62885,5.53463,5.24404,0.248293,0.217786,1.167351,149.425,ACCELERATING,ACCELERATING,-0.421425,0.686323,-0.702461,DOWN,,,24107.086915,56.836915,OK,INVALID_GREEKS
NIFTY,2026-08-31,15:16,STALE,24050.25,1,OPTIONS_ACTIVE_UNDERLYING_STALE,UNDERLYING_UNAVAILABLE_OPTIONS_AVAILABLE,24100.0,79.275,69.9,-1.582868,1.488203,513132555.0,509420730.0,-295035.0,-502190.0,17.590428,8.216252,0.43536,-0.63947,0.00159,0.00324,-41.90377,-13.11195,5.5311,5.25873,0.189215,0.286123,1.170787,149.175,DECELERATING,DECELERATING,-0.48576,0.591676,-0.691706,DOWN,,,24105.209863,54.959863,OK,STALE_UNDERLYING|INVALID_GREEKS
NIFTY,2026-08-31,15:17,STALE,24050.25,2,OPTIONS_ACTIVE_UNDERLYING_STALE,UNDERLYING_UNAVAILABLE_OPTIONS_AVAILABLE,24100.0,80.15,67.675,1.103753,-3.183119,514717905.0,511923490.0,130910.0,-81705.0,17.73127,7.836342,0.43587,-0.64607,0.00158,0.00338,-42.23892,-12.1649,5.53074,5.22337,0.249532,0.221648,1.158227,147.825,FALLING,RISING,-0.361306,0.473247,-0.610427,DOWN,,,24108.144863,57.894863,OK,STALE_UNDERLYING|INVALID_GREEKS
NIFTY,2026-08-31,15:18,STALE,24050.25,3,OPTIONS_ACTIVE_UNDERLYING_STALE,UNDERLYING_UNAVAILABLE_OPTIONS_AVAILABLE,24100.0,80.2,66.2,0.062383,-2.179535,515732100.0,513384755.0,14950.0,-473135.0,17.754723,7.549914,0.43593,-0.65146,0.00158,0.00349,-42.30356,-11.4455,5.52932,5.193,0.124688,0.302115,1.131679,146.4,FLAT,DECELERATING,0.002314,-0.200344,0.262626,UP,,,24109.654888,59.404888,OK,STALE_UNDERLYING|INVALID_GREEKS
NIFTY,2026-08-31,15:19,STALE,24050.25,4,OPTIONS_ACTIVE_UNDERLYING_STALE,UNDERLYING_UNAVAILABLE_OPTIONS_AVAILABLE,24100.0,82.225,65.55,2.524938,-0.981873,516470240.0,514388615.0,-50505.0,-64870.0,18.130744,7.387443,0.43731,-0.65472,0.00155,0.00355,-43.1813,-11.03614,5.53088,5.17355,0.304044,0.305111,1.123615,147.775,ACCELERATING,DECELERATING,0.132362,-0.089973,0.397692,UP,,,24112.173909,61.923909,OK,STALE_UNDERLYING|INVALID_GREEKS
NIFTY,2026-08-31,15:20,STALE,24050.25,5,OPTIONS_ACTIVE_UNDERLYING_STALE,UNDERLYING_UNAVAILABLE_OPTIONS_AVAILABLE,24150.0,77.175,67.35,37.997318,-25.228976,324931230.0,186717505.0,17355.0,-56095.0,20.916949,,0.38014,,0.0013,,-47.45536,,5.34398,,0.064788,0.445434,0.930068,144.525,ACCELERATING,ACCELERATING,0.662449,-0.598516,0.753655,UP,,,24158.003803,107.753803,OK,STALE_UNDERLYING|INVALID_GREEKS
NIFTY,2026-08-31,15:21,STALE,24050.25,6,OPTIONS_ACTIVE_UNDERLYING_STALE,UNDERLYING_UNAVAILABLE_OPTIONS_AVAILABLE,24100.0,81.875,63.7,-24.137132,39.692982,525545605.0,523995550.0,-708630.0,-679315.0,18.105409,7.060381,0.43717,-0.66168,0.00155,0.00369,-43.14422,-10.20542,5.52747,5.13085,0.305344,0.313972,1.087613,145.575,RISING,FALLING,0.373846,-0.326319,0.547251,UP,,,24113.986988,63.736988,OK,STALE_UNDERLYING|INVALID_GREEKS
NIFTY,2026-08-31,15:22,STALE,24050.25,7,OPTIONS_ACTIVE_UNDERLYING_STALE,UNDERLYING_UNAVAILABLE_OPTIONS_AVAILABLE,24150.0,58.225,82.55,4.06613,-6.564799,331437340.0,190233810.0,237900.0,-23465.0,17.364779,,0.35567,,0.00153,,-38.87279,,5.22516,,0.257621,0.242277,0.894638,140.775,ACCELERATING,ACCELERATING,0.323508,-0.548083,0.622342,UP,,,24121.418715,71.168715,OK,STALE_UNDERLYING|INVALID_GREEKS
NIFTY,2026-08-31,15:23,STALE,24050.25,8,OPTIONS_ACTIVE_UNDERLYING_STALE,UNDERLYING_UNAVAILABLE_OPTIONS_AVAILABLE,24100.0,74.425,65.525,-11.213838,12.48927,531107720.0,530783435.0,5590.0,-4030.0,16.757164,7.432068,0.43178,-0.65405,0.00167,0.00354,-40.04757,-11.1616,5.51192,5.17146,0.335909,0.381534,1.077153,139.95,ACCELERATING,ACCELERATING,-0.503458,0.129271,-0.544243,DOWN,,,24105.121689,54.871689,OK,STALE_UNDERLYING|INVALID_GREEKS
NIFTY,2026-08-31,15:24,STALE,24050.25,9,OPTIONS_ACTIVE_UNDERLYING_STALE,UNDERLYING_UNAVAILABLE_OPTIONS_AVAILABLE,24100.0,72.025,65.3,-3.224723,-0.34338,533681265.0,534280565.0,21580.0,90610.0,16.335543,7.385177,0.42991,-0.65505,0.00172,0.00356,-39.07939,-11.04515,5.50582,5.16447,0.347102,0.306279,1.085641,137.325,DECELERATING,RISING,-0.510545,0.218217,-0.576032,DOWN,,,24102.415722,52.165722,OK,STALE_UNDERLYING|INVALID_GREEKS
NIFTY,2026-08-31,15:25,STALE,24050.25,10,OPTIONS_ACTIVE_UNDERLYING_STALE,UNDERLYING_UNAVAILABLE_OPTIONS_AVAILABLE,24100.0,72.925,62.85,1.249566,-3.751914,535409875.0,536498430.0,202215.0,84110.0,16.503932,6.909472,0.43063,-0.66528,0.0017,0.00376,-39.4797,-9.82678,5.50606,5.10384,0.205691,0.318218,1.079408,135.775,FALLING,RISING,-0.391566,0.067378,-0.4863,DOWN,,,24105.707965,55.457965,OK,STALE_UNDERLYING|INVALID_GREEKS
NIFTY,2026-08-31,15:26,STALE,24050.25,11,OPTIONS_ACTIVE_UNDERLYING_STALE,UNDERLYING_UNAVAILABLE_OPTIONS_AVAILABLE,24100.0,68.4,62.075,-6.205005,-1.233095,537635150.0,538830955.0,20020.0,-270205.0,15.654385,6.743854,0.42668,-0.66919,0.00179,0.00384,-37.51471,-9.39974,5.49453,5.07871,0.292398,0.241643,1.063493,130.475,ACCELERATING,DECELERATING,-0.304038,-0.140748,-0.311834,DOWN,,,24102.05561,51.80561,OK,STALE_UNDERLYING|INVALID_GREEKS
NIFTY,2026-08-31,15:27,STALE,24050.25,12,OPTIONS_ACTIVE_UNDERLYING_STALE,UNDERLYING_UNAVAILABLE_OPTIONS_AVAILABLE,24100.0,68.375,63.125,-0.03655,1.691502,539408935.0,540432425.0,43680.0,40170.0,15.686379,6.961134,0.42681,-0.66423,0.00179,0.00374,-37.59818,-9.96551,5.49334,5.10719,0.365631,0.237624,1.062767,131.5,DECELERATING,FALLING,-0.276634,-0.2387,-0.188456,NEUTRAL,,,24100.949662,50.699662,OK,STALE_UNDERLYING|INVALID_GREEKS
NIFTY,2026-08-31,15:28,STALE,24050.25,13,OPTIONS_ACTIVE_UNDERLYING_STALE,UNDERLYING_UNAVAILABLE_OPTIONS_AVAILABLE,24100.0,62.5,69.2,-8.592322,9.623762,541989565.0,542336990.0,-79495.0,31135.0,14.578845,8.09381,0.42102,-0.64216,0.00192,0.00329,-35.02183,-12.84893,5.47626,5.22756,0.32,0.289017,1.064136,131.7,ACCELERATING,ACCELERATING,-0.395212,0.06795,-0.487718,DOWN,,,24089.002642,38.752642,OK,STALE_UNDERLYING|INVALID_GREEKS
NIFTY,2026-08-31,15:29,STALE,24050.25,14,OPTIONS_ACTIVE_UNDERLYING_STALE,UNDERLYING_UNAVAILABLE_OPTIONS_AVAILABLE,24100.0,66.85,62.7,6.96,-9.393064,543887240.0,544747645.0,-149955.0,-245765.0,15.367974,6.865774,0.42517,-0.66652,0.00182,0.00378,-36.87421,-9.72385,5.48597,5.09062,0.299177,0.318979,1.063617,129.55,FALLING,RISING,-0.254276,0.098015,-0.347017,DOWN,,,24099.925169,49.675169,OK,STALE_UNDERLYING|INVALID_GREEKS
NIFTY,2026-08-31,15:30,CLOSING_STATE_UNCERTAIN,24080.4,15,CLOSING_STATE_UNCERTAIN,INSUFFICIENT_DATA,,,,,,,,,,,,,,,,,,,,,,,,,,,,,INSUFFICIENT_DATA,,,,,INVALID,MISSING_OPTION_DATA|STALE_UNDERLYING
SENSEX,2026-08-31,15:15,LIVE,76924.93,0,NORMAL_CONTINUOUS,OPTIONS_CONFIRM,77200.0,361.0,361.425,-3.887114,3.006769,10923800.0,8135080.0,0.0,0.0,15.782201,8.452741,0.43147,-0.63014,0.00034,0.00062,-78.30541,-22.27693,28.51384,27.38803,0.249307,0.23518,1.160275,722.425,ACCELERATING,ACCELERATING,-0.428521,0.5481,-0.650846,DOWN,,,77158.138261,233.208261,OK,OK
SENSEX,2026-08-31,15:16,STALE,76924.93,1,OPTIONS_ACTIVE_UNDERLYING_STALE,UNDERLYING_UNAVAILABLE_OPTIONS_AVAILABLE,77200.0,352.175,366.15,-2.444598,1.307325,10974160.0,8190360.0,-16120.0,-8660.0,15.426217,8.615633,0.42976,-0.62773,0.00035,0.00061,-76.66442,-23.09381,28.48908,27.44259,0.326542,0.273112,1.138394,718.325,DECELERATING,DECELERATING,-0.480605,0.44342,-0.633113,DOWN,,,77143.051508,218.121508,OK,STALE_UNDERLYING
SENSEX,2026-08-31,15:17,STALE,76924.93,2,OPTIONS_ACTIVE_UNDERLYING_STALE,UNDERLYING_UNAVAILABLE_OPTIONS_AVAILABLE,77200.0,358.45,358.975,1.781785,-1.959579,10997880.0,8235420.0,0.0,0.0,15.650947,8.395416,0.43083,-0.63106,0.00035,0.00062,-77.71165,-21.99485,28.49964,27.35986,0.334775,0.320357,1.138394,717.425,FALLING,RISING,-0.246877,0.376665,-0.522963,DOWN,,,77156.378846,231.448846,OK,STALE_UNDERLYING
SENSEX,2026-08-31,15:18,STALE,76924.93,3,OPTIONS_ACTIVE_UNDERLYING_STALE,UNDERLYING_UNAVAILABLE_OPTIONS_AVAILABLE,77200.0,359.1,351.475,0.181336,-2.089282,11010780.0,8249940.0,-2820.0,880.0,15.733545,8.068052,0.43121,-0.63631,0.00034,0.00064,-78.1006,-20.34835,28.50134,27.22679,0.278474,0.270289,1.116377,710.575,FALLING,FALLING,-0.058246,-0.159579,0.187839,NEUTRAL,,,77165.866999,240.936999,OK,STALE_UNDERLYING
SENSEX,2026-08-31,15:19,STALE,76924.93,4,OPTIONS_ACTIVE_UNDERLYING_STALE,UNDERLYING_UNAVAILABLE_OPTIONS_AVAILABLE,77200.0,357.15,359.35,-0.543024,2.240558,11024900.0,8268500.0,0.0,0.0,15.679304,8.348994,0.43094,-0.63182,0.00035,0.00062,-77.85632,-21.767,28.4949,27.33538,0.307994,0.222624,1.116377,716.5,RISING,FALLING,0.16135,-0.075167,0.314719,UP,,,77156.294485,231.364485,OK,STALE_UNDERLYING
SENSEX,2026-08-31,15:20,STALE,76924.93,5,OPTIONS_ACTIVE_UNDERLYING_STALE,UNDERLYING_UNAVAILABLE_OPTIONS_AVAILABLE,77300.0,342.975,361.525,11.455033,-11.650782,9721160.0,5502080.0,0.0,0.0,16.588831,5.691314,0.40267,-0.76986,0.00032,0.00074,-80.16645,-3.00252,28.06122,22.02415,0.306145,0.235115,0.94918,704.5,ACCELERATING,ACCELERATING,0.46322,-0.32992,0.597709,UP,,,77242.404089,317.474089,OK,STALE_UNDERLYING|INVALID_GREEKS
SENSEX,2026-08-31,15:21,STALE,76924.93,6,OPTIONS_ACTIVE_UNDERLYING_STALE,UNDERLYING_UNAVAILABLE_OPTIONS_AVAILABLE,77200.0,373.25,334.75,-7.059263,6.565858,11173660.0,8437200.0,-14040.0,-1620.0,16.218114,7.464004,0.43338,-0.64714,0.00033,0.00069,-80.36139,-17.27157,28.51907,26.93281,0.375084,0.328603,1.1284,708.0,RISING,FALLING,0.408689,-0.467321,0.616207,UP,,,77194.917214,269.987214,OK,STALE_UNDERLYING
SENSEX,2026-08-31,15:22,STALE,76924.93,7,OPTIONS_ACTIVE_UNDERLYING_STALE,UNDERLYING_UNAVAILABLE_OPTIONS_AVAILABLE,77200.0,369.025,332.15,-1.131949,-0.776699,11213920.0,8466220.0,0.0,0.0,16.093809,7.41242,0.43281,-0.64816,0.00034,0.00069,-79.79402,-17.00743,28.50907,26.90204,0.311632,0.090321,1.1284,701.175,RISING,ACCELERATING,0.187202,-0.133345,0.4374,UP,,,77195.573297,270.643297,OK,STALE_UNDERLYING
SENSEX,2026-08-31,15:23,STALE,76924.93,8,OPTIONS_ACTIVE_UNDERLYING_STALE,UNDERLYING_UNAVAILABLE_OPTIONS_AVAILABLE,77200.0,339.65,351.85,-7.960165,5.931055,11264900.0,8502640.0,0.0,0.0,15.045708,8.158789,0.42777,-0.63494,0.00036,0.00064,-74.94475,-20.81904,28.44178,27.2467,0.294421,0.397897,1.1284,691.5,ACCELERATING,ACCELERATING,-0.313247,0.076803,-0.463349,DOWN,,,77145.303882,220.373882,OK,STALE_UNDERLYING
SENSEX,2026-08-31,15:24,STALE,76924.93,9,OPTIONS_ACTIVE_UNDERLYING_STALE,UNDERLYING_UNAVAILABLE_OPTIONS_AVAILABLE,77200.0,342.15,358.2,0.736052,1.804746,11295840.0,8535340.0,800.0,-3600.0,15.098521,8.267518,0.42802,-0.63322,0.00036,0.00063,-75.19645,-21.36987,28.44211,27.28653,0.350723,0.335008,1.110479,700.35,FALLING,DECELERATING,-0.310762,0.164443,-0.491425,DOWN,,,77141.113412,216.183412,OK,STALE_UNDERLYING
SENSEX,2026-08-31,15:25,STALE,76924.93,10,OPTIONS_ACTIVE_UNDERLYING_STALE,UNDERLYING_UNAVAILABLE_OPTIONS_AVAILABLE,77200.0,341.375,350.825,-0.226509,-2.058906,11319480.0,8558600.0,0.0,0.0,15.100356,8.031241,0.42802,-0.63709,0.00036,0.00064,-75.21138,-20.17854,28.43901,27.18663,0.2197,0.356303,1.110479,692.2,ACCELERATING,RISING,-0.226794,0.145835,-0.456696,DOWN,,,77148.68683,223.75683,OK,STALE_UNDERLYING
SENSEX,2026-08-31,15:26,STALE,76924.93,11,OPTIONS_ACTIVE_UNDERLYING_STALE,UNDERLYING_UNAVAILABLE_OPTIONS_AVAILABLE,77200.0,342.375,344.925,0.292933,-1.68175,11346280.0,8594680.0,-900.0,3220.0,15.13557,7.799555,0.42819,-0.6411,0.00036,0.00066,-75.38126,-19.00254,28.43818,27.08037,0.306681,0.304414,1.092861,687.3,ACCELERATING,DECELERATING,0.003215,-0.176235,0.277796,UP,,,77156.464391,231.534391,OK,STALE_UNDERLYING
SENSEX,2026-08-31,15:27,STALE,76924.93,12,OPTIONS_ACTIVE_UNDERLYING_STALE,UNDERLYING_UNAVAILABLE_OPTIONS_AVAILABLE,77200.0,336.725,346.2,-1.650237,0.369646,11370080.0,8628160.0,0.0,0.0,14.919344,7.901528,0.42706,-0.63934,0.00036,0.00065,-74.38289,-19.52445,28.42023,27.12308,0.222734,0.375505,1.092861,682.925,ACCELERATING,FALLING,-0.093189,-0.193555,0.18781,NEUTRAL,,,77148.999763,224.069763,OK,STALE_UNDERLYING
SENSEX,2026-08-31,15:28,STALE,76924.93,13,OPTIONS_ACTIVE_UNDERLYING_STALE,UNDERLYING_UNAVAILABLE_OPTIONS_AVAILABLE,77200.0,320.675,361.7,-4.766501,4.477181,11399900.0,8656880.0,0.0,0.0,14.405294,8.500323,0.42428,-0.62971,0.00038,0.00061,-71.99524,-22.54967,28.37945,27.36008,0.327434,0.331767,1.092861,682.375,ACCELERATING,ACCELERATING,-0.216382,0.115453,-0.437058,DOWN,,,77117.28092,192.35092,OK,STALE_UNDERLYING
SENSEX,2026-08-31,15:29,CLOSING_STATE_UNCERTAIN,76957.27,14,CLOSING_STATE_UNCERTAIN,UNDERLYING_UNAVAILABLE_OPTIONS_AVAILABLE,77200.0,330.325,348.525,3.009277,-3.642521,11427520.0,8693480.0,-3280.0,-2280.0,14.232979,8.777172,0.43561,-0.60626,0.00038,0.0006,-71.83176,-24.92312,28.53327,27.87883,0.317869,0.30127,1.075631,678.85,FALLING,RISING,-0.197403,0.123495,-0.383125,DOWN,,,77137.824751,212.894751,OK,STALE_UNDERLYING
SENSEX,2026-08-31,15:30,STALE,76957.27,15,UNDERLYING_STALE,INSUFFICIENT_DATA,,,,,,,,,,,,,,,,,,,,,,,,,,,,,INSUFFICIENT_DATA,,,,,INVALID,MISSING_OPTION_DATA|STALE_UNDERLYING
NIFTY,2026-09-01,15:15,LIVE,23980.55,0,NORMAL_CONTINUOUS,DIVERGENCE,24000.0,25.525,38.9,-24.760501,14.918759,1224096055.0,2109442465.0,-3591705.0,-293085.0,13.523058,11.673084,0.41689,-0.59624,0.00463,0.00533,-69.47758,-53.24716,2.43076,2.41221,0.587659,0.514139,0.776576,64.425,ACCELERATING,ACCELERATING,-0.448278,0.07227,-0.506175,DOWN,,,23987.305387,6.755387,OK,INVALID_GREEKS
NIFTY,2026-09-01,15:16,STALE,23980.55,1,OPTIONS_ACTIVE_UNDERLYING_STALE,UNDERLYING_UNAVAILABLE_OPTIONS_AVAILABLE,24000.0,24.775,41.875,-2.938296,7.647815,1237157090.0,2119970320.0,-976560.0,212485.0,13.233633,12.99214,0.41493,-0.58665,0.00474,0.00482,-68.05811,-60.22451,2.42477,2.42262,0.605449,0.358209,0.786652,66.65,DECELERATING,DECELERATING,-0.190826,0.041838,-0.41087,DOWN,,,23982.408274,1.858274,OK,STALE_UNDERLYING
NIFTY,2026-09-01,15:17,STALE,23980.55,2,OPTIONS_ACTIVE_UNDERLYING_STALE,UNDERLYING_UNAVAILABLE_OPTIONS_AVAILABLE,24000.0,26.15,42.3,5.54995,1.014925,1246949015.0,2131572040.0,335335.0,-707005.0,13.830552,13.174843,0.41847,-0.58559,0.00455,0.00476,-71.25453,-61.26372,2.42601,2.4206,0.382409,0.472813,0.780679,68.45,FALLING,DECELERATING,-0.413362,0.095653,-0.503005,DOWN,,,23984.361094,3.811094,OK,STALE_UNDERLYING
NIFTY,2026-09-01,15:18,STALE,23980.55,3,OPTIONS_ACTIVE_UNDERLYING_STALE,UNDERLYING_UNAVAILABLE_OPTIONS_AVAILABLE,24000.0,33.675,34.4,28.776291,-18.676123,1259563955.0,2142645375.0,-413660.0,98475.0,16.976215,9.89813,0.4336,-0.61382,0.00374,0.00623,-87.66436,-44.0565,2.44,2.37297,0.445434,0.290698,0.792564,68.075,ACCELERATING,ACCELERATING,0.434546,-0.191317,0.541955,UP,,,24000.61468,20.06468,OK,STALE_UNDERLYING|INVALID_GREEKS
NIFTY,2026-09-01,15:19,STALE,23980.55,4,OPTIONS_ACTIVE_UNDERLYING_STALE,UNDERLYING_UNAVAILABLE_OPTIONS_AVAILABLE,24000.0,31.325,35.775,-6.978471,3.997093,1266159505.0,2148562845.0,-311610.0,599040.0,16.056007,10.500279,0.42962,-0.60757,0.00395,0.00591,-83.01301,-47.3293,2.43234,2.38052,0.478851,0.139762,0.802891,67.1,RISING,FALLING,0.215634,-0.056662,0.424099,UP,,,23995.792284,15.242284,OK,STALE_UNDERLYING|INVALID_GREEKS
NIFTY,2026-09-01,15:20,STALE,23980.55,5,OPTIONS_ACTIVE_UNDERLYING_STALE,UNDERLYING_UNAVAILABLE_OPTIONS_AVAILABLE,24050.0,21.525,37.35,56.830601,-44.992636,1548212445.0,1597907220.0,-156260.0,-251680.0,19.445261,,0.28744,,0.00283,,-86.31137,,2.10822,,0.232288,0.535475,0.68939,58.875,ACCELERATING,ACCELERATING,0.588086,-0.483055,0.69038,UP,,,24036.04532,55.49532,OK,STALE_UNDERLYING|INVALID_GREEKS
NIFTY,2026-09-01,15:21,STALE,23980.55,6,OPTIONS_ACTIVE_UNDERLYING_STALE,UNDERLYING_UNAVAILABLE_OPTIONS_AVAILABLE,24050.0,17.0,25.675,-21.022067,-31.258367,1584174540.0,1612087880.0,-3263975.0,1161420.0,17.26837,,0.26332,,0.00306,,-73.63976,,2.01631,,0.588235,0.584226,0.740611,42.675,RISING,DECELERATING,0.542103,-0.841836,0.794646,UP,,,24041.273065,60.723065,OK,STALE_UNDERLYING|INVALID_GREEKS
NIFTY,2026-09-01,15:22,STALE,23980.55,7,OPTIONS_ACTIVE_UNDERLYING_STALE,UNDERLYING_UNAVAILABLE_OPTIONS_AVAILABLE,24050.0,27.05,12.2,59.117647,-52.48296,1607382400.0,1628801850.0,-2159430.0,2342470.0,22.116456,,0.31066,,0.00259,,-101.79379,,2.1777,,0.369686,0.819672,0.804089,39.25,ACCELERATING,ACCELERATING,0.620547,-0.663218,0.761255,UP,,,24065.026058,84.476058,OK,STALE_UNDERLYING|INVALID_GREEKS
NIFTY,2026-09-01,15:23,STALE,23980.55,8,OPTIONS_ACTIVE_UNDERLYING_STALE,UNDERLYING_UNAVAILABLE_OPTIONS_AVAILABLE,24050.0,19.65,14.0,-27.356747,14.754098,1624971400.0,1643387525.0,-454090.0,2477280.0,18.594894,,0.27778,,0.00293,,-81.58499,,2.06493,,0.508906,0.714286,0.779517,33.65,ACCELERATING,FALLING,-0.372684,-0.497728,0.375014,MIXED,,,,,INVALID,STALE_UNDERLYING|INVALID_GREEKS
NIFTY,2026-09-01,15:24,STALE,23980.55,9,OPTIONS_ACTIVE_UNDERLYING_STALE,UNDERLYING_UNAVAILABLE_OPTIONS_AVAILABLE,24050.0,27.825,3.925,41.603053,-71.964286,1645151755.0,1665582880.0,930020.0,2465515.0,22.458107,,0.31282,,0.00256,,-103.94878,,2.17788,,0.539084,1.273885,0.819833,31.75,ACCELERATING,ACCELERATING,0.44552,-0.527493,0.657671,UP,,,,,INVALID,STALE_UNDERLYING|INVALID_GREEKS
NIFTY,2026-09-01,15:25,STALE,23980.55,10,OPTIONS_ACTIVE_UNDERLYING_STALE,UNDERLYING_UNAVAILABLE_OPTIONS_AVAILABLE,24050.0,23.9,1.675,-14.10602,-57.324841,1662042655.0,1689091495.0,-1312155.0,2555020.0,20.725826,,0.29808,,0.00272,,-94.13485,,2.12871,,0.41841,2.985075,0.833105,25.575,ACCELERATING,DECELERATING,-0.342427,-0.447729,0.368434,MIXED,,,,,INVALID,STALE_UNDERLYING|INVALID_GREEKS
NIFTY,2026-09-01,15:26,STALE,23980.55,11,OPTIONS_ACTIVE_UNDERLYING_STALE,UNDERLYING_UNAVAILABLE_OPTIONS_AVAILABLE,24050.0,15.65,6.175,-34.518828,268.656716,1682018910.0,1717755260.0,206310.0,2646475.0,16.691339,,0.25457,,0.00313,,-70.47015,,1.96706,,0.638978,0.809717,0.857676,21.825,ACCELERATING,FALLING,-0.405957,-0.490871,0.361525,MIXED,,,,,INVALID,STALE_UNDERLYING|INVALID_GREEKS
NIFTY,2026-09-01,15:27,STALE,23980.55,12,OPTIONS_ACTIVE_UNDERLYING_STALE,UNDERLYING_UNAVAILABLE_OPTIONS_AVAILABLE,24050.0,16.15,1.925,3.194888,-68.825911,1705380950.0,1757097420.0,-146575.0,1273935.0,16.994727,,0.25807,,0.00311,,-72.34546,,1.97831,,0.619195,2.597403,0.894851,18.075,FALLING,ACCELERATING,-0.471818,-0.526366,-0.314886,MIXED,,,,,INVALID,STALE_UNDERLYING|INVALID_GREEKS
NIFTY,2026-09-01,15:28,STALE,23980.55,13,OPTIONS_ACTIVE_UNDERLYING_STALE,UNDERLYING_UNAVAILABLE_OPTIONS_AVAILABLE,24050.0,10.2,3.275,-36.842105,70.12987,1731227160.0,1787220305.0,-1378520.0,1525485.0,13.860777,,0.21236,,0.00342,,-53.20567,,1.77348,,0.980392,1.526718,0.928422,13.475,ACCELERATING,ACCELERATING,-0.448633,0.258087,-0.568907,DOWN,,,,,INVALID,STALE_UNDERLYING|INVALID_GREEKS
NIFTY,2026-09-01,15:29,STALE,23980.55,14,OPTIONS_ACTIVE_UNDERLYING_STALE,UNDERLYING_UNAVAILABLE_OPTIONS_AVAILABLE,24050.0,6.275,1.075,-38.480392,-67.175573,1758352960.0,1818778130.0,1175200.0,2393430.0,11.532741,,0.16815,,0.00357,,-38.49961,,1.53398,,0.796813,4.651163,0.952839,7.35,ACCELERATING,ACCELERATING,-0.453641,-0.421111,0.268087,MIXED,,,,,INVALID,STALE_UNDERLYING|INVALID_GREEKS|WIDE_SPREAD
NIFTY,2026-09-01,15:30,CLOSING_STATE_UNCERTAIN,24055.8,15,CLOSING_STATE_UNCERTAIN,INSUFFICIENT_DATA,,,,,,,,,,,,,,,,,,,,,,,,,,,,,INSUFFICIENT_DATA,,,,,INVALID,MISSING_OPTION_DATA|STALE_UNDERLYING
SENSEX,2026-09-01,15:15,LIVE,76725.18,0,NORMAL_CONTINUOUS,DIVERGENCE,76800.0,277.45,295.225,0.31637,-0.647821,15405040.0,25680060.0,0.0,0.0,12.138503,11.706445,0.48685,-0.51377,0.00055,0.00057,-75.00096,-51.65139,23.99947,23.99815,0.324383,0.118554,0.684219,572.675,DECELERATING,DECELERATING,0.344091,-0.248407,0.45942,UP,,,76755.177213,29.997213,OK,OK
SENSEX,2026-09-01,15:16,STALE,76725.18,1,OPTIONS_ACTIVE_UNDERLYING_STALE,UNDERLYING_UNAVAILABLE_OPTIONS_AVAILABLE,76800.0,272.2,296.8,-1.892233,0.533491,15471680.0,25718840.0,-34320.0,-9840.0,11.890659,11.751659,0.48649,-0.51372,0.00056,0.00056,-73.67904,-51.90355,23.99497,23.99466,0.257164,0.269542,0.69426,569.0,FLAT,FALLING,0.179162,-0.272116,0.333392,UP,,,76747.918525,22.738525,OK,STALE_UNDERLYING
SENSEX,2026-09-01,15:17,STALE,76725.18,2,OPTIONS_ACTIVE_UNDERLYING_STALE,UNDERLYING_UNAVAILABLE_OPTIONS_AVAILABLE,76800.0,273.675,296.0,0.541881,-0.269542,15513400.0,25752960.0,0.0,0.0,11.971987,11.744862,0.48659,-0.51374,0.00055,0.00056,-74.12572,-51.87667,23.99148,23.99081,0.274048,0.304054,0.69426,569.675,FALLING,FLAT,-0.003079,-0.049464,-0.033794,NEUTRAL,,,76751.106874,25.926874,OK,STALE_UNDERLYING
SENSEX,2026-09-01,15:18,STALE,76725.18,3,OPTIONS_ACTIVE_UNDERLYING_STALE,UNDERLYING_UNAVAILABLE_OPTIONS_AVAILABLE,76800.0,271.8,291.95,-0.685119,-1.368243,15548180.0,25781960.0,-12280.0,-8020.0,11.926187,11.57959,0.48652,-0.514,0.00056,0.00057,-73.88913,-50.99729,23.98762,23.9866,0.257542,0.342524,0.699774,563.75,ACCELERATING,ACCELERATING,-0.161694,-0.18207,-0.082069,NEUTRAL,,,76752.376756,27.196756,OK,STALE_UNDERLYING
SENSEX,2026-09-01,15:19,STALE,76725.18,4,OPTIONS_ACTIVE_UNDERLYING_STALE,UNDERLYING_UNAVAILABLE_OPTIONS_AVAILABLE,76800.0,271.175,296.3,-0.229948,1.489981,15569560.0,25806020.0,0.0,0.0,11.876208,11.766624,0.48643,-0.51373,0.00056,0.00056,-73.62998,-52.01252,23.98374,23.98343,0.239698,0.303746,0.699774,567.475,FLAT,FLAT,-0.133921,-0.126359,-0.002712,NEUTRAL,,,76747.632754,22.452754,OK,STALE_UNDERLYING
SENSEX,2026-09-01,15:20,STALE,76725.18,5,OPTIONS_ACTIVE_UNDERLYING_STALE,UNDERLYING_UNAVAILABLE_OPTIONS_AVAILABLE,76800.0,269.625,288.8,-0.571587,-2.531218,15626480.0,25854200.0,0.0,0.0,11.832466,11.472053,0.48636,-0.51418,0.00056,0.00058,-73.40429,-50.43749,23.97988,23.97872,0.315253,0.34626,0.699774,558.425,ACCELERATING,ACCELERATING,-0.312072,-0.187308,0.041758,NEUTRAL,,,76754.324438,29.144438,OK,STALE_UNDERLYING
SENSEX,2026-09-01,15:21,STALE,76725.18,6,OPTIONS_ACTIVE_UNDERLYING_STALE,UNDERLYING_UNAVAILABLE_OPTIONS_AVAILABLE,76800.0,271.925,283.425,0.853037,-1.86115,15682500.0,25922700.0,-8460.0,-12480.0,11.918006,11.221147,0.48647,-0.51459,0.00056,0.00059,-73.8739,-49.09631,23.9764,23.97417,0.312586,0.229338,0.697495,555.35,FLAT,DECELERATING,-0.008764,-0.380099,0.328122,UP,,,76761.423161,36.243161,OK,STALE_UNDERLYING
SENSEX,2026-09-01,15:22,STALE,76725.18,7,OPTIONS_ACTIVE_UNDERLYING_STALE,UNDERLYING_UNAVAILABLE_OPTIONS_AVAILABLE,76800.0,259.6,293.7,-4.5325,3.625298,15808140.0,25961920.0,0.0,0.0,11.407044,11.675206,0.48569,-0.5139,0.00058,0.00057,-71.13416,-51.54908,23.97106,23.97192,0.385208,0.306435,0.697495,553.3,ACCELERATING,FALLING,-0.409395,-0.207096,-0.291961,DOWN,,,76739.268364,14.088364,OK,STALE_UNDERLYING
SENSEX,2026-09-01,15:23,STALE,76725.18,8,OPTIONS_ACTIVE_UNDERLYING_STALE,UNDERLYING_UNAVAILABLE_OPTIONS_AVAILABLE,76800.0,271.075,285.025,4.420262,-2.953694,15891440.0,26009440.0,0.0,0.0,11.88682,11.317868,0.48641,-0.51446,0.00056,0.00059,-73.72529,-49.63501,23.96885,23.96704,0.350457,0.333304,0.697495,556.1,ACCELERATING,ACCELERATING,0.061525,-0.141043,0.189361,NEUTRAL,,,76758.131502,32.951502,OK,STALE_UNDERLYING
SENSEX,2026-09-01,15:24,STALE,76725.18,9,OPTIONS_ACTIVE_UNDERLYING_STALE,UNDERLYING_UNAVAILABLE_OPTIONS_AVAILABLE,76800.0,272.925,278.925,0.682468,-2.140163,15940880.0,26043160.0,100.0,-12040.0,11.930682,11.027196,0.48646,-0.51494,0.00056,0.0006,-73.97088,-48.0788,23.96524,23.96223,0.348081,0.304741,0.690177,551.85,FLAT,DECELERATING,-0.086173,-0.104266,0.180704,NEUTRAL,,,76767.201533,42.021533,OK,STALE_UNDERLYING
SENSEX,2026-09-01,15:25,STALE,76725.18,10,OPTIONS_ACTIVE_UNDERLYING_STALE,UNDERLYING_UNAVAILABLE_OPTIONS_AVAILABLE,76800.0,268.3,280.125,-1.694605,0.430223,15996600.0,26076260.0,0.0,0.0,11.772147,11.103728,0.48622,-0.51483,0.00056,0.0006,-73.12723,-48.49997,23.96103,23.95875,0.335445,0.267738,0.690177,548.425,RISING,FALLING,0.065086,-0.178534,0.402427,UP,,,76761.089646,35.909646,OK,STALE_UNDERLYING
SENSEX,2026-09-01,15:26,STALE,76725.18,11,OPTIONS_ACTIVE_UNDERLYING_STALE,UNDERLYING_UNAVAILABLE_OPTIONS_AVAILABLE,76800.0,265.025,274.95,-1.220649,-1.84739,16083860.0,26125460.0,-8320.0,-4620.0,11.638606,10.904743,0.48601,-0.51517,0.00057,0.00061,-72.41775,-47.43664,23.95688,23.95429,0.358457,0.400073,0.689441,539.975,DECELERATING,ACCELERATING,-0.273258,-0.329156,0.137516,MIXED,,,76762.688469,37.508469,OK,STALE_UNDERLYING
SENSEX,2026-09-01,15:27,STALE,76725.18,12,OPTIONS_ACTIVE_UNDERLYING_STALE,UNDERLYING_UNAVAILABLE_OPTIONS_AVAILABLE,76800.0,267.0,280.45,0.745213,2.000364,16127520.0,26172160.0,0.0,0.0,11.728373,11.054347,0.48613,-0.51493,0.00057,0.0006,-72.91049,-48.25168,23.95343,23.9511,0.299625,0.285256,0.689441,547.45,FALLING,ACCELERATING,-0.217821,0.174349,-0.330618,DOWN,,,76759.816021,34.636021,OK,STALE_UNDERLYING
SENSEX,2026-09-01,15:28,STALE,76725.18,13,OPTIONS_ACTIVE_UNDERLYING_STALE,UNDERLYING_UNAVAILABLE_OPTIONS_AVAILABLE,76800.0,267.65,280.3,0.243446,-0.053485,16173700.0,26211860.0,0.0,0.0,11.728399,11.114193,0.48612,-0.51485,0.00057,0.0006,-72.92009,-48.58301,23.94969,23.94761,0.149449,0.142704,0.689441,547.95,FLAT,FLAT,-0.11091,0.070826,-0.09372,NEUTRAL,,,76760.025553,34.845553,OK,STALE_UNDERLYING
SENSEX,2026-09-01,15:29,CLOSING_STATE_UNCERTAIN,76944.28,14,CLOSING_STATE_UNCERTAIN,UNDERLYING_UNAVAILABLE_OPTIONS_AVAILABLE,76800.0,274.425,268.95,2.531291,-4.049233,16241880.0,26255440.0,-22440.0,-7440.0,6.691139,14.855849,0.68365,-0.41297,0.00088,0.00044,-46.40043,-69.1162,21.43537,23.45487,0.236859,0.037182,0.701826,543.375,ACCELERATING,ACCELERATING,0.404989,-0.415069,0.572048,UP,,,76778.348819,53.168819,OK,STALE_UNDERLYING|INVALID_GREEKS
SENSEX,2026-09-01,15:30,STALE,76944.28,15,UNDERLYING_STALE,INSUFFICIENT_DATA,,,,,,,,,,,,,,,,,,,,,,,,,,,,,INSUFFICIENT_DATA,,,,,INVALID,MISSING_OPTION_DATA|STALE_UNDERLYING
NIFTY,2026-09-02,15:15,LIVE,23882.85,0,NORMAL_CONTINUOUS,DIVERGENCE,23950.0,115.825,139.325,0.172973,-0.924444,75396360.0,41599220.0,-21255.0,-20540.0,10.31412,10.076811,0.4703,-0.53052,0.00123,0.00126,-13.30764,-6.51497,12.4295,12.42756,0.215843,0.251211,0.798269,255.15,FALLING,RISING,-0.115146,0.194508,-0.350636,DOWN,,,23900.446319,17.596319,OK,OK
NIFTY,2026-09-02,15:16,STALE,23882.85,1,OPTIONS_ACTIVE_UNDERLYING_STALE,UNDERLYING_UNAVAILABLE_OPTIONS_AVAILABLE,23950.0,115.375,139.075,-0.388517,-0.179437,75684895.0,41716220.0,-26845.0,-31070.0,10.270611,10.073151,0.47015,-0.53054,0.00124,0.00126,-13.26375,-6.51172,12.42845,12.42682,0.216685,0.107855,0.796617,254.45,FLAT,FLAT,-0.013151,-0.130049,0.008156,NEUTRAL,,,23900.296386,17.446386,OK,STALE_UNDERLYING
NIFTY,2026-09-02,15:17,STALE,23882.85,2,OPTIONS_ACTIVE_UNDERLYING_STALE,UNDERLYING_UNAVAILABLE_OPTIONS_AVAILABLE,23900.0,140.125,116.075,-0.708592,0.82519,162441305.0,183358695.0,-49855.0,-41275.0,10.259563,10.252002,0.53216,-0.46782,0.00124,0.00124,-13.64777,-7.10362,12.42215,12.4221,0.178412,0.215378,0.970092,256.2,ACCELERATING,FLAT,0.053414,-0.075306,0.014718,NEUTRAL,,,23898.434793,15.584793,OK,STALE_UNDERLYING
NIFTY,2026-09-02,15:18,STALE,23882.85,3,OPTIONS_ACTIVE_UNDERLYING_STALE,UNDERLYING_UNAVAILABLE_OPTIONS_AVAILABLE,23900.0,140.225,115.875,0.071365,-0.172302,162710340.0,183656980.0,-49985.0,-28080.0,10.264363,10.236304,0.53215,-0.46778,0.00124,0.00124,-13.65303,-7.0888,12.42149,12.4213,0.249599,0.21575,0.973179,256.1,FALLING,FLAT,-0.148703,-0.114706,-0.115046,NEUTRAL,,,23899.019692,16.169692,OK,STALE_UNDERLYING
NIFTY,2026-09-02,15:19,STALE,23882.85,4,OPTIONS_ACTIVE_UNDERLYING_STALE,UNDERLYING_UNAVAILABLE_OPTIONS_AVAILABLE,23900.0,139.025,117.8,-0.855768,1.661273,163182630.0,184033005.0,-15795.0,-56355.0,10.172529,10.369534,0.53239,-0.46813,0.00125,0.00123,-13.56363,-7.21988,12.42021,12.4215,0.107894,0.254669,0.970398,256.825,ACCELERATING,ACCELERATING,-0.174583,0.263111,-0.390367,DOWN,,,23896.14071,13.29071,OK,STALE_UNDERLYING
NIFTY,2026-09-02,15:20,STALE,23882.85,5,OPTIONS_ACTIVE_UNDERLYING_STALE,UNDERLYING_UNAVAILABLE_OPTIONS_AVAILABLE,23950.0,114.55,137.9,1.058668,-2.612994,76634610.0,42084835.0,-46150.0,-24960.0,10.201143,10.006189,0.46988,-0.53081,0.00125,0.00127,-13.19485,-6.44526,12.42505,12.42341,0.174596,0.145033,0.796862,252.45,FLAT,ACCELERATING,0.036452,-0.204878,0.207467,NEUTRAL,,,23900.697127,17.847127,OK,STALE_UNDERLYING
NIFTY,2026-09-02,15:21,STALE,23882.85,6,OPTIONS_ACTIVE_UNDERLYING_STALE,UNDERLYING_UNAVAILABLE_OPTIONS_AVAILABLE,23900.0,138.775,116.55,-1.069328,2.214427,164345025.0,184881905.0,-28860.0,-77155.0,10.149896,10.273726,0.53244,-0.46789,0.00125,0.00124,-13.54256,-7.12711,12.41869,12.41951,0.252207,0.1716,0.966022,255.325,ACCELERATING,ACCELERATING,-0.22438,0.043386,-0.21941,NEUTRAL,,,23896.492338,13.642338,OK,STALE_UNDERLYING
NIFTY,2026-09-02,15:22,STALE,23882.85,7,OPTIONS_ACTIVE_UNDERLYING_STALE,UNDERLYING_UNAVAILABLE_OPTIONS_AVAILABLE,23900.0,139.2,114.375,0.306251,-1.866152,164581105.0,185168815.0,-8710.0,-1495.0,10.190919,10.117095,0.53232,-0.46748,0.00125,0.00126,-13.58329,-6.97422,12.41828,12.41779,0.215517,0.131148,0.967715,253.575,FLAT,ACCELERATING,-0.037618,-0.327708,0.305358,UP,,,23898.846141,15.996141,OK,STALE_UNDERLYING
NIFTY,2026-09-02,15:23,STALE,23882.85,8,OPTIONS_ACTIVE_UNDERLYING_STALE,UNDERLYING_UNAVAILABLE_OPTIONS_AVAILABLE,23950.0,114.175,136.975,0.616876,-1.065367,77440805.0,42405740.0,-41080.0,-36595.0,10.167135,9.91066,0.46973,-0.53118,0.00125,0.00129,-13.16162,-6.34905,12.42264,12.42043,0.131377,0.182515,0.789778,251.15,FLAT,DECELERATING,-0.097524,-0.192105,0.071109,NEUTRAL,,,23901.112863,18.262863,OK,STALE_UNDERLYING
NIFTY,2026-09-02,15:24,STALE,23882.85,9,OPTIONS_ACTIVE_UNDERLYING_STALE,UNDERLYING_UNAVAILABLE_OPTIONS_AVAILABLE,23950.0,113.825,137.275,-0.306547,0.219018,77648480.0,42505710.0,780.0,-455.0,10.151759,9.935165,0.46967,-0.5311,0.00125,0.00128,-13.14641,-6.37459,12.42181,12.41995,0.30749,0.254963,0.78705,251.1,RISING,FALLING,0.027083,-0.118835,0.258286,UP,,,23900.58737,17.73737,OK,STALE_UNDERLYING
NIFTY,2026-09-02,15:25,STALE,23882.85,10,OPTIONS_ACTIVE_UNDERLYING_STALE,UNDERLYING_UNAVAILABLE_OPTIONS_AVAILABLE,23900.0,137.275,115.25,-1.665473,1.497138,165268415.0,186012580.0,-42510.0,-43745.0,10.060296,10.182699,0.53266,-0.46767,0.00127,0.00125,-13.45698,-7.04012,12.41535,12.41619,0.254963,0.086768,0.958089,252.525,ACCELERATING,ACCELERATING,-0.127411,-0.008746,-0.210554,NEUTRAL,,,23896.380035,13.530035,OK,STALE_UNDERLYING
NIFTY,2026-09-02,15:26,STALE,23882.85,11,OPTIONS_ACTIVE_UNDERLYING_STALE,UNDERLYING_UNAVAILABLE_OPTIONS_AVAILABLE,23900.0,133.625,117.425,-2.658896,1.887202,165918155.0,186606420.0,-101075.0,-52780.0,9.710627,10.360286,0.53365,-0.46813,0.00131,0.00123,-13.11526,-7.21472,12.4121,12.41667,0.261927,0.127741,0.959504,251.05,ACCELERATING,ACCELERATING,-0.440067,0.341558,-0.583006,DOWN,,,23890.708,7.858,OK,STALE_UNDERLYING
NIFTY,2026-09-02,15:27,STALE,23882.85,12,OPTIONS_ACTIVE_UNDERLYING_STALE,UNDERLYING_UNAVAILABLE_OPTIONS_AVAILABLE,23900.0,130.475,119.375,-2.357343,1.660634,166261095.0,187034640.0,-140075.0,-100620.0,9.497833,10.521765,0.53428,-0.46854,0.00134,0.00121,-12.9077,-7.37363,12.40972,12.41699,0.268251,0.209424,0.953766,249.85,DECELERATING,RISING,-0.2261,0.314139,-0.511101,DOWN,,,23886.179136,3.329136,OK,STALE_UNDERLYING
NIFTY,2026-09-02,15:28,STALE,23882.85,13,OPTIONS_ACTIVE_UNDERLYING_STALE,UNDERLYING_UNAVAILABLE_OPTIONS_AVAILABLE,23900.0,130.975,117.65,0.383215,-1.445026,166694125.0,187656105.0,-54015.0,-119080.0,9.542871,10.381226,0.53414,-0.46819,0.00133,0.00123,-12.95223,-7.23636,12.40942,12.41544,0.038175,0.084998,0.942617,248.625,FALLING,RISING,-0.262797,0.266904,-0.483285,DOWN,,,23887.949155,5.099155,OK,STALE_UNDERLYING
NIFTY,2026-09-02,15:29,STALE,23882.85,14,OPTIONS_ACTIVE_UNDERLYING_STALE,UNDERLYING_UNAVAILABLE_OPTIONS_AVAILABLE,23900.0,134.65,113.875,2.805879,-3.20867,167309285.0,188432140.0,-38220.0,-3575.0,9.845774,10.071491,0.53324,-0.46739,0.00129,0.00126,-13.24907,-6.93334,12.41109,12.41271,0.2228,0.043908,0.93671,248.525,ACCELERATING,ACCELERATING,0.160834,-0.35284,0.425166,UP,,,23895.538492,12.688492,OK,STALE_UNDERLYING
NIFTY,2026-09-02,15:30,CLOSING_STATE_UNCERTAIN,23914.45,15,CLOSING_STATE_UNCERTAIN,INSUFFICIENT_DATA,,,,,,,,,,,,,,,,,,,,,,,,,,,,,INSUFFICIENT_DATA,,,,,INVALID,MISSING_OPTION_DATA|STALE_UNDERLYING
SENSEX,2026-09-02,15:15,LIVE,76469.92,0,NORMAL_CONTINUOUS,DIVERGENCE,76500.0,223.875,221.75,-0.089256,0.339367,133498660.0,98764200.0,0.0,0.0,12.69008,12.316297,0.49869,-0.50144,0.0007,0.00072,-101.14189,-77.51596,17.82648,17.82647,0.335008,0.225479,0.999089,445.625,DECELERATING,DECELERATING,-0.179883,0.021995,-0.400362,DOWN,,,76488.432065,18.512065,OK,OK
SENSEX,2026-09-02,15:16,STALE,76469.92,1,OPTIONS_ACTIVE_UNDERLYING_STALE,UNDERLYING_UNAVAILABLE_OPTIONS_AVAILABLE,76500.0,219.4,224.65,-1.998883,1.307779,134116620.0,99109840.0,-98880.0,-9200.0,12.399408,12.51287,0.49858,-0.50138,0.00072,0.00071,-99.08669,-78.94673,17.82153,17.82157,0.319052,0.267082,1.018623,444.05,ACCELERATING,ACCELERATING,-0.134652,0.058131,-0.395429,DOWN,,,76481.809541,11.889541,OK,STALE_UNDERLYING
SENSEX,2026-09-02,15:17,STALE,76469.92,2,OPTIONS_ACTIVE_UNDERLYING_STALE,UNDERLYING_UNAVAILABLE_OPTIONS_AVAILABLE,76500.0,221.375,222.025,0.900182,-1.168484,134441820.0,99391320.0,0.0,0.0,12.529536,12.330745,0.49861,-0.50146,0.00071,0.00072,-100.04254,-77.66789,17.81659,17.81656,0.293619,0.20268,1.018623,443.4,FALLING,FLAT,-0.003702,0.08285,-0.16677,NEUTRAL,,,76486.151057,16.231057,OK,STALE_UNDERLYING
SENSEX,2026-09-02,15:18,STALE,76469.92,3,OPTIONS_ACTIVE_UNDERLYING_STALE,UNDERLYING_UNAVAILABLE_OPTIONS_AVAILABLE,76500.0,223.125,218.85,0.790514,-1.430019,134735880.0,99647460.0,-47600.0,-1360.0,12.66262,12.182204,0.49865,-0.50152,0.00071,0.00073,-101.02058,-76.62878,17.81156,17.81155,0.336134,0.27416,1.024213,441.975,FLAT,FALLING,-0.0755,-0.155325,0.102912,NEUTRAL,,,76491.279193,21.359193,OK,STALE_UNDERLYING
SENSEX,2026-09-02,15:19,STALE,76469.92,4,OPTIONS_ACTIVE_UNDERLYING_STALE,UNDERLYING_UNAVAILABLE_OPTIONS_AVAILABLE,76500.0,222.725,218.3,-0.179272,-0.251314,135138920.0,99930140.0,0.0,0.0,12.641265,12.100922,0.49863,-0.50156,0.00071,0.00074,-100.89256,-76.07044,17.80662,17.80663,0.336738,0.32066,1.024213,441.025,RISING,DECELERATING,0.046613,-0.153153,0.287787,UP,,,76490.684762,20.764762,OK,STALE_UNDERLYING
SENSEX,2026-09-02,15:20,STALE,76469.92,5,OPTIONS_ACTIVE_UNDERLYING_STALE,UNDERLYING_UNAVAILABLE_OPTIONS_AVAILABLE,76500.0,229.775,208.925,3.165338,-4.294549,135581640.0,100348380.0,0.0,0.0,13.001888,11.603952,0.49874,-0.50176,0.00069,0.00077,-103.501,-72.53378,17.80169,17.80159,0.282885,0.311116,1.024213,438.7,ACCELERATING,ACCELERATING,0.253766,-0.313365,0.517905,UP,,,76508.468685,38.548685,OK,STALE_UNDERLYING
SENSEX,2026-09-02,15:21,STALE,76469.92,6,OPTIONS_ACTIVE_UNDERLYING_STALE,UNDERLYING_UNAVAILABLE_OPTIONS_AVAILABLE,76500.0,223.8,220.5,-2.60037,5.540266,136049940.0,100683320.0,-58700.0,-84260.0,12.649164,12.281084,0.49861,-0.50152,0.00071,0.00073,-100.99943,-77.40978,17.79664,17.79663,0.178731,0.272109,1.013288,444.3,FLAT,ACCELERATING,0.102806,0.173031,-0.0907,NEUTRAL,,,76489.439467,19.519467,OK,STALE_UNDERLYING
SENSEX,2026-09-02,15:22,STALE,76469.92,7,OPTIONS_ACTIVE_UNDERLYING_STALE,UNDERLYING_UNAVAILABLE_OPTIONS_AVAILABLE,76500.0,222.7,215.5,-0.49151,-2.267574,136300480.0,100898200.0,0.0,0.0,12.641843,11.986182,0.49859,-0.50164,0.00071,0.00075,-100.97192,-75.31982,17.79169,17.79169,0.13471,0.092807,1.013288,438.2,FLAT,ACCELERATING,0.037341,-0.148009,0.206956,NEUTRAL,,,76493.470159,23.550159,OK,STALE_UNDERLYING
SENSEX,2026-09-02,15:23,STALE,76469.92,8,OPTIONS_ACTIVE_UNDERLYING_STALE,UNDERLYING_UNAVAILABLE_OPTIONS_AVAILABLE,76500.0,227.075,208.275,1.964526,-3.352668,136673760.0,101286920.0,0.0,0.0,12.898765,11.609641,0.49867,-0.50179,0.00069,0.00077,-102.8391,-72.64355,17.78675,17.78666,0.286249,0.21606,1.013288,435.35,FALLING,FLAT,-0.094009,-0.026914,-0.096446,NEUTRAL,,,76505.79014,35.87014,OK,STALE_UNDERLYING
SENSEX,2026-09-02,15:24,STALE,76469.92,9,OPTIONS_ACTIVE_UNDERLYING_STALE,UNDERLYING_UNAVAILABLE_OPTIONS_AVAILABLE,76500.0,225.325,207.525,-0.77067,-0.360101,137014780.0,101613340.0,-131800.0,-51080.0,12.784658,11.57594,0.49862,-0.50182,0.0007,0.00077,-102.0462,-72.42497,17.78179,17.78164,0.244092,0.216841,1.009046,432.85,RISING,DECELERATING,0.104437,-0.313258,0.44601,UP,,,76503.58541,33.66541,OK,STALE_UNDERLYING
SENSEX,2026-09-02,15:25,STALE,76469.92,10,OPTIONS_ACTIVE_UNDERLYING_STALE,UNDERLYING_UNAVAILABLE_OPTIONS_AVAILABLE,76500.0,212.8,213.85,-5.558638,3.047826,137481120.0,101953320.0,0.0,0.0,12.102414,11.893758,0.49837,-0.50171,0.00074,0.00075,-97.17726,-74.7281,17.77669,17.77674,0.328947,0.28057,1.009046,426.65,ACCELERATING,FALLING,-0.298115,-0.153349,-0.281307,DOWN,,,76485.702104,15.782104,OK,STALE_UNDERLYING
SENSEX,2026-09-02,15:26,STALE,76469.92,11,OPTIONS_ACTIVE_UNDERLYING_STALE,UNDERLYING_UNAVAILABLE_OPTIONS_AVAILABLE,76500.0,194.3,228.075,-8.693609,6.651859,138329420.0,102717160.0,-151200.0,-94820.0,11.065204,12.718225,0.49795,-0.50143,0.00081,0.0007,-89.75672,-80.66881,17.77166,17.77178,0.308801,0.328839,1.03226,422.375,ACCELERATING,ACCELERATING,-0.42348,0.434112,-0.619194,DOWN,,,76452.632946,-17.287054,OK,STALE_UNDERLYING
SENSEX,2026-09-02,15:27,STALE,76469.92,12,OPTIONS_ACTIVE_UNDERLYING_STALE,UNDERLYING_UNAVAILABLE_OPTIONS_AVAILABLE,76500.0,190.05,231.85,-2.187339,1.655157,138736360.0,103050460.0,0.0,0.0,10.829481,12.915577,0.49784,-0.50137,0.00083,0.00069,-88.08607,-82.11095,17.76668,17.76678,0.315706,0.301919,1.03226,421.9,DECELERATING,DECELERATING,-0.374212,0.309811,-0.56134,DOWN,,,76444.606705,-25.313295,OK,STALE_UNDERLYING
SENSEX,2026-09-02,15:28,STALE,76469.92,13,OPTIONS_ACTIVE_UNDERLYING_STALE,UNDERLYING_UNAVAILABLE_OPTIONS_AVAILABLE,76500.0,189.575,229.6,-0.249934,-0.970455,139454680.0,103705200.0,0.0,0.0,10.779482,12.789261,0.4978,-0.50142,0.00083,0.0007,-87.74875,-81.22946,17.76163,17.76184,0.184623,0.304878,1.03226,419.175,DECELERATING,RISING,-0.359405,0.318979,-0.559399,DOWN,,,76446.730513,-23.189487,OK,STALE_UNDERLYING
SENSEX,2026-09-02,15:29,CLOSING_STATE_UNCERTAIN,76570.35,14,CLOSING_STATE_UNCERTAIN,UNDERLYING_UNAVAILABLE_OPTIONS_AVAILABLE,76500.0,223.425,198.125,17.85573,-13.708624,140413740.0,104525000.0,-77840.0,-143720.0,9.601769,13.732646,0.59013,-0.4359,0.00091,0.00064,-79.57848,-88.25064,17.32453,17.55024,0.335683,0.277603,0.997763,421.55,ACCELERATING,ACCELERATING,0.619715,-0.722985,0.7809,UP,,,76512.182561,42.262561,OK,STALE_UNDERLYING
SENSEX,2026-09-02,15:30,STALE,76570.35,15,UNDERLYING_STALE,INSUFFICIENT_DATA,,,,,,,,,,,,,,,,,,,,,,,,,,,,,INSUFFICIENT_DATA,,,,,INVALID,MISSING_OPTION_DATA|STALE_UNDERLYING
NIFTY,2026-09-03,15:15,LIVE,23904.1,0,NORMAL_CONTINUOUS,OPTIONS_CONFIRM,23950.0,107.8,103.8,-0.85077,-0.669856,109220280.0,144165190.0,-154765.0,-35490.0,9.938867,8.560219,0.48628,-0.51665,0.0014,0.00162,-13.9784,-5.90744,11.42624,11.42305,0.185529,0.192678,0.606288,211.6,RISING,DECELERATING,0.271682,-0.410494,0.476288,UP,,,23932.128947,28.028947,OK,OK
NIFTY,2026-09-03,15:16,STALE,23904.1,1,OPTIONS_ACTIVE_UNDERLYING_STALE,UNDERLYING_UNAVAILABLE_OPTIONS_AVAILABLE,23950.0,107.975,103.375,0.162338,-0.409441,109520580.0,144430195.0,-66820.0,-17355.0,9.944087,8.525557,0.48628,-0.51674,0.0014,0.00163,-13.9848,-5.86972,11.42549,11.42219,0.231535,0.145103,0.606795,211.35,ACCELERATING,FALLING,0.157738,-0.32198,0.457644,UP,,,23933.226482,29.126482,OK,STALE_UNDERLYING
NIFTY,2026-09-03,15:17,STALE,23904.1,2,OPTIONS_ACTIVE_UNDERLYING_STALE,UNDERLYING_UNAVAILABLE_OPTIONS_AVAILABLE,23950.0,108.825,103.5,0.787219,0.120919,109705700.0,144591395.0,-195585.0,-154245.0,10.023709,8.539044,0.48642,-0.51671,0.00139,0.00163,-14.07303,-5.88515,11.42487,11.42147,0.321617,0.193237,0.606727,212.325,FLAT,FALLING,-0.153615,-0.040459,0.01904,NEUTRAL,,,23933.504422,29.404422,OK,STALE_UNDERLYING
NIFTY,2026-09-03,15:18,STALE,23904.1,3,OPTIONS_ACTIVE_UNDERLYING_STALE,UNDERLYING_UNAVAILABLE_OPTIONS_AVAILABLE,23950.0,108.025,103.925,-0.735125,0.410628,109868915.0,144685190.0,-32305.0,-8320.0,9.950158,8.578804,0.48627,-0.51663,0.0014,0.00162,-13.9928,-5.9296,11.42398,11.42081,0.231428,0.144335,0.61149,211.95,FLAT,FLAT,-0.019361,0.02775,-0.002,NEUTRAL,,,23932.368213,28.268213,OK,STALE_UNDERLYING
NIFTY,2026-09-03,15:19,STALE,23904.1,4,OPTIONS_ACTIVE_UNDERLYING_STALE,UNDERLYING_UNAVAILABLE_OPTIONS_AVAILABLE,23950.0,108.075,102.65,0.046286,-1.226846,110213285.0,144850160.0,-110695.0,-16120.0,9.955387,8.482842,0.48628,-0.51687,0.0014,0.00164,-13.99922,-5.82419,11.42322,11.41977,0.231321,0.194837,0.616371,210.725,FLAT,ACCELERATING,-0.153541,-0.072653,0.001171,NEUTRAL,,,23933.465735,29.365735,OK,STALE_UNDERLYING
NIFTY,2026-09-03,15:20,STALE,23904.1,5,OPTIONS_ACTIVE_UNDERLYING_STALE,UNDERLYING_UNAVAILABLE_OPTIONS_AVAILABLE,23950.0,105.575,104.4,-2.313208,1.704822,110564545.0,145086110.0,-70590.0,-24895.0,9.719868,8.632071,0.48582,-0.51652,0.00143,0.00161,-13.74072,-5.98952,11.422,11.41943,0.04736,0.191571,0.619032,209.975,ACCELERATING,ACCELERATING,-0.241773,0.213371,-0.39653,DOWN,,,23929.577369,25.477369,OK,STALE_UNDERLYING
NIFTY,2026-09-03,15:21,STALE,23904.1,6,OPTIONS_ACTIVE_UNDERLYING_STALE,UNDERLYING_UNAVAILABLE_OPTIONS_AVAILABLE,23950.0,98.75,112.5,-6.464599,7.758621,111440095.0,145630875.0,0.0,0.0,9.151556,9.319853,0.48465,-0.51499,0.00152,0.00149,-13.11536,-6.74862,11.42001,11.4204,0.303797,0.177778,0.619823,211.25,ACCELERATING,ACCELERATING,-0.542881,0.521833,-0.688084,DOWN,,,23914.505298,10.405298,OK,STALE_UNDERLYING
NIFTY,2026-09-03,15:22,STALE,23904.1,7,OPTIONS_ACTIVE_UNDERLYING_STALE,UNDERLYING_UNAVAILABLE_OPTIONS_AVAILABLE,23950.0,99.925,112.175,1.189873,-0.288889,111902375.0,145984800.0,-281515.0,-124670.0,9.235545,9.280857,0.48482,-0.51508,0.00151,0.0015,-13.20854,-6.70626,11.41944,11.41954,0.050038,0.222866,0.61993,212.1,FALLING,RISING,-0.438163,0.395083,-0.610942,DOWN,,,23915.751825,11.651825,OK,STALE_UNDERLYING
NIFTY,2026-09-03,15:23,STALE,23904.1,8,OPTIONS_ACTIVE_UNDERLYING_STALE,UNDERLYING_UNAVAILABLE_OPTIONS_AVAILABLE,23950.0,99.975,111.7,0.050038,-0.423446,112132930.0,146167840.0,-86515.0,-36920.0,9.245099,9.246231,0.48484,-0.51516,0.00151,0.00151,-13.21968,-6.6687,11.4187,11.41871,0.050013,0.268577,0.619261,211.675,FALLING,RISING,-0.175396,0.213412,-0.461432,DOWN,,,23916.561154,12.461154,OK,STALE_UNDERLYING
NIFTY,2026-09-03,15:24,STALE,23904.1,9,OPTIONS_ACTIVE_UNDERLYING_STALE,UNDERLYING_UNAVAILABLE_OPTIONS_AVAILABLE,23950.0,99.925,112.25,-0.050013,0.49239,112371350.0,146300440.0,-35165.0,-3640.0,9.245915,9.316707,0.48483,-0.51502,0.00151,0.00149,-13.22119,-6.74699,11.41793,11.41809,0.150113,0.089087,0.61955,212.175,RISING,FLAT,0.057692,-0.045319,0.147175,NEUTRAL,,,23916.035931,11.935931,OK,STALE_UNDERLYING
NIFTY,2026-09-03,15:25,STALE,23904.1,10,OPTIONS_ACTIVE_UNDERLYING_STALE,UNDERLYING_UNAVAILABLE_OPTIONS_AVAILABLE,23950.0,97.4,114.375,-2.526895,1.893096,112680425.0,146479580.0,-46540.0,-1235.0,9.014605,9.505424,0.48432,-0.51464,0.00154,0.00146,-12.96674,-6.95555,11.41661,11.41774,0.102669,0.131148,0.619848,211.775,ACCELERATING,ACCELERATING,-0.078052,0.141636,-0.324067,DOWN,,,23911.541226,7.441226,OK,STALE_UNDERLYING
NIFTY,2026-09-03,15:26,STALE,23904.1,11,OPTIONS_ACTIVE_UNDERLYING_STALE,UNDERLYING_UNAVAILABLE_OPTIONS_AVAILABLE,23950.0,96.925,113.725,-0.48768,-0.568306,112983065.0,146693300.0,-32955.0,-23660.0,8.984728,9.435772,0.48425,-0.51479,0.00155,0.00148,-12.93436,-6.87943,11.41577,11.41683,0.154759,0.131897,0.61924,210.65,DECELERATING,RISING,-0.286722,0.229788,-0.451543,DOWN,,,23911.691837,7.591837,OK,STALE_UNDERLYING
NIFTY,2026-09-03,15:27,STALE,23904.1,12,OPTIONS_ACTIVE_UNDERLYING_STALE,UNDERLYING_UNAVAILABLE_OPTIONS_AVAILABLE,23950.0,96.175,116.225,-0.773794,2.198285,113312615.0,146978195.0,-67080.0,-19175.0,8.941724,9.633275,0.48414,-0.5144,0.00156,0.00145,-12.88751,-7.09764,11.41489,11.41648,0.259943,0.12906,0.617536,212.4,FALLING,ACCELERATING,-0.329929,0.383052,-0.551163,DOWN,,,23908.625271,4.525271,OK,STALE_UNDERLYING
NIFTY,2026-09-03,15:28,STALE,23904.1,13,OPTIONS_ACTIVE_UNDERLYING_STALE,UNDERLYING_UNAVAILABLE_OPTIONS_AVAILABLE,23900.0,115.575,95.575,-5.052372,4.083855,111851285.0,185416855.0,-23920.0,-85085.0,8.330719,9.966415,0.56591,-0.44412,0.00165,0.00138,-12.63553,-7.82756,11.26692,11.31093,0.21631,0.052315,0.722976,211.15,ACCELERATING,ACCELERATING,-0.323315,0.334275,-0.550969,DOWN,,,23898.25323,-5.84677,OK,STALE_UNDERLYING
NIFTY,2026-09-03,15:29,CLOSING_STATE_UNCERTAIN,23873.45,14,CLOSING_STATE_UNCERTAIN,UNDERLYING_UNAVAILABLE_OPTIONS_AVAILABLE,23900.0,114.025,99.725,-1.34112,4.34214,112650395.0,186719000.0,1300.0,-96265.0,9.639779,9.092803,0.51347,-0.48599,0.00145,0.00153,-13.82135,-6.69213,11.40127,11.40073,0.30695,0.350965,0.720924,213.75,DECELERATING,RISING,-0.743195,0.51854,-0.753825,DOWN,,,23893.320203,-10.779797,OK,STALE_UNDERLYING
NIFTY,2026-09-03,15:30,STALE,23873.45,15,UNDERLYING_STALE,INSUFFICIENT_DATA,,,,,,,,,,,,,,,,,,,,,,,,,,,,,INSUFFICIENT_DATA,,,,,INVALID,MISSING_OPTION_DATA|STALE_UNDERLYING
SENSEX,2026-09-03,15:15,LIVE,76554.2,0,NORMAL_CONTINUOUS,OPTIONS_CONFIRM,76600.0,135.7,101.575,-13.759136,15.689066,179411100.0,383084080.0,0.0,0.0,19.534455,10.067749,0.45937,-0.57988,0.00102,0.00195,-322.5711,-146.68942,7.89238,7.77416,0.36846,0.344573,0.7222,237.275,RISING,FALLING,0.58686,-0.628068,0.738309,UP,,,76634.308276,80.108276,OK,INVALID_GREEKS
SENSEX,2026-09-03,15:16,STALE,76554.2,1,OPTIONS_ACTIVE_UNDERLYING_STALE,UNDERLYING_UNAVAILABLE_OPTIONS_AVAILABLE,76600.0,141.1,99.775,3.979366,-1.77209,180580040.0,384204780.0,-940780.0,47980.0,20.247469,9.816679,0.46079,-0.58206,0.00099,0.002,-334.59116,-142.72394,7.88427,7.75431,0.212615,0.150338,0.778125,240.875,ACCELERATING,ACCELERATING,0.3609,-0.444218,0.601706,UP,,,76640.867205,86.667205,OK,STALE_UNDERLYING|INVALID_GREEKS
SENSEX,2026-09-03,15:17,STALE,76554.2,2,OPTIONS_ACTIVE_UNDERLYING_STALE,UNDERLYING_UNAVAILABLE_OPTIONS_AVAILABLE,76600.0,128.95,108.075,-8.610914,8.318717,182111260.0,385735700.0,0.0,0.0,18.777622,10.879606,0.4575,-0.57417,0.00107,0.00182,-311.10504,-160.59058,7.86641,7.77435,0.310198,0.231321,0.778125,237.025,ACCELERATING,ACCELERATING,-0.277101,0.315543,-0.530881,DOWN,,,76620.526047,66.326047,OK,STALE_UNDERLYING|INVALID_GREEKS
SENSEX,2026-09-03,15:18,STALE,76554.2,3,OPTIONS_ACTIVE_UNDERLYING_STALE,UNDERLYING_UNAVAILABLE_OPTIONS_AVAILABLE,76600.0,139.375,103.9,8.084529,-3.863058,183210740.0,387076120.0,-175940.0,-4820.0,20.134986,10.352501,0.46042,-0.57809,0.001,0.00191,-333.66623,-152.06206,7.86119,7.74838,0.32287,0.288739,0.781808,243.275,ACCELERATING,RISING,0.087011,0.180336,-0.030365,NEUTRAL,,,76635.636176,81.436176,OK,STALE_UNDERLYING|INVALID_GREEKS
SENSEX,2026-09-03,15:19,STALE,76554.2,4,OPTIONS_ACTIVE_UNDERLYING_STALE,UNDERLYING_UNAVAILABLE_OPTIONS_AVAILABLE,76600.0,141.025,104.625,1.183857,0.697786,183992700.0,387808600.0,0.0,0.0,20.355582,10.42435,0.4608,-0.57769,0.00099,0.0019,-337.72128,-153.47949,7.85075,7.73888,0.319092,0.334528,0.781808,245.65,FLAT,ACCELERATING,0.121091,0.152609,-0.282266,DOWN,,,76636.145525,81.945525,OK,STALE_UNDERLYING|INVALID_GREEKS
SENSEX,2026-09-03,15:20,STALE,76554.2,5,OPTIONS_ACTIVE_UNDERLYING_STALE,UNDERLYING_UNAVAILABLE_OPTIONS_AVAILABLE,76500.0,91.975,108.65,-55.706718,50.276625,109203860.0,520512260.0,0.0,0.0,7.295995,17.353645,0.66006,-0.43041,0.00254,0.00115,-122.49748,-268.11807,7.23487,7.7575,0.163088,0.736309,0.997424,200.625,ACCELERATING,ACCELERATING,-0.122599,0.570999,-0.564533,DOWN,,,76483.105518,-71.094482,OK,STALE_UNDERLYING|INVALID_GREEKS
SENSEX,2026-09-03,15:21,STALE,76554.2,6,OPTIONS_ACTIVE_UNDERLYING_STALE,UNDERLYING_UNAVAILABLE_OPTIONS_AVAILABLE,76400.0,81.225,103.3,-46.588854,49.981851,35776700.0,322533540.0,157260.0,-1334640.0,,21.783228,,-0.3542,,0.00087,,-322.4662,,7.33496,0.430902,0.484027,1.148471,184.525,FALLING,ACCELERATING,-0.912747,0.663183,-0.858643,DOWN,,,76376.740411,-177.459589,OK,STALE_UNDERLYING|INVALID_GREEKS
SENSEX,2026-09-03,15:22,STALE,76554.2,7,OPTIONS_ACTIVE_UNDERLYING_STALE,UNDERLYING_UNAVAILABLE_OPTIONS_AVAILABLE,76400.0,75.625,120.525,-6.894429,16.674734,37366780.0,325808560.0,0.0,0.0,,24.193303,,-0.36777,,0.00079,,-363.96124,,7.4196,0.330579,0.373367,1.148471,196.15,DECELERATING,DECELERATING,-0.678557,0.567819,-0.748792,DOWN,,,76355.024414,-199.175586,OK,STALE_UNDERLYING|INVALID_GREEKS
SENSEX,2026-09-03,15:23,STALE,76554.2,8,OPTIONS_ACTIVE_UNDERLYING_STALE,UNDERLYING_UNAVAILABLE_OPTIONS_AVAILABLE,76300.0,101.25,85.8,-25.331858,4.729936,15882200.0,261467180.0,0.0,0.0,,23.922193,,-0.28939,,0.00073,,-327.9375,,6.72353,0.296296,0.4662,1.474896,187.05,ACCELERATING,DECELERATING,-0.827231,0.643923,-0.823718,DOWN,,,76314.559295,-239.640705,OK,STALE_UNDERLYING|INVALID_GREEKS
SENSEX,2026-09-03,15:24,STALE,76554.2,9,OPTIONS_ACTIVE_UNDERLYING_STALE,UNDERLYING_UNAVAILABLE_OPTIONS_AVAILABLE,76300.0,107.8,71.65,6.469136,-16.491841,16978280.0,264772580.0,525300.0,-724700.0,,21.839575,,-0.27147,,0.00077,,-290.36438,,6.50932,0.371058,0.279135,1.030333,179.45,FALLING,RISING,-0.661581,0.374262,-0.678614,DOWN,,,76335.793459,-218.406541,OK,STALE_UNDERLYING|INVALID_GREEKS
SENSEX,2026-09-03,15:25,STALE,76554.2,10,OPTIONS_ACTIVE_UNDERLYING_STALE,UNDERLYING_UNAVAILABLE_OPTIONS_AVAILABLE,76300.0,63.45,84.675,-41.141002,18.178646,18461060.0,268038280.0,0.0,0.0,,23.892903,,-0.28864,,0.00073,,-328.09793,,6.69602,0.945626,0.531444,1.030333,148.125,ACCELERATING,ACCELERATING,-0.643568,0.285378,-0.642982,DOWN,,,76277.378037,-276.821963,OK,STALE_UNDERLYING|INVALID_GREEKS
SENSEX,2026-09-03,15:26,STALE,76554.2,11,OPTIONS_ACTIVE_UNDERLYING_STALE,UNDERLYING_UNAVAILABLE_OPTIONS_AVAILABLE,76200.0,69.275,65.075,-45.452756,23.073286,10904080.0,232787560.0,341580.0,-329360.0,,24.882545,,-0.22895,,0.00062,,-304.2389,,5.92915,0.649585,0.537841,1.173442,134.35,ACCELERATING,ACCELERATING,-0.742945,0.589145,-0.777363,DOWN,,,76206.412355,-347.787645,OK,STALE_UNDERLYING|INVALID_GREEKS
SENSEX,2026-09-03,15:27,STALE,76554.2,12,OPTIONS_ACTIVE_UNDERLYING_STALE,UNDERLYING_UNAVAILABLE_OPTIONS_AVAILABLE,76200.0,33.1,78.825,-52.219415,21.129466,15814560.0,238775700.0,0.0,0.0,,27.204526,,-0.24811,,0.0006,,-348.3859,,6.18669,0.906344,0.190295,1.173442,111.925,ACCELERATING,DECELERATING,-0.522816,0.4845,-0.669105,DOWN,,,76151.771618,-402.428382,OK,STALE_UNDERLYING|INVALID_GREEKS
SENSEX,2026-09-03,15:28,STALE,76554.2,13,OPTIONS_ACTIVE_UNDERLYING_STALE,UNDERLYING_UNAVAILABLE_OPTIONS_AVAILABLE,76200.0,13.575,24.125,-58.987915,-69.394228,21156520.0,245478360.0,0.0,0.0,,17.160639,,-0.14076,,0.00067,,-154.71266,,4.36051,12.154696,0.621762,1.173442,37.7,ACCELERATING,ACCELERATING,-0.635754,-0.637482,-0.332757,MIXED,,,76228.881079,-325.318921,LOW,STALE_UNDERLYING|INVALID_GREEKS|WIDE_SPREAD
SENSEX,2026-09-03,15:29,CLOSING_STATE_UNCERTAIN,76152.86,14,CLOSING_STATE_UNCERTAIN,UNDERLYING_UNAVAILABLE_OPTIONS_AVAILABLE,76200.0,0.525,47.225,-96.132597,95.751295,35713100.0,253109120.0,2400920.0,358980.0,1.329844,2.463924,0.05091,-0.81134,0.00406,0.00566,-6.76292,-10.33691,2.02853,5.23855,9.52381,0.317628,0.906639,47.75,ACCELERATING,FALLING,-0.494349,-0.141904,-0.450815,DOWN,,,,,INVALID,STALE_UNDERLYING|INVALID_GREEKS|WIDE_SPREAD
SENSEX,2026-09-03,15:30,STALE,76152.86,15,UNDERLYING_STALE,INSUFFICIENT_DATA,,,,,,,,,,,,,,,,,,,,,,,,,,,,,INSUFFICIENT_DATA,,,,,INVALID,MISSING_OPTION_DATA|STALE_UNDERLYING
NIFTY,2026-09-04,15:15,LIVE,23937.9,0,NORMAL_CONTINUOUS,NEITHER_DIRECTIONAL,24000.0,76.8,99.5,0.589391,-1.873767,450193055.0,332977775.0,-347880.0,-179595.0,9.007609,7.883413,0.44351,-0.56499,0.0017,0.00193,-13.70309,-5.70182,10.19692,10.16338,0.130208,0.100503,0.839231,176.3,FALLING,FLAT,-0.005545,-0.152645,0.080434,NEUTRAL,,,23959.987226,22.087226,OK,OK
NIFTY,2026-09-04,15:16,STALE,23937.9,1,OPTIONS_ACTIVE_UNDERLYING_STALE,UNDERLYING_UNAVAILABLE_OPTIONS_AVAILABLE,24000.0,75.95,100.05,-1.106771,0.552764,451978670.0,334222395.0,50115.0,-146900.0,8.915369,7.928084,0.44288,-0.56462,0.00172,0.00192,-13.58688,-5.7598,10.19375,10.16408,0.263331,0.1999,0.829353,176.0,ACCELERATING,ACCELERATING,-0.363249,0.351425,-0.488499,DOWN,,,23958.800745,20.900745,OK,STALE_UNDERLYING
NIFTY,2026-09-04,15:17,STALE,23937.9,2,OPTIONS_ACTIVE_UNDERLYING_STALE,UNDERLYING_UNAVAILABLE_OPTIONS_AVAILABLE,24000.0,77.775,97.875,2.402897,-2.173913,452779080.0,334567675.0,-52130.0,-11245.0,9.117365,7.711926,0.44421,-0.56652,0.00168,0.00198,-13.84367,-5.48257,10.19779,10.15514,0.32144,0.255428,0.830948,175.65,ACCELERATING,ACCELERATING,0.053789,-0.308807,0.414311,UP,,,23962.77164,24.87164,OK,STALE_UNDERLYING
NIFTY,2026-09-04,15:18,STALE,23937.9,3,OPTIONS_ACTIVE_UNDERLYING_STALE,UNDERLYING_UNAVAILABLE_OPTIONS_AVAILABLE,24000.0,76.8,99.0,-1.253616,1.149425,453645140.0,334958845.0,-148590.0,-33540.0,9.025133,7.845216,0.44359,-0.56536,0.0017,0.00194,-13.72758,-5.65463,10.1947,10.15929,0.260417,0.20202,0.832287,175.8,FLAT,FALLING,0.003651,-0.191086,0.101652,NEUTRAL,,,23960.645962,22.745962,OK,STALE_UNDERLYING
NIFTY,2026-09-04,15:19,STALE,23937.9,4,OPTIONS_ACTIVE_UNDERLYING_STALE,UNDERLYING_UNAVAILABLE_OPTIONS_AVAILABLE,24000.0,75.75,99.55,-1.367188,0.555556,454331345.0,335285665.0,-129610.0,-64155.0,8.903426,7.894818,0.44276,-0.56495,0.00172,0.00193,-13.57396,-5.71897,10.1908,10.16021,0.264026,0.100452,0.829558,175.3,FLAT,FLAT,-0.108924,-0.064719,0.010209,NEUTRAL,,,23959.188244,21.288244,OK,STALE_UNDERLYING
NIFTY,2026-09-04,15:20,STALE,23937.9,5,OPTIONS_ACTIVE_UNDERLYING_STALE,UNDERLYING_UNAVAILABLE_OPTIONS_AVAILABLE,23950.0,85.775,87.475,-15.844984,15.631196,286444080.0,377499330.0,-61750.0,-147940.0,7.567076,9.215679,0.53372,-0.47166,0.00204,0.00167,-12.62561,-8.03666,10.25935,10.27015,0.641212,0.628751,0.964685,173.25,ACCELERATING,ACCELERATING,-0.625598,0.581987,-0.735862,DOWN,,,23929.487535,-8.412465,OK,STALE_UNDERLYING
NIFTY,2026-09-04,15:21,STALE,23937.9,6,OPTIONS_ACTIVE_UNDERLYING_STALE,UNDERLYING_UNAVAILABLE_OPTIONS_AVAILABLE,23950.0,92.775,83.375,8.160886,-4.687053,288699125.0,381607980.0,-486330.0,-1181310.0,8.24036,8.831542,0.53124,-0.4706,0.00187,0.00175,-13.42737,-7.57856,10.26372,10.26734,0.161681,0.29985,0.964489,176.15,FALLING,RISING,-0.348163,0.406826,-0.584965,DOWN,,,23943.115482,5.215482,OK,STALE_UNDERLYING
NIFTY,2026-09-04,15:22,STALE,23937.9,7,OPTIONS_ACTIVE_UNDERLYING_STALE,UNDERLYING_UNAVAILABLE_OPTIONS_AVAILABLE,23950.0,90.85,83.475,-2.074912,0.11994,290315480.0,384475260.0,124020.0,-372320.0,8.051257,8.861279,0.53188,-0.4707,0.00191,0.00174,-13.20291,-7.61493,10.26156,10.26667,0.220143,0.299491,0.946974,174.325,ACCELERATING,ACCELERATING,-0.372817,0.391864,-0.588206,DOWN,,,23940.500817,2.600817,OK,STALE_UNDERLYING
NIFTY,2026-09-04,15:23,STALE,23937.9,8,OPTIONS_ACTIVE_UNDERLYING_STALE,UNDERLYING_UNAVAILABLE_OPTIONS_AVAILABLE,23950.0,90.6,82.85,-0.275179,-0.748727,291245955.0,385737885.0,25415.0,-277810.0,8.032657,8.788734,0.53194,-0.47049,0.00192,0.00175,-13.18153,-7.52914,10.2606,10.26544,0.220751,0.2414,0.944228,173.45,RISING,ACCELERATING,0.316772,-0.334509,0.548742,UP,,,23941.157495,3.257495,OK,STALE_UNDERLYING
NIFTY,2026-09-04,15:24,STALE,23937.9,9,OPTIONS_ACTIVE_UNDERLYING_STALE,UNDERLYING_UNAVAILABLE_OPTIONS_AVAILABLE,23950.0,90.325,82.65,-0.303532,-0.2414,292040580.0,386643205.0,36855.0,-86385.0,7.975066,8.764887,0.53214,-0.47043,0.00193,0.00176,-13.11373,-7.5015,10.25935,10.26448,0.166067,0.241984,0.940408,172.975,FALLING,DECELERATING,-0.107205,-0.066682,-0.178934,NEUTRAL,,,23940.988683,3.088683,OK,STALE_UNDERLYING
NIFTY,2026-09-04,15:25,STALE,23937.9,10,OPTIONS_ACTIVE_UNDERLYING_STALE,UNDERLYING_UNAVAILABLE_OPTIONS_AVAILABLE,23950.0,90.35,81.7,0.027678,-1.149425,292852105.0,387757890.0,-22685.0,-95810.0,7.980822,8.672829,0.53211,-0.47016,0.00193,0.00178,-13.12134,-7.39242,10.25857,10.26313,0.332042,0.244798,0.939639,172.05,FALLING,ACCELERATING,-0.017079,-0.119739,0.153532,NEUTRAL,,,23941.816637,3.916637,OK,STALE_UNDERLYING
NIFTY,2026-09-04,15:26,STALE,23937.9,11,OPTIONS_ACTIVE_UNDERLYING_STALE,UNDERLYING_UNAVAILABLE_OPTIONS_AVAILABLE,23950.0,91.45,79.375,1.217488,-2.845777,293778940.0,389625210.0,-16900.0,-221195.0,8.11819,8.449196,0.53162,-0.46947,0.0019,0.00183,-13.28573,-7.12634,10.25874,10.26094,0.218699,0.314961,0.935777,170.825,ACCELERATING,ACCELERATING,0.125106,-0.304596,0.44017,UP,,,23945.39459,7.49459,OK,STALE_UNDERLYING
NIFTY,2026-09-04,15:27,STALE,23937.9,12,OPTIONS_ACTIVE_UNDERLYING_STALE,UNDERLYING_UNAVAILABLE_OPTIONS_AVAILABLE,23950.0,92.65,78.575,1.312192,-1.007874,295214010.0,391381770.0,-2015.0,-533000.0,8.236075,8.371707,0.53122,-0.46923,0.00187,0.00184,-13.42701,-7.03472,10.25872,10.25962,0.215866,0.1909,0.914299,171.225,RISING,DECELERATING,0.460528,-0.432062,0.615871,UP,,,23947.172544,9.272544,OK,STALE_UNDERLYING
NIFTY,2026-09-04,15:28,STALE,23937.9,13,OPTIONS_ACTIVE_UNDERLYING_STALE,UNDERLYING_UNAVAILABLE_OPTIONS_AVAILABLE,23950.0,92.85,77.4,0.215866,-1.495387,295999600.0,392103725.0,-13975.0,-37830.0,8.222363,8.255209,0.53125,-0.46886,0.00188,0.00187,-13.41146,-6.89659,10.2578,10.25802,0.323102,0.258398,0.918626,170.25,DECELERATING,ACCELERATING,0.137264,-0.200953,0.435645,UP,,,23948.850497,10.950497,OK,STALE_UNDERLYING
NIFTY,2026-09-04,15:29,CLOSING_STATE_UNCERTAIN,23897.7,14,CLOSING_STATE_UNCERTAIN,UNDERLYING_UNAVAILABLE_OPTIONS_AVAILABLE,23950.0,86.525,82.5,-6.812062,6.589147,297145745.0,393542435.0,-73255.0,-133055.0,9.553052,6.768302,0.46236,-0.55448,0.00161,0.00227,-14.53247,-4.4752,10.22553,10.17537,0.288934,0.121212,0.91651,169.025,ACCELERATING,ACCELERATING,-0.667101,0.531995,-0.727005,DOWN,,,23937.278451,-0.621549,OK,STALE_UNDERLYING
NIFTY,2026-09-04,15:30,STALE,23897.7,15,UNDERLYING_STALE,INSUFFICIENT_DATA,,,,,,,,,,,,,,,,,,,,,,,,,,,,,INSUFFICIENT_DATA,,,,,INVALID,MISSING_OPTION_DATA|STALE_UNDERLYING
SENSEX,2026-09-04,15:15,LIVE,76645.88,0,NORMAL_CONTINUOUS,NEITHER_DIRECTIONAL,76800.0,402.9,415.025,-0.148699,-0.455717,11594480.0,11805040.0,0.0,0.0,10.355988,10.069621,0.49394,-0.50638,0.00038,0.0004,-43.41707,-21.49108,39.99576,39.99526,0.04964,0.277092,1.053489,817.925,FLAT,FLAT,-0.05059,-0.011582,-0.043047,NEUTRAL,,,76704.68135,58.80135,OK,OK
SENSEX,2026-09-04,15:16,STALE,76645.88,1,OPTIONS_ACTIVE_UNDERLYING_STALE,UNDERLYING_UNAVAILABLE_OPTIONS_AVAILABLE,76800.0,407.9,406.825,1.241003,-1.975785,11623700.0,11842380.0,-2500.0,-13020.0,10.465508,9.86871,0.49406,-0.50662,0.00038,0.0004,-43.77092,-20.84643,39.99371,39.99263,0.245158,0.258096,1.033847,814.725,ACCELERATING,ACCELERATING,0.173574,-0.213249,0.299279,UP,,,76718.804829,72.924829,OK,STALE_UNDERLYING
SENSEX,2026-09-04,15:17,STALE,76645.88,2,OPTIONS_ACTIVE_UNDERLYING_STALE,UNDERLYING_UNAVAILABLE_OPTIONS_AVAILABLE,76800.0,406.6,409.825,-0.318706,0.737418,11646820.0,11869760.0,0.0,0.0,10.456265,9.966592,0.49404,-0.50651,0.00038,0.0004,-43.74293,-21.16294,39.99146,39.99061,0.196754,0.134204,1.033847,816.425,RISING,FALLING,0.13576,-0.163945,0.270654,UP,,,76714.139354,68.259354,OK,STALE_UNDERLYING
SENSEX,2026-09-04,15:18,STALE,76645.88,3,OPTIONS_ACTIVE_UNDERLYING_STALE,UNDERLYING_UNAVAILABLE_OPTIONS_AVAILABLE,76800.0,405.7,408.625,-0.221348,-0.292808,11663160.0,11879940.0,-18720.0,-8680.0,10.429517,9.915697,0.49401,-0.50658,0.00038,0.0004,-43.65865,-21.00084,39.98919,39.98826,0.246488,0.232487,1.046482,814.325,RISING,ACCELERATING,0.039787,-0.086743,0.207619,NEUTRAL,,,76713.266938,67.386938,OK,STALE_UNDERLYING
SENSEX,2026-09-04,15:19,STALE,76645.88,4,OPTIONS_ACTIVE_UNDERLYING_STALE,UNDERLYING_UNAVAILABLE_OPTIONS_AVAILABLE,76800.0,405.675,410.175,-0.006162,0.379321,11671200.0,11888160.0,0.0,0.0,10.434025,9.938566,0.494,-0.50656,0.00038,0.0004,-43.67487,-21.07603,39.98697,39.9861,0.135577,0.280368,1.046482,815.85,FALLING,ACCELERATING,-0.186986,0.102385,-0.21541,NEUTRAL,,,76712.368044,66.488044,OK,STALE_UNDERLYING
SENSEX,2026-09-04,15:20,STALE,76645.88,5,OPTIONS_ACTIVE_UNDERLYING_STALE,UNDERLYING_UNAVAILABLE_OPTIONS_AVAILABLE,76700.0,416.025,392.325,-9.525363,6.915111,13559680.0,19140720.0,0.0,0.0,9.429171,10.711494,0.53491,-0.46863,0.00042,0.00037,-41.20256,-24.25302,39.83603,39.86559,0.300463,0.318613,1.19922,808.35,ACCELERATING,ACCELERATING,-0.47466,0.46618,-0.646826,DOWN,,,76641.331759,-4.548241,OK,STALE_UNDERLYING
SENSEX,2026-09-04,15:21,STALE,76645.88,6,OPTIONS_ACTIVE_UNDERLYING_STALE,UNDERLYING_UNAVAILABLE_OPTIONS_AVAILABLE,76700.0,429.05,387.2,3.130821,-1.306315,13677740.0,19377100.0,-4080.0,-86780.0,9.751183,10.614082,0.53392,-0.4684,0.00041,0.00037,-42.21407,-23.94827,39.8424,39.86152,0.139844,0.258264,1.142397,816.25,FALLING,RISING,-0.432898,0.492576,-0.640878,DOWN,,,76659.550776,13.670776,OK,STALE_UNDERLYING
SENSEX,2026-09-04,15:22,STALE,76645.88,7,OPTIONS_ACTIVE_UNDERLYING_STALE,UNDERLYING_UNAVAILABLE_OPTIONS_AVAILABLE,76700.0,420.55,384.325,-1.981121,-0.74251,13749480.0,19507520.0,0.0,0.0,9.544836,10.540483,0.53454,-0.46822,0.00042,0.00038,-41.56843,-23.71847,39.83484,39.85791,0.237784,0.247187,1.142397,804.875,ACCELERATING,RISING,-0.440181,0.440718,-0.626237,DOWN,,,76654.311977,8.431977,OK,STALE_UNDERLYING
SENSEX,2026-09-04,15:23,STALE,76645.88,8,OPTIONS_ACTIVE_UNDERLYING_STALE,UNDERLYING_UNAVAILABLE_OPTIONS_AVAILABLE,76700.0,423.65,377.125,0.73713,-1.873414,13775140.0,19570200.0,0.0,0.0,9.595764,10.358985,0.53438,-0.46776,0.00041,0.00038,-41.72978,-23.14932,39.83403,39.852,0.165231,0.251906,1.142397,800.775,ACCELERATING,ACCELERATING,0.09805,-0.236322,0.415573,UP,,,76666.855895,20.975895,OK,STALE_UNDERLYING
SENSEX,2026-09-04,15:24,STALE,76645.88,9,OPTIONS_ACTIVE_UNDERLYING_STALE,UNDERLYING_UNAVAILABLE_OPTIONS_AVAILABLE,76700.0,422.725,379.25,-0.218341,0.563474,13801780.0,19627680.0,-4540.0,-5140.0,9.586456,10.409579,0.5344,-0.4679,0.00041,0.00038,-41.70225,-23.31026,39.83159,39.85086,0.272044,0.290046,1.115228,801.975,ACCELERATING,FALLING,-0.073208,-0.146729,0.10178,NEUTRAL,,,76662.485957,16.605957,OK,STALE_UNDERLYING
SENSEX,2026-09-04,15:25,STALE,76645.88,10,OPTIONS_ACTIVE_UNDERLYING_STALE,UNDERLYING_UNAVAILABLE_OPTIONS_AVAILABLE,76700.0,417.375,379.225,-1.265598,-0.006592,13834440.0,19687520.0,0.0,0.0,9.442806,10.418764,0.53485,-0.46793,0.00042,0.00038,-41.25339,-23.34093,39.82553,39.84889,0.179695,0.224141,1.115228,796.6,ACCELERATING,ACCELERATING,-0.063572,-0.006706,0.032336,NEUTRAL,,,76656.192967,10.312967,OK,STALE_UNDERLYING
SENSEX,2026-09-04,15:26,STALE,76645.88,11,OPTIONS_ACTIVE_UNDERLYING_STALE,UNDERLYING_UNAVAILABLE_OPTIONS_AVAILABLE,76800.0,372.225,416.15,1.299497,-2.899143,11994440.0,12301500.0,-6580.0,-5460.0,9.59371,10.152539,0.49297,-0.50636,0.00041,0.00039,-40.98225,-21.77614,39.96973,39.97083,0.255222,0.264328,0.970372,788.375,FLAT,ACCELERATING,-0.02068,-0.119954,0.17337,NEUTRAL,,,76673.647967,27.767967,OK,STALE_UNDERLYING
SENSEX,2026-09-04,15:27,STALE,76645.88,12,OPTIONS_ACTIVE_UNDERLYING_STALE,UNDERLYING_UNAVAILABLE_OPTIONS_AVAILABLE,76800.0,384.2,408.575,3.21714,-1.820257,12036280.0,12351660.0,0.0,0.0,9.912177,9.913975,0.49336,-0.50664,0.0004,0.0004,-42.00927,-21.00991,39.96816,39.96816,0.286309,0.281466,0.970372,792.775,ACCELERATING,DECELERATING,0.339241,-0.319187,0.53894,UP,,,76693.507405,47.627405,OK,STALE_UNDERLYING
SENSEX,2026-09-04,15:28,STALE,76645.88,13,OPTIONS_ACTIVE_UNDERLYING_STALE,UNDERLYING_UNAVAILABLE_OPTIONS_AVAILABLE,76800.0,375.025,411.45,-2.388079,0.703665,12066040.0,12369320.0,0.0,0.0,9.652683,10.023185,0.49303,-0.50652,0.00041,0.0004,-41.17532,-21.36312,39.96539,39.96612,0.279981,0.218739,0.970372,786.475,RISING,FALLING,0.310865,-0.096867,0.441391,UP,,,76682.835027,36.955027,OK,STALE_UNDERLYING
SENSEX,2026-09-04,15:29,STALE,76645.88,14,OPTIONS_ACTIVE_UNDERLYING_STALE,UNDERLYING_UNAVAILABLE_OPTIONS_AVAILABLE,76700.0,414.5,375.275,-3.097604,2.857339,13994760.0,19983660.0,-14820.0,-44680.0,9.351503,10.308695,0.53512,-0.46766,0.00042,0.00038,-40.97362,-23.00184,39.81425,39.83783,0.241255,0.279795,1.104229,789.775,ACCELERATING,ACCELERATING,-0.190315,0.17712,-0.370842,DOWN,,,76658.083086,12.203086,OK,STALE_UNDERLYING
SENSEX,2026-09-04,15:30,CLOSING_STATE_UNCERTAIN,76515.43,15,CLOSING_STATE_UNCERTAIN,INSUFFICIENT_DATA,,,,,,,,,,,,,,,,,,,,,,,,,,,,,INSUFFICIENT_DATA,,,,,INVALID,MISSING_OPTION_DATA|STALE_UNDERLYING
NIFTY,2026-09-07,15:15,LIVE,23760.3,0,NORMAL_CONTINUOUS,DIVERGENCE,23800.0,73.125,58.825,-5.247813,4.997769,433652635.0,639106260.0,-476840.0,-219570.0,15.856903,7.443237,0.44485,-0.61912,0.00179,0.00369,-37.77583,-11.75107,5.48579,5.29003,0.34188,0.254994,0.744301,131.95,ACCELERATING,ACCELERATING,-0.241082,-0.005293,-0.353899,DOWN,,,23809.890891,49.590891,OK,INVALID_GREEKS
NIFTY,2026-09-07,15:16,STALE,23760.3,1,OPTIONS_ACTIVE_UNDERLYING_STALE,UNDERLYING_UNAVAILABLE_OPTIONS_AVAILABLE,23800.0,73.0,59.1,-0.17094,0.467488,435470425.0,640996070.0,-420810.0,-159250.0,15.879866,7.454216,0.44491,-0.619,0.00179,0.00368,-37.8371,-11.78109,5.4844,5.28909,0.273973,0.338409,0.750341,132.1,DECELERATING,DECELERATING,-0.249358,0.138556,-0.42746,DOWN,,,23809.620822,49.320822,OK,STALE_UNDERLYING|INVALID_GREEKS
NIFTY,2026-09-07,15:17,STALE,23760.3,2,OPTIONS_ACTIVE_UNDERLYING_STALE,UNDERLYING_UNAVAILABLE_OPTIONS_AVAILABLE,23800.0,72.65,59.275,-0.479452,0.296108,436550400.0,642344820.0,26780.0,-10465.0,15.793483,7.503039,0.44456,-0.61828,0.0018,0.00366,-37.65036,-11.90278,5.4822,5.2906,0.275292,0.084353,0.747845,131.925,ACCELERATING,RISING,-0.18843,0.29945,-0.493685,DOWN,,,23809.182749,48.882749,OK,STALE_UNDERLYING|INVALID_GREEKS
NIFTY,2026-09-07,15:18,STALE,23760.3,3,OPTIONS_ACTIVE_UNDERLYING_STALE,UNDERLYING_UNAVAILABLE_OPTIONS_AVAILABLE,23800.0,73.125,58.825,0.65382,-0.759173,437192925.0,643183645.0,-40170.0,-118170.0,15.91682,7.457312,0.44499,-0.61905,0.00179,0.00368,-37.93961,-11.79554,5.48151,5.28593,0.205128,0.254994,0.749393,131.95,FLAT,FLAT,-0.029053,0.016667,-0.005469,NEUTRAL,,,23810.165798,49.865798,OK,STALE_UNDERLYING|INVALID_GREEKS
NIFTY,2026-09-07,15:19,STALE,23760.3,4,OPTIONS_ACTIVE_UNDERLYING_STALE,UNDERLYING_UNAVAILABLE_OPTIONS_AVAILABLE,23800.0,67.225,64.075,-8.068376,8.924777,441794990.0,647436465.0,-95745.0,-166140.0,14.825895,8.428254,0.44069,-0.60552,0.00192,0.00329,-35.46796,-14.13122,5.47139,5.33796,0.223131,0.234101,0.748063,131.3,ACCELERATING,ACCELERATING,-0.549154,0.474927,-0.674481,DOWN,,,23799.056565,38.756565,OK,STALE_UNDERLYING|INVALID_GREEKS
NIFTY,2026-09-07,15:20,STALE,23760.3,5,OPTIONS_ACTIVE_UNDERLYING_STALE,UNDERLYING_UNAVAILABLE_OPTIONS_AVAILABLE,23800.0,66.05,62.05,-1.747862,-3.160359,450438950.0,656336720.0,-1243515.0,-1186250.0,14.574479,8.054667,0.43959,-0.61042,0.00195,0.00343,-34.9037,-13.24246,5.46754,5.31785,0.302801,0.322321,0.742399,128.1,DECELERATING,RISING,-0.467049,0.457565,-0.64053,DOWN,,,23800.589663,40.289663,OK,STALE_UNDERLYING|INVALID_GREEKS
NIFTY,2026-09-07,15:21,STALE,23760.3,6,OPTIONS_ACTIVE_UNDERLYING_STALE,UNDERLYING_UNAVAILABLE_OPTIONS_AVAILABLE,23800.0,66.525,60.85,0.719152,-1.933924,454198550.0,660103080.0,-1287975.0,-665925.0,14.706867,7.811528,0.44013,-0.61386,0.00194,0.00353,-35.21387,-12.66199,5.46719,5.30279,0.07516,0.164339,0.733525,127.375,FALLING,RISING,-0.285339,0.236167,-0.505371,DOWN,,,23801.721372,41.421372,OK,STALE_UNDERLYING|INVALID_GREEKS
NIFTY,2026-09-07,15:22,STALE,23760.3,7,OPTIONS_ACTIVE_UNDERLYING_STALE,UNDERLYING_UNAVAILABLE_OPTIONS_AVAILABLE,23800.0,67.475,59.425,1.428035,-2.341824,456974700.0,662979005.0,-420550.0,-25025.0,14.866832,7.529777,0.44078,-0.61811,0.00192,0.00365,-35.58714,-11.98512,5.46701,5.28394,0.222305,0.252419,0.731959,126.9,FLAT,ACCELERATING,0.18873,-0.167039,0.441128,UP,,,23804.031385,43.731385,OK,STALE_UNDERLYING|INVALID_GREEKS
NIFTY,2026-09-07,15:23,STALE,23760.3,8,OPTIONS_ACTIVE_UNDERLYING_STALE,UNDERLYING_UNAVAILABLE_OPTIONS_AVAILABLE,23800.0,65.825,61.15,-2.44535,2.902819,458522740.0,664765725.0,-325910.0,-315510.0,14.569465,7.890322,0.43949,-0.61284,0.00195,0.0035,-34.91763,-12.85933,5.46275,5.3039,0.227877,0.327065,0.727277,126.975,FLAT,FALLING,-0.126116,-0.11764,0.071526,NEUTRAL,,,23800.827208,40.527208,OK,STALE_UNDERLYING|INVALID_GREEKS
NIFTY,2026-09-07,15:24,STALE,23760.3,9,OPTIONS_ACTIVE_UNDERLYING_STALE,UNDERLYING_UNAVAILABLE_OPTIONS_AVAILABLE,23800.0,64.625,61.525,-1.823016,0.613246,460183555.0,665980640.0,-148265.0,-98800.0,14.390716,7.929704,0.43867,-0.61233,0.00198,0.00349,-34.51783,-12.95789,5.45951,5.30444,0.386847,0.243803,0.726855,126.15,DECELERATING,DECELERATING,-0.148321,0.038208,-0.278378,DOWN,,,23799.455126,39.155126,OK,STALE_UNDERLYING|INVALID_GREEKS
NIFTY,2026-09-07,15:25,STALE,23760.3,10,OPTIONS_ACTIVE_UNDERLYING_STALE,UNDERLYING_UNAVAILABLE_OPTIONS_AVAILABLE,23800.0,66.25,58.325,2.514507,-5.201138,462638930.0,668686720.0,-507650.0,-473005.0,14.697408,7.325903,0.43998,-0.6215,0.00194,0.00375,-35.22674,-11.50048,5.46073,5.26519,0.301887,0.25718,0.725854,124.575,FALLING,ACCELERATING,-0.099208,-0.238702,0.139638,NEUTRAL,,,23804.958044,44.658044,OK,STALE_UNDERLYING|INVALID_GREEKS
NIFTY,2026-09-07,15:26,STALE,23760.3,11,OPTIONS_ACTIVE_UNDERLYING_STALE,UNDERLYING_UNAVAILABLE_OPTIONS_AVAILABLE,23800.0,61.325,61.425,-7.433962,5.315045,464516000.0,670701850.0,-249210.0,-420680.0,13.757738,7.933116,0.43567,-0.61237,0.00207,0.00349,-33.08638,-12.97386,5.44986,5.30127,0.244598,0.2442,0.714532,122.75,ACCELERATING,FLAT,-0.276269,-0.110786,-0.3557,DOWN,,,23797.198466,36.898466,OK,STALE_UNDERLYING|INVALID_GREEKS
NIFTY,2026-09-07,15:27,STALE,23760.3,12,OPTIONS_ACTIVE_UNDERLYING_STALE,UNDERLYING_UNAVAILABLE_OPTIONS_AVAILABLE,23800.0,60.275,64.7,-1.712189,5.331705,467233715.0,674047205.0,-401570.0,-410540.0,13.596691,8.564982,0.43485,-0.60419,0.00209,0.00325,-32.72511,-14.49119,5.4465,5.33093,0.248859,0.309119,0.705666,124.975,DECELERATING,RISING,-0.431439,0.326765,-0.584407,DOWN,,,23792.022802,31.722802,OK,STALE_UNDERLYING|INVALID_GREEKS
NIFTY,2026-09-07,15:28,STALE,23760.3,13,OPTIONS_ACTIVE_UNDERLYING_STALE,UNDERLYING_UNAVAILABLE_OPTIONS_AVAILABLE,23800.0,58.65,64.725,-2.695977,0.03864,469432795.0,676691795.0,-129155.0,-140010.0,13.306957,8.566892,0.43335,-0.60421,0.00214,0.00325,-32.06813,-14.50013,5.44151,5.32934,0.170503,0.23175,0.70939,123.375,ACCELERATING,DECELERATING,-0.244088,0.177568,-0.47388,DOWN,,,23790.129389,29.829389,OK,STALE_UNDERLYING
NIFTY,2026-09-07,15:29,STALE,23760.3,14,OPTIONS_ACTIVE_UNDERLYING_STALE,UNDERLYING_UNAVAILABLE_OPTIONS_AVAILABLE,23800.0,59.85,62.9,2.046036,-2.819621,471051490.0,678935335.0,-361595.0,-698945.0,13.531565,8.221006,0.43447,-0.60861,0.0021,0.00338,-32.59142,-13.67733,5.44257,5.31142,0.334169,0.317965,0.702812,122.75,FALLING,RISING,-0.13887,0.223313,-0.427968,DOWN,,,23793.000169,32.700169,OK,STALE_UNDERLYING|INVALID_GREEKS
NIFTY,2026-09-07,15:30,CLOSING_STATE_UNCERTAIN,23779.15,15,CLOSING_STATE_UNCERTAIN,INSUFFICIENT_DATA,,,,,,,,,,,,,,,,,,,,,,,,,,,,,INSUFFICIENT_DATA,,,,,INVALID,MISSING_OPTION_DATA|STALE_UNDERLYING
SENSEX,2026-09-07,15:15,LIVE,76051.42,0,NORMAL_CONTINUOUS,UNDERLYING_CONFIRMS,76300.0,346.475,359.2,-2.30509,2.679911,9795360.0,13908960.0,0.0,0.0,15.057842,9.0121,0.43642,-0.60836,0.00036,0.00059,-74.51369,-25.46817,28.24901,27.55103,0.27419,0.222717,0.682183,705.675,ACCELERATING,FLAT,-0.226706,-0.139842,-0.144882,NEUTRAL,,,76246.560006,195.140006,OK,OK
SENSEX,2026-09-07,15:16,STALE,76051.42,1,OPTIONS_ACTIVE_UNDERLYING_STALE,UNDERLYING_UNAVAILABLE_OPTIONS_AVAILABLE,76300.0,342.475,364.25,-1.154484,1.405902,9840280.0,13940340.0,-46120.0,-31100.0,14.891485,9.20498,0.43564,-0.6061,0.00037,0.00058,-73.76126,-26.39926,28.23699,27.59227,0.248193,0.247083,0.694621,706.725,DECELERATING,DECELERATING,-0.195245,-0.04333,-0.314375,DOWN,,,76236.980091,185.560091,OK,STALE_UNDERLYING
SENSEX,2026-09-07,15:17,STALE,76051.42,2,OPTIONS_ACTIVE_UNDERLYING_STALE,UNDERLYING_UNAVAILABLE_OPTIONS_AVAILABLE,76300.0,339.625,366.575,-0.832178,0.638298,9870080.0,13964800.0,0.0,0.0,14.790583,9.32157,0.43515,-0.60478,0.00037,0.00058,-73.30701,-26.96195,28.22829,27.61465,0.220832,0.231876,0.694621,706.2,DECELERATING,DECELERATING,-0.343377,0.160424,-0.493527,DOWN,,,76233.143128,181.723128,OK,STALE_UNDERLYING
SENSEX,2026-09-07,15:18,STALE,76051.42,3,OPTIONS_ACTIVE_UNDERLYING_STALE,UNDERLYING_UNAVAILABLE_OPTIONS_AVAILABLE,76300.0,339.5,363.775,-0.036805,-0.763827,9888200.0,13981600.0,-19240.0,-11540.0,14.776453,9.193616,0.43507,-0.60627,0.00037,0.00058,-73.2488,-26.3511,28.22432,27.58307,0.265096,0.151192,0.693028,703.275,DECELERATING,RISING,-0.134206,0.042123,-0.282923,DOWN,,,76234.638262,183.218262,OK,STALE_UNDERLYING
SENSEX,2026-09-07,15:19,STALE,76051.42,4,OPTIONS_ACTIVE_UNDERLYING_STALE,UNDERLYING_UNAVAILABLE_OPTIONS_AVAILABLE,76200.0,368.6,330.2,-5.963391,4.320354,8504100.0,15345840.0,0.0,0.0,14.195456,10.034246,0.471,-0.54287,0.00039,0.00055,-72.13428,-32.583,28.52536,28.43566,0.325556,0.333131,0.768003,698.8,ACCELERATING,ACCELERATING,-0.514511,0.306711,-0.603551,DOWN,,,76197.987041,146.567041,OK,STALE_UNDERLYING
SENSEX,2026-09-07,15:20,STALE,76051.42,5,OPTIONS_ACTIVE_UNDERLYING_STALE,UNDERLYING_UNAVAILABLE_OPTIONS_AVAILABLE,76300.0,325.15,371.225,1.593501,-2.077288,10034280.0,14133480.0,0.0,0.0,14.320932,9.500997,0.43283,-0.60284,0.00038,0.00057,-71.1784,-27.83118,28.1915,27.64235,0.24604,0.363661,0.693028,696.375,FALLING,RISING,-0.410227,0.377279,-0.558881,DOWN,,,76213.078565,161.658565,OK,STALE_UNDERLYING
SENSEX,2026-09-07,15:21,STALE,76051.42,6,OPTIONS_ACTIVE_UNDERLYING_STALE,UNDERLYING_UNAVAILABLE_OPTIONS_AVAILABLE,76300.0,331.325,368.075,1.899123,-0.848542,10066700.0,14190380.0,-18080.0,-27140.0,14.535466,9.373185,0.43388,-0.60428,0.00038,0.00057,-72.16606,-27.22263,28.20114,27.6124,0.166,0.339605,0.659565,699.4,FALLING,RISING,-0.264209,0.155222,-0.373478,DOWN,,,76223.130604,171.710604,OK,STALE_UNDERLYING
SENSEX,2026-09-07,15:22,STALE,76051.42,7,OPTIONS_ACTIVE_UNDERLYING_STALE,UNDERLYING_UNAVAILABLE_OPTIONS_AVAILABLE,76300.0,327.85,367.45,-1.048819,-0.169802,10100440.0,14218620.0,0.0,0.0,14.3599,9.324967,0.433,-0.60484,0.00038,0.00058,-71.36886,-26.99478,28.18754,27.59871,0.274516,0.217717,0.659565,695.3,RISING,DECELERATING,0.231302,-0.098036,0.414978,UP,,,76219.572426,168.152426,OK,STALE_UNDERLYING
SENSEX,2026-09-07,15:23,STALE,76051.42,8,OPTIONS_ACTIVE_UNDERLYING_STALE,UNDERLYING_UNAVAILABLE_OPTIONS_AVAILABLE,76300.0,324.975,366.65,-0.876925,-0.217717,10115520.0,14240600.0,0.0,0.0,14.304893,9.26403,0.43271,-0.60555,0.00038,0.00058,-71.12306,-26.70562,28.181,27.58206,0.29233,0.327288,0.659565,691.625,FLAT,FALLING,-0.009236,-0.110061,0.131484,NEUTRAL,,,76217.749863,166.329863,OK,STALE_UNDERLYING
SENSEX,2026-09-07,15:24,STALE,76051.42,9,OPTIONS_ACTIVE_UNDERLYING_STALE,UNDERLYING_UNAVAILABLE_OPTIONS_AVAILABLE,76300.0,328.25,356.825,1.00777,-2.679667,10136020.0,14276180.0,-2640.0,-5540.0,14.423751,8.965193,0.43329,-0.60912,0.00038,0.0006,-71.67338,-25.26991,28.18499,27.50959,0.121858,0.154137,0.654121,685.075,FALLING,ACCELERATING,0.053339,-0.187843,0.226155,NEUTRAL,,,76230.00235,178.58235,OK,STALE_UNDERLYING
SENSEX,2026-09-07,15:25,STALE,76051.42,10,OPTIONS_ACTIVE_UNDERLYING_STALE,UNDERLYING_UNAVAILABLE_OPTIONS_AVAILABLE,76300.0,324.425,355.775,-1.16527,-0.294262,10156900.0,14299880.0,0.0,0.0,14.285311,8.905821,0.43258,-0.60987,0.00038,0.0006,-71.04539,-24.98613,28.17348,27.49172,0.200354,0.323238,0.654121,680.2,ACCELERATING,DECELERATING,-0.094152,-0.245223,0.226281,NEUTRAL,,,76229.08683,177.66683,OK,STALE_UNDERLYING
SENSEX,2026-09-07,15:26,STALE,76051.42,11,OPTIONS_ACTIVE_UNDERLYING_STALE,UNDERLYING_UNAVAILABLE_OPTIONS_AVAILABLE,76300.0,323.0,352.6,-0.439239,-0.892418,10190820.0,14347780.0,-3400.0,-10220.0,14.249794,8.780876,0.43239,-0.61146,0.00039,0.00061,-70.88871,-24.38443,28.16809,27.45678,0.092879,0.311968,0.638746,675.6,DECELERATING,ACCELERATING,-0.087545,-0.3736,0.306009,UP,,,76229.03169,177.61169,OK,STALE_UNDERLYING
SENSEX,2026-09-07,15:27,STALE,76051.42,12,OPTIONS_ACTIVE_UNDERLYING_STALE,UNDERLYING_UNAVAILABLE_OPTIONS_AVAILABLE,76200.0,363.05,317.675,-3.012088,4.164276,8784280.0,15873680.0,0.0,0.0,14.049889,9.626934,0.47057,-0.54494,0.0004,0.00057,-71.5346,-30.76957,28.49863,28.39494,0.2479,0.299048,0.704125,680.725,ACCELERATING,ACCELERATING,-0.3086,0.219586,-0.490703,DOWN,,,76204.919581,153.499581,OK,STALE_UNDERLYING
SENSEX,2026-09-07,15:28,CLOSING_STATE_UNCERTAIN,76132.81,13,CLOSING_STATE_UNCERTAIN,UNDERLYING_UNAVAILABLE_OPTIONS_AVAILABLE,76200.0,357.9,317.3,-1.418537,-0.118045,8809480.0,15908740.0,0.0,0.0,12.502507,11.108058,0.50251,-0.49773,0.00045,0.0005,-65.61712,-38.60462,28.60337,28.60346,0.251467,0.220611,0.704125,675.2,DECELERATING,RISING,-0.211624,-0.004337,-0.390976,DOWN,,,76200.604011,149.184011,OK,STALE_UNDERLYING
SENSEX,2026-09-07,15:29,CLOSING_STATE_UNCERTAIN,76132.81,14,CLOSING_STATE_UNCERTAIN,UNDERLYING_UNAVAILABLE_OPTIONS_AVAILABLE,76300.0,314.275,357.425,1.946314,-2.582448,10324860.0,14473580.0,-27000.0,-15160.0,12.626065,10.679505,0.45859,-0.54971,0.00044,0.00052,-64.96542,-35.25508,28.44668,28.37859,0.334102,0.321746,0.636337,671.7,FALLING,RISING,-0.158762,-0.037975,-0.294912,DOWN,,,76215.616865,164.196865,OK,STALE_UNDERLYING
SENSEX,2026-09-07,15:30,STALE,76132.81,15,UNDERLYING_STALE,INSUFFICIENT_DATA,,,,,,,,,,,,,,,,,,,,,,,,,,,,,INSUFFICIENT_DATA,,,,,INVALID,MISSING_OPTION_DATA|STALE_UNDERLYING
NIFTY,2026-09-08,15:15,LIVE,23640.05,0,NORMAL_CONTINUOUS,OPTIONS_CONFIRM,23650.0,27.025,42.425,-18.965517,10.842587,853851895.0,1575273375.0,67990.0,-1844570.0,12.734096,15.561622,0.45812,-0.53403,0.00507,0.00416,-65.94781,-73.64873,2.43612,2.44073,0.555042,0.353565,0.901894,69.45,DECELERATING,ACCELERATING,-0.617724,0.496964,-0.704896,DOWN,,,23634.531222,-5.518778,OK,OK
NIFTY,2026-09-08,15:16,STALE,23640.05,1,OPTIONS_ACTIVE_UNDERLYING_STALE,UNDERLYING_UNAVAILABLE_OPTIONS_AVAILABLE,23600.0,40.175,19.7,-26.419414,-1.253133,408943860.0,1408088110.0,1641055.0,-1720420.0,,15.02643,,-0.32482,,0.00391,,-65.39856,,2.20638,0.373367,0.507614,0.964925,59.875,ACCELERATING,RISING,-0.465236,0.539511,-0.668249,DOWN,,,23621.22151,-18.82849,OK,STALE_UNDERLYING|INVALID_GREEKS
NIFTY,2026-09-08,15:17,STALE,23640.05,2,OPTIONS_ACTIVE_UNDERLYING_STALE,UNDERLYING_UNAVAILABLE_OPTIONS_AVAILABLE,23650.0,36.325,16.15,111.80758,-64.833968,904982260.0,1628556215.0,-363350.0,-198640.0,16.554424,4.723157,0.46798,-0.61353,0.00392,0.01323,-85.32864,-18.6205,2.4348,2.34308,0.412939,0.619195,0.877276,52.475,ACCELERATING,ACCELERATING,0.324652,-0.317374,0.547342,UP,,,23670.386657,30.336657,OK,STALE_UNDERLYING|INVALID_GREEKS
NIFTY,2026-09-08,15:18,STALE,23640.05,3,OPTIONS_ACTIVE_UNDERLYING_STALE,UNDERLYING_UNAVAILABLE_OPTIONS_AVAILABLE,23650.0,21.95,29.6,-39.573297,83.281734,921391640.0,1652618045.0,-699660.0,826995.0,10.624216,10.265349,0.4493,-0.5525,0.00609,0.0063,-55.5439,-47.24538,2.41949,2.41807,0.455581,0.337838,0.866491,51.55,ACCELERATING,FALLING,-0.35251,-0.140099,0.256466,UP,,,23642.077366,2.027366,OK,STALE_UNDERLYING
NIFTY,2026-09-08,15:19,STALE,23640.05,4,OPTIONS_ACTIVE_UNDERLYING_STALE,UNDERLYING_UNAVAILABLE_OPTIONS_AVAILABLE,23650.0,29.375,25.425,33.826879,-14.10473,934016265.0,1668886635.0,335205.0,-6045.0,13.697382,8.640294,0.46084,-0.5626,0.00475,0.00747,-71.16345,-39.03658,2.424,2.4057,0.510638,0.589971,0.877982,54.8,ACCELERATING,ACCELERATING,0.399985,-0.130276,0.510087,UP,,,23655.167488,15.117488,OK,STALE_UNDERLYING|INVALID_GREEKS
NIFTY,2026-09-08,15:20,STALE,23640.05,5,OPTIONS_ACTIVE_UNDERLYING_STALE,UNDERLYING_UNAVAILABLE_OPTIONS_AVAILABLE,23600.0,14.2,24.375,-77.76908,133.81295,444554045.0,1528000500.0,90610.0,616915.0,,17.269269,,-0.34537,,0.0035,,-77.67963,,2.24724,0.704225,0.205128,1.010338,38.575,ACCELERATING,ACCELERATING,-0.473321,0.646643,-0.706655,DOWN,,,23590.745783,-49.304217,OK,STALE_UNDERLYING|INVALID_GREEKS
NIFTY,2026-09-08,15:21,STALE,23640.05,6,OPTIONS_ACTIVE_UNDERLYING_STALE,UNDERLYING_UNAVAILABLE_OPTIONS_AVAILABLE,23550.0,24.825,13.9,-47.124601,103.663004,98743060.0,829658960.0,1174745.0,-1339585.0,,18.950601,,-0.21243,,0.00251,,-67.76081,,1.76648,0.60423,0.719424,0.938371,38.725,DECELERATING,ACCELERATING,-0.771673,0.645983,-0.805886,DOWN,,,23561.573844,-78.476156,OK,STALE_UNDERLYING|INVALID_GREEKS
NIFTY,2026-09-08,15:22,STALE,23640.05,7,OPTIONS_ACTIVE_UNDERLYING_STALE,UNDERLYING_UNAVAILABLE_OPTIONS_AVAILABLE,23550.0,27.975,7.425,12.688822,-46.582734,106631720.0,858099320.0,2119260.0,900900.0,,14.938456,,-0.15563,,0.00263,,-43.93499,,1.45257,0.536193,0.673401,0.898527,35.4,FALLING,RISING,-0.638954,0.482288,-0.707081,DOWN,,,,,INVALID,STALE_UNDERLYING|INVALID_GREEKS
NIFTY,2026-09-08,15:23,STALE,23640.05,8,OPTIONS_ACTIVE_UNDERLYING_STALE,UNDERLYING_UNAVAILABLE_OPTIONS_AVAILABLE,23600.0,5.575,26.425,19.892473,-23.015295,517626330.0,1602307720.0,2796690.0,548925.0,,18.188074,,-0.35216,,0.00336,,-82.85815,,2.25357,0.896861,0.567644,0.784746,32.0,FALLING,RISING,-0.380947,-0.362961,-0.339329,MIXED,,,,,INVALID,STALE_UNDERLYING|INVALID_GREEKS
NIFTY,2026-09-08,15:24,STALE,23640.05,9,OPTIONS_ACTIVE_UNDERLYING_STALE,UNDERLYING_UNAVAILABLE_OPTIONS_AVAILABLE,23600.0,3.175,24.9,-43.049327,-5.77105,541399950.0,1621225060.0,1151020.0,970645.0,,17.612415,,-0.34743,,0.00346,,-79.90803,,2.23924,1.574803,0.401606,0.77824,28.075,ACCELERATING,DECELERATING,-0.470639,-0.507297,0.345552,MIXED,,,,,INVALID,STALE_UNDERLYING|INVALID_GREEKS
NIFTY,2026-09-08,15:25,STALE,23640.05,10,OPTIONS_ACTIVE_UNDERLYING_STALE,UNDERLYING_UNAVAILABLE_OPTIONS_AVAILABLE,23600.0,7.875,10.675,148.031496,-57.128514,574726685.0,1652544855.0,-94965.0,1943045.0,,10.966288,,-0.2648,,0.00493,,-43.69286,,1.98191,0.634921,0.468384,0.791788,18.55,ACCELERATING,ACCELERATING,0.579562,-0.581096,0.720219,UP,,,,,INVALID,STALE_UNDERLYING|INVALID_GREEKS
NIFTY,2026-09-08,15:26,STALE,23640.05,11,OPTIONS_ACTIVE_UNDERLYING_STALE,UNDERLYING_UNAVAILABLE_OPTIONS_AVAILABLE,23600.0,8.625,5.725,9.52381,-46.370023,597818065.0,1680155815.0,-436475.0,3553225.0,,8.320397,,-0.2036,,0.00563,,-28.49986,,1.71035,0.57971,0.873362,0.812679,14.35,DECELERATING,DECELERATING,0.417555,-0.594515,0.67069,UP,,,,,INVALID,STALE_UNDERLYING|INVALID_GREEKS
NIFTY,2026-09-08,15:27,STALE,23640.05,12,OPTIONS_ACTIVE_UNDERLYING_STALE,UNDERLYING_UNAVAILABLE_OPTIONS_AVAILABLE,23650.0,3.775,12.725,357.575758,-73.068783,1098867055.0,1768295360.0,458380.0,552305.0,3.006614,3.18653,0.32172,-0.66884,0.01975,0.01886,-15.7509,-10.3224,2.16324,2.18886,1.324503,1.178782,0.743156,16.5,ACCELERATING,ACCELERATING,0.574938,-0.218817,0.597918,UP,,,,,INVALID,STALE_UNDERLYING|INVALID_GREEKS
NIFTY,2026-09-08,15:28,STALE,23640.05,13,OPTIONS_ACTIVE_UNDERLYING_STALE,UNDERLYING_UNAVAILABLE_OPTIONS_AVAILABLE,23650.0,0.925,15.3,-75.496689,20.235756,1139480940.0,1789113300.0,-3965.0,1983150.0,1.557763,4.415227,0.18519,-0.62383,0.02845,0.01426,-6.4844,-17.24358,1.6097,2.28752,5.405405,0.653595,0.799837,16.225,ACCELERATING,FALLING,0.229801,-0.123077,0.45096,UP,,,,,INVALID,STALE_UNDERLYING|INVALID_GREEKS|WIDE_SPREAD
NIFTY,2026-09-08,15:29,STALE,23640.05,14,OPTIONS_ACTIVE_UNDERLYING_STALE,UNDERLYING_UNAVAILABLE_OPTIONS_AVAILABLE,23650.0,0.125,15.05,-86.486486,-1.633987,1163224920.0,1798463680.0,5559775.0,795925.0,0.913335,4.2669,0.06288,-0.62824,0.02248,0.01473,-1.84282,-16.45271,0.74359,2.27567,40.0,0.664452,0.756089,15.175,ACCELERATING,ACCELERATING,0.107369,0.094792,0.337526,UP,,,,,INVALID,STALE_UNDERLYING|INVALID_GREEKS|WIDE_SPREAD
NIFTY,2026-09-08,15:30,CLOSING_STATE_UNCERTAIN,23635.1,15,CLOSING_STATE_UNCERTAIN,INSUFFICIENT_DATA,,,,,,,,,,,,,,,,,,,,,,,,,,,,,INSUFFICIENT_DATA,,,,,INVALID,MISSING_OPTION_DATA|STALE_UNDERLYING
SENSEX,2026-09-08,15:15,LIVE,75594.73,0,NORMAL_CONTINUOUS,OPTIONS_CONFIRM,75700.0,290.175,271.4,-2.017559,2.212598,11872540.0,22182420.0,0.0,0.0,13.426953,10.149287,0.47273,-0.53725,0.0005,0.00066,-80.25379,-42.01307,23.60337,23.5555,0.292927,0.294768,0.772882,561.575,DECELERATING,DECELERATING,-0.409518,0.403551,-0.604348,DOWN,,,75693.673804,98.943804,OK,OK
SENSEX,2026-09-08,15:16,STALE,75594.73,1,OPTIONS_ACTIVE_UNDERLYING_STALE,UNDERLYING_UNAVAILABLE_OPTIONS_AVAILABLE,75700.0,283.15,267.225,-2.420953,-1.53832,11975340.0,22286140.0,32740.0,-75440.0,13.15384,9.99342,0.47206,-0.53789,0.00051,0.00067,-78.80951,-41.18365,23.59705,23.54823,0.35317,0.355506,0.681864,550.375,ACCELERATING,RISING,-0.559992,0.367225,-0.642308,DOWN,,,75687.055273,92.325273,OK,STALE_UNDERLYING
SENSEX,2026-09-08,15:17,STALE,75594.73,2,OPTIONS_ACTIVE_UNDERLYING_STALE,UNDERLYING_UNAVAILABLE_OPTIONS_AVAILABLE,75700.0,290.25,256.85,2.507505,-3.882496,12039100.0,22429740.0,0.0,0.0,13.482507,9.533682,0.47283,-0.53988,0.0005,0.0007,-80.57059,-38.71829,23.59654,23.53315,0.241171,0.350399,0.681864,547.1,FALLING,ACCELERATING,-0.174888,-0.320316,0.222458,NEUTRAL,,,75709.153811,114.423811,OK,STALE_UNDERLYING
SENSEX,2026-09-08,15:18,STALE,75594.73,3,OPTIONS_ACTIVE_UNDERLYING_STALE,UNDERLYING_UNAVAILABLE_OPTIONS_AVAILABLE,75700.0,289.775,259.075,-0.163652,0.866264,12084520.0,22479100.0,-8920.0,-68420.0,13.478529,9.672944,0.47281,-0.53928,0.0005,0.00069,-80.56003,-39.4752,23.59279,23.53302,0.327841,0.32809,0.653952,548.85,FLAT,FALLING,-0.0087,-0.14277,0.30451,UP,,,75703.970098,109.240098,OK,STALE_UNDERLYING
SENSEX,2026-09-08,15:19,STALE,75594.73,4,OPTIONS_ACTIVE_UNDERLYING_STALE,UNDERLYING_UNAVAILABLE_OPTIONS_AVAILABLE,75700.0,287.35,263.275,-0.836856,1.621152,12123180.0,22509800.0,0.0,0.0,13.321939,9.873847,0.47243,-0.53843,0.0005,0.00068,-79.73639,-40.56347,23.58757,23.53423,0.348008,0.360839,0.653952,550.625,RISING,FALLING,0.182452,-0.037338,0.297388,UP,,,75696.697231,101.967231,OK,STALE_UNDERLYING
SENSEX,2026-09-08,15:20,STALE,75594.73,5,OPTIONS_ACTIVE_UNDERLYING_STALE,UNDERLYING_UNAVAILABLE_OPTIONS_AVAILABLE,75700.0,278.025,272.15,-3.245171,3.371,12176960.0,22568820.0,0.0,0.0,12.92992,10.253187,0.47146,-0.53692,0.00052,0.00065,-77.65693,-42.60974,23.57986,23.53915,0.413632,0.3307,0.653952,550.175,ACCELERATING,ACCELERATING,-0.220099,0.207123,-0.473069,DOWN,,,75678.51384,83.78384,OK,STALE_UNDERLYING
SENSEX,2026-09-08,15:21,STALE,75594.73,6,OPTIONS_ACTIVE_UNDERLYING_STALE,UNDERLYING_UNAVAILABLE_OPTIONS_AVAILABLE,75700.0,272.825,268.7,-1.870335,-1.267683,12243140.0,22629700.0,-7860.0,-18920.0,12.773155,10.107853,0.47105,-0.53751,0.00053,0.00066,-76.83081,-41.83668,23.57443,23.53222,0.274901,0.334946,0.648444,541.525,DECELERATING,RISING,-0.352098,0.265027,-0.5329,DOWN,,,75677.441096,82.711096,OK,STALE_UNDERLYING
SENSEX,2026-09-08,15:22,STALE,75594.73,7,OPTIONS_ACTIVE_UNDERLYING_STALE,UNDERLYING_UNAVAILABLE_OPTIONS_AVAILABLE,75700.0,275.725,266.85,1.062952,-0.6885,12307100.0,22690660.0,0.0,0.0,12.894172,10.015586,0.47134,-0.5379,0.00052,0.00067,-77.48637,-41.34832,23.57211,23.52638,0.380814,0.299794,0.648444,542.575,FALLING,RISING,-0.352306,0.166065,-0.460052,DOWN,,,75682.439745,87.709745,OK,STALE_UNDERLYING
SENSEX,2026-09-08,15:23,STALE,75594.73,8,OPTIONS_ACTIVE_UNDERLYING_STALE,UNDERLYING_UNAVAILABLE_OPTIONS_AVAILABLE,75700.0,277.675,270.875,0.707226,1.508338,12345320.0,22742520.0,0.0,0.0,12.964353,10.131588,0.47151,-0.53744,0.00052,0.00066,-77.87099,-41.97975,23.56913,23.52525,0.2701,0.27688,0.648444,548.55,FLAT,FLAT,0.054565,-0.085701,0.082156,NEUTRAL,,,75679.684862,84.954862,OK,STALE_UNDERLYING
SENSEX,2026-09-08,15:24,STALE,75594.73,9,OPTIONS_ACTIVE_UNDERLYING_STALE,UNDERLYING_UNAVAILABLE_OPTIONS_AVAILABLE,75700.0,282.45,272.075,1.719636,0.443009,12382300.0,22801100.0,-10760.0,-26240.0,13.151241,10.217838,0.47196,-0.53712,0.00051,0.00066,-78.8783,-42.45105,23.56736,23.52346,0.283236,0.312414,0.647158,554.525,ACCELERATING,DECELERATING,0.072018,0.146415,0.125184,NEUTRAL,,,75683.21927,88.48927,OK,STALE_UNDERLYING
SENSEX,2026-09-08,15:25,STALE,75594.73,10,OPTIONS_ACTIVE_UNDERLYING_STALE,UNDERLYING_UNAVAILABLE_OPTIONS_AVAILABLE,75700.0,285.25,269.475,0.991326,-0.955619,12433860.0,22875560.0,0.0,0.0,13.257546,10.097916,0.4722,-0.53761,0.00051,0.00066,-79.45578,-41.81406,23.56471,23.51705,0.245399,0.204101,0.647158,554.725,DECELERATING,RISING,0.251315,0.284935,0.161048,MIXED,,,75688.771365,94.041365,OK,STALE_UNDERLYING
SENSEX,2026-09-08,15:26,STALE,75594.73,11,OPTIONS_ACTIVE_UNDERLYING_STALE,UNDERLYING_UNAVAILABLE_OPTIONS_AVAILABLE,75700.0,293.875,252.175,3.023663,-6.419891,12483320.0,22954320.0,-19260.0,-15320.0,13.658785,9.392917,0.47313,-0.54067,0.00049,0.00071,-81.60596,-38.02381,23.56487,23.4956,0.323267,0.337068,0.646883,546.05,ACCELERATING,ACCELERATING,0.300563,-0.310622,0.535884,UP,,,75714.748362,120.018362,OK,STALE_UNDERLYING
SENSEX,2026-09-08,15:27,STALE,75594.73,12,OPTIONS_ACTIVE_UNDERLYING_STALE,UNDERLYING_UNAVAILABLE_OPTIONS_AVAILABLE,75700.0,287.475,257.575,-2.177797,2.14137,12552340.0,23023420.0,0.0,0.0,13.35984,9.602603,0.47242,-0.53974,0.0005,0.0007,-80.02233,-39.16196,23.55834,23.49752,0.295678,0.291177,0.646883,545.05,RISING,FALLING,0.29511,-0.357549,0.532292,UP,,,75702.915082,108.185082,OK,STALE_UNDERLYING
SENSEX,2026-09-08,15:28,STALE,75594.73,13,OPTIONS_ACTIVE_UNDERLYING_STALE,UNDERLYING_UNAVAILABLE_OPTIONS_AVAILABLE,75700.0,288.65,257.8,0.408731,0.087353,12599740.0,23087380.0,0.0,0.0,13.440747,9.601618,0.4726,-0.53976,0.0005,0.0007,-80.46456,-39.16383,23.5554,23.49379,0.311796,0.310318,0.646883,546.45,ACCELERATING,FALLING,0.22478,-0.204313,0.436031,UP,,,75703.906345,109.176345,OK,STALE_UNDERLYING
SENSEX,2026-09-08,15:29,CLOSING_STATE_UNCERTAIN,75577.58,14,CLOSING_STATE_UNCERTAIN,UNDERLYING_UNAVAILABLE_OPTIONS_AVAILABLE,75700.0,281.2,263.575,-2.58098,2.240109,12674640.0,23125640.0,-33280.0,2480.0,13.440212,9.495536,0.46401,-0.55234,0.0005,0.0007,-80.15742,-38.16043,23.50597,23.39864,0.284495,0.322489,0.661775,544.775,ACCELERATING,ACCELERATING,-0.41273,0.266436,-0.551787,DOWN,,,75690.511911,95.781911,OK,STALE_UNDERLYING
SENSEX,2026-09-08,15:30,STALE,75577.58,15,UNDERLYING_STALE,INSUFFICIENT_DATA,,,,,,,,,,,,,,,,,,,,,,,,,,,,,INSUFFICIENT_DATA,,,,,INVALID,MISSING_OPTION_DATA|STALE_UNDERLYING
NIFTY,2026-09-09,15:15,LIVE,23462.45,0,NORMAL_CONTINUOUS,UNDERLYING_CONFIRMS,23550.0,111.35,130.75,0.587173,-1.691729,122578885.0,158500420.0,-24310.0,-66560.0,10.913365,8.592991,0.44675,-0.56886,0.00118,0.00149,-13.44262,-4.60426,12.13541,12.06178,0.179614,0.229446,0.798959,242.1,FALLING,ACCELERATING,-0.279376,-0.248892,0.01807,NEUTRAL,,,23504.920741,42.470741,OK,OK
NIFTY,2026-09-09,15:16,STALE,23462.45,1,OPTIONS_ACTIVE_UNDERLYING_STALE,UNDERLYING_UNAVAILABLE_OPTIONS_AVAILABLE,23550.0,109.925,131.95,-1.279749,0.917782,122844150.0,158751710.0,-51805.0,-65585.0,10.774018,8.705161,0.44598,-0.56794,0.0012,0.00147,-13.30064,-4.72201,12.13157,12.06601,0.136457,0.151573,0.795951,241.875,ACCELERATING,FLAT,-0.33837,0.032089,-0.221912,NEUTRAL,,,23502.177108,39.727108,OK,STALE_UNDERLYING
NIFTY,2026-09-09,15:17,STALE,23462.45,2,OPTIONS_ACTIVE_UNDERLYING_STALE,UNDERLYING_UNAVAILABLE_OPTIONS_AVAILABLE,23500.0,133.05,110.075,-1.934771,1.241665,194585690.0,327023255.0,5200.0,-70785.0,10.756341,9.108093,0.50598,-0.49388,0.00121,0.00143,-13.75893,-5.72244,12.24193,12.24186,0.150319,0.227118,1.001667,243.125,ACCELERATING,DECELERATING,-0.189589,0.115143,-0.305379,DOWN,,,23498.948033,36.498033,OK,STALE_UNDERLYING
NIFTY,2026-09-09,15:18,STALE,23462.45,3,OPTIONS_ACTIVE_UNDERLYING_STALE,UNDERLYING_UNAVAILABLE_OPTIONS_AVAILABLE,23550.0,108.85,132.125,1.067781,-0.900056,123320210.0,159032445.0,-28405.0,-17290.0,10.721951,8.718138,0.44568,-0.56785,0.0012,0.00147,-13.24835,-4.73631,12.12894,12.06512,0.09187,0.189215,0.797978,240.975,FALLING,RISING,-0.253888,0.046344,-0.343343,DOWN,,,23501.287043,38.837043,OK,STALE_UNDERLYING
NIFTY,2026-09-09,15:19,STALE,23462.45,4,OPTIONS_ACTIVE_UNDERLYING_STALE,UNDERLYING_UNAVAILABLE_OPTIONS_AVAILABLE,23500.0,133.575,109.3,-0.6508,0.551978,195088595.0,327885090.0,-57200.0,-88855.0,10.794673,9.027049,0.50596,-0.49388,0.0012,0.00144,-13.79749,-5.64427,12.24057,12.24049,0.187161,0.182983,1.003088,242.875,ACCELERATING,ACCELERATING,-0.255969,0.031637,-0.254997,DOWN,,,23499.904566,37.454566,OK,STALE_UNDERLYING
NIFTY,2026-09-09,15:20,STALE,23462.45,5,OPTIONS_ACTIVE_UNDERLYING_STALE,UNDERLYING_UNAVAILABLE_OPTIONS_AVAILABLE,23500.0,129.7,110.4,-2.900992,1.006404,196022385.0,329257110.0,14950.0,-28990.0,10.480916,9.121326,0.50597,-0.4939,0.00124,0.00143,-13.4916,-5.73675,12.23988,12.23982,0.077101,0.09058,0.995799,240.1,ACCELERATING,FLAT,-0.293009,0.28031,-0.416848,DOWN,,,23493.360164,30.910164,OK,STALE_UNDERLYING
NIFTY,2026-09-09,15:21,STALE,23462.45,6,OPTIONS_ACTIVE_UNDERLYING_STALE,UNDERLYING_UNAVAILABLE_OPTIONS_AVAILABLE,23500.0,130.875,111.125,0.905937,0.656703,196548040.0,330498480.0,-33280.0,-34450.0,10.571556,9.195187,0.50596,-0.49392,0.00123,0.00141,-13.58067,-5.80931,12.2392,12.23915,0.114613,0.224972,0.991372,242.0,FALLING,DECELERATING,-0.371634,0.365982,-0.53143,DOWN,,,23494.684596,32.234596,OK,STALE_UNDERLYING
NIFTY,2026-09-09,15:22,STALE,23462.45,7,OPTIONS_ACTIVE_UNDERLYING_STALE,UNDERLYING_UNAVAILABLE_OPTIONS_AVAILABLE,23500.0,129.9,111.225,-0.744986,0.089989,196956955.0,331209450.0,-55185.0,-250250.0,10.498779,9.199604,0.50596,-0.49393,0.00124,0.00141,-13.51012,-5.81408,12.23853,12.23847,0.153965,0.134862,0.974724,241.125,ACCELERATING,DECELERATING,-0.223068,0.296192,-0.444384,DOWN,,,23494.419378,31.969378,OK,STALE_UNDERLYING
NIFTY,2026-09-09,15:23,STALE,23462.45,8,OPTIONS_ACTIVE_UNDERLYING_STALE,UNDERLYING_UNAVAILABLE_OPTIONS_AVAILABLE,23500.0,124.3,114.9,-4.311008,3.304113,197926235.0,332449455.0,-71825.0,-91130.0,10.062384,9.485929,0.50598,-0.49397,0.00129,0.00137,-13.0844,-6.0941,12.23783,12.23781,0.241352,0.261097,0.960661,239.2,ACCELERATING,ACCELERATING,-0.393032,0.422294,-0.59226,DOWN,,,23484.516302,22.066302,OK,STALE_UNDERLYING
NIFTY,2026-09-09,15:24,STALE,23462.45,9,OPTIONS_ACTIVE_UNDERLYING_STALE,UNDERLYING_UNAVAILABLE_OPTIONS_AVAILABLE,23500.0,128.125,115.075,3.077233,0.152306,198628365.0,333795215.0,-1625.0,-185315.0,10.373652,9.514876,0.50595,-0.49398,0.00125,0.00137,-13.38897,-6.12285,12.23717,12.23714,0.195122,0.21725,0.949046,243.2,FALLING,DECELERATING,-0.321966,0.317032,-0.505919,DOWN,,,23488.504536,26.054536,OK,STALE_UNDERLYING
NIFTY,2026-09-09,15:25,STALE,23462.45,10,OPTIONS_ACTIVE_UNDERLYING_STALE,UNDERLYING_UNAVAILABLE_OPTIONS_AVAILABLE,23500.0,128.15,114.075,0.019512,-0.868998,198998735.0,334497865.0,-5655.0,-35945.0,10.378501,9.421243,0.50595,-0.49397,0.00125,0.00138,-13.39424,-6.0319,12.23649,12.23645,0.234101,0.131492,0.943719,242.225,FALLING,RISING,-0.078263,0.139603,-0.324184,DOWN,,,23489.267732,26.817732,OK,STALE_UNDERLYING
NIFTY,2026-09-09,15:26,STALE,23462.45,11,OPTIONS_ACTIVE_UNDERLYING_STALE,UNDERLYING_UNAVAILABLE_OPTIONS_AVAILABLE,23500.0,127.05,114.2,-0.858369,0.109577,199291495.0,335006815.0,-83850.0,-228085.0,10.285276,9.446104,0.50595,-0.49398,0.00126,0.00138,-13.3037,-6.05666,12.23581,12.23577,0.236128,0.175131,0.939519,241.25,RISING,FALLING,0.19088,0.030941,0.262215,UP,,,23488.202471,25.752471,OK,STALE_UNDERLYING
NIFTY,2026-09-09,15:27,STALE,23462.45,12,OPTIONS_ACTIVE_UNDERLYING_STALE,UNDERLYING_UNAVAILABLE_OPTIONS_AVAILABLE,23500.0,128.0,112.975,0.747737,-1.07268,199690140.0,335574980.0,-78455.0,-70525.0,10.367753,9.332019,0.50594,-0.49397,0.00125,0.00139,-13.38481,-5.94571,12.23514,12.2351,0.234375,0.132773,0.93566,240.975,FLAT,ACCELERATING,-0.042537,-0.103943,0.161961,NEUTRAL,,,23490.523526,28.073526,OK,STALE_UNDERLYING
NIFTY,2026-09-09,15:28,STALE,23462.45,13,OPTIONS_ACTIVE_UNDERLYING_STALE,UNDERLYING_UNAVAILABLE_OPTIONS_AVAILABLE,23500.0,124.85,114.975,-2.460938,1.770303,200034900.0,336059880.0,-51155.0,-65975.0,10.094699,9.499917,0.50595,-0.494,0.00129,0.00137,-13.11856,-6.11017,12.23445,12.23443,0.240288,0.043488,0.928581,239.825,ACCELERATING,ACCELERATING,-0.035289,-0.104186,-0.206606,NEUTRAL,,,23484.955972,22.505972,OK,STALE_UNDERLYING
NIFTY,2026-09-09,15:29,CLOSING_STATE_UNCERTAIN,23431.5,14,CLOSING_STATE_UNCERTAIN,UNDERLYING_UNAVAILABLE_OPTIONS_AVAILABLE,23500.0,122.875,117.825,-1.581898,2.4788,200934175.0,337707955.0,-40560.0,-120185.0,11.16622,8.411084,0.46985,-0.54165,0.00116,0.00154,-13.89014,-4.68536,12.18409,12.15233,0.203459,0.297051,0.920807,240.7,DECELERATING,ACCELERATING,-0.577955,0.511788,-0.673947,DOWN,,,23480.057722,17.607722,OK,STALE_UNDERLYING
NIFTY,2026-09-09,15:30,STALE,23431.5,15,UNDERLYING_STALE,INSUFFICIENT_DATA,,,,,,,,,,,,,,,,,,,,,,,,,,,,,INSUFFICIENT_DATA,,,,,INVALID,MISSING_OPTION_DATA|STALE_UNDERLYING
SENSEX,2026-09-09,15:15,LIVE,74895.36,0,NORMAL_CONTINUOUS,DIVERGENCE,74900.0,244.8,206.95,-5.791803,6.346351,24699560.0,88938880.0,0.0,0.0,13.426418,12.439386,0.51577,-0.48321,0.00068,0.00073,-104.48732,-77.08222,17.4459,17.44406,0.122549,0.193283,1.078808,451.75,ACCELERATING,ACCELERATING,-0.544008,0.428256,-0.646666,DOWN,,,74926.113876,30.753876,OK,OK
SENSEX,2026-09-09,15:16,STALE,74895.36,1,OPTIONS_ACTIVE_UNDERLYING_STALE,UNDERLYING_UNAVAILABLE_OPTIONS_AVAILABLE,75000.0,203.65,248.55,4.18212,-3.466356,86737780.0,174699960.0,-48640.0,-66420.0,13.786338,11.822788,0.44949,-0.55934,0.00066,0.00076,-104.98485,-70.37205,17.31456,17.26128,0.294623,0.1207,0.841798,452.2,FALLING,ACCELERATING,-0.382226,-0.096125,-0.25066,DOWN,,,74942.451156,47.091156,OK,STALE_UNDERLYING
SENSEX,2026-09-09,15:17,STALE,74895.36,2,OPTIONS_ACTIVE_UNDERLYING_STALE,UNDERLYING_UNAVAILABLE_OPTIONS_AVAILABLE,74900.0,243.325,208.675,-3.928536,5.192187,25067580.0,89720300.0,0.0,0.0,13.337275,12.537288,0.51585,-0.48334,0.00068,0.00073,-103.91693,-77.81438,17.43602,17.43458,0.226035,0.215646,1.09049,452.0,ACCELERATING,ACCELERATING,-0.115658,0.302777,-0.472191,DOWN,,,74921.646339,26.286339,OK,STALE_UNDERLYING
SENSEX,2026-09-09,15:18,STALE,74895.36,3,OPTIONS_ACTIVE_UNDERLYING_STALE,UNDERLYING_UNAVAILABLE_OPTIONS_AVAILABLE,75000.0,204.825,251.95,5.675222,-3.272867,87579000.0,175455880.0,163060.0,-43620.0,13.887224,12.019726,0.44983,-0.55838,0.00065,0.00075,-105.75694,-71.83175,17.30679,17.2578,0.073233,0.119071,0.825427,456.775,ACCELERATING,ACCELERATING,0.284877,-0.222639,0.483766,UP,,,74940.426698,45.066698,OK,STALE_UNDERLYING
SENSEX,2026-09-09,15:19,STALE,74895.36,4,OPTIONS_ACTIVE_UNDERLYING_STALE,UNDERLYING_UNAVAILABLE_OPTIONS_AVAILABLE,74900.0,252.875,202.825,-1.259274,0.296699,25350420.0,90561660.0,0.0,0.0,13.870556,12.236439,0.51535,-0.48301,0.00066,0.00075,-107.69729,-75.76066,17.42721,17.42428,0.296589,0.27117,1.064867,455.7,FLAT,ACCELERATING,-0.021889,-0.001623,-0.197548,NEUTRAL,,,74937.05773,41.69773,OK,STALE_UNDERLYING
SENSEX,2026-09-09,15:20,STALE,74895.36,5,OPTIONS_ACTIVE_UNDERLYING_STALE,UNDERLYING_UNAVAILABLE_OPTIONS_AVAILABLE,74900.0,237.8,216.375,-5.961443,6.680636,25639300.0,91126040.0,0.0,0.0,13.031128,13.043136,0.51613,-0.48389,0.0007,0.0007,-101.85418,-81.42448,17.42093,17.42098,0.294365,0.207972,1.064867,454.175,ACCELERATING,ACCELERATING,-0.436844,0.181844,-0.4945,DOWN,,,74910.080569,14.720569,OK,STALE_UNDERLYING
SENSEX,2026-09-09,15:21,STALE,74895.36,6,OPTIONS_ACTIVE_UNDERLYING_STALE,UNDERLYING_UNAVAILABLE_OPTIONS_AVAILABLE,74900.0,237.75,209.375,-0.021026,-3.235124,25896600.0,91713460.0,8540.0,-74380.0,13.015071,12.627241,0.51614,-0.48346,0.0007,0.00072,-101.76721,-78.54142,17.41607,17.41532,0.294427,0.262687,1.020436,447.125,DECELERATING,RISING,-0.460679,0.293109,-0.580299,DOWN,,,74916.701153,21.341153,OK,STALE_UNDERLYING
SENSEX,2026-09-09,15:22,STALE,74895.36,7,OPTIONS_ACTIVE_UNDERLYING_STALE,UNDERLYING_UNAVAILABLE_OPTIONS_AVAILABLE,74900.0,237.775,209.4,0.010515,0.01194,26168340.0,92072920.0,0.0,0.0,13.010493,12.593008,0.51613,-0.48343,0.0007,0.00072,-101.7605,-78.32639,17.41124,17.41044,0.273368,0.238777,1.020436,447.175,FALLING,ACCELERATING,-0.452125,0.196557,-0.544493,DOWN,,,74912.945837,17.585837,OK,STALE_UNDERLYING
SENSEX,2026-09-09,15:23,STALE,74895.36,8,OPTIONS_ACTIVE_UNDERLYING_STALE,UNDERLYING_UNAVAILABLE_OPTIONS_AVAILABLE,74900.0,216.525,228.1,-8.93702,8.930277,26562460.0,92729060.0,0.0,0.0,11.793644,13.653224,0.51749,-0.48448,0.00077,0.00067,-93.27237,-85.77115,17.40387,17.4074,0.300196,0.263043,1.020436,444.625,ACCELERATING,ACCELERATING,-0.504417,0.424603,-0.642637,DOWN,,,74875.45879,-19.90121,OK,STALE_UNDERLYING
SENSEX,2026-09-09,15:24,STALE,74895.36,9,OPTIONS_ACTIVE_UNDERLYING_STALE,UNDERLYING_UNAVAILABLE_OPTIONS_AVAILABLE,74900.0,217.025,230.65,0.23092,1.117931,27148100.0,93884980.0,42140.0,-143940.0,11.872118,13.85204,0.51739,-0.48467,0.00077,0.00066,-93.84472,-87.19022,17.39916,17.40281,0.253427,0.346846,0.952182,447.675,FALLING,DECELERATING,-0.483475,0.454366,-0.645907,DOWN,,,74874.135907,-21.224093,OK,STALE_UNDERLYING
SENSEX,2026-09-09,15:25,STALE,74895.36,10,OPTIONS_ACTIVE_UNDERLYING_STALE,UNDERLYING_UNAVAILABLE_OPTIONS_AVAILABLE,74900.0,217.025,229.35,0.0,-0.563625,27451260.0,94309800.0,0.0,0.0,11.881593,13.763519,0.51737,-0.4846,0.00077,0.00066,-93.93417,-86.59708,17.39435,17.39787,0.345582,0.30521,0.952182,446.375,FALLING,RISING,-0.187769,0.12669,-0.438092,DOWN,,,74871.837921,-23.522079,OK,STALE_UNDERLYING
SENSEX,2026-09-09,15:26,STALE,74895.36,11,OPTIONS_ACTIVE_UNDERLYING_STALE,UNDERLYING_UNAVAILABLE_OPTIONS_AVAILABLE,74900.0,217.35,229.85,0.149752,0.218007,27639180.0,94646760.0,50600.0,-164580.0,11.891078,13.795746,0.51735,-0.48463,0.00077,0.00066,-94.02377,-86.85006,17.38953,17.39302,0.36807,0.087013,0.925445,447.2,FLAT,ACCELERATING,0.008047,-0.049163,-0.010944,NEUTRAL,,,74873.768643,-21.591357,OK,STALE_UNDERLYING
SENSEX,2026-09-09,15:27,STALE,74895.36,12,OPTIONS_ACTIVE_UNDERLYING_STALE,UNDERLYING_UNAVAILABLE_OPTIONS_AVAILABLE,74900.0,214.625,227.525,-1.253738,-1.011529,27811500.0,94953440.0,0.0,0.0,11.742441,13.655399,0.51753,-0.48451,0.00078,0.00067,-93.00658,-85.89331,17.38426,17.388,0.209668,0.285683,0.925445,442.15,ACCELERATING,ACCELERATING,-0.032393,-0.140805,0.063979,NEUTRAL,,,74873.742204,-21.617796,OK,STALE_UNDERLYING
SENSEX,2026-09-09,15:28,CLOSING_STATE_UNCERTAIN,74764.23,13,CLOSING_STATE_UNCERTAIN,UNDERLYING_UNAVAILABLE_OPTIONS_AVAILABLE,74900.0,205.95,234.975,-4.041934,3.274365,27977800.0,95228460.0,0.0,0.0,14.792959,10.05184,0.43369,-0.59838,0.00061,0.00088,-111.20139,-56.06281,17.12531,16.83497,0.291333,0.276625,0.925445,440.925,ACCELERATING,ACCELERATING,-0.430091,0.309903,-0.559357,DOWN,,,74857.754972,-37.605028,OK,STALE_UNDERLYING
SENSEX,2026-09-09,15:29,CLOSING_STATE_UNCERTAIN,74764.23,14,CLOSING_STATE_UNCERTAIN,UNDERLYING_UNAVAILABLE_OPTIONS_AVAILABLE,74800.0,230.6,216.5,-10.307273,15.992499,13298920.0,96061980.0,14640.0,-104320.0,13.634937,12.135248,0.49457,-0.50647,0.00067,0.00076,-105.7704,-74.74026,17.35922,17.35858,0.260191,0.415704,1.049874,447.1,ACCELERATING,ACCELERATING,-0.672564,0.598651,-0.757071,DOWN,,,74803.532027,-91.827973,OK,STALE_UNDERLYING
SENSEX,2026-09-09,15:30,STALE,74764.23,15,UNDERLYING_STALE,INSUFFICIENT_DATA,,,,,,,,,,,,,,,,,,,,,,,,,,,,,INSUFFICIENT_DATA,,,,,INVALID,MISSING_OPTION_DATA|STALE_UNDERLYING
NIFTY,2026-09-10,15:15,LIVE,23389.25,0,NORMAL_CONTINUOUS,NEITHER_DIRECTIONAL,23400.0,116.4,92.875,-0.534074,-0.827549,119517190.0,227854705.0,-25610.0,-96980.0,9.343571,9.277069,0.53701,-0.46276,0.00152,0.00153,-13.3282,-6.85702,11.13859,11.13798,0.171821,0.161507,0.982486,209.275,FLAT,ACCELERATING,-0.022005,-0.313888,0.212368,NEUTRAL,,,23403.153255,13.903255,OK,OK
NIFTY,2026-09-10,15:16,STALE,23389.25,1,OPTIONS_ACTIVE_UNDERLYING_STALE,UNDERLYING_UNAVAILABLE_OPTIONS_AVAILABLE,23450.0,94.575,111.225,3.842987,-4.466395,127314850.0,184957045.0,-44265.0,-123305.0,9.608712,8.663207,0.46229,-0.54229,0.00147,0.00163,-13.13582,-5.67969,11.136,11.12311,0.158604,0.22477,0.822663,205.8,ACCELERATING,ACCELERATING,0.314123,-0.188651,0.459395,UP,,,23411.894005,22.644005,OK,STALE_UNDERLYING
NIFTY,2026-09-10,15:17,STALE,23389.25,2,OPTIONS_ACTIVE_UNDERLYING_STALE,UNDERLYING_UNAVAILABLE_OPTIONS_AVAILABLE,23450.0,92.475,115.3,-2.22046,3.663745,127552815.0,185272100.0,-130325.0,-21060.0,9.425404,9.050065,0.46146,-0.54032,0.0015,0.00156,-12.93515,-6.10688,11.13305,11.12812,0.054069,0.173461,0.827795,207.775,RISING,FALLING,-0.006959,-0.119971,0.242822,NEUTRAL,,,23405.869814,16.619814,OK,STALE_UNDERLYING
NIFTY,2026-09-10,15:18,STALE,23389.25,3,OPTIONS_ACTIVE_UNDERLYING_STALE,UNDERLYING_UNAVAILABLE_OPTIONS_AVAILABLE,23400.0,117.55,93.175,-0.591966,1.16721,120459690.0,229926710.0,1950.0,-71695.0,9.444829,9.314268,0.53664,-0.46291,0.0015,0.00152,-13.43591,-6.89776,11.13732,11.13616,0.255211,0.268312,0.980965,210.725,RISING,FLAT,0.018145,0.044734,0.022814,NEUTRAL,,,23403.753112,14.503112,OK,STALE_UNDERLYING
NIFTY,2026-09-10,15:19,STALE,23389.25,4,OPTIONS_ACTIVE_UNDERLYING_STALE,UNDERLYING_UNAVAILABLE_OPTIONS_AVAILABLE,23400.0,116.925,92.9,-0.531689,-0.295144,120624205.0,230431955.0,-19825.0,-78195.0,9.396285,9.305721,0.5368,-0.46288,0.00151,0.00152,-13.38584,-6.88948,11.13616,11.13535,0.128287,0.215285,0.980323,209.825,FALLING,RISING,-0.18812,0.186483,-0.447249,DOWN,,,23403.564697,14.314697,OK,STALE_UNDERLYING
NIFTY,2026-09-10,15:20,STALE,23389.25,5,OPTIONS_ACTIVE_UNDERLYING_STALE,UNDERLYING_UNAVAILABLE_OPTIONS_AVAILABLE,23450.0,95.725,107.4,4.731947,-8.126604,128270220.0,186145830.0,-23010.0,-21450.0,9.724259,8.318315,0.46275,-0.54424,0.00146,0.0017,-13.26497,-5.30014,11.13428,11.11421,0.156699,0.27933,0.825408,203.125,ACCELERATING,ACCELERATING,0.413687,-0.34532,0.58217,UP,,,23416.727369,27.477369,OK,STALE_UNDERLYING
NIFTY,2026-09-10,15:21,STALE,23389.25,6,OPTIONS_ACTIVE_UNDERLYING_STALE,UNDERLYING_UNAVAILABLE_OPTIONS_AVAILABLE,23450.0,98.125,104.225,2.507182,-2.956238,128812580.0,186762810.0,-119080.0,-164970.0,9.927162,8.00363,0.4636,-0.54614,0.00143,0.00177,-13.48801,-4.95136,11.13573,11.10744,0.254777,0.143919,0.826857,202.35,DECELERATING,DECELERATING,0.489856,-0.429078,0.639553,UP,,,23423.342192,34.092192,OK,STALE_UNDERLYING
NIFTY,2026-09-10,15:22,STALE,23389.25,7,OPTIONS_ACTIVE_UNDERLYING_STALE,UNDERLYING_UNAVAILABLE_OPTIONS_AVAILABLE,23450.0,96.075,107.625,-2.089172,3.262173,129317435.0,187159635.0,-78650.0,-115375.0,9.743884,8.36847,0.46282,-0.54398,0.00145,0.00169,-13.28771,-5.3567,11.13297,11.11356,0.260213,0.325203,0.823562,203.7,RISING,FALLING,0.298896,-0.283534,0.52632,UP,,,23417.903727,28.653727,OK,STALE_UNDERLYING
NIFTY,2026-09-10,15:23,STALE,23389.25,8,OPTIONS_ACTIVE_UNDERLYING_STALE,UNDERLYING_UNAVAILABLE_OPTIONS_AVAILABLE,23450.0,99.95,101.2,4.033307,-5.969803,129626770.0,187424640.0,-76700.0,-23140.0,10.112949,7.788106,0.46434,-0.54754,0.0014,0.00181,-13.69273,-4.7124,11.13612,11.10136,0.30015,0.296443,0.830948,201.15,ACCELERATING,ACCELERATING,0.308066,-0.227328,0.508373,UP,,,23427.26433,38.01433,OK,STALE_UNDERLYING
NIFTY,2026-09-10,15:24,STALE,23389.25,9,OPTIONS_ACTIVE_UNDERLYING_STALE,UNDERLYING_UNAVAILABLE_OPTIONS_AVAILABLE,23450.0,100.925,103.85,0.975488,2.618577,130061165.0,187682105.0,-17290.0,-25350.0,10.194619,7.995554,0.46465,-0.54622,0.00139,0.00177,-13.78275,-4.94377,11.13617,11.10496,0.148625,0.288878,0.829572,204.775,DECELERATING,FLAT,0.174644,-0.023591,0.288362,UP,,,23426.009461,36.759461,OK,STALE_UNDERLYING
NIFTY,2026-09-10,15:25,STALE,23389.25,10,OPTIONS_ACTIVE_UNDERLYING_STALE,UNDERLYING_UNAVAILABLE_OPTIONS_AVAILABLE,23450.0,99.65,103.575,-1.263314,-0.264805,130348205.0,187882305.0,-74490.0,2015.0,10.078735,7.982357,0.46418,-0.54632,0.00141,0.00177,-13.65654,-4.92956,11.13425,11.10391,0.200702,0.048274,0.835384,203.225,RISING,ACCELERATING,0.223479,-0.113438,0.433637,UP,,,23425.025606,35.775606,OK,STALE_UNDERLYING
NIFTY,2026-09-10,15:26,STALE,23389.25,11,OPTIONS_ACTIVE_UNDERLYING_STALE,UNDERLYING_UNAVAILABLE_OPTIONS_AVAILABLE,23450.0,98.375,103.3,-1.279478,-0.265508,130529750.0,188097000.0,-49725.0,-88530.0,9.967292,7.951135,0.46372,-0.54652,0.00142,0.00178,-13.53508,-4.89528,11.13236,11.10252,0.152478,0.290416,0.833135,201.675,FALLING,RISING,-0.172046,0.105056,-0.29885,DOWN,,,23425.073041,35.823041,OK,STALE_UNDERLYING
NIFTY,2026-09-10,15:27,STALE,23389.25,12,OPTIONS_ACTIVE_UNDERLYING_STALE,UNDERLYING_UNAVAILABLE_OPTIONS_AVAILABLE,23450.0,99.85,103.075,1.499365,-0.217812,130746135.0,188252740.0,-31980.0,-25350.0,10.098389,7.955947,0.46424,-0.5465,0.0014,0.00178,-13.67932,-4.9011,11.13294,11.10184,0.300451,0.242542,0.833549,202.925,FALLING,FALLING,-0.15529,-0.109521,-0.034028,NEUTRAL,,,23425.798541,36.548541,OK,STALE_UNDERLYING
NIFTY,2026-09-10,15:28,STALE,23389.25,13,OPTIONS_ACTIVE_UNDERLYING_STALE,UNDERLYING_UNAVAILABLE_OPTIONS_AVAILABLE,23450.0,99.625,103.2,-0.225338,0.121271,130909090.0,188389500.0,-64155.0,-23075.0,10.085766,7.94274,0.46418,-0.5466,0.00141,0.00178,-13.66613,-4.88686,11.13205,11.1008,0.250941,0.290698,0.835467,202.825,FLAT,FLAT,-0.028628,-0.144936,0.04733,NEUTRAL,,,23425.500796,36.250796,OK,STALE_UNDERLYING
NIFTY,2026-09-10,15:29,CLOSING_STATE_UNCERTAIN,23477.8,14,CLOSING_STATE_UNCERTAIN,UNDERLYING_UNAVAILABLE_OPTIONS_AVAILABLE,23450.0,102.75,100.05,3.136763,-3.052326,131152645.0,188742190.0,-12935.0,-21060.0,6.042908,11.467408,0.64264,-0.42169,0.0022,0.00121,-10.16032,-9.3066,10.49373,11.00184,0.291971,0.09995,0.833066,202.8,ACCELERATING,ACCELERATING,0.375537,-0.286379,0.533464,UP,,,23431.565273,42.315273,OK,STALE_UNDERLYING
NIFTY,2026-09-10,15:30,CLOSING_STATE_UNCERTAIN,23477.8,15,CLOSING_STATE_UNCERTAIN,UNDERLYING_UNAVAILABLE_OPTIONS_AVAILABLE,23450.0,108.925,93.375,6.009732,-6.671664,131669070.0,189260435.0,-99970.0,-23335.0,6.64044,10.83557,0.63055,-0.41749,0.00202,0.00128,-10.7553,-8.64772,10.6118,10.97716,0.321322,0.267738,0.837118,202.3,ACCELERATING,ACCELERATING,0.61598,-0.682159,0.765973,UP,,,23444.679156,55.429156,OK,STALE_UNDERLYING
SENSEX,2026-09-10,15:15,LIVE,74629.5,0,NORMAL_CONTINUOUS,NEITHER_DIRECTIONAL,74500.0,157.55,143.7,-12.362676,15.421687,38711660.0,339424680.0,0.0,0.0,9.208272,26.419245,0.77501,-0.395,0.00168,0.00075,-124.4843,-392.2129,5.81412,7.46482,0.31736,0.347947,1.22437,301.25,RISING,ACCELERATING,0.225588,0.380181,-0.23221,NEUTRAL,,,74514.936986,-114.563014,OK,INVALID_GREEKS
SENSEX,2026-09-10,15:16,STALE,74629.5,1,OPTIONS_ACTIVE_UNDERLYING_STALE,UNDERLYING_UNAVAILABLE_OPTIONS_AVAILABLE,74500.0,165.575,135.675,5.093621,-5.584551,39236640.0,341173060.0,31420.0,-439620.0,10.495705,25.334207,0.74664,-0.39059,0.00157,0.00078,-147.59422,-375.21204,6.19541,7.43097,0.211385,0.331675,1.215473,301.25,FALLING,RISING,-0.386717,0.417174,-0.601218,DOWN,,,74532.071187,-97.428813,OK,STALE_UNDERLYING|INVALID_GREEKS
SENSEX,2026-09-10,15:17,STALE,74629.5,2,OPTIONS_ACTIVE_UNDERLYING_STALE,UNDERLYING_UNAVAILABLE_OPTIONS_AVAILABLE,74600.0,139.3,130.325,19.391472,-28.559682,76543320.0,254624900.0,0.0,0.0,15.681599,19.104878,0.54613,-0.46179,0.00131,0.00108,-256.37564,-289.9385,7.66077,7.67699,0.28715,0.422022,0.931581,269.625,ACCELERATING,ACCELERATING,0.365872,-0.540297,0.63539,UP,,,74608.855067,-20.644933,OK,STALE_UNDERLYING
SENSEX,2026-09-10,15:18,STALE,74629.5,3,OPTIONS_ACTIVE_UNDERLYING_STALE,UNDERLYING_UNAVAILABLE_OPTIONS_AVAILABLE,74500.0,164.975,124.75,-18.561027,33.244326,40894300.0,347693400.0,-128260.0,-13300.0,10.553166,23.902981,0.74604,-0.38407,0.00157,0.00083,-148.85017,-352.96127,6.18556,7.37399,0.697075,0.400802,1.217844,289.725,RISING,FALLING,0.210992,-0.301146,0.503924,UP,,,74536.738996,-92.761004,OK,STALE_UNDERLYING|INVALID_GREEKS
SENSEX,2026-09-10,15:19,STALE,74629.5,4,OPTIONS_ACTIVE_UNDERLYING_STALE,UNDERLYING_UNAVAILABLE_OPTIONS_AVAILABLE,74600.0,120.875,163.575,8.117174,-0.96867,79130420.0,257860340.0,0.0,0.0,13.330064,23.439085,0.55406,-0.46838,0.00154,0.00088,-219.83553,-359.30777,7.61969,7.66622,0.289555,0.275103,0.920635,284.45,ACCELERATING,ACCELERATING,0.2327,-0.370449,0.533874,UP,,,74555.448926,-74.051074,OK,STALE_UNDERLYING
SENSEX,2026-09-10,15:20,STALE,74629.5,5,OPTIONS_ACTIVE_UNDERLYING_STALE,UNDERLYING_UNAVAILABLE_OPTIONS_AVAILABLE,74800.0,103.875,120.4,97.293447,-59.553204,305919520.0,259424240.0,0.0,0.0,22.622664,,0.35318,,0.00085,,-340.39124,,7.15342,,0.433213,0.830565,0.613677,224.275,ACCELERATING,ACCELERATING,0.583485,-0.488693,0.690726,UP,,,74788.582249,159.082249,OK,STALE_UNDERLYING|INVALID_GREEKS
SENSEX,2026-09-10,15:21,STALE,74629.5,6,OPTIONS_ACTIVE_UNDERLYING_STALE,UNDERLYING_UNAVAILABLE_OPTIONS_AVAILABLE,75000.0,77.725,87.9,63.373621,-66.048667,323719480.0,83617860.0,-1655300.0,144360.0,27.643429,,0.24741,,0.00059,,-351.77573,,6.07464,,0.450306,1.592719,0.50025,165.625,DECELERATING,ACCELERATING,0.61211,-0.697368,0.769826,UP,,,74991.816969,362.316969,OK,STALE_UNDERLYING|INVALID_GREEKS
SENSEX,2026-09-10,15:22,STALE,74629.5,7,OPTIONS_ACTIVE_UNDERLYING_STALE,UNDERLYING_UNAVAILABLE_OPTIONS_AVAILABLE,74700.0,59.225,100.3,-80.752356,548.142165,204788140.0,315441280.0,0.0,0.0,11.46924,8.176381,0.38354,-0.66147,0.00173,0.00233,-181.89093,-105.33154,7.32896,7.02137,0.928662,0.797607,1.038681,159.525,ACCELERATING,FALLING,-0.625725,-0.310428,0.228233,MIXED,,,74655.225799,25.725799,OK,STALE_UNDERLYING|INVALID_GREEKS
SENSEX,2026-09-10,15:23,STALE,74629.5,8,OPTIONS_ACTIVE_UNDERLYING_STALE,UNDERLYING_UNAVAILABLE_OPTIONS_AVAILABLE,75000.0,64.225,107.925,915.41502,-69.254327,346111680.0,88759320.0,0.0,0.0,25.482888,,0.22864,,0.00062,,-311.64645,,5.80069,,0.856364,0.60227,0.50025,172.15,ACCELERATING,ACCELERATING,0.634146,-0.640848,0.758331,UP,,,74958.759728,329.259728,OK,STALE_UNDERLYING|INVALID_GREEKS
SENSEX,2026-09-10,15:24,STALE,74629.5,9,OPTIONS_ACTIVE_UNDERLYING_STALE,UNDERLYING_UNAVAILABLE_OPTIONS_AVAILABLE,74900.0,81.2,52.15,-27.516179,1.508516,281424540.0,130218140.0,242980.0,-408780.0,24.070832,,0.28354,,0.00074,,-330.74384,,6.48184,,0.246305,0.767018,0.900655,133.35,ACCELERATING,ACCELERATING,-0.409082,0.555042,-0.654708,DOWN,,,74926.619572,297.119572,OK,STALE_UNDERLYING|INVALID_GREEKS
SENSEX,2026-09-10,15:25,STALE,74629.5,10,OPTIONS_ACTIVE_UNDERLYING_STALE,UNDERLYING_UNAVAILABLE_OPTIONS_AVAILABLE,74900.0,98.775,53.0,21.644089,1.629914,284006980.0,133608560.0,0.0,0.0,26.810809,,0.30363,,0.00068,,-380.34354,,6.68098,,0.556821,0.377358,0.900655,151.775,ACCELERATING,FALLING,0.37091,-0.502457,0.624456,UP,,,74946.028872,316.528872,OK,STALE_UNDERLYING|INVALID_GREEKS
SENSEX,2026-09-10,15:26,STALE,74629.5,11,OPTIONS_ACTIVE_UNDERLYING_STALE,UNDERLYING_UNAVAILABLE_OPTIONS_AVAILABLE,74900.0,38.075,53.3,-61.452797,0.566038,288118140.0,137231480.0,-445680.0,850680.0,17.037627,,0.20804,,0.00088,,-199.46877,,5.4696,,1.181878,0.562852,1.160039,91.375,ACCELERATING,DECELERATING,-0.435078,-0.457312,-0.325922,MIXED,,,74882.46285,252.96285,OK,STALE_UNDERLYING|INVALID_GREEKS
SENSEX,2026-09-10,15:27,STALE,74629.5,12,OPTIONS_ACTIVE_UNDERLYING_STALE,UNDERLYING_UNAVAILABLE_OPTIONS_AVAILABLE,75000.0,43.4,54.525,122.564103,-59.596147,375513760.0,100079840.0,0.0,0.0,21.821244,,0.19097,,0.00065,,-241.7228,,5.18736,,0.921659,0.641907,0.914355,97.925,FALLING,ACCELERATING,-0.295301,-0.682419,0.462373,MIXED,,,74984.597138,355.097138,OK,STALE_UNDERLYING|INVALID_GREEKS
SENSEX,2026-09-10,15:28,STALE,74629.5,13,OPTIONS_ACTIVE_UNDERLYING_STALE,UNDERLYING_UNAVAILABLE_OPTIONS_AVAILABLE,75000.0,65.15,22.15,50.115207,-59.376433,387928460.0,109144620.0,0.0,0.0,25.740768,,0.22923,,0.00062,,-317.479,,5.76711,,2.762855,0.902935,0.914355,87.3,DECELERATING,FALLING,0.371459,-0.687974,0.686478,UP,,,75042.681524,413.181524,OK,STALE_UNDERLYING|INVALID_GREEKS
SENSEX,2026-09-10,15:29,STALE,74629.5,14,OPTIONS_ACTIVE_UNDERLYING_STALE,UNDERLYING_UNAVAILABLE_OPTIONS_AVAILABLE,74900.0,16.525,12.125,-88.807992,203.125,305292000.0,162827720.0,-1105780.0,1985160.0,12.682466,,0.13592,,0.00091,,-113.86173,,4.14456,,0.302572,0.412371,1.244727,28.65,ACCELERATING,FALLING,-0.523037,-0.587294,0.354743,MIXED,,,74906.178237,276.678237,OK,STALE_UNDERLYING|INVALID_GREEKS
SENSEX,2026-09-10,15:30,CLOSING_STATE_UNCERTAIN,74902.59,15,CLOSING_STATE_UNCERTAIN,UNDERLYING_UNAVAILABLE_OPTIONS_AVAILABLE,74900.0,4.8,0.575,-70.953101,-95.257732,318178280.0,175336320.0,0.0,0.0,0.154256,0.37494,0.99429,-0.14897,0.00554,0.03251,-20.50337,-0.45501,0.30965,4.4194,2.083333,8.695652,1.244727,5.375,DECELERATING,ACCELERATING,-0.142039,-0.359931,-0.260703,DOWN,,,,,INVALID,STALE_UNDERLYING|INVALID_GREEKS|WIDE_SPREAD
NIFTY,2026-09-11,15:15,LIVE,23435.1,0,NORMAL_CONTINUOUS,OPTIONS_CONFIRM,23450.0,110.25,94.275,8.088235,-7.979502,226346770.0,88342085.0,-18980.0,-25935.0,10.291361,9.940285,0.52117,-0.47823,0.00153,0.00159,-15.51883,-8.6892,10.06981,10.069,0.362812,0.265182,1.158286,204.525,ACCELERATING,ACCELERATING,0.390663,-0.487721,0.626047,UP,,,23450.940458,15.840458,OK,OK
NIFTY,2026-09-11,15:16,STALE,23435.1,1,OPTIONS_ACTIVE_UNDERLYING_STALE,UNDERLYING_UNAVAILABLE_OPTIONS_AVAILABLE,23450.0,103.75,99.25,-5.895692,5.277115,228819890.0,89536395.0,-161200.0,-1365.0,9.681605,10.442436,0.52223,-0.47907,0.00163,0.00151,-14.80358,-9.2802,10.06753,10.06931,0.192771,0.201511,1.163261,203.0,RISING,FALLING,0.477626,-0.543866,0.672498,UP,,,23437.439718,2.339718,OK,STALE_UNDERLYING
NIFTY,2026-09-11,15:17,STALE,23435.1,2,OPTIONS_ACTIVE_UNDERLYING_STALE,UNDERLYING_UNAVAILABLE_OPTIONS_AVAILABLE,23450.0,102.7,98.8,-1.012048,-0.453401,230525555.0,90367420.0,21645.0,27690.0,9.598187,10.418246,0.52238,-0.47904,0.00164,0.00151,-14.70656,-9.25275,10.0665,10.06845,0.292113,0.202429,1.15664,201.5,RISING,ACCELERATING,0.230947,-0.287465,0.437381,UP,,,23437.164165,2.064165,OK,STALE_UNDERLYING
NIFTY,2026-09-11,15:18,STALE,23435.1,3,OPTIONS_ACTIVE_UNDERLYING_STALE,UNDERLYING_UNAVAILABLE_OPTIONS_AVAILABLE,23450.0,99.7,101.85,-2.92113,3.087045,231652525.0,90968215.0,-62465.0,4615.0,9.276302,10.706924,0.52301,-0.47949,0.0017,0.00147,-14.32973,-9.59322,10.06477,10.06822,0.200602,0.098184,1.15917,201.55,ACCELERATING,ACCELERATING,-0.210263,0.258303,-0.489479,DOWN,,,23431.109775,-3.990225,OK,STALE_UNDERLYING
NIFTY,2026-09-11,15:19,STALE,23435.1,4,OPTIONS_ACTIVE_UNDERLYING_STALE,UNDERLYING_UNAVAILABLE_OPTIONS_AVAILABLE,23450.0,101.075,100.3,1.379137,-1.521846,232991005.0,91694720.0,-63375.0,-20150.0,9.416394,10.543684,0.52272,-0.47925,0.00167,0.0015,-14.49498,-9.40222,10.06437,10.06708,0.247341,0.199402,1.157233,201.375,FALLING,RISING,-0.132319,0.043776,-0.296607,DOWN,,,23434.037946,-1.062054,OK,STALE_UNDERLYING
NIFTY,2026-09-11,15:20,STALE,23435.1,5,OPTIONS_ACTIVE_UNDERLYING_STALE,UNDERLYING_UNAVAILABLE_OPTIONS_AVAILABLE,23450.0,104.825,95.025,3.710116,-5.259222,235452100.0,93027220.0,16250.0,-22100.0,9.790032,10.01284,0.52201,-0.47839,0.00161,0.00157,-14.93459,-8.77916,10.06454,10.06509,0.33389,0.263089,1.157158,199.85,ACCELERATING,ACCELERATING,0.21132,-0.403825,0.503256,UP,,,23443.015862,7.915862,OK,STALE_UNDERLYING
NIFTY,2026-09-11,15:21,STALE,23435.1,6,OPTIONS_ACTIVE_UNDERLYING_STALE,UNDERLYING_UNAVAILABLE_OPTIONS_AVAILABLE,23450.0,103.075,95.575,-1.669449,0.578795,236923440.0,94006835.0,-35815.0,-975.0,9.592319,10.102867,0.52237,-0.47855,0.00164,0.00156,-14.70331,-8.88591,10.06321,10.06448,0.339559,0.261575,1.142355,198.65,RISING,FALLING,0.224047,-0.271457,0.494026,UP,,,23441.611416,6.511416,OK,STALE_UNDERLYING
NIFTY,2026-09-11,15:22,STALE,23435.1,7,OPTIONS_ACTIVE_UNDERLYING_STALE,UNDERLYING_UNAVAILABLE_OPTIONS_AVAILABLE,23450.0,100.35,95.25,-2.643706,-0.340047,238515875.0,94822845.0,-292890.0,15470.0,9.349847,10.004113,0.52284,-0.47839,0.00169,0.00158,-14.41955,-8.7708,10.06172,10.06343,0.099651,0.209974,1.141182,195.6,ACCELERATING,ACCELERATING,-0.18312,-0.373994,0.277011,UP,,,23437.246695,2.146695,OK,STALE_UNDERLYING
NIFTY,2026-09-11,15:23,STALE,23435.1,8,OPTIONS_ACTIVE_UNDERLYING_STALE,UNDERLYING_UNAVAILABLE_OPTIONS_AVAILABLE,23450.0,95.175,101.2,-5.156951,6.246719,239949125.0,95878380.0,-234260.0,-100880.0,8.809098,10.630755,0.52399,-0.4794,0.00179,0.00148,-13.78613,-9.50869,10.05918,10.06397,0.262674,0.296443,1.145896,196.375,ACCELERATING,ACCELERATING,-0.339715,0.260889,-0.533297,DOWN,,,23427.120906,-7.979094,OK,STALE_UNDERLYING
NIFTY,2026-09-11,15:24,STALE,23435.1,9,OPTIONS_ACTIVE_UNDERLYING_STALE,UNDERLYING_UNAVAILABLE_OPTIONS_AVAILABLE,23450.0,95.625,101.25,0.472813,0.049407,241642635.0,97128785.0,-140010.0,-7735.0,8.844845,10.626442,0.5239,-0.4794,0.00178,0.00148,-13.82887,-9.50462,10.05849,10.06314,0.261438,0.296296,1.161157,196.875,FALLING,DECELERATING,-0.308001,0.38748,-0.564543,DOWN,,,23427.595092,-7.504908,OK,STALE_UNDERLYING
NIFTY,2026-09-11,15:25,STALE,23435.1,10,OPTIONS_ACTIVE_UNDERLYING_STALE,UNDERLYING_UNAVAILABLE_OPTIONS_AVAILABLE,23450.0,90.55,107.7,-5.30719,6.37037,242703695.0,98030530.0,48620.0,-49140.0,8.36851,11.278001,0.52504,-0.48032,0.00188,0.0014,-13.27158,-10.27276,10.0559,10.0635,0.110436,0.278552,1.148664,198.25,ACCELERATING,ACCELERATING,-0.227541,0.236883,-0.48813,DOWN,,,23416.004887,-19.095113,OK,STALE_UNDERLYING
NIFTY,2026-09-11,15:26,STALE,23435.1,11,OPTIONS_ACTIVE_UNDERLYING_STALE,UNDERLYING_UNAVAILABLE_OPTIONS_AVAILABLE,23450.0,92.225,104.075,1.849807,-3.365831,243487595.0,98965035.0,-136110.0,-73255.0,8.533518,10.935849,0.52462,-0.47986,0.00185,0.00144,-13.46563,-9.87087,10.05573,10.06209,0.271076,0.144127,1.136557,196.3,FALLING,RISING,-0.247091,0.096493,-0.416363,DOWN,,,23421.23276,-13.86724,OK,STALE_UNDERLYING
NIFTY,2026-09-11,15:27,STALE,23435.1,12,OPTIONS_ACTIVE_UNDERLYING_STALE,UNDERLYING_UNAVAILABLE_OPTIONS_AVAILABLE,23450.0,94.075,101.45,2.005964,-2.52222,244257260.0,99684455.0,21255.0,-91260.0,8.723405,10.683079,0.52416,-0.4795,0.00181,0.00148,-13.68897,-9.57432,10.05562,10.0608,0.159447,0.295712,1.120711,195.525,FALLING,FLAT,-0.129446,0.096186,-0.251995,DOWN,,,23425.278767,-9.821233,OK,STALE_UNDERLYING
NIFTY,2026-09-11,15:28,STALE,23435.1,13,OPTIONS_ACTIVE_UNDERLYING_STALE,UNDERLYING_UNAVAILABLE_OPTIONS_AVAILABLE,23450.0,90.875,103.075,-3.401541,1.601774,244877165.0,100078875.0,-59800.0,-141700.0,8.386184,10.822904,0.52498,-0.47971,0.00188,0.00146,-13.29463,-9.73996,10.05353,10.06025,0.275103,0.242542,1.115797,193.95,FLAT,FALLING,0.004673,-0.299263,0.379427,UP,,,23421.206659,-13.893341,OK,STALE_UNDERLYING
NIFTY,2026-09-11,15:29,STALE,23435.1,14,OPTIONS_ACTIVE_UNDERLYING_STALE,UNDERLYING_UNAVAILABLE_OPTIONS_AVAILABLE,23450.0,87.625,106.35,-3.576341,3.177298,246415130.0,101121020.0,-217490.0,-141245.0,8.088653,11.186407,0.52576,-0.48022,0.00195,0.00141,-12.94708,-10.16915,10.05145,10.06007,0.285307,0.282087,1.121549,193.975,FALLING,ACCELERATING,-0.332747,0.29864,-0.523258,DOWN,,,23414.93455,-20.16545,OK,STALE_UNDERLYING
NIFTY,2026-09-11,15:30,CLOSING_STATE_UNCERTAIN,23398.1,15,CLOSING_STATE_UNCERTAIN,INSUFFICIENT_DATA,,,,,,,,,,,,,,,,,,,,,,,,,,,,,INSUFFICIENT_DATA,,,,,INVALID,MISSING_OPTION_DATA|STALE_UNDERLYING
SENSEX,2026-09-11,15:15,LIVE,74914.06,0,NORMAL_CONTINUOUS,OPTIONS_CONFIRM,75000.0,450.55,498.4,1.03717,-1.428925,15282780.0,3295120.0,0.0,0.0,10.963692,13.294733,0.51856,-0.48358,0.00037,0.00031,-44.79444,-31.50975,39.05425,39.06349,0.066585,0.160514,0.803936,948.95,DECELERATING,DECELERATING,0.160054,-0.441533,0.364171,UP,,,74873.537766,-40.522234,OK,OK
SENSEX,2026-09-11,15:16,STALE,74914.06,1,OPTIONS_ACTIVE_UNDERLYING_STALE,UNDERLYING_UNAVAILABLE_OPTIONS_AVAILABLE,75000.0,451.65,489.175,0.244146,-1.850923,15439220.0,3353960.0,0.0,5860.0,11.0285,13.070008,0.51848,-0.48342,0.00037,0.00031,-44.99694,-30.81435,39.05246,39.06065,0.332116,0.275975,0.826015,940.825,DECELERATING,ACCELERATING,0.460834,-0.690034,0.711621,UP,,,74881.723238,-32.336762,OK,STALE_UNDERLYING
SENSEX,2026-09-11,15:17,STALE,74914.06,2,OPTIONS_ACTIVE_UNDERLYING_STALE,UNDERLYING_UNAVAILABLE_OPTIONS_AVAILABLE,75000.0,449.125,489.1,-0.559061,-0.015332,15502140.0,3379260.0,0.0,0.0,10.924299,13.044947,0.5186,-0.4834,0.00037,0.00031,-44.67611,-30.73875,39.04977,39.05844,0.300584,0.28624,0.826015,938.225,RISING,DECELERATING,0.227572,-0.46137,0.486418,UP,,,74879.699269,-34.360731,OK,STALE_UNDERLYING
SENSEX,2026-09-11,15:18,STALE,74914.06,3,OPTIONS_ACTIVE_UNDERLYING_STALE,UNDERLYING_UNAVAILABLE_OPTIONS_AVAILABLE,74900.0,494.375,454.4,-1.670727,2.428853,7231220.0,2634200.0,-7520.0,33420.0,10.727253,13.391558,0.55659,-0.45337,0.00038,0.0003,-44.52727,-32.20035,38.6962,38.82279,0.232617,0.264085,1.068378,948.775,ACCELERATING,ACCELERATING,-0.159011,0.170125,-0.331308,DOWN,,,74858.816867,-55.243133,OK,STALE_UNDERLYING
SENSEX,2026-09-11,15:19,STALE,74914.06,4,OPTIONS_ACTIVE_UNDERLYING_STALE,UNDERLYING_UNAVAILABLE_OPTIONS_AVAILABLE,74900.0,492.6,454.2,-0.359039,-0.044014,7259160.0,2654640.0,0.0,0.0,10.698333,13.406302,0.55672,-0.45342,0.00038,0.0003,-44.44097,-32.24798,38.69217,38.82115,0.182704,0.352268,1.068378,946.8,DECELERATING,RISING,-0.136242,0.164319,-0.382035,DOWN,,,74857.46775,-56.59225,OK,STALE_UNDERLYING
SENSEX,2026-09-11,15:20,STALE,74914.06,5,OPTIONS_ACTIVE_UNDERLYING_STALE,UNDERLYING_UNAVAILABLE_OPTIONS_AVAILABLE,75000.0,449.825,486.625,2.39003,-2.718777,15672120.0,3460480.0,0.0,0.0,10.926695,13.023543,0.51858,-0.4834,0.00037,0.00031,-44.68906,-30.67893,39.0433,39.0519,0.300117,0.297971,0.853635,936.45,FLAT,ACCELERATING,0.037352,-0.016694,0.055223,NEUTRAL,,,74880.340822,-33.719178,OK,STALE_UNDERLYING
SENSEX,2026-09-11,15:21,STALE,74914.06,6,OPTIONS_ACTIVE_UNDERLYING_STALE,UNDERLYING_UNAVAILABLE_OPTIONS_AVAILABLE,75000.0,452.55,490.375,0.605791,0.770614,15719600.0,3485940.0,-10020.0,1620.0,11.045306,13.098356,0.51844,-0.48346,0.00037,0.00031,-45.05825,-30.91345,39.0418,39.04996,0.198873,0.152944,0.838817,942.925,DECELERATING,FALLING,0.098103,0.042874,0.299974,UP,,,74881.997425,-32.062575,OK,STALE_UNDERLYING
SENSEX,2026-09-11,15:22,STALE,74914.06,7,OPTIONS_ACTIVE_UNDERLYING_STALE,UNDERLYING_UNAVAILABLE_OPTIONS_AVAILABLE,74900.0,496.675,447.3,-2.031658,0.595974,7388140.0,2730640.0,0.0,0.0,10.7899,13.201912,0.55628,-0.45281,0.00037,0.00031,-44.72561,-31.62665,38.69182,38.80768,0.372477,0.24592,1.078136,943.975,RISING,FALLING,0.103669,-0.266555,0.298311,UP,,,74869.292908,-44.767092,OK,STALE_UNDERLYING
SENSEX,2026-09-11,15:23,STALE,74914.06,8,OPTIONS_ACTIVE_UNDERLYING_STALE,UNDERLYING_UNAVAILABLE_OPTIONS_AVAILABLE,74900.0,480.475,455.1,-3.26169,1.743796,7428120.0,2759500.0,0.0,0.0,10.402873,13.378986,0.55816,-0.45335,0.00039,0.0003,-43.54833,-32.17325,38.66325,38.81167,0.239346,0.285652,1.078136,935.575,ACCELERATING,ACCELERATING,-0.29243,0.2006,-0.482326,DOWN,,,74845.845319,-68.214681,OK,STALE_UNDERLYING
SENSEX,2026-09-11,15:24,STALE,74914.06,9,OPTIONS_ACTIVE_UNDERLYING_STALE,UNDERLYING_UNAVAILABLE_OPTIONS_AVAILABLE,74900.0,477.95,454.15,-0.525522,-0.208745,7479300.0,2804520.0,-10380.0,5300.0,10.346748,13.34348,0.55844,-0.45324,0.00039,0.0003,-43.37928,-32.06635,38.65706,38.80835,0.104613,0.352307,1.087803,932.1,DECELERATING,RISING,-0.307939,0.297779,-0.522515,DOWN,,,74842.504621,-71.555379,OK,STALE_UNDERLYING
SENSEX,2026-09-11,15:25,STALE,74914.06,10,OPTIONS_ACTIVE_UNDERLYING_STALE,UNDERLYING_UNAVAILABLE_OPTIONS_AVAILABLE,74900.0,461.1,467.225,-3.525473,2.879005,7513300.0,2830900.0,0.0,0.0,9.901076,13.713782,0.56081,-0.45431,0.00041,0.0003,-42.02629,-33.2077,38.62004,38.81836,0.23856,0.310343,1.087803,928.325,ACCELERATING,ACCELERATING,-0.242075,0.200326,-0.478823,DOWN,,,74813.820777,-100.239223,OK,STALE_UNDERLYING
SENSEX,2026-09-11,15:26,STALE,74914.06,11,OPTIONS_ACTIVE_UNDERLYING_STALE,UNDERLYING_UNAVAILABLE_OPTIONS_AVAILABLE,74900.0,463.525,458.675,0.525916,-1.829953,7538940.0,2854820.0,-8440.0,-7140.0,9.936788,13.510839,0.56061,-0.45374,0.00041,0.0003,-42.13643,-32.58567,38.6209,38.80968,0.334394,0.294326,1.081525,922.2,FALLING,RISING,-0.148207,0.16011,-0.367236,DOWN,,,74824.943751,-89.116249,OK,STALE_UNDERLYING
SENSEX,2026-09-11,15:27,STALE,74914.06,12,OPTIONS_ACTIVE_UNDERLYING_STALE,UNDERLYING_UNAVAILABLE_OPTIONS_AVAILABLE,74900.0,472.5,458.425,1.936249,-0.054505,7566060.0,2881660.0,0.0,0.0,10.196417,13.474057,0.55921,-0.45363,0.0004,0.0003,-42.92721,-32.47485,38.63945,38.80633,0.31746,0.250859,1.081525,930.925,FALLING,RISING,-0.138977,0.10873,-0.221442,NEUTRAL,,,74834.778016,-79.281984,OK,STALE_UNDERLYING
SENSEX,2026-09-11,15:28,STALE,74914.06,13,OPTIONS_ACTIVE_UNDERLYING_STALE,UNDERLYING_UNAVAILABLE_OPTIONS_AVAILABLE,74900.0,464.925,462.025,-1.603175,0.785297,7584040.0,2890700.0,0.0,0.0,10.008216,13.56741,0.56021,-0.4539,0.0004,0.0003,-42.35681,-32.76438,38.62253,38.80725,0.311878,0.22726,1.081525,926.95,RISING,FALLING,0.075667,-0.124837,0.227629,NEUTRAL,,,74823.332732,-90.727268,OK,STALE_UNDERLYING
SENSEX,2026-09-11,15:29,CLOSING_STATE_UNCERTAIN,74781.76,14,CLOSING_STATE_UNCERTAIN,UNDERLYING_UNAVAILABLE_OPTIONS_AVAILABLE,74900.0,448.775,474.65,-3.473679,2.732536,7612420.0,2911320.0,-3180.0,-5980.0,11.357269,12.310774,0.50642,-0.4936,0.00036,0.00033,-45.75664,-28.24133,38.99212,38.99214,0.367668,0.252818,1.08567,923.425,ACCELERATING,ACCELERATING,-0.418885,0.41466,-0.588171,DOWN,,,74794.128351,-119.931649,OK,STALE_UNDERLYING
SENSEX,2026-09-11,15:30,STALE,74781.76,15,UNDERLYING_STALE,INSUFFICIENT_DATA,,,,,,,,,,,,,,,,,,,,,,,,,,,,,INSUFFICIENT_DATA,,,,,INVALID,MISSING_OPTION_DATA|STALE_UNDERLYING
NIFTY,2026-09-15,15:15,LIVE,23172.35,0,NORMAL_CONTINUOUS,OPTIONS_CONFIRM,23200.0,39.775,54.85,-20.608782,12.74409,349496810.0,1055517060.0,-342420.0,17615.0,21.603139,16.869178,0.42164,-0.60047,0.00301,0.0038,-105.95128,-75.79455,2.35474,2.32463,0.377121,0.364631,0.865431,94.625,ACCELERATING,ACCELERATING,-0.478742,0.658584,-0.71244,DOWN,,,23186.382335,14.032335,OK,INVALID_GREEKS
NIFTY,2026-09-15,15:16,STALE,23172.35,1,OPTIONS_ACTIVE_UNDERLYING_STALE,UNDERLYING_UNAVAILABLE_OPTIONS_AVAILABLE,23200.0,45.475,44.875,14.33061,-18.185962,358516925.0,1065992005.0,-533845.0,-146835.0,24.033216,12.468327,0.4296,-0.63545,0.00272,0.00501,-118.22318,-53.2855,2.36031,2.25817,0.329852,0.334262,0.887636,90.35,FALLING,ACCELERATING,-0.686596,-0.336052,-0.443861,MIXED,,,23200.484486,28.134486,OK,STALE_UNDERLYING|INVALID_GREEKS
NIFTY,2026-09-15,15:17,STALE,23172.35,2,OPTIONS_ACTIVE_UNDERLYING_STALE,UNDERLYING_UNAVAILABLE_OPTIONS_AVAILABLE,23200.0,40.175,45.475,-11.654755,1.337047,368095715.0,1074910720.0,288600.0,-1431625.0,21.815151,12.772359,0.42217,-0.63252,0.00299,0.00491,-107.29207,-54.94096,2.34868,2.26104,0.373367,0.329852,0.858674,85.65,ACCELERATING,FALLING,-0.498928,-0.240458,-0.417429,DOWN,,,23195.113023,22.763023,OK,STALE_UNDERLYING|INVALID_GREEKS
NIFTY,2026-09-15,15:18,STALE,23172.35,3,OPTIONS_ACTIVE_UNDERLYING_STALE,UNDERLYING_UNAVAILABLE_OPTIONS_AVAILABLE,23200.0,37.725,50.8,-6.09832,11.709731,373721270.0,1080130285.0,331890.0,301990.0,20.801108,15.15933,0.41819,-0.61223,0.00313,0.00422,-102.34067,-67.36508,2.34057,2.29578,0.397614,0.393701,0.868397,88.525,DECELERATING,FALLING,-0.311935,-0.155531,0.031676,NEUTRAL,,,23188.940719,16.590719,OK,STALE_UNDERLYING|INVALID_GREEKS
NIFTY,2026-09-15,15:19,STALE,23172.35,4,OPTIONS_ACTIVE_UNDERLYING_STALE,UNDERLYING_UNAVAILABLE_OPTIONS_AVAILABLE,23200.0,39.05,52.825,3.51226,3.98622,378090375.0,1085026995.0,181740.0,227240.0,21.387381,16.071902,0.42033,-0.60609,0.00305,0.004,-105.42441,-72.137,2.33985,2.3027,0.256082,0.283956,0.87222,91.875,FALLING,DECELERATING,-0.380626,0.076913,-0.485846,DOWN,,,23189.018304,16.668304,OK,STALE_UNDERLYING|INVALID_GREEKS
NIFTY,2026-09-15,15:20,STALE,23172.35,5,OPTIONS_ACTIVE_UNDERLYING_STALE,UNDERLYING_UNAVAILABLE_OPTIONS_AVAILABLE,23150.0,29.575,40.125,-56.887755,32.098765,115581245.0,782691910.0,90935.0,-89895.0,6.075029,21.5332,0.7451,-0.42524,0.00884,0.00305,-28.72747,-101.15966,1.91865,2.34218,0.507185,0.623053,1.028859,69.7,ACCELERATING,ACCELERATING,-0.379391,0.842124,-0.740505,DOWN,,,23139.358995,-32.991005,OK,STALE_UNDERLYING|INVALID_GREEKS
NIFTY,2026-09-15,15:21,STALE,23172.35,6,OPTIONS_ACTIVE_UNDERLYING_STALE,UNDERLYING_UNAVAILABLE_OPTIONS_AVAILABLE,23100.0,39.875,20.85,-31.63309,23.00885,65237770.0,727215060.0,965510.0,-2329730.0,,20.732469,,-0.274,,0.00269,,-83.36832,,1.98766,0.376176,0.479616,1.146871,60.725,DECELERATING,ACCELERATING,-0.627554,0.741041,-0.789532,DOWN,,,23117.824456,-54.525544,OK,STALE_UNDERLYING|INVALID_GREEKS
NIFTY,2026-09-15,15:22,STALE,23172.35,7,OPTIONS_ACTIVE_UNDERLYING_STALE,UNDERLYING_UNAVAILABLE_OPTIONS_AVAILABLE,23150.0,20.825,42.3,17.655367,-16.732283,142749880.0,818809485.0,1939340.0,-2636075.0,,22.492249,,-0.42812,,0.00293,,-106.22798,,2.33862,0.240096,0.472813,0.842778,63.125,FALLING,RISING,-0.508673,0.298402,-0.602358,DOWN,,,23128.352196,-43.997804,OK,STALE_UNDERLYING|INVALID_GREEKS
NIFTY,2026-09-15,15:23,STALE,23172.35,8,OPTIONS_ACTIVE_UNDERLYING_STALE,UNDERLYING_UNAVAILABLE_OPTIONS_AVAILABLE,23100.0,41.225,19.525,-5.717553,17.091454,78065715.0,762059025.0,680485.0,852995.0,,20.080145,,-0.26703,,0.00275,,-79.91575,,1.95661,0.363857,0.256082,1.020493,60.75,ACCELERATING,ACCELERATING,-0.476623,0.33532,-0.603981,DOWN,,,23121.79246,-50.55754,OK,STALE_UNDERLYING|INVALID_GREEKS
NIFTY,2026-09-15,15:24,STALE,23172.35,9,OPTIONS_ACTIVE_UNDERLYING_STALE,UNDERLYING_UNAVAILABLE_OPTIONS_AVAILABLE,23150.0,17.3,34.875,-5.464481,-25.71885,163524400.0,840891870.0,1532115.0,-91065.0,,19.309085,,-0.41658,,0.0034,,-90.61227,,2.31848,0.578035,0.430108,0.840778,52.175,DECELERATING,ACCELERATING,-0.584782,-0.33015,0.248455,MIXED,,,23132.482785,-39.867215,OK,STALE_UNDERLYING|INVALID_GREEKS
NIFTY,2026-09-15,15:25,STALE,23172.35,10,OPTIONS_ACTIVE_UNDERLYING_STALE,UNDERLYING_UNAVAILABLE_OPTIONS_AVAILABLE,23150.0,10.525,29.325,-39.16185,-15.913978,176495345.0,853663525.0,666445.0,1135875.0,,16.997,,-0.40557,,0.00384,,-79.11391,,2.30041,1.425178,0.511509,0.857064,39.85,ACCELERATING,DECELERATING,-0.510064,-0.422443,-0.35818,MIXED,,,,,INVALID,STALE_UNDERLYING|INVALID_GREEKS
NIFTY,2026-09-15,15:26,STALE,23172.35,11,OPTIONS_ACTIVE_UNDERLYING_STALE,UNDERLYING_UNAVAILABLE_OPTIONS_AVAILABLE,23100.0,26.575,7.55,-27.883311,37.272727,104896415.0,846990235.0,-49530.0,1405170.0,,13.428241,,-0.17578,,0.00325,,-41.97762,,1.53152,0.56444,1.324503,0.973528,34.125,ACCELERATING,FALLING,-0.705361,-0.359696,0.218104,MIXED,,,,,INVALID,STALE_UNDERLYING|INVALID_GREEKS
NIFTY,2026-09-15,15:27,STALE,23172.35,12,OPTIONS_ACTIVE_UNDERLYING_STALE,UNDERLYING_UNAVAILABLE_OPTIONS_AVAILABLE,23150.0,6.55,29.075,7.377049,-22.466667,217612330.0,882075480.0,2338895.0,1239810.0,,16.914237,,-0.40489,,0.00387,,-78.92366,,2.29275,1.526718,0.515907,0.815294,35.625,FALLING,ACCELERATING,-0.64134,-0.415559,-0.408592,MIXED,,,,,INVALID,STALE_UNDERLYING|INVALID_GREEKS
NIFTY,2026-09-15,15:28,STALE,23172.35,13,OPTIONS_ACTIVE_UNDERLYING_STALE,UNDERLYING_UNAVAILABLE_OPTIONS_AVAILABLE,23100.0,24.2,0.875,-24.197338,-66.666667,124629505.0,956851155.0,-339300.0,-951080.0,,7.463921,,-0.04662,,0.00221,,-8.76674,,0.57605,0.413223,5.714286,0.922699,25.075,ACCELERATING,ACCELERATING,-0.712693,-0.559233,0.257434,MIXED,,,,,INVALID,STALE_UNDERLYING|INVALID_GREEKS|WIDE_SPREAD
NIFTY,2026-09-15,15:29,CLOSING_STATE_UNCERTAIN,23118.6,14,CLOSING_STATE_UNCERTAIN,UNDERLYING_UNAVAILABLE_OPTIONS_AVAILABLE,23100.0,18.725,0.075,-22.623967,-91.428571,135475730.0,986516700.0,1058525.0,1494935.0,,1.752138,,-0.02558,,0.00578,,-1.13683,,0.35068,0.801068,66.666667,0.90375,18.8,DECELERATING,ACCELERATING,-0.322389,-0.424413,0.366636,MIXED,,,,,INVALID,STALE_UNDERLYING|INVALID_GREEKS|WIDE_SPREAD
NIFTY,2026-09-15,15:30,CLOSING_STATE_UNCERTAIN,23118.6,15,CLOSING_STATE_UNCERTAIN,INSUFFICIENT_DATA,,,,,,,,,,,,,,,,,,,,,,,,,,,,,INSUFFICIENT_DATA,,,,,INVALID,MISSING_OPTION_DATA|STALE_UNDERLYING
SENSEX,2026-09-15,15:15,LIVE,74171.82,0,NORMAL_CONTINUOUS,DIVERGENCE,74100.0,396.4,375.15,-4.065828,2.346201,1248000.0,8076460.0,0.0,0.0,14.406991,18.577951,0.55797,-0.45383,0.00047,0.00037,-84.88344,-86.02346,22.96787,23.05775,0.126135,0.293216,1.157787,771.55,ACCELERATING,ACCELERATING,-0.611605,0.48882,-0.692915,DOWN,,,74095.207897,-76.612103,OK,OK
SENSEX,2026-09-15,15:16,STALE,74171.82,1,OPTIONS_ACTIVE_UNDERLYING_STALE,UNDERLYING_UNAVAILABLE_OPTIONS_AVAILABLE,74100.0,392.4,359.35,-1.009082,-4.211649,1361480.0,8166760.0,5640.0,9720.0,14.302867,17.947132,0.55836,-0.45242,0.00047,0.00038,-84.36048,-82.79418,22.96101,23.04446,0.280326,0.333936,1.154167,751.75,DECELERATING,FLAT,-0.381347,-0.005473,-0.438431,DOWN,,,74109.841538,-61.978462,OK,STALE_UNDERLYING
SENSEX,2026-09-15,15:17,STALE,74171.82,2,OPTIONS_ACTIVE_UNDERLYING_STALE,UNDERLYING_UNAVAILABLE_OPTIONS_AVAILABLE,74100.0,377.425,368.1,-3.816259,2.434952,1425360.0,8213120.0,0.0,0.0,13.658236,18.366189,0.56089,-0.45337,0.0005,0.00037,-81.06385,-84.9636,22.93542,23.04748,0.331192,0.461831,1.154167,745.525,ACCELERATING,FLAT,-0.214863,0.19111,-0.462192,DOWN,,,74083.151144,-88.668856,OK,STALE_UNDERLYING
SENSEX,2026-09-15,15:18,STALE,74171.82,3,OPTIONS_ACTIVE_UNDERLYING_STALE,UNDERLYING_UNAVAILABLE_OPTIONS_AVAILABLE,74100.0,382.5,367.2,1.344638,-0.244499,1492440.0,8237580.0,5420.0,5000.0,13.795874,18.288483,0.56033,-0.45319,0.00049,0.00037,-81.78093,-84.57853,22.93681,23.04271,0.470588,0.381264,1.133352,749.7,FALLING,ACCELERATING,-0.321428,-0.106503,-0.188692,NEUTRAL,,,74090.599509,-81.220491,OK,STALE_UNDERLYING
SENSEX,2026-09-15,15:19,STALE,74171.82,4,OPTIONS_ACTIVE_UNDERLYING_STALE,UNDERLYING_UNAVAILABLE_OPTIONS_AVAILABLE,74100.0,386.975,358.85,1.169935,-2.273965,1583420.0,8282180.0,0.0,0.0,14.049038,17.869963,0.55933,-0.45223,0.00048,0.00038,-83.0913,-82.43997,22.942,23.03248,0.323018,0.362268,1.133352,745.825,FALLING,FLAT,-0.327992,-0.04091,-0.226495,NEUTRAL,,,74102.279914,-69.540086,OK,STALE_UNDERLYING
SENSEX,2026-09-15,15:20,STALE,74171.82,5,OPTIONS_ACTIVE_UNDERLYING_STALE,UNDERLYING_UNAVAILABLE_OPTIONS_AVAILABLE,74100.0,383.75,363.2,-0.833387,1.212206,1667900.0,8357080.0,0.0,0.0,13.898966,18.098206,0.55992,-0.45276,0.00049,0.00038,-82.33205,-83.62842,22.93328,23.03262,0.338762,0.385463,1.133352,746.95,RISING,FALLING,0.311774,-0.290358,0.41745,UP,,,74094.564248,-77.255752,OK,STALE_UNDERLYING
SENSEX,2026-09-15,15:21,STALE,74171.82,6,OPTIONS_ACTIVE_UNDERLYING_STALE,UNDERLYING_UNAVAILABLE_OPTIONS_AVAILABLE,74100.0,386.475,358.5,0.710098,-1.294053,1734560.0,8402860.0,2900.0,-120.0,13.9494,17.948755,0.55972,-0.45241,0.00049,0.00038,-82.60186,-82.8738,22.9315,23.02664,0.219937,0.362622,1.123393,744.975,ACCELERATING,ACCELERATING,0.125791,-0.222853,0.34388,UP,,,74103.101916,-68.718084,OK,STALE_UNDERLYING
SENSEX,2026-09-15,15:22,STALE,74171.82,7,OPTIONS_ACTIVE_UNDERLYING_STALE,UNDERLYING_UNAVAILABLE_OPTIONS_AVAILABLE,74100.0,376.95,370.425,-2.464584,3.32636,1756540.0,8432220.0,0.0,0.0,13.594172,18.394234,0.56116,-0.45342,0.0005,0.00037,-80.78905,-85.18118,22.91522,23.02999,0.344873,0.445434,1.123393,747.375,ACCELERATING,ACCELERATING,-0.170355,0.104069,-0.387562,DOWN,,,74082.20747,-89.61253,OK,STALE_UNDERLYING
SENSEX,2026-09-15,15:23,STALE,74171.82,8,OPTIONS_ACTIVE_UNDERLYING_STALE,UNDERLYING_UNAVAILABLE_OPTIONS_AVAILABLE,74100.0,376.4,369.8,-0.145908,-0.168725,1784060.0,8468880.0,0.0,0.0,13.54862,18.314259,0.56135,-0.45324,0.0005,0.00037,-80.56599,-84.78392,22.90994,23.02525,0.371945,0.378583,1.123393,746.2,DECELERATING,RISING,-0.260424,0.112963,-0.370386,DOWN,,,74081.538098,-90.281902,OK,STALE_UNDERLYING
SENSEX,2026-09-15,15:24,STALE,74171.82,9,OPTIONS_ACTIVE_UNDERLYING_STALE,UNDERLYING_UNAVAILABLE_OPTIONS_AVAILABLE,74100.0,383.0,366.775,1.753454,-0.81801,1803480.0,8504580.0,2560.0,-6620.0,13.874044,18.21258,0.56002,-0.45302,0.00049,0.00037,-82.2481,-84.27505,22.91814,23.02009,0.365535,0.340808,1.108365,749.775,FALLING,RISING,-0.087975,0.101671,-0.273559,DOWN,,,74091.740008,-80.079992,OK,STALE_UNDERLYING
SENSEX,2026-09-15,15:25,STALE,74171.82,10,OPTIONS_ACTIVE_UNDERLYING_STALE,UNDERLYING_UNAVAILABLE_OPTIONS_AVAILABLE,74100.0,381.025,364.45,-0.515666,-0.633904,1819760.0,8529040.0,0.0,0.0,13.745571,18.145619,0.56054,-0.45286,0.00049,0.00038,-81.599,-83.94481,22.91007,23.01545,0.275572,0.301825,1.108365,745.475,RISING,FALLING,-0.117458,-0.182636,0.206343,NEUTRAL,,,74091.220475,-80.599525,OK,STALE_UNDERLYING
SENSEX,2026-09-15,15:26,STALE,74171.82,11,OPTIONS_ACTIVE_UNDERLYING_STALE,UNDERLYING_UNAVAILABLE_OPTIONS_AVAILABLE,74100.0,370.25,355.6,-2.827898,-2.428317,1845880.0,8568000.0,540.0,4980.0,13.32227,17.822171,0.56232,-0.45211,0.00051,0.00038,-79.43562,-82.29329,22.89054,23.00671,0.567184,0.337458,1.126404,725.85,ACCELERATING,ACCELERATING,-0.342712,-0.326827,0.164471,MIXED,,,74089.679957,-82.140043,OK,STALE_UNDERLYING
SENSEX,2026-09-15,15:27,STALE,74171.82,12,OPTIONS_ACTIVE_UNDERLYING_STALE,UNDERLYING_UNAVAILABLE_OPTIONS_AVAILABLE,74100.0,387.975,348.975,4.787306,-1.863048,1873040.0,8621700.0,0.0,0.0,14.036469,17.485544,0.55939,-0.4513,0.00048,0.00039,-83.11587,-80.57385,22.91303,22.99739,0.322186,0.329536,1.126404,736.95,ACCELERATING,DECELERATING,0.225609,-0.395639,0.505501,UP,,,74112.585437,-59.234563,OK,STALE_UNDERLYING
SENSEX,2026-09-15,15:28,STALE,74171.82,13,OPTIONS_ACTIVE_UNDERLYING_STALE,UNDERLYING_UNAVAILABLE_OPTIONS_AVAILABLE,74100.0,387.375,360.3,-0.154649,3.245218,1905760.0,8676820.0,0.0,0.0,14.069553,17.964165,0.55926,-0.45244,0.00048,0.00038,-83.29714,-83.05364,22.91056,23.00177,0.322685,0.249792,1.126404,747.675,RISING,FALLING,0.43042,-0.249439,0.440437,UP,,,74102.197772,-69.622228,OK,STALE_UNDERLYING
SENSEX,2026-09-15,15:29,CLOSING_STATE_UNCERTAIN,74003.82,14,CLOSING_STATE_UNCERTAIN,UNDERLYING_UNAVAILABLE_OPTIONS_AVAILABLE,74100.0,378.0,368.2,-2.420136,2.192617,1934200.0,8720480.0,2220.0,9300.0,17.40104,14.782826,0.48263,-0.52133,0.0004,0.00047,-99.49862,-65.59501,23.08872,23.07757,0.31746,0.353069,1.154382,746.2,RISING,DECELERATING,0.0459,0.560375,-0.286333,DOWN,,,74084.857513,-86.962487,OK,STALE_UNDERLYING
SENSEX,2026-09-15,15:30,CLOSING_STATE_UNCERTAIN,74003.82,15,CLOSING_STATE_UNCERTAIN,INSUFFICIENT_DATA,,,,,,,,,,,,,,,,,,,,,,,,,,,,,INSUFFICIENT_DATA,,,,,INVALID,MISSING_OPTION_DATA|STALE_UNDERLYING
NIFTY,2026-09-16,15:15,LIVE,23224.15,0,NORMAL_CONTINUOUS,DIVERGENCE,23250.0,153.725,152.675,3.032842,-4.637726,125265595.0,130145535.0,-42900.0,-37050.0,12.119316,13.180856,0.51822,-0.48271,0.00108,0.001,-15.00119,-9.66293,12.10759,12.10886,0.227679,0.294744,1.233138,306.4,ACCELERATING,ACCELERATING,0.303384,-0.3734,0.526711,UP,,,23225.242252,1.092252,OK,OK
NIFTY,2026-09-16,15:16,STALE,23224.15,1,OPTIONS_ACTIVE_UNDERLYING_STALE,UNDERLYING_UNAVAILABLE_OPTIONS_AVAILABLE,23250.0,152.95,153.0,-0.504147,0.21287,125542105.0,130445120.0,-100165.0,-129155.0,12.029257,13.177241,0.51831,-0.48271,0.00109,0.001,-14.91524,-9.66009,12.10685,12.10824,0.196143,0.261438,1.225041,305.95,RISING,FALLING,0.206981,-0.304256,0.485903,UP,,,23224.873004,0.723004,OK,STALE_UNDERLYING
NIFTY,2026-09-16,15:17,STALE,23224.15,2,OPTIONS_ACTIVE_UNDERLYING_STALE,UNDERLYING_UNAVAILABLE_OPTIONS_AVAILABLE,23250.0,151.15,155.5,-1.176855,1.633987,125714940.0,130626860.0,-27950.0,-91065.0,11.90621,13.384277,0.51843,-0.48288,0.0011,0.00098,-14.79763,-9.86001,12.10601,12.10778,0.198478,0.257235,1.219038,306.65,RISING,FALLING,0.090738,-0.127733,0.338991,UP,,,23220.461939,-3.688061,OK,STALE_UNDERLYING
NIFTY,2026-09-16,15:18,STALE,23224.15,3,OPTIONS_ACTIVE_UNDERLYING_STALE,UNDERLYING_UNAVAILABLE_OPTIONS_AVAILABLE,23250.0,149.675,158.425,-0.975852,1.881029,125866390.0,130781170.0,-13650.0,-48750.0,11.758361,13.620238,0.51858,-0.48305,0.00112,0.00096,-14.65621,-10.08782,12.10513,12.10734,0.23384,0.220925,1.216943,308.1,FALLING,RISING,-0.221724,0.198165,-0.449091,DOWN,,,23215.996746,-8.153254,OK,STALE_UNDERLYING
NIFTY,2026-09-16,15:19,STALE,23224.15,4,OPTIONS_ACTIVE_UNDERLYING_STALE,UNDERLYING_UNAVAILABLE_OPTIONS_AVAILABLE,23250.0,149.95,157.425,0.183731,-0.631214,126025055.0,130962585.0,-34190.0,-14105.0,11.817033,13.558868,0.51851,-0.48301,0.00111,0.00097,-14.71319,-10.02946,12.10454,12.10661,0.266756,0.222328,1.218003,307.375,FALLING,RISING,-0.094617,0.21337,-0.384978,DOWN,,,23217.253815,-6.896185,OK,STALE_UNDERLYING
NIFTY,2026-09-16,15:20,STALE,23224.15,5,OPTIONS_ACTIVE_UNDERLYING_STALE,UNDERLYING_UNAVAILABLE_OPTIONS_AVAILABLE,23250.0,148.25,158.625,-1.133711,0.762268,126409855.0,131433575.0,-12155.0,-7540.0,11.652644,13.679222,0.51869,-0.4831,0.00113,0.00096,-14.55588,-10.14605,12.10363,12.10605,0.202361,0.220646,1.213934,306.875,ACCELERATING,ACCELERATING,-0.281141,0.297261,-0.452377,DOWN,,,23214.681706,-9.468294,OK,STALE_UNDERLYING
NIFTY,2026-09-16,15:21,STALE,23224.15,6,OPTIONS_ACTIVE_UNDERLYING_STALE,UNDERLYING_UNAVAILABLE_OPTIONS_AVAILABLE,23250.0,150.725,154.825,1.669477,-2.395587,126594065.0,131719640.0,5005.0,7020.0,11.860035,13.345237,0.51846,-0.48286,0.00111,0.00098,-14.75576,-9.82525,12.10327,12.10506,0.165865,0.096884,1.21748,305.55,ACCELERATING,ACCELERATING,0.013095,-0.265206,0.298009,UP,,,23220.233758,-3.916242,OK,STALE_UNDERLYING
NIFTY,2026-09-16,15:22,STALE,23224.15,7,OPTIONS_ACTIVE_UNDERLYING_STALE,UNDERLYING_UNAVAILABLE_OPTIONS_AVAILABLE,23250.0,151.375,152.925,0.431249,-1.227192,126937655.0,131991015.0,-20865.0,-51610.0,11.914582,13.201219,0.5184,-0.48275,0.0011,0.00099,-14.80879,-9.68733,12.10269,12.10425,0.099092,0.294262,1.215234,304.3,DECELERATING,DECELERATING,0.157714,-0.27083,0.390453,UP,,,23223.061606,-1.088394,OK,STALE_UNDERLYING
NIFTY,2026-09-16,15:23,STALE,23224.15,8,OPTIONS_ACTIVE_UNDERLYING_STALE,UNDERLYING_UNAVAILABLE_OPTIONS_AVAILABLE,23250.0,151.1,153.175,-0.181668,0.163479,127098790.0,132139800.0,-60450.0,-56875.0,11.890649,13.222434,0.51842,-0.48277,0.0011,0.00099,-14.78642,-9.70845,12.10198,12.1036,0.132363,0.163212,1.214244,304.275,RISING,FALLING,0.148895,-0.303489,0.443129,UP,,,23222.354135,-1.795865,OK,STALE_UNDERLYING
NIFTY,2026-09-16,15:24,STALE,23224.15,9,OPTIONS_ACTIVE_UNDERLYING_STALE,UNDERLYING_UNAVAILABLE_OPTIONS_AVAILABLE,23250.0,150.65,153.8,-0.297816,0.40803,127256090.0,132286310.0,11310.0,-97565.0,11.866703,13.247774,0.51844,-0.4828,0.00111,0.00099,-14.76402,-9.73353,12.10128,12.10297,0.265516,0.260078,1.208152,304.45,FLAT,FALLING,-0.050276,-0.132171,0.073419,NEUTRAL,,,23221.242301,-2.907699,OK,STALE_UNDERLYING
NIFTY,2026-09-16,15:25,STALE,23224.15,10,OPTIONS_ACTIVE_UNDERLYING_STALE,UNDERLYING_UNAVAILABLE_OPTIONS_AVAILABLE,23250.0,150.325,153.5,-0.215732,-0.195059,127443745.0,132414230.0,-37050.0,-42900.0,11.817973,13.223551,0.51849,-0.48278,0.00111,0.00099,-14.71781,-9.71092,12.10054,12.10226,0.232829,0.260586,1.209357,303.825,FALLING,FLAT,-0.091651,-0.029662,-0.106817,NEUTRAL,,,23221.320148,-2.829852,OK,STALE_UNDERLYING
NIFTY,2026-09-16,15:26,STALE,23224.15,11,OPTIONS_ACTIVE_UNDERLYING_STALE,UNDERLYING_UNAVAILABLE_OPTIONS_AVAILABLE,23250.0,146.85,155.025,-2.311658,0.993485,127710180.0,132619760.0,-73710.0,-16640.0,11.529546,13.348053,0.51879,-0.48288,0.00114,0.00098,-14.44125,-9.83147,12.09944,12.10173,0.272387,0.22577,1.214326,301.875,ACCELERATING,ACCELERATING,-0.255617,0.14426,-0.384937,DOWN,,,23216.855892,-7.294108,OK,STALE_UNDERLYING
NIFTY,2026-09-16,15:27,STALE,23224.15,12,OPTIONS_ACTIVE_UNDERLYING_STALE,UNDERLYING_UNAVAILABLE_OPTIONS_AVAILABLE,23250.0,147.725,154.75,0.595846,-0.177391,127939695.0,132846480.0,-69355.0,-99905.0,11.625427,13.348618,0.51868,-0.48289,0.00113,0.00098,-14.53399,-9.83272,12.09892,12.10106,0.236927,0.06462,1.217211,302.475,FALLING,RISING,-0.262943,0.050525,-0.286721,DOWN,,,23217.876941,-6.273059,OK,STALE_UNDERLYING
NIFTY,2026-09-16,15:28,STALE,23224.15,13,OPTIONS_ACTIVE_UNDERLYING_STALE,UNDERLYING_UNAVAILABLE_OPTIONS_AVAILABLE,23250.0,146.775,154.425,-0.643087,-0.210016,128091275.0,132980445.0,-54470.0,-80925.0,11.551871,13.303732,0.51876,-0.48286,0.00114,0.00099,-14.46391,-9.79021,12.09813,12.10034,0.23846,0.226647,1.212425,301.2,ACCELERATING,RISING,-0.239736,0.123373,-0.333347,DOWN,,,23217.286649,-6.863351,OK,STALE_UNDERLYING
NIFTY,2026-09-16,15:29,STALE,23224.15,14,OPTIONS_ACTIVE_UNDERLYING_STALE,UNDERLYING_UNAVAILABLE_OPTIONS_AVAILABLE,23250.0,144.45,155.825,-1.584057,0.906589,128471785.0,133209180.0,-60060.0,-47190.0,11.337775,13.428262,0.519,-0.48295,0.00116,0.00098,-14.25879,-9.91083,12.09712,12.0998,0.276912,0.224611,1.211245,300.275,ACCELERATING,ACCELERATING,-0.321992,0.069402,-0.292701,DOWN,,,23213.782722,-10.367278,OK,STALE_UNDERLYING
NIFTY,2026-09-16,15:30,CLOSING_STATE_UNCERTAIN,23217.6,15,CLOSING_STATE_UNCERTAIN,INSUFFICIENT_DATA,,,,,,,,,,,,,,,,,,,,,,,,,,,,,INSUFFICIENT_DATA,,,,,INVALID,MISSING_OPTION_DATA|STALE_UNDERLYING
SENSEX,2026-09-16,15:15,LIVE,74303.16,0,NORMAL_CONTINUOUS,DIVERGENCE,74300.0,278.7,318.625,-0.968286,-0.101897,73776620.0,87621380.0,0.0,0.0,15.240818,19.19776,0.51897,-0.48411,0.0006,0.00048,-116.27827,-123.35844,17.30188,17.30775,0.215285,0.204002,1.242174,597.325,ACCELERATING,RISING,-0.225843,0.193461,-0.321729,DOWN,,,74246.563876,-56.596124,OK,OK
SENSEX,2026-09-16,15:16,STALE,74303.16,1,OPTIONS_ACTIVE_UNDERLYING_STALE,UNDERLYING_UNAVAILABLE_OPTIONS_AVAILABLE,74300.0,296.325,294.7,6.324004,-7.508827,74215900.0,88204740.0,20340.0,-81060.0,16.329383,17.83009,0.51795,-0.48323,0.00056,0.00052,-123.85311,-113.91,17.29915,17.30132,0.219354,0.203597,1.21511,591.025,ACCELERATING,ACCELERATING,0.41377,-0.60699,0.672937,UP,,,74288.880953,-14.279047,OK,STALE_UNDERLYING
SENSEX,2026-09-16,15:17,STALE,74303.16,2,OPTIONS_ACTIVE_UNDERLYING_STALE,UNDERLYING_UNAVAILABLE_OPTIONS_AVAILABLE,74300.0,297.65,298.15,0.447144,1.170682,74480280.0,88478760.0,0.0,0.0,16.363319,18.03118,0.51791,-0.48337,0.00056,0.00051,-124.12038,-115.33908,17.29434,17.29681,0.268772,0.268321,1.21511,595.8,DECELERATING,FALLING,0.328477,-0.309603,0.544542,UP,,,74286.086176,-17.073824,OK,STALE_UNDERLYING
SENSEX,2026-09-16,15:18,STALE,74303.16,3,OPTIONS_ACTIVE_UNDERLYING_STALE,UNDERLYING_UNAVAILABLE_OPTIONS_AVAILABLE,74300.0,293.55,303.025,-1.377457,1.635083,74691480.0,88650200.0,-48740.0,-48420.0,16.113776,18.356794,0.51813,-0.48359,0.00057,0.0005,-122.42092,-117.63377,17.28913,17.29236,0.170329,0.214504,1.218133,596.575,RISING,FALLING,0.273448,-0.150433,0.470948,UP,,,74277.184428,-25.975572,OK,STALE_UNDERLYING
SENSEX,2026-09-16,15:19,STALE,74303.16,4,OPTIONS_ACTIVE_UNDERLYING_STALE,UNDERLYING_UNAVAILABLE_OPTIONS_AVAILABLE,74300.0,290.65,307.275,-0.987907,1.402525,74810060.0,88875900.0,0.0,0.0,15.9422,18.598642,0.51828,-0.48376,0.00058,0.00049,-121.26156,-119.34788,17.28404,17.28786,0.275245,0.276625,1.218133,597.925,DECELERATING,RISING,-0.177716,0.162309,-0.416915,DOWN,,,74270.746845,-32.413155,OK,STALE_UNDERLYING
SENSEX,2026-09-16,15:20,STALE,74303.16,5,OPTIONS_ACTIVE_UNDERLYING_STALE,UNDERLYING_UNAVAILABLE_OPTIONS_AVAILABLE,74300.0,303.0,290.4,4.249097,-5.491823,75259940.0,89305720.0,0.0,0.0,16.734161,17.642953,0.51759,-0.48311,0.00055,0.00052,-126.78938,-112.74874,17.28051,17.28184,0.29703,0.172176,1.218133,593.4,ACCELERATING,ACCELERATING,0.369471,-0.407148,0.50938,UP,,,74296.888151,-6.271849,OK,STALE_UNDERLYING
SENSEX,2026-09-16,15:21,STALE,74303.16,6,OPTIONS_ACTIVE_UNDERLYING_STALE,UNDERLYING_UNAVAILABLE_OPTIONS_AVAILABLE,74300.0,296.575,292.7,-2.120462,0.792011,75556060.0,89542080.0,-31960.0,-79800.0,16.339807,17.751694,0.51792,-0.48319,0.00056,0.00052,-124.08373,-113.53836,17.27509,17.27714,0.286605,0.273317,1.213887,589.275,RISING,FALLING,0.233928,-0.233014,0.42717,UP,,,74290.722825,-12.437175,OK,STALE_UNDERLYING
SENSEX,2026-09-16,15:22,STALE,74303.16,7,OPTIONS_ACTIVE_UNDERLYING_STALE,UNDERLYING_UNAVAILABLE_OPTIONS_AVAILABLE,74300.0,311.25,273.7,4.948158,-6.491288,75905980.0,89858120.0,0.0,0.0,17.172835,16.618507,0.51723,-0.48232,0.00054,0.00055,-129.90129,-105.70174,17.27152,17.27072,0.128514,0.328827,1.213887,584.95,ACCELERATING,ACCELERATING,0.424903,-0.38406,0.602867,UP,,,74324.246176,21.086176,OK,STALE_UNDERLYING
SENSEX,2026-09-16,15:23,STALE,74303.16,8,OPTIONS_ACTIVE_UNDERLYING_STALE,UNDERLYING_UNAVAILABLE_OPTIONS_AVAILABLE,74300.0,299.225,286.575,-3.863454,4.704056,76220780.0,90132200.0,0.0,0.0,16.514866,17.375696,0.51776,-0.48292,0.00056,0.00053,-125.36337,-110.99481,17.26573,17.26699,0.284067,0.261712,1.213887,585.8,ACCELERATING,FALLING,-0.256619,-0.201425,0.02812,NEUTRAL,,,74298.03379,-5.12621,OK,STALE_UNDERLYING
SENSEX,2026-09-16,15:24,STALE,74303.16,9,OPTIONS_ACTIVE_UNDERLYING_STALE,UNDERLYING_UNAVAILABLE_OPTIONS_AVAILABLE,74300.0,290.275,292.825,-2.99106,2.18093,76488480.0,90340860.0,-82320.0,-93680.0,16.001435,17.742169,0.51821,-0.4832,0.00058,0.00052,-121.82846,-113.57532,17.25998,17.26271,0.292826,0.187825,1.211255,583.1,DECELERATING,FLAT,-0.288645,-0.098156,-0.255976,DOWN,,,74282.910907,-20.249093,OK,STALE_UNDERLYING
SENSEX,2026-09-16,15:25,STALE,74303.16,10,OPTIONS_ACTIVE_UNDERLYING_STALE,UNDERLYING_UNAVAILABLE_OPTIONS_AVAILABLE,74300.0,292.25,291.425,0.680389,-0.478101,76659140.0,90521460.0,0.0,0.0,16.078753,17.633777,0.51813,-0.48312,0.00057,0.00052,-122.39682,-112.85656,17.25532,17.25771,0.171086,0.223042,1.211255,583.675,FALLING,RISING,-0.189895,0.103884,-0.429872,DOWN,,,74285.809474,-17.350526,OK,STALE_UNDERLYING
SENSEX,2026-09-16,15:26,STALE,74303.16,11,OPTIONS_ACTIVE_UNDERLYING_STALE,UNDERLYING_UNAVAILABLE_OPTIONS_AVAILABLE,74300.0,278.65,301.475,-4.65355,3.448572,76897200.0,90766900.0,-41160.0,-61000.0,15.248846,18.261427,0.51892,-0.48356,0.0006,0.0005,-116.65929,-117.2563,17.24895,17.25364,0.251211,0.149266,1.219931,580.125,ACCELERATING,ACCELERATING,-0.271404,0.21403,-0.493379,DOWN,,,74263.82578,-39.33422,OK,STALE_UNDERLYING
SENSEX,2026-09-16,15:27,STALE,74303.16,12,OPTIONS_ACTIVE_UNDERLYING_STALE,UNDERLYING_UNAVAILABLE_OPTIONS_AVAILABLE,74300.0,278.8,297.65,0.053831,-1.268762,77169800.0,91066520.0,0.0,0.0,15.323174,18.0255,0.51884,-0.48341,0.0006,0.00051,-117.20604,-115.65029,17.24423,17.24857,0.071736,0.335965,1.219931,576.45,FALLING,RISING,-0.371536,0.215679,-0.485142,DOWN,,,74268.027798,-35.132202,OK,STALE_UNDERLYING
SENSEX,2026-09-16,15:28,STALE,74303.16,13,OPTIONS_ACTIVE_UNDERLYING_STALE,UNDERLYING_UNAVAILABLE_OPTIONS_AVAILABLE,74300.0,271.25,298.375,-2.708034,0.243575,77324340.0,91226020.0,0.0,0.0,14.889906,18.151963,0.51928,-0.4835,0.00062,0.00051,-114.22297,-116.5657,17.23851,17.24387,0.073733,0.284876,1.219931,569.625,ACCELERATING,ACCELERATING,-0.164276,0.220711,-0.45582,DOWN,,,74258.522803,-44.637197,OK,STALE_UNDERLYING
SENSEX,2026-09-16,15:29,CLOSING_STATE_UNCERTAIN,74336.45,14,CLOSING_STATE_UNCERTAIN,UNDERLYING_UNAVAILABLE_OPTIONS_AVAILABLE,74300.0,264.85,306.25,-2.359447,2.639296,77724340.0,91610280.0,-34180.0,-106800.0,13.474472,19.500211,0.54366,-0.46862,0.00068,0.00047,-104.48066,-126.05198,17.15804,17.20807,0.264301,0.195918,1.229344,571.1,DECELERATING,ACCELERATING,-0.23995,0.251896,-0.477184,DOWN,,,74244.089208,-59.070792,OK,STALE_UNDERLYING
SENSEX,2026-09-16,15:30,STALE,74336.45,15,UNDERLYING_STALE,INSUFFICIENT_DATA,,,,,,,,,,,,,,,,,,,,,,,,,,,,,INSUFFICIENT_DATA,,,,,INVALID,MISSING_OPTION_DATA|STALE_UNDERLYING
NIFTY,2026-09-17,15:15,LIVE,23294.35,0,NORMAL_CONTINUOUS,OPTIONS_CONFIRM,23300.0,120.1,111.325,-0.55889,-0.49162,209040975.0,188430255.0,-162305.0,-85865.0,9.502842,11.19158,0.54402,-0.46186,0.00149,0.00127,-13.46802,-8.8513,11.07347,11.0904,0.166528,0.224568,0.959183,231.425,RISING,ACCELERATING,0.555543,-0.358143,0.621654,UP,,,23288.247848,-6.102152,OK,OK
NIFTY,2026-09-17,15:16,STALE,23294.35,1,OPTIONS_ACTIVE_UNDERLYING_STALE,UNDERLYING_UNAVAILABLE_OPTIONS_AVAILABLE,23300.0,121.175,107.55,0.895087,-3.390972,209450345.0,188755840.0,-32370.0,-16510.0,9.575932,10.853939,0.54372,-0.46084,0.00148,0.00131,-13.54452,-8.49984,11.07367,11.08691,0.123788,0.27894,0.959095,228.725,ACCELERATING,ACCELERATING,0.204728,-0.24757,0.421458,UP,,,23292.916941,-1.433059,OK,STALE_UNDERLYING
NIFTY,2026-09-17,15:17,STALE,23294.35,2,OPTIONS_ACTIVE_UNDERLYING_STALE,UNDERLYING_UNAVAILABLE_OPTIONS_AVAILABLE,23300.0,120.525,109.875,-0.536414,2.161785,209954485.0,189320040.0,-91065.0,-59150.0,9.54066,11.08447,0.54386,-0.46155,0.00149,0.00128,-13.50857,-8.74106,11.0725,11.0881,0.290396,0.227531,0.958678,230.4,FLAT,FALLING,0.061476,-0.39339,0.327897,UP,,,23290.744814,-3.605186,OK,STALE_UNDERLYING
NIFTY,2026-09-17,15:18,STALE,23294.35,3,OPTIONS_ACTIVE_UNDERLYING_STALE,UNDERLYING_UNAVAILABLE_OPTIONS_AVAILABLE,23300.0,119.675,111.9,-0.705248,1.843003,210289885.0,189733635.0,-32955.0,7085.0,9.460209,11.278914,0.54419,-0.46212,0.0015,0.00126,-13.42573,-8.94479,11.07076,11.0889,0.292459,0.268097,0.958133,231.575,FLAT,DECELERATING,0.065736,0.077492,-0.078764,NEUTRAL,,,23286.961836,-7.388164,OK,STALE_UNDERLYING
NIFTY,2026-09-17,15:19,STALE,23294.35,4,OPTIONS_ACTIVE_UNDERLYING_STALE,UNDERLYING_UNAVAILABLE_OPTIONS_AVAILABLE,23300.0,121.8,110.775,1.775642,-1.005362,210600325.0,189981675.0,-56485.0,-70655.0,9.655232,11.139683,0.54339,-0.46172,0.00147,0.00128,-13.62881,-8.80022,11.0725,11.08709,0.328407,0.225683,0.954032,232.575,ACCELERATING,RISING,0.035479,0.257427,-0.263649,DOWN,,,23290.336422,-4.013578,OK,STALE_UNDERLYING
NIFTY,2026-09-17,15:20,STALE,23294.35,5,OPTIONS_ACTIVE_UNDERLYING_STALE,UNDERLYING_UNAVAILABLE_OPTIONS_AVAILABLE,23300.0,121.65,108.25,-0.123153,-2.279395,211376425.0,190604570.0,-81185.0,-23920.0,9.642559,10.919223,0.54343,-0.46106,0.00147,0.0013,-13.61633,-8.57093,11.07161,11.08457,0.246609,0.184758,0.962228,229.9,RISING,ACCELERATING,0.294576,-0.27418,0.339365,UP,,,23292.705619,-1.644381,OK,STALE_UNDERLYING
NIFTY,2026-09-17,15:21,STALE,23294.35,6,OPTIONS_ACTIVE_UNDERLYING_STALE,UNDERLYING_UNAVAILABLE_OPTIONS_AVAILABLE,23300.0,118.15,109.875,-2.877106,1.501155,211821870.0,190942830.0,-104000.0,-14495.0,9.304618,11.068615,0.54484,-0.46151,0.00153,0.00129,-13.26628,-8.72757,11.06653,11.08508,0.253915,0.318544,0.967694,228.025,ACCELERATING,FALLING,-0.2242,-0.120098,0.004006,NEUTRAL,,,23287.511748,-6.838252,OK,STALE_UNDERLYING
NIFTY,2026-09-17,15:22,STALE,23294.35,7,OPTIONS_ACTIVE_UNDERLYING_STALE,UNDERLYING_UNAVAILABLE_OPTIONS_AVAILABLE,23300.0,119.15,110.775,0.846382,0.819113,212260425.0,191276930.0,-65000.0,-15990.0,9.395808,11.145841,0.54444,-0.46175,0.00151,0.00128,-13.3615,-8.80895,11.06704,11.08497,0.167856,0.045137,0.973231,229.925,FALLING,FLAT,-0.207766,-0.037123,-0.214911,NEUTRAL,,,23287.614627,-6.735373,OK,STALE_UNDERLYING
NIFTY,2026-09-17,15:23,STALE,23294.35,8,OPTIONS_ACTIVE_UNDERLYING_STALE,UNDERLYING_UNAVAILABLE_OPTIONS_AVAILABLE,23300.0,117.55,111.7,-1.342845,0.835026,212515875.0,191496630.0,-41535.0,-51415.0,9.247532,11.232097,0.54508,-0.462,0.00154,0.00127,-13.20835,-8.89978,11.06432,11.08492,0.255211,0.179051,0.967798,229.25,ACCELERATING,RISING,-0.069037,0.085945,-0.362865,DOWN,,,23285.070682,-9.279318,OK,STALE_UNDERLYING
NIFTY,2026-09-17,15:24,STALE,23294.35,9,OPTIONS_ACTIVE_UNDERLYING_STALE,UNDERLYING_UNAVAILABLE_OPTIONS_AVAILABLE,23300.0,119.2,111.125,1.403658,-0.514772,212990375.0,191814220.0,-151515.0,-9295.0,9.420076,11.17401,0.54433,-0.46184,0.00151,0.00127,-13.38797,-8.8399,11.06592,11.08375,0.251678,0.224972,0.965988,230.325,ACCELERATING,RISING,0.149854,0.185865,-0.036082,NEUTRAL,,,23287.320385,-7.029615,OK,STALE_UNDERLYING
NIFTY,2026-09-17,15:25,STALE,23294.35,10,OPTIONS_ACTIVE_UNDERLYING_STALE,UNDERLYING_UNAVAILABLE_OPTIONS_AVAILABLE,23300.0,121.075,107.725,1.572987,-3.059618,213392855.0,192269285.0,-24115.0,-33410.0,9.574532,10.894825,0.54369,-0.461,0.00148,0.00131,-13.54897,-8.54922,11.06718,11.08076,0.206484,0.139243,0.965688,228.8,RISING,ACCELERATING,0.043513,-0.282081,0.369117,UP,,,23292.598264,-1.751736,OK,STALE_UNDERLYING
NIFTY,2026-09-17,15:26,STALE,23294.35,11,OPTIONS_ACTIVE_UNDERLYING_STALE,UNDERLYING_UNAVAILABLE_OPTIONS_AVAILABLE,23300.0,118.425,110.275,-2.188726,2.367139,213817630.0,192653045.0,36205.0,18395.0,9.353983,11.139033,0.5446,-0.46174,0.00152,0.00128,-13.32069,-8.80493,11.06359,11.08201,0.211104,0.226706,0.96568,228.7,RISING,FALLING,0.132841,-0.175925,0.270454,UP,,,23287.367566,-6.982434,OK,STALE_UNDERLYING
NIFTY,2026-09-17,15:27,STALE,23294.35,12,OPTIONS_ACTIVE_UNDERLYING_STALE,UNDERLYING_UNAVAILABLE_OPTIONS_AVAILABLE,23300.0,118.775,110.15,0.295546,-0.113353,214265285.0,193119875.0,17420.0,-25025.0,9.363854,11.098973,0.54456,-0.46163,0.00152,0.00128,-13.33157,-8.76386,11.06301,11.08097,0.210482,0.272356,0.958503,228.925,FLAT,ACCELERATING,0.011068,-0.091753,0.08829,NEUTRAL,,,23287.832099,-6.517901,OK,STALE_UNDERLYING
NIFTY,2026-09-17,15:28,STALE,23294.35,13,OPTIONS_ACTIVE_UNDERLYING_STALE,UNDERLYING_UNAVAILABLE_OPTIONS_AVAILABLE,23300.0,119.05,109.85,0.23153,-0.272356,214615700.0,193609910.0,28535.0,57460.0,9.38277,11.067934,0.54447,-0.46154,0.00151,0.00129,-13.35185,-8.73222,11.06254,11.08,0.251995,0.182066,0.959586,228.9,FALLING,RISING,-0.10601,0.123013,-0.315827,DOWN,,,23288.323361,-6.026639,OK,STALE_UNDERLYING
NIFTY,2026-09-17,15:29,CLOSING_STATE_UNCERTAIN,23270.6,14,CLOSING_STATE_UNCERTAIN,UNDERLYING_UNAVAILABLE_OPTIONS_AVAILABLE,23300.0,116.425,112.275,-2.204956,2.207556,215127640.0,194054835.0,-69290.0,-137800.0,10.27883,10.279168,0.50803,-0.49197,0.00139,0.00139,-14.11835,-7.7443,11.11745,11.11745,0.300623,0.311735,0.955802,228.7,ACCELERATING,ACCELERATING,-0.292391,0.410948,-0.472622,DOWN,,,23283.526259,-10.823741,OK,STALE_UNDERLYING
NIFTY,2026-09-17,15:30,STALE,23270.6,15,UNDERLYING_STALE,INSUFFICIENT_DATA,,,,,,,,,,,,,,,,,,,,,,,,,,,,,INSUFFICIENT_DATA,,,,,INVALID,MISSING_OPTION_DATA|STALE_UNDERLYING
SENSEX,2026-09-17,15:15,LIVE,74414.23,0,NORMAL_CONTINUOUS,OPTIONS_CONFIRM,74500.0,130.875,175.75,10.489658,-9.220041,325393480.0,202413720.0,0.0,0.0,21.745084,17.076024,0.42499,-0.59571,0.00093,0.00117,-343.0039,-247.39697,7.57526,7.48894,0.34384,0.227596,0.846567,306.625,ACCELERATING,ACCELERATING,0.686234,-0.643096,0.776443,UP,,,74454.412172,40.182172,OK,OK
SENSEX,2026-09-17,15:16,STALE,74414.23,1,OPTIONS_ACTIVE_UNDERLYING_STALE,UNDERLYING_UNAVAILABLE_OPTIONS_AVAILABLE,74400.0,157.3,148.625,-12.780704,17.6296,231285320.0,245395740.0,-179000.0,-92280.0,19.147109,20.471355,0.52175,-0.47953,0.00108,0.00101,-310.31766,-310.6849,7.68953,7.69096,0.317864,0.504626,1.136146,305.925,RISING,ACCELERATING,0.508505,0.175667,0.299437,UP,,,74408.870841,-5.359159,OK,STALE_UNDERLYING
SENSEX,2026-09-17,15:17,STALE,74414.23,2,OPTIONS_ACTIVE_UNDERLYING_STALE,UNDERLYING_UNAVAILABLE_OPTIONS_AVAILABLE,74400.0,168.975,141.425,7.422123,-4.844407,232134680.0,246154220.0,0.0,0.0,20.744319,19.666281,0.52024,-0.47876,0.001,0.00105,-335.8107,-298.506,7.68018,7.67924,0.325492,0.247481,1.136146,310.4,ACCELERATING,RISING,0.112051,0.122918,0.116838,NEUTRAL,,,74427.630067,13.400067,OK,STALE_UNDERLYING
SENSEX,2026-09-17,15:18,STALE,74414.23,3,OPTIONS_ACTIVE_UNDERLYING_STALE,UNDERLYING_UNAVAILABLE_OPTIONS_AVAILABLE,74400.0,178.575,131.05,5.681314,-7.336044,232831720.0,246970240.0,-120080.0,-106200.0,21.928611,18.245405,0.51928,-0.47725,0.00094,0.00113,-354.88657,-276.6069,7.6702,7.66686,0.307994,0.305227,1.127502,309.625,FALLING,RISING,-0.014579,0.329221,-0.420611,DOWN,,,74445.215331,30.985331,OK,STALE_UNDERLYING
SENSEX,2026-09-17,15:19,STALE,74414.23,4,OPTIONS_ACTIVE_UNDERLYING_STALE,UNDERLYING_UNAVAILABLE_OPTIONS_AVAILABLE,74400.0,167.775,137.95,-6.047879,5.265166,233959520.0,247763480.0,0.0,0.0,20.589805,19.171924,0.5204,-0.47824,0.00101,0.00108,-334.30374,-291.60117,7.65823,7.65692,0.268216,0.28996,1.127502,305.725,RISING,FALLING,0.19281,-0.261493,0.483781,UP,,,74429.048654,14.818654,OK,STALE_UNDERLYING
SENSEX,2026-09-17,15:20,STALE,74414.23,5,OPTIONS_ACTIVE_UNDERLYING_STALE,UNDERLYING_UNAVAILABLE_OPTIONS_AVAILABLE,74400.0,109.575,129.8,-34.689316,-5.907938,237322880.0,251322720.0,0.0,0.0,13.043753,18.17184,0.53121,-0.47714,0.00159,0.00114,-215.82361,-276.27072,7.63387,7.64474,0.228154,0.308166,1.127502,239.375,ACCELERATING,ACCELERATING,-0.45139,-0.572035,-0.293114,MIXED,,,74384.107744,-30.122256,OK,STALE_UNDERLYING
SENSEX,2026-09-17,15:21,STALE,74414.23,6,OPTIONS_ACTIVE_UNDERLYING_STALE,UNDERLYING_UNAVAILABLE_OPTIONS_AVAILABLE,74500.0,80.025,127.625,9.660843,-32.41991,339164480.0,207787940.0,12300.0,143680.0,15.204493,10.431671,0.39156,-0.65641,0.00132,0.00184,-239.09918,-138.45801,7.36218,7.05101,0.312402,1.527914,0.821772,207.65,FALLING,ACCELERATING,-0.710233,-0.300784,-0.44338,MIXED,,,74455.192192,40.962192,OK,STALE_UNDERLYING|INVALID_GREEKS
SENSEX,2026-09-17,15:22,STALE,74414.23,7,OPTIONS_ACTIVE_UNDERLYING_STALE,UNDERLYING_UNAVAILABLE_OPTIONS_AVAILABLE,74400.0,100.375,52.4,-23.987126,-31.748616,244038320.0,259217120.0,0.0,0.0,11.874183,8.082225,0.53419,-0.45032,0.00175,0.00256,-197.92368,-117.60537,7.60735,7.57614,0.348692,0.381679,1.130304,152.775,ACCELERATING,DECELERATING,-0.526152,-0.645738,0.37317,MIXED,,,74447.875898,33.645898,OK,STALE_UNDERLYING|INVALID_GREEKS
SENSEX,2026-09-17,15:23,STALE,74414.23,8,OPTIONS_ACTIVE_UNDERLYING_STALE,UNDERLYING_UNAVAILABLE_OPTIONS_AVAILABLE,74400.0,67.8,76.5,-32.4533,45.992366,248561620.0,264239660.0,0.0,0.0,7.539252,11.33111,0.55322,-0.46421,0.00274,0.00183,-129.57614,-169.21507,7.55648,7.59366,0.442478,0.392157,1.130304,144.3,ACCELERATING,FALLING,-0.370292,-0.702395,0.07424,MIXED,,,74389.86068,-24.36932,OK,STALE_UNDERLYING|INVALID_GREEKS
SENSEX,2026-09-17,15:24,STALE,74414.23,9,OPTIONS_ACTIVE_UNDERLYING_STALE,UNDERLYING_UNAVAILABLE_OPTIONS_AVAILABLE,74400.0,99.65,59.8,46.976401,-21.830065,253177280.0,268622780.0,634980.0,-11180.0,11.785219,9.062753,0.53448,-0.45551,0.00177,0.00229,-197.05273,-133.51212,7.58496,7.5661,0.200702,1.003344,1.071284,159.45,FALLING,ACCELERATING,-0.36695,-0.466658,0.116598,MIXED,,,74442.044943,27.814943,OK,STALE_UNDERLYING
SENSEX,2026-09-17,15:25,STALE,74414.23,10,OPTIONS_ACTIVE_UNDERLYING_STALE,UNDERLYING_UNAVAILABLE_OPTIONS_AVAILABLE,74500.0,77.225,45.175,62.067156,-56.426332,365969320.0,220666820.0,0.0,0.0,14.878319,,0.3885,,0.00135,,-234.8819,,7.30357,,0.194238,1.438849,0.816932,122.4,ACCELERATING,ACCELERATING,0.597937,-0.700424,0.76612,UP,,,74530.953995,116.723995,OK,STALE_UNDERLYING|INVALID_GREEKS
SENSEX,2026-09-17,15:26,STALE,74414.23,11,OPTIONS_ACTIVE_UNDERLYING_STALE,UNDERLYING_UNAVAILABLE_OPTIONS_AVAILABLE,74400.0,52.1,37.85,-64.587935,134.728682,266263020.0,287484400.0,-99520.0,518660.0,5.528437,6.14276,0.5723,-0.4348,0.00373,0.00337,-98.12629,-87.507,7.46635,7.48986,0.383877,0.792602,1.049999,89.95,ACCELERATING,FALLING,-0.486161,-0.675167,0.39633,MIXED,,,74414.113444,-0.116556,OK,STALE_UNDERLYING
SENSEX,2026-09-17,15:27,STALE,74414.23,12,OPTIONS_ACTIVE_UNDERLYING_STALE,UNDERLYING_UNAVAILABLE_OPTIONS_AVAILABLE,74500.0,21.0,63.3,57.598499,-37.481481,393373700.0,234637480.0,0.0,0.0,6.807537,,0.26621,,0.00254,,-94.64273,,6.23821,,0.47619,0.789889,0.82559,84.3,FALLING,ACCELERATING,-0.791059,-0.543515,-0.411011,MIXED,,,74456.922323,42.692323,OK,STALE_UNDERLYING|INVALID_GREEKS
SENSEX,2026-09-17,15:28,STALE,74414.23,13,OPTIONS_ACTIVE_UNDERLYING_STALE,UNDERLYING_UNAVAILABLE_OPTIONS_AVAILABLE,74300.0,18.0,1.875,-88.821612,-36.97479,158920900.0,343554420.0,0.0,0.0,,4.004112,,-0.05833,,0.00153,,-17.4631,,2.21078,1.111111,2.666667,1.214019,19.875,ACCELERATING,DECELERATING,-0.413547,0.207968,-0.540505,DOWN,,,,,INVALID,STALE_UNDERLYING|INVALID_GREEKS
SENSEX,2026-09-17,15:29,CLOSING_STATE_UNCERTAIN,74314.59,14,CLOSING_STATE_UNCERTAIN,UNDERLYING_UNAVAILABLE_OPTIONS_AVAILABLE,74300.0,14.9,0.225,-17.222222,-88.0,166782120.0,353243200.0,1694240.0,1953360.0,,0.598433,,-0.04324,,0.00811,,-1.31595,,1.73672,0.671141,22.222222,0.946936,15.125,DECELERATING,ACCELERATING,-0.444295,-0.483752,-0.320181,MIXED,,,,,INVALID,STALE_UNDERLYING|INVALID_GREEKS|WIDE_SPREAD
SENSEX,2026-09-17,15:30,STALE,74314.59,15,UNDERLYING_STALE,INSUFFICIENT_DATA,,,,,,,,,,,,,,,,,,,,,,,,,,,,,INSUFFICIENT_DATA,,,,,INVALID,MISSING_OPTION_DATA|STALE_UNDERLYING
NIFTY,2026-09-18,15:15,LIVE,23341.85,0,NORMAL_CONTINUOUS,DIVERGENCE,23350.0,96.075,82.1,1.586043,-2.753924,324829960.0,241799285.0,5785.0,-187330.0,8.587639,9.082342,0.53687,-0.46493,0.00184,0.00174,-13.51996,-7.70424,10.00097,10.00505,0.156128,0.243605,1.174048,178.175,FLAT,ACCELERATING,0.066313,-0.201593,0.310308,UP,,,23346.786851,4.936851,OK,OK
NIFTY,2026-09-18,15:16,STALE,23341.85,1,OPTIONS_ACTIVE_UNDERLYING_STALE,UNDERLYING_UNAVAILABLE_OPTIONS_AVAILABLE,23350.0,94.85,84.05,-1.275046,2.375152,325579605.0,242488350.0,64935.0,-374335.0,8.453571,9.297768,0.53739,-0.46566,0.00187,0.0017,-13.36537,-7.95545,9.99893,10.00582,0.316289,0.237954,1.157305,178.9,ACCELERATING,ACCELERATING,-0.101343,0.142924,-0.314322,DOWN,,,23343.961099,2.111099,OK,STALE_UNDERLYING
NIFTY,2026-09-18,15:17,STALE,23341.85,2,OPTIONS_ACTIVE_UNDERLYING_STALE,UNDERLYING_UNAVAILABLE_OPTIONS_AVAILABLE,23350.0,94.275,84.75,-0.60622,0.832838,326037790.0,243039030.0,-117325.0,-29380.0,8.419496,9.348297,0.53752,-0.46582,0.00187,0.00169,-13.32669,-8.01508,9.9978,10.00536,0.159109,0.235988,1.154517,179.025,FLAT,FLAT,0.069211,-0.100291,-0.010013,NEUTRAL,,,23342.806901,0.956901,OK,STALE_UNDERLYING
NIFTY,2026-09-18,15:18,STALE,23341.85,3,OPTIONS_ACTIVE_UNDERLYING_STALE,UNDERLYING_UNAVAILABLE_OPTIONS_AVAILABLE,23350.0,90.025,87.55,-4.508088,3.303835,327222220.0,243963135.0,-14820.0,-56875.0,8.000196,9.643682,0.53929,-0.46675,0.00197,0.00164,-12.84209,-8.35964,9.9927,10.00652,0.277701,0.11422,1.153113,177.575,ACCELERATING,ACCELERATING,-0.506118,0.235412,-0.579023,DOWN,,,23335.959775,-5.890225,OK,STALE_UNDERLYING
NIFTY,2026-09-18,15:19,STALE,23341.85,4,OPTIONS_ACTIVE_UNDERLYING_STALE,UNDERLYING_UNAVAILABLE_OPTIONS_AVAILABLE,23350.0,92.05,85.125,2.249375,-2.769846,327949700.0,244896600.0,-314990.0,-190385.0,8.196252,9.404399,0.53843,-0.46601,0.00192,0.00168,-13.06971,-8.08212,9.99397,10.00412,0.217273,0.293686,1.161573,177.175,FALLING,RISING,-0.26163,0.122776,-0.386926,DOWN,,,23339.92332,-1.92668,OK,STALE_UNDERLYING
NIFTY,2026-09-18,15:20,STALE,23341.85,5,OPTIONS_ACTIVE_UNDERLYING_STALE,UNDERLYING_UNAVAILABLE_OPTIONS_AVAILABLE,23350.0,88.325,88.2,-4.046714,3.612335,329980105.0,247153660.0,-11050.0,-166140.0,7.811807,9.694827,0.54014,-0.46691,0.00202,0.00163,-12.62582,-8.42103,9.98891,10.00521,0.283046,0.226757,1.14972,176.525,ACCELERATING,ACCELERATING,-0.496584,0.483316,-0.656201,DOWN,,,23333.326187,-8.523813,OK,STALE_UNDERLYING
NIFTY,2026-09-18,15:21,STALE,23341.85,6,OPTIONS_ACTIVE_UNDERLYING_STALE,UNDERLYING_UNAVAILABLE_OPTIONS_AVAILABLE,23350.0,89.275,86.5,1.075573,-1.927438,331072690.0,248673880.0,-45695.0,-362375.0,7.927794,9.545458,0.53959,-0.46646,0.00199,0.00165,-12.7606,-8.24802,9.98948,10.00347,0.280034,0.231214,1.126892,175.775,FALLING,ACCELERATING,-0.205925,-0.254219,0.054723,NEUTRAL,,,23336.122076,-5.727924,OK,STALE_UNDERLYING
NIFTY,2026-09-18,15:22,STALE,23341.85,7,OPTIONS_ACTIVE_UNDERLYING_STALE,UNDERLYING_UNAVAILABLE_OPTIONS_AVAILABLE,23350.0,88.525,86.025,-0.840101,-0.549133,332011095.0,249763995.0,13780.0,-130325.0,7.848586,9.486045,0.53995,-0.46629,0.00201,0.00167,-12.66977,-8.17977,9.98776,10.00227,0.169444,0.058123,1.124569,174.55,ACCELERATING,RISING,-0.248494,0.120734,-0.395094,DOWN,,,23335.667574,-6.182426,OK,STALE_UNDERLYING
NIFTY,2026-09-18,15:23,STALE,23341.85,8,OPTIONS_ACTIVE_UNDERLYING_STALE,UNDERLYING_UNAVAILABLE_OPTIONS_AVAILABLE,23350.0,87.875,87.05,-0.734256,1.191514,332814365.0,250537690.0,-106600.0,-361465.0,7.784393,9.596601,0.54025,-0.46663,0.00203,0.00165,-12.59633,-8.30939,9.98618,10.00217,0.284495,0.114877,1.114765,174.925,FALLING,FALLING,-0.049138,-0.120383,0.102429,NEUTRAL,,,23334.174612,-7.675388,OK,STALE_UNDERLYING
NIFTY,2026-09-18,15:24,STALE,23341.85,9,OPTIONS_ACTIVE_UNDERLYING_STALE,UNDERLYING_UNAVAILABLE_OPTIONS_AVAILABLE,23350.0,86.5,88.125,-1.564723,1.234922,333360755.0,251408430.0,-130715.0,-14625.0,7.645047,9.712155,0.54091,-0.46698,0.00206,0.00163,-12.43609,-8.44487,9.98367,10.0021,0.115607,0.283688,1.118194,174.625,ACCELERATING,RISING,-0.16603,0.076275,-0.359161,DOWN,,,23331.748296,-10.101704,OK,STALE_UNDERLYING
NIFTY,2026-09-18,15:25,STALE,23341.85,10,OPTIONS_ACTIVE_UNDERLYING_STALE,UNDERLYING_UNAVAILABLE_OPTIONS_AVAILABLE,23350.0,87.9,87.1,1.618497,-1.163121,333887125.0,251952155.0,-78585.0,-166140.0,7.771122,9.592756,0.5403,-0.46663,0.00203,0.00165,-12.58245,-8.30673,9.98442,10.00053,0.227531,0.114811,1.104475,175.0,FALLING,RISING,-0.091121,0.23166,-0.262472,DOWN,,,23333.987349,-7.862651,OK,STALE_UNDERLYING
NIFTY,2026-09-18,15:26,STALE,23341.85,11,OPTIONS_ACTIVE_UNDERLYING_STALE,UNDERLYING_UNAVAILABLE_OPTIONS_AVAILABLE,23350.0,88.4,85.475,0.568828,-1.865672,334433385.0,252746000.0,-79885.0,-159965.0,7.822066,9.423312,0.54005,-0.46611,0.00202,0.00168,-12.64206,-8.11033,9.98424,9.99862,0.226244,0.292483,1.103095,173.875,DECELERATING,ACCELERATING,0.119117,-0.210853,0.278099,UP,,,23336.09399,-5.75601,OK,STALE_UNDERLYING
NIFTY,2026-09-18,15:27,STALE,23341.85,12,OPTIONS_ACTIVE_UNDERLYING_STALE,UNDERLYING_UNAVAILABLE_OPTIONS_AVAILABLE,23350.0,93.6,80.65,5.882353,-5.644925,335810150.0,254248475.0,-125450.0,-322075.0,8.338663,8.943692,0.53779,-0.46451,0.00189,0.00177,-13.24088,-7.55334,9.98898,9.9943,0.320513,0.247985,1.090192,174.25,ACCELERATING,ACCELERATING,0.405171,-0.445003,0.616555,UP,,,23346.106878,4.256878,OK,STALE_UNDERLYING
NIFTY,2026-09-18,15:28,CLOSING_STATE_UNCERTAIN,23346.4,13,CLOSING_STATE_UNCERTAIN,UNDERLYING_UNAVAILABLE_OPTIONS_AVAILABLE,23350.0,94.725,79.975,1.201923,-0.83695,336932960.0,255166600.0,-114205.0,-379145.0,8.207481,9.09911,0.54707,-0.45716,0.00192,0.00173,-13.12458,-7.76663,9.96523,9.97725,0.263922,0.06252,1.080529,174.7,DECELERATING,DECELERATING,0.323921,-0.509534,0.610923,UP,,,23347.996043,6.146043,OK,STALE_UNDERLYING
NIFTY,2026-09-18,15:29,CLOSING_STATE_UNCERTAIN,23346.4,14,CLOSING_STATE_UNCERTAIN,UNDERLYING_UNAVAILABLE_OPTIONS_AVAILABLE,23350.0,93.475,83.025,-1.319609,3.813692,338063115.0,255907210.0,-257855.0,-66365.0,8.082949,9.390294,0.54773,-0.45837,0.00195,0.00168,-12.98162,-8.10543,9.96242,9.97964,0.267451,0.301114,1.086979,176.5,RISING,FALLING,0.371927,-0.358309,0.568814,UP,,,23343.82016,1.97016,OK,STALE_UNDERLYING
NIFTY,2026-09-18,15:30,STALE,23346.4,15,UNDERLYING_STALE,INSUFFICIENT_DATA,,,,,,,,,,,,,,,,,,,,,,,,,,,,,INSUFFICIENT_DATA,,,,,INVALID,MISSING_OPTION_DATA|STALE_UNDERLYING
SENSEX,2026-09-18,15:15,LIVE,74559.97,0,NORMAL_CONTINUOUS,UNDERLYING_CONFIRMS,74700.0,381.775,424.8,1.259863,-1.740589,7543620.0,4977220.0,0.0,0.0,9.938923,10.770211,0.49753,-0.50186,0.00041,0.00038,-41.01591,-23.17824,38.91107,38.91137,0.275031,0.235405,1.201527,806.575,FLAT,ACCELERATING,0.02602,-0.21916,0.24142,NEUTRAL,,,74576.327878,16.357878,OK,OK
SENSEX,2026-09-18,15:16,STALE,74559.97,1,OPTIONS_ACTIVE_UNDERLYING_STALE,UNDERLYING_UNAVAILABLE_OPTIONS_AVAILABLE,74700.0,380.8,427.175,-0.255386,0.559087,7558460.0,4990080.0,-13740.0,-35200.0,9.948647,10.802746,0.49753,-0.50184,0.00041,0.00038,-41.04784,-23.28144,38.90892,38.90924,0.105042,0.29262,1.17454,807.975,ACCELERATING,ACCELERATING,-0.124153,0.133027,-0.290548,DOWN,,,74573.63182,13.66182,OK,STALE_UNDERLYING
SENSEX,2026-09-18,15:17,STALE,74559.97,2,OPTIONS_ACTIVE_UNDERLYING_STALE,UNDERLYING_UNAVAILABLE_OPTIONS_AVAILABLE,74700.0,379.75,428.675,-0.275735,0.351144,7574120.0,4997100.0,0.0,0.0,9.930111,10.873845,0.49751,-0.5018,0.00041,0.00038,-40.99162,-23.50495,38.90671,38.90709,0.263331,0.221613,1.17454,808.425,RISING,FALLING,-0.02066,-0.018521,0.123662,NEUTRAL,,,74571.038175,11.068175,OK,STALE_UNDERLYING
SENSEX,2026-09-18,15:18,STALE,74559.97,3,OPTIONS_ACTIVE_UNDERLYING_STALE,UNDERLYING_UNAVAILABLE_OPTIONS_AVAILABLE,74600.0,419.175,388.075,-3.052905,1.71013,11289260.0,10513360.0,2120.0,-2700.0,9.633808,11.08295,0.53962,-0.46484,0.00042,0.00037,-40.772,-24.79055,38.71331,38.75416,0.274348,0.296334,1.30436,807.25,ACCELERATING,ACCELERATING,-0.202431,0.341806,-0.489505,DOWN,,,74550.51545,-9.45455,OK,STALE_UNDERLYING
SENSEX,2026-09-18,15:19,STALE,74559.97,4,OPTIONS_ACTIVE_UNDERLYING_STALE,UNDERLYING_UNAVAILABLE_OPTIONS_AVAILABLE,74600.0,426.525,381.6,1.753444,-1.668492,11336240.0,10564120.0,0.0,0.0,9.799856,10.936294,0.53903,-0.46445,0.00042,0.00037,-41.27912,-24.34388,38.71681,38.74865,0.22273,0.262055,1.30436,808.125,FALLING,RISING,-0.131705,-0.041187,-0.185691,NEUTRAL,,,74565.035822,5.065822,OK,STALE_UNDERLYING
SENSEX,2026-09-18,15:20,STALE,74559.97,5,OPTIONS_ACTIVE_UNDERLYING_STALE,UNDERLYING_UNAVAILABLE_OPTIONS_AVAILABLE,74600.0,419.1,387.2,-1.740812,1.467505,11412440.0,10642560.0,0.0,0.0,9.606846,11.038674,0.53971,-0.46473,0.00042,0.00037,-40.69317,-24.65884,38.70817,38.74891,0.238607,0.258264,1.30436,806.3,ACCELERATING,ACCELERATING,-0.441837,0.360538,-0.545483,DOWN,,,74551.206244,-8.763756,OK,STALE_UNDERLYING
SENSEX,2026-09-18,15:21,STALE,74559.97,6,OPTIONS_ACTIVE_UNDERLYING_STALE,UNDERLYING_UNAVAILABLE_OPTIONS_AVAILABLE,74600.0,425.5,380.625,1.527082,-1.698089,11457800.0,10713500.0,-6240.0,-37080.0,9.783249,10.863611,0.53908,-0.46426,0.00042,0.00038,-41.23182,-24.12536,38.71205,38.74264,0.094007,0.275862,1.266183,806.125,ACCELERATING,ACCELERATING,0.190892,-0.326125,0.396498,UP,,,74563.370749,3.400749,OK,STALE_UNDERLYING
SENSEX,2026-09-18,15:22,STALE,74559.97,7,OPTIONS_ACTIVE_UNDERLYING_STALE,UNDERLYING_UNAVAILABLE_OPTIONS_AVAILABLE,74600.0,418.125,381.0,-1.733255,0.098522,11500220.0,10751440.0,0.0,0.0,9.576018,10.887277,0.53981,-0.46433,0.00043,0.00037,-40.6026,-24.19956,38.70284,38.74108,0.251121,0.262467,1.266183,799.125,ACCELERATING,FLAT,-0.15742,-0.062374,-0.170958,NEUTRAL,,,74557.23169,-2.73831,OK,STALE_UNDERLYING
SENSEX,2026-09-18,15:23,STALE,74559.97,8,OPTIONS_ACTIVE_UNDERLYING_STALE,UNDERLYING_UNAVAILABLE_OPTIONS_AVAILABLE,74600.0,417.625,381.3,-0.119581,0.07874,11526980.0,10771220.0,0.0,0.0,9.567705,10.899322,0.53984,-0.46437,0.00043,0.00037,-40.57891,-24.23821,38.70042,38.73927,0.083807,0.157356,1.266183,798.925,FLAT,FALLING,-0.032113,-0.18845,0.148738,NEUTRAL,,,74556.59347,-3.37653,OK,STALE_UNDERLYING
SENSEX,2026-09-18,15:24,STALE,74559.97,9,OPTIONS_ACTIVE_UNDERLYING_STALE,UNDERLYING_UNAVAILABLE_OPTIONS_AVAILABLE,74600.0,411.375,385.75,-1.496558,1.16706,11554720.0,10796680.0,-4300.0,-6120.0,9.40949,11.004307,0.54042,-0.46466,0.00043,0.00037,-40.09919,-24.56118,38.69259,38.7396,0.255242,0.155541,1.26054,797.125,ACCELERATING,ACCELERATING,-0.153805,0.060252,-0.339294,DOWN,,,74545.243354,-14.726646,OK,STALE_UNDERLYING
SENSEX,2026-09-18,15:25,STALE,74559.97,10,OPTIONS_ACTIVE_UNDERLYING_STALE,UNDERLYING_UNAVAILABLE_OPTIONS_AVAILABLE,74600.0,415.325,379.2,0.960194,-1.697991,11575020.0,10830580.0,0.0,0.0,9.52393,10.848556,0.53999,-0.46424,0.00043,0.00038,-40.4489,-24.08664,38.69465,38.73381,0.084271,0.237342,1.26054,794.525,FALLING,FLAT,-0.035269,-0.099745,0.00467,NEUTRAL,,,74556.732463,-3.237537,OK,STALE_UNDERLYING
SENSEX,2026-09-18,15:26,STALE,74559.97,11,OPTIONS_ACTIVE_UNDERLYING_STALE,UNDERLYING_UNAVAILABLE_OPTIONS_AVAILABLE,74600.0,413.25,375.475,-0.499609,-0.982331,11601900.0,10886020.0,-10060.0,-24200.0,9.470384,10.721182,0.54018,-0.46388,0.00043,0.00038,-40.28759,-23.69904,38.69059,38.72853,0.266183,0.146481,1.245563,788.725,ACCELERATING,DECELERATING,-0.043615,-0.080614,0.063596,NEUTRAL,,,74558.239276,-1.730724,OK,STALE_UNDERLYING
SENSEX,2026-09-18,15:27,STALE,74559.97,12,OPTIONS_ACTIVE_UNDERLYING_STALE,UNDERLYING_UNAVAILABLE_OPTIONS_AVAILABLE,74700.0,375.0,410.675,3.67708,-3.06267,7858180.0,5287080.0,0.0,0.0,9.817848,10.406147,0.49736,-0.50219,0.00042,0.00039,-40.65705,-22.06296,38.88499,38.88524,0.266667,0.255677,1.082085,785.675,ACCELERATING,ACCELERATING,0.452097,-0.263406,0.56628,UP,,,74584.018992,24.048992,OK,STALE_UNDERLYING
SENSEX,2026-09-18,15:28,STALE,74559.97,13,OPTIONS_ACTIVE_UNDERLYING_STALE,UNDERLYING_UNAVAILABLE_OPTIONS_AVAILABLE,74700.0,380.6,408.775,1.493333,-0.462653,7878900.0,5307500.0,0.0,0.0,9.940732,10.346099,0.49745,-0.50224,0.00041,0.0004,-41.04235,-21.87718,38.88289,38.88308,0.210194,0.281328,1.082085,789.375,DECELERATING,DECELERATING,0.370122,-0.245059,0.530955,UP,,,74592.032732,32.062732,OK,STALE_UNDERLYING
SENSEX,2026-09-18,15:29,STALE,74559.97,14,OPTIONS_ACTIVE_UNDERLYING_STALE,UNDERLYING_UNAVAILABLE_OPTIONS_AVAILABLE,74700.0,379.55,423.125,-0.27588,3.510489,7909720.0,5328380.0,-13220.0,-4860.0,9.928601,10.745144,0.49743,-0.50196,0.00041,0.00038,-41.00606,-23.1245,38.88073,38.88104,0.237123,0.177253,1.082786,802.675,RISING,FLAT,0.331857,0.025166,0.386393,UP,,,74576.585155,16.615155,OK,STALE_UNDERLYING
SENSEX,2026-09-18,15:30,CLOSING_STATE_UNCERTAIN,74294.96,15,CLOSING_STATE_UNCERTAIN,INSUFFICIENT_DATA,,,,,,,,,,,,,,,,,,,,,,,,,,,,,INSUFFICIENT_DATA,,,,,INVALID,MISSING_OPTION_DATA|STALE_UNDERLYING
