symbol,date,minute,event_class,direction,underlying_state,underlying_change,implied_change,ce_change_pct,pe_change_pct,option_pressure,ce_oi_change,pe_oi_change,ce_volume_accel,pe_volume_accel,ce_iv_change,pe_iv_change,ce_spread_change,next_reliable_minute,next_reliable_move,preceded_same_direction
NIFTY,2026-07-20,15:04,A_UNDERLYING_MOVED_FIRST,-1,LIVE,-5.5,-4.2651480000022275,-3.345324,3.443709,-0.250668,-75790.0,-128570.0,-385060.0,-450840.0,0.122259,-0.041082,-0.06447300000000003,,,
NIFTY,2026-07-20,15:05,B_OPTIONS_MOVED_FIRST,-1,LIVE,-2.849999999998545,-5.378892000000633,-3.758839,2.720871,-0.530706,50765.0,-25545.0,417495.0,350415.0,-0.276976,0.245521,0.08606100000000003,15:06,1.1499999999978172,
NIFTY,2026-07-20,15:07,B_OPTIONS_MOVED_FIRST,1,LIVE,3.900000000001455,7.191335999999865,5.491551,-4.76493,0.528054,-29575.0,-79170.0,199030.0,96200.0,0.318548,-0.364787,-0.08879999999999999,15:08,0.4500000000007276,
NIFTY,2026-07-20,15:15,B_OPTIONS_MOVED_FIRST,1,LIVE,4.549999999999272,6.208993000000191,6.06168,-2.597403,0.59015,-367835.0,-119015.0,980655.0,582790.0,0.437549,0.001946,0.062793,15:16,-0.6999999999970896,
SENSEX,2026-07-20,15:03,B_OPTIONS_MOVED_FIRST,1,LIVE,6.7700000000040745,20.397113000013633,2.554815,-2.237848,0.138494,0.0,0.0,11160.0,-1220.0,0.212226,-0.267209,-0.058360999999999996,15:04,-22.389999999999418,False
SENSEX,2026-07-20,15:04,C_BOTH_MOVED_TOGETHER,-1,LIVE,-22.389999999999418,-23.3466630000039,-2.72393,2.659574,-0.1993,0.0,0.0,4140.0,-10120.0,-0.006688,-0.076258,-0.032345999999999986,,,
SENSEX,2026-07-20,15:05,B_OPTIONS_MOVED_FIRST,-1,LIVE,-10.790000000008149,-23.22922500000277,-3.086526,2.153692,-0.476957,10440.0,-4220.0,-6460.0,20660.0,-0.296187,0.210197,0.088924,15:06,-5.849999999991269,
SENSEX,2026-07-20,15:07,C_BOTH_MOVED_TOGETHER,1,LIVE,17.69999999999709,26.410491000002366,2.886129,-3.054977,0.282583,-19180.0,-14300.0,14720.0,6300.0,0.106344,-0.183646,0.005118999999999985,,,
SENSEX,2026-07-20,15:11,A_UNDERLYING_MOVED_FIRST,1,LIVE,19.229999999995925,13.362682999999379,1.620725,-1.711505,0.323003,0.0,0.0,42140.0,21180.0,-0.050054,0.013061,0.002910999999999997,,,
SENSEX,2026-07-20,15:13,B_OPTIONS_MOVED_FIRST,1,LIVE,-5.419999999998254,16.12736300000688,1.801687,-2.060222,0.474536,-13440.0,-15640.0,-13160.0,2180.0,0.365396,-0.391849,0.09678799999999999,15:14,3.349999999991269,
SENSEX,2026-07-20,15:16,A_UNDERLYING_MOVED_FIRST,1,LIVE,17.589999999996508,2.8632249999936903,-0.158817,-0.643538,0.422149,-37120.0,-23000.0,480.0,-13140.0,-0.334985,0.244043,0.049314000000000024,,,
SENSEX,2026-07-20,15:19,A_UNDERLYING_MOVED_FIRST,-1,LIVE,-15.119999999995343,-3.0474640000029467,-0.413657,0.474406,-0.311874,0.0,0.0,-4340.0,-480.0,0.237081,-0.116155,-0.011321999999999999,,,
SENSEX,2026-07-20,15:20,A_UNDERLYING_MOVED_FIRST,1,LIVE,15.970000000001164,3.402585000003455,0.241785,-0.606237,0.199454,0.0,0.0,14080.0,12120.0,-0.198966,0.117924,-0.16140000000000002,,,
SENSEX,2026-07-20,15:24,C_BOTH_MOVED_TOGETHER,1,LIVE,24.960000000006403,19.534616000004462,1.619357,-3.073662,0.532999,-25040.0,-14520.0,-580.0,19440.0,-0.167232,0.039893,0.032931000000000044,,,
SENSEX,2026-07-20,15:28,A_UNDERLYING_MOVED_FIRST,-1,LIVE,-25.669999999998254,-9.343831000005594,-0.306279,1.970741,-0.3566,0.0,0.0,28160.0,16860.0,0.392658,-0.090884,0.07422200000000001,,,
NIFTY,2026-07-21,15:04,A_UNDERLYING_MOVED_FIRST,-1,LIVE,-5.350000000002183,,-60.31746,53.887399,-0.360074,-866710.0,132860.0,15516800.0,1209520.0,-1.132169,0.685111,0.9650790000000001,,,
NIFTY,2026-07-21,15:07,A_UNDERLYING_MOVED_FIRST,-1,LIVE,-5.950000000000728,,-31.192661,6.225681,-0.407314,1441830.0,699205.0,-13037505.0,-2834000.0,0.1922,-1.290563,0.8318049999999999,,,
NIFTY,2026-07-21,15:08,A_UNDERLYING_MOVED_FIRST,1,LIVE,6.950000000000728,,-34.666667,9.157509,0.082296,275145.0,1355965.0,4106115.0,-1631500.0,-1.165033,2.676293,1.4149660000000002,,,
NIFTY,2026-07-21,15:10,A_UNDERLYING_MOVED_FIRST,-1,LIVE,-5.5,,-34.482759,4.179567,-0.358413,454805.0,-363350.0,-9354280.0,3988270.0,0.165026,-0.950294,3.6297639999999998,,,
NIFTY,2026-07-21,15:20,A_UNDERLYING_MOVED_FIRST,-1,LIVE,-5.150000000001455,,0.0,-4.990403,-0.55444,-771160.0,-653900.0,-3022175.0,2359955.0,0.340802,-1.502809,0.0,,,
SENSEX,2026-07-21,15:01,B_OPTIONS_MOVED_FIRST,-1,LIVE,9.419999999998254,-15.084294000000227,-2.067864,3.026396,0.218664,0.0,0.0,-6680.0,-13300.0,-0.541662,0.550826,0.05329900000000001,15:02,0.08000000000174623,
SENSEX,2026-07-21,15:03,B_OPTIONS_MOVED_FIRST,1,LIVE,8.729999999995925,16.47358799999347,1.84994,-3.258444,0.43521,0.0,0.0,15240.0,-1740.0,0.049037,-0.317984,0.10769400000000001,15:04,-18.669999999998254,False
SENSEX,2026-07-21,15:04,C_BOTH_MOVED_TOGETHER,-1,LIVE,-18.669999999998254,-22.020113999999012,-3.110384,3.521993,0.233485,0.0,0.0,-21420.0,-9360.0,0.060432,0.034297,0.08646300000000001,,,
SENSEX,2026-07-21,15:08,A_UNDERLYING_MOVED_FIRST,1,LIVE,15.860000000000582,-2.86986700000125,-0.786012,0.235901,0.04457,0.0,0.0,14820.0,27420.0,-0.342319,0.283986,-0.062894,,,
SENSEX,2026-07-21,15:13,B_OPTIONS_MOVED_FIRST,1,LIVE,11.689999999987776,18.74284500000067,2.381724,-3.246181,0.60477,-22840.0,12640.0,16740.0,49300.0,0.062246,-0.198533,-0.227584,15:14,-18.34999999999127,False
SENSEX,2026-07-21,15:14,E_INCONCLUSIVE,,LIVE,-18.34999999999127,-12.348559999998542,-1.49549,2.072264,0.356944,0.0,0.0,14340.0,-28320.0,0.149724,-0.104129,0.20933200000000002,,,
SENSEX,2026-07-21,15:18,A_UNDERLYING_MOVED_FIRST,1,LIVE,15.009999999994761,-3.040061000006972,-0.101254,1.064329,0.538436,-11320.0,-6920.0,5260.0,1340.0,-0.294988,0.469818,-0.26478599999999997,,,
SENSEX,2026-07-21,15:19,A_UNDERLYING_MOVED_FIRST,-1,LIVE,-18.110000000000582,4.720067000002018,0.803056,-1.060864,0.335213,0.0,0.0,31680.0,12760.0,0.488198,-0.365631,0.077097,,,
SENSEX,2026-07-21,15:20,A_UNDERLYING_MOVED_FIRST,-1,LIVE,-18.75999999999476,-5.054647999990266,1.384484,2.958441,-0.120045,0.0,0.0,211980.0,95500.0,0.59791,-0.14516,0.07481,,,
SENSEX,2026-07-21,15:22,A_UNDERLYING_MOVED_FIRST,1,LIVE,15.89999999999418,12.273872000005213,0.304832,-3.428485,0.147779,0.0,0.0,-98440.0,-76360.0,-0.288427,-0.161018,0.02992700000000001,,,
SENSEX,2026-07-21,15:25,A_UNDERLYING_MOVED_FIRST,-1,LIVE,-18.19000000000233,-3.815394000004744,-0.627884,0.819414,-0.057277,0.0,0.0,14700.0,28260.0,0.29031,-0.248293,-0.043667999999999985,,,
SENSEX,2026-07-21,15:26,B_OPTIONS_MOVED_FIRST,-1,LIVE,8.660000000003492,-20.172372999993968,-4.034714,1.594248,-0.568327,-6160.0,-7940.0,85500.0,-7500.0,-0.675498,0.388025,-0.020209000000000032,15:27,-3.720000000001164,
SENSEX,2026-07-21,15:28,E_INCONCLUSIVE,,LIVE,24.519999999989523,0.19151000000420026,0.156384,-0.077304,-0.270578,0.0,0.0,10840.0,12840.0,-0.451386,0.475746,-0.00046400000000001995,,,
NIFTY,2026-07-23,15:02,A_UNDERLYING_MOVED_FIRST,1,LIVE,6.799999999999272,2.815200000000914,1.214496,-1.29122,0.593739,-63310.0,37310.0,122525.0,123955.0,-0.18051,0.09633,-0.080705,,,
NIFTY,2026-07-23,15:03,C_BOTH_MOVED_TOGETHER,1,LIVE,14.150000000001455,13.492293999999674,4.760983,-5.494063,0.637169,-32045.0,6240.0,337740.0,74295.0,-0.206041,-0.021507,-0.08269200000000002,,,
NIFTY,2026-07-23,15:04,C_BOTH_MOVED_TOGETHER,-1,LIVE,-16.75,-8.663068999998359,-2.752633,4.237649,0.527167,-179465.0,-3965.0,-385385.0,-87490.0,0.515031,-0.258657,0.11712,,,
NIFTY,2026-07-23,15:06,E_INCONCLUSIVE,,LIVE,8.80000000000291,3.849333000001934,1.751742,-1.498358,-0.292146,5460.0,19305.0,69875.0,-69290.0,-0.2164,0.19216,0.109124,,,
NIFTY,2026-07-23,15:08,C_BOTH_MOVED_TOGETHER,1,LIVE,11.100000000002183,9.729745000000548,4.210287,-3.697944,0.709737,-65715.0,-16770.0,466050.0,275990.0,-0.10386,0.102188,-0.040726999999999985,,,
NIFTY,2026-07-23,15:09,C_BOTH_MOVED_TOGETHER,1,LIVE,6.649999999997817,5.088697999999567,2.62066,-1.66876,0.663174,-86385.0,-19175.0,83915.0,-112775.0,0.007996,0.017882,-0.005576999999999999,,,
NIFTY,2026-07-23,15:10,E_INCONCLUSIVE,,LIVE,-8.200000000000728,-3.6435309999978926,-2.042988,1.605839,0.490245,-149435.0,30550.0,-199160.0,-61750.0,0.218912,-0.186257,0.0044389999999999985,,,
NIFTY,2026-07-23,15:14,A_UNDERLYING_MOVED_FIRST,1,LIVE,5.30000000000291,4.961752000002889,1.664178,-2.156969,0.510008,-99775.0,-23855.0,206180.0,45695.0,-0.093575,0.011627,0.251138,,,
NIFTY,2026-07-23,15:16,C_BOTH_MOVED_TOGETHER,-1,LIVE,-8.600000000002183,-13.702478000002884,-4.865972,6.16157,-0.436024,-226135.0,-116155.0,-216580.0,-20670.0,-0.237806,0.309095,0.018653000000000003,,,
NIFTY,2026-07-23,15:19,C_BOTH_MOVED_TOGETHER,1,LIVE,5.75,5.283384999998816,2.27914,-1.908191,0.516069,-108030.0,-34515.0,198835.0,135005.0,-0.080613,0.072465,0.037607999999999975,,,
NIFTY,2026-07-23,15:24,D_UNDERLYING_STALE_OPTIONS_MOVED,1,CLOSING_STATE_UNCERTAIN,,7.1356959999975516,2.275601,-3.372029,0.530552,-111735.0,-17095.0,189540.0,164515.0,-0.382116,0.231167,-0.005625999999999992,15:25,14.799999999999272,True
SENSEX,2026-07-23,15:01,B_OPTIONS_MOVED_FIRST,1,LIVE,3.5599999999976717,22.22175700000662,7.440101,-28.278413,0.338515,0.0,0.0,-536660.0,-347020.0,0.003539,-2.529044,-0.29158000000000006,15:02,48.69999999999709,True
SENSEX,2026-07-23,15:02,C_BOTH_MOVED_TOGETHER,1,LIVE,48.69999999999709,27.671768000000156,33.802817,-38.255977,0.744447,223880.0,1662940.0,-1946860.0,1293060.0,-1.724052,0.82132,-0.58809,,,
SENSEX,2026-07-23,15:03,C_BOTH_MOVED_TOGETHER,1,LIVE,23.70000000001164,32.28411499998765,59.736842,-43.887623,0.745481,0.0,0.0,5584400.0,7173400.0,-0.075182,-0.688632,0.198272,,,
SENSEX,2026-07-23,15:04,E_INCONCLUSIVE,,LIVE,-48.98000000001048,,-57.001647,57.916103,0.389825,0.0,0.0,35780.0,275560.0,0.416746,-1.346933,-0.293721,,,
SENSEX,2026-07-23,15:07,A_UNDERLYING_MOVED_FIRST,1,LIVE,22.270000000004075,,-12.666667,-6.525285,0.585404,679580.0,2743100.0,-973780.0,-3057960.0,,0.95232,0.273356,,,
SENSEX,2026-07-23,15:08,A_UNDERLYING_MOVED_FIRST,1,LIVE,32.919999999998254,,99.890949,-57.940663,0.634218,0.0,0.0,5739640.0,8254160.0,,0.050783,-0.326976,,,
SENSEX,2026-07-23,15:09,A_UNDERLYING_MOVED_FIRST,1,LIVE,36.770000000004075,,55.0,-23.754484,0.751364,0.0,0.0,3571620.0,765740.0,-1.241316,0.816323,0.594327,,,
SENSEX,2026-07-23,15:10,A_UNDERLYING_MOVED_FIRST,-1,LIVE,-48.80000000000291,,-23.777685,23.300971,0.666392,-4050020.0,2433540.0,-2968480.0,-3342900.0,,-1.222954,-0.483063,,,
SENSEX,2026-07-23,15:12,A_UNDERLYING_MOVED_FIRST,1,LIVE,26.50999999999476,,1.649258,-12.765957,-0.460796,0.0,0.0,-1811920.0,-5040280.0,,0.572458,-0.22525300000000004,,,
SENSEX,2026-07-23,15:13,A_UNDERLYING_MOVED_FIRST,-1,LIVE,-31.369999999995343,,-10.059492,32.520325,-0.474802,776560.0,2157740.0,1491440.0,7846880.0,,-0.768312,-0.204235,,,
SENSEX,2026-07-23,15:15,A_UNDERLYING_MOVED_FIRST,1,LIVE,22.720000000001164,,10.700496,-48.0,0.390022,0.0,0.0,1950140.0,4434060.0,,0.648027,-0.25261799999999995,,,
SENSEX,2026-07-23,15:17,A_UNDERLYING_MOVED_FIRST,-1,LIVE,-36.36999999999534,,-6.242568,40.449438,-0.648794,0.0,0.0,-410760.0,2957180.0,,-1.07078,-0.09515499999999999,,,
SENSEX,2026-07-23,15:18,A_UNDERLYING_MOVED_FIRST,1,LIVE,16.339999999996508,,-1.902346,-17.6,-0.561305,372940.0,637480.0,226280.0,-2639980.0,,0.433505,0.007377999999999996,,,
SENSEX,2026-07-23,15:19,A_UNDERLYING_MOVED_FIRST,1,LIVE,24.580000000001746,,1.939237,-21.359223,-0.32334,0.0,0.0,-1464020.0,-1307100.0,,0.577238,-0.007377999999999996,,,
SENSEX,2026-07-23,15:20,A_UNDERLYING_MOVED_FIRST,-1,LIVE,-15.009999999994761,,5.389981,-32.098765,0.439117,0.0,0.0,526820.0,6745220.0,,-0.70649,0.100879,,,
SENSEX,2026-07-23,15:22,A_UNDERLYING_MOVED_FIRST,1,LIVE,17.370000000009895,,-6.133494,-59.459459,0.396643,0.0,0.0,24580.0,3927600.0,,-0.062463,0.264104,,,
SENSEX,2026-07-23,15:23,A_UNDERLYING_MOVED_FIRST,-1,LIVE,-17.880000000004657,,19.090327,-40.0,0.371058,0.0,0.0,3484840.0,-3106220.0,,-0.530982,-0.27678400000000003,,,
SENSEX,2026-07-23,15:24,A_UNDERLYING_MOVED_FIRST,1,LIVE,51.36000000000058,,120.0,-29.841713,0.64989,-1411460.0,-194760.0,-1241560.0,2808820.0,-0.991871,,18.074233,,,
SENSEX,2026-07-23,15:25,A_UNDERLYING_MOVED_FIRST,1,LIVE,31.430000000007567,,272.727273,-26.874585,0.677393,0.0,0.0,7968980.0,-610140.0,,0.502111,-13.303768999999999,,,
SENSEX,2026-07-23,15:26,A_UNDERLYING_MOVED_FIRST,-1,LIVE,-32.920000000012806,,-53.658537,-19.782214,0.618216,296600.0,229620.0,-4949920.0,-1053760.0,,-2.31046,5.648267,,,
SENSEX,2026-07-23,15:27,A_UNDERLYING_MOVED_FIRST,1,LIVE,32.73000000001048,,73.684211,-29.298643,0.669161,0.0,0.0,-2668980.0,1692340.0,,0.168617,-4.46571,,,
SENSEX,2026-07-23,15:28,A_UNDERLYING_MOVED_FIRST,-1,LIVE,-52.19999999999709,,-72.727273,-18.08,0.452709,0.0,0.0,2507380.0,891600.0,,,16.161616,,,
NIFTY,2026-07-27,15:02,C_BOTH_MOVED_TOGETHER,1,LIVE,8.100000000002183,9.480338000001211,6.990774,-8.781995,0.705081,-523445.0,-433160.0,2197975.0,2374970.0,0.119859,-0.161433,0.05706,,,
NIFTY,2026-07-27,15:03,B_OPTIONS_MOVED_FIRST,-1,LIVE,-3.600000000002183,-5.956299000001309,-5.638474,4.354136,0.55625,114985.0,-196300.0,-1908985.0,-1692405.0,-0.460414,0.121092,0.15248899999999999,15:04,-2.399999999997817,
NIFTY,2026-07-27,15:11,C_BOTH_MOVED_TOGETHER,1,LIVE,5.299999999999272,8.5488179999993,8.346375,-5.924318,0.682856,-226525.0,-72345.0,613275.0,309400.0,0.340453,-0.265641,0.008765999999999996,,,
NIFTY,2026-07-27,15:13,E_INCONCLUSIVE,,LIVE,-6.349999999998545,-0.21795700000075158,0.305914,-0.096386,0.44951,-251615.0,-150020.0,-664690.0,-466960.0,0.671445,-0.583036,0.066944,,,
NIFTY,2026-07-27,15:16,B_OPTIONS_MOVED_FIRST,-1,LIVE,0.25,-6.379021999997349,-5.270007,4.473818,-0.08302,-351000.0,-316420.0,12740.0,79430.0,-0.735517,0.410416,-0.013321000000000027,15:17,1.3500000000021828,
NIFTY,2026-07-27,15:19,A_UNDERLYING_MOVED_FIRST,1,LIVE,5.200000000000728,4.590791000002355,3.460208,-3.8987,0.56085,-35165.0,-28080.0,-22360.0,227760.0,-0.061007,0.126324,0.18780699999999997,,,
SENSEX,2026-07-27,15:02,C_BOTH_MOVED_TOGETHER,1,LIVE,24.610000000000582,33.8670800000109,4.298562,-4.177176,0.586157,-16560.0,-6580.0,-28500.0,4160.0,0.114581,-0.130752,-0.108382,,,
SENSEX,2026-07-27,15:03,B_OPTIONS_MOVED_FIRST,-1,LIVE,-7.100000000005821,-31.415458000003127,-4.330848,4.202357,0.012735,0.0,0.0,-12720.0,-13380.0,-0.471387,0.359936,-0.01453199999999999,15:04,-12.240000000005239,
SENSEX,2026-07-27,15:05,E_INCONCLUSIVE,,LIVE,-18.969999999986612,-4.365520000006654,-0.664555,0.55788,-0.538978,-1900.0,-940.0,-4800.0,1580.0,0.26586,-0.208769,-0.060944,,,
SENSEX,2026-07-27,15:06,A_UNDERLYING_MOVED_FIRST,1,LIVE,24.04999999998836,4.540945000000647,0.762786,-0.575589,-0.149801,0.0,0.0,-2640.0,-6520.0,-0.338971,0.34415,0.073135,,,
SENSEX,2026-07-27,15:11,B_OPTIONS_MOVED_FIRST,1,LIVE,10.85999999998603,21.795478000000003,3.180562,-2.619793,0.579966,0.0,0.0,27640.0,18740.0,0.284004,-0.334663,0.026381000000000016,15:12,-5.0899999999965075,
SENSEX,2026-07-27,15:13,E_INCONCLUSIVE,,LIVE,-21.089999999996508,2.8595550000027288,-0.531431,-0.528114,0.379692,-18640.0,-4680.0,-11160.0,3160.0,0.22276,-0.08873,0.05735900000000002,,,
SENSEX,2026-07-27,15:15,E_INCONCLUSIVE,,LIVE,-15.979999999995925,17.3595789999963,2.293706,-2.439024,0.480238,0.0,0.0,5640.0,21180.0,0.455695,-0.651786,-0.032362,,,
SENSEX,2026-07-27,15:27,A_UNDERLYING_MOVED_FIRST,1,LIVE,15.419999999998254,-0.7439050000102725,-0.415132,-0.093783,-0.289573,0.0,0.0,2580.0,700.0,-0.268553,0.229906,-0.07995799999999999,,,
SENSEX,2026-07-27,15:28,A_UNDERLYING_MOVED_FIRST,1,LIVE,15.010000000009313,-0.5585749999881955,-0.268944,0.046936,0.069861,0.0,0.0,-15380.0,78880.0,-0.313249,0.235091,0.29689,,,
SENSEX,2026-07-27,15:29,A_UNDERLYING_MOVED_FIRST,-1,LIVE,-30.260000000009313,7.641374999991967,0.458437,-1.816232,0.222243,-13160.0,85960.0,15920.0,-34900.0,0.482095,-0.686555,-0.13600399999999996,,,
NIFTY,2026-07-30,15:02,C_BOTH_MOVED_TOGETHER,1,LIVE,13.349999999998545,9.372706999998627,4.50194,-4.085481,0.616633,-77415.0,-19435.0,283660.0,137540.0,-0.277588,0.154007,-0.11018000000000003,,,
NIFTY,2026-07-30,15:05,C_BOTH_MOVED_TOGETHER,1,LIVE,8.25,9.928027999998449,5.091352,-3.733802,0.649357,-117845.0,71695.0,679185.0,501865.0,0.069276,-0.076917,0.13200100000000003,,,
NIFTY,2026-07-30,15:08,C_BOTH_MOVED_TOGETHER,1,LIVE,18.450000000000728,7.22439999999915,4.219409,-2.384166,0.511242,-33800.0,33020.0,194480.0,-120120.0,-0.568082,0.488734,0.08617200000000001,,,
NIFTY,2026-07-30,15:09,C_BOTH_MOVED_TOGETHER,-1,LIVE,-15.650000000001455,-11.99518099999841,-6.02789,5.207373,-0.409057,79495.0,45565.0,-359580.0,57460.0,0.280622,-0.092583,0.10728199999999999,,,
NIFTY,2026-07-30,15:10,E_INCONCLUSIVE,,LIVE,15.400000000001455,1.7530029999979888,1.148875,-0.481822,-0.146295,-4160.0,-11050.0,-108745.0,-170495.0,-0.743942,0.521811,-0.192567,,,
NIFTY,2026-07-30,15:15,B_OPTIONS_MOVED_FIRST,-1,LIVE,-4.600000000002183,-5.382797999998729,-2.702703,1.970339,-0.63852,5590.0,-32630.0,444405.0,397280.0,-0.00279,0.069004,0.056813,15:16,-3.4500000000007276,
NIFTY,2026-07-30,15:20,C_BOTH_MOVED_TOGETHER,1,LIVE,8.399999999997817,9.011696000001393,5.412961,-3.121791,0.467153,-71175.0,-106340.0,169390.0,7605.0,-0.026124,0.000687,0.136818,,,
NIFTY,2026-07-30,15:21,B_OPTIONS_MOVED_FIRST,1,LIVE,4.200000000000728,5.155209000000468,1.133076,-3.455586,0.562614,-53690.0,-39585.0,-35555.0,-13845.0,-0.126787,-0.187898,-0.05091699999999999,15:22,-6.099999999998545,False
NIFTY,2026-07-30,15:22,C_BOTH_MOVED_TOGETHER,-1,LIVE,-6.099999999998545,-5.099228999999468,-1.764005,1.910408,0.549952,-60255.0,-13520.0,139620.0,-83005.0,0.168488,-0.076744,-0.092783,,,
NIFTY,2026-07-30,15:23,E_INCONCLUSIVE,,LIVE,14.099999999998545,2.9943589999966207,1.844213,-0.064641,0.384294,-47125.0,-2210.0,-174135.0,-7735.0,-0.627513,0.528389,-0.0026370000000000005,,,
NIFTY,2026-07-30,15:28,A_UNDERLYING_MOVED_FIRST,-1,LIVE,-24.19999999999709,0.06945099999938975,0.28057,0.021829,-0.011238,-85215.0,-38220.0,-25545.0,98670.0,1.351877,-0.884723,0.186131,,,
NIFTY,2026-07-30,15:29,A_UNDERLYING_MOVED_FIRST,-1,LIVE,-6.80000000000291,0.6975149999998393,-0.25647,-0.72021,-0.06292,-180570.0,-45175.0,272935.0,312975.0,0.536863,-0.539416,-0.04591099999999998,,,
SENSEX,2026-07-30,15:02,A_UNDERLYING_MOVED_FIRST,1,LIVE,55.19999999999709,,205.777778,-49.899447,0.79665,178760.0,312320.0,1460560.0,3117980.0,0.53512,-3.998101,0.092397,,,
SENSEX,2026-07-30,15:06,A_UNDERLYING_MOVED_FIRST,1,LIVE,16.5,,7.979626,-21.186441,0.722082,0.0,0.0,25240.0,5289640.0,-0.558729,0.344647,-0.364652,,,
SENSEX,2026-07-30,15:08,A_UNDERLYING_MOVED_FIRST,1,LIVE,67.75999999999476,,138.14433,-28.656612,0.798283,0.0,0.0,11991920.0,2670920.0,-2.059981,,-1.5236850000000002,,,
SENSEX,2026-07-30,15:09,A_UNDERLYING_MOVED_FIRST,-1,LIVE,-56.35000000000582,,13.852814,6.784661,0.691317,0.0,0.0,2877500.0,1803780.0,2.466259,,-0.10534500000000002,,,
SENSEX,2026-07-30,15:10,A_UNDERLYING_MOVED_FIRST,1,LIVE,65.79000000000815,,9.125475,-12.569061,0.570971,1927680.0,2320080.0,-8898000.0,-3211760.0,,,-0.06359199999999998,,,
SENSEX,2026-07-30,15:11,A_UNDERLYING_MOVED_FIRST,-1,LIVE,-32.30000000000291,,-16.724739,1.316482,0.353538,0.0,0.0,996680.0,417580.0,,-2.137345,0.13995599999999997,,,
SENSEX,2026-07-30,15:12,A_UNDERLYING_MOVED_FIRST,1,LIVE,32.50999999999476,,11.297071,-13.877339,0.489937,0.0,0.0,-3466120.0,-853760.0,-1.622407,1.280807,0.6669390000000001,,,
SENSEX,2026-07-30,15:13,A_UNDERLYING_MOVED_FIRST,-1,LIVE,-16.55999999999767,,-52.255639,18.044659,-0.434375,2129780.0,1000460.0,-288320.0,-122640.0,0.533104,-0.054056,0.07104399999999989,,,
SENSEX,2026-07-30,15:16,A_UNDERLYING_MOVED_FIRST,-1,LIVE,-35.29000000000815,,-16.676218,75.789474,-0.696285,-85280.0,-528100.0,2242940.0,5476320.0,,-0.814107,0.206366,,,
SENSEX,2026-07-30,15:18,A_UNDERLYING_MOVED_FIRST,1,LIVE,20.419999999998254,,6.219807,-57.142857,0.397736,169760.0,1430120.0,462640.0,2073520.0,,0.031546,-0.14198900000000003,,,
SENSEX,2026-07-30,15:20,A_UNDERLYING_MOVED_FIRST,1,LIVE,24.90000000000873,,40.57971,-26.164725,0.596556,0.0,0.0,2123360.0,1591380.0,-0.674073,-0.973269,1.598357,,,
SENSEX,2026-07-30,15:22,A_UNDERLYING_MOVED_FIRST,-1,LIVE,-21.15999999998894,,60.97561,-40.834846,0.636898,0.0,0.0,4165800.0,3308000.0,1.425067,,0.23651100000000003,,,
SENSEX,2026-07-30,15:23,A_UNDERLYING_MOVED_FIRST,1,LIVE,51.36999999999534,,170.606061,-63.957055,0.764134,0.0,0.0,-4907280.0,3640480.0,,,-0.988157,,,
SENSEX,2026-07-30,15:25,A_UNDERLYING_MOVED_FIRST,1,LIVE,16.029999999998836,,33.962264,-70.440252,0.535146,0.0,0.0,-8775940.0,-5074840.0,,0.426885,0.265745,,,
SENSEX,2026-07-30,15:26,A_UNDERLYING_MOVED_FIRST,1,LIVE,29.020000000004075,,45.372233,-12.765957,0.483734,-4526360.0,2623700.0,1434940.0,105560.0,,-0.585249,-0.389604,,,
SENSEX,2026-07-30,15:28,A_UNDERLYING_MOVED_FIRST,-1,LIVE,-114.0799999999872,,-10.317903,-37.037037,0.58688,0.0,0.0,-1704880.0,703860.0,,,-0.06021199999999999,,,
SENSEX,2026-07-30,15:29,A_UNDERLYING_MOVED_FIRST,-1,LIVE,-45.2100000000064,,-36.131841,35.294118,-0.138773,-1580360.0,-779580.0,1137400.0,549200.0,0.090669,,0.08671400000000001,,,
NIFTY,2026-07-31,15:01,C_BOTH_MOVED_TOGETHER,1,LIVE,13.5,11.903002999999444,8.153078,-6.049101,0.725208,-195455.0,-326495.0,449605.0,-1245335.0,-0.073219,0.066205,-0.08662499999999998,,,
NIFTY,2026-07-31,15:05,A_UNDERLYING_MOVED_FIRST,1,LIVE,5.099999999998545,3.6530210000018997,2.459016,-1.890359,0.331265,2275.0,-190515.0,-1379560.0,-966550.0,-0.085204,0.070425,-0.12913000000000002,,,
NIFTY,2026-07-31,15:06,B_OPTIONS_MOVED_FIRST,-1,LIVE,-4.299999999999272,-6.53273000000263,-4.430769,3.027801,-0.41062,138970.0,123630.0,171470.0,-6240.0,-0.114815,0.039531,0.13448900000000003,15:07,6.649999999997817,False
NIFTY,2026-07-31,15:07,C_BOTH_MOVED_TOGETHER,1,LIVE,6.649999999997817,7.717502000003151,4.70058,-4.221213,0.517026,-383565.0,-5525.0,230035.0,335595.0,-0.029483,-0.057623,-0.011564000000000019,,,
NIFTY,2026-07-31,15:08,E_INCONCLUSIVE,,LIVE,5.950000000000728,0.6815119999992021,0.861009,-0.111576,0.333201,-17875.0,-163540.0,-28405.0,-381095.0,-0.225801,0.284327,-0.0020999999999999908,,,
NIFTY,2026-07-31,15:13,A_UNDERLYING_MOVED_FIRST,-1,LIVE,-7.399999999997817,-3.3720160000011674,-2.432266,1.56852,0.085501,-189605.0,-70460.0,470860.0,145015.0,0.179774,-0.148418,0.06925199999999998,,,
NIFTY,2026-07-31,15:16,B_OPTIONS_MOVED_FIRST,-1,LIVE,-4.099999999998545,-11.261145000000397,-6.585136,6.432432,-0.656361,-237575.0,-565825.0,1112475.0,702520.0,-0.284335,0.375553,0.013262999999999997,15:17,-1.1000000000021828,
NIFTY,2026-07-31,15:18,B_OPTIONS_MOVED_FIRST,1,LIVE,0.75,5.2209509999993315,2.692819,-3.162459,-0.448224,-170430.0,-329550.0,-329160.0,-399620.0,0.134057,-0.252503,0.06125899999999998,15:19,-5.099999999998545,False
NIFTY,2026-07-31,15:19,E_INCONCLUSIVE,,LIVE,-5.099999999998545,-4.307668999997986,-1.910003,3.08138,0.190395,-206375.0,-287950.0,-421915.0,-695760.0,0.10795,0.041621,-0.062225,,,
NIFTY,2026-07-31,15:24,C_BOTH_MOVED_TOGETHER,1,LIVE,5.850000000002183,6.031244000001607,2.651007,-3.859017,0.436812,-144690.0,-171405.0,213135.0,275730.0,-0.040808,-0.145074,-0.20307499999999998,,,
NIFTY,2026-07-31,15:26,E_INCONCLUSIVE,,LIVE,-5.650000000001455,-1.9426719999974011,-2.446184,0.259471,0.170228,-183300.0,-370435.0,-59865.0,-467155.0,0.030575,-0.161264,0.20387300000000003,,,
NIFTY,2026-07-31,15:29,C_BOTH_MOVED_TOGETHER,-1,LIVE,-6.650000000001455,-8.297690999999759,-6.786877,2.281114,-0.633401,-297505.0,-570960.0,631280.0,1405365.0,-0.141579,-0.188318,0.04749300000000001,,,
SENSEX,2026-07-31,15:01,C_BOTH_MOVED_TOGETHER,1,LIVE,36.69999999999709,36.77754699999059,4.56676,-4.028214,0.696095,0.0,0.0,19560.0,2080.0,-0.05,0.010516,-0.10288400000000003,,,
SENSEX,2026-07-31,15:05,B_OPTIONS_MOVED_FIRST,1,LIVE,12.889999999999418,15.077583999998751,2.00744,-1.65404,0.434945,-11520.0,-8740.0,-13880.0,-16160.0,0.010784,-0.00966,-0.018127999999999977,15:06,-8.729999999995925,
SENSEX,2026-07-31,15:06,B_OPTIONS_MOVED_FIRST,-1,LIVE,-8.729999999995925,-21.9190360000066,-2.955046,2.405175,-0.151088,0.0,0.0,-680.0,-1920.0,-0.198443,0.151521,-0.04378900000000002,15:07,13.009999999994761,
SENSEX,2026-07-31,15:08,C_BOTH_MOVED_TOGETHER,1,LIVE,24.510000000009313,15.130877000003238,2.16075,-2.175188,0.401572,0.0,0.0,34200.0,18500.0,-0.113518,0.072591,0.05834600000000001,,,
SENSEX,2026-07-31,15:10,B_OPTIONS_MOVED_FIRST,-1,LIVE,-3.790000000008149,-15.997415999998339,-1.369089,2.474484,-0.109428,-9200.0,-6320.0,4900.0,8240.0,-0.093475,0.220665,0.0012209999999999999,15:11,12.130000000004657,
SENSEX,2026-07-31,15:13,A_UNDERLYING_MOVED_FIRST,-1,LIVE,-23.869999999995343,-14.521395000003395,-2.356945,1.327485,-0.243894,-22320.0,-27740.0,21860.0,12160.0,0.084795,-0.113127,0.028858999999999996,,,
SENSEX,2026-07-31,15:14,A_UNDERLYING_MOVED_FIRST,1,LIVE,20.30000000000291,8.526662000003853,1.148832,-0.698332,-0.082529,0.0,0.0,-18120.0,-3740.0,-0.123367,0.116334,0.12585599999999997,,,
SENSEX,2026-07-31,15:15,A_UNDERLYING_MOVED_FIRST,-1,LIVE,-21.480000000010477,4.649760000000242,0.71465,-0.656748,-0.089072,0.0,0.0,17920.0,60.0,0.335812,-0.291134,-0.05267599999999997,,,
SENSEX,2026-07-31,15:16,B_OPTIONS_MOVED_FIRST,-1,LIVE,-8.529999999998836,-31.480464000007487,-3.842067,3.970858,-0.473834,-47220.0,-30640.0,2980.0,-17720.0,-0.310325,0.288733,0.027823999999999988,15:17,-13.289999999993597,
SENSEX,2026-07-31,15:20,A_UNDERLYING_MOVED_FIRST,-1,LIVE,-15.539999999993597,4.125069000001531,0.433251,-0.807048,0.076725,0.0,0.0,4160.0,15100.0,0.28172,-0.26105,-0.174197,,,
SENSEX,2026-07-31,15:23,A_UNDERLYING_MOVED_FIRST,-1,LIVE,-17.989999999990687,-11.090290000007371,-1.205727,1.209449,-0.183163,0.0,0.0,-8320.0,-7300.0,0.078983,-0.103944,-0.04368600000000003,,,
SENSEX,2026-07-31,15:24,B_OPTIONS_MOVED_FIRST,1,LIVE,12.069999999992433,23.998442000010982,2.534765,-3.031057,0.309136,-14100.0,-9920.0,12060.0,13140.0,0.161459,-0.184199,0.040268,15:25,5.510000000009313,
SENSEX,2026-07-31,15:26,E_INCONCLUSIVE,,LIVE,-21.520000000004075,-6.462948000000324,-1.284266,0.187313,0.155267,-12560.0,-9920.0,-2600.0,-4360.0,0.118821,-0.214274,-0.148686,,,
SENSEX,2026-07-31,15:29,C_BOTH_MOVED_TOGETHER,-1,LIVE,-29.029999999998836,-21.081240999992588,-4.428974,0.440502,-0.636898,-27160.0,-17360.0,20800.0,29100.0,-0.22298,-0.16241,-0.03410500000000005,,,
NIFTY,2026-08-03,15:05,C_BOTH_MOVED_TOGETHER,-1,LIVE,-10.299999999999272,-5.680997999999818,-5.115346,4.545455,-0.78592,-296335.0,-374400.0,1921010.0,3131440.0,0.565852,-0.36287,0.036287000000000014,,,
NIFTY,2026-08-03,15:06,E_INCONCLUSIVE,,LIVE,-8.25,-4.715468000002147,-4.087385,3.606719,-0.814026,-45760.0,-43355.0,233090.0,321815.0,0.440024,-0.281058,0.006006999999999985,,,
NIFTY,2026-08-03,15:08,A_UNDERLYING_MOVED_FIRST,-1,LIVE,-7.299999999999272,-4.694858999999269,-4.21318,3.662109,-0.589802,165295.0,-131755.0,-360750.0,-687700.0,0.273137,-0.237466,0.08469200000000002,,,
NIFTY,2026-08-03,15:12,B_OPTIONS_MOVED_FIRST,1,LIVE,4.599999999998545,6.066969999999856,4.805242,-5.531712,0.643208,-73190.0,-227760.0,511160.0,197210.0,-0.1247,-0.0355,0.128923,15:13,8.600000000002183,True
NIFTY,2026-08-03,15:13,E_INCONCLUSIVE,,LIVE,8.600000000002183,-0.6609119999993709,0.034734,1.312468,0.528576,-257660.0,-503620.0,-569205.0,-936780.0,-0.702015,0.65022,-0.06956499999999999,,,
NIFTY,2026-08-03,15:14,E_INCONCLUSIVE,,LIVE,-5.200000000000728,-1.2129679999998189,-0.833333,1.24564,0.496008,-109655.0,-305240.0,-498030.0,-496275.0,0.353524,-0.43753,0.0023340000000000027,,,
NIFTY,2026-08-03,15:17,D_UNDERLYING_STALE_OPTIONS_MOVED,1,STALE,,6.054986999999528,3.174603,-8.813559,0.361303,-92040.0,-261885.0,577720.0,2167620.0,0.390033,-0.807799,-0.008879999999999999,15:29,200.95000000000073,True
NIFTY,2026-08-03,15:20,D_UNDERLYING_STALE_OPTIONS_MOVED,1,STALE,,9.053028999998787,3.563084,-10.260695,0.221671,54535.0,-352300.0,-234780.0,552500.0,0.249893,-1.308437,0.04536899999999999,15:29,200.95000000000073,True
NIFTY,2026-08-03,15:25,D_UNDERLYING_STALE_OPTIONS_MOVED,-1,STALE,,-6.330880000001343,-5.501618,4.948341,-0.54475,-274235.0,-174460.0,1056705.0,681460.0,-0.683995,0.414091,0.08866400000000002,15:29,200.95000000000073,False
NIFTY,2026-08-03,15:26,D_UNDERLYING_STALE_OPTIONS_MOVED,-1,STALE,,-5.879084000000148,-6.126332,4.404145,-0.613956,-210990.0,-262730.0,-113360.0,73450.0,-0.761296,0.39583,0.100937,15:29,200.95000000000073,False
NIFTY,2026-08-03,15:27,D_UNDERLYING_STALE_OPTIONS_MOVED,1,STALE,,5.3476579999987734,4.864208,-5.210918,-0.495153,-244855.0,-307060.0,-543335.0,-286325.0,0.576458,-0.461938,-0.17342200000000002,15:29,200.95000000000073,True
SENSEX,2026-08-03,15:05,C_BOTH_MOVED_TOGETHER,-1,LIVE,-37.229999999995925,-26.47272299999895,-4.781309,2.874056,-0.718281,-20700.0,-39540.0,105560.0,124880.0,0.090923,-0.2268,-0.043419999999999986,,,
SENSEX,2026-08-03,15:06,C_BOTH_MOVED_TOGETHER,-1,LIVE,-25.020000000004075,-18.576381999999285,-2.717546,2.998183,-0.768372,0.0,0.0,-9240.0,42660.0,0.127206,-0.10157,0.050367999999999996,,,
SENSEX,2026-08-03,15:08,B_OPTIONS_MOVED_FIRST,-1,LIVE,-13.55000000000291,-17.88001500000246,-3.419973,2.221727,-0.591924,0.0,0.0,7400.0,11740.0,-0.144284,0.030113,-0.06689999999999999,15:09,-26.69999999999709,True
SENSEX,2026-08-03,15:09,E_INCONCLUSIVE,,LIVE,-26.69999999999709,-11.565235000001849,-2.683763,0.094497,-0.578084,0.0,0.0,67120.0,66140.0,0.086846,-0.423697,0.09603799999999998,,,
SENSEX,2026-08-03,15:10,E_INCONCLUSIVE,,LIVE,18.089999999996508,8.713422000000719,2.941627,0.689906,-0.559006,-6280.0,-86340.0,-25540.0,-36560.0,0.083287,0.391451,0.022761000000000003,,,
SENSEX,2026-08-03,15:11,A_UNDERLYING_MOVED_FIRST,-1,LIVE,-15.139999999999418,-0.6829569999972591,-0.632535,-0.483231,-0.152109,0.0,0.0,-23980.0,-27800.0,0.164199,-0.327143,-0.01327299999999998,,,
SENSEX,2026-08-03,15:12,C_BOTH_MOVED_TOGETHER,1,LIVE,41.7899999999936,24.43472699999984,3.414963,-3.77591,0.543061,0.0,0.0,-6780.0,-25420.0,-0.321897,0.21136,0.020558999999999994,,,
SENSEX,2026-08-03,15:14,E_INCONCLUSIVE,,LIVE,-19.910000000003492,-0.8008520000003045,0.253165,0.661218,0.460624,0.0,0.0,-10000.0,-26900.0,0.339873,-0.203803,-0.01519699999999996,,,
SENSEX,2026-08-03,15:29,D_UNDERLYING_STALE_OPTIONS_MOVED,1,CLOSING_STATE_UNCERTAIN,,17.367614000002504,-1.457748,-6.610323,0.52049,-14060.0,-22940.0,12480.0,24060.0,0.513456,-1.396718,0.004718,,,
NIFTY,2026-08-04,15:01,C_BOTH_MOVED_TOGETHER,-1,LIVE,-6.799999999999272,-7.770145999998931,4.296604,13.416988,0.193489,401700.0,-273000.0,3825575.0,1158625.0,1.71616,1.213633,-0.017129000000000005,,,
NIFTY,2026-08-04,15:02,E_INCONCLUSIVE,,LIVE,-6.350000000002183,-2.7968279999986407,-0.675676,6.874557,-0.609764,-249795.0,-317395.0,-2699905.0,-944385.0,0.968973,0.049882,-0.318639,,,
NIFTY,2026-08-04,15:05,C_BOTH_MOVED_TOGETHER,-1,LIVE,-7.599999999998545,-5.247607000001153,1.658664,19.648094,-0.577423,77870.0,8190.0,-451555.0,331110.0,1.580669,1.500909,-0.17602,,,
NIFTY,2026-08-04,15:07,E_INCONCLUSIVE,,LIVE,5.299999999999272,4.578592000001663,11.428571,-1.78499,0.526517,-167765.0,-321880.0,2250755.0,-981305.0,0.507794,1.810229,0.13619000000000003,,,
NIFTY,2026-08-04,15:12,A_UNDERLYING_MOVED_FIRST,-1,LIVE,-5.450000000000728,-4.022433999998611,-1.760777,2.431611,0.352714,-1264380.0,-263250.0,-204620.0,-772135.0,0.370081,-0.85179,-0.11707999999999999,,,
NIFTY,2026-08-04,15:14,A_UNDERLYING_MOVED_FIRST,1,LIVE,6.25,4.402924999998504,7.901554,-2.352438,0.167256,-1245790.0,-467220.0,-4264455.0,-1997515.0,0.297449,1.464817,-0.27803900000000004,,,
NIFTY,2026-08-04,15:15,C_BOTH_MOVED_TOGETHER,1,LIVE,6.100000000002183,14.978401000000304,22.44898,-10.381078,0.638689,-754065.0,-165425.0,2919800.0,2341235.0,2.840763,-0.815028,0.15206099999999997,,,
NIFTY,2026-08-04,15:16,D_UNDERLYING_STALE_OPTIONS_MOVED,-1,STALE,,-8.997081000001344,-13.578431,3.958944,0.711933,-1726400.0,-687050.0,3644160.0,-170495.0,-2.792669,0.885556,-0.27871399999999996,15:28,151.45000000000073,False
NIFTY,2026-08-04,15:18,D_UNDERLYING_STALE_OPTIONS_MOVED,-1,STALE,,-5.971964000000298,-10.005718,4.101562,-0.454343,18525.0,-96135.0,-1191255.0,-822120.0,-1.780187,0.844153,0.16520600000000002,15:28,151.45000000000073,False
NIFTY,2026-08-04,15:20,D_UNDERLYING_STALE_OPTIONS_MOVED,1,STALE,,22.82775699999911,44.514326,-8.832335,0.502091,-184730.0,-196495.0,3157635.0,2900560.0,6.439078,-1.983826,-0.032440000000000024,15:28,151.45000000000073,True
NIFTY,2026-08-04,15:21,D_UNDERLYING_STALE_OPTIONS_MOVED,1,STALE,,8.653030000001309,11.653772,-5.747126,0.561334,-330785.0,-202215.0,2521025.0,-535990.0,2.572802,-1.282874,0.04624099999999998,15:28,151.45000000000073,True
NIFTY,2026-08-04,15:23,D_UNDERLYING_STALE_OPTIONS_MOVED,1,STALE,,18.928029999999126,6.043956,-22.991304,0.467341,123305.0,88985.0,-1883440.0,368095.0,0.89914,,0.04885799999999996,15:28,151.45000000000073,True
NIFTY,2026-08-04,15:24,D_UNDERLYING_STALE_OPTIONS_MOVED,-1,STALE,,-7.2221559999998135,-5.657774,15.55773,0.251314,-391430.0,181545.0,-297700.0,-2078440.0,-1.201653,,0.04345199999999999,15:28,151.45000000000073,False
NIFTY,2026-08-04,15:25,D_UNDERLYING_STALE_OPTIONS_MOVED,1,STALE,,5.803199999998469,1.15037,-9.859754,0.401276,128895.0,91845.0,-1014910.0,-151645.0,0.267523,,-0.00015799999999999148,15:28,151.45000000000073,True
NIFTY,2026-08-04,15:26,D_UNDERLYING_STALE_OPTIONS_MOVED,1,STALE,,33.97809500000221,30.869212,-45.450259,0.686688,-292435.0,-43355.0,3274245.0,2629575.0,4.314387,,0.13332299999999997,15:28,151.45000000000073,True
NIFTY,2026-08-04,15:27,D_UNDERLYING_STALE_OPTIONS_MOVED,-1,STALE,,-12.247057000000495,-20.360025,11.235955,0.377403,-391040.0,25805.0,824525.0,-290290.0,-3.642205,,0.15869100000000003,15:28,151.45000000000073,False
NIFTY,2026-08-04,15:28,D_UNDERLYING_STALE_OPTIONS_MOVED,1,CLOSING_STATE_UNCERTAIN,,22.628054999997403,27.51364,-40.40404,0.554914,189995.0,123435.0,-2574585.0,-1287845.0,,,-0.290425,15:29,151.45000000000073,True
SENSEX,2026-08-04,15:01,C_BOTH_MOVED_TOGETHER,-1,LIVE,-34.01999999998952,-42.202522000006866,-5.373508,7.251422,-0.2798,0.0,0.0,61760.0,27380.0,-0.088976,0.309598,-0.12777800000000003,,,
SENSEX,2026-08-04,15:02,E_INCONCLUSIVE,,LIVE,-22.29000000000815,-4.890369999993709,-0.9267,0.58586,-0.569615,2320.0,-4680.0,-41260.0,4000.0,0.31718,-0.455364,-0.04011100000000001,,,
SENSEX,2026-08-04,15:05,B_OPTIONS_MOVED_FIRST,-1,LIVE,-14.39999999999418,-18.693432999993092,-1.872686,3.522535,-0.521536,13740.0,-5500.0,1700.0,30260.0,0.106935,0.173156,-0.127353,15:06,9.179999999993015,
SENSEX,2026-08-04,15:06,B_OPTIONS_MOVED_FIRST,1,LIVE,9.179999999993015,15.750144999998156,1.313403,-2.890045,-0.140606,0.0,0.0,560.0,-24820.0,0.007399,-0.222423,0.18565600000000002,15:07,15.130000000004657,True
SENSEX,2026-08-04,15:07,E_INCONCLUSIVE,,LIVE,15.130000000004657,14.273736000002827,1.833548,-2.662382,0.287614,6780.0,-1200.0,-16080.0,-36100.0,-0.0695,-0.046969,-0.11666100000000001,,,
SENSEX,2026-08-04,15:10,B_OPTIONS_MOVED_FIRST,1,LIVE,8.529999999998836,15.66298999999708,2.185881,-2.536652,0.487078,-15040.0,-400.0,-1080.0,-7440.0,0.089271,-0.237135,-0.16680000000000003,15:11,4.960000000006403,
SENSEX,2026-08-04,15:12,E_INCONCLUSIVE,,LIVE,-19.55999999999767,-6.107821999990847,-0.226337,1.611745,0.07178,0.0,0.0,-5480.0,-27420.0,0.437432,-0.273107,-0.09125999999999998,,,
SENSEX,2026-08-04,15:14,C_BOTH_MOVED_TOGETHER,1,LIVE,23.30999999999767,23.29139800000121,2.217,-4.620144,0.458061,0.0,0.0,-37740.0,-9560.0,-0.132482,-0.146154,0.07222199999999998,,,
SENSEX,2026-08-04,15:15,C_BOTH_MOVED_TOGETHER,1,LIVE,47.66000000000349,64.98127099999692,5.173207,-13.082967,0.802655,0.0,0.0,112660.0,78280.0,-0.269106,-0.883678,0.030152000000000012,,,
SENSEX,2026-08-04,15:16,D_UNDERLYING_STALE_OPTIONS_MOVED,-1,STALE,,-34.515826999995625,-3.701814,6.170177,0.61279,-51420.0,-6560.0,-14560.0,-64020.0,-0.542349,0.824032,0.04203299999999999,15:30,104.38999999999942,False
SENSEX,2026-08-04,15:18,D_UNDERLYING_STALE_OPTIONS_MOVED,-1,STALE,,-20.461516000010306,-3.403905,3.02405,-0.440491,-14960.0,3520.0,-400.0,-1320.0,-0.416017,0.379298,0.147314,15:30,104.38999999999942,False
SENSEX,2026-08-04,15:23,D_UNDERLYING_STALE_OPTIONS_MOVED,1,STALE,,15.274032999994233,1.48511,-2.993734,0.072988,0.0,0.0,-7800.0,-3620.0,0.24551,-0.390643,0.010089999999999988,15:30,104.38999999999942,True
SENSEX,2026-08-04,15:24,D_UNDERLYING_STALE_OPTIONS_MOVED,-1,STALE,,-15.886836999998195,-1.057309,3.779904,-0.056658,9740.0,1340.0,-8280.0,-980.0,-0.14669,0.467497,-0.11996699999999996,15:30,104.38999999999942,False
SENSEX,2026-08-04,15:29,D_UNDERLYING_STALE_OPTIONS_MOVED,1,STALE,,18.080973999996786,0.949934,-4.71415,0.567684,6200.0,520.0,34660.0,61140.0,0.125137,-0.573096,-0.0036630000000000273,15:30,104.38999999999942,True
NIFTY,2026-08-05,15:01,A_UNDERLYING_MOVED_FIRST,-1,LIVE,-5.650000000001455,-3.2255550000008952,-0.38616,2.082966,-0.4621,-114270.0,5200.0,-338455.0,-76180.0,0.216554,0.045708,0.03173100000000001,,,
NIFTY,2026-08-05,15:02,C_BOTH_MOVED_TOGETHER,1,LIVE,7.400000000001455,12.042320000000473,3.175477,-5.03544,-0.37691,-50375.0,-9295.0,-39000.0,-9620.0,0.103474,-0.374593,0.031978000000000006,,,
NIFTY,2026-08-05,15:04,C_BOTH_MOVED_TOGETHER,1,LIVE,6.850000000002183,6.135237000002235,0.463541,-3.221267,0.528393,9035.0,4225.0,-89245.0,29380.0,-0.197708,-0.154108,-0.0011519999999999864,,,
NIFTY,2026-08-05,15:05,C_BOTH_MOVED_TOGETHER,-1,LIVE,-10.900000000001455,-9.846949000002496,-3.229814,3.393117,-0.220682,-69680.0,-47775.0,193700.0,-21450.0,0.039285,-0.013818,0.008291999999999994,,,
NIFTY,2026-08-05,15:07,C_BOTH_MOVED_TOGETHER,1,LIVE,17.850000000002183,15.513867000001483,3.5395,-6.579774,0.427849,-49010.0,-9165.0,140595.0,219375.0,-0.239963,-0.163586,0.06674200000000001,,,
NIFTY,2026-08-05,15:13,C_BOTH_MOVED_TOGETHER,1,LIVE,10.399999999997817,5.778027000000293,1.176677,-2.844259,0.563915,-264160.0,-59215.0,214955.0,153920.0,-0.287899,0.002568,0.102514,,,
NIFTY,2026-08-05,15:14,C_BOTH_MOVED_TOGETHER,1,LIVE,15.0,16.471035999999003,4.860267,-6.533381,0.802001,-127920.0,-35555.0,1075165.0,255385.0,-0.032397,-0.088645,0.054951,,,
NIFTY,2026-08-05,15:15,C_BOTH_MOVED_TOGETHER,1,LIVE,9.150000000001455,14.51059499999974,4.355573,-7.069901,0.78136,-251810.0,-10010.0,314210.0,132665.0,0.111337,-0.453452,-0.10824700000000001,,,
NIFTY,2026-08-05,15:16,D_UNDERLYING_STALE_OPTIONS_MOVED,-1,STALE,,-30.868447000000742,-9.102544,13.452454,0.152473,-727155.0,-84630.0,696605.0,816790.0,-1.099782,1.315727,0.09187399999999998,15:29,54.45000000000073,False
NIFTY,2026-08-05,15:21,D_UNDERLYING_STALE_OPTIONS_MOVED,1,STALE,,5.406490999997914,0.697991,-2.957928,0.309325,-59930.0,9555.0,-166660.0,-210015.0,0.08278,-0.307985,-0.03522800000000001,15:29,54.45000000000073,True
NIFTY,2026-08-05,15:25,D_UNDERLYING_STALE_OPTIONS_MOVED,-1,STALE,,-9.41511299999911,-2.598073,4.420704,-0.572124,35685.0,69810.0,222690.0,310180.0,-0.26085,0.480723,0.042673000000000016,15:29,54.45000000000073,False
NIFTY,2026-08-05,15:27,D_UNDERLYING_STALE_OPTIONS_MOVED,1,STALE,,10.974618000000191,3.035201,-4.820549,-0.114853,-47060.0,-178165.0,149370.0,49595.0,0.317105,-0.522825,0.170075,15:29,54.45000000000073,True
SENSEX,2026-08-05,15:01,C_BOTH_MOVED_TOGETHER,-1,LIVE,-17.25,-18.922140999988187,-2.091282,3.89175,-0.461284,0.0,0.0,-120740.0,-101760.0,0.056093,0.233112,-0.02343099999999998,,,
SENSEX,2026-08-05,15:02,B_OPTIONS_MOVED_FIRST,1,LIVE,6.459999999991851,43.752833999998984,6.295176,-6.990778,-0.525476,-53340.0,-20500.0,5960.0,-14660.0,0.832142,-1.228041,-0.02533200000000002,15:03,28.99000000000524,True
SENSEX,2026-08-05,15:03,E_INCONCLUSIVE,,LIVE,28.99000000000524,14.3278100000025,2.340476,-2.070424,0.615106,0.0,0.0,167540.0,15960.0,-0.352217,0.499706,0.08801300000000001,,,
SENSEX,2026-08-05,15:04,E_INCONCLUSIVE,,LIVE,15.889999999999418,10.080271999991965,0.16225,-2.933075,0.640396,0.0,0.0,-77440.0,-14120.0,-0.241565,-0.123648,-0.015903,,,
SENSEX,2026-08-05,15:05,C_BOTH_MOVED_TOGETHER,-1,LIVE,-31.270000000004075,-34.84465299999283,-5.06788,6.45755,-0.362051,-10240.0,-12420.0,-86500.0,-21220.0,-0.26884,0.309161,0.063577,,,
SENSEX,2026-08-05,15:07,C_BOTH_MOVED_TOGETHER,1,LIVE,42.19999999999709,48.2320699999982,6.233892,-8.581713,0.416338,-97980.0,-36640.0,19780.0,1580.0,-0.082131,-0.411035,-0.015124000000000026,,,
SENSEX,2026-08-05,15:08,C_BOTH_MOVED_TOGETHER,1,LIVE,21.30999999999767,40.6234989999939,4.792051,-7.551579,0.640173,0.0,0.0,32840.0,8320.0,0.256835,-0.888702,0.05945600000000001,,,
SENSEX,2026-08-05,15:09,C_BOTH_MOVED_TOGETHER,-1,LIVE,-28.539999999993597,-41.89031799999066,-5.543478,7.694283,0.655891,0.0,0.0,-106580.0,-104460.0,-0.263404,0.369737,-0.102601,,,
SENSEX,2026-08-05,15:10,E_INCONCLUSIVE,,LIVE,15.209999999991851,11.2374659999914,2.462601,-1.064929,0.347849,-71200.0,-41200.0,-301440.0,-105840.0,-0.053552,0.294936,-0.04971800000000001,,,
SENSEX,2026-08-05,15:11,E_INCONCLUSIVE,,LIVE,-22.569999999992433,8.1597299999994,0.711291,-2.160816,-0.540538,0.0,0.0,18280.0,62940.0,0.936308,-1.066175,0.013812000000000019,,,
SENSEX,2026-08-05,15:13,C_BOTH_MOVED_TOGETHER,1,LIVE,26.130000000004657,38.67366000000038,5.217317,-6.785664,0.553265,-88980.0,-13240.0,137080.0,73340.0,0.237928,-0.601038,0.027258999999999978,,,
SENSEX,2026-08-05,15:14,C_BOTH_MOVED_TOGETHER,1,LIVE,44.14999999999418,63.61373199999798,8.302224,-11.155015,0.736495,0.0,0.0,124580.0,12820.0,0.215991,-0.378802,-0.007408999999999999,,,
SENSEX,2026-08-05,15:15,C_BOTH_MOVED_TOGETHER,1,LIVE,31.560000000012224,54.13468200000352,4.208608,-13.645238,0.808819,0.0,0.0,138360.0,44520.0,-0.024124,-1.622402,0.03167800000000004,,,
SENSEX,2026-08-05,15:16,D_UNDERLYING_STALE_OPTIONS_MOVED,-1,STALE,,-168.60829899999953,-19.797768,40.610778,-0.552998,-364640.0,-103000.0,526500.0,493260.0,-4.366863,4.698115,0.36007799999999995,15:30,79.14999999999418,False
SENSEX,2026-08-05,15:17,D_UNDERLYING_STALE_OPTIONS_MOVED,1,STALE,,70.48079199998756,13.434853,-10.408816,-0.449576,0.0,0.0,-322920.0,-263240.0,2.056726,-2.059931,-0.21578699999999995,15:30,79.14999999999418,True
SENSEX,2026-08-05,15:18,D_UNDERLYING_STALE_OPTIONS_MOVED,-1,STALE,,-24.422313999995822,-5.56041,2.539481,-0.458646,360.0,-23140.0,-408080.0,-110300.0,-0.992746,0.503673,-0.10745199999999999,15:30,79.14999999999418,False
SENSEX,2026-08-05,15:21,D_UNDERLYING_STALE_OPTIONS_MOVED,1,STALE,,35.845091999988654,4.396085,-7.764048,0.462374,3720.0,5780.0,-147440.0,26220.0,0.639577,-1.538995,0.07046799999999998,15:30,79.14999999999418,True
SENSEX,2026-08-05,15:22,D_UNDERLYING_STALE_OPTIONS_MOVED,-1,STALE,,-20.961539999989327,-3.742152,3.538928,0.341088,0.0,0.0,8320.0,-55580.0,-0.604351,0.587013,-0.0024230000000000085,15:30,79.14999999999418,False
SENSEX,2026-08-05,15:23,D_UNDERLYING_STALE_OPTIONS_MOVED,-1,STALE,,-17.61872100000619,-2.870064,3.059896,-0.055709,0.0,0.0,-64780.0,-32260.0,-0.439846,0.463211,-0.16777499999999998,15:30,79.14999999999418,False
SENSEX,2026-08-05,15:25,D_UNDERLYING_STALE_OPTIONS_MOVED,-1,STALE,,-43.5259389999992,-7.244373,7.705831,-0.529518,0.0,0.0,53460.0,4460.0,-1.283708,1.09533,-0.030766000000000016,15:30,79.14999999999418,False
SENSEX,2026-08-05,15:26,D_UNDERLYING_STALE_OPTIONS_MOVED,-1,STALE,,-16.958199000000604,-4.281928,1.87704,-0.59664,8980.0,5280.0,-52660.0,70900.0,-0.727634,0.24547,-0.03709599999999996,15:30,79.14999999999418,False
SENSEX,2026-08-05,15:27,D_UNDERLYING_STALE_OPTIONS_MOVED,1,STALE,,68.48476300000038,15.222074,-10.527879,0.385384,0.0,0.0,-10500.0,-5180.0,2.09681,-1.989991,0.11531399999999997,15:30,79.14999999999418,True
SENSEX,2026-08-05,15:29,D_UNDERLYING_STALE_OPTIONS_MOVED,-1,STALE,,-15.075968999997713,-3.879659,2.3055,0.44758,-11960.0,-16740.0,-9380.0,-1820.0,-0.5951,0.345547,0.012324000000000002,15:30,79.14999999999418,False
NIFTY,2026-08-06,15:03,C_BOTH_MOVED_TOGETHER,-1,LIVE,-11.450000000000728,-10.341639999998733,-3.676851,4.814488,-0.530597,36270.0,34450.0,206375.0,317135.0,0.074855,0.003535,0.04641999999999999,,,
NIFTY,2026-08-06,15:04,E_INCONCLUSIVE,,LIVE,-6.549999999999272,2.213709999999992,0.896057,-1.011378,-0.567378,-72215.0,-57460.0,-117130.0,17550.0,0.354636,-0.341582,-0.001909999999999995,,,
NIFTY,2026-08-06,15:07,A_UNDERLYING_MOVED_FIRST,1,LIVE,5.5,4.392324999997072,1.819776,-1.631007,0.237856,84630.0,-34970.0,-74425.0,-49855.0,-0.060861,0.087967,0.042958000000000024,,,
NIFTY,2026-08-06,15:08,A_UNDERLYING_MOVED_FIRST,1,LIVE,6.150000000001455,2.17093400000158,0.925926,-0.873596,0.408163,-12480.0,-16835.0,146705.0,40755.0,-0.008267,0.026521,-0.045042000000000026,,,
NIFTY,2026-08-06,15:13,A_UNDERLYING_MOVED_FIRST,1,LIVE,8.099999999998545,4.8834269999970275,1.806205,-2.062044,0.537807,-95355.0,-10205.0,277485.0,156910.0,-0.01715,0.03775,-0.046269000000000005,,,
NIFTY,2026-08-06,15:14,A_UNDERLYING_MOVED_FIRST,-1,LIVE,-6.650000000001455,0.740843000003224,0.876644,-0.409912,0.499223,-119925.0,-41860.0,-183950.0,-81380.0,0.238411,-0.222375,-0.167343,,,
NIFTY,2026-08-06,15:17,D_UNDERLYING_STALE_OPTIONS_MOVED,1,STALE,,5.108495000000403,0.289256,-3.735798,0.474809,-155415.0,-83655.0,-7150.0,-51805.0,0.052144,-0.397734,-0.0007149999999999934,15:29,8.049999999999272,True
NIFTY,2026-08-06,15:20,D_UNDERLYING_STALE_OPTIONS_MOVED,-1,STALE,,-11.341491999999562,-2.73888,5.724893,-0.430261,-44005.0,-16250.0,148330.0,111930.0,-0.302008,0.590906,-0.03770699999999999,15:29,8.049999999999272,False
NIFTY,2026-08-06,15:21,D_UNDERLYING_STALE_OPTIONS_MOVED,1,STALE,,6.029083999997965,1.397417,-2.679726,-0.391653,-88725.0,-74100.0,23985.0,-37505.0,0.146063,-0.299047,0.165299,15:29,8.049999999999272,True
NIFTY,2026-08-06,15:26,D_UNDERLYING_STALE_OPTIONS_MOVED,-1,STALE,,-6.554764000000432,-2.736886,2.368932,-0.536995,-84305.0,-62270.0,241410.0,52325.0,-0.285085,0.240167,0.08877,15:29,8.049999999999272,False
SENSEX,2026-08-06,15:01,C_BOTH_MOVED_TOGETHER,1,LIVE,31.270000000004075,61.48551199999929,7.646194,-17.891886,0.734183,0.0,0.0,806560.0,1139020.0,0.048655,-3.566663,0.153658,,,
SENSEX,2026-08-06,15:03,C_BOTH_MOVED_TOGETHER,-1,LIVE,-44.310000000012224,-80.08922799999709,-17.694172,16.978642,-0.499556,0.0,0.0,309740.0,273500.0,-2.357437,1.967627,-0.069135,,,
SENSEX,2026-08-06,15:04,E_INCONCLUSIVE,,LIVE,-44.83999999999651,31.434411000009277,12.868118,-1.41553,-0.772984,0.0,0.0,674080.0,697720.0,5.661082,-3.575119,-0.13679999999999998,,,
SENSEX,2026-08-06,15:05,C_BOTH_MOVED_TOGETHER,1,LIVE,25.720000000001164,21.71129099999962,4.77595,-4.89023,-0.630986,160100.0,21180.0,-253540.0,-661820.0,-0.242016,0.237141,0.06186000000000001,,,
SENSEX,2026-08-06,15:07,E_INCONCLUSIVE,,LIVE,20.60000000000582,12.3353630000056,1.546949,-3.287584,0.578869,-32480.0,-165500.0,-8840.0,-114360.0,-0.586924,0.406499,-0.02592,,,
SENSEX,2026-08-06,15:09,A_UNDERLYING_MOVED_FIRST,1,LIVE,25.279999999998836,13.785808999993606,-2.82809,-9.322215,0.451915,0.0,0.0,337240.0,531500.0,-2.272482,-1.102485,-0.058620000000000005,,,
SENSEX,2026-08-06,15:10,A_UNDERLYING_MOVED_FIRST,-1,LIVE,-33.38000000000466,0.2582360000087647,2.169174,2.900259,0.32561,-125460.0,-33580.0,-529160.0,-487200.0,2.616322,-1.264211,0.017634999999999984,,,
SENSEX,2026-08-06,15:12,A_UNDERLYING_MOVED_FIRST,-1,LIVE,-19.370000000009895,7.859992999990936,4.474915,2.682871,0.139576,0.0,0.0,109180.0,-39920.0,2.296572,-0.153439,0.09445500000000001,,,
SENSEX,2026-08-06,15:13,C_BOTH_MOVED_TOGETHER,1,LIVE,32.18000000000757,62.683705999996164,18.546748,-9.203132,0.618607,6220.0,-37260.0,123720.0,90400.0,3.165648,-1.162555,0.035519999999999996,,,
SENSEX,2026-08-06,15:14,E_INCONCLUSIVE,,LIVE,-15.419999999998254,2.3862040000094566,2.1003,-0.121753,0.466601,0.0,0.0,-273780.0,-84720.0,1.539227,-1.431591,-0.09013499999999999,,,
SENSEX,2026-08-06,15:17,D_UNDERLYING_STALE_OPTIONS_MOVED,1,STALE,,69.63359499999206,4.193716,-20.250539,0.509942,0.0,0.0,212820.0,342780.0,1.118348,-8.954093,0.10537600000000003,15:30,169.13999999999942,True
SENSEX,2026-08-06,15:18,D_UNDERLYING_STALE_OPTIONS_MOVED,1,STALE,,61.53450999999768,10.018692,-18.370956,0.65773,-31500.0,79480.0,268240.0,242940.0,2.513364,,0.011263000000000023,15:30,169.13999999999942,True
SENSEX,2026-08-06,15:19,D_UNDERLYING_STALE_OPTIONS_MOVED,-1,STALE,,-17.214217000000644,-4.23604,5.021027,0.541005,0.0,0.0,-323780.0,-344280.0,-1.053617,,-0.030274999999999996,15:30,169.13999999999942,False
SENSEX,2026-08-06,15:20,D_UNDERLYING_STALE_OPTIONS_MOVED,-1,STALE,,-49.465995999998995,-15.209935,9.307123,-0.360266,0.0,0.0,176720.0,-13580.0,-4.03133,,0.23103600000000002,15:30,169.13999999999942,False
SENSEX,2026-08-06,15:21,D_UNDERLYING_STALE_OPTIONS_MOVED,-1,STALE,,-38.414179999992484,-17.684585,-2.402932,-0.66728,156440.0,-300.0,831040.0,504760.0,-5.426115,-0.638798,-0.10307100000000002,15:30,169.13999999999942,False
SENSEX,2026-08-06,15:22,D_UNDERLYING_STALE_OPTIONS_MOVED,1,STALE,,100.40891699999338,32.159971,-28.460614,0.234738,0.0,0.0,-386340.0,156340.0,5.801345,,-0.008653000000000022,15:30,169.13999999999942,True
SENSEX,2026-08-06,15:23,D_UNDERLYING_STALE_OPTIONS_MOVED,1,STALE,,119.53498000001127,27.652546,-39.822181,0.634872,0.0,0.0,-381380.0,-15940.0,4.776481,,-0.017440999999999984,15:30,169.13999999999942,True
SENSEX,2026-08-06,15:24,D_UNDERLYING_STALE_OPTIONS_MOVED,1,STALE,,100.05970799998613,41.874286,-32.657087,0.802367,-62660.0,19200.0,607380.0,421900.0,6.694656,,0.09107799999999994,15:30,169.13999999999942,True
SENSEX,2026-08-06,15:25,D_UNDERLYING_STALE_OPTIONS_MOVED,-1,STALE,,-188.86477299999387,-46.235538,83.1508,0.472297,0.0,0.0,-516900.0,276640.0,-17.188938,,-0.25870499999999996,15:30,169.13999999999942,False
SENSEX,2026-08-06,15:28,D_UNDERLYING_STALE_OPTIONS_MOVED,-1,STALE,,-76.51530499999353,-30.70745,31.113924,-0.67388,0.0,0.0,273160.0,-25980.0,-5.921676,,0.026009999999999978,15:30,169.13999999999942,False
SENSEX,2026-08-06,15:29,D_UNDERLYING_STALE_OPTIONS_MOVED,-1,STALE,,-21.29025499999989,-68.606658,-35.856343,-0.402764,234040.0,-20480.0,1973280.0,237500.0,-10.326063,,-0.16985599999999995,15:30,169.13999999999942,False
NIFTY,2026-08-07,15:07,A_UNDERLYING_MOVED_FIRST,1,LIVE,5.25,2.981788000000961,1.241218,-1.888021,0.39335,-111150.0,-24245.0,181935.0,569920.0,-0.110844,0.094991,-0.04856099999999999,,,
NIFTY,2026-08-07,15:10,A_UNDERLYING_MOVED_FIRST,1,LIVE,9.44999999999709,4.738883000001806,2.874743,-2.382003,0.531131,-345605.0,-3445.0,-55640.0,106665.0,-0.039086,0.100325,-0.003825999999999996,,,
NIFTY,2026-08-07,15:13,B_OPTIONS_MOVED_FIRST,1,LIVE,-1.4499999999970896,6.288735000001907,1.157964,-4.511971,0.497953,-140400.0,31785.0,-434395.0,-99515.0,0.14498,-0.510559,0.12808899999999998,15:14,0.3999999999978172,
NIFTY,2026-08-07,15:15,B_OPTIONS_MOVED_FIRST,1,LIVE,-3.0499999999992724,5.377940000002127,1.245629,-3.665169,0.480163,-220545.0,-79950.0,584805.0,398385.0,0.269221,-0.523699,0.127355,15:30,13.650000000001455,True
NIFTY,2026-08-07,15:17,D_UNDERLYING_STALE_OPTIONS_MOVED,-1,STALE,,-6.746972999997524,-2.139495,3.775913,-0.008488,-141830.0,-4160.0,587600.0,86515.0,-0.259353,0.365448,0.005612999999999979,15:30,13.650000000001455,False
NIFTY,2026-08-07,15:19,D_UNDERLYING_STALE_OPTIONS_MOVED,-1,STALE,,-7.436301000001549,-3.806768,3.165604,-0.446033,-84240.0,-65715.0,-103545.0,-20150.0,-0.425269,0.322836,0.05685699999999999,15:30,13.650000000001455,False
NIFTY,2026-08-07,15:20,D_UNDERLYING_STALE_OPTIONS_MOVED,1,STALE,,5.328363000000536,2.800278,-2.08381,-0.328772,-168805.0,-176540.0,-74425.0,187915.0,0.290127,-0.208012,-0.05385000000000001,15:30,13.650000000001455,True
NIFTY,2026-08-07,15:23,D_UNDERLYING_STALE_OPTIONS_MOVED,1,STALE,,5.424322000002576,1.305244,-2.898887,0.201417,-190905.0,-127465.0,-194025.0,29445.0,0.138571,-0.326618,0.04225799999999999,15:30,13.650000000001455,True
SENSEX,2026-08-07,15:10,C_BOTH_MOVED_TOGETHER,1,LIVE,33.7899999999936,25.245644000009634,2.271867,-2.660712,0.686828,-15300.0,-1020.0,12620.0,5340.0,-0.019348,-0.046233,0.00012200000000001099,,,
SENSEX,2026-08-07,15:13,B_OPTIONS_MOVED_FIRST,1,LIVE,3.680000000007567,26.340788999994402,1.709357,-3.39,0.551193,-27720.0,-7880.0,2880.0,-1800.0,0.210332,-0.443173,0.02872799999999999,15:14,-10.660000000003492,
SENSEX,2026-08-07,15:15,B_OPTIONS_MOVED_FIRST,1,LIVE,-4.460000000006403,37.47768300000462,1.953946,-6.201471,0.575569,0.0,0.0,300.0,-580.0,0.249128,-0.802931,-0.013795000000000002,15:29,7.9100000000034925,
SENSEX,2026-08-07,15:17,D_UNDERLYING_STALE_OPTIONS_MOVED,-1,STALE,,-17.508374000011827,-1.987253,1.444102,0.270522,0.0,0.0,6220.0,-17680.0,-0.236203,0.197298,0.106268,15:29,7.9100000000034925,
SENSEX,2026-08-07,15:24,D_UNDERLYING_STALE_OPTIONS_MOVED,1,STALE,,17.21470299999055,1.645067,-1.932069,0.081799,-40.0,-80.0,-120.0,7400.0,0.198946,-0.266272,-0.09623999999999999,15:29,7.9100000000034925,
NIFTY,2026-08-10,15:01,A_UNDERLYING_MOVED_FIRST,-1,LIVE,-6.75,-1.9333069999993313,-2.225859,1.204427,-0.60781,-246090.0,-286325.0,-182650.0,-40105.0,0.127102,-0.411667,0.13838500000000004,,,
NIFTY,2026-08-10,15:02,A_UNDERLYING_MOVED_FIRST,-1,LIVE,-5.100000000002183,-3.142493999999715,-1.606964,2.380187,-0.724644,-242775.0,-46475.0,793520.0,1163110.0,0.199431,-0.133999,-0.13063300000000003,,,
NIFTY,2026-08-10,15:03,C_BOTH_MOVED_TOGETHER,1,LIVE,18.650000000001455,13.69637899999725,8.472269,-10.556079,0.64865,-364065.0,63505.0,184080.0,255125.0,-0.329915,0.248837,0.046790000000000026,,,
NIFTY,2026-08-10,15:08,A_UNDERLYING_MOVED_FIRST,-1,LIVE,-9.299999999999272,-3.3629430000000866,-1.534607,2.821748,-0.199238,-136045.0,-570180.0,-852605.0,-1075815.0,0.70734,-0.66171,-0.06068499999999999,,,
NIFTY,2026-08-10,15:10,C_BOTH_MOVED_TOGETHER,-1,LIVE,-6.799999999999272,-6.621959000000061,-3.116147,5.652026,-0.631187,-188435.0,-236730.0,752700.0,541255.0,0.102734,0.027485,-0.054852999999999985,,,
NIFTY,2026-08-10,15:15,B_OPTIONS_MOVED_FIRST,1,LIVE,3.150000000001455,6.512069000000338,2.652934,-4.941176,0.636638,-229125.0,-317330.0,591110.0,107640.0,0.280806,-0.50563,0.05435599999999999,15:30,23.649999999997817,True
NIFTY,2026-08-10,15:16,D_UNDERLYING_STALE_OPTIONS_MOVED,-1,STALE,,-9.185975000000326,-7.114625,4.738331,-0.303684,-602420.0,-326690.0,959920.0,380705.0,-1.025293,0.584415,0.02328800000000003,15:30,23.649999999997817,False
SENSEX,2026-08-10,15:02,A_UNDERLYING_MOVED_FIRST,-1,LIVE,-28.29999999998836,-11.410195999997086,-1.553109,1.169591,-0.544287,-10500.0,-12480.0,20860.0,15940.0,0.177207,-0.278745,-0.105609,,,
SENSEX,2026-08-10,15:03,C_BOTH_MOVED_TOGETHER,1,LIVE,59.84999999999127,44.415932999996585,4.872358,-5.837795,0.586106,0.0,0.0,-3080.0,9860.0,-0.196547,0.166955,0.03416099999999998,,,
SENSEX,2026-08-10,15:08,A_UNDERLYING_MOVED_FIRST,-1,LIVE,-27.24000000000524,-8.315321999994921,-1.129944,0.853222,-0.196575,0.0,0.0,-19880.0,-5040.0,0.310453,-0.433576,0.080451,,,
SENSEX,2026-08-10,15:10,A_UNDERLYING_MOVED_FIRST,-1,LIVE,-24.779999999998836,-9.21530999999959,-0.306688,1.727721,-0.437195,-6660.0,-4580.0,-1000.0,2480.0,0.329278,-0.262461,-0.117134,,,
SENSEX,2026-08-10,15:13,B_OPTIONS_MOVED_FIRST,1,LIVE,2.6699999999982538,15.245183000006364,1.774267,-1.975755,0.449659,-9540.0,-2600.0,11520.0,3040.0,0.216491,-0.156511,-0.15699000000000002,15:14,7.419999999998254,
SENSEX,2026-08-10,15:15,C_BOTH_MOVED_TOGETHER,1,LIVE,23.05000000000291,16.973964999997406,1.323548,-2.732505,0.596452,0.0,0.0,-9800.0,4680.0,0.028525,-0.207696,-0.064858,,,
SENSEX,2026-08-10,15:16,D_UNDERLYING_STALE_OPTIONS_MOVED,-1,STALE,,-28.615210999996634,-3.671145,3.376106,0.056415,-13980.0,-4820.0,3060.0,3220.0,-0.489413,0.481017,0.14752200000000001,15:29,63.779999999998836,False
NIFTY,2026-08-11,15:05,A_UNDERLYING_MOVED_FIRST,1,LIVE,9.549999999999272,-4.597433000002638,-0.557621,12.847966,-0.292824,-367250.0,89375.0,599430.0,2746640.0,-1.827202,,0.0020850000000000035,,,
NIFTY,2026-08-11,15:06,C_BOTH_MOVED_TOGETHER,-1,LIVE,-16.799999999999272,-7.446506999996927,-21.214953,4.364326,-0.665446,-510575.0,-617565.0,10008245.0,3918980.0,0.123276,,-0.136584,,,
NIFTY,2026-08-11,15:07,E_INCONCLUSIVE,,LIVE,5.700000000000728,2.802745999997569,6.761566,-5.212121,-0.536859,12935.0,-259675.0,-11080095.0,-5344755.0,-0.367584,,0.20719600000000002,,,
NIFTY,2026-08-11,15:08,C_BOTH_MOVED_TOGETHER,-1,LIVE,-6.599999999998545,-9.958913999998913,-19.555096,5.510535,-0.672123,-653445.0,84630.0,2925845.0,1828125.0,-2.282641,-0.73476,-0.31582699999999997,,,
NIFTY,2026-08-11,15:10,B_OPTIONS_MOVED_FIRST,-1,LIVE,-4.150000000001455,-5.6849160000019765,-8.093842,11.037891,-0.708843,46540.0,-370695.0,-1828580.0,-3378895.0,-0.734176,0.106212,-0.180483,15:11,-4.200000000000728,
NIFTY,2026-08-11,15:13,C_BOTH_MOVED_TOGETHER,1,LIVE,10.049999999999272,9.403345999999146,22.418879,-14.733542,0.642493,-183170.0,-67795.0,3639545.0,2891005.0,0.159743,,-0.108043,,,
NIFTY,2026-08-11,15:14,C_BOTH_MOVED_TOGETHER,-1,LIVE,-6.69999999999709,-8.634686999997939,-22.409639,12.647059,0.507585,184990.0,166205.0,125840.0,-2485470.0,-0.999564,,0.13918999999999992,,,
NIFTY,2026-08-11,15:15,B_OPTIONS_MOVED_FIRST,1,LIVE,0.5999999999985448,6.852976999998646,20.341615,-9.5953,0.587933,-1035125.0,-352040.0,-1773330.0,-388765.0,1.301487,,-0.36305299999999996,15:30,21.450000000000728,True
NIFTY,2026-08-11,15:16,D_UNDERLYING_STALE_OPTIONS_MOVED,-1,STALE,,-15.89679999999862,-28.848224,21.166307,-0.706524,-190645.0,-773565.0,3446300.0,2465970.0,-5.330607,0.995794,0.04450700000000002,15:30,21.450000000000728,False
NIFTY,2026-08-11,15:17,D_UNDERLYING_STALE_OPTIONS_MOVED,-1,STALE,,-5.122186000000511,-12.783661,7.308378,-0.510168,-387205.0,554905.0,1906060.0,4129190.0,-1.604648,0.38395,0.21781,15:30,21.450000000000728,False
SENSEX,2026-08-11,15:02,A_UNDERLYING_MOVED_FIRST,-1,LIVE,-20.74000000000524,-10.246446000004653,-1.90111,1.580208,0.350208,-42360.0,-9560.0,-42140.0,-27560.0,0.120965,-0.233949,0.037214,,,
SENSEX,2026-08-11,15:05,C_BOTH_MOVED_TOGETHER,1,LIVE,47.80000000000291,30.83462999999756,4.284434,-5.635454,0.680635,-300.0,-6540.0,74940.0,33400.0,-0.411085,0.221714,0.150189,,,
SENSEX,2026-08-11,15:06,C_BOTH_MOVED_TOGETHER,-1,LIVE,-54.50999999999476,-26.994902999998885,-4.311489,4.464508,0.055021,0.0,0.0,-25320.0,-2540.0,0.536758,-0.538129,-0.14987799999999998,,,
SENSEX,2026-08-11,15:10,A_UNDERLYING_MOVED_FIRST,-1,LIVE,-28.529999999998836,-13.001239000004716,-1.899745,2.343687,-0.178876,-12640.0,1480.0,-11480.0,-14760.0,0.280294,-0.375704,0.10135,,,
SENSEX,2026-08-11,15:13,A_UNDERLYING_MOVED_FIRST,1,LIVE,35.080000000001746,10.782124000004842,1.497585,-2.021672,0.509037,-18420.0,4120.0,-9880.0,-6860.0,-0.407688,0.501439,0.091866,,,
SENSEX,2026-08-11,15:21,D_UNDERLYING_STALE_OPTIONS_MOVED,-1,STALE,,-19.74386499999673,-3.19221,3.369018,-0.579831,-14960.0,-22420.0,-7080.0,34120.0,-0.35805,0.466955,-0.0063249999999999695,15:29,6.029999999998836,
SENSEX,2026-08-11,15:22,D_UNDERLYING_STALE_OPTIONS_MOVED,1,STALE,,15.777539999995497,2.440304,-2.65763,-0.414844,0.0,0.0,-9140.0,-46680.0,0.272293,-0.327706,-0.09330000000000002,15:29,6.029999999998836,
NIFTY,2026-08-12,15:02,A_UNDERLYING_MOVED_FIRST,1,LIVE,7.799999999999272,0.17447600000014063,0.147555,0.246726,-0.163101,-60255.0,19760.0,-163605.0,-91325.0,-0.260789,0.353131,-0.042344999999999994,,,
NIFTY,2026-08-12,15:03,A_UNDERLYING_MOVED_FIRST,-1,LIVE,-11.5,-4.468445000002248,-2.146916,0.795153,-0.422214,35165.0,-975.0,72800.0,-8125.0,0.199655,-0.387411,0.0027709999999999957,,,
NIFTY,2026-08-12,15:05,B_OPTIONS_MOVED_FIRST,-1,LIVE,-4.299999999999272,-8.525402999999642,-3.842851,3.804451,-0.612471,-1560.0,9295.0,193050.0,53885.0,-0.145666,0.150605,-0.03779000000000002,15:06,-1.2999999999992724,
NIFTY,2026-08-12,15:07,E_INCONCLUSIVE,,LIVE,-7.549999999999272,-1.5005110000020068,-0.769908,0.518615,-0.521008,-7800.0,-5980.0,-29380.0,-21970.0,0.193005,-0.265613,-0.13096,,,
NIFTY,2026-08-12,15:09,C_BOTH_MOVED_TOGETHER,-1,LIVE,-6.049999999999272,-5.1754929999988235,-2.239911,1.965982,-0.686971,6305.0,-126750.0,222625.0,77090.0,-0.005979,-0.059665,0.04296099999999997,,,
NIFTY,2026-08-12,15:10,C_BOTH_MOVED_TOGETHER,1,LIVE,9.950000000000728,11.513597999997728,5.647223,-3.79071,0.149034,-65975.0,-25480.0,8580.0,-39325.0,0.138402,-0.018852,-0.08912199999999998,,,
NIFTY,2026-08-12,15:11,C_BOTH_MOVED_TOGETHER,1,LIVE,12.44999999999709,8.688967000001867,3.211615,-3.625601,0.633433,-40170.0,10270.0,44525.0,47840.0,-0.140703,0.253049,-0.005476000000000009,,,
NIFTY,2026-08-12,15:15,A_UNDERLYING_MOVED_FIRST,-1,LIVE,-7.849999999998545,1.4635060000000522,-0.731758,-1.64255,0.19219,-35295.0,-53950.0,-31460.0,-30030.0,0.207448,-0.446308,-0.041198,,,
SENSEX,2026-08-12,15:02,E_INCONCLUSIVE,,LIVE,18.55999999999767,-15.856168999991496,-3.695857,3.928333,-0.544578,-39260.0,36500.0,113020.0,191720.0,-0.990815,1.067168,-0.139436,,,
SENSEX,2026-08-12,15:03,C_BOTH_MOVED_TOGETHER,-1,LIVE,-35.65000000000873,-17.079062000004342,-5.732095,2.484206,-0.684941,0.0,0.0,10640.0,3380.0,0.301561,-0.817724,0.18448399999999998,,,
SENSEX,2026-08-12,15:04,B_OPTIONS_MOVED_FIRST,1,LIVE,1.5500000000029104,19.577760000000126,3.578374,-5.610699,-0.571495,0.0,0.0,-242420.0,11400.0,0.385731,-0.715454,-0.10819999999999999,15:05,-3.709999999991851,
SENSEX,2026-08-12,15:05,B_OPTIONS_MOVED_FIRST,-1,LIVE,-3.709999999991851,-37.64291700000467,-8.832839,8.670762,-0.612712,69120.0,-10300.0,1640.0,-199940.0,-1.16206,0.722283,0.200314,15:06,-13.230000000010477,
SENSEX,2026-08-12,15:06,B_OPTIONS_MOVED_FIRST,1,LIVE,-13.230000000010477,24.59405300000799,6.657401,-4.94359,0.130386,0.0,0.0,-147260.0,2580.0,1.005791,-1.114509,-0.012741999999999976,15:07,-4.769999999989523,
SENSEX,2026-08-12,15:09,A_UNDERLYING_MOVED_FIRST,-1,LIVE,-26.889999999999418,-5.654198000003817,-2.213406,-1.366591,-0.552317,0.0,0.0,37220.0,45340.0,0.412927,-0.863049,0.017106999999999983,,,
SENSEX,2026-08-12,15:10,C_BOTH_MOVED_TOGETHER,1,LIVE,34.76000000000931,22.90548200000194,5.318867,-4.995888,0.590415,-73120.0,-23800.0,332620.0,104180.0,-0.231965,0.653355,-0.0049899999999999944,,,
SENSEX,2026-08-12,15:11,C_BOTH_MOVED_TOGETHER,1,LIVE,31.279999999998836,35.520765000008396,9.572864,-7.06557,0.716604,0.0,0.0,2540.0,89700.0,0.469583,0.105736,-0.06781199999999998,,,
SENSEX,2026-08-12,15:12,E_INCONCLUSIVE,,LIVE,29.479999999995925,-4.1874600000010105,-0.573263,1.595063,0.754018,0.0,0.0,-54960.0,-69200.0,-0.932629,1.196894,0.047183,,,
SENSEX,2026-08-12,15:14,A_UNDERLYING_MOVED_FIRST,-1,LIVE,-16.610000000000582,-5.719343999997363,-2.561144,-0.148588,-0.37919,0.0,0.0,35680.0,27320.0,-0.042602,-0.325178,-0.041295,,,
NIFTY,2026-08-13,15:01,A_UNDERLYING_MOVED_FIRST,1,LIVE,6.799999999999272,4.338642999999138,2.1981,-1.837329,0.034306,-26065.0,-31135.0,-61880.0,-123890.0,-0.017612,0.118425,0.04960500000000001,,,
NIFTY,2026-08-13,15:02,C_BOTH_MOVED_TOGETHER,1,LIVE,6.049999999999272,5.392361999998684,2.52257,-2.967359,0.487519,-26715.0,-325.0,12610.0,-23725.0,-0.129282,0.189737,0.046573,,,
NIFTY,2026-08-13,15:05,A_UNDERLYING_MOVED_FIRST,-1,LIVE,-5.049999999999272,-1.3647190000010596,-0.521105,0.948767,-0.132685,5070.0,-4680.0,-55640.0,-60125.0,0.140474,-0.074993,0.105313,,,
NIFTY,2026-08-13,15:08,A_UNDERLYING_MOVED_FIRST,1,LIVE,9.849999999998545,3.463729000002786,2.009646,-1.651584,-0.213437,-3900.0,-11310.0,13910.0,-10595.0,-0.105165,0.324549,-0.056758,,,
NIFTY,2026-08-13,15:09,A_UNDERLYING_MOVED_FIRST,-1,LIVE,-9.44999999999709,-0.6130929999999353,0.472813,0.161031,0.029103,-2860.0,-18135.0,105560.0,56615.0,0.312507,-0.446894,0.10383400000000001,,,
NIFTY,2026-08-13,15:11,A_UNDERLYING_MOVED_FIRST,1,LIVE,8.149999999997817,1.1726329999983136,0.870712,-0.158622,-0.120871,-12740.0,-3835.0,-28275.0,-520.0,-0.261834,0.440163,-0.158767,,,
NIFTY,2026-08-13,15:12,A_UNDERLYING_MOVED_FIRST,-1,LIVE,-6.200000000000728,1.6549489999997604,0.810882,-1.066727,0.165505,-2665.0,-8970.0,7800.0,-3640.0,0.278928,-0.345253,0.155262,,,
NIFTY,2026-08-13,15:13,A_UNDERLYING_MOVED_FIRST,1,LIVE,9.5,3.217251000001852,0.518941,-2.43175,0.60177,-36465.0,-3575.0,70525.0,44655.0,-0.286599,0.266298,-0.0010720000000000174,,,
NIFTY,2026-08-13,15:15,A_UNDERLYING_MOVED_FIRST,-1,LIVE,-5.950000000000728,-1.8341639999998733,-1.33436,0.86489,0.207857,-150670.0,-22165.0,-30095.0,81185.0,0.220079,-0.394969,-0.204592,,,
SENSEX,2026-08-13,15:01,C_BOTH_MOVED_TOGETHER,1,LIVE,27.639999999999418,31.156343999988167,27.889447,-21.393548,0.390456,0.0,0.0,-136700.0,-324780.0,0.701013,,0.19192200000000004,,,
SENSEX,2026-08-13,15:02,C_BOTH_MOVED_TOGETHER,1,LIVE,44.9600000000064,18.635030000004917,13.634578,-14.740643,0.793559,226980.0,41340.0,706300.0,1057360.0,-1.137206,3.040756,-0.11630200000000002,,,
SENSEX,2026-08-13,15:03,C_BOTH_MOVED_TOGETHER,-1,LIVE,-52.169999999998254,-40.86265799999819,-35.892116,25.953023,0.395134,0.0,0.0,2621220.0,2300720.0,-0.86175,-2.55196,0.154874,,,
SENSEX,2026-08-13,15:04,E_INCONCLUSIVE,,LIVE,38.83999999999651,9.10764200000267,2.31931,-10.883522,-0.223867,0.0,0.0,-1953780.0,-1464200.0,-1.597364,2.829466,-0.11521000000000003,,,
SENSEX,2026-08-13,15:05,E_INCONCLUSIVE,,LIVE,-18.820000000006985,14.610883000001195,15.761729,-7.101201,-0.578665,-113060.0,-86030.0,-1239500.0,-1702860.0,1.907266,-2.757828,-0.13413999999999998,,,
SENSEX,2026-08-13,15:06,A_UNDERLYING_MOVED_FIRST,-1,LIVE,-27.25999999999476,11.107815999988816,11.657559,-9.01034,0.628909,0.0,0.0,1017140.0,947860.0,2.153364,,-0.019017000000000006,,,
SENSEX,2026-08-13,15:07,B_OPTIONS_MOVED_FIRST,-1,LIVE,5.690000000002328,-23.165897999992012,-23.409462,14.975649,0.049128,-76460.0,242590.0,-385780.0,-943480.0,-2.141566,,0.04986099999999999,15:08,37.95999999999185,False
SENSEX,2026-08-13,15:08,E_INCONCLUSIVE,,LIVE,37.95999999999185,-9.612856000007014,0.319489,13.201553,-0.385216,0.0,0.0,-1049220.0,215940.0,-2.071603,,-0.0006789999999999852,,,
SENSEX,2026-08-13,15:09,E_INCONCLUSIVE,,LIVE,-72.14999999999418,18.4825070000079,5.360934,-18.334892,-0.714025,0.0,0.0,1113580.0,1579580.0,4.00262,,0.089953,,,
SENSEX,2026-08-13,15:10,E_INCONCLUSIVE,,LIVE,55.2899999999936,-8.014328000004753,-6.297229,6.032837,0.403023,18620.0,-123380.0,-1167420.0,-1776740.0,-2.913785,,-0.08721300000000001,,,
SENSEX,2026-08-13,15:11,B_OPTIONS_MOVED_FIRST,-1,LIVE,3.2600000000093132,-17.566540999992867,-1.182796,22.218221,-0.665194,0.0,0.0,152700.0,491240.0,-0.17821,2.696218,0.002573999999999993,15:12,-7.730000000010477,
SENSEX,2026-08-13,15:13,E_INCONCLUSIVE,,LIVE,18.029999999998836,3.110932000010507,0.367261,1.271754,0.03581,-120140.0,-183040.0,-835080.0,-1009340.0,-0.790009,2.041873,0.10377900000000001,,,
SENSEX,2026-08-13,15:20,D_UNDERLYING_STALE_OPTIONS_MOVED,-1,STALE,,-26.116022000001976,-20.006538,41.321499,-0.71583,0.0,0.0,551180.0,2572320.0,,1.501572,0.074216,15:30,218.48000000001048,False
SENSEX,2026-08-13,15:21,D_UNDERLYING_STALE_OPTIONS_MOVED,1,STALE,,25.78476999999839,17.654271,-36.845778,-0.05629,143540.0,-292700.0,1028740.0,3826480.0,,-1.879624,-0.20025800000000002,15:30,218.48000000001048,True
SENSEX,2026-08-13,15:23,D_UNDERLYING_STALE_OPTIONS_MOVED,-1,STALE,,-19.50326200001291,-19.313454,44.278607,0.308629,0.0,0.0,649060.0,-1176500.0,,0.729356,-0.025845000000000007,15:30,218.48000000001048,False
NIFTY,2026-08-14,15:14,A_UNDERLYING_MOVED_FIRST,-1,LIVE,-12.399999999997817,-3.3540739999989455,-1.933514,2.195186,-0.156218,-216970.0,-33150.0,-123045.0,54990.0,0.361108,-0.636817,-0.063829,,,
NIFTY,2026-08-14,15:19,D_UNDERLYING_STALE_OPTIONS_MOVED,1,STALE,,5.25669100000232,3.601695,-2.973882,0.413708,-71305.0,-97305.0,289185.0,251420.0,0.257383,-0.315371,0.06345999999999999,15:29,11.150000000001455,True
SENSEX,2026-08-14,15:01,C_BOTH_MOVED_TOGETHER,1,LIVE,18.45999999999185,19.595461999997497,2.910818,-2.145367,-0.002519,0.0,0.0,-6180.0,-3020.0,0.065335,0.069862,-0.042455999999999994,,,
SENSEX,2026-08-14,15:02,E_INCONCLUSIVE,,LIVE,15.710000000006403,6.0417860000015935,0.77566,-0.762301,0.35387,3940.0,-4280.0,-11280.0,-8100.0,-0.113022,0.080592,0.079315,,,
SENSEX,2026-08-14,15:08,B_OPTIONS_MOVED_FIRST,1,LIVE,14.369999999995343,25.92004199999792,3.745603,-2.925224,0.608377,0.0,0.0,17160.0,25920.0,0.169953,-0.065857,-0.023758,15:09,-2.2700000000040745,
SENSEX,2026-08-14,15:19,D_UNDERLYING_STALE_OPTIONS_MOVED,1,STALE,,15.51661299999978,2.801177,-1.088951,0.310817,0.0,0.0,3580.0,2500.0,0.266884,-0.155333,-0.046306000000000014,15:30,78.14999999999418,True
NIFTY,2026-08-17,15:02,C_BOTH_MOVED_TOGETHER,1,LIVE,9.549999999999272,7.743953000001056,6.99888,-6.405817,0.279854,-34970.0,-83330.0,156650.0,-6045.0,-0.123548,0.513446,0.029071999999999987,,,
NIFTY,2026-08-17,15:03,E_INCONCLUSIVE,,LIVE,6.200000000000728,2.3893170000010286,2.721088,-2.478727,0.642643,92885.0,6695.0,296335.0,-51610.0,-0.201906,0.462306,-0.008316999999999963,,,
NIFTY,2026-08-17,15:14,A_UNDERLYING_MOVED_FIRST,-1,LIVE,-17.849999999998545,-2.6969830000016373,-2.55,2.142052,-0.606906,-220675.0,-146900.0,-284505.0,252655.0,0.437419,-0.895885,0.10785,,,
NIFTY,2026-08-17,15:29,D_UNDERLYING_STALE_OPTIONS_MOVED,-1,CLOSING_STATE_UNCERTAIN,,-12.439820999999938,-7.919255,14.790837,-0.822519,-253500.0,-860600.0,1689675.0,3156725.0,-0.927286,,0.181988,,,
SENSEX,2026-08-17,15:02,B_OPTIONS_MOVED_FIRST,1,LIVE,9.879999999990105,31.71956599999976,4.749737,-5.116857,0.493004,-1560.0,1160.0,-5760.0,-3600.0,0.468169,-0.537408,-0.010905000000000026,15:03,37.870000000009895,True
SENSEX,2026-08-17,15:03,E_INCONCLUSIVE,,LIVE,37.870000000009895,9.36966399999801,1.098901,-1.659253,0.696741,0.0,0.0,16400.0,4800.0,-0.594578,0.77684,0.03592799999999999,,,
SENSEX,2026-08-17,15:12,A_UNDERLYING_MOVED_FIRST,1,LIVE,16.85000000000582,10.710120999996434,1.184854,-2.085106,0.42577,0.0,0.0,2260.0,2840.0,-0.041908,0.09066,0.015987999999999974,,,
SENSEX,2026-08-17,15:14,A_UNDERLYING_MOVED_FIRST,-1,LIVE,-22.75,-12.854558999999426,-1.09127,2.210631,-0.386629,0.0,0.0,4560.0,15320.0,0.1189,-0.264675,-0.038038000000000016,,,
SENSEX,2026-08-17,15:15,A_UNDERLYING_MOVED_FIRST,-1,LIVE,-18.870000000009895,0.14879200000723358,0.257917,0.534629,-0.670547,0.0,0.0,73320.0,60780.0,0.449845,-0.282848,-0.057830999999999994,,,
SENSEX,2026-08-17,15:21,D_UNDERLYING_STALE_OPTIONS_MOVED,-1,STALE,,-18.525911999997334,-3.457627,2.398871,-0.448894,-4880.0,-28180.0,27460.0,26820.0,-0.41684,0.27772,0.05383099999999999,15:29,-116.26999999998952,True
SENSEX,2026-08-17,15:29,D_UNDERLYING_STALE_OPTIONS_MOVED,-1,CLOSING_STATE_UNCERTAIN,,-36.66194900000119,-4.226675,7.082722,-0.758123,-15260.0,-30600.0,98540.0,116680.0,1.319531,-1.622947,-0.091163,,,
NIFTY,2026-08-19,15:04,C_BOTH_MOVED_TOGETHER,-1,LIVE,-6.799999999999272,-5.336255000001984,-1.948504,2.820258,0.049182,-76245.0,19630.0,-281125.0,-96720.0,0.051958,0.059745,0.004609000000000002,,,
NIFTY,2026-08-19,15:06,C_BOTH_MOVED_TOGETHER,-1,LIVE,-7.349999999998545,-8.239953000000241,-3.582555,3.629507,-0.649926,-102895.0,-14560.0,224120.0,221650.0,-0.110679,0.034558,0.086563,,,
NIFTY,2026-08-19,15:15,B_OPTIONS_MOVED_FIRST,-1,LIVE,-2.100000000002183,-6.821997999999439,-2.85205,2.739411,-0.32699,-41145.0,-266565.0,310765.0,25740.0,-0.16274,0.135461,-0.157284,15:29,29.75,False
NIFTY,2026-08-19,15:19,D_UNDERLYING_STALE_OPTIONS_MOVED,1,STALE,,5.5856260000000475,2.180436,-2.844141,0.524306,-76440.0,-28145.0,216320.0,206765.0,0.223972,-0.242939,0.038301,15:29,29.75,True
NIFTY,2026-08-19,15:28,D_UNDERLYING_STALE_OPTIONS_MOVED,1,STALE,,5.017721000000165,1.375786,-3.012048,0.395496,-75270.0,-10985.0,137280.0,152295.0,0.132369,-0.243079,-0.1583,15:29,29.75,True
NIFTY,2026-08-19,15:29,D_UNDERLYING_STALE_OPTIONS_MOVED,-1,CLOSING_STATE_UNCERTAIN,,-6.136828000002424,-3.276464,2.747253,0.004019,-138515.0,-95420.0,120965.0,12805.0,-1.533525,1.393883,0.122892,15:30,29.75,False
SENSEX,2026-08-19,15:02,C_BOTH_MOVED_TOGETHER,1,LIVE,23.289999999993597,16.188978999998653,4.621027,-3.131898,0.720467,-112760.0,107400.0,325900.0,174160.0,-0.176326,0.537853,-0.197759,,,
SENSEX,2026-08-19,15:04,B_OPTIONS_MOVED_FIRST,-1,LIVE,-6.680000000007567,-15.667905000009341,-3.528037,4.259991,0.388179,0.0,0.0,-268360.0,-175600.0,-0.253414,0.194564,-0.038185000000000024,15:05,-10.19999999999709,
SENSEX,2026-08-19,15:06,C_BOTH_MOVED_TOGETHER,-1,LIVE,-27.589999999996508,-22.95346000000427,-6.25632,4.966171,-0.658487,0.0,0.0,194660.0,260720.0,0.027353,-0.354359,0.04383500000000001,,,
SENSEX,2026-08-19,15:13,A_UNDERLYING_MOVED_FIRST,1,LIVE,28.779999999998836,3.9217219999991357,0.777429,-1.118568,0.529589,-105680.0,-65160.0,-39940.0,-90380.0,-0.448742,0.569222,-0.0021280000000000188,,,
SENSEX,2026-08-19,15:15,B_OPTIONS_MOVED_FIRST,-1,LIVE,5.559999999997672,-28.808433999991394,-7.274503,7.724969,-0.562875,0.0,0.0,329400.0,41360.0,-0.971512,0.946201,-0.08423899999999998,15:30,1.6299999999901047,
NIFTY,2026-08-20,15:01,C_BOTH_MOVED_TOGETHER,-1,LIVE,-6.5,-5.665107000000717,-3.581337,3.066967,-0.595363,163670.0,-41210.0,457795.0,249340.0,-0.072125,-0.110953,0.009367999999999987,,,
NIFTY,2026-08-20,15:06,A_UNDERLYING_MOVED_FIRST,-1,LIVE,-5.149999999997817,-1.7220280000001367,-1.206399,0.485175,-0.420916,-9230.0,-88010.0,235300.0,172120.0,0.02384,-0.143003,0.213011,,,
NIFTY,2026-08-20,15:12,B_OPTIONS_MOVED_FIRST,1,LIVE,2.3000000000029104,5.785299999999552,2.759967,-3.725744,0.093012,32565.0,-79690.0,-77870.0,8710.0,0.146064,-0.191961,0.049766000000000005,15:13,6.799999999999272,True
NIFTY,2026-08-20,15:13,E_INCONCLUSIVE,,LIVE,6.799999999999272,3.303007999998954,1.275095,-2.364956,0.5024,-94445.0,-83850.0,-2860.0,-22100.0,-0.191077,0.230503,0.05084399999999997,,,
NIFTY,2026-08-20,15:15,A_UNDERLYING_MOVED_FIRST,-1,LIVE,-7.80000000000291,2.106393999998545,1.373183,-0.806668,0.302923,-28600.0,-38545.0,11635.0,71760.0,0.331176,-0.384098,0.050203,,,
SENSEX,2026-08-20,15:01,C_BOTH_MOVED_TOGETHER,-1,LIVE,-50.80999999999767,-31.665020000000368,-19.404762,27.272727,-0.756331,0.0,0.0,908720.0,1611760.0,1.993348,-1.081608,0.003734000000000015,,,
SENSEX,2026-08-20,15:03,E_INCONCLUSIVE,,LIVE,-17.779999999998836,7.583199000000604,1.89978,-10.134841,-0.646974,0.0,0.0,-642060.0,-1223880.0,1.747313,-1.984436,-0.16622499999999998,,,
SENSEX,2026-08-20,15:04,A_UNDERLYING_MOVED_FIRST,1,LIVE,23.40000000000873,-5.3913810000085505,-2.242637,5.033882,0.58392,0.0,0.0,-319740.0,-1137420.0,-1.445807,1.830285,0.05651900000000001,,,
SENSEX,2026-08-20,15:06,A_UNDERLYING_MOVED_FIRST,-1,LIVE,-16.210000000006403,-10.516900000002352,-8.713178,4.252632,-0.547436,0.0,0.0,1191720.0,3108100.0,1.026126,-0.866552,-0.03833900000000001,,,
SENSEX,2026-08-20,15:07,A_UNDERLYING_MOVED_FIRST,-1,LIVE,-41.99000000000524,-4.237508999998681,-2.105978,6.421648,-0.771815,88800.0,-888240.0,-1445260.0,-2270500.0,2.60286,-1.932427,-0.132946,,,
SENSEX,2026-08-20,15:08,A_UNDERLYING_MOVED_FIRST,1,LIVE,36.01000000000931,1.0345220000017434,-0.312283,-1.973435,-0.657906,0.0,0.0,-473700.0,-1339220.0,-2.370489,1.956587,0.070048,,,
SENSEX,2026-08-20,15:09,A_UNDERLYING_MOVED_FIRST,-1,LIVE,-15.919999999998254,6.158744000000297,2.923773,-7.975223,0.382224,0.0,0.0,608840.0,1888320.0,1.376463,-1.526913,0.12934,,,
SENSEX,2026-08-20,15:10,A_UNDERLYING_MOVED_FIRST,-1,LIVE,-30.020000000004075,-8.140935000003083,-2.705445,11.779554,-0.312153,81980.0,-622200.0,-935080.0,-1415180.0,1.589118,-0.977524,-0.268664,,,
SENSEX,2026-08-20,15:11,E_INCONCLUSIVE,,LIVE,29.360000000000582,-15.640886000008322,-12.895377,9.672563,-0.750215,0.0,0.0,1217680.0,982760.0,-2.904909,2.665713,0.24971700000000002,,,
SENSEX,2026-08-20,15:12,E_INCONCLUSIVE,,LIVE,-50.29000000000815,4.085499000007985,4.389465,0.446122,-0.703844,0.0,0.0,183900.0,71000.0,3.755886,-4.070617,-0.166329,,,
SENSEX,2026-08-20,15:13,B_OPTIONS_MOVED_FIRST,1,LIVE,9.470000000001164,20.159560000000056,17.240061,-14.793304,0.65426,-69520.0,-1167900.0,1160760.0,-46580.0,-2.107518,0.066679,0.042725999999999986,15:14,-0.6299999999901047,
SENSEX,2026-08-20,15:15,E_INCONCLUSIVE,,LIVE,20.269999999989523,-1.8897970000107307,-0.033659,2.534653,0.608441,0.0,0.0,-377760.0,-297580.0,-1.165595,1.638706,-0.06722700000000004,,,
SENSEX,2026-08-20,15:17,D_UNDERLYING_STALE_OPTIONS_MOVED,1,STALE,,33.48526399998809,18.344519,-26.901874,0.757971,0.0,0.0,-59980.0,2855700.0,1.544892,-2.287138,-0.17226100000000003,15:30,52.43000000000757,True
SENSEX,2026-08-20,15:18,D_UNDERLYING_STALE_OPTIONS_MOVED,-1,STALE,,-21.991169999993872,-16.572149,15.987934,0.106871,-142680.0,-389000.0,-1353820.0,-2943740.0,-1.655557,1.048068,0.17609100000000003,15:30,52.43000000000757,False
SENSEX,2026-08-20,15:21,D_UNDERLYING_STALE_OPTIONS_MOVED,-1,STALE,,-23.840674999999464,-21.948446,19.567138,-0.711289,200100.0,-226580.0,2810200.0,4004900.0,-1.792105,1.386612,-0.011855999999999978,15:30,52.43000000000757,False
SENSEX,2026-08-20,15:24,D_UNDERLYING_STALE_OPTIONS_MOVED,-1,STALE,,-17.3149459999986,-21.898305,13.872621,-0.651835,979780.0,-620160.0,1371400.0,1349780.0,-1.018657,1.191833,-0.059558,15:30,52.43000000000757,False
SENSEX,2026-08-20,15:25,D_UNDERLYING_STALE_OPTIONS_MOVED,1,STALE,,43.05922599999758,66.40625,-32.658309,0.655153,0.0,0.0,737980.0,883380.0,2.398078,-3.20303,0.383086,15:30,52.43000000000757,True
SENSEX,2026-08-20,15:27,D_UNDERLYING_STALE_OPTIONS_MOVED,1,STALE,,43.4845789999963,92.446634,-46.30102,0.606266,0.0,0.0,1402400.0,3374320.0,3.528178,-2.30712,0.3670770000000001,15:30,52.43000000000757,True
SENSEX,2026-08-21,15:03,A_UNDERLYING_MOVED_FIRST,1,LIVE,18.55999999999767,-2.4724570000107633,-0.419207,0.144196,0.466979,0.0,0.0,18820.0,17480.0,-0.245127,0.184858,-0.12681900000000002,,,
SENSEX,2026-08-21,15:09,A_UNDERLYING_MOVED_FIRST,-1,LIVE,-15.309999999997672,-8.95451700000558,-0.903538,1.508886,-0.036846,0.0,0.0,1860.0,-720.0,0.110291,0.038403,0.15456699999999998,,,
SENSEX,2026-08-21,15:11,A_UNDERLYING_MOVED_FIRST,-1,LIVE,-22.570000000006985,-11.304429999989225,-1.603489,1.325353,-0.61375,0.0,0.0,-3560.0,4400.0,0.13149,-0.178527,0.13183299999999998,,,
NIFTY,2026-08-25,15:02,B_OPTIONS_MOVED_FIRST,1,LIVE,2.2000000000007276,5.2905920000011974,7.779886,-13.305174,-0.501134,585065.0,373165.0,-400985.0,-360230.0,0.336687,-0.633328,-0.027393999999999974,15:03,5.400000000001455,True
NIFTY,2026-08-25,15:03,E_INCONCLUSIVE,,LIVE,5.400000000001455,4.440250999999989,0.528169,-18.026797,0.697081,-542490.0,637130.0,3726970.0,4532580.0,-0.882688,-0.452387,-0.0018500000000000183,,,
NIFTY,2026-08-25,15:05,B_OPTIONS_MOVED_FIRST,-1,LIVE,-1.8499999999985448,-6.122168000001693,-14.146341,14.285714,0.287115,-80080.0,903955.0,-1717560.0,-424125.0,-1.120202,0.370167,0.053584999999999994,15:06,-0.2000000000007276,
NIFTY,2026-08-25,15:11,C_BOTH_MOVED_TOGETHER,1,LIVE,6.549999999999272,6.328293000002304,17.811935,-11.287758,0.633713,-443040.0,-436085.0,514930.0,-888225.0,0.689975,0.382942,-0.208172,,,
NIFTY,2026-08-25,15:13,C_BOTH_MOVED_TOGETHER,-1,LIVE,-5.55000000000291,-7.721886999999697,-14.146707,26.900585,0.587402,-667225.0,431340.0,-2793180.0,-2236195.0,-0.770429,0.679661,-0.12503299999999998,,,
NIFTY,2026-08-25,15:17,D_UNDERLYING_STALE_OPTIONS_MOVED,1,STALE,,7.265578999998979,12.917595,-24.287856,0.423839,290680.0,-103545.0,-3243695.0,-553995.0,1.188805,-1.64977,-0.050956999999999975,15:28,74.5,True
SENSEX,2026-08-25,15:01,A_UNDERLYING_MOVED_FIRST,-1,LIVE,-18.230000000010477,-3.1812440000067,-0.866235,0.065595,-0.435609,0.0,0.0,-25100.0,5740.0,0.237451,-0.549791,-0.08926999999999999,,,
SENSEX,2026-08-25,15:04,B_OPTIONS_MOVED_FIRST,1,LIVE,7.110000000000582,16.120525000005728,3.194292,-3.136821,0.654891,0.0,0.0,-9580.0,5860.0,0.180288,-0.066762,-0.200983,15:05,3.8500000000058208,
SENSEX,2026-08-25,15:05,B_OPTIONS_MOVED_FIRST,-1,LIVE,3.8500000000058208,-15.065419000005932,-3.840017,1.952567,0.324588,-11660.0,1820.0,-21480.0,-12680.0,-0.417481,0.442879,0.15911499999999998,15:06,-7.830000000001746,
SENSEX,2026-08-25,15:11,A_UNDERLYING_MOVED_FIRST,1,LIVE,36.61000000000058,-0.22289199999067932,0.71136,0.676501,0.625092,0.0,0.0,6760.0,680.0,-0.562005,1.480017,-0.0015229999999999966,,,
SENSEX,2026-08-25,15:13,B_OPTIONS_MOVED_FIRST,1,LIVE,2.6000000000058208,17.806307999999262,3.966995,-3.485714,0.704089,-5940.0,-3440.0,-5860.0,18940.0,0.346561,-0.316217,0.05055500000000002,15:14,-10.369999999995343,
SENSEX,2026-08-25,15:15,C_BOTH_MOVED_TOGETHER,-1,LIVE,-17.880000000004657,-34.16877899999963,-7.297433,6.820178,-0.728929,0.0,0.0,173300.0,59340.0,-0.378924,0.191223,-0.0011150000000000326,,,
SENSEX,2026-08-25,15:16,D_UNDERLYING_STALE_OPTIONS_MOVED,1,STALE,,34.059605999995256,7.003257,-6.740957,-0.153784,-48940.0,5800.0,-164540.0,-54420.0,0.709598,-0.953911,0.043828000000000034,15:30,126.14999999999418,True
SENSEX,2026-08-25,15:19,D_UNDERLYING_STALE_OPTIONS_MOVED,1,STALE,,22.90583799999149,6.215666,-3.3519,0.403558,0.0,0.0,82240.0,11200.0,0.656938,-0.535074,0.12694299999999997,15:30,126.14999999999418,True
SENSEX,2026-08-25,15:21,D_UNDERLYING_STALE_OPTIONS_MOVED,1,STALE,,29.116683000000194,4.569786,-7.391967,0.534242,-9980.0,5240.0,10060.0,25860.0,0.503649,-1.333083,0.20162,15:30,126.14999999999418,True
SENSEX,2026-08-25,15:28,D_UNDERLYING_STALE_OPTIONS_MOVED,1,STALE,,20.363360999996075,3.898596,-4.521977,0.364686,0.0,0.0,6780.0,9060.0,0.457939,-0.972522,-0.008338000000000012,15:30,126.14999999999418,True
NIFTY,2026-08-27,15:03,A_UNDERLYING_MOVED_FIRST,-1,LIVE,-6.849999999998545,-3.4130069999991974,-1.469045,1.804186,-0.094882,-73515.0,-5525.0,-55575.0,34060.0,0.139309,-0.228441,0.10806099999999999,,,
NIFTY,2026-08-27,15:05,C_BOTH_MOVED_TOGETHER,-1,LIVE,-5.099999999998545,-6.716683999999077,-2.748299,3.898226,-0.731637,-30095.0,22685.0,72605.0,64545.0,-0.053378,0.127896,-0.04826999999999998,,,
NIFTY,2026-08-27,15:08,B_OPTIONS_MOVED_FIRST,1,LIVE,3.599999999998545,5.606536999999662,2.479815,-3.368329,0.031896,-51220.0,4485.0,-155285.0,-101660.0,0.00404,-0.046881,0.13561299999999998,15:09,-2.399999999997817,
NIFTY,2026-08-27,15:18,D_UNDERLYING_STALE_OPTIONS_MOVED,1,STALE,,10.321366000000125,4.060462,-6.201058,0.466368,5070.0,-2470.0,50180.0,42575.0,0.319108,-0.779742,-0.05979000000000001,15:28,-42.20000000000073,False
NIFTY,2026-08-27,15:20,D_UNDERLYING_STALE_OPTIONS_MOVED,-1,STALE,,-21.041596999999456,-8.49387,12.91265,-0.598593,-31265.0,1885.0,152230.0,175630.0,-0.817529,0.97619,0.079155,15:28,-42.20000000000073,True
NIFTY,2026-08-27,15:25,D_UNDERLYING_STALE_OPTIONS_MOVED,-1,STALE,,-7.047040999997989,-1.914223,5.18856,-0.440064,-40430.0,-71240.0,275730.0,689715.0,-0.164722,0.434131,-0.044678999999999996,15:28,-42.20000000000073,True
NIFTY,2026-08-27,15:26,D_UNDERLYING_STALE_OPTIONS_MOVED,-1,STALE,,-5.253244999999879,-3.409091,1.948989,-0.525657,39585.0,-150605.0,-8450.0,-400855.0,-0.286878,0.206071,0.10927699999999999,15:28,-42.20000000000073,True
NIFTY,2026-08-27,15:27,D_UNDERLYING_STALE_OPTIONS_MOVED,-1,STALE,,-15.015837000002648,-7.647059,6.608449,-0.592718,-44850.0,-55380.0,226980.0,60385.0,-0.662273,0.603965,-0.029972999999999972,15:28,-42.20000000000073,True
SENSEX,2026-08-27,15:01,A_UNDERLYING_MOVED_FIRST,1,LIVE,25.389999999999418,-6.763598000005004,-3.091398,4.533061,0.801244,0.0,0.0,1516520.0,768420.0,-1.68686,2.487164,-0.26024099999999994,,,
SENSEX,2026-08-27,15:02,A_UNDERLYING_MOVED_FIRST,-1,LIVE,-15.639999999999418,-9.917183999990812,-8.016644,3.684382,0.557226,-406180.0,166420.0,-1817040.0,-1203940.0,0.002059,-0.829482,-0.15676600000000002,,,
SENSEX,2026-08-27,15:03,C_BOTH_MOVED_TOGETHER,-1,LIVE,-44.7899999999936,-45.53838800000085,-26.688782,26.415094,-0.760126,0.0,0.0,526320.0,920040.0,-0.547351,-1.501672,0.126185,,,
SENSEX,2026-08-27,15:04,E_INCONCLUSIVE,,LIVE,27.860000000000582,12.309213999993517,9.666804,-4.427861,-0.659811,0.0,0.0,-332600.0,-474140.0,-0.547577,2.150909,0.05326299999999998,,,
SENSEX,2026-08-27,15:06,A_UNDERLYING_MOVED_FIRST,-1,LIVE,-23.30000000000291,-14.340427999995882,-8.140814,7.865169,-0.3383,0.0,0.0,-48000.0,-121860.0,0.471037,0.367041,0.17918,,,
SENSEX,2026-08-27,15:07,A_UNDERLYING_MOVED_FIRST,-1,LIVE,-21.239999999990687,-10.46429000000353,-9.151341,0.442834,-0.809564,17460.0,-935840.0,1351320.0,2386160.0,0.170503,-1.281081,-0.10651899999999997,,,
SENSEX,2026-08-27,15:08,A_UNDERLYING_MOVED_FIRST,1,LIVE,16.40999999998894,6.333706000004895,-3.219512,-15.511022,-0.434182,0.0,0.0,-404440.0,-681400.0,-1.43526,-0.053206,0.11054299999999995,,,
SENSEX,2026-08-27,15:11,C_BOTH_MOVED_TOGETHER,1,LIVE,19.94999999999709,16.85999300000549,19.243193,-2.259492,0.60069,0.0,0.0,447000.0,226020.0,0.576702,1.984162,0.06903999999999999,,,
SENSEX,2026-08-27,15:12,E_INCONCLUSIVE,,LIVE,-45.669999999998254,-13.766838000010466,-7.940866,10.51669,0.223358,0.0,0.0,-278900.0,-789520.0,1.575487,-2.084811,0.011577000000000004,,,
SENSEX,2026-08-27,15:13,E_INCONCLUSIVE,,LIVE,21.110000000000582,-10.040217999994638,-6.83643,2.730658,-0.558036,-116420.0,-268080.0,1294800.0,2912180.0,-2.487513,1.973666,-0.07493,,,
SENSEX,2026-08-27,15:15,B_OPTIONS_MOVED_FIRST,1,LIVE,-0.34999999999126885,59.00958399999945,53.491686,-25.395153,0.749479,0.0,0.0,1695860.0,1060620.0,4.033739,,0.05627300000000002,15:30,-249.32000000000698,False
SENSEX,2026-08-27,15:16,D_UNDERLYING_STALE_OPTIONS_MOVED,-1,STALE,,-20.565242999990005,-11.853915,13.135593,0.595974,-783800.0,-228460.0,-92500.0,-53500.0,-1.27789,,-0.02860299999999999,15:30,-249.32000000000698,True
SENSEX,2026-08-27,15:18,D_UNDERLYING_STALE_OPTIONS_MOVED,1,STALE,,18.38473299999896,9.267913,-11.742892,-0.423029,-142760.0,5480.0,-644560.0,373080.0,0.812474,,-0.33795,15:30,-249.32000000000698,False
SENSEX,2026-08-27,15:20,D_UNDERLYING_STALE_OPTIONS_MOVED,-1,STALE,,-72.23992100000032,-35.702479,56.379037,-0.612049,0.0,0.0,1672700.0,3531480.0,-5.364316,3.343708,0.465864,15:30,-249.32000000000698,True
SENSEX,2026-08-27,15:21,D_UNDERLYING_STALE_OPTIONS_MOVED,-1,STALE,,-37.991022000001976,-17.866324,31.381178,-0.695818,899940.0,-1416320.0,4140920.0,2893180.0,-1.752584,2.979587,-0.14522999999999997,15:30,-249.32000000000698,True
SENSEX,2026-08-27,15:22,D_UNDERLYING_STALE_OPTIONS_MOVED,1,STALE,,19.36009099999501,8.881064,-15.691832,-0.587704,0.0,0.0,-3090240.0,-4697640.0,0.741249,-1.906922,-0.26665400000000006,15:30,-249.32000000000698,False
SENSEX,2026-08-27,15:25,D_UNDERLYING_STALE_OPTIONS_MOVED,-1,STALE,,-36.29018100000394,-17.061224,16.251126,-0.652318,0.0,0.0,1486480.0,2928340.0,-3.625274,1.831614,-0.49720700000000007,15:30,-249.32000000000698,True
SENSEX,2026-08-27,15:26,D_UNDERLYING_STALE_OPTIONS_MOVED,-1,STALE,,-18.96567600000708,-43.031496,-22.50646,-0.613225,173160.0,-1428060.0,675500.0,-1621480.0,283.874244,-2.977248,1.2841669999999998,15:30,-249.32000000000698,True
SENSEX,2026-08-27,15:27,D_UNDERLYING_STALE_OPTIONS_MOVED,-1,STALE,,-303.5151489999989,-81.76322,530.413625,-0.729077,0.0,0.0,154760.0,2899480.0,,11.517809,1.417087,15:30,-249.32000000000698,True
SENSEX,2026-08-27,15:28,D_UNDERLYING_STALE_OPTIONS_MOVED,1,STALE,,30.134479000000283,38.145195,-28.213045,-0.726592,0.0,0.0,1917340.0,-665920.0,,-2.942285,0.22170000000000023,15:30,-249.32000000000698,False
SENSEX,2026-08-27,15:29,D_UNDERLYING_STALE_OPTIONS_MOVED,1,STALE,,56.30938600000809,-32.610939,-61.982898,-0.696153,598000.0,-585220.0,983220.0,465920.0,,-10.614722,-1.0152230000000002,15:30,-249.32000000000698,False
NIFTY,2026-08-28,15:02,C_BOTH_MOVED_TOGETHER,-1,LIVE,-5.799999999999272,-13.354808000000048,-6.460099,7.706422,-0.70407,-57200.0,82225.0,410020.0,277550.0,-0.293948,0.333918,0.07461300000000001,,,
NIFTY,2026-08-28,15:06,B_OPTIONS_MOVED_FIRST,1,LIVE,1.7000000000007276,8.277971999999863,3.681931,-5.300267,0.489534,-45955.0,-37830.0,63050.0,413985.0,0.236064,-0.500179,-0.06847400000000001,15:07,-0.5,
NIFTY,2026-08-28,15:09,C_BOTH_MOVED_TOGETHER,1,LIVE,8.700000000000728,12.90299099999902,7.481371,-6.741287,0.699359,-98930.0,10790.0,1353235.0,1031225.0,0.176324,-0.016083,0.043014,,,
NIFTY,2026-08-28,15:12,C_BOTH_MOVED_TOGETHER,1,LIVE,25.549999999999272,28.352985000001354,16.678445,-14.714715,0.79767,-242710.0,715.0,2316080.0,885235.0,0.105543,0.335653,0.029057,,,
NIFTY,2026-08-28,15:13,B_OPTIONS_MOVED_FIRST,-1,LIVE,-3.350000000002183,-8.839851000000635,-5.148242,3.53836,0.746353,-1258790.0,-208780.0,-2036905.0,-1575275.0,-0.406961,0.077335,3.0000000000002247e-05,15:14,-3.099999999998545,
NIFTY,2026-08-28,15:20,D_UNDERLYING_STALE_OPTIONS_MOVED,1,STALE,,18.617293999999674,10.117493,-11.351483,0.574745,-54210.0,-32565.0,1229215.0,387660.0,0.769639,-1.4236,0.040353,15:29,33.20000000000073,True
NIFTY,2026-08-28,15:21,D_UNDERLYING_STALE_OPTIONS_MOVED,1,STALE,,6.503349999999045,0.0,-3.372635,0.591132,-188500.0,-31980.0,520975.0,216905.0,0.026039,-0.423376,0.0,15:29,33.20000000000073,True
NIFTY,2026-08-28,15:22,D_UNDERLYING_STALE_OPTIONS_MOVED,-1,STALE,,-7.793297000000166,-3.34914,2.951192,0.536905,-45045.0,-2860.0,-441675.0,-224965.0,-0.297858,0.36275,0.06954699999999997,15:29,33.20000000000073,False
NIFTY,2026-08-28,15:28,D_UNDERLYING_STALE_OPTIONS_MOVED,1,STALE,,10.424222999998165,4.515522,-6.969206,0.383769,-34775.0,-23595.0,-256165.0,48490.0,0.37535,-0.925893,-0.013548000000000004,15:29,33.20000000000073,True
NIFTY,2026-08-28,15:29,D_UNDERLYING_STALE_OPTIONS_MOVED,-1,CLOSING_STATE_UNCERTAIN,,-9.147021999997378,-5.430543,5.400697,-0.220635,-66235.0,-37765.0,426075.0,69615.0,-1.799485,3.238812,-0.046223000000000014,15:30,33.20000000000073,False
SENSEX,2026-08-28,15:02,C_BOTH_MOVED_TOGETHER,-1,LIVE,-16.629999999990105,-34.23331199999666,-3.511046,5.307452,-0.620993,-23720.0,260.0,-11040.0,15200.0,-0.16295,0.290092,0.07508399999999998,,,
SENSEX,2026-08-28,15:03,E_INCONCLUSIVE,,LIVE,-19.130000000004657,5.370284999997239,1.221076,-0.418922,-0.665539,0.0,0.0,44240.0,51160.0,0.382576,-0.297798,-0.05223099999999997,,,
SENSEX,2026-08-28,15:07,B_OPTIONS_MOVED_FIRST,1,LIVE,-6.94999999999709,17.33785500000522,1.531197,-2.469636,0.399326,580.0,-4280.0,3540.0,7320.0,0.225948,-0.407504,0.0018390000000000073,15:08,12.460000000006403,
SENSEX,2026-08-28,15:09,C_BOTH_MOVED_TOGETHER,1,LIVE,31.539999999993597,56.24222699999518,6.724569,-7.138168,0.726955,0.0,0.0,-12900.0,-20560.0,0.312527,-0.271977,0.087035,,,
SENSEX,2026-08-28,15:11,C_BOTH_MOVED_TOGETHER,1,LIVE,18.320000000006985,16.21665000000212,1.90353,-2.46187,0.608556,0.0,0.0,12040.0,-6220.0,-0.048964,0.0392,-0.08992599999999998,,,
SENSEX,2026-08-28,15:12,C_BOTH_MOVED_TOGETHER,1,LIVE,62.38000000000466,84.71266999999352,10.645339,-10.552937,0.786184,0.0,0.0,181660.0,61460.0,0.309863,-0.211241,0.18043099999999998,,,
SENSEX,2026-08-28,15:13,B_OPTIONS_MOVED_FIRST,-1,LIVE,-3.2000000000116415,-18.15843599999789,-3.551844,0.95746,0.656176,-78200.0,-13840.0,-71200.0,-45440.0,-0.318197,0.005632,-0.06375999999999998,15:14,10.410000000003492,
SENSEX,2026-08-28,15:15,E_INCONCLUSIVE,,LIVE,-27.25,20.80148900000495,2.589808,-2.872046,-0.009233,0.0,0.0,-6540.0,-2800.0,0.437564,-0.461239,-0.019991000000000037,,,
SENSEX,2026-08-28,15:18,D_UNDERLYING_STALE_OPTIONS_MOVED,-1,STALE,,-18.52512900000147,-2.365035,2.359882,-0.422336,-37060.0,-5380.0,-47480.0,-12020.0,-0.229778,0.214054,0.046089999999999964,15:29,69.91999999999825,False
SENSEX,2026-08-28,15:20,D_UNDERLYING_STALE_OPTIONS_MOVED,1,STALE,,68.8707049999939,7.813872,-9.738162,0.507139,0.0,0.0,31960.0,12260.0,0.683748,-1.235759,-0.15692899999999999,15:29,69.91999999999825,True
SENSEX,2026-08-28,15:22,D_UNDERLYING_STALE_OPTIONS_MOVED,-1,STALE,,-29.597316999992472,-2.839514,5.157737,0.522737,0.0,0.0,-5860.0,-12940.0,-0.311014,0.412141,-0.07133,15:29,69.91999999999825,False
SENSEX,2026-08-28,15:27,D_UNDERLYING_STALE_OPTIONS_MOVED,-1,STALE,,-16.347280000001774,-1.497775,2.697166,-0.487111,0.0,0.0,2520.0,-1260.0,-0.124533,0.222872,-0.007197999999999982,15:29,69.91999999999825,False
SENSEX,2026-08-28,15:28,D_UNDERLYING_STALE_OPTIONS_MOVED,1,STALE,,32.932293999998365,3.261583,-5.171501,0.126009,0.0,0.0,-9920.0,-20.0,0.301299,-0.575759,-0.24322100000000002,15:29,69.91999999999825,True
SENSEX,2026-08-28,15:29,D_UNDERLYING_STALE_OPTIONS_MOVED,-1,CLOSING_STATE_UNCERTAIN,,-31.231366000007256,-4.351846,3.705527,-0.364374,-26700.0,-6680.0,45280.0,17520.0,-1.248784,1.356467,0.18339100000000003,,,
NIFTY,2026-08-31,15:01,C_BOTH_MOVED_TOGETHER,1,LIVE,9.0,12.13025899999775,10.852121,-6.677704,-0.710362,-126035.0,-163605.0,-12740.0,87165.0,0.798586,-0.025556,-0.022444999999999993,,,
NIFTY,2026-08-31,15:02,B_OPTIONS_MOVED_FIRST,1,LIVE,0.2000000000007276,5.691686000001937,3.5505,-3.607333,-0.405683,31850.0,-33150.0,-604175.0,-829400.0,0.483701,-0.783696,0.059486999999999984,15:03,-4.900000000001455,
NIFTY,2026-08-31,15:03,B_OPTIONS_MOVED_FIRST,-1,LIVE,-4.900000000001455,-6.23127999999997,-4.027963,3.650307,0.448775,126035.0,-10660.0,-287820.0,-157625.0,-0.148851,-0.548612,-0.058195,15:04,-5.799999999999272,True
NIFTY,2026-08-31,15:04,C_BOTH_MOVED_TOGETHER,-1,LIVE,-5.799999999999272,-5.322045000000799,-4.61325,2.367564,-0.619269,129740.0,48945.0,267215.0,98540.0,-0.244169,-0.756624,0.08279199999999998,,,
NIFTY,2026-08-31,15:05,C_BOTH_MOVED_TOGETHER,-1,LIVE,-5.099999999998545,-16.194508000000496,-10.701204,9.076682,-0.660315,102700.0,-338000.0,800150.0,418665.0,-1.214407,0.302508,0.0020880000000000343,,,
NIFTY,2026-08-31,15:07,C_BOTH_MOVED_TOGETHER,1,LIVE,9.950000000000728,10.605128999999579,7.591837,-6.690141,-0.229817,-29575.0,-148460.0,-222430.0,-306475.0,0.188837,0.792353,0.07200899999999999,,,
NIFTY,2026-08-31,15:08,B_OPTIONS_MOVED_FIRST,1,LIVE,2.4500000000007276,5.159895000000688,2.883156,-3.512337,0.668606,58435.0,-171340.0,-171730.0,-504920.0,0.146085,-0.334418,-0.15599699999999997,15:09,0.049999999999272404,
NIFTY,2026-08-31,15:11,C_BOTH_MOVED_TOGETHER,-1,LIVE,-6.75,-6.308849999997619,-4.229496,2.537313,-0.608742,57460.0,3315.0,808405.0,75985.0,-0.013703,-1.012577,0.08655099999999999,,,
NIFTY,2026-08-31,15:13,C_BOTH_MOVED_TOGETHER,-1,LIVE,-6.650000000001455,-5.92899000000034,-3.418324,4.120879,-0.598994,48035.0,8970.0,307515.0,308685.0,-0.134507,-0.184607,-0.02887200000000001,,,
NIFTY,2026-08-31,15:14,E_INCONCLUSIVE,,LIVE,7.150000000001455,3.4579679999988002,1.827676,-2.525443,-0.381094,-24310.0,-95355.0,-361270.0,-149240.0,-0.169242,0.449481,-0.06218699999999999,,,
NIFTY,2026-08-31,15:15,C_BOTH_MOVED_TOGETHER,-1,LIVE,-11.900000000001455,-11.8789969999998,-8.205128,6.535189,-0.702461,-66560.0,-217685.0,1097980.0,1350765.0,-0.393735,-0.561538,0.020373000000000002,,,
NIFTY,2026-08-31,15:20,D_UNDERLYING_STALE_OPTIONS_MOVED,1,STALE,,45.8298939999986,37.997318,-25.228976,0.753655,17355.0,-56095.0,2535130.0,1485770.0,4.046662,,-0.23925599999999997,15:30,30.150000000001455,True
NIFTY,2026-08-31,15:21,D_UNDERLYING_STALE_OPTIONS_MOVED,-1,STALE,,-44.01681499999904,-24.137132,39.692982,0.547251,-708630.0,-679315.0,344175.0,73645.0,-4.702157,3.974848,0.240556,15:30,30.150000000001455,False
NIFTY,2026-08-31,15:22,D_UNDERLYING_STALE_OPTIONS_MOVED,1,STALE,,7.431726999999228,4.06613,-6.564799,0.622342,237900.0,-23465.0,-2218840.0,-1135355.0,0.465237,,-0.047723000000000015,15:30,30.150000000001455,True
NIFTY,2026-08-31,15:23,D_UNDERLYING_STALE_OPTIONS_MOVED,-1,STALE,,-16.297026000000187,-11.213838,12.48927,-0.544243,5590.0,-4030.0,988325.0,182975.0,-1.715512,1.459861,0.07828800000000002,15:30,30.150000000001455,False
NIFTY,2026-08-31,15:28,D_UNDERLYING_STALE_OPTIONS_MOVED,-1,STALE,,-11.947019999999611,-8.592322,9.623762,-0.487718,-79495.0,31135.0,806845.0,303095.0,-1.107534,1.132676,-0.04563099999999998,15:30,30.150000000001455,False
NIFTY,2026-08-31,15:29,D_UNDERLYING_STALE_OPTIONS_MOVED,1,STALE,,10.922526999998809,6.96,-9.393064,-0.347017,-149955.0,-245765.0,-682955.0,506090.0,0.789129,-1.228036,-0.02082299999999998,15:30,30.150000000001455,True
SENSEX,2026-08-31,15:01,B_OPTIONS_MOVED_FIRST,1,LIVE,14.130000000004657,15.521791000006488,2.164438,-1.930599,-0.651351,0.0,0.0,-5900.0,2100.0,0.034667,0.028606,-0.10237999999999997,15:02,-3.959999999991851,
SENSEX,2026-08-31,15:02,B_OPTIONS_MOVED_FIRST,1,LIVE,-3.959999999991851,16.653386999998474,2.689805,-1.698405,-0.353052,-5740.0,160.0,-25780.0,-28800.0,0.366629,-0.225038,-0.062391,15:03,-18.74000000000524,False
SENSEX,2026-08-31,15:03,C_BOTH_MOVED_TOGETHER,-1,LIVE,-18.74000000000524,-18.77294599999732,-2.4574,2.218586,0.275763,0.0,0.0,11260.0,12300.0,-0.047356,-0.207742,0.07644400000000001,,,
SENSEX,2026-08-31,15:04,B_OPTIONS_MOVED_FIRST,-1,LIVE,-0.5800000000017462,-17.554237999996985,-3.010496,1.355685,-0.478033,0.0,0.0,-1940.0,4360.0,-0.441606,0.14437,-0.012153000000000025,15:05,-24.24000000000524,True
SENSEX,2026-08-31,15:05,C_BOTH_MOVED_TOGETHER,-1,LIVE,-24.24000000000524,-33.02931300000637,-5.313634,3.947936,-0.615299,6260.0,4880.0,9920.0,-160.0,-0.321844,-0.059268,-0.06903199999999998,,,
SENSEX,2026-08-31,15:07,C_BOTH_MOVED_TOGETHER,1,LIVE,24.019999999989523,15.948483000000124,1.962111,-0.938007,-0.323887,-7260.0,-12060.0,-23800.0,-28240.0,-0.118401,0.454886,0.021334999999999993,,,
SENSEX,2026-08-31,15:08,C_BOTH_MOVED_TOGETHER,1,LIVE,18.30000000000291,28.009602999998606,4.708141,-3.138957,0.556011,0.0,0.0,20480.0,16860.0,0.314245,-0.008042,0.016105000000000036,,,
SENSEX,2026-08-31,15:10,E_INCONCLUSIVE,,LIVE,15.429999999993015,-1.990421000009519,-0.08979,0.847395,0.478294,1700.0,2080.0,4040.0,5400.0,-0.20274,0.247878,-0.05405399999999999,,,
SENSEX,2026-08-31,15:11,A_UNDERLYING_MOVED_FIRST,-1,LIVE,-36.0,-11.047710999991978,-1.059186,1.424814,-0.50387,0.0,0.0,3720.0,8520.0,0.400723,-0.58225,0.14438600000000001,,,
SENSEX,2026-08-31,15:12,A_UNDERLYING_MOVED_FIRST,1,LIVE,19.40000000000873,-5.061763000005158,-1.21975,0.43945,-0.441686,0.0,0.0,-4000.0,-7940.0,-0.427715,0.459182,-0.10140500000000002,,,
SENSEX,2026-08-31,15:15,C_BOTH_MOVED_TOGETHER,-1,LIVE,-28.820000000006985,-24.040420999997878,-3.887114,3.006769,-0.650846,0.0,0.0,16600.0,23440.0,-0.03552,-0.049899,-0.016934000000000005,,,
SENSEX,2026-08-31,15:16,D_UNDERLYING_STALE_OPTIONS_MOVED,-1,STALE,,-15.086752999995952,-2.444598,1.307325,-0.633113,-16120.0,-8660.0,6180.0,11020.0,-0.355984,0.162892,0.077235,15:29,32.34000000001106,False
SENSEX,2026-08-31,15:20,D_UNDERLYING_STALE_OPTIONS_MOVED,1,STALE,,86.10960399999749,11.455033,-11.650782,0.597709,0.0,0.0,51620.0,54340.0,1.250634,-1.978007,-0.0018489999999999895,15:29,32.34000000001106,True
SENSEX,2026-08-31,15:21,D_UNDERLYING_STALE_OPTIONS_MOVED,-1,STALE,,-47.48687500000233,-7.059263,6.565858,0.616207,-14040.0,-1620.0,43800.0,14500.0,-1.038373,0.73009,0.06893899999999997,15:29,32.34000000001106,False
SENSEX,2026-08-31,15:23,D_UNDERLYING_STALE_OPTIONS_MOVED,-1,STALE,,-50.26941500000248,-7.960165,5.931055,-0.463349,0.0,0.0,10720.0,7400.0,-1.048102,0.746369,-0.017211000000000032,15:29,32.34000000001106,False
SENSEX,2026-08-31,15:28,D_UNDERLYING_STALE_OPTIONS_MOVED,-1,STALE,,-31.718842999995104,-4.766501,4.477181,-0.437058,0.0,0.0,6020.0,-4760.0,-0.514049,0.598795,0.10470000000000002,15:29,32.34000000001106,False
SENSEX,2026-08-31,15:29,D_UNDERLYING_STALE_OPTIONS_MOVED,1,CLOSING_STATE_UNCERTAIN,,20.54383099998813,3.009277,-3.642521,-0.383125,-3280.0,-2280.0,-2200.0,7880.0,-0.172315,0.276849,-0.00956499999999999,,,
NIFTY,2026-09-01,15:05,B_OPTIONS_MOVED_FIRST,1,LIVE,1.0,8.003357000001415,17.965368,-10.268149,0.399341,594425.0,319540.0,-7477275.0,-3728205.0,1.520981,-1.335931,-0.06592799999999999,15:06,7.349999999998545,True
NIFTY,2026-09-01,15:06,E_INCONCLUSIVE,,LIVE,7.349999999998545,4.490085000001272,7.522936,-6.413994,0.673846,-938080.0,-173290.0,5486715.0,4785950.0,-0.278959,0.871573,-0.025675000000000003,,,
NIFTY,2026-09-01,15:07,B_OPTIONS_MOVED_FIRST,-1,LIVE,-2.5,-6.171958000002633,-9.556314,9.345794,0.638857,-39780.0,234715.0,-5449340.0,-4804865.0,-0.745837,0.763922,0.03606100000000001,15:08,-6.75,True
NIFTY,2026-09-01,15:08,E_INCONCLUSIVE,,LIVE,-6.75,-1.546623999998701,-0.377358,4.273504,-0.396323,-802945.0,-482365.0,-409955.0,310115.0,0.756256,-0.645293,0.0014299999999999868,,,
NIFTY,2026-09-01,15:11,B_OPTIONS_MOVED_FIRST,1,LIVE,1.3499999999985448,5.652708000001439,10.335196,-8.230198,0.379822,-1587430.0,-428090.0,1248910.0,-934440.0,0.854108,-0.280982,-0.203663,15:12,1.25,
NIFTY,2026-09-01,15:14,C_BOTH_MOVED_TOGETHER,1,LIVE,6.600000000002183,10.27796799999851,14.611486,-14.949749,0.596341,-1011855.0,-364455.0,1482455.0,-281385.0,0.583597,-0.451432,0.10431399999999996,,,
NIFTY,2026-09-01,15:15,B_OPTIONS_MOVED_FIRST,-1,LIVE,2.649999999997817,-12.722123999999894,-24.760501,14.918759,-0.506175,-3591705.0,-293085.0,15828670.0,9120670.0,-3.959156,2.792653,0.14550700000000005,15:30,75.25,False
NIFTY,2026-09-01,15:18,D_UNDERLYING_STALE_OPTIONS_MOVED,1,STALE,,16.253585999998904,28.776291,-18.676123,0.541955,-413660.0,98475.0,2823015.0,-528385.0,3.145663,-3.276713,0.063025,15:30,75.25,True
NIFTY,2026-09-01,15:20,D_UNDERLYING_STALE_OPTIONS_MOVED,1,STALE,,40.253036000001885,56.830601,-44.992636,0.69038,-156260.0,-251680.0,14002495.0,3554980.0,3.894818,,-0.24656300000000003,15:30,75.25,True
NIFTY,2026-09-01,15:21,D_UNDERLYING_STALE_OPTIONS_MOVED,1,STALE,,5.227745000000141,-21.022067,-31.258367,0.794646,-3263975.0,1161420.0,15310100.0,9344855.0,-2.176892,,0.35594699999999996,15:30,75.25,True
NIFTY,2026-09-01,15:22,D_UNDERLYING_STALE_OPTIONS_MOVED,1,STALE,,23.75299299999824,59.117647,-52.48296,0.761255,-2159430.0,2342470.0,-12754235.0,2533310.0,4.848086,,-0.21854899999999994,15:30,75.25,True
SENSEX,2026-09-01,15:03,B_OPTIONS_MOVED_FIRST,-1,LIVE,-8.779999999998836,-16.890468000012334,-3.23883,2.8815,-0.459055,0.0,0.0,-14800.0,6120.0,-0.210361,0.053828,0.025752000000000025,15:04,-11.919999999998254,
SENSEX,2026-09-01,15:06,A_UNDERLYING_MOVED_FIRST,1,LIVE,19.94000000000233,12.015854999990552,2.170926,-1.627653,0.544157,0.0,0.0,23220.0,-1600.0,-0.032013,0.101997,-0.09627200000000002,,,
SENSEX,2026-09-01,15:14,A_UNDERLYING_MOVED_FIRST,1,LIVE,24.710000000006403,11.466201000002911,1.831738,-2.357677,0.443547,0.0,0.0,-7580.0,2160.0,-0.322272,0.312683,0.049599000000000004,,,
SENSEX,2026-09-01,15:22,D_UNDERLYING_STALE_OPTIONS_MOVED,-1,STALE,,-22.154796999995597,-4.5325,3.625298,-0.291961,0.0,0.0,69620.0,-29280.0,-0.510963,0.454059,0.07262200000000002,15:29,219.10000000000582,False
SENSEX,2026-09-01,15:23,D_UNDERLYING_STALE_OPTIONS_MOVED,1,STALE,,18.863138000000617,4.420262,-2.953694,0.189361,0.0,0.0,-42340.0,8300.0,0.479777,-0.357338,-0.034750999999999976,15:29,219.10000000000582,True
SENSEX,2026-09-01,15:29,D_UNDERLYING_STALE_OPTIONS_MOVED,1,CLOSING_STATE_UNCERTAIN,,18.323266000006697,2.531291,-4.049233,0.572048,-22440.0,-7440.0,22000.0,3880.0,-5.03726,3.741656,0.08740999999999999,,,
NIFTY,2026-09-02,15:02,C_BOTH_MOVED_TOGETHER,-1,LIVE,-7.349999999998545,-8.986347999998543,-3.679654,2.821577,-0.548316,-44330.0,-126360.0,251355.0,582790.0,-0.155909,0.032477,-0.066637,,,
NIFTY,2026-09-02,15:04,B_OPTIONS_MOVED_FIRST,-1,LIVE,-4.049999999999272,-6.218484000000899,-2.933531,1.905335,-0.569645,102505.0,-347880.0,165165.0,-121680.0,-0.128715,0.066944,0.002243999999999996,15:05,-4.80000000000291,
NIFTY,2026-09-02,15:10,C_BOTH_MOVED_TOGETHER,1,LIVE,7.5,12.11706200000117,5.071108,-4.829258,0.706708,15990.0,-181480.0,585325.0,511485.0,0.215792,-0.15799,0.024780999999999997,,,
NIFTY,2026-09-02,15:11,C_BOTH_MOVED_TOGETHER,1,LIVE,13.299999999999272,10.188904999999068,3.801617,-4.146899,0.703062,13000.0,-73125.0,198250.0,-780.0,-0.143977,0.181716,-0.12304299999999999,,,
NIFTY,2026-09-02,15:14,A_UNDERLYING_MOVED_FIRST,1,LIVE,5.450000000000728,-1.6760589999976219,-0.422758,1.018418,-0.376869,-14430.0,-50505.0,-45305.0,125775.0,-0.214414,0.275185,-0.011523000000000005,,,
NIFTY,2026-09-02,15:26,D_UNDERLYING_STALE_OPTIONS_MOVED,-1,STALE,,-5.672034999999596,-2.658896,1.887202,-0.583006,-101075.0,-52780.0,423085.0,364130.0,-0.349669,0.177586,0.006964000000000026,15:30,31.600000000002183,False
NIFTY,2026-09-02,15:29,D_UNDERLYING_STALE_OPTIONS_MOVED,1,STALE,,7.589337000001251,2.805879,-3.20867,0.425166,-38220.0,-3575.0,182130.0,154570.0,0.302903,-0.309736,0.18462499999999998,15:30,31.600000000002183,True
SENSEX,2026-09-02,15:01,B_OPTIONS_MOVED_FIRST,-1,LIVE,-7.569999999992433,-26.745085999995354,-4.520356,7.72459,-0.603486,0.0,0.0,-85300.0,107980.0,-0.516191,0.671199,-0.00565600000000005,15:02,-16.169999999998254,True
SENSEX,2026-09-02,15:02,E_INCONCLUSIVE,,LIVE,-16.169999999998254,-10.617941999997129,-3.695354,1.643535,-0.660613,71260.0,-136560.0,98100.0,258380.0,-0.127377,-0.21088,-0.05053699999999997,,,
SENSEX,2026-09-02,15:03,B_OPTIONS_MOVED_FIRST,1,LIVE,9.389999999999418,19.461834999994608,3.565062,-5.217223,-0.538676,0.0,0.0,-178140.0,-259600.0,0.348021,-0.751242,0.02196199999999998,15:04,-25.139999999999418,False
SENSEX,2026-09-02,15:04,C_BOTH_MOVED_TOGETHER,-1,LIVE,-25.139999999999418,-24.468041000000085,-4.612979,6.564441,-0.607304,0.0,0.0,66600.0,-59640.0,-0.1155,0.163496,-0.040963,,,
SENSEX,2026-09-02,15:10,C_BOTH_MOVED_TOGETHER,1,LIVE,33.4600000000064,40.35108600000967,9.818318,-8.936425,0.719375,-123800.0,-162000.0,428980.0,404200.0,0.324087,-0.21838,0.045738,,,
SENSEX,2026-09-02,15:11,C_BOTH_MOVED_TOGETHER,1,LIVE,50.229999999995925,38.19969099998707,8.555241,-7.881449,0.760291,0.0,0.0,515620.0,86060.0,-0.191636,0.600868,0.03941100000000003,,,
SENSEX,2026-09-02,15:13,B_OPTIONS_MOVED_FIRST,-1,LIVE,-0.7099999999918509,-16.072474999993574,-3.693036,3.559713,0.620374,-196320.0,-123100.0,-292060.0,-73020.0,-0.462042,0.498392,0.15506299999999998,15:14,16.789999999993597,False
SENSEX,2026-09-02,15:14,E_INCONCLUSIVE,,LIVE,16.789999999993597,-18.21550400000706,-4.26191,3.70718,-0.546367,0.0,0.0,326620.0,292680.0,-0.970092,0.821564,0.03562799999999999,,,
SENSEX,2026-09-02,15:20,D_UNDERLYING_STALE_OPTIONS_MOVED,1,STALE,,17.78392299999541,3.165338,-4.294549,0.517905,0.0,0.0,39680.0,135560.0,0.360623,-0.496971,-0.053852999999999984,15:29,100.43000000000757,True
SENSEX,2026-09-02,15:21,D_UNDERLYING_STALE_OPTIONS_MOVED,-1,STALE,,-19.029217999996035,-2.60037,5.540266,-0.0907,-58700.0,-84260.0,25580.0,-83300.0,-0.352725,0.677132,-0.104154,15:29,100.43000000000757,False
SENSEX,2026-09-02,15:25,D_UNDERLYING_STALE_OPTIONS_MOVED,-1,STALE,,-17.88330600000336,-5.558638,3.047826,-0.281307,0.0,0.0,125320.0,13560.0,-0.682244,0.317818,0.08485499999999999,15:29,100.43000000000757,False
SENSEX,2026-09-02,15:26,D_UNDERLYING_STALE_OPTIONS_MOVED,-1,STALE,,-33.069157999998424,-8.693609,6.651859,-0.619194,-151200.0,-94820.0,381960.0,423860.0,-1.037211,0.824466,-0.020145999999999997,15:29,100.43000000000757,False
SENSEX,2026-09-02,15:29,D_UNDERLYING_STALE_OPTIONS_MOVED,1,CLOSING_STATE_UNCERTAIN,,65.45204799999192,17.85573,-13.708624,0.7809,-77840.0,-143720.0,240740.0,165060.0,-1.177713,0.943385,0.15106,,,
NIFTY,2026-09-03,15:01,B_OPTIONS_MOVED_FIRST,1,LIVE,4.75,6.0960569999988365,2.407054,-3.799956,0.449979,18395.0,-8645.0,-21775.0,-35750.0,0.025011,-0.184221,0.13739200000000001,15:02,-7.900000000001455,False
NIFTY,2026-09-03,15:02,C_BOTH_MOVED_TOGETHER,-1,LIVE,-7.900000000001455,-5.197058999998262,-1.652316,2.724177,-0.388357,33475.0,-54795.0,-83265.0,-118885.0,0.177139,-0.075638,0.051234999999999975,,,
NIFTY,2026-09-03,15:04,E_INCONCLUSIVE,,LIVE,-5.099999999998545,-2.095366000001377,-1.121757,1.030928,-0.384556,-7215.0,2795.0,-12220.0,-69095.0,0.064962,-0.141542,0.09506999999999999,,,
NIFTY,2026-09-03,15:05,C_BOTH_MOVED_TOGETHER,-1,LIVE,-8.349999999998545,-6.659443000000465,-3.1671,2.861579,-0.592257,-50440.0,-45890.0,236730.0,232765.0,0.10698,-0.157851,0.004639000000000004,,,
NIFTY,2026-09-03,15:10,C_BOTH_MOVED_TOGETHER,1,LIVE,6.650000000001455,6.802940000001399,2.309015,-3.864734,0.528377,6630.0,-27235.0,-130780.0,72085.0,-0.000586,-0.106969,-0.005543999999999993,,,
NIFTY,2026-09-03,15:12,E_INCONCLUSIVE,,LIVE,7.75,4.081419000001915,1.287554,-2.584629,0.514634,-24895.0,-10205.0,-167570.0,-96395.0,-0.182907,0.082966,0.09173700000000001,,,
NIFTY,2026-09-03,15:14,C_BOTH_MOVED_TOGETHER,1,LIVE,12.450000000000728,5.346137999997154,2.594952,-2.745463,0.590878,-105235.0,-39000.0,212030.0,98995.0,-0.325587,0.384143,-0.005967,,,
NIFTY,2026-09-03,15:21,D_UNDERLYING_STALE_OPTIONS_MOVED,-1,STALE,,-15.072070999998687,-6.464599,7.758621,-0.688084,0.0,0.0,524290.0,308815.0,-0.568311,0.687782,0.25643699999999997,15:29,-30.649999999997817,True
NIFTY,2026-09-03,15:28,D_UNDERLYING_STALE_OPTIONS_MOVED,-1,STALE,,-10.372041000002355,-5.052372,4.083855,-0.550969,-23920.0,-85085.0,176995.0,64675.0,-0.562322,0.332099,-0.04363299999999998,15:29,-30.649999999997817,True
SENSEX,2026-09-03,15:04,B_OPTIONS_MOVED_FIRST,-1,LIVE,-7.25,-25.341207999998005,-11.847163,8.624916,-0.588464,0.0,0.0,72300.0,-257720.0,-1.180708,0.559463,-0.07220499999999999,15:05,-30.369999999995343,True
SENSEX,2026-09-03,15:05,C_BOTH_MOVED_TOGETHER,-1,LIVE,-30.369999999995343,-44.79146700000274,-18.273288,24.588637,-0.816303,77780.0,40800.0,992660.0,3859940.0,-1.413257,0.386574,0.32268300000000005,,,
SENSEX,2026-09-03,15:06,B_OPTIONS_MOVED_FIRST,1,LIVE,7.059999999997672,18.18449800000235,8.260524,-9.892848,-0.850646,0.0,0.0,202120.0,780340.0,1.087369,-0.98663,-0.256466,15:07,10.879999999990105,
SENSEX,2026-09-03,15:10,C_BOTH_MOVED_TOGETHER,1,LIVE,28.989999999990687,42.811487999992096,22.262268,-17.555147,0.675135,-151580.0,-311560.0,867180.0,588940.0,0.963602,-0.309893,-0.005130000000000023,,,
SENSEX,2026-09-03,15:11,E_INCONCLUSIVE,,LIVE,22.05000000000291,-11.767938000004506,-3.8322,6.800446,0.743335,0.0,0.0,317180.0,36940.0,-1.691213,2.771355,-0.03631599999999999,,,
SENSEX,2026-09-03,15:12,E_INCONCLUSIVE,,LIVE,-35.91000000000349,11.461538000003202,7.380335,-2.651357,0.580105,0.0,0.0,-1119960.0,-456400.0,2.972234,-3.424763,-0.06012300000000001,,,
SENSEX,2026-09-03,15:14,C_BOTH_MOVED_TOGETHER,1,LIVE,43.66000000000349,74.6328530000028,40.776366,-23.580605,0.519896,0.0,0.0,1192720.0,210020.0,1.985284,-1.604986,-0.014259000000000022,,,
SENSEX,2026-09-03,15:15,B_OPTIONS_MOVED_FIRST,-1,LIVE,-11.740000000005239,-31.16416700000991,-13.759136,15.689066,0.738309,0.0,0.0,441680.0,1243360.0,-2.063439,0.983946,0.07563400000000003,15:29,-401.3399999999965,True
SENSEX,2026-09-03,15:17,D_UNDERLYING_STALE_OPTIONS_MOVED,-1,STALE,,-20.34115799999563,-8.610914,8.318717,-0.530881,0.0,0.0,362280.0,410220.0,-1.469848,1.062927,0.09758299999999998,15:29,-401.3399999999965,True
SENSEX,2026-09-03,15:18,D_UNDERLYING_STALE_OPTIONS_MOVED,1,STALE,,15.110128999993321,8.084529,-3.863058,-0.030365,-175940.0,-4820.0,-431740.0,-190500.0,1.357364,-0.527105,0.012672000000000017,15:29,-401.3399999999965,False
SENSEX,2026-09-03,15:20,D_UNDERLYING_STALE_OPTIONS_MOVED,-1,STALE,,-153.04000700000324,-55.706718,50.276625,-0.564533,0.0,0.0,1564420.0,4730560.0,-15.074807,4.768486,-0.15600399999999998,15:29,-401.3399999999965,True
SENSEX,2026-09-03,15:21,D_UNDERLYING_STALE_OPTIONS_MOVED,-1,STALE,,-106.36510699999053,-46.588854,49.981851,-0.858643,157260.0,-1334640.0,1857360.0,2604600.0,,4.826393,0.267814,15:29,-401.3399999999965,True
SENSEX,2026-09-03,15:22,D_UNDERLYING_STALE_OPTIONS_MOVED,-1,STALE,,-21.71599700000661,-6.894429,16.674734,-0.748792,0.0,0.0,-968460.0,-3944540.0,,2.410075,-0.100323,15:29,-401.3399999999965,True
SENSEX,2026-09-03,15:23,D_UNDERLYING_STALE_OPTIONS_MOVED,-1,STALE,,-40.46511900000041,-25.331858,4.729936,-0.823718,0.0,0.0,528120.0,580520.0,,0.600456,-0.03428300000000001,15:29,-401.3399999999965,True
SENSEX,2026-09-03,15:24,D_UNDERLYING_STALE_OPTIONS_MOVED,1,STALE,,21.234163999994053,6.469136,-16.491841,-0.678614,525300.0,-724700.0,-174800.0,-630880.0,,-2.082618,0.074762,15:29,-401.3399999999965,False
SENSEX,2026-09-03,15:25,D_UNDERLYING_STALE_OPTIONS_MOVED,-1,STALE,,-58.41542199999094,-41.141002,18.178646,-0.642982,0.0,0.0,386700.0,-39700.0,,2.053328,0.574568,15:29,-401.3399999999965,True
SENSEX,2026-09-03,15:26,D_UNDERLYING_STALE_OPTIONS_MOVED,-1,STALE,,-70.96568200000911,-45.452756,23.073286,-0.777363,341580.0,-329360.0,1149700.0,2006640.0,,2.177854,-0.296041,15:29,-401.3399999999965,True
SENSEX,2026-09-03,15:27,D_UNDERLYING_STALE_OPTIONS_MOVED,-1,STALE,,-54.64073699999426,-52.219415,21.129466,-0.669105,0.0,0.0,2961660.0,624580.0,,2.321981,0.25675900000000007,15:29,-401.3399999999965,True
SENSEX,2026-09-03,15:28,D_UNDERLYING_STALE_OPTIONS_MOVED,1,STALE,,77.10946100000001,-58.987915,-69.394228,-0.332757,0.0,0.0,431480.0,714520.0,,-10.043887,11.248351999999999,15:29,-401.3399999999965,False
NIFTY,2026-09-04,15:04,A_UNDERLYING_MOVED_FIRST,-1,LIVE,-5.100000000002183,-2.1651289999972505,-1.062778,1.28082,-0.250614,-36725.0,-187265.0,192010.0,363805.0,0.129491,-0.139394,0.052086999999999994,,,
NIFTY,2026-09-04,15:06,A_UNDERLYING_MOVED_FIRST,1,LIVE,6.549999999999272,4.1706970000013825,1.811321,-2.498438,0.017053,-95290.0,-258180.0,-159315.0,-635115.0,-0.100691,0.062936,0.196783,,,
NIFTY,2026-09-04,15:14,A_UNDERLYING_MOVED_FIRST,-1,LIVE,-7.100000000002183,-4.6827549999979965,-2.199904,2.753816,0.22482,-3965.0,-145600.0,-566410.0,-1871155.0,0.229179,-0.182329,0.22939900000000002,,,
NIFTY,2026-09-04,15:20,D_UNDERLYING_STALE_OPTIONS_MOVED,-1,STALE,,-29.700709000000643,-15.844984,15.631196,-0.735862,-61750.0,-147940.0,2652910.0,3424850.0,-1.552847,1.140025,0.377186,15:29,-40.20000000000073,True
NIFTY,2026-09-04,15:21,D_UNDERLYING_STALE_OPTIONS_MOVED,1,STALE,,13.627947000000859,8.160886,-4.687053,-0.584965,-486330.0,-1181310.0,-783640.0,94250.0,0.673284,-0.384136,-0.47953100000000004,15:29,-40.20000000000073,False
NIFTY,2026-09-04,15:29,D_UNDERLYING_STALE_OPTIONS_MOVED,-1,CLOSING_STATE_UNCERTAIN,,-11.572046000001137,-6.812062,6.589147,-0.727005,-73255.0,-133055.0,360555.0,716755.0,1.33069,-1.486906,-0.034167999999999976,,,
SENSEX,2026-09-04,15:05,A_UNDERLYING_MOVED_FIRST,-1,LIVE,-25.160000000003492,-6.847869000004721,-0.789149,0.960783,-0.513101,-7140.0,-17480.0,13420.0,15880.0,0.206085,-0.194931,0.10060599999999997,,,
SENSEX,2026-09-04,15:06,C_BOTH_MOVED_TOGETHER,1,LIVE,30.5,20.495273000007728,2.156351,-2.543692,0.221091,0.0,0.0,1040.0,-10940.0,-0.098155,0.034536,-0.23640499999999998,,,
SENSEX,2026-09-04,15:15,A_UNDERLYING_MOVED_FIRST,1,LIVE,16.95000000001164,-0.07137000000511762,-0.148699,-0.455717,-0.043047,0.0,0.0,2780.0,1960.0,-0.213565,0.166488,-0.09905900000000001,,,
SENSEX,2026-09-04,15:20,D_UNDERLYING_STALE_OPTIONS_MOVED,-1,STALE,,-71.03628500000923,-9.525363,6.915111,-0.646826,0.0,0.0,79580.0,107540.0,-1.072002,0.606264,0.16488599999999998,15:30,-130.45000000001164,True
SENSEX,2026-09-04,15:21,D_UNDERLYING_STALE_OPTIONS_MOVED,1,STALE,,18.219017000010354,3.130821,-1.306315,-0.640878,-4080.0,-86780.0,9560.0,85900.0,0.322012,-0.097411,-0.16061899999999998,15:30,-130.45000000001164,False
SENSEX,2026-09-04,15:26,D_UNDERLYING_STALE_OPTIONS_MOVED,1,STALE,,17.455000000001746,1.299497,-2.899143,0.17337,-6580.0,-5460.0,10780.0,23300.0,0.114541,-0.291064,0.07552700000000001,15:30,-130.45000000001164,False
SENSEX,2026-09-04,15:27,D_UNDERLYING_STALE_OPTIONS_MOVED,1,STALE,,19.8594379999995,3.21714,-1.820257,0.53894,0.0,0.0,8300.0,-9580.0,0.318467,-0.238564,0.031086999999999976,15:30,-130.45000000001164,False
SENSEX,2026-09-04,15:29,D_UNDERLYING_STALE_OPTIONS_MOVED,-1,STALE,,-24.751940999994986,-3.097604,2.857339,-0.370842,-14820.0,-44680.0,7560.0,41220.0,-0.375959,0.231342,-0.03872599999999998,15:30,-130.45000000001164,True
NIFTY,2026-09-07,15:01,C_BOTH_MOVED_TOGETHER,1,LIVE,7.0,5.8483740000010584,3.924974,-5.028854,0.534708,-73580.0,-95745.0,-31395.0,534170.0,-0.032392,0.395261,-0.079963,,,
NIFTY,2026-09-07,15:03,E_INCONCLUSIVE,,LIVE,5.0,2.7848090000006778,1.981861,-2.608696,0.708903,57980.0,10335.0,49075.0,989820.0,-0.052175,0.292581,-0.069793,,,
NIFTY,2026-09-07,15:05,A_UNDERLYING_MOVED_FIRST,-1,LIVE,-5.80000000000291,-4.567359000000579,-2.290076,4.299645,-0.336318,-23270.0,-261755.0,567255.0,411710.0,0.160204,-0.305249,0.072602,,,
NIFTY,2026-09-07,15:09,A_UNDERLYING_MOVED_FIRST,-1,LIVE,-6.75,-4.913018000002921,-3.233256,4.801762,-0.452507,-192855.0,-265915.0,41600.0,-189280.0,0.220934,-0.731267,-0.129764,,,
NIFTY,2026-09-07,15:14,A_UNDERLYING_MOVED_FIRST,1,LIVE,7.94999999999709,3.204961999999796,2.117102,-2.944998,0.665629,-256490.0,-202280.0,584740.0,490425.0,-0.73989,1.296879,-0.00411499999999998,,,
NIFTY,2026-09-07,15:15,B_OPTIONS_MOVED_FIRST,-1,LIVE,0.7000000000007276,-7.283048000001145,-5.247813,4.997769,-0.353899,-476840.0,-219570.0,203840.0,181090.0,-0.53441,0.221703,0.147517,15:30,18.850000000002183,False
NIFTY,2026-09-07,15:19,D_UNDERLYING_STALE_OPTIONS_MOVED,-1,STALE,,-11.10923300000286,-8.068376,8.924777,-0.674481,-95745.0,-166140.0,3959540.0,3413995.0,-1.090925,0.970942,0.01800299999999999,15:30,18.850000000002183,False
NIFTY,2026-09-07,15:25,D_UNDERLYING_STALE_OPTIONS_MOVED,1,STALE,,5.502917999998317,2.514507,-5.201138,0.139638,-507650.0,-473005.0,794560.0,1491165.0,0.306691,-0.6038,-0.08495999999999998,15:30,18.850000000002183,True
NIFTY,2026-09-07,15:26,D_UNDERLYING_STALE_OPTIONS_MOVED,-1,STALE,,-7.759577999997418,-7.433962,5.315045,-0.3557,-249210.0,-420680.0,-578305.0,-690950.0,-0.939669,0.607213,-0.05728900000000001,15:30,18.850000000002183,False
NIFTY,2026-09-07,15:27,D_UNDERLYING_STALE_OPTIONS_MOVED,-1,STALE,,-5.175664000002143,-1.712189,5.331705,-0.584407,-401570.0,-410540.0,840645.0,1330225.0,-0.161047,0.631865,0.004260999999999987,15:30,18.850000000002183,False
SENSEX,2026-09-07,15:01,C_BOTH_MOVED_TOGETHER,1,LIVE,21.04000000000815,17.055687000000034,2.420019,-2.756859,0.469127,0.0,0.0,11980.0,6760.0,-0.031514,0.153139,-0.108433,,,
SENSEX,2026-09-07,15:03,E_INCONCLUSIVE,,LIVE,17.239999999990687,10.680687000000034,1.378556,-1.700844,0.572978,0.0,0.0,3640.0,3740.0,-0.140405,0.266231,-0.04554899999999998,,,
SENSEX,2026-09-07,15:08,B_OPTIONS_MOVED_FIRST,1,LIVE,13.690000000002328,17.688062999994145,2.710997,-2.429563,0.603207,0.0,0.0,18360.0,7060.0,0.120747,-0.036985,0.011527999999999997,15:09,-27.519999999989523,False
SENSEX,2026-09-07,15:09,C_BOTH_MOVED_TOGETHER,-1,LIVE,-27.519999999989523,-18.837650000001304,-2.525612,2.894608,0.033825,0.0,0.0,-5180.0,-7400.0,0.093498,-0.209194,-0.011648000000000006,,,
SENSEX,2026-09-07,15:12,C_BOTH_MOVED_TOGETHER,1,LIVE,28.89999999999418,15.627152000000933,2.036956,-2.565673,0.444153,0.0,0.0,6600.0,9820.0,0.030108,0.393401,0.08207,,,
SENSEX,2026-09-07,15:14,E_INCONCLUSIVE,,LIVE,37.580000000001746,11.569948999996996,0.774313,-2.406193,0.622401,0.0,0.0,-18780.0,-16100.0,-0.502781,0.557869,0.012679999999999997,,,
SENSEX,2026-09-07,15:15,B_OPTIONS_MOVED_FIRST,-1,LIVE,1.069999999992433,-17.361973999999464,-2.30509,2.679911,-0.144882,0.0,0.0,21440.0,3380.0,-0.27485,0.344049,0.07681199999999999,15:28,81.38999999999942,False
SENSEX,2026-09-07,15:19,D_UNDERLYING_STALE_OPTIONS_MOVED,-1,STALE,,-36.6512209999928,-5.963391,4.320354,-0.603551,0.0,0.0,43200.0,39500.0,-0.858637,0.445758,0.060460000000000014,15:28,81.38999999999942,False
SENSEX,2026-09-07,15:20,D_UNDERLYING_STALE_OPTIONS_MOVED,1,STALE,,15.091524000003119,1.593501,-2.077288,-0.558881,0.0,0.0,24600.0,68200.0,0.21284,-0.26491,-0.079516,15:28,81.38999999999942,True
SENSEX,2026-09-07,15:27,D_UNDERLYING_STALE_OPTIONS_MOVED,-1,STALE,,-24.112109000008786,-3.012088,4.164276,-0.490703,0.0,0.0,13240.0,-13540.0,-0.436786,0.421693,0.15502100000000002,15:28,81.38999999999942,False
SENSEX,2026-09-07,15:29,D_UNDERLYING_STALE_OPTIONS_MOVED,1,CLOSING_STATE_UNCERTAIN,,15.012854000000516,1.946314,-2.582448,-0.294912,-27000.0,-15160.0,10000.0,5900.0,0.193175,-0.314416,0.08263500000000001,,,
NIFTY,2026-09-08,15:02,A_UNDERLYING_MOVED_FIRST,1,LIVE,6.69999999999709,4.252238000000943,5.382908,-5.772231,0.639337,-278135.0,-503750.0,2300090.0,2028845.0,-0.357198,0.613322,0.09398000000000001,,,
NIFTY,2026-09-08,15:03,C_BOTH_MOVED_TOGETHER,-1,LIVE,-6.049999999999272,-6.295373999997537,-8.95208,7.615894,-0.528313,-475410.0,115180.0,468585.0,650260.0,-0.417211,-0.283027,0.03106500000000001,,,
NIFTY,2026-09-08,15:08,B_OPTIONS_MOVED_FIRST,-1,LIVE,-3.349999999998545,-5.2968089999994845,-8.560924,5.414013,-0.016774,-533455.0,-254280.0,-97695.0,-457600.0,-1.108133,0.135206,-0.09520699999999999,15:09,0.75,
NIFTY,2026-09-08,15:10,C_BOTH_MOVED_TOGETHER,1,LIVE,13.799999999999272,15.603159999998752,27.438371,-14.474227,0.796649,-494195.0,-99905.0,10003240.0,4753905.0,0.771647,1.752759,0.17368300000000003,,,
NIFTY,2026-09-08,15:12,C_BOTH_MOVED_TOGETHER,-1,LIVE,-5.149999999997817,-7.559320999996999,-6.901099,13.946869,0.629394,-1033240.0,-370565.0,-2865070.0,-4010045.0,-1.24856,1.092773,-0.11695300000000003,,,
NIFTY,2026-09-08,15:13,C_BOTH_MOVED_TOGETHER,-1,LIVE,-7.30000000000291,-17.184242000002996,-21.482531,20.482931,-0.662115,-760370.0,-594230.0,582205.0,3012815.0,-2.874762,0.852666,0.171937,,,
NIFTY,2026-09-08,15:14,B_OPTIONS_MOVED_FIRST,-1,LIVE,-2.2999999999992724,-10.496927000000142,-19.783524,5.805114,-0.741358,-1167465.0,-304005.0,7901140.0,13700375.0,-2.311843,-0.24042,-0.060944,15:15,-4.25,
NIFTY,2026-09-08,15:15,B_OPTIONS_MOVED_FIRST,-1,LIVE,-4.25,-10.322129999996832,-18.965517,10.842587,-0.704896,67990.0,-1844570.0,-3173105.0,-9659325.0,-2.115037,1.304979,0.25519200000000003,15:30,-4.950000000000728,
NIFTY,2026-09-08,15:16,D_UNDERLYING_STALE_OPTIONS_MOVED,-1,STALE,,-13.309712000002037,-26.419414,-1.253133,-0.668249,1641055.0,-1720420.0,6335485.0,11837085.0,,-0.115086,-0.18167500000000003,15:30,-4.950000000000728,
NIFTY,2026-09-08,15:17,D_UNDERLYING_STALE_OPTIONS_MOVED,1,STALE,,49.165146999999706,111.80758,-64.833968,0.547342,-363350.0,-198640.0,1300845.0,9695140.0,7.923434,-12.336073,0.039571999999999996,15:30,-4.950000000000728,
NIFTY,2026-09-08,15:18,D_UNDERLYING_STALE_OPTIONS_MOVED,-1,STALE,,-28.309290999997756,-39.573297,83.281734,0.256466,-699660.0,826995.0,-9806225.0,-7427160.0,-5.930208,5.542192,0.04264200000000001,15:30,-4.950000000000728,
NIFTY,2026-09-08,15:19,D_UNDERLYING_STALE_OPTIONS_MOVED,1,STALE,,13.090121999997791,33.826879,-14.10473,0.510087,335205.0,-6045.0,-3784755.0,-7793240.0,3.073166,-1.625055,0.05505700000000002,15:30,-4.950000000000728,
NIFTY,2026-09-08,15:20,D_UNDERLYING_STALE_OPTIONS_MOVED,-1,STALE,,-64.42170500000066,-77.76908,133.81295,-0.706655,90610.0,616915.0,6536010.0,10050560.0,,6.54399,0.19358699999999995,15:30,-4.950000000000728,
NIFTY,2026-09-08,15:21,D_UNDERLYING_STALE_OPTIONS_MOVED,-1,STALE,,-29.17193899999984,-47.124601,103.663004,-0.805886,1174745.0,-1339585.0,7831200.0,20004790.0,,4.471693,-0.09999499999999995,15:30,-4.950000000000728,
SENSEX,2026-09-08,15:03,C_BOTH_MOVED_TOGETHER,-1,LIVE,-17.54999999998836,-17.268716999999015,-2.777011,3.225806,0.114643,0.0,0.0,-16740.0,-8140.0,0.016378,-0.084244,0.07934100000000002,,,
SENSEX,2026-09-08,15:10,C_BOTH_MOVED_TOGETHER,1,LIVE,26.589999999996508,19.156135000012,2.757158,-3.630978,0.548479,-520.0,-280.0,11260.0,14100.0,-0.204653,0.08998,0.14648599999999998,,,
SENSEX,2026-09-08,15:11,E_INCONCLUSIVE,,LIVE,29.560000000012224,3.248550999996951,1.679332,-0.122958,0.794858,0.0,0.0,97240.0,87260.0,-0.350279,0.859598,-0.023101999999999956,,,
SENSEX,2026-09-08,15:12,E_INCONCLUSIVE,,LIVE,-15.669999999998254,-4.358095000003232,-0.036907,1.389377,0.595114,0.0,0.0,-77000.0,-74220.0,0.299768,-0.211121,9.599999999998499e-05,,,
SENSEX,2026-09-08,15:13,B_OPTIONS_MOVED_FIRST,-1,LIVE,1.5499999999883585,-17.358168000006117,-2.639838,3.573287,-0.436213,-44880.0,-6740.0,720.0,22760.0,-0.32542,0.411502,0.0070069999999999855,15:14,-49.429999999993015,True
SENSEX,2026-09-08,15:14,C_BOTH_MOVED_TOGETHER,-1,LIVE,-49.429999999993015,-36.76566699999967,-5.677204,6.969483,-0.705599,0.0,0.0,96080.0,91280.0,0.211992,-0.351616,0.072214,,,
SENSEX,2026-09-08,15:17,D_UNDERLYING_STALE_OPTIONS_MOVED,1,STALE,,22.098537999991095,2.507505,-3.882496,0.222458,0.0,0.0,-39040.0,39880.0,0.328666,-0.459738,-0.11199899999999999,15:29,-17.14999999999418,False
SENSEX,2026-09-08,15:20,D_UNDERLYING_STALE_OPTIONS_MOVED,-1,STALE,,-18.183390999998664,-3.245171,3.371,-0.473069,0.0,0.0,15120.0,28320.0,-0.392019,0.379341,0.06562400000000002,15:29,-17.14999999999418,True
SENSEX,2026-09-08,15:26,D_UNDERLYING_STALE_OPTIONS_MOVED,1,STALE,,25.976997000005213,3.023663,-6.419891,0.535884,-19260.0,-15320.0,-2100.0,4300.0,0.401239,-0.704999,0.07786800000000002,15:29,-17.14999999999418,False
NIFTY,2026-09-09,15:02,A_UNDERLYING_MOVED_FIRST,-1,LIVE,-5.099999999998545,-4.057822999999189,-1.697723,1.237416,-0.49693,-18070.0,-36725.0,204685.0,86255.0,0.028799,-0.134554,0.16992200000000002,,,
NIFTY,2026-09-09,15:03,C_BOTH_MOVED_TOGETHER,-1,LIVE,-5.900000000001455,-6.936408000001393,-2.969671,3.04537,-0.722709,-106340.0,-38870.0,99125.0,245635.0,-0.078934,0.080493,-0.035677000000000014,,,
NIFTY,2026-09-09,15:04,B_OPTIONS_MOVED_FIRST,-1,LIVE,-4.899999999997817,-5.454228999999032,-2.27914,2.513068,-0.692494,-67860.0,-58240.0,-81380.0,-21905.0,-0.017749,0.034414,-0.03936200000000001,15:05,-17.850000000002183,True
NIFTY,2026-09-09,15:05,C_BOTH_MOVED_TOGETHER,-1,LIVE,-17.850000000002183,-24.129204000000755,-7.561063,12.517883,-0.740721,120835.0,-115245.0,803790.0,1966640.0,-0.133821,0.392251,-0.061126,,,
NIFTY,2026-09-09,15:06,B_OPTIONS_MOVED_FIRST,1,LIVE,2.9500000000007276,7.70999799999845,2.117738,-3.326976,-0.675324,25545.0,-964600.0,-614510.0,-1360190.0,0.144592,-0.223013,0.03563400000000001,15:07,-0.7000000000007276,
NIFTY,2026-09-09,15:08,C_BOTH_MOVED_TOGETHER,1,LIVE,9.650000000001455,11.509979999998905,4.468882,-5.070474,0.633586,18785.0,-195.0,109265.0,182910.0,0.037314,-0.12016,0.034749,,,
NIFTY,2026-09-09,15:20,D_UNDERLYING_STALE_OPTIONS_MOVED,-1,STALE,,-6.544401999999536,-2.900992,1.006404,-0.416848,14950.0,-28990.0,721955.0,951470.0,-0.313756,0.094278,-0.11005999999999999,15:29,-30.950000000000728,True
NIFTY,2026-09-09,15:23,D_UNDERLYING_STALE_OPTIONS_MOVED,-1,STALE,,-9.903075999998691,-4.311008,3.304113,-0.59226,-71825.0,-91130.0,560365.0,529035.0,-0.436395,0.286325,0.08738700000000002,15:29,-30.950000000000728,True
NIFTY,2026-09-09,15:28,D_UNDERLYING_STALE_OPTIONS_MOVED,-1,STALE,,-5.56755400000111,-2.460938,1.770303,-0.206606,-51155.0,-65975.0,-53885.0,-83265.0,-0.273053,0.167897,0.005913000000000002,15:29,-30.950000000000728,True
SENSEX,2026-09-09,15:02,C_BOTH_MOVED_TOGETHER,-1,LIVE,-23.54000000000815,-20.60674800000561,-4.34868,3.897764,-0.615649,37340.0,-91420.0,219780.0,113080.0,-0.076009,-0.179094,0.0007860000000000089,,,
SENSEX,2026-09-09,15:03,B_OPTIONS_MOVED_FIRST,-1,LIVE,-12.129999999990105,-27.970159999997122,-6.291051,6.309963,-0.68358,0.0,0.0,61500.0,448640.0,-0.488178,0.278465,-0.005367999999999984,15:04,-13.710000000006403,
SENSEX,2026-09-09,15:04,B_OPTIONS_MOVED_FIRST,-1,LIVE,-13.710000000006403,-23.481933000002755,-5.125397,5.669328,-0.754135,0.0,0.0,33740.0,320200.0,-0.238794,0.243175,0.013017,15:05,-51.5,True
SENSEX,2026-09-09,15:05,C_BOTH_MOVED_TOGETHER,-1,LIVE,-51.5,-77.02700799999002,-13.492504,23.568836,-0.838259,68440.0,-70860.0,291680.0,725020.0,-0.749918,1.158694,0.13115499999999997,,,
SENSEX,2026-09-09,15:06,B_OPTIONS_MOVED_FIRST,1,LIVE,-6.569999999992433,15.375627999994322,4.000856,-3.028249,-0.738318,0.0,0.0,-210760.0,-414320.0,0.842382,-0.660854,-0.17938999999999997,15:07,-6.820000000006985,
SENSEX,2026-09-09,15:08,C_BOTH_MOVED_TOGETHER,1,LIVE,30.660000000003492,42.73422399999981,9.138682,-9.72578,0.548033,0.0,0.0,242720.0,427140.0,0.116706,-0.410873,-0.025548,,,
SENSEX,2026-09-09,15:09,E_INCONCLUSIVE,,LIVE,27.830000000001746,1.9022899999981746,0.963006,0.367879,0.658142,0.0,0.0,44960.0,-297500.0,-0.437239,1.066713,0.138463,,,
SENSEX,2026-09-09,15:12,B_OPTIONS_MOVED_FIRST,-1,LIVE,-10.35000000000582,-18.39643100000103,-4.052198,4.548751,-0.438514,0.0,0.0,121360.0,161180.0,-0.200692,0.228237,-0.08384,15:13,6.580000000001746,
SENSEX,2026-09-09,15:15,B_OPTIONS_MOVED_FIRST,-1,LIVE,5.5,-26.76775099999213,-5.791803,6.346351,-0.646666,0.0,0.0,433160.0,376920.0,-1.034298,0.875034,-0.02095699999999999,15:28,-131.13000000000466,True
SENSEX,2026-09-09,15:16,D_UNDERLYING_STALE_OPTIONS_MOVED,1,STALE,,16.33727999999246,4.18212,-3.466356,-0.25066,-48640.0,-66420.0,-369080.0,-145880.0,0.463361,-0.587591,0.172074,15:28,-131.13000000000466,False
SENSEX,2026-09-09,15:17,D_UNDERLYING_STALE_OPTIONS_MOVED,-1,STALE,,-20.804816999996547,-3.928536,5.192187,-0.472191,0.0,0.0,-68780.0,-107740.0,-0.566289,0.573685,-0.06858800000000001,15:28,-131.13000000000466,True
SENSEX,2026-09-09,15:18,D_UNDERLYING_STALE_OPTIONS_MOVED,1,STALE,,18.78035899999668,5.675222,-3.272867,0.483766,163060.0,-43620.0,171580.0,166280.0,0.654357,-0.489277,-0.152802,15:28,-131.13000000000466,False
SENSEX,2026-09-09,15:20,D_UNDERLYING_STALE_OPTIONS_MOVED,-1,STALE,,-26.977161000002525,-5.961443,6.680636,-0.4945,0.0,0.0,166980.0,222920.0,-0.839428,0.806697,-0.0022240000000000038,15:28,-131.13000000000466,True
SENSEX,2026-09-09,15:23,D_UNDERLYING_STALE_OPTIONS_MOVED,-1,STALE,,-37.48704700000235,-8.93702,8.930277,-0.642637,0.0,0.0,122380.0,296680.0,-1.216849,1.060216,0.02682800000000002,15:28,-131.13000000000466,True
SENSEX,2026-09-09,15:28,D_UNDERLYING_STALE_OPTIONS_MOVED,-1,CLOSING_STATE_UNCERTAIN,,-15.987231999999494,-4.041934,3.274365,-0.559357,0.0,0.0,-6020.0,-31660.0,3.050518,-3.603559,0.08166500000000002,15:29,-131.13000000000466,True
SENSEX,2026-09-09,15:29,D_UNDERLYING_STALE_OPTIONS_MOVED,-1,CLOSING_STATE_UNCERTAIN,,-54.222945000001346,-10.307273,15.992499,-0.757071,14640.0,-104320.0,259960.0,788920.0,-1.421077,1.670352,-0.031142000000000003,,,
NIFTY,2026-09-10,15:01,C_BOTH_MOVED_TOGETHER,-1,LIVE,-10.399999999997817,-10.661462000000029,-5.606759,4.995459,-0.706202,-37440.0,-215150.0,807560.0,1849575.0,-0.057832,-0.00154,-0.035997,,,
NIFTY,2026-09-10,15:06,A_UNDERLYING_MOVED_FIRST,-1,LIVE,-7.049999999999272,-4.079324999998789,-1.661759,2.325581,-0.211839,54080.0,-22555.0,-22165.0,200785.0,0.164326,-0.104367,-0.08625,,,
NIFTY,2026-09-10,15:07,B_OPTIONS_MOVED_FIRST,1,LIVE,3.400000000001455,6.05291600000055,2.352941,-3.328418,0.133531,-40365.0,-43030.0,90805.0,148720.0,0.061422,-0.185432,-0.07488,15:08,-1.2000000000007276,
NIFTY,2026-09-10,15:12,B_OPTIONS_MOVED_FIRST,-1,LIVE,-4.0,-6.1401760000007926,-2.806069,3.134369,-0.464057,-67925.0,-133315.0,82420.0,449150.0,-0.225207,0.050806,-0.09381500000000001,15:13,3.149999999997817,
NIFTY,2026-09-10,15:16,D_UNDERLYING_STALE_OPTIONS_MOVED,1,STALE,,8.740749999997206,3.842987,-4.466395,0.459395,-44265.0,-123305.0,-115830.0,-58435.0,0.319632,-0.471456,-0.013217000000000007,15:29,88.54999999999927,True
NIFTY,2026-09-10,15:17,D_UNDERLYING_STALE_OPTIONS_MOVED,-1,STALE,,-6.02419099999679,-2.22046,3.663745,0.242822,-130325.0,-21060.0,-81055.0,-76570.0,-0.183307,0.386857,-0.10453499999999999,15:29,88.54999999999927,False
NIFTY,2026-09-10,15:20,D_UNDERLYING_STALE_OPTIONS_MOVED,1,STALE,,13.162671999998565,4.731947,-8.126604,0.58217,-23010.0,-21450.0,234845.0,336180.0,0.373599,-0.858329,0.028411999999999993,15:29,88.54999999999927,True
NIFTY,2026-09-10,15:21,D_UNDERLYING_STALE_OPTIONS_MOVED,1,STALE,,6.6148229999998875,2.507182,-2.956238,0.639553,-119080.0,-164970.0,169260.0,123305.0,0.202903,-0.314685,0.09807799999999997,15:29,88.54999999999927,True
NIFTY,2026-09-10,15:22,D_UNDERLYING_STALE_OPTIONS_MOVED,-1,STALE,,-5.438464999999269,-2.089172,3.262173,0.52632,-78650.0,-115375.0,-37505.0,-220155.0,-0.183279,0.36484,0.005436000000000052,15:29,88.54999999999927,False
NIFTY,2026-09-10,15:23,D_UNDERLYING_STALE_OPTIONS_MOVED,1,STALE,,9.360603000000992,4.033307,-5.969803,0.508373,-76700.0,-23140.0,-195520.0,-131820.0,0.369065,-0.580365,0.039936999999999945,15:29,88.54999999999927,True
NIFTY,2026-09-10,15:29,D_UNDERLYING_STALE_OPTIONS_MOVED,1,CLOSING_STATE_UNCERTAIN,,6.064476999999897,3.136763,-3.052326,0.533464,-12935.0,-21060.0,80600.0,215930.0,-4.042859,3.524668,0.041029999999999955,15:30,88.54999999999927,True
NIFTY,2026-09-10,15:30,D_UNDERLYING_STALE_OPTIONS_MOVED,1,CLOSING_STATE_UNCERTAIN,,13.113882999998168,6.009732,-6.671664,0.765973,-99970.0,-23335.0,272870.0,165555.0,0.597532,-0.631838,0.029351000000000016,,,
SENSEX,2026-09-10,15:01,C_BOTH_MOVED_TOGETHER,-1,LIVE,-66.69999999999709,-50.66686300000583,-19.80961,10.857364,-0.826809,0.0,0.0,1266540.0,3121300.0,0.625554,-2.304348,-0.038402999999999965,,,
SENSEX,2026-09-10,15:02,E_INCONCLUSIVE,,LIVE,50.45999999999185,1.7592510000104085,1.714716,1.117318,-0.666334,467220.0,-776480.0,-490320.0,-2226740.0,-3.55871,3.634174,-0.04149800000000001,,,
SENSEX,2026-09-10,15:03,E_INCONCLUSIVE,,LIVE,-17.720000000001164,1.7865869999950519,0.518711,-1.053177,-0.578967,0.0,0.0,-650480.0,-887980.0,1.685546,-1.359195,-0.0011480000000000101,,,
SENSEX,2026-09-10,15:05,A_UNDERLYING_MOVED_FIRST,-1,LIVE,-16.819999999992433,-3.215835999988485,-0.506238,2.28013,0.19715,229500.0,-13340.0,83140.0,-381980.0,1.199569,-0.489516,0.0012880000000000114,,,
SENSEX,2026-09-10,15:06,B_OPTIONS_MOVED_FIRST,-1,LIVE,-7.570000000006985,-23.84380400000373,-10.376158,6.404812,-0.573015,0.0,0.0,200100.0,214860.0,-1.317549,0.60445,-0.011097999999999997,15:07,18.139999999999418,False
SENSEX,2026-09-10,15:07,E_INCONCLUSIVE,,LIVE,18.139999999999418,5.1368470000015805,-3.142741,-5.936149,-0.651549,168900.0,-104480.0,1232000.0,2128500.0,-1.670542,-0.026383,0.04976200000000003,,,
SENSEX,2026-09-10,15:08,E_INCONCLUSIVE,,LIVE,-24.59999999999127,-14.816367999999784,0.041867,10.358847,-0.590879,0.0,0.0,-1060140.0,-1707740.0,1.627738,0.447425,-0.00012300000000003974,,,
SENSEX,2026-09-10,15:09,A_UNDERLYING_MOVED_FIRST,1,LIVE,15.539999999993597,6.2329029999964405,4.456999,-0.336377,-0.038258,0.0,0.0,-79380.0,-611880.0,-0.351604,0.788031,-0.13269199999999998,,,
SENSEX,2026-09-10,15:12,B_OPTIONS_MOVED_FIRST,-1,LIVE,1.7600000000093132,-37.74146699999983,-12.530748,17.15847,-0.533716,0.0,0.0,84800.0,645780.0,-3.912893,2.890389,0.06739,15:13,17.889999999999418,False
SENSEX,2026-09-10,15:13,C_BOTH_MOVED_TOGETHER,1,LIVE,17.889999999999418,34.73465800000122,19.086935,-10.078783,0.042647,58720.0,-179760.0,571920.0,709180.0,1.232712,-1.229464,-0.03767300000000001,,,
SENSEX,2026-09-10,15:15,B_OPTIONS_MOVED_FIRST,-1,LIVE,-4.429999999993015,-39.64040400000522,-12.362676,15.421687,-0.23221,0.0,0.0,331800.0,1009100.0,-3.034707,2.391988,0.07869699999999999,15:30,273.0899999999965,False
SENSEX,2026-09-10,15:16,D_UNDERLYING_STALE_OPTIONS_MOVED,1,STALE,,17.13420099999348,5.093621,-5.584551,-0.601218,31420.0,-439620.0,-209560.0,-366740.0,1.287433,-1.085038,-0.10597499999999999,15:30,273.0899999999965,True
SENSEX,2026-09-10,15:17,D_UNDERLYING_STALE_OPTIONS_MOVED,1,STALE,,76.78388000000268,19.391472,-28.559682,0.63539,0.0,0.0,1100000.0,2016560.0,2.947473,-6.710382,0.07576500000000003,15:30,273.0899999999965,True
SENSEX,2026-09-10,15:18,D_UNDERLYING_STALE_OPTIONS_MOVED,-1,STALE,,-72.11607099999674,-18.561027,33.244326,0.503924,-128260.0,-13300.0,-525740.0,-2334180.0,-5.627657,4.269564,0.409925,15:30,273.0899999999965,False
SENSEX,2026-09-10,15:19,D_UNDERLYING_STALE_OPTIONS_MOVED,1,STALE,,18.709929999997257,8.117174,-0.96867,0.533874,0.0,0.0,-212620.0,-14600.0,1.226792,-0.27351,-0.40752,15:30,273.0899999999965,True
SENSEX,2026-09-10,15:20,D_UNDERLYING_STALE_OPTIONS_MOVED,1,STALE,,233.13332300000184,97.293447,-59.553204,0.690726,0.0,0.0,2094260.0,650880.0,7.395101,,0.143658,15:30,273.0899999999965,True
SENSEX,2026-09-10,15:21,D_UNDERLYING_STALE_OPTIONS_MOVED,1,STALE,,203.23472000000766,63.373621,-66.048667,0.769826,-1655300.0,144360.0,5282880.0,1917260.0,5.301235,,0.01709299999999997,15:30,273.0899999999965,True
SENSEX,2026-09-10,15:22,D_UNDERLYING_STALE_OPTIONS_MOVED,-1,STALE,,-336.5911699999997,-80.752356,548.142165,0.228233,0.0,0.0,-119740.0,3721500.0,-32.635629,,0.478356,15:30,273.0899999999965,False
SENSEX,2026-09-10,15:23,D_UNDERLYING_STALE_OPTIONS_MOVED,1,STALE,,303.53392899999744,915.41502,-69.254327,0.758331,0.0,0.0,645880.0,-1939300.0,13.166491,,-0.07229799999999997,15:30,273.0899999999965,True
SENSEX,2026-09-10,15:24,D_UNDERLYING_STALE_OPTIONS_MOVED,-1,STALE,,-32.140156000008574,-27.516179,1.508516,-0.654708,242980.0,-408780.0,-4331820.0,551100.0,-4.672006,,-0.610059,15:30,273.0899999999965,False
SENSEX,2026-09-10,15:25,D_UNDERLYING_STALE_OPTIONS_MOVED,1,STALE,,19.409299999999348,21.644089,1.629914,0.624456,0.0,0.0,-2468700.0,-607440.0,2.739976,,0.310516,15:30,273.0899999999965,True
SENSEX,2026-09-10,15:26,D_UNDERLYING_STALE_OPTIONS_MOVED,-1,STALE,,-63.566021999999066,-61.452797,0.566038,-0.325922,-445680.0,850680.0,1528720.0,232500.0,-9.773181,,0.625057,15:30,273.0899999999965,False
SENSEX,2026-09-10,15:27,D_UNDERLYING_STALE_OPTIONS_MOVED,1,STALE,,102.1342880000011,122.564103,-59.596147,0.462373,0.0,0.0,2910200.0,730680.0,5.227115,,-0.260219,15:30,273.0899999999965,True
SENSEX,2026-09-10,15:28,D_UNDERLYING_STALE_OPTIONS_MOVED,1,STALE,,58.08438600000227,50.115207,-59.376433,0.686478,0.0,0.0,2777220.0,5617400.0,3.919524,,1.841196,15:30,273.0899999999965,True
SENSEX,2026-09-10,15:29,D_UNDERLYING_STALE_OPTIONS_MOVED,-1,STALE,,-136.50328699999955,-88.807992,203.125,0.354743,-1105780.0,1985160.0,-1030600.0,-103140.0,-21.352138,,-2.460283,15:30,273.0899999999965,False
NIFTY,2026-09-11,15:02,C_BOTH_MOVED_TOGETHER,-1,LIVE,-12.350000000002183,-7.657903999999689,-3.594937,2.238806,-0.789809,-36595.0,50635.0,772005.0,595725.0,0.174993,-0.335996,0.007552000000000003,,,
NIFTY,2026-09-11,15:04,C_BOTH_MOVED_TOGETHER,-1,LIVE,-6.799999999999272,-10.69361900000149,-4.89426,4.98615,-0.709191,13455.0,78780.0,462670.0,1176760.0,-0.300988,0.165921,0.09864900000000001,,,
NIFTY,2026-09-11,15:05,C_BOTH_MOVED_TOGETHER,-1,LIVE,-10.400000000001455,-13.671770000000834,-5.717916,6.807388,-0.740162,32760.0,-267215.0,697970.0,1267045.0,-0.140047,0.206552,-0.07443500000000003,,,
NIFTY,2026-09-11,15:06,B_OPTIONS_MOVED_FIRST,1,LIVE,4.200000000000728,12.149120000001858,5.637916,-5.237154,-0.650252,-144950.0,-301470.0,-154375.0,-82615.0,0.420543,-0.467856,0.11798700000000001,15:07,5.799999999999272,True
NIFTY,2026-09-11,15:07,E_INCONCLUSIVE,,LIVE,5.799999999999272,-0.36858199999915087,-0.361471,0.026069,-0.323154,51090.0,129415.0,-624975.0,-1864265.0,-0.244879,0.280423,-0.041600000000000026,,,
NIFTY,2026-09-11,15:08,E_INCONCLUSIVE,,LIVE,9.549999999999272,4.5136619999975665,2.936242,-3.117102,0.660184,69290.0,-74165.0,521755.0,164645.0,-0.245407,0.224335,0.015583000000000014,,,
NIFTY,2026-09-11,15:09,B_OPTIONS_MOVED_FIRST,1,LIVE,2.9500000000007276,5.0029170000016165,2.010323,-1.23913,0.655111,136890.0,-165880.0,-290615.0,-263640.0,0.119238,-0.124598,-0.005352999999999997,15:10,3.75,
NIFTY,2026-09-11,15:11,E_INCONCLUSIVE,,LIVE,6.75,4.113546000000497,2.138624,-1.112595,0.564742,-65715.0,-52910.0,-173810.0,-113620.0,-0.115854,0.205771,-0.05585000000000001,,,
NIFTY,2026-09-11,15:12,C_BOTH_MOVED_TOGETHER,1,LIVE,7.200000000000728,11.627909999999247,4.313824,-6.390639,0.663771,-123500.0,-51285.0,358345.0,236405.0,0.022501,-0.324868,0.040022,,,
NIFTY,2026-09-11,15:13,C_BOTH_MOVED_TOGETHER,-1,LIVE,-5.900000000001455,-7.522128000000521,-4.135429,3.125,0.633994,-138125.0,-41665.0,-175695.0,-41535.0,-0.092948,0.015602,-0.040022,,,
NIFTY,2026-09-11,15:14,B_OPTIONS_MOVED_FIRST,1,LIVE,3.2000000000007276,7.895758999999089,2.926337,-4.475524,0.497054,-4420.0,47450.0,-701870.0,-120120.0,0.07472,-0.24801,0.092302,15:15,7.799999999999272,True
NIFTY,2026-09-11,15:15,C_BOTH_MOVED_TOGETHER,1,LIVE,7.799999999999272,17.98858200000177,8.088235,-7.979502,0.626047,-18980.0,-25935.0,995865.0,719550.0,0.439325,-0.50901,0.06869400000000003,,,
NIFTY,2026-09-11,15:16,D_UNDERLYING_STALE_OPTIONS_MOVED,-1,STALE,,-13.500739999999496,-5.895692,5.277115,0.672498,-161200.0,-1365.0,560105.0,-105040.0,-0.609757,0.502151,-0.17004100000000003,15:30,-37.0,True
NIFTY,2026-09-11,15:18,D_UNDERLYING_STALE_OPTIONS_MOVED,-1,STALE,,-6.054389999997511,-2.92113,3.087045,-0.489479,-62465.0,4615.0,-578695.0,-230230.0,-0.321884,0.288678,-0.09151100000000001,15:30,-37.0,True
NIFTY,2026-09-11,15:20,D_UNDERLYING_STALE_OPTIONS_MOVED,1,STALE,,8.977915999999823,3.710116,-5.259222,0.503256,16250.0,-22100.0,1122615.0,605995.0,0.373639,-0.530844,0.08654900000000001,15:30,-37.0,False
NIFTY,2026-09-11,15:23,D_UNDERLYING_STALE_OPTIONS_MOVED,-1,STALE,,-10.125789000001532,-5.156951,6.246719,-0.533297,-234260.0,-100880.0,-159185.0,239525.0,-0.540749,0.626642,0.16302300000000003,15:30,-37.0,True
NIFTY,2026-09-11,15:25,D_UNDERLYING_STALE_OPTIONS_MOVED,-1,STALE,,-11.590205000000424,-5.30719,6.37037,-0.48813,48620.0,-49140.0,-632450.0,-348660.0,-0.476336,0.651558,-0.151002,15:30,-37.0,True
NIFTY,2026-09-11,15:26,D_UNDERLYING_STALE_OPTIONS_MOVED,1,STALE,,5.227872999999818,1.849807,-3.365831,-0.416363,-136110.0,-73255.0,-277160.0,32760.0,0.165008,-0.342151,0.16063999999999998,15:30,-37.0,False
NIFTY,2026-09-11,15:29,D_UNDERLYING_STALE_OPTIONS_MOVED,-1,STALE,,-6.272108999997727,-3.576341,3.177298,-0.523258,-217490.0,-141245.0,918060.0,647725.0,-0.297531,0.363503,0.01020399999999999,15:30,-37.0,True
SENSEX,2026-09-11,15:02,C_BOTH_MOVED_TOGETHER,-1,LIVE,-21.59000000001106,-28.640783999988344,-3.329897,2.426882,-0.668848,-4240.0,-1380.0,22320.0,20980.0,-0.122175,0.059395,-0.013516,,,
SENSEX,2026-09-11,15:04,C_BOTH_MOVED_TOGETHER,-1,LIVE,-24.369999999995343,-20.654936999999336,-2.687659,1.726589,-0.622893,0.0,0.0,11560.0,15900.0,0.014845,-0.140835,0.18697299999999997,,,
SENSEX,2026-09-11,15:05,C_BOTH_MOVED_TOGETHER,-1,LIVE,-21.089999999996508,-23.96967500000028,-2.659212,2.206367,-0.550569,12300.0,10200.0,-6500.0,-1180.0,-0.090046,0.024485,-0.10075799999999999,,,
SENSEX,2026-09-11,15:06,E_INCONCLUSIVE,,LIVE,-19.410000000003492,1.4558359999937238,0.274684,0.13425,-0.658084,0.0,0.0,6360.0,22100.0,0.304844,-0.1678,0.129084,,,
SENSEX,2026-09-11,15:07,C_BOTH_MOVED_TOGETHER,1,LIVE,33.830000000001746,18.42339300000458,2.474916,-1.475114,-0.103521,-19100.0,-12840.0,-28820.0,300.0,-0.112203,0.23823,-0.104848,,,
SENSEX,2026-09-11,15:08,E_INCONCLUSIVE,,LIVE,20.919999999998254,13.88802399999986,1.414273,-1.259234,0.532588,0.0,0.0,12680.0,1920.0,-0.08615,0.062432,0.104846,,,
SENSEX,2026-09-11,15:09,C_BOTH_MOVED_TOGETHER,1,LIVE,20.229999999995925,19.063097999998718,2.231281,-1.556459,0.571845,0.0,0.0,-25460.0,-12740.0,-0.013038,0.093324,-0.069046,,,
SENSEX,2026-09-11,15:10,E_INCONCLUSIVE,,LIVE,21.930000000007567,7.784289999995963,1.243442,-0.673229,0.644579,1320.0,820.0,11480.0,-4900.0,-0.152067,0.12186,-0.19949999999999998,,,
SENSEX,2026-09-11,15:11,E_INCONCLUSIVE,,LIVE,15.220000000001164,11.719425000002957,1.191895,-0.96534,0.612877,0.0,0.0,2160.0,5740.0,-0.059418,0.128974,0.16375399999999998,,,
SENSEX,2026-09-11,15:12,C_BOTH_MOVED_TOGETHER,1,LIVE,21.330000000001746,34.43116900000314,2.581042,-4.728574,0.608113,0.0,0.0,11020.0,12800.0,0.062929,-0.316391,-0.004380999999999996,,,
SENSEX,2026-09-11,15:13,B_OPTIONS_MOVED_FIRST,-1,LIVE,-13.220000000001164,-28.10171800000535,-2.336379,3.629932,0.500004,8180.0,3380.0,5160.0,-6500.0,-0.132484,0.267665,0.10629400000000003,15:14,11.209999999991851,
SENSEX,2026-09-11,15:14,B_OPTIONS_MOVED_FIRST,1,LIVE,11.209999999991851,26.42430400000012,1.957777,-3.502783,0.49438,0.0,0.0,-16000.0,-8660.0,0.074627,-0.283132,-0.015327000000000035,15:15,59.19000000000233,True
SENSEX,2026-09-11,15:15,E_INCONCLUSIVE,,LIVE,59.19000000000233,14.233156999995117,1.03717,-1.428925,0.364171,0.0,0.0,34960.0,21600.0,-0.63769,0.558798,-0.19411899999999999,,,
SENSEX,2026-09-11,15:18,D_UNDERLYING_STALE_OPTIONS_MOVED,-1,STALE,,-20.882402000002912,-1.670727,2.428853,-0.331308,-7520.0,33420.0,-14500.0,-10800.0,-0.244641,0.285224,-0.06796700000000003,15:29,-132.3000000000029,True
SENSEX,2026-09-11,15:20,D_UNDERLYING_STALE_OPTIONS_MOVED,1,STALE,,22.87307200000214,2.39003,-2.718777,0.055223,0.0,0.0,52720.0,21600.0,0.23259,-0.351532,0.11741300000000002,15:29,-132.3000000000029,False
SENSEX,2026-09-11,15:23,D_UNDERLYING_STALE_OPTIONS_MOVED,-1,STALE,,-23.447589000003063,-3.26169,1.743796,-0.482326,0.0,0.0,-7420.0,6660.0,-0.387027,0.177074,-0.133131,15:29,-132.3000000000029,True
SENSEX,2026-09-11,15:25,D_UNDERLYING_STALE_OPTIONS_MOVED,-1,STALE,,-28.683843999999226,-3.525473,2.879005,-0.478823,0.0,0.0,-17180.0,-18640.0,-0.445673,0.370302,0.13394699999999998,15:29,-132.3000000000029,True
SENSEX,2026-09-11,15:29,D_UNDERLYING_STALE_OPTIONS_MOVED,-1,CLOSING_STATE_UNCERTAIN,,-29.204380999988643,-3.473679,2.732536,-0.588171,-3180.0,-5980.0,10400.0,11580.0,1.349053,-1.256635,0.055790000000000006,,,
NIFTY,2026-09-15,15:02,A_UNDERLYING_MOVED_FIRST,1,LIVE,7.25,4.078061000000162,3.430079,-4.604131,0.649374,99840.0,-1440010.0,2980250.0,4490850.0,-0.634717,0.514166,-0.00874999999999998,,,
NIFTY,2026-09-15,15:04,B_OPTIONS_MOVED_FIRST,1,LIVE,1.4500000000007276,5.928012000000308,6.540342,-5.685465,0.572007,64805.0,-219505.0,-124800.0,-1336465.0,0.83112,-0.86086,0.09973499999999999,15:05,1.3999999999978172,
NIFTY,2026-09-15,15:06,C_BOTH_MOVED_TOGETHER,-1,LIVE,-8.950000000000728,-8.271952000002784,-12.56338,6.669843,-0.559872,-1121510.0,373295.0,-3329365.0,-1709110.0,-0.333757,-1.278122,-0.08029599999999998,,,
NIFTY,2026-09-15,15:07,C_BOTH_MOVED_TOGETHER,1,LIVE,9.25,12.553178000001935,17.525773,-12.14828,0.551652,-308555.0,-57265.0,-149370.0,64350.0,0.820365,0.083066,-0.038434000000000024,,,
NIFTY,2026-09-15,15:08,B_OPTIONS_MOVED_FIRST,-1,LIVE,-4.19999999999709,-5.396574000002147,-5.866228,5.439756,-0.267591,-3445.0,63115.0,-1791205.0,-1619280.0,-0.334598,0.062838,-0.10281599999999999,15:09,-2.350000000002183,
NIFTY,2026-09-15,15:11,C_BOTH_MOVED_TOGETHER,1,LIVE,15.400000000001455,19.15348200000153,22.037915,-17.649749,0.655395,-148915.0,-11180.0,1167335.0,1609660.0,1.078805,-0.283446,0.15138299999999996,,,
NIFTY,2026-09-15,15:12,C_BOTH_MOVED_TOGETHER,-1,LIVE,-7.549999999999272,-8.44780499999979,-6.019417,10.827318,0.737878,-396435.0,-324675.0,3803085.0,1857115.0,0.188418,0.233668,-0.18173799999999998,,,
NIFTY,2026-09-15,15:13,C_BOTH_MOVED_TOGETHER,1,LIVE,7.549999999999272,6.353635999999824,7.592975,-7.164329,0.600999,-306865.0,237770.0,-3662230.0,-3278080.0,0.381504,0.051854,0.08143400000000003,,,
NIFTY,2026-09-15,15:14,E_INCONCLUSIVE,,LIVE,-14.049999999999272,-4.647637999998551,-3.792607,5.018888,-0.597644,-255190.0,92950.0,-544310.0,-352495.0,0.158611,-0.129789,-0.08844500000000002,,,
NIFTY,2026-09-15,15:15,B_OPTIONS_MOVED_FIRST,-1,LIVE,-0.05000000000291038,-14.246463000003132,-20.608782,12.74409,-0.71244,-342420.0,17615.0,3797625.0,3870685.0,-2.860083,0.700559,0.17751999999999998,15:29,-53.75,True
NIFTY,2026-09-15,15:16,D_UNDERLYING_STALE_OPTIONS_MOVED,1,STALE,,14.102151000002777,14.33061,-18.185962,-0.443861,-533845.0,-146835.0,1237990.0,3845205.0,2.430077,-4.400851,-0.047269000000000005,15:29,-53.75,False
NIFTY,2026-09-15,15:17,D_UNDERLYING_STALE_OPTIONS_MOVED,-1,STALE,,-5.371462999999494,-11.654755,1.337047,-0.417429,288600.0,-1431625.0,558675.0,-1556230.0,-2.218064,0.304032,0.043515000000000026,15:29,-53.75,True
NIFTY,2026-09-15,15:18,D_UNDERLYING_STALE_OPTIONS_MOVED,-1,STALE,,-6.172304000003351,-6.09832,11.709731,0.031676,331890.0,301990.0,-3953235.0,-3699150.0,-1.014043,2.386971,0.02424700000000002,15:29,-53.75,True
NIFTY,2026-09-15,15:20,D_UNDERLYING_STALE_OPTIONS_MOVED,-1,STALE,,-49.659309000002395,-56.887755,32.098765,-0.740505,90935.0,-89895.0,5901675.0,19969365.0,-17.112757,4.290116,0.251103,15:29,-53.75,True
NIFTY,2026-09-15,15:21,D_UNDERLYING_STALE_OPTIONS_MOVED,-1,STALE,,-21.534539000000223,-31.63309,23.00885,-0.789532,965510.0,-2329730.0,5577130.0,2267200.0,,2.078317,-0.131009,15:29,-53.75,True
NIFTY,2026-09-15,15:22,D_UNDERLYING_STALE_OPTIONS_MOVED,1,STALE,,10.527740000001359,17.655367,-16.732283,-0.602358,1939340.0,-2636075.0,-4214405.0,-12608505.0,,-3.611153,-0.13608,15:29,-53.75,False
NIFTY,2026-09-15,15:23,D_UNDERLYING_STALE_OPTIONS_MOVED,-1,STALE,,-6.559735999999248,-5.717553,17.091454,-0.603981,680485.0,852995.0,-1543945.0,-4487535.0,,1.53123,0.12376099999999998,15:29,-53.75,True
NIFTY,2026-09-15,15:24,D_UNDERLYING_STALE_OPTIONS_MOVED,1,STALE,,10.690324999999575,-5.464481,-25.71885,0.248455,1532115.0,-91065.0,3641040.0,3431805.0,,-5.139285,0.21417799999999998,15:29,-53.75,False
SENSEX,2026-09-15,15:02,C_BOTH_MOVED_TOGETHER,1,LIVE,33.770000000004075,31.20609799999511,4.597556,-3.577003,0.694003,12240.0,18580.0,38100.0,54640.0,0.083412,0.018147,-0.008859000000000006,,,
SENSEX,2026-09-15,15:03,E_INCONCLUSIVE,,LIVE,-19.580000000001746,-13.973672000007355,-1.457129,2.353973,0.350327,0.0,0.0,-35840.0,-57100.0,0.125835,0.089829,0.07617199999999999,,,
SENSEX,2026-09-15,15:04,B_OPTIONS_MOVED_FIRST,1,LIVE,-0.5599999999976717,15.441993000000366,2.572406,-1.502471,0.463411,0.0,0.0,-4700.0,-10920.0,0.432697,-0.218329,-0.11396799999999999,15:05,5.059999999997672,
SENSEX,2026-09-15,15:06,C_BOTH_MOVED_TOGETHER,-1,LIVE,-30.30999999999767,-17.379895999998553,-2.535144,1.505218,-0.171389,0.0,0.0,-15140.0,-2660.0,0.299943,-0.300689,0.006249999999999978,,,
SENSEX,2026-09-15,15:07,C_BOTH_MOVED_TOGETHER,1,LIVE,31.80000000000291,34.9495520000055,4.52025,-4.666046,0.433413,2300.0,-3420.0,-10040.0,-1260.0,0.107719,-0.137012,-0.018221999999999988,,,
SENSEX,2026-09-15,15:08,B_OPTIONS_MOVED_FIRST,-1,LIVE,-2.2700000000040745,-16.951771000007284,-2.766822,1.406132,0.055943,0.0,0.0,1540.0,-20120.0,-0.426942,0.228858,0.02595699999999998,15:09,-28.55000000000291,True
SENSEX,2026-09-15,15:09,E_INCONCLUSIVE,,LIVE,-28.55000000000291,-11.31587700000091,-1.525701,1.224297,0.221596,0.0,0.0,-3680.0,200.0,0.293794,-0.401464,-0.14361599999999997,,,
SENSEX,2026-09-15,15:11,B_OPTIONS_MOVED_FIRST,1,LIVE,8.440000000002328,18.298328000004403,2.888341,-1.973216,0.234094,0.0,0.0,4580.0,5400.0,0.250149,-0.190974,0.051867999999999984,15:12,17.19999999999709,True
SENSEX,2026-09-15,15:12,E_INCONCLUSIVE,,LIVE,17.19999999999709,6.78751999999804,0.83533,-0.755607,0.639456,0.0,0.0,26380.0,38200.0,-0.278933,0.307967,0.05307400000000001,,,
SENSEX,2026-09-15,15:14,B_OPTIONS_MOVED_FIRST,-1,LIVE,6.040000000008149,-17.466543999995338,-2.478169,1.713493,-0.111852,0.0,0.0,-3620.0,10420.0,-0.491082,0.411927,0.002816000000000013,15:15,-6.94999999999709,
SENSEX,2026-09-15,15:15,B_OPTIONS_MOVED_FIRST,-1,LIVE,-6.94999999999709,-26.576029000003473,-4.065828,2.346201,-0.692915,0.0,0.0,38760.0,11260.0,-0.565503,0.206353,-0.09167700000000001,15:29,-168.0,True
SENSEX,2026-09-15,15:17,D_UNDERLYING_STALE_OPTIONS_MOVED,-1,STALE,,-26.690393999990192,-3.816259,2.434952,-0.462192,0.0,0.0,-49600.0,-43940.0,-0.644631,0.419058,0.05086599999999997,15:29,-168.0,True
SENSEX,2026-09-15,15:22,D_UNDERLYING_STALE_OPTIONS_MOVED,-1,STALE,,-20.8944460000057,-2.464584,3.32636,-0.387562,0.0,0.0,-44680.0,-16420.0,-0.355228,0.445478,0.12493599999999999,15:29,-168.0,True
SENSEX,2026-09-15,15:27,D_UNDERLYING_STALE_OPTIONS_MOVED,1,STALE,,22.905480000001262,4.787306,-1.863048,0.505501,0.0,0.0,1040.0,14740.0,0.714199,-0.336627,-0.24499800000000005,15:29,-168.0,False
SENSEX,2026-09-15,15:29,D_UNDERLYING_STALE_OPTIONS_MOVED,-1,CLOSING_STATE_UNCERTAIN,,-17.340259000004153,-2.420136,2.192617,-0.286333,2220.0,9300.0,-4280.0,-11460.0,3.331487,-3.181339,-0.00522499999999998,15:30,-168.0,True
NIFTY,2026-09-16,15:01,C_BOTH_MOVED_TOGETHER,1,LIVE,5.549999999999272,12.799272000000201,4.69637,-3.854325,-0.632976,-214500.0,19240.0,-451035.0,-248235.0,0.327114,-0.348735,0.022059000000000023,,,
NIFTY,2026-09-16,15:06,C_BOTH_MOVED_TOGETHER,-1,LIVE,-6.950000000000728,-9.521969000001263,-3.584528,2.632409,-0.521412,4290.0,-21645.0,194285.0,95615.0,-0.155724,0.085967,-0.024666999999999994,,,
NIFTY,2026-09-16,15:07,C_BOTH_MOVED_TOGETHER,1,LIVE,7.400000000001455,9.445808000000397,3.026111,-3.056366,-0.081718,-37765.0,-1430.0,-135135.0,45045.0,0.142618,-0.169954,0.02645700000000001,,,
NIFTY,2026-09-16,15:10,C_BOTH_MOVED_TOGETHER,1,LIVE,7.649999999997817,6.470476999998937,2.489068,-1.604278,0.351022,-18525.0,-16640.0,135135.0,112125.0,-0.057488,0.061599,0.060736999999999985,,,
NIFTY,2026-09-16,15:11,B_OPTIONS_MOVED_FIRST,-1,LIVE,-2.599999999998545,-5.468638999998802,-1.296357,2.253836,-0.118904,-40105.0,-46345.0,4290.0,-53170.0,-0.037805,0.244558,-0.029801999999999967,15:12,0.4000000000014552,
NIFTY,2026-09-16,15:13,E_INCONCLUSIVE,,LIVE,-8.600000000002183,-3.1006539999980305,-1.390728,0.771532,-0.433243,-11700.0,-47905.0,15210.0,15925.0,0.165934,-0.191127,-0.130583,,,
NIFTY,2026-09-16,15:15,B_OPTIONS_MOVED_FIRST,1,LIVE,1.5500000000029104,11.531385999998747,3.032842,-4.637726,0.526711,-42900.0,-37050.0,232635.0,304070.0,0.394901,-0.571604,0.026606999999999992,15:30,-6.55000000000291,False
NIFTY,2026-09-16,15:21,D_UNDERLYING_STALE_OPTIONS_MOVED,1,STALE,,5.552051999999094,1.669477,-2.395587,0.298009,5005.0,7020.0,-200590.0,-184925.0,0.207391,-0.333986,-0.036496,15:30,-6.55000000000291,False
SENSEX,2026-09-16,15:01,E_INCONCLUSIVE,,LIVE,-23.99000000000524,16.627302000008058,2.939874,-2.350326,-0.64361,0.0,0.0,-136080.0,-54860.0,1.27316,-1.075448,-0.008597999999999995,,,
SENSEX,2026-09-16,15:02,E_INCONCLUSIVE,,LIVE,16.24000000000524,14.643360999994911,2.503226,-2.6671,-0.541807,33820.0,-22840.0,-144300.0,-255580.0,-0.116742,-0.066225,-0.05749499999999999,,,
SENSEX,2026-09-16,15:06,B_OPTIONS_MOVED_FIRST,-1,LIVE,-5.960000000006403,-27.479580999992322,-5.037265,4.443897,-0.49365,0.0,0.0,73260.0,96920.0,-0.659315,0.56824,-0.13252399999999998,15:07,-8.139999999999418,
SENSEX,2026-09-16,15:07,B_OPTIONS_MOVED_FIRST,1,LIVE,-8.139999999999418,20.923004999989644,3.572395,-3.491939,-0.500517,1420.0,-25880.0,-81700.0,28000.0,0.987601,-0.984239,-0.0031120000000000037,15:08,13.440000000002328,
SENSEX,2026-09-16,15:09,E_INCONCLUSIVE,,LIVE,-16.569999999992433,-1.6031539999967208,-0.290775,0.657209,0.272051,0.0,0.0,-63300.0,-16700.0,0.458684,-0.318275,-0.05225100000000002,,,
SENSEX,2026-09-16,15:12,A_UNDERLYING_MOVED_FIRST,-1,LIVE,-24.239999999990687,-0.08510900000692345,-0.605741,-0.643693,-0.161769,0.0,0.0,38760.0,35700.0,0.640925,-0.817822,-0.08671899999999999,,,
SENSEX,2026-09-16,15:16,D_UNDERLYING_STALE_OPTIONS_MOVED,1,STALE,,42.3170769999997,6.324004,-7.508827,0.672937,20340.0,-81060.0,188960.0,301040.0,1.088565,-1.36767,0.004068999999999989,15:29,33.2899999999936,True
SENSEX,2026-09-16,15:20,D_UNDERLYING_STALE_OPTIONS_MOVED,1,STALE,,26.141306000004988,4.249097,-5.491823,0.50938,0.0,0.0,331300.0,204120.0,0.791961,-0.955689,0.021785,15:29,33.2899999999936,True
SENSEX,2026-09-16,15:22,D_UNDERLYING_STALE_OPTIONS_MOVED,1,STALE,,33.52335099999618,4.948158,-6.491288,0.602867,0.0,0.0,53800.0,79680.0,0.833027,-1.133187,-0.158091,15:29,33.2899999999936,True
SENSEX,2026-09-16,15:23,D_UNDERLYING_STALE_OPTIONS_MOVED,-1,STALE,,-26.212385999999242,-3.863454,4.704056,0.02812,0.0,0.0,-35120.0,-41960.0,-0.657969,0.757189,0.15555300000000002,15:29,33.2899999999936,False
SENSEX,2026-09-16,15:24,D_UNDERLYING_STALE_OPTIONS_MOVED,-1,STALE,,-15.12288300000364,-2.99106,2.18093,-0.255976,-82320.0,-93680.0,-47100.0,-65420.0,-0.513431,0.366473,0.008758999999999961,15:29,33.2899999999936,False
SENSEX,2026-09-16,15:26,D_UNDERLYING_STALE_OPTIONS_MOVED,-1,STALE,,-21.983693999995012,-4.65355,3.448572,-0.493379,-41160.0,-61000.0,67400.0,64840.0,-0.829907,0.62765,0.08012500000000003,15:29,33.2899999999936,False
NIFTY,2026-09-17,15:01,C_BOTH_MOVED_TOGETHER,1,LIVE,9.600000000002183,10.6831740000016,3.945578,-4.732551,0.418657,7345.0,115505.0,-174330.0,-155610.0,-0.037968,-0.225415,-0.010328999999999977,,,
NIFTY,2026-09-17,15:03,B_OPTIONS_MOVED_FIRST,1,LIVE,4.200000000000728,5.988531000002695,1.689337,-2.571547,0.569351,39390.0,68510.0,69225.0,40105.0,-0.056261,-0.066831,0.127992,15:04,-3.0,
NIFTY,2026-09-17,15:08,A_UNDERLYING_MOVED_FIRST,-1,LIVE,-5.5,-4.150692000002891,-1.654491,1.778266,0.041723,-37830.0,-68055.0,-75855.0,-192335.0,0.066379,-0.053421,-0.03935899999999998,,,
NIFTY,2026-09-17,15:13,B_OPTIONS_MOVED_FIRST,1,LIVE,2.099999999998545,8.45286699999997,2.862025,-4.338534,0.558209,-105885.0,-33540.0,185900.0,109785.0,0.085905,-0.323408,0.07830200000000001,15:14,3.400000000001455,
NIFTY,2026-09-17,15:21,D_UNDERLYING_STALE_OPTIONS_MOVED,-1,STALE,,-5.19387099999949,-2.877106,1.501155,0.004006,-104000.0,-14495.0,-330655.0,-284635.0,-0.337942,0.149391,0.007306000000000007,15:29,-23.75,True
NIFTY,2026-09-17,15:25,D_UNDERLYING_STALE_OPTIONS_MOVED,1,STALE,,5.277879000001121,1.572987,-3.059618,0.369117,-24115.0,-33410.0,-72020.0,137475.0,0.154457,-0.279185,-0.04519400000000001,15:29,-23.75,False
NIFTY,2026-09-17,15:26,D_UNDERLYING_STALE_OPTIONS_MOVED,-1,STALE,,-5.230697999999393,-2.188726,2.367139,0.270454,36205.0,18395.0,22295.0,-71305.0,-0.220549,0.244209,0.004620000000000013,15:29,-23.75,True
SENSEX,2026-09-17,15:01,C_BOTH_MOVED_TOGETHER,1,LIVE,20.44000000000233,42.483508000004804,9.92786,-16.558582,0.673444,0.0,0.0,-35940.0,596900.0,0.9031,-2.258065,0.03767999999999999,,,
SENSEX,2026-09-17,15:02,B_OPTIONS_MOVED_FIRST,-1,LIVE,0.05000000000291038,-18.064710000006016,-7.484375,4.02418,0.297044,164240.0,21100.0,380900.0,-685540.0,-1.290326,0.530246,-0.008496999999999977,15:03,13.14999999999418,
SENSEX,2026-09-17,15:03,B_OPTIONS_MOVED_FIRST,1,LIVE,13.14999999999418,20.810215000004973,5.708495,-8.284908,0.603679,0.0,0.0,-566700.0,-47660.0,0.277865,-0.607751,-0.14423300000000003,15:04,-9.559999999997672,
SENSEX,2026-09-17,15:05,E_INCONCLUSIVE,,LIVE,-16.929999999993015,-4.4404279999871505,-5.234921,-2.989324,0.234128,63240.0,76560.0,586300.0,200740.0,-0.609944,-0.922808,-0.052456999999999976,,,
SENSEX,2026-09-17,15:07,B_OPTIONS_MOVED_FIRST,1,LIVE,1.5599999999976717,18.00977000000421,10.512367,-2.729529,0.234402,-103500.0,-78820.0,-86680.0,-553760.0,1.854124,-0.393583,0.005084000000000033,15:08,-8.559999999997672,
SENSEX,2026-09-17,15:08,B_OPTIONS_MOVED_FIRST,-1,LIVE,-8.559999999997672,-29.342455999998492,-8.681055,10.641399,-0.584859,0.0,0.0,-59460.0,64200.0,-1.184288,1.555641,-0.147714,15:09,4.8399999999965075,
SENSEX,2026-09-17,15:09,B_OPTIONS_MOVED_FIRST,1,LIVE,4.8399999999965075,16.98476999999548,5.72479,-5.945323,0.258797,0.0,0.0,-107820.0,115500.0,0.653287,-1.040463,0.158007,15:10,-1.3499999999912689,
SENSEX,2026-09-17,15:13,B_OPTIONS_MOVED_FIRST,1,LIVE,1.930000000007567,18.383360000007087,7.426445,-6.126387,0.422055,-47820.0,-236100.0,-89800.0,-79800.0,1.185719,-1.141292,0.018294000000000005,15:14,30.470000000001164,True
SENSEX,2026-09-17,15:14,C_BOTH_MOVED_TOGETHER,1,LIVE,30.470000000001164,20.909843999994337,8.133971,-4.196643,0.63785,0.0,0.0,220200.0,195940.0,-0.154205,0.976066,-0.04789099999999999,,,
SENSEX,2026-09-17,15:15,B_OPTIONS_MOVED_FIRST,1,LIVE,-2.820000000006985,29.70958399999654,10.489658,-9.220041,0.776443,0.0,0.0,1141180.0,652280.0,1.590006,-2.269023,0.16074599999999997,15:29,-99.63999999999942,False
SENSEX,2026-09-17,15:16,D_UNDERLYING_STALE_OPTIONS_MOVED,-1,STALE,,-45.541331000000355,-12.780704,17.6296,0.299437,-179000.0,-92280.0,-569800.0,-533920.0,-2.977341,2.852311,-0.025976,15:29,-99.63999999999942,True
SENSEX,2026-09-17,15:17,D_UNDERLYING_STALE_OPTIONS_MOVED,1,STALE,,18.75922600000922,7.422123,-4.844407,0.116838,0.0,0.0,-470800.0,-575960.0,1.59721,-0.805075,0.007628000000000024,15:29,-99.63999999999942,False
SENSEX,2026-09-17,15:18,D_UNDERLYING_STALE_OPTIONS_MOVED,1,STALE,,17.585263999993913,5.681314,-7.336044,-0.420611,-120080.0,-106200.0,-152320.0,57540.0,1.184292,-1.420876,-0.017498000000000014,15:29,-99.63999999999942,False
SENSEX,2026-09-17,15:19,D_UNDERLYING_STALE_OPTIONS_MOVED,-1,STALE,,-16.166677000001073,-6.047879,5.265166,0.483781,0.0,0.0,430760.0,-22780.0,-1.338805,0.926519,-0.03977799999999998,15:29,-99.63999999999942,True
SENSEX,2026-09-17,15:20,D_UNDERLYING_STALE_OPTIONS_MOVED,-1,STALE,,-44.940910000004806,-34.689316,-5.907938,-0.293114,0.0,0.0,2235560.0,2766000.0,-7.546052,-1.000084,-0.040062000000000014,15:29,-99.63999999999942,True
SENSEX,2026-09-17,15:21,D_UNDERLYING_STALE_OPTIONS_MOVED,1,STALE,,71.0844480000087,9.660843,-32.41991,-0.44338,12300.0,143680.0,-253500.0,-252920.0,1.069955,-8.52409,0.08424800000000002,15:29,-99.63999999999942,False
SENSEX,2026-09-17,15:23,D_UNDERLYING_STALE_OPTIONS_MOVED,-1,STALE,,-58.01521800000046,-32.4533,45.992366,0.07424,0.0,0.0,1087120.0,593480.0,-4.334931,3.248885,0.09378599999999998,15:29,-99.63999999999942,True
SENSEX,2026-09-17,15:24,D_UNDERLYING_STALE_OPTIONS_MOVED,1,STALE,,52.18426300000283,46.976401,-21.830065,0.116598,634980.0,-11180.0,92360.0,-639420.0,4.245967,-2.268357,-0.241776,15:29,-99.63999999999942,False
SENSEX,2026-09-17,15:25,D_UNDERLYING_STALE_OPTIONS_MOVED,1,STALE,,88.9090520000027,62.067156,-56.426332,0.76612,0.0,0.0,2582500.0,4396340.0,4.10405,,-0.0064639999999999975,15:29,-99.63999999999942,False
SENSEX,2026-09-17,15:26,D_UNDERLYING_STALE_OPTIONS_MOVED,-1,STALE,,-116.84055100000114,-64.587935,134.728682,0.39633,-99520.0,518660.0,255220.0,576340.0,-12.531856,2.915817,0.18963900000000003,15:29,-99.63999999999942,True
SENSEX,2026-09-17,15:27,D_UNDERLYING_STALE_OPTIONS_MOVED,1,STALE,,42.8088790000038,57.598499,-37.481481,-0.411011,0.0,0.0,4304340.0,1016780.0,1.282315,,0.09231299999999998,15:29,-99.63999999999942,False
NIFTY,2026-09-18,15:01,C_BOTH_MOVED_TOGETHER,-1,LIVE,-12.349999999998545,-5.02552999999898,-2.713178,2.951444,-0.740228,-468065.0,49400.0,144300.0,1153230.0,0.434914,-0.275337,0.008106999999999975,,,
NIFTY,2026-09-18,15:05,A_UNDERLYING_MOVED_FIRST,-1,LIVE,-7.25,-3.646775000001071,-2.278788,1.77665,-0.402187,33020.0,-81380.0,350805.0,670280.0,0.200846,-0.148742,-0.093578,,,
NIFTY,2026-09-18,15:06,A_UNDERLYING_MOVED_FIRST,1,LIVE,5.0,3.7101289999991423,1.860581,-2.493766,-0.024372,-33540.0,-7410.0,34255.0,196690.0,-0.091854,0.046093,-0.051428,,,
NIFTY,2026-09-18,15:07,B_OPTIONS_MOVED_FIRST,-1,LIVE,-4.899999999997817,-5.943637000000308,-2.995616,3.932225,-0.546044,34840.0,-201110.0,-247455.0,-598065.0,-0.012854,0.139385,0.15364899999999998,15:08,-3.5,
NIFTY,2026-09-18,15:08,B_OPTIONS_MOVED_FIRST,-1,LIVE,-3.5,-7.915091999999277,-4.519207,4.306367,-0.637933,-4355.0,-192725.0,890370.0,1419275.0,-0.224666,0.06792,0.011883000000000032,15:09,-6.850000000002183,True
NIFTY,2026-09-18,15:09,C_BOTH_MOVED_TOGETHER,-1,LIVE,-6.850000000002183,-5.429174000000785,-3.313174,3.007962,-0.655809,-214890.0,-207220.0,-122200.0,84565.0,0.031518,-0.002174,0.009010999999999991,,,
NIFTY,2026-09-18,15:18,D_UNDERLYING_STALE_OPTIONS_MOVED,-1,STALE,,-6.847126000000571,-4.508088,3.303835,-0.579023,-14820.0,-56875.0,726245.0,373425.0,-0.419299,0.295386,0.11859199999999998,15:28,4.55000000000291,
NIFTY,2026-09-18,15:20,D_UNDERLYING_STALE_OPTIONS_MOVED,-1,STALE,,-6.597133000002941,-4.046714,3.612335,-0.656201,-11050.0,-166140.0,1302925.0,1323595.0,-0.384445,0.290429,0.06577300000000003,15:28,4.55000000000291,
NIFTY,2026-09-18,15:27,D_UNDERLYING_STALE_OPTIONS_MOVED,1,STALE,,10.012887999997474,5.882353,-5.644925,0.616555,-125450.0,-322075.0,830505.0,708630.0,0.516597,-0.479619,0.09426899999999999,15:28,4.55000000000291,
SENSEX,2026-09-18,15:01,C_BOTH_MOVED_TOGETHER,-1,LIVE,-26.370000000009895,-19.88372499999241,-2.485193,2.041188,-0.635441,0.0,0.0,8120.0,54760.0,0.106351,-0.098962,-0.005986999999999965,,,
SENSEX,2026-09-18,15:02,B_OPTIONS_MOVED_FIRST,1,LIVE,-14.110000000000582,22.05921999999555,3.124609,-2.089659,-0.5594,11980.0,-840.0,-20320.0,-36600.0,0.594788,-0.437162,0.028842999999999952,15:03,-15.669999999998254,False
SENSEX,2026-09-18,15:03,E_INCONCLUSIVE,,LIVE,-15.669999999998254,0.15204099999391474,0.024288,0.066886,-0.025326,0.0,0.0,-20640.0,-18980.0,0.153098,-0.115417,-0.024349999999999983,,,
SENSEX,2026-09-18,15:05,A_UNDERLYING_MOVED_FIRST,-1,LIVE,-36.029999999998836,-11.990734999999404,-1.734421,1.104472,-0.444997,-5820.0,-2300.0,9200.0,21260.0,0.217867,-0.284133,0.04059599999999999,,,
SENSEX,2026-09-18,15:06,B_OPTIONS_MOVED_FIRST,1,LIVE,11.220000000001164,20.85217700000794,2.093268,-2.895177,0.069824,0.0,0.0,2540.0,9840.0,0.063779,-0.142158,0.04370400000000002,15:07,-6.039999999993597,
SENSEX,2026-09-18,15:07,B_OPTIONS_MOVED_FIRST,-1,LIVE,-6.039999999993597,-30.8515699999989,-3.791325,3.633122,-0.511693,-23340.0,-21440.0,22560.0,-2340.0,-0.251618,0.274395,-0.12771800000000003,15:08,-13.680000000007567,
SENSEX,2026-09-18,15:08,B_OPTIONS_MOVED_FIRST,-1,LIVE,-13.680000000007567,-20.96193900000071,-3.221942,2.05837,-0.632155,0.0,0.0,19180.0,5820.0,-0.132682,-0.029329,0.12230900000000003,15:09,-21.34999999999127,True
SENSEX,2026-09-18,15:09,C_BOTH_MOVED_TOGETHER,-1,LIVE,-21.34999999999127,-19.80160700000124,-2.978821,1.852818,-0.687881,0.0,0.0,-42600.0,-4460.0,-0.080052,-0.03371,-0.107992,,,
SENSEX,2026-09-18,15:10,E_INCONCLUSIVE,,LIVE,24.54999999998836,8.77722599999106,1.67416,-0.006405,-0.483379,-10800.0,-52100.0,-1500.0,-43060.0,-0.15378,0.311041,0.125277,,,
SENSEX,2026-09-18,15:11,E_INCONCLUSIVE,,LIVE,-20.539999999993597,5.323331999999937,0.930936,-0.871181,-0.191799,0.0,0.0,-27960.0,-26560.0,0.397335,-0.33413,-0.025741999999999987,,,
SENSEX,2026-09-18,15:13,B_OPTIONS_MOVED_FIRST,1,LIVE,-13.799999999988358,17.826279000000795,1.23611,-2.786127,0.437203,-14580.0,-25900.0,15460.0,26380.0,0.30969,-0.542265,0.14567800000000003,15:14,19.860000000000582,True
SENSEX,2026-09-18,15:14,E_INCONCLUSIVE,,LIVE,19.860000000000582,-20.90183000000252,-2.019741,3.325511,-0.053069,0.0,0.0,1940.0,-9720.0,-0.543722,0.542167,-0.028210000000000013,,,
SENSEX,2026-09-18,15:15,E_INCONCLUSIVE,,LIVE,-28.270000000004075,11.81439099999261,1.259863,-1.740589,0.24142,0.0,0.0,-13880.0,-22980.0,0.449869,-0.543799,0.030461000000000016,,,
SENSEX,2026-09-18,15:18,D_UNDERLYING_STALE_OPTIONS_MOVED,-1,STALE,,-20.522724999987986,-3.052905,1.71013,-0.489505,2120.0,-2700.0,21580.0,23880.0,-0.298848,0.17075,0.011016999999999999,15:30,-265.00999999999476,True
SENSEX,2026-09-18,15:27,D_UNDERLYING_STALE_OPTIONS_MOVED,1,STALE,,25.779716000004555,3.67708,-3.06267,0.56628,0.0,0.0,17980.0,8000.0,0.371025,-0.306901,0.00048399999999998444,15:30,-265.00999999999476,False
SENSEX,2026-09-18,15:29,D_UNDERLYING_STALE_OPTIONS_MOVED,-1,STALE,,-15.447577000013553,-0.27588,3.510489,0.386393,-13220.0,-4860.0,10100.0,460.0,-0.012131,0.399046,0.02692900000000001,15:30,-265.00999999999476,True
