symbol,date,cohort,option_type,strike,entry_minute,exit_minute,entry_mid,entry_ask,path
NIFTY,2026-07-20,11D_SHAPED_1500_1519,CE,24250.0,15:00,15:19,66.375,66.45,"[{""minute"": ""15:00"", ""mid"": 66.375, ""bid"": 66.3, ""risk"": ""EXTREME"", ""action"": ""BREAK_EXIT"", ""support"": ""CONTRADICTED"", ""n_neg"": 7, ""data_unreliable"": false}, {""minute"": ""15:01"", ""mid"": 68.675, ""bid"": 68.55, ""risk"": ""ELEVATED"", ""action"": ""CAUTION"", ""support"": ""NORMAL"", ""n_neg"": 2, ""data_unreliable"": false}, {""minute"": ""15:02"", ""mid"": 67.85, ""bid"": 67.75, ""risk"": ""ELEVATED"", ""action"": ""CAUTION"", ""support"": ""NORMAL"", ""n_neg"": 1, ""data_unreliable"": false}, {""minute"": ""15:03"", ""mid"": 69.5, ""bid"": 69.4, ""risk"": ""LOW"", ""action"": ""HOLD"", ""support"": ""STRONG"", ""n_neg"": 0, ""data_unreliable"": false}, {""minute"": ""15:04"", ""mid"": 67.175, ""bid"": 67.1, ""risk"": ""EXTREME"", ""action"": ""BREAK_EXIT"", ""support"": ""CONTRADICTED"", ""n_neg"": 6, ""data_unreliable"": false}, {""minute"": ""15:05"", ""mid"": 64.65, ""bid"": 64.55, ""risk"": ""EXTREME"", ""action"": ""BREAK_EXIT"", ""support"": ""CONTRADICTED"", ""n_neg"": 6, ""data_unreliable"": false}, {""minute"": ""15:06"", ""mid"": 65.1, ""bid"": 65.0, ""risk"": ""EXTREME"", ""action"": ""BREAK_EXIT"", ""support"": ""CONTRADICTED"", ""n_neg"": 5, ""data_unreliable"": false}, {""minute"": ""15:07"", ""mid"": 68.675, ""bid"": 68.6, ""risk"": ""LOW"", ""action"": ""HOLD"", ""support"": ""STRONG"", ""n_neg"": 0, ""data_unreliable"": false}, {""minute"": ""15:08"", ""mid"": 69.6, ""bid"": 69.5, ""risk"": ""LOW"", ""action"": ""HOLD"", ""support"": ""STRONG"", ""n_neg"": 0, ""data_unreliable"": false}, {""minute"": ""15:09"", ""mid"": 70.94999999999999, ""bid"": 70.85, ""risk"": ""LOW"", ""action"": ""HOLD"", ""support"": ""STRONG"", ""n_neg"": 0, ""data_unreliable"": false}, {""minute"": ""15:10"", ""mid"": 70.5, ""bid"": 70.45, ""risk"": ""ELEVATED"", ""action"": ""CAUTION"", ""support"": ""NORMAL"", ""n_neg"": 1, ""data_unreliable"": false}, {""minute"": ""15:11"", ""mid"": 71.6, ""bid"": 71.5, ""risk"": ""NORMAL"", ""action"": ""HOLD"", ""support"": ""NORMAL"", ""n_neg"": 1, ""data_unreliable"": false}, {""minute"": ""15:12"", ""mid"": 70.475, ""bid"": 70.4, ""risk"": ""HIGH"", ""action"": ""PREPARE_EXIT"", ""support"": ""CONTRADICTED"", ""n_neg"": 3, ""data_unreliable"": false}, {""minute"": ""15:13"", ""mid"": 71.0, ""bid"": 70.9, ""risk"": ""HIGH"", ""action"": ""PREPARE_EXIT"", ""support"": ""CONTRADICTED"", ""n_neg"": 3, ""data_unreliable"": false}, {""minute"": ""15:14"", ""mid"": 70.525, ""bid"": 70.5, ""risk"": ""ELEVATED"", ""action"": ""CAUTION"", ""support"": ""WEAK"", ""n_neg"": 2, ""data_unreliable"": false}, {""minute"": ""15:15"", ""mid"": 74.8, ""bid"": 74.75, ""risk"": ""LOW"", ""action"": ""HOLD"", ""support"": ""STRONG"", ""n_neg"": 0, ""data_unreliable"": false}, {""minute"": ""15:16"", ""mid"": 73.5, ""bid"": 73.4, ""risk"": ""ELEVATED"", ""action"": ""CAUTION"", ""support"": ""NORMAL"", ""n_neg"": 1, ""data_unreliable"": false}, {""minute"": ""15:17"", ""mid"": 71.8, ""bid"": 71.75, ""risk"": ""EXTREME"", ""action"": ""BREAK_EXIT"", ""support"": ""CONTRADICTED"", ""n_neg"": 7, ""data_unreliable"": false}, {""minute"": ""15:18"", ""mid"": 73.05000000000001, ""bid"": 72.95, ""risk"": ""ELEVATED"", ""action"": ""CAUTION"", ""support"": ""WEAK"", ""n_neg"": 4, ""data_unreliable"": false}, {""minute"": ""15:19"", ""mid"": 72.5, ""bid"": 72.45, ""risk"": ""ELEVATED"", ""action"": ""CAUTION"", ""support"": ""NORMAL"", ""n_neg"": 2, ""data_unreliable"": false}]"
NIFTY,2026-07-20,11D_SHAPED_1500_1519,PE,24250.0,15:00,15:19,80.25,80.35,"[{""minute"": ""15:00"", ""mid"": 80.25, ""bid"": 80.15, ""risk"": ""ELEVATED"", ""action"": ""CAUTION"", ""support"": ""NORMAL"", ""n_neg"": 1, ""data_unreliable"": false}, {""minute"": ""15:01"", ""mid"": 77.225, ""bid"": 77.15, ""risk"": ""EXTREME"", ""action"": ""BREAK_EXIT"", ""support"": ""CONTRADICTED"", ""n_neg"": 8, ""data_unreliable"": false}, {""minute"": ""15:02"", ""mid"": 76.80000000000001, ""bid"": 76.7, ""risk"": ""EXTREME"", ""action"": ""BREAK_EXIT"", ""support"": ""CONTRADICTED"", ""n_neg"": 6, ""data_unreliable"": false}, {""minute"": ""15:03"", ""mid"": 75.5, ""bid"": 75.4, ""risk"": ""EXTREME"", ""action"": ""BREAK_EXIT"", ""support"": ""CONTRADICTED"", ""n_neg"": 7, ""data_unreliable"": false}, {""minute"": ""15:04"", ""mid"": 78.1, ""bid"": 78.0, ""risk"": ""LOW"", ""action"": ""HOLD"", ""support"": ""STRONG"", ""n_neg"": 0, ""data_unreliable"": false}, {""minute"": ""15:05"", ""mid"": 80.225, ""bid"": 80.1, ""risk"": ""LOW"", ""action"": ""HOLD"", ""support"": ""STRONG"", ""n_neg"": 0, ""data_unreliable"": false}, {""minute"": ""15:06"", ""mid"": 78.69999999999999, ""bid"": 78.6, ""risk"": ""ELEVATED"", ""action"": ""CAUTION"", ""support"": ""NORMAL"", ""n_neg"": 1, ""data_unreliable"": false}, {""minute"": ""15:07"", ""mid"": 74.94999999999999, ""bid"": 74.85, ""risk"": ""EXTREME"", ""action"": ""BREAK_EXIT"", ""support"": ""CONTRADICTED"", ""n_neg"": 8, ""data_unreliable"": false}, {""minute"": ""15:08"", ""mid"": 74.325, ""bid"": 74.25, ""risk"": ""HIGH"", ""action"": ""PREPARE_EXIT"", ""support"": ""CONTRADICTED"", ""n_neg"": 4, ""data_unreliable"": false}, {""minute"": ""15:09"", ""mid"": 73.425, ""bid"": 73.35, ""risk"": ""HIGH"", ""action"": ""PREPARE_EXIT"", ""support"": ""CONTRADICTED"", ""n_neg"": 5, ""data_unreliable"": false}, {""minute"": ""15:10"", ""mid"": 74.725, ""bid"": 74.65, ""risk"": ""ELEVATED"", ""action"": ""CAUTION"", ""support"": ""WEAK"", ""n_neg"": 1, ""data_unreliable"": false}, {""minute"": ""15:11"", ""mid"": 73.57499999999999, ""bid"": 73.55, ""risk"": ""HIGH"", ""action"": ""PREPARE_EXIT"", ""support"": ""CONTRADICTED"", ""n_neg"": 3, ""data_unreliable"": false}, {""minute"": ""15:12"", ""mid"": 74.69999999999999, ""bid"": 74.6, ""risk"": ""NORMAL"", ""action"": ""HOLD"", ""support"": ""NORMAL"", ""n_neg"": 1, ""data_unreliable"": false}, {""minute"": ""15:13"", ""mid"": 73.9, ""bid"": 73.8, ""risk"": ""ELEVATED"", ""action"": ""CAUTION"", ""support"": ""WEAK"", ""n_neg"": 2, ""data_unreliable"": false}, {""minute"": ""15:14"", ""mid"": 75.075, ""bid"": 75.0, ""risk"": ""NORMAL"", ""action"": ""HOLD"", ""support"": ""NORMAL"", ""n_neg"": 0, ""data_unreliable"": false}, {""minute"": ""15:15"", ""mid"": 73.125, ""bid"": 73.05, ""risk"": ""EXTREME"", ""action"": ""BREAK_EXIT"", ""support"": ""CONTRADICTED"", ""n_neg"": 7, ""data_unreliable"": false}, {""minute"": ""15:16"", ""mid"": 74.075, ""bid"": 74.0, ""risk"": ""HIGH"", ""action"": ""PREPARE_EXIT"", ""support"": ""CONTRADICTED"", ""n_neg"": 4, ""data_unreliable"": false}, {""minute"": ""15:17"", ""mid"": 75.225, ""bid"": 75.15, ""risk"": ""LOW"", ""action"": ""HOLD"", ""support"": ""STRONG"", ""n_neg"": 0, ""data_unreliable"": false}, {""minute"": ""15:18"", ""mid"": 73.6, ""bid"": 73.5, ""risk"": ""ELEVATED"", ""action"": ""CAUTION"", ""support"": ""WEAK"", ""n_neg"": 2, ""data_unreliable"": false}, {""minute"": ""15:19"", ""mid"": 74.35, ""bid"": 74.25, ""risk"": ""HIGH"", ""action"": ""PREPARE_EXIT"", ""support"": ""CONTRADICTED"", ""n_neg"": 3, ""data_unreliable"": false}]"
NIFTY,2026-07-20,CLOSING_1515_1529,CE,24250.0,15:15,15:29,74.8,74.85,"[{""minute"": ""15:15"", ""mid"": 74.8, ""bid"": 74.75, ""risk"": ""LOW"", ""action"": ""HOLD"", ""support"": ""STRONG"", ""n_neg"": 0, ""data_unreliable"": false}, {""minute"": ""15:16"", ""mid"": 73.5, ""bid"": 73.4, ""risk"": ""ELEVATED"", ""action"": ""CAUTION"", ""support"": ""NORMAL"", ""n_neg"": 2, ""data_unreliable"": false}, {""minute"": ""15:17"", ""mid"": 71.8, ""bid"": 71.75, ""risk"": ""EXTREME"", ""action"": ""BREAK_EXIT"", ""support"": ""CONTRADICTED"", ""n_neg"": 7, ""data_unreliable"": false}, {""minute"": ""15:18"", ""mid"": 73.05000000000001, ""bid"": 72.95, ""risk"": ""ELEVATED"", ""action"": ""CAUTION"", ""support"": ""WEAK"", ""n_neg"": 5, ""data_unreliable"": false}, {""minute"": ""15:19"", ""mid"": 72.5, ""bid"": 72.45, ""risk"": ""ELEVATED"", ""action"": ""CAUTION"", ""support"": ""NORMAL"", ""n_neg"": 2, ""data_unreliable"": false}, {""minute"": ""15:20"", ""mid"": 72.9, ""bid"": 72.8, ""risk"": ""NORMAL"", ""action"": ""HOLD"", ""support"": ""NORMAL"", ""n_neg"": 1, ""data_unreliable"": false}, {""minute"": ""15:21"", ""mid"": 71.875, ""bid"": 71.75, ""risk"": ""HIGH"", ""action"": ""PREPARE_EXIT"", ""support"": ""CONTRADICTED"", ""n_neg"": 4, ""data_unreliable"": false}, {""minute"": ""15:22"", ""mid"": 71.5, ""bid"": 71.4, ""risk"": ""HIGH"", ""action"": ""PREPARE_EXIT"", ""support"": ""CONTRADICTED"", ""n_neg"": 4, ""data_unreliable"": false}, {""minute"": ""15:23"", ""mid"": 72.6, ""bid"": 72.55, ""risk"": ""LOW"", ""action"": ""HOLD"", ""support"": ""STRONG"", ""n_neg"": 0, ""data_unreliable"": false}, {""minute"": ""15:24"", ""mid"": 74.125, ""bid"": 74.0, ""risk"": ""NORMAL"", ""action"": ""HOLD"", ""support"": ""NORMAL"", ""n_neg"": 1, ""data_unreliable"": false}, {""minute"": ""15:25"", ""mid"": 74.875, ""bid"": 74.75, ""risk"": ""NORMAL"", ""action"": ""HOLD"", ""support"": ""NORMAL"", ""n_neg"": 1, ""data_unreliable"": false}, {""minute"": ""15:26"", ""mid"": 74.6, ""bid"": 74.5, ""risk"": ""HIGH"", ""action"": ""PREPARE_EXIT"", ""support"": ""CONTRADICTED"", ""n_neg"": 3, ""data_unreliable"": false}, {""minute"": ""15:27"", ""mid"": 74.6, ""bid"": 74.5, ""risk"": ""ELEVATED"", ""action"": ""CAUTION"", ""support"": ""WEAK"", ""n_neg"": 4, ""data_unreliable"": false}, {""minute"": ""15:28"", ""mid"": 74.975, ""bid"": 74.95, ""risk"": ""NORMAL"", ""action"": ""HOLD"", ""support"": ""NORMAL"", ""n_neg"": 0, ""data_unreliable"": false}, {""minute"": ""15:29"", ""mid"": 75.42500000000001, ""bid"": 75.4, ""risk"": ""NORMAL"", ""action"": ""HOLD"", ""support"": ""STRONG"", ""n_neg"": 0, ""data_unreliable"": false}]"
NIFTY,2026-07-20,CLOSING_1515_1529,PE,24250.0,15:15,15:29,73.125,73.2,"[{""minute"": ""15:15"", ""mid"": 73.125, ""bid"": 73.05, ""risk"": ""EXTREME"", ""action"": ""BREAK_EXIT"", ""support"": ""CONTRADICTED"", ""n_neg"": 7, ""data_unreliable"": false}, {""minute"": ""15:16"", ""mid"": 74.075, ""bid"": 74.0, ""risk"": ""HIGH"", ""action"": ""PREPARE_EXIT"", ""support"": ""CONTRADICTED"", ""n_neg"": 4, ""data_unreliable"": false}, {""minute"": ""15:17"", ""mid"": 75.225, ""bid"": 75.15, ""risk"": ""LOW"", ""action"": ""HOLD"", ""support"": ""STRONG"", ""n_neg"": 0, ""data_unreliable"": false}, {""minute"": ""15:18"", ""mid"": 73.6, ""bid"": 73.5, ""risk"": ""ELEVATED"", ""action"": ""CAUTION"", ""support"": ""WEAK"", ""n_neg"": 2, ""data_unreliable"": false}, {""minute"": ""15:19"", ""mid"": 74.35, ""bid"": 74.25, ""risk"": ""HIGH"", ""action"": ""PREPARE_EXIT"", ""support"": ""CONTRADICTED"", ""n_neg"": 3, ""data_unreliable"": false}, {""minute"": ""15:20"", ""mid"": 73.975, ""bid"": 73.85, ""risk"": ""HIGH"", ""action"": ""PREPARE_EXIT"", ""support"": ""CONTRADICTED"", ""n_neg"": 3, ""data_unreliable"": false}, {""minute"": ""15:21"", ""mid"": 73.85, ""bid"": 73.75, ""risk"": ""NORMAL"", ""action"": ""HOLD"", ""support"": ""NORMAL"", ""n_neg"": 1, ""data_unreliable"": false}, {""minute"": ""15:22"", ""mid"": 72.775, ""bid"": 72.7, ""risk"": ""HIGH"", ""action"": ""PREPARE_EXIT"", ""support"": ""CONTRADICTED"", ""n_neg"": 5, ""data_unreliable"": false}, {""minute"": ""15:23"", ""mid"": 71.0, ""bid"": 70.9, ""risk"": ""EXTREME"", ""action"": ""BREAK_EXIT"", ""support"": ""CONTRADICTED"", ""n_neg"": 6, ""data_unreliable"": false}, {""minute"": ""15:24"", ""mid"": 69.35, ""bid"": 69.25, ""risk"": ""EXTREME"", ""action"": ""BREAK_EXIT"", ""support"": ""CONTRADICTED"", ""n_neg"": 5, ""data_unreliable"": false}, {""minute"": ""15:25"", ""mid"": 70.44999999999999, ""bid"": 70.35, ""risk"": ""HIGH"", ""action"": ""PREPARE_EXIT"", ""support"": ""CONTRADICTED"", ""n_neg"": 5, ""data_unreliable"": false}, {""minute"": ""15:26"", ""mid"": 70.375, ""bid"": 70.3, ""risk"": ""ELEVATED"", ""action"": ""CAUTION"", ""support"": ""WEAK"", ""n_neg"": 2, ""data_unreliable"": false}, {""minute"": ""15:27"", ""mid"": 70.15, ""bid"": 70.05, ""risk"": ""ELEVATED"", ""action"": ""CAUTION"", ""support"": ""WEAK"", ""n_neg"": 3, ""data_unreliable"": false}, {""minute"": ""15:28"", ""mid"": 69.4, ""bid"": 69.3, ""risk"": ""EXTREME"", ""action"": ""BREAK_EXIT"", ""support"": ""CONTRADICTED"", ""n_neg"": 6, ""data_unreliable"": false}, {""minute"": ""15:29"", ""mid"": 66.875, ""bid"": 66.75, ""risk"": ""EXTREME"", ""action"": ""BREAK_EXIT"", ""support"": ""CONTRADICTED"", ""n_neg"": 9, ""data_unreliable"": false}]"
SENSEX,2026-07-20,11D_SHAPED_1500_1519,CE,77700.0,15:00,15:19,446.25,447.05,"[{""minute"": ""15:00"", ""mid"": 446.25, ""bid"": 445.45, ""risk"": ""ELEVATED"", ""action"": ""CAUTION"", ""support"": ""WEAK"", ""n_neg"": 3, ""data_unreliable"": false}, {""minute"": ""15:01"", ""mid"": 440.4, ""bid"": 440.1, ""risk"": ""HIGH"", ""action"": ""PREPARE_EXIT"", ""support"": ""CONTRADICTED"", ""n_neg"": 3, ""data_unreliable"": false}, {""minute"": ""15:02"", ""mid"": 437.975, ""bid"": 437.35, ""risk"": ""EXTREME"", ""action"": ""BREAK_EXIT"", ""support"": ""CONTRADICTED"", ""n_neg"": 5, ""data_unreliable"": false}, {""minute"": ""15:03"", ""mid"": 448.8, ""bid"": 448.35, ""risk"": ""LOW"", ""action"": ""HOLD"", ""support"": ""STRONG"", ""n_neg"": 0, ""data_unreliable"": false}, {""minute"": ""15:04"", ""mid"": 436.575, ""bid"": 436.15, ""risk"": ""HIGH"", ""action"": ""PREPARE_EXIT"", ""support"": ""CONTRADICTED"", ""n_neg"": 3, ""data_unreliable"": false}, {""minute"": ""15:05"", ""mid"": 423.1, ""bid"": 422.5, ""risk"": ""EXTREME"", ""action"": ""BREAK_EXIT"", ""support"": ""CONTRADICTED"", ""n_neg"": 7, ""data_unreliable"": false}, {""minute"": ""15:06"", ""mid"": 428.775, ""bid"": 428.3, ""risk"": ""EXTREME"", ""action"": ""BREAK_EXIT"", ""support"": ""CONTRADICTED"", ""n_neg"": 5, ""data_unreliable"": false}, {""minute"": ""15:07"", ""mid"": 441.15, ""bid"": 440.65, ""risk"": ""LOW"", ""action"": ""HOLD"", ""support"": ""STRONG"", ""n_neg"": 0, ""data_unreliable"": false}, {""minute"": ""15:08"", ""mid"": 441.375, ""bid"": 441.0, ""risk"": ""LOW"", ""action"": ""HOLD"", ""support"": ""STRONG"", ""n_neg"": 0, ""data_unreliable"": false}, {""minute"": ""15:09"", ""mid"": 444.325, ""bid"": 443.75, ""risk"": ""LOW"", ""action"": ""HOLD"", ""support"": ""STRONG"", ""n_neg"": 0, ""data_unreliable"": false}, {""minute"": ""15:10"", ""mid"": 443.1, ""bid"": 442.55, ""risk"": ""ELEVATED"", ""action"": ""CAUTION"", ""support"": ""WEAK"", ""n_neg"": 2, ""data_unreliable"": false}, {""minute"": ""15:11"", ""mid"": 449.775, ""bid"": 449.2, ""risk"": ""LOW"", ""action"": ""HOLD"", ""support"": ""STRONG"", ""n_neg"": 0, ""data_unreliable"": false}, {""minute"": ""15:12"", ""mid"": 445.2, ""bid"": 444.65, ""risk"": ""ELEVATED"", ""action"": ""CAUTION"", ""support"": ""NORMAL"", ""n_neg"": 1, ""data_unreliable"": false}, {""minute"": ""15:13"", ""mid"": 453.35, ""bid"": 452.8, ""risk"": ""LOW"", ""action"": ""HOLD"", ""support"": ""STRONG"", ""n_neg"": 0, ""data_unreliable"": false}, {""minute"": ""15:14"", ""mid"": 452.79999999999995, ""bid"": 452.2, ""risk"": ""ELEVATED"", ""action"": ""CAUTION"", ""support"": ""NORMAL"", ""n_neg"": 1, ""data_unreliable"": false}, {""minute"": ""15:15"", ""mid"": 461.875, ""bid"": 461.55, ""risk"": ""LOW"", ""action"": ""HOLD"", ""support"": ""STRONG"", ""n_neg"": 0, ""data_unreliable"": false}, {""minute"": ""15:16"", ""mid"": 461.875, ""bid"": 461.3, ""risk"": ""LOW"", ""action"": ""HOLD"", ""support"": ""STRONG"", ""n_neg"": 0, ""data_unreliable"": false}, {""minute"": ""15:17"", ""mid"": 455.575, ""bid"": 455.0, ""risk"": ""ELEVATED"", ""action"": ""CAUTION"", ""support"": ""WEAK"", ""n_neg"": 4, ""data_unreliable"": false}, {""minute"": ""15:18"", ""mid"": 457.475, ""bid"": 456.95, ""risk"": ""HIGH"", ""action"": ""PREPARE_EXIT"", ""support"": ""CONTRADICTED"", ""n_neg"": 3, ""data_unreliable"": false}, {""minute"": ""15:19"", ""mid"": 455.775, ""bid"": 455.05, ""risk"": ""ELEVATED"", ""action"": ""CAUTION"", ""support"": ""WEAK"", ""n_neg"": 2, ""data_unreliable"": false}]"
SENSEX,2026-07-20,11D_SHAPED_1500_1519,PE,77700.0,15:00,15:19,396.70000000000005,397.35,"[{""minute"": ""15:00"", ""mid"": 396.70000000000005, ""bid"": 396.05, ""risk"": ""HIGH"", ""action"": ""PREPARE_EXIT"", ""support"": ""CONTRADICTED"", ""n_neg"": 3, ""data_unreliable"": false}, {""minute"": ""15:01"", ""mid"": 397.85, ""bid"": 397.3, ""risk"": ""HIGH"", ""action"": ""PREPARE_EXIT"", ""support"": ""CONTRADICTED"", ""n_neg"": 4, ""data_unreliable"": false}, {""minute"": ""15:02"", ""mid"": 399.8, ""bid"": 399.25, ""risk"": ""NORMAL"", ""action"": ""HOLD"", ""support"": ""NORMAL"", ""n_neg"": 1, ""data_unreliable"": false}, {""minute"": ""15:03"", ""mid"": 390.1, ""bid"": 389.55, ""risk"": ""EXTREME"", ""action"": ""BREAK_EXIT"", ""support"": ""CONTRADICTED"", ""n_neg"": 6, ""data_unreliable"": false}, {""minute"": ""15:04"", ""mid"": 400.475, ""bid"": 400.0, ""risk"": ""NORMAL"", ""action"": ""HOLD"", ""support"": ""NORMAL"", ""n_neg"": 0, ""data_unreliable"": false}, {""minute"": ""15:05"", ""mid"": 409.1, ""bid"": 408.65, ""risk"": ""LOW"", ""action"": ""HOLD"", ""support"": ""STRONG"", ""n_neg"": 0, ""data_unreliable"": false}, {""minute"": ""15:06"", ""mid"": 408.35, ""bid"": 408.05, ""risk"": ""ELEVATED"", ""action"": ""CAUTION"", ""support"": ""NORMAL"", ""n_neg"": 1, ""data_unreliable"": false}, {""minute"": ""15:07"", ""mid"": 395.875, ""bid"": 395.4, ""risk"": ""EXTREME"", ""action"": ""BREAK_EXIT"", ""support"": ""CONTRADICTED"", ""n_neg"": 6, ""data_unreliable"": false}, {""minute"": ""15:08"", ""mid"": 392.725, ""bid"": 392.15, ""risk"": ""EXTREME"", ""action"": ""BREAK_EXIT"", ""support"": ""CONTRADICTED"", ""n_neg"": 6, ""data_unreliable"": false}, {""minute"": ""15:09"", ""mid"": 391.07500000000005, ""bid"": 390.6, ""risk"": ""EXTREME"", ""action"": ""BREAK_EXIT"", ""support"": ""CONTRADICTED"", ""n_neg"": 5, ""data_unreliable"": false}, {""minute"": ""15:10"", ""mid"": 397.65, ""bid"": 397.25, ""risk"": ""NORMAL"", ""action"": ""HOLD"", ""support"": ""NORMAL"", ""n_neg"": 0, ""data_unreliable"": false}, {""minute"": ""15:11"", ""mid"": 391.07500000000005, ""bid"": 390.6, ""risk"": ""HIGH"", ""action"": ""PREPARE_EXIT"", ""support"": ""CONTRADICTED"", ""n_neg"": 4, ""data_unreliable"": false}, {""minute"": ""15:12"", ""mid"": 393.6, ""bid"": 393.15, ""risk"": ""HIGH"", ""action"": ""PREPARE_EXIT"", ""support"": ""CONTRADICTED"", ""n_neg"": 3, ""data_unreliable"": false}, {""minute"": ""15:13"", ""mid"": 385.025, ""bid"": 384.75, ""risk"": ""EXTREME"", ""action"": ""BREAK_EXIT"", ""support"": ""CONTRADICTED"", ""n_neg"": 5, ""data_unreliable"": false}, {""minute"": ""15:14"", ""mid"": 384.5, ""bid"": 383.95, ""risk"": ""HIGH"", ""action"": ""PREPARE_EXIT"", ""support"": ""CONTRADICTED"", ""n_neg"": 4, ""data_unreliable"": false}, {""minute"": ""15:15"", ""mid"": 379.65, ""bid"": 379.35, ""risk"": ""EXTREME"", ""action"": ""BREAK_EXIT"", ""support"": ""CONTRADICTED"", ""n_neg"": 6, ""data_unreliable"": false}, {""minute"": ""15:16"", ""mid"": 377.32500000000005, ""bid"": 377.1, ""risk"": ""EXTREME"", ""action"": ""BREAK_EXIT"", ""support"": ""CONTRADICTED"", ""n_neg"": 5, ""data_unreliable"": false}, {""minute"": ""15:17"", ""mid"": 383.75, ""bid"": 383.25, ""risk"": ""LOW"", ""action"": ""HOLD"", ""support"": ""STRONG"", ""n_neg"": 0, ""data_unreliable"": false}, {""minute"": ""15:18"", ""mid"": 379.4, ""bid"": 379.05, ""risk"": ""ELEVATED"", ""action"": ""CAUTION"", ""support"": ""NORMAL"", ""n_neg"": 1, ""data_unreliable"": false}, {""minute"": ""15:19"", ""mid"": 381.625, ""bid"": 381.3, ""risk"": ""ELEVATED"", ""action"": ""CAUTION"", ""support"": ""WEAK"", ""n_neg"": 2, ""data_unreliable"": false}]"
SENSEX,2026-07-20,CLOSING_1515_1529,CE,77800.0,15:15,15:29,409.275,409.75,"[{""minute"": ""15:15"", ""mid"": 409.275, ""bid"": 408.8, ""risk"": ""LOW"", ""action"": ""HOLD"", ""support"": ""STRONG"", ""n_neg"": 0, ""data_unreliable"": false}, {""minute"": ""15:16"", ""mid"": 408.625, ""bid"": 408.05, ""risk"": ""ELEVATED"", ""action"": ""CAUTION"", ""support"": ""NORMAL"", ""n_neg"": 1, ""data_unreliable"": false}, {""minute"": ""15:17"", ""mid"": 403.025, ""bid"": 402.5, ""risk"": ""HIGH"", ""action"": ""PREPARE_EXIT"", ""support"": ""CONTRADICTED"", ""n_neg"": 4, ""data_unreliable"": false}, {""minute"": ""15:18"", ""mid"": 404.92499999999995, ""bid"": 404.4, ""risk"": ""HIGH"", ""action"": ""PREPARE_EXIT"", ""support"": ""CONTRADICTED"", ""n_neg"": 4, ""data_unreliable"": false}, {""minute"": ""15:19"", ""mid"": 403.25, ""bid"": 402.75, ""risk"": ""ELEVATED"", ""action"": ""CAUTION"", ""support"": ""WEAK"", ""n_neg"": 2, ""data_unreliable"": false}, {""minute"": ""15:20"", ""mid"": 404.225, ""bid"": 404.05, ""risk"": ""NORMAL"", ""action"": ""HOLD"", ""support"": ""NORMAL"", ""n_neg"": 0, ""data_unreliable"": false}, {""minute"": ""15:21"", ""mid"": 398.8, ""bid"": 398.3, ""risk"": ""HIGH"", ""action"": ""PREPARE_EXIT"", ""support"": ""CONTRADICTED"", ""n_neg"": 4, ""data_unreliable"": false}, {""minute"": ""15:22"", ""mid"": 392.075, ""bid"": 391.75, ""risk"": ""EXTREME"", ""action"": ""BREAK_EXIT"", ""support"": ""CONTRADICTED"", ""n_neg"": 5, ""data_unreliable"": false}, {""minute"": ""15:23"", ""mid"": 399.85, ""bid"": 399.35, ""risk"": ""NORMAL"", ""action"": ""HOLD"", ""support"": ""NORMAL"", ""n_neg"": 1, ""data_unreliable"": false}, {""minute"": ""15:24"", ""mid"": 406.325, ""bid"": 405.75, ""risk"": ""LOW"", ""action"": ""HOLD"", ""support"": ""STRONG"", ""n_neg"": 0, ""data_unreliable"": false}, {""minute"": ""15:25"", ""mid"": 407.875, ""bid"": 407.4, ""risk"": ""LOW"", ""action"": ""HOLD"", ""support"": ""STRONG"", ""n_neg"": 0, ""data_unreliable"": false}, {""minute"": ""15:26"", ""mid"": 402.075, ""bid"": 401.4, ""risk"": ""ELEVATED"", ""action"": ""CAUTION"", ""support"": ""WEAK"", ""n_neg"": 3, ""data_unreliable"": false}, {""minute"": ""15:27"", ""mid"": 408.125, ""bid"": 407.8, ""risk"": ""NORMAL"", ""action"": ""HOLD"", ""support"": ""NORMAL"", ""n_neg"": 0, ""data_unreliable"": false}, {""minute"": ""15:28"", ""mid"": 406.875, ""bid"": 406.4, ""risk"": ""ELEVATED"", ""action"": ""CAUTION"", ""support"": ""WEAK"", ""n_neg"": 2, ""data_unreliable"": false}, {""minute"": ""15:29"", ""mid"": 403.45, ""bid"": 402.9, ""risk"": ""EXTREME"", ""action"": ""BREAK_EXIT"", ""support"": ""CONTRADICTED"", ""n_neg"": 5, ""data_unreliable"": false}]"
SENSEX,2026-07-20,CLOSING_1515_1529,PE,77800.0,15:15,15:29,427.325,427.75,"[{""minute"": ""15:15"", ""mid"": 427.325, ""bid"": 426.9, ""risk"": ""HIGH"", ""action"": ""PREPARE_EXIT"", ""support"": ""CONTRADICTED"", ""n_neg"": 5, ""data_unreliable"": false}, {""minute"": ""15:16"", ""mid"": 424.575, ""bid"": 424.25, ""risk"": ""EXTREME"", ""action"": ""BREAK_EXIT"", ""support"": ""CONTRADICTED"", ""n_neg"": 5, ""data_unreliable"": false}, {""minute"": ""15:17"", ""mid"": 431.525, ""bid"": 430.95, ""risk"": ""NORMAL"", ""action"": ""HOLD"", ""support"": ""NORMAL"", ""n_neg"": 0, ""data_unreliable"": false}, {""minute"": ""15:18"", ""mid"": 426.85, ""bid"": 426.4, ""risk"": ""ELEVATED"", ""action"": ""CAUTION"", ""support"": ""NORMAL"", ""n_neg"": 1, ""data_unreliable"": false}, {""minute"": ""15:19"", ""mid"": 428.875, ""bid"": 428.4, ""risk"": ""ELEVATED"", ""action"": ""CAUTION"", ""support"": ""WEAK"", ""n_neg"": 2, ""data_unreliable"": false}, {""minute"": ""15:20"", ""mid"": 426.275, ""bid"": 425.75, ""risk"": ""ELEVATED"", ""action"": ""CAUTION"", ""support"": ""WEAK"", ""n_neg"": 2, ""data_unreliable"": false}, {""minute"": ""15:21"", ""mid"": 427.25, ""bid"": 426.65, ""risk"": ""NORMAL"", ""action"": ""HOLD"", ""support"": ""NORMAL"", ""n_neg"": 1, ""data_unreliable"": false}, {""minute"": ""15:22"", ""mid"": 429.45, ""bid"": 428.9, ""risk"": ""NORMAL"", ""action"": ""HOLD"", ""support"": ""NORMAL"", ""n_neg"": 0, ""data_unreliable"": false}, {""minute"": ""15:23"", ""mid"": 424.57500000000005, ""bid"": 424.05, ""risk"": ""ELEVATED"", ""action"": ""CAUTION"", ""support"": ""WEAK"", ""n_neg"": 1, ""data_unreliable"": false}, {""minute"": ""15:24"", ""mid"": 411.525, ""bid"": 411.0, ""risk"": ""EXTREME"", ""action"": ""BREAK_EXIT"", ""support"": ""CONTRADICTED"", ""n_neg"": 7, ""data_unreliable"": false}, {""minute"": ""15:25"", ""mid"": 411.2, ""bid"": 410.75, ""risk"": ""EXTREME"", ""action"": ""BREAK_EXIT"", ""support"": ""CONTRADICTED"", ""n_neg"": 5, ""data_unreliable"": false}, {""minute"": ""15:26"", ""mid"": 413.475, ""bid"": 412.9, ""risk"": ""NORMAL"", ""action"": ""HOLD"", ""support"": ""NORMAL"", ""n_neg"": 1, ""data_unreliable"": false}, {""minute"": ""15:27"", ""mid"": 413.55, ""bid"": 413.05, ""risk"": ""NORMAL"", ""action"": ""HOLD"", ""support"": ""NORMAL"", ""n_neg"": 0, ""data_unreliable"": false}, {""minute"": ""15:28"", ""mid"": 421.7, ""bid"": 421.2, ""risk"": ""ELEVATED"", ""action"": ""CAUTION"", ""support"": ""NORMAL"", ""n_neg"": 1, ""data_unreliable"": false}, {""minute"": ""15:29"", ""mid"": 414.55, ""bid"": 414.1, ""risk"": ""ELEVATED"", ""action"": ""CAUTION"", ""support"": ""NORMAL"", ""n_neg"": 1, ""data_unreliable"": false}]"
NIFTY,2026-07-21,11D_SHAPED_1500_1519,CE,24200.0,15:00,15:19,10.075,10.1,"[{""minute"": ""15:00"", ""mid"": 10.075, ""bid"": 10.05, ""risk"": ""ELEVATED"", ""action"": ""CAUTION"", ""support"": ""NORMAL"", ""n_neg"": 1, ""data_unreliable"": false}, {""minute"": ""15:01"", ""mid"": 6.775, ""bid"": 6.75, ""risk"": ""EXTREME"", ""action"": ""BREAK_EXIT"", ""support"": ""CONTRADICTED"", ""n_neg"": 6, ""data_unreliable"": false}, {""minute"": ""15:02"", ""mid"": 6.725, ""bid"": 6.7, ""risk"": ""HIGH"", ""action"": ""PREPARE_EXIT"", ""support"": ""CONTRADICTED"", ""n_neg"": 5, ""data_unreliable"": false}, {""minute"": ""15:03"", ""mid"": 7.875, ""bid"": 7.85, ""risk"": ""NORMAL"", ""action"": ""HOLD"", ""support"": ""NORMAL"", ""n_neg"": 1, ""data_unreliable"": false}, {""minute"": ""15:04"", ""mid"": 3.125, ""bid"": 3.1, ""risk"": ""EXTREME"", ""action"": ""BREAK_EXIT"", ""support"": ""CONTRADICTED"", ""n_neg"": 8, ""data_unreliable"": false}, {""minute"": ""15:05"", ""mid"": 2.125, ""bid"": 2.1, ""risk"": ""EXTREME"", ""action"": ""BREAK_EXIT"", ""support"": ""CONTRADICTED"", ""n_neg"": 6, ""data_unreliable"": false}, {""minute"": ""15:06"", ""mid"": 2.725, ""bid"": 2.7, ""risk"": ""EXTREME"", ""action"": ""BREAK_EXIT"", ""support"": ""CONTRADICTED"", ""n_neg"": 6, ""data_unreliable"": false}, {""minute"": ""15:07"", ""mid"": 1.875, ""bid"": 1.85, ""risk"": ""HIGH"", ""action"": ""PREPARE_EXIT"", ""support"": ""CONTRADICTED"", ""n_neg"": 5, ""data_unreliable"": false}, {""minute"": ""15:08"", ""mid"": 1.225, ""bid"": 1.2, ""risk"": ""EXTREME"", ""action"": ""BREAK_EXIT"", ""support"": ""CONTRADICTED"", ""n_neg"": 7, ""data_unreliable"": false}, {""minute"": ""15:09"", ""mid"": 0.725, ""bid"": 0.7, ""risk"": ""EXTREME"", ""action"": ""BREAK_EXIT"", ""support"": ""CONTRADICTED"", ""n_neg"": 7, ""data_unreliable"": false}, {""minute"": ""15:10"", ""mid"": 0.475, ""bid"": 0.45, ""risk"": ""EXTREME"", ""action"": ""BREAK_EXIT"", ""support"": ""CONTRADICTED"", ""n_neg"": 5, ""data_unreliable"": false}, {""minute"": ""15:11"", ""mid"": 0.375, ""bid"": 0.35, ""risk"": ""EXTREME"", ""action"": ""BREAK_EXIT"", ""support"": ""CONTRADICTED"", ""n_neg"": 5, ""data_unreliable"": false}, {""minute"": ""15:12"", ""mid"": 0.475, ""bid"": 0.45, ""risk"": ""ELEVATED"", ""action"": ""CAUTION"", ""support"": ""WEAK"", ""n_neg"": 3, ""data_unreliable"": false}, {""minute"": ""15:13"", ""mid"": 0.575, ""bid"": 0.55, ""risk"": ""NORMAL"", ""action"": ""HOLD"", ""support"": ""NORMAL"", ""n_neg"": 1, ""data_unreliable"": false}, {""minute"": ""15:14"", ""mid"": 0.225, ""bid"": 0.2, ""risk"": ""EXTREME"", ""action"": ""BREAK_EXIT"", ""support"": ""CONTRADICTED"", ""n_neg"": 6, ""data_unreliable"": false}, {""minute"": ""15:15"", ""mid"": 0.225, ""bid"": 0.2, ""risk"": ""EXTREME"", ""action"": ""BREAK_EXIT"", ""support"": ""CONTRADICTED"", ""n_neg"": 6, ""data_unreliable"": false}, {""minute"": ""15:16"", ""mid"": 0.175, ""bid"": 0.15, ""risk"": ""EXTREME"", ""action"": ""BREAK_EXIT"", ""support"": ""CONTRADICTED"", ""n_neg"": 7, ""data_unreliable"": false}, {""minute"": ""15:17"", ""mid"": 0.175, ""bid"": 0.15, ""risk"": ""EXTREME"", ""action"": ""BREAK_EXIT"", ""support"": ""CONTRADICTED"", ""n_neg"": 6, ""data_unreliable"": false}, {""minute"": ""15:18"", ""mid"": 0.175, ""bid"": 0.15, ""risk"": ""ELEVATED"", ""action"": ""CAUTION"", ""support"": ""WEAK"", ""n_neg"": 3, ""data_unreliable"": false}, {""minute"": ""15:19"", ""mid"": 0.125, ""bid"": 0.1, ""risk"": ""EXTREME"", ""action"": ""BREAK_EXIT"", ""support"": ""CONTRADICTED"", ""n_neg"": 6, ""data_unreliable"": false}]"
NIFTY,2026-07-21,11D_SHAPED_1500_1519,PE,24200.0,15:00,15:19,19.325000000000003,19.35,"[{""minute"": ""15:00"", ""mid"": 19.325000000000003, ""bid"": 19.3, ""risk"": ""EXTREME"", ""action"": ""BREAK_EXIT"", ""support"": ""CONTRADICTED"", ""n_neg"": 7, ""data_unreliable"": false}, {""minute"": ""15:01"", ""mid"": 18.15, ""bid"": 18.1, ""risk"": ""HIGH"", ""action"": ""PREPARE_EXIT"", ""support"": ""CONTRADICTED"", ""n_neg"": 5, ""data_unreliable"": false}, {""minute"": ""15:02"", ""mid"": 12.525, ""bid"": 12.5, ""risk"": ""EXTREME"", ""action"": ""BREAK_EXIT"", ""support"": ""CONTRADICTED"", ""n_neg"": 7, ""data_unreliable"": false}, {""minute"": ""15:03"", ""mid"": 9.325, ""bid"": 9.3, ""risk"": ""EXTREME"", ""action"": ""BREAK_EXIT"", ""support"": ""CONTRADICTED"", ""n_neg"": 7, ""data_unreliable"": false}, {""minute"": ""15:04"", ""mid"": 14.350000000000001, ""bid"": 14.3, ""risk"": ""ELEVATED"", ""action"": ""CAUTION"", ""support"": ""NORMAL"", ""n_neg"": 2, ""data_unreliable"": false}, {""minute"": ""15:05"", ""mid"": 15.3, ""bid"": 15.25, ""risk"": ""NORMAL"", ""action"": ""HOLD"", ""support"": ""NORMAL"", ""n_neg"": 1, ""data_unreliable"": false}, {""minute"": ""15:06"", ""mid"": 12.850000000000001, ""bid"": 12.8, ""risk"": ""HIGH"", ""action"": ""PREPARE_EXIT"", ""support"": ""CONTRADICTED"", ""n_neg"": 5, ""data_unreliable"": false}, {""minute"": ""15:07"", ""mid"": 13.649999999999999, ""bid"": 13.6, ""risk"": ""HIGH"", ""action"": ""PREPARE_EXIT"", ""support"": ""CONTRADICTED"", ""n_neg"": 6, ""data_unreliable"": false}, {""minute"": ""15:08"", ""mid"": 14.899999999999999, ""bid"": 14.85, ""risk"": ""ELEVATED"", ""action"": ""CAUTION"", ""support"": ""NORMAL"", ""n_neg"": 2, ""data_unreliable"": false}, {""minute"": ""15:09"", ""mid"": 16.15, ""bid"": 16.1, ""risk"": ""NORMAL"", ""action"": ""HOLD"", ""support"": ""NORMAL"", ""n_neg"": 1, ""data_unreliable"": false}, {""minute"": ""15:10"", ""mid"": 16.825000000000003, ""bid"": 16.8, ""risk"": ""LOW"", ""action"": ""HOLD"", ""support"": ""STRONG"", ""n_neg"": 0, ""data_unreliable"": false}, {""minute"": ""15:11"", ""mid"": 17.05, ""bid"": 17.0, ""risk"": ""NORMAL"", ""action"": ""HOLD"", ""support"": ""NORMAL"", ""n_neg"": 1, ""data_unreliable"": false}, {""minute"": ""15:12"", ""mid"": 14.45, ""bid"": 14.4, ""risk"": ""EXTREME"", ""action"": ""BREAK_EXIT"", ""support"": ""CONTRADICTED"", ""n_neg"": 7, ""data_unreliable"": false}, {""minute"": ""15:13"", ""mid"": 13.5, ""bid"": 13.45, ""risk"": ""EXTREME"", ""action"": ""BREAK_EXIT"", ""support"": ""CONTRADICTED"", ""n_neg"": 6, ""data_unreliable"": false}, {""minute"": ""15:14"", ""mid"": 15.075, ""bid"": 15.05, ""risk"": ""NORMAL"", ""action"": ""HOLD"", ""support"": ""NORMAL"", ""n_neg"": 1, ""data_unreliable"": false}, {""minute"": ""15:15"", ""mid"": 14.95, ""bid"": 14.9, ""risk"": ""ELEVATED"", ""action"": ""CAUTION"", ""support"": ""NORMAL"", ""n_neg"": 2, ""data_unreliable"": false}, {""minute"": ""15:16"", ""mid"": 14.675, ""bid"": 14.65, ""risk"": ""ELEVATED"", ""action"": ""CAUTION"", ""support"": ""NORMAL"", ""n_neg"": 3, ""data_unreliable"": false}, {""minute"": ""15:17"", ""mid"": 12.149999999999999, ""bid"": 12.1, ""risk"": ""HIGH"", ""action"": ""PREPARE_EXIT"", ""support"": ""CONTRADICTED"", ""n_neg"": 5, ""data_unreliable"": false}, {""minute"": ""15:18"", ""mid"": 12.575, ""bid"": 12.55, ""risk"": ""EXTREME"", ""action"": ""BREAK_EXIT"", ""support"": ""CONTRADICTED"", ""n_neg"": 6, ""data_unreliable"": false}, {""minute"": ""15:19"", ""mid"": 13.025, ""bid"": 13.0, ""risk"": ""NORMAL"", ""action"": ""HOLD"", ""support"": ""NORMAL"", ""n_neg"": 1, ""data_unreliable"": false}]"
NIFTY,2026-07-21,CLOSING_1515_1529,CE,24200.0,15:15,15:29,0.225,0.25,"[{""minute"": ""15:15"", ""mid"": 0.225, ""bid"": 0.2, ""risk"": ""EXTREME"", ""action"": ""BREAK_EXIT"", ""support"": ""CONTRADICTED"", ""n_neg"": 6, ""data_unreliable"": false}, {""minute"": ""15:16"", ""mid"": 0.175, ""bid"": 0.15, ""risk"": ""EXTREME"", ""action"": ""BREAK_EXIT"", ""support"": ""CONTRADICTED"", ""n_neg"": 7, ""data_unreliable"": false}, {""minute"": ""15:17"", ""mid"": 0.175, ""bid"": 0.15, ""risk"": ""EXTREME"", ""action"": ""BREAK_EXIT"", ""support"": ""CONTRADICTED"", ""n_neg"": 6, ""data_unreliable"": false}, {""minute"": ""15:18"", ""mid"": 0.175, ""bid"": 0.15, ""risk"": ""ELEVATED"", ""action"": ""CAUTION"", ""support"": ""WEAK"", ""n_neg"": 3, ""data_unreliable"": false}, {""minute"": ""15:19"", ""mid"": 0.125, ""bid"": 0.1, ""risk"": ""EXTREME"", ""action"": ""BREAK_EXIT"", ""support"": ""CONTRADICTED"", ""n_neg"": 6, ""data_unreliable"": false}, {""minute"": ""15:20"", ""mid"": 0.125, ""bid"": 0.1, ""risk"": ""EXTREME"", ""action"": ""BREAK_EXIT"", ""support"": ""CONTRADICTED"", ""n_neg"": 5, ""data_unreliable"": false}, {""minute"": ""15:21"", ""mid"": 0.125, ""bid"": 0.1, ""risk"": ""ELEVATED"", ""action"": ""CAUTION"", ""support"": ""WEAK"", ""n_neg"": 3, ""data_unreliable"": false}, {""minute"": ""15:22"", ""mid"": 0.07500000000000001, ""bid"": 0.05, ""risk"": ""EXTREME"", ""action"": ""BREAK_EXIT"", ""support"": ""CONTRADICTED"", ""n_neg"": 6, ""data_unreliable"": false}, {""minute"": ""15:23"", ""mid"": 0.07500000000000001, ""bid"": 0.05, ""risk"": ""EXTREME"", ""action"": ""BREAK_EXIT"", ""support"": ""CONTRADICTED"", ""n_neg"": 7, ""data_unreliable"": false}, {""minute"": ""15:24"", ""mid"": 0.07500000000000001, ""bid"": 0.05, ""risk"": ""EXTREME"", ""action"": ""BREAK_EXIT"", ""support"": ""CONTRADICTED"", ""n_neg"": 4, ""data_unreliable"": false}, {""minute"": ""15:25"", ""mid"": null, ""bid"": null, ""risk"": ""EXTREME"", ""action"": ""PREPARE_EXIT"", ""support"": ""UNKNOWN"", ""n_neg"": 1, ""data_unreliable"": true}, {""minute"": ""15:26"", ""mid"": null, ""bid"": null, ""risk"": ""EXTREME"", ""action"": ""PREPARE_EXIT"", ""support"": ""UNKNOWN"", ""n_neg"": 1, ""data_unreliable"": true}, {""minute"": ""15:27"", ""mid"": null, ""bid"": null, ""risk"": ""EXTREME"", ""action"": ""PREPARE_EXIT"", ""support"": ""UNKNOWN"", ""n_neg"": 1, ""data_unreliable"": true}, {""minute"": ""15:28"", ""mid"": null, ""bid"": null, ""risk"": ""EXTREME"", ""action"": ""PREPARE_EXIT"", ""support"": ""UNKNOWN"", ""n_neg"": 1, ""data_unreliable"": true}, {""minute"": ""15:29"", ""mid"": null, ""bid"": null, ""risk"": ""EXTREME"", ""action"": ""PREPARE_EXIT"", ""support"": ""UNKNOWN"", ""n_neg"": 1, ""data_unreliable"": true}]"
NIFTY,2026-07-21,CLOSING_1515_1529,PE,24200.0,15:15,15:29,14.95,15.0,"[{""minute"": ""15:15"", ""mid"": 14.95, ""bid"": 14.9, ""risk"": ""ELEVATED"", ""action"": ""CAUTION"", ""support"": ""NORMAL"", ""n_neg"": 1, ""data_unreliable"": false}, {""minute"": ""15:16"", ""mid"": 14.675, ""bid"": 14.65, ""risk"": ""ELEVATED"", ""action"": ""CAUTION"", ""support"": ""NORMAL"", ""n_neg"": 3, ""data_unreliable"": false}, {""minute"": ""15:17"", ""mid"": 12.149999999999999, ""bid"": 12.1, ""risk"": ""HIGH"", ""action"": ""PREPARE_EXIT"", ""support"": ""CONTRADICTED"", ""n_neg"": 4, ""data_unreliable"": false}, {""minute"": ""15:18"", ""mid"": 12.575, ""bid"": 12.55, ""risk"": ""EXTREME"", ""action"": ""BREAK_EXIT"", ""support"": ""CONTRADICTED"", ""n_neg"": 5, ""data_unreliable"": false}, {""minute"": ""15:19"", ""mid"": 13.025, ""bid"": 13.0, ""risk"": ""NORMAL"", ""action"": ""HOLD"", ""support"": ""NORMAL"", ""n_neg"": 1, ""data_unreliable"": false}, {""minute"": ""15:20"", ""mid"": 12.375, ""bid"": 12.35, ""risk"": ""HIGH"", ""action"": ""PREPARE_EXIT"", ""support"": ""NORMAL"", ""n_neg"": 5, ""data_unreliable"": false}, {""minute"": ""15:21"", ""mid"": 12.649999999999999, ""bid"": 12.6, ""risk"": ""EXTREME"", ""action"": ""BREAK_EXIT"", ""support"": ""CONTRADICTED"", ""n_neg"": 6, ""data_unreliable"": false}, {""minute"": ""15:22"", ""mid"": 11.75, ""bid"": 11.7, ""risk"": ""HIGH"", ""action"": ""PREPARE_EXIT"", ""support"": ""CONTRADICTED"", ""n_neg"": 4, ""data_unreliable"": false}, {""minute"": ""15:23"", ""mid"": 12.225, ""bid"": 12.2, ""risk"": ""HIGH"", ""action"": ""PREPARE_EXIT"", ""support"": ""CONTRADICTED"", ""n_neg"": 4, ""data_unreliable"": false}, {""minute"": ""15:24"", ""mid"": 12.375, ""bid"": 12.35, ""risk"": ""NORMAL"", ""action"": ""HOLD"", ""support"": ""NORMAL"", ""n_neg"": 1, ""data_unreliable"": false}, {""minute"": ""15:25"", ""mid"": 12.55, ""bid"": 12.5, ""risk"": ""NORMAL"", ""action"": ""HOLD"", ""support"": ""NORMAL"", ""n_neg"": 0, ""data_unreliable"": false}, {""minute"": ""15:26"", ""mid"": 13.2, ""bid"": 13.15, ""risk"": ""NORMAL"", ""action"": ""HOLD"", ""support"": ""NORMAL"", ""n_neg"": 0, ""data_unreliable"": false}, {""minute"": ""15:27"", ""mid"": 12.675, ""bid"": 12.65, ""risk"": ""ELEVATED"", ""action"": ""CAUTION"", ""support"": ""NORMAL"", ""n_neg"": 1, ""data_unreliable"": false}, {""minute"": ""15:28"", ""mid"": 12.275, ""bid"": 12.25, ""risk"": ""HIGH"", ""action"": ""PREPARE_EXIT"", ""support"": ""CONTRADICTED"", ""n_neg"": 3, ""data_unreliable"": false}, {""minute"": ""15:29"", ""mid"": 12.275, ""bid"": 12.25, ""risk"": ""HIGH"", ""action"": ""PREPARE_EXIT"", ""support"": ""CONTRADICTED"", ""n_neg"": 3, ""data_unreliable"": false}]"
SENSEX,2026-07-21,11D_SHAPED_1500_1519,CE,77500.0,15:00,15:19,313.125,313.45,"[{""minute"": ""15:00"", ""mid"": 313.125, ""bid"": 312.8, ""risk"": ""ELEVATED"", ""action"": ""CAUTION"", ""support"": ""NORMAL"", ""n_neg"": 1, ""data_unreliable"": false}, {""minute"": ""15:01"", ""mid"": 306.65, ""bid"": 306.25, ""risk"": ""EXTREME"", ""action"": ""BREAK_EXIT"", ""support"": ""CONTRADICTED"", ""n_neg"": 8, ""data_unreliable"": false}, {""minute"": ""15:02"", ""mid"": 314.875, ""bid"": 314.75, ""risk"": ""ELEVATED"", ""action"": ""CAUTION"", ""support"": ""WEAK"", ""n_neg"": 2, ""data_unreliable"": false}, {""minute"": ""15:03"", ""mid"": 320.7, ""bid"": 320.4, ""risk"": ""LOW"", ""action"": ""HOLD"", ""support"": ""STRONG"", ""n_neg"": 0, ""data_unreliable"": false}, {""minute"": ""15:04"", ""mid"": 310.725, ""bid"": 310.3, ""risk"": ""HIGH"", ""action"": ""PREPARE_EXIT"", ""support"": ""CONTRADICTED"", ""n_neg"": 4, ""data_unreliable"": false}, {""minute"": ""15:05"", ""mid"": 309.4, ""bid"": 309.3, ""risk"": ""HIGH"", ""action"": ""PREPARE_EXIT"", ""support"": ""CONTRADICTED"", ""n_neg"": 4, ""data_unreliable"": false}, {""minute"": ""15:06"", ""mid"": 314.54999999999995, ""bid"": 314.4, ""risk"": ""ELEVATED"", ""action"": ""CAUTION"", ""support"": ""WEAK"", ""n_neg"": 2, ""data_unreliable"": false}, {""minute"": ""15:07"", ""mid"": 311.70000000000005, ""bid"": 311.35, ""risk"": ""ELEVATED"", ""action"": ""CAUTION"", ""support"": ""WEAK"", ""n_neg"": 1, ""data_unreliable"": false}, {""minute"": ""15:08"", ""mid"": 309.25, ""bid"": 309.0, ""risk"": ""HIGH"", ""action"": ""PREPARE_EXIT"", ""support"": ""CONTRADICTED"", ""n_neg"": 3, ""data_unreliable"": false}, {""minute"": ""15:09"", ""mid"": 310.525, ""bid"": 310.15, ""risk"": ""ELEVATED"", ""action"": ""CAUTION"", ""support"": ""WEAK"", ""n_neg"": 3, ""data_unreliable"": false}, {""minute"": ""15:10"", ""mid"": 306.975, ""bid"": 306.95, ""risk"": ""EXTREME"", ""action"": ""BREAK_EXIT"", ""support"": ""CONTRADICTED"", ""n_neg"": 5, ""data_unreliable"": false}, {""minute"": ""15:11"", ""mid"": 305.425, ""bid"": 305.1, ""risk"": ""HIGH"", ""action"": ""PREPARE_EXIT"", ""support"": ""CONTRADICTED"", ""n_neg"": 4, ""data_unreliable"": false}, {""minute"": ""15:12"", ""mid"": 308.6, ""bid"": 308.2, ""risk"": ""NORMAL"", ""action"": ""HOLD"", ""support"": ""NORMAL"", ""n_neg"": 1, ""data_unreliable"": false}, {""minute"": ""15:13"", ""mid"": 315.95, ""bid"": 315.9, ""risk"": ""LOW"", ""action"": ""HOLD"", ""support"": ""STRONG"", ""n_neg"": 0, ""data_unreliable"": false}, {""minute"": ""15:14"", ""mid"": 311.225, ""bid"": 310.85, ""risk"": ""ELEVATED"", ""action"": ""CAUTION"", ""support"": ""NORMAL"", ""n_neg"": 1, ""data_unreliable"": false}, {""minute"": ""15:15"", ""mid"": 318.75, ""bid"": 318.3, ""risk"": ""ELEVATED"", ""action"": ""CAUTION"", ""support"": ""WEAK"", ""n_neg"": 3, ""data_unreliable"": false}, {""minute"": ""15:16"", ""mid"": 320.85, ""bid"": 320.8, ""risk"": ""LOW"", ""action"": ""HOLD"", ""support"": ""STRONG"", ""n_neg"": 0, ""data_unreliable"": false}, {""minute"": ""15:17"", ""mid"": 320.975, ""bid"": 320.5, ""risk"": ""LOW"", ""action"": ""HOLD"", ""support"": ""STRONG"", ""n_neg"": 0, ""data_unreliable"": false}, {""minute"": ""15:18"", ""mid"": 320.65, ""bid"": 320.6, ""risk"": ""ELEVATED"", ""action"": ""CAUTION"", ""support"": ""NORMAL"", ""n_neg"": 3, ""data_unreliable"": false}, {""minute"": ""15:19"", ""mid"": 323.225, ""bid"": 323.05, ""risk"": ""NORMAL"", ""action"": ""HOLD"", ""support"": ""NORMAL"", ""n_neg"": 0, ""data_unreliable"": false}]"
SENSEX,2026-07-21,11D_SHAPED_1500_1519,PE,77500.0,15:00,15:19,329.6,330.4,"[{""minute"": ""15:00"", ""mid"": 329.6, ""bid"": 328.8, ""risk"": ""EXTREME"", ""action"": ""BREAK_EXIT"", ""support"": ""CONTRADICTED"", ""n_neg"": 7, ""data_unreliable"": false}, {""minute"": ""15:01"", ""mid"": 339.57500000000005, ""bid"": 339.1, ""risk"": ""NORMAL"", ""action"": ""HOLD"", ""support"": ""NORMAL"", ""n_neg"": 1, ""data_unreliable"": false}, {""minute"": ""15:02"", ""mid"": 336.05, ""bid"": 335.75, ""risk"": ""ELEVATED"", ""action"": ""CAUTION"", ""support"": ""NORMAL"", ""n_neg"": 1, ""data_unreliable"": false}, {""minute"": ""15:03"", ""mid"": 325.1, ""bid"": 324.65, ""risk"": ""HIGH"", ""action"": ""PREPARE_EXIT"", ""support"": ""CONTRADICTED"", ""n_neg"": 5, ""data_unreliable"": false}, {""minute"": ""15:04"", ""mid"": 336.55, ""bid"": 336.25, ""risk"": ""NORMAL"", ""action"": ""HOLD"", ""support"": ""NORMAL"", ""n_neg"": 1, ""data_unreliable"": false}, {""minute"": ""15:05"", ""mid"": 338.9, ""bid"": 338.45, ""risk"": ""LOW"", ""action"": ""HOLD"", ""support"": ""STRONG"", ""n_neg"": 0, ""data_unreliable"": false}, {""minute"": ""15:06"", ""mid"": 340.225, ""bid"": 339.9, ""risk"": ""ELEVATED"", ""action"": ""CAUTION"", ""support"": ""NORMAL"", ""n_neg"": 1, ""data_unreliable"": false}, {""minute"": ""15:07"", ""mid"": 339.125, ""bid"": 338.8, ""risk"": ""ELEVATED"", ""action"": ""CAUTION"", ""support"": ""NORMAL"", ""n_neg"": 1, ""data_unreliable"": false}, {""minute"": ""15:08"", ""mid"": 339.925, ""bid"": 339.85, ""risk"": ""NORMAL"", ""action"": ""HOLD"", ""support"": ""NORMAL"", ""n_neg"": 1, ""data_unreliable"": false}, {""minute"": ""15:09"", ""mid"": 339.025, ""bid"": 338.8, ""risk"": ""ELEVATED"", ""action"": ""CAUTION"", ""support"": ""WEAK"", ""n_neg"": 1, ""data_unreliable"": false}, {""minute"": ""15:10"", ""mid"": 344.79999999999995, ""bid"": 344.45, ""risk"": ""LOW"", ""action"": ""HOLD"", ""support"": ""STRONG"", ""n_neg"": 0, ""data_unreliable"": false}, {""minute"": ""15:11"", ""mid"": 345.45, ""bid"": 345.15, ""risk"": ""LOW"", ""action"": ""HOLD"", ""support"": ""STRONG"", ""n_neg"": 0, ""data_unreliable"": false}, {""minute"": ""15:12"", ""mid"": 340.4, ""bid"": 340.35, ""risk"": ""EXTREME"", ""action"": ""BREAK_EXIT"", ""support"": ""CONTRADICTED"", ""n_neg"": 5, ""data_unreliable"": false}, {""minute"": ""15:13"", ""mid"": 329.35, ""bid"": 329.0, ""risk"": ""EXTREME"", ""action"": ""BREAK_EXIT"", ""support"": ""CONTRADICTED"", ""n_neg"": 8, ""data_unreliable"": false}, {""minute"": ""15:14"", ""mid"": 336.175, ""bid"": 335.75, ""risk"": ""HIGH"", ""action"": ""PREPARE_EXIT"", ""support"": ""CONTRADICTED"", ""n_neg"": 3, ""data_unreliable"": false}, {""minute"": ""15:15"", ""mid"": 336.70000000000005, ""bid"": 336.3, ""risk"": ""NORMAL"", ""action"": ""HOLD"", ""support"": ""NORMAL"", ""n_neg"": 1, ""data_unreliable"": false}, {""minute"": ""15:16"", ""mid"": 326.4, ""bid"": 326.1, ""risk"": ""EXTREME"", ""action"": ""BREAK_EXIT"", ""support"": ""CONTRADICTED"", ""n_neg"": 6, ""data_unreliable"": false}, {""minute"": ""15:17"", ""mid"": 319.45, ""bid"": 319.0, ""risk"": ""EXTREME"", ""action"": ""BREAK_EXIT"", ""support"": ""CONTRADICTED"", ""n_neg"": 4, ""data_unreliable"": false}, {""minute"": ""15:18"", ""mid"": 322.85, ""bid"": 322.6, ""risk"": ""EXTREME"", ""action"": ""BREAK_EXIT"", ""support"": ""CONTRADICTED"", ""n_neg"": 5, ""data_unreliable"": false}, {""minute"": ""15:19"", ""mid"": 319.425, ""bid"": 319.0, ""risk"": ""ELEVATED"", ""action"": ""CAUTION"", ""support"": ""WEAK"", ""n_neg"": 2, ""data_unreliable"": false}]"
SENSEX,2026-07-21,CLOSING_1515_1529,CE,77500.0,15:15,15:29,318.75,319.2,"[{""minute"": ""15:15"", ""mid"": 318.75, ""bid"": 318.3, ""risk"": ""ELEVATED"", ""action"": ""CAUTION"", ""support"": ""WEAK"", ""n_neg"": 3, ""data_unreliable"": false}, {""minute"": ""15:16"", ""mid"": 320.85, ""bid"": 320.8, ""risk"": ""LOW"", ""action"": ""HOLD"", ""support"": ""STRONG"", ""n_neg"": 0, ""data_unreliable"": false}, {""minute"": ""15:17"", ""mid"": 320.975, ""bid"": 320.5, ""risk"": ""LOW"", ""action"": ""HOLD"", ""support"": ""STRONG"", ""n_neg"": 0, ""data_unreliable"": false}, {""minute"": ""15:18"", ""mid"": 320.65, ""bid"": 320.6, ""risk"": ""ELEVATED"", ""action"": ""CAUTION"", ""support"": ""NORMAL"", ""n_neg"": 3, ""data_unreliable"": false}, {""minute"": ""15:19"", ""mid"": 323.225, ""bid"": 323.05, ""risk"": ""NORMAL"", ""action"": ""HOLD"", ""support"": ""NORMAL"", ""n_neg"": 0, ""data_unreliable"": false}, {""minute"": ""15:20"", ""mid"": 327.7, ""bid"": 327.4, ""risk"": ""ELEVATED"", ""action"": ""CAUTION"", ""support"": ""NORMAL"", ""n_neg"": 2, ""data_unreliable"": false}, {""minute"": ""15:21"", ""mid"": 328.05, ""bid"": 327.8, ""risk"": ""ELEVATED"", ""action"": ""CAUTION"", ""support"": ""NORMAL"", ""n_neg"": 2, ""data_unreliable"": false}, {""minute"": ""15:22"", ""mid"": 329.05, ""bid"": 328.75, ""risk"": ""LOW"", ""action"": ""HOLD"", ""support"": ""STRONG"", ""n_neg"": 0, ""data_unreliable"": false}, {""minute"": ""15:23"", ""mid"": 332.475, ""bid"": 332.1, ""risk"": ""LOW"", ""action"": ""HOLD"", ""support"": ""STRONG"", ""n_neg"": 0, ""data_unreliable"": false}, {""minute"": ""15:24"", ""mid"": 330.475, ""bid"": 329.95, ""risk"": ""ELEVATED"", ""action"": ""CAUTION"", ""support"": ""NORMAL"", ""n_neg"": 1, ""data_unreliable"": false}, {""minute"": ""15:25"", ""mid"": 328.4, ""bid"": 327.95, ""risk"": ""EXTREME"", ""action"": ""BREAK_EXIT"", ""support"": ""CONTRADICTED"", ""n_neg"": 4, ""data_unreliable"": false}, {""minute"": ""15:26"", ""mid"": 315.15, ""bid"": 314.75, ""risk"": ""EXTREME"", ""action"": ""BREAK_EXIT"", ""support"": ""CONTRADICTED"", ""n_neg"": 6, ""data_unreliable"": false}, {""minute"": ""15:27"", ""mid"": 319.725, ""bid"": 319.25, ""risk"": ""EXTREME"", ""action"": ""BREAK_EXIT"", ""support"": ""CONTRADICTED"", ""n_neg"": 6, ""data_unreliable"": false}, {""minute"": ""15:28"", ""mid"": 320.225, ""bid"": 319.75, ""risk"": ""NORMAL"", ""action"": ""HOLD"", ""support"": ""NORMAL"", ""n_neg"": 1, ""data_unreliable"": false}, {""minute"": ""15:29"", ""mid"": 319.825, ""bid"": 319.15, ""risk"": ""NORMAL"", ""action"": ""HOLD"", ""support"": ""NORMAL"", ""n_neg"": 1, ""data_unreliable"": false}]"
SENSEX,2026-07-21,CLOSING_1515_1529,PE,77500.0,15:15,15:29,336.70000000000005,337.1,"[{""minute"": ""15:15"", ""mid"": 336.70000000000005, ""bid"": 336.3, ""risk"": ""NORMAL"", ""action"": ""HOLD"", ""support"": ""NORMAL"", ""n_neg"": 1, ""data_unreliable"": false}, {""minute"": ""15:16"", ""mid"": 326.4, ""bid"": 326.1, ""risk"": ""EXTREME"", ""action"": ""BREAK_EXIT"", ""support"": ""CONTRADICTED"", ""n_neg"": 6, ""data_unreliable"": false}, {""minute"": ""15:17"", ""mid"": 319.45, ""bid"": 319.0, ""risk"": ""EXTREME"", ""action"": ""BREAK_EXIT"", ""support"": ""CONTRADICTED"", ""n_neg"": 4, ""data_unreliable"": false}, {""minute"": ""15:18"", ""mid"": 322.85, ""bid"": 322.6, ""risk"": ""EXTREME"", ""action"": ""BREAK_EXIT"", ""support"": ""CONTRADICTED"", ""n_neg"": 5, ""data_unreliable"": false}, {""minute"": ""15:19"", ""mid"": 319.425, ""bid"": 319.0, ""risk"": ""ELEVATED"", ""action"": ""CAUTION"", ""support"": ""WEAK"", ""n_neg"": 2, ""data_unreliable"": false}, {""minute"": ""15:20"", ""mid"": 328.875, ""bid"": 328.5, ""risk"": ""ELEVATED"", ""action"": ""CAUTION"", ""support"": ""NORMAL"", ""n_neg"": 2, ""data_unreliable"": false}, {""minute"": ""15:21"", ""mid"": 331.05, ""bid"": 331.0, ""risk"": ""ELEVATED"", ""action"": ""CAUTION"", ""support"": ""NORMAL"", ""n_neg"": 1, ""data_unreliable"": false}, {""minute"": ""15:22"", ""mid"": 319.7, ""bid"": 319.2, ""risk"": ""HIGH"", ""action"": ""PREPARE_EXIT"", ""support"": ""CONTRADICTED"", ""n_neg"": 4, ""data_unreliable"": false}, {""minute"": ""15:23"", ""mid"": 318.92499999999995, ""bid"": 318.45, ""risk"": ""EXTREME"", ""action"": ""BREAK_EXIT"", ""support"": ""CONTRADICTED"", ""n_neg"": 7, ""data_unreliable"": false}, {""minute"": ""15:24"", ""mid"": 317.29999999999995, ""bid"": 316.9, ""risk"": ""HIGH"", ""action"": ""PREPARE_EXIT"", ""support"": ""CONTRADICTED"", ""n_neg"": 4, ""data_unreliable"": false}, {""minute"": ""15:25"", ""mid"": 319.9, ""bid"": 319.5, ""risk"": ""NORMAL"", ""action"": ""HOLD"", ""support"": ""NORMAL"", ""n_neg"": 0, ""data_unreliable"": false}, {""minute"": ""15:26"", ""mid"": 325.0, ""bid"": 324.7, ""risk"": ""LOW"", ""action"": ""HOLD"", ""support"": ""STRONG"", ""n_neg"": 0, ""data_unreliable"": false}, {""minute"": ""15:27"", ""mid"": 323.4, ""bid"": 322.9, ""risk"": ""ELEVATED"", ""action"": ""CAUTION"", ""support"": ""NORMAL"", ""n_neg"": 1, ""data_unreliable"": false}, {""minute"": ""15:28"", ""mid"": 323.15, ""bid"": 322.55, ""risk"": ""ELEVATED"", ""action"": ""CAUTION"", ""support"": ""WEAK"", ""n_neg"": 3, ""data_unreliable"": false}, {""minute"": ""15:29"", ""mid"": 323.75, ""bid"": 323.35, ""risk"": ""NORMAL"", ""action"": ""HOLD"", ""support"": ""NORMAL"", ""n_neg"": 0, ""data_unreliable"": false}]"
NIFTY,2026-07-23,11D_SHAPED_1500_1519,CE,23850.0,15:00,15:19,128.0,128.1,"[{""minute"": ""15:00"", ""mid"": 128.0, ""bid"": 127.9, ""risk"": ""LOW"", ""action"": ""HOLD"", ""support"": ""STRONG"", ""n_neg"": 0, ""data_unreliable"": false}, {""minute"": ""15:01"", ""mid"": 127.625, ""bid"": 127.45, ""risk"": ""ELEVATED"", ""action"": ""CAUTION"", ""support"": ""NORMAL"", ""n_neg"": 2, ""data_unreliable"": false}, {""minute"": ""15:02"", ""mid"": 129.175, ""bid"": 129.05, ""risk"": ""LOW"", ""action"": ""HOLD"", ""support"": ""STRONG"", ""n_neg"": 0, ""data_unreliable"": false}, {""minute"": ""15:03"", ""mid"": 135.325, ""bid"": 135.25, ""risk"": ""LOW"", ""action"": ""HOLD"", ""support"": ""STRONG"", ""n_neg"": 0, ""data_unreliable"": false}, {""minute"": ""15:04"", ""mid"": 131.6, ""bid"": 131.45, ""risk"": ""ELEVATED"", ""action"": ""CAUTION"", ""support"": ""NORMAL"", ""n_neg"": 1, ""data_unreliable"": false}, {""minute"": ""15:05"", ""mid"": 132.72500000000002, ""bid"": 132.65, ""risk"": ""EXTREME"", ""action"": ""BREAK_EXIT"", ""support"": ""CONTRADICTED"", ""n_neg"": 5, ""data_unreliable"": false}, {""minute"": ""15:06"", ""mid"": 135.05, ""bid"": 134.9, ""risk"": ""LOW"", ""action"": ""HOLD"", ""support"": ""STRONG"", ""n_neg"": 0, ""data_unreliable"": false}, {""minute"": ""15:07"", ""mid"": 135.075, ""bid"": 134.9, ""risk"": ""NORMAL"", ""action"": ""HOLD"", ""support"": ""NORMAL"", ""n_neg"": 1, ""data_unreliable"": false}, {""minute"": ""15:08"", ""mid"": 140.3, ""bid"": 140.15, ""risk"": ""LOW"", ""action"": ""HOLD"", ""support"": ""STRONG"", ""n_neg"": 0, ""data_unreliable"": false}, {""minute"": ""15:09"", ""mid"": 144.77499999999998, ""bid"": 144.6, ""risk"": ""NORMAL"", ""action"": ""HOLD"", ""support"": ""NORMAL"", ""n_neg"": 1, ""data_unreliable"": false}, {""minute"": ""15:10"", ""mid"": 141.22500000000002, ""bid"": 141.05, ""risk"": ""ELEVATED"", ""action"": ""CAUTION"", ""support"": ""WEAK"", ""n_neg"": 2, ""data_unreliable"": false}, {""minute"": ""15:11"", ""mid"": 139.925, ""bid"": 139.85, ""risk"": ""HIGH"", ""action"": ""PREPARE_EXIT"", ""support"": ""CONTRADICTED"", ""n_neg"": 4, ""data_unreliable"": false}, {""minute"": ""15:12"", ""mid"": 140.575, ""bid"": 140.4, ""risk"": ""HIGH"", ""action"": ""PREPARE_EXIT"", ""support"": ""CONTRADICTED"", ""n_neg"": 6, ""data_unreliable"": false}, {""minute"": ""15:13"", ""mid"": 143.175, ""bid"": 143.05, ""risk"": ""LOW"", ""action"": ""HOLD"", ""support"": ""STRONG"", ""n_neg"": 0, ""data_unreliable"": false}, {""minute"": ""15:14"", ""mid"": 145.425, ""bid"": 145.25, ""risk"": ""NORMAL"", ""action"": ""HOLD"", ""support"": ""NORMAL"", ""n_neg"": 1, ""data_unreliable"": false}, {""minute"": ""15:15"", ""mid"": 146.425, ""bid"": 146.25, ""risk"": ""NORMAL"", ""action"": ""HOLD"", ""support"": ""NORMAL"", ""n_neg"": 1, ""data_unreliable"": false}, {""minute"": ""15:16"", ""mid"": 139.3, ""bid"": 139.2, ""risk"": ""EXTREME"", ""action"": ""BREAK_EXIT"", ""support"": ""CONTRADICTED"", ""n_neg"": 6, ""data_unreliable"": false}, {""minute"": ""15:17"", ""mid"": 139.675, ""bid"": 139.55, ""risk"": ""EXTREME"", ""action"": ""BREAK_EXIT"", ""support"": ""CONTRADICTED"", ""n_neg"": 5, ""data_unreliable"": false}, {""minute"": ""15:18"", ""mid"": 140.875, ""bid"": 140.75, ""risk"": ""NORMAL"", ""action"": ""HOLD"", ""support"": ""NORMAL"", ""n_neg"": 1, ""data_unreliable"": false}, {""minute"": ""15:19"", ""mid"": 143.97500000000002, ""bid"": 143.8, ""risk"": ""NORMAL"", ""action"": ""HOLD"", ""support"": ""NORMAL"", ""n_neg"": 1, ""data_unreliable"": false}]"
NIFTY,2026-07-23,11D_SHAPED_1500_1519,PE,23850.0,15:00,15:19,128.55,128.7,"[{""minute"": ""15:00"", ""mid"": 128.55, ""bid"": 128.4, ""risk"": ""EXTREME"", ""action"": ""BREAK_EXIT"", ""support"": ""CONTRADICTED"", ""n_neg"": 8, ""data_unreliable"": false}, {""minute"": ""15:01"", ""mid"": 125.85, ""bid"": 125.7, ""risk"": ""EXTREME"", ""action"": ""BREAK_EXIT"", ""support"": ""CONTRADICTED"", ""n_neg"": 5, ""data_unreliable"": false}, {""minute"": ""15:02"", ""mid"": 124.225, ""bid"": 124.15, ""risk"": ""EXTREME"", ""action"": ""BREAK_EXIT"", ""support"": ""CONTRADICTED"", ""n_neg"": 5, ""data_unreliable"": false}, {""minute"": ""15:03"", ""mid"": 117.4, ""bid"": 117.3, ""risk"": ""EXTREME"", ""action"": ""BREAK_EXIT"", ""support"": ""CONTRADICTED"", ""n_neg"": 7, ""data_unreliable"": false}, {""minute"": ""15:04"", ""mid"": 122.375, ""bid"": 122.25, ""risk"": ""EXTREME"", ""action"": ""BREAK_EXIT"", ""support"": ""CONTRADICTED"", ""n_neg"": 5, ""data_unreliable"": false}, {""minute"": ""15:05"", ""mid"": 121.80000000000001, ""bid"": 121.7, ""risk"": ""ELEVATED"", ""action"": ""CAUTION"", ""support"": ""NORMAL"", ""n_neg"": 2, ""data_unreliable"": false}, {""minute"": ""15:06"", ""mid"": 119.975, ""bid"": 119.85, ""risk"": ""HIGH"", ""action"": ""PREPARE_EXIT"", ""support"": ""CONTRADICTED"", ""n_neg"": 5, ""data_unreliable"": false}, {""minute"": ""15:07"", ""mid"": 119.19999999999999, ""bid"": 119.05, ""risk"": ""EXTREME"", ""action"": ""BREAK_EXIT"", ""support"": ""CONTRADICTED"", ""n_neg"": 6, ""data_unreliable"": false}, {""minute"": ""15:08"", ""mid"": 115.05000000000001, ""bid"": 114.95, ""risk"": ""EXTREME"", ""action"": ""BREAK_EXIT"", ""support"": ""CONTRADICTED"", ""n_neg"": 6, ""data_unreliable"": false}, {""minute"": ""15:09"", ""mid"": 111.875, ""bid"": 111.75, ""risk"": ""HIGH"", ""action"": ""PREPARE_EXIT"", ""support"": ""CONTRADICTED"", ""n_neg"": 4, ""data_unreliable"": false}, {""minute"": ""15:10"", ""mid"": 114.69999999999999, ""bid"": 114.6, ""risk"": ""NORMAL"", ""action"": ""HOLD"", ""support"": ""NORMAL"", ""n_neg"": 1, ""data_unreliable"": false}, {""minute"": ""15:11"", ""mid"": 115.42500000000001, ""bid"": 115.4, ""risk"": ""LOW"", ""action"": ""HOLD"", ""support"": ""STRONG"", ""n_neg"": 0, ""data_unreliable"": false}, {""minute"": ""15:12"", ""mid"": 115.875, ""bid"": 115.85, ""risk"": ""LOW"", ""action"": ""HOLD"", ""support"": ""STRONG"", ""n_neg"": 0, ""data_unreliable"": false}, {""minute"": ""15:13"", ""mid"": 113.55000000000001, ""bid"": 113.4, ""risk"": ""HIGH"", ""action"": ""PREPARE_EXIT"", ""support"": ""CONTRADICTED"", ""n_neg"": 5, ""data_unreliable"": false}, {""minute"": ""15:14"", ""mid"": 110.925, ""bid"": 110.8, ""risk"": ""HIGH"", ""action"": ""PREPARE_EXIT"", ""support"": ""CONTRADICTED"", ""n_neg"": 5, ""data_unreliable"": false}, {""minute"": ""15:15"", ""mid"": 109.55000000000001, ""bid"": 109.45, ""risk"": ""EXTREME"", ""action"": ""BREAK_EXIT"", ""support"": ""CONTRADICTED"", ""n_neg"": 6, ""data_unreliable"": false}, {""minute"": ""15:16"", ""mid"": 116.30000000000001, ""bid"": 116.15, ""risk"": ""LOW"", ""action"": ""HOLD"", ""support"": ""STRONG"", ""n_neg"": 0, ""data_unreliable"": false}, {""minute"": ""15:17"", ""mid"": 116.025, ""bid"": 115.85, ""risk"": ""ELEVATED"", ""action"": ""CAUTION"", ""support"": ""NORMAL"", ""n_neg"": 1, ""data_unreliable"": false}, {""minute"": ""15:18"", ""mid"": 114.1, ""bid"": 114.0, ""risk"": ""HIGH"", ""action"": ""PREPARE_EXIT"", ""support"": ""CONTRADICTED"", ""n_neg"": 5, ""data_unreliable"": false}, {""minute"": ""15:19"", ""mid"": 111.9, ""bid"": 111.8, ""risk"": ""EXTREME"", ""action"": ""BREAK_EXIT"", ""support"": ""CONTRADICTED"", ""n_neg"": 5, ""data_unreliable"": false}]"
NIFTY,2026-07-23,CLOSING_1515_1529,CE,23900.0,15:15,15:29,120.075,120.15,"[{""minute"": ""15:15"", ""mid"": 120.075, ""bid"": 120.0, ""risk"": ""LOW"", ""action"": ""HOLD"", ""support"": ""STRONG"", ""n_neg"": 0, ""data_unreliable"": false}, {""minute"": ""15:16"", ""mid"": 113.875, ""bid"": 113.75, ""risk"": ""EXTREME"", ""action"": ""BREAK_EXIT"", ""support"": ""CONTRADICTED"", ""n_neg"": 7, ""data_unreliable"": false}, {""minute"": ""15:17"", ""mid"": 114.15, ""bid"": 114.0, ""risk"": ""EXTREME"", ""action"": ""BREAK_EXIT"", ""support"": ""CONTRADICTED"", ""n_neg"": 5, ""data_unreliable"": false}, {""minute"": ""15:18"", ""mid"": 115.175, ""bid"": 115.05, ""risk"": ""ELEVATED"", ""action"": ""CAUTION"", ""support"": ""NORMAL"", ""n_neg"": 2, ""data_unreliable"": false}, {""minute"": ""15:19"", ""mid"": 117.80000000000001, ""bid"": 117.65, ""risk"": ""NORMAL"", ""action"": ""HOLD"", ""support"": ""NORMAL"", ""n_neg"": 1, ""data_unreliable"": false}, {""minute"": ""15:20"", ""mid"": 118.85, ""bid"": 118.75, ""risk"": ""NORMAL"", ""action"": ""HOLD"", ""support"": ""STRONG"", ""n_neg"": 0, ""data_unreliable"": false}, {""minute"": ""15:21"", ""mid"": 118.775, ""bid"": 118.6, ""risk"": ""ELEVATED"", ""action"": ""CAUTION"", ""support"": ""NORMAL"", ""n_neg"": 2, ""data_unreliable"": false}, {""minute"": ""15:22"", ""mid"": 117.575, ""bid"": 117.5, ""risk"": ""HIGH"", ""action"": ""PREPARE_EXIT"", ""support"": ""CONTRADICTED"", ""n_neg"": 5, ""data_unreliable"": false}, {""minute"": ""15:23"", ""mid"": 118.65, ""bid"": 118.5, ""risk"": ""NORMAL"", ""action"": ""HOLD"", ""support"": ""NORMAL"", ""n_neg"": 2, ""data_unreliable"": false}, {""minute"": ""15:24"", ""mid"": 121.35, ""bid"": 121.2, ""risk"": ""NORMAL"", ""action"": ""HOLD"", ""support"": ""NORMAL"", ""n_neg"": 1, ""data_unreliable"": false}, {""minute"": ""15:25"", ""mid"": 123.775, ""bid"": 123.6, ""risk"": ""NORMAL"", ""action"": ""HOLD"", ""support"": ""NORMAL"", ""n_neg"": 1, ""data_unreliable"": false}, {""minute"": ""15:26"", ""mid"": 121.65, ""bid"": 121.55, ""risk"": ""ELEVATED"", ""action"": ""CAUTION"", ""support"": ""NORMAL"", ""n_neg"": 1, ""data_unreliable"": false}, {""minute"": ""15:27"", ""mid"": 122.95, ""bid"": 122.9, ""risk"": ""ELEVATED"", ""action"": ""CAUTION"", ""support"": ""NORMAL"", ""n_neg"": 2, ""data_unreliable"": false}, {""minute"": ""15:28"", ""mid"": 121.125, ""bid"": 121.05, ""risk"": ""ELEVATED"", ""action"": ""CAUTION"", ""support"": ""WEAK"", ""n_neg"": 2, ""data_unreliable"": false}, {""minute"": ""15:29"", ""mid"": 120.725, ""bid"": 120.55, ""risk"": ""EXTREME"", ""action"": ""BREAK_EXIT"", ""support"": ""CONTRADICTED"", ""n_neg"": 6, ""data_unreliable"": false}]"
NIFTY,2026-07-23,CLOSING_1515_1529,PE,23900.0,15:15,15:29,133.125,133.25,"[{""minute"": ""15:15"", ""mid"": 133.125, ""bid"": 133.0, ""risk"": ""EXTREME"", ""action"": ""BREAK_EXIT"", ""support"": ""CONTRADICTED"", ""n_neg"": 5, ""data_unreliable"": false}, {""minute"": ""15:16"", ""mid"": 141.1, ""bid"": 140.95, ""risk"": ""LOW"", ""action"": ""HOLD"", ""support"": ""STRONG"", ""n_neg"": 0, ""data_unreliable"": false}, {""minute"": ""15:17"", ""mid"": 140.925, ""bid"": 140.85, ""risk"": ""ELEVATED"", ""action"": ""CAUTION"", ""support"": ""NORMAL"", ""n_neg"": 1, ""data_unreliable"": false}, {""minute"": ""15:18"", ""mid"": 138.875, ""bid"": 138.75, ""risk"": ""HIGH"", ""action"": ""PREPARE_EXIT"", ""support"": ""CONTRADICTED"", ""n_neg"": 5, ""data_unreliable"": false}, {""minute"": ""15:19"", ""mid"": 136.225, ""bid"": 136.1, ""risk"": ""EXTREME"", ""action"": ""BREAK_EXIT"", ""support"": ""CONTRADICTED"", ""n_neg"": 6, ""data_unreliable"": false}, {""minute"": ""15:20"", ""mid"": 135.2, ""bid"": 135.05, ""risk"": ""HIGH"", ""action"": ""PREPARE_EXIT"", ""support"": ""CONTRADICTED"", ""n_neg"": 4, ""data_unreliable"": false}, {""minute"": ""15:21"", ""mid"": 135.15, ""bid"": 135.0, ""risk"": ""HIGH"", ""action"": ""PREPARE_EXIT"", ""support"": ""CONTRADICTED"", ""n_neg"": 3, ""data_unreliable"": false}, {""minute"": ""15:22"", ""mid"": 136.97500000000002, ""bid"": 136.8, ""risk"": ""NORMAL"", ""action"": ""HOLD"", ""support"": ""STRONG"", ""n_neg"": 0, ""data_unreliable"": false}, {""minute"": ""15:23"", ""mid"": 135.675, ""bid"": 135.55, ""risk"": ""ELEVATED"", ""action"": ""CAUTION"", ""support"": ""WEAK"", ""n_neg"": 1, ""data_unreliable"": false}, {""minute"": ""15:24"", ""mid"": 131.1, ""bid"": 131.0, ""risk"": ""EXTREME"", ""action"": ""BREAK_EXIT"", ""support"": ""CONTRADICTED"", ""n_neg"": 6, ""data_unreliable"": false}, {""minute"": ""15:25"", ""mid"": 129.3, ""bid"": 129.15, ""risk"": ""EXTREME"", ""action"": ""BREAK_EXIT"", ""support"": ""CONTRADICTED"", ""n_neg"": 6, ""data_unreliable"": false}, {""minute"": ""15:26"", ""mid"": 132.05, ""bid"": 131.95, ""risk"": ""NORMAL"", ""action"": ""HOLD"", ""support"": ""NORMAL"", ""n_neg"": 0, ""data_unreliable"": false}, {""minute"": ""15:27"", ""mid"": 130.675, ""bid"": 130.5, ""risk"": ""ELEVATED"", ""action"": ""CAUTION"", ""support"": ""NORMAL"", ""n_neg"": 1, ""data_unreliable"": false}, {""minute"": ""15:28"", ""mid"": 132.425, ""bid"": 132.3, ""risk"": ""NORMAL"", ""action"": ""HOLD"", ""support"": ""NORMAL"", ""n_neg"": 0, ""data_unreliable"": false}, {""minute"": ""15:29"", ""mid"": 132.925, ""bid"": 132.75, ""risk"": ""NORMAL"", ""action"": ""HOLD"", ""support"": ""STRONG"", ""n_neg"": 0, ""data_unreliable"": false}]"
SENSEX,2026-07-23,11D_SHAPED_1500_1519,CE,76200.0,15:00,15:19,69.075,69.5,"[{""minute"": ""15:00"", ""mid"": 69.075, ""bid"": 68.65, ""risk"": ""EXTREME"", ""action"": ""BREAK_EXIT"", ""support"": ""CONTRADICTED"", ""n_neg"": 7, ""data_unreliable"": false}, {""minute"": ""15:01"", ""mid"": 80.15, ""bid"": 79.9, ""risk"": ""LOW"", ""action"": ""HOLD"", ""support"": ""STRONG"", ""n_neg"": 0, ""data_unreliable"": false}, {""minute"": ""15:02"", ""mid"": 99.25, ""bid"": 99.1, ""risk"": ""LOW"", ""action"": ""HOLD"", ""support"": ""STRONG"", ""n_neg"": 0, ""data_unreliable"": false}, {""minute"": ""15:03"", ""mid"": 131.475, ""bid"": 131.2, ""risk"": ""LOW"", ""action"": ""HOLD"", ""support"": ""STRONG"", ""n_neg"": 0, ""data_unreliable"": false}, {""minute"": ""15:04"", ""mid"": 94.575, ""bid"": 94.5, ""risk"": ""ELEVATED"", ""action"": ""CAUTION"", ""support"": ""NORMAL"", ""n_neg"": 3, ""data_unreliable"": false}, {""minute"": ""15:05"", ""mid"": 112.95, ""bid"": 112.75, ""risk"": ""HIGH"", ""action"": ""PREPARE_EXIT"", ""support"": ""NORMAL"", ""n_neg"": 3, ""data_unreliable"": false}, {""minute"": ""15:06"", ""mid"": 112.225, ""bid"": 112.05, ""risk"": ""ELEVATED"", ""action"": ""CAUTION"", ""support"": ""NORMAL"", ""n_neg"": 2, ""data_unreliable"": false}, {""minute"": ""15:07"", ""mid"": 108.44999999999999, ""bid"": 108.3, ""risk"": ""HIGH"", ""action"": ""PREPARE_EXIT"", ""support"": ""CONTRADICTED"", ""n_neg"": 5, ""data_unreliable"": false}, {""minute"": ""15:08"", ""mid"": 140.8, ""bid"": 140.55, ""risk"": ""LOW"", ""action"": ""HOLD"", ""support"": ""STRONG"", ""n_neg"": 0, ""data_unreliable"": false}, {""minute"": ""15:09"", ""mid"": 157.075, ""bid"": 157.0, ""risk"": ""LOW"", ""action"": ""HOLD"", ""support"": ""STRONG"", ""n_neg"": 0, ""data_unreliable"": false}, {""minute"": ""15:10"", ""mid"": 143.275, ""bid"": 143.15, ""risk"": ""ELEVATED"", ""action"": ""CAUTION"", ""support"": ""NORMAL"", ""n_neg"": 1, ""data_unreliable"": false}, {""minute"": ""15:11"", ""mid"": 142.52499999999998, ""bid"": 142.35, ""risk"": ""HIGH"", ""action"": ""PREPARE_EXIT"", ""support"": ""CONTRADICTED"", ""n_neg"": 4, ""data_unreliable"": false}, {""minute"": ""15:12"", ""mid"": 143.64999999999998, ""bid"": 143.45, ""risk"": ""NORMAL"", ""action"": ""HOLD"", ""support"": ""NORMAL"", ""n_neg"": 1, ""data_unreliable"": false}, {""minute"": ""15:13"", ""mid"": 134.425, ""bid"": 134.25, ""risk"": ""HIGH"", ""action"": ""PREPARE_EXIT"", ""support"": ""CONTRADICTED"", ""n_neg"": 5, ""data_unreliable"": false}, {""minute"": ""15:14"", ""mid"": 142.325, ""bid"": 142.1, ""risk"": ""ELEVATED"", ""action"": ""CAUTION"", ""support"": ""WEAK"", ""n_neg"": 3, ""data_unreliable"": false}, {""minute"": ""15:15"", ""mid"": 148.55, ""bid"": 148.35, ""risk"": ""LOW"", ""action"": ""HOLD"", ""support"": ""STRONG"", ""n_neg"": 0, ""data_unreliable"": false}, {""minute"": ""15:16"", ""mid"": 139.5, ""bid"": 139.3, ""risk"": ""ELEVATED"", ""action"": ""CAUTION"", ""support"": ""NORMAL"", ""n_neg"": 3, ""data_unreliable"": false}, {""minute"": ""15:17"", ""mid"": 136.52499999999998, ""bid"": 136.35, ""risk"": ""EXTREME"", ""action"": ""BREAK_EXIT"", ""support"": ""CONTRADICTED"", ""n_neg"": 5, ""data_unreliable"": false}, {""minute"": ""15:18"", ""mid"": 136.925, ""bid"": 136.8, ""risk"": ""EXTREME"", ""action"": ""BREAK_EXIT"", ""support"": ""CONTRADICTED"", ""n_neg"": 7, ""data_unreliable"": false}, {""minute"": ""15:19"", ""mid"": 138.14999999999998, ""bid"": 138.1, ""risk"": ""NORMAL"", ""action"": ""HOLD"", ""support"": ""NORMAL"", ""n_neg"": 1, ""data_unreliable"": false}]"
SENSEX,2026-07-23,11D_SHAPED_1500_1519,PE,76200.0,15:00,15:19,26.0,26.1,"[{""minute"": ""15:00"", ""mid"": 26.0, ""bid"": 25.9, ""risk"": ""NORMAL"", ""action"": ""HOLD"", ""support"": ""NORMAL"", ""n_neg"": 1, ""data_unreliable"": false}, {""minute"": ""15:01"", ""mid"": 12.425, ""bid"": 12.4, ""risk"": ""EXTREME"", ""action"": ""BREAK_EXIT"", ""support"": ""CONTRADICTED"", ""n_neg"": 8, ""data_unreliable"": false}, {""minute"": ""15:02"", ""mid"": 4.775, ""bid"": 4.75, ""risk"": ""EXTREME"", ""action"": ""BREAK_EXIT"", ""support"": ""CONTRADICTED"", ""n_neg"": 6, ""data_unreliable"": false}, {""minute"": ""15:03"", ""mid"": 3.625, ""bid"": 3.6, ""risk"": ""EXTREME"", ""action"": ""BREAK_EXIT"", ""support"": ""CONTRADICTED"", ""n_neg"": 5, ""data_unreliable"": false}, {""minute"": ""15:04"", ""mid"": 4.125, ""bid"": 4.1, ""risk"": ""EXTREME"", ""action"": ""BREAK_EXIT"", ""support"": ""CONTRADICTED"", ""n_neg"": 6, ""data_unreliable"": false}, {""minute"": ""15:05"", ""mid"": 1.475, ""bid"": 1.45, ""risk"": ""EXTREME"", ""action"": ""BREAK_EXIT"", ""support"": ""CONTRADICTED"", ""n_neg"": 7, ""data_unreliable"": false}, {""minute"": ""15:06"", ""mid"": 1.1749999999999998, ""bid"": 1.15, ""risk"": ""EXTREME"", ""action"": ""BREAK_EXIT"", ""support"": ""CONTRADICTED"", ""n_neg"": 6, ""data_unreliable"": false}, {""minute"": ""15:07"", ""mid"": 1.025, ""bid"": 1.0, ""risk"": ""EXTREME"", ""action"": ""BREAK_EXIT"", ""support"": ""CONTRADICTED"", ""n_neg"": 6, ""data_unreliable"": false}, {""minute"": ""15:08"", ""mid"": 0.975, ""bid"": 0.95, ""risk"": ""EXTREME"", ""action"": ""BREAK_EXIT"", ""support"": ""CONTRADICTED"", ""n_neg"": 6, ""data_unreliable"": false}, {""minute"": ""15:09"", ""mid"": 0.825, ""bid"": 0.8, ""risk"": ""EXTREME"", ""action"": ""BREAK_EXIT"", ""support"": ""CONTRADICTED"", ""n_neg"": 8, ""data_unreliable"": false}, {""minute"": ""15:10"", ""mid"": 0.725, ""bid"": 0.7, ""risk"": ""EXTREME"", ""action"": ""BREAK_EXIT"", ""support"": ""CONTRADICTED"", ""n_neg"": 8, ""data_unreliable"": false}, {""minute"": ""15:11"", ""mid"": 0.525, ""bid"": 0.5, ""risk"": ""EXTREME"", ""action"": ""BREAK_EXIT"", ""support"": ""CONTRADICTED"", ""n_neg"": 9, ""data_unreliable"": false}, {""minute"": ""15:12"", ""mid"": 0.475, ""bid"": 0.45, ""risk"": ""EXTREME"", ""action"": ""BREAK_EXIT"", ""support"": ""CONTRADICTED"", ""n_neg"": 4, ""data_unreliable"": false}, {""minute"": ""15:13"", ""mid"": 0.42500000000000004, ""bid"": 0.4, ""risk"": ""EXTREME"", ""action"": ""BREAK_EXIT"", ""support"": ""CONTRADICTED"", ""n_neg"": 6, ""data_unreliable"": false}, {""minute"": ""15:14"", ""mid"": 0.32499999999999996, ""bid"": 0.3, ""risk"": ""EXTREME"", ""action"": ""BREAK_EXIT"", ""support"": ""CONTRADICTED"", ""n_neg"": 8, ""data_unreliable"": false}, {""minute"": ""15:15"", ""mid"": 0.32499999999999996, ""bid"": 0.3, ""risk"": ""EXTREME"", ""action"": ""BREAK_EXIT"", ""support"": ""CONTRADICTED"", ""n_neg"": 6, ""data_unreliable"": false}, {""minute"": ""15:16"", ""mid"": 0.275, ""bid"": 0.25, ""risk"": ""EXTREME"", ""action"": ""BREAK_EXIT"", ""support"": ""CONTRADICTED"", ""n_neg"": 7, ""data_unreliable"": false}, {""minute"": ""15:17"", ""mid"": 0.32499999999999996, ""bid"": 0.3, ""risk"": ""ELEVATED"", ""action"": ""CAUTION"", ""support"": ""NORMAL"", ""n_neg"": 2, ""data_unreliable"": false}, {""minute"": ""15:18"", ""mid"": 0.32499999999999996, ""bid"": 0.3, ""risk"": ""NORMAL"", ""action"": ""HOLD"", ""support"": ""NORMAL"", ""n_neg"": 1, ""data_unreliable"": false}, {""minute"": ""15:19"", ""mid"": 0.275, ""bid"": 0.25, ""risk"": ""EXTREME"", ""action"": ""BREAK_EXIT"", ""support"": ""CONTRADICTED"", ""n_neg"": 7, ""data_unreliable"": false}]"
SENSEX,2026-07-23,CLOSING_1515_1529,CE,76300.0,15:15,15:29,50.175,50.25,"[{""minute"": ""15:15"", ""mid"": 50.175, ""bid"": 50.1, ""risk"": ""LOW"", ""action"": ""HOLD"", ""support"": ""STRONG"", ""n_neg"": 0, ""data_unreliable"": false}, {""minute"": ""15:16"", ""mid"": 42.05, ""bid"": 41.95, ""risk"": ""HIGH"", ""action"": ""PREPARE_EXIT"", ""support"": ""NORMAL"", ""n_neg"": 4, ""data_unreliable"": false}, {""minute"": ""15:17"", ""mid"": 39.425, ""bid"": 39.35, ""risk"": ""EXTREME"", ""action"": ""BREAK_EXIT"", ""support"": ""CONTRADICTED"", ""n_neg"": 5, ""data_unreliable"": false}, {""minute"": ""15:18"", ""mid"": 38.675, ""bid"": 38.6, ""risk"": ""EXTREME"", ""action"": ""BREAK_EXIT"", ""support"": ""CONTRADICTED"", ""n_neg"": 5, ""data_unreliable"": false}, {""minute"": ""15:19"", ""mid"": 39.425, ""bid"": 39.35, ""risk"": ""ELEVATED"", ""action"": ""CAUTION"", ""support"": ""NORMAL"", ""n_neg"": 2, ""data_unreliable"": false}, {""minute"": ""15:20"", ""mid"": 41.55, ""bid"": 41.45, ""risk"": ""NORMAL"", ""action"": ""HOLD"", ""support"": ""NORMAL"", ""n_neg"": 1, ""data_unreliable"": false}, {""minute"": ""15:21"", ""mid"": 41.575, ""bid"": 41.55, ""risk"": ""LOW"", ""action"": ""HOLD"", ""support"": ""STRONG"", ""n_neg"": 0, ""data_unreliable"": false}, {""minute"": ""15:22"", ""mid"": 39.025000000000006, ""bid"": 38.95, ""risk"": ""HIGH"", ""action"": ""PREPARE_EXIT"", ""support"": ""CONTRADICTED"", ""n_neg"": 6, ""data_unreliable"": false}, {""minute"": ""15:23"", ""mid"": 46.475, ""bid"": 46.45, ""risk"": ""LOW"", ""action"": ""HOLD"", ""support"": ""STRONG"", ""n_neg"": 0, ""data_unreliable"": false}, {""minute"": ""15:24"", ""mid"": 62.425, ""bid"": 62.35, ""risk"": ""LOW"", ""action"": ""HOLD"", ""support"": ""STRONG"", ""n_neg"": 0, ""data_unreliable"": false}, {""minute"": ""15:25"", ""mid"": 73.925, ""bid"": 73.8, ""risk"": ""NORMAL"", ""action"": ""HOLD"", ""support"": ""NORMAL"", ""n_neg"": 0, ""data_unreliable"": false}, {""minute"": ""15:26"", ""mid"": 77.925, ""bid"": 77.85, ""risk"": ""NORMAL"", ""action"": ""HOLD"", ""support"": ""NORMAL"", ""n_neg"": 0, ""data_unreliable"": false}, {""minute"": ""15:27"", ""mid"": 84.30000000000001, ""bid"": 84.15, ""risk"": ""NORMAL"", ""action"": ""HOLD"", ""support"": ""NORMAL"", ""n_neg"": 0, ""data_unreliable"": false}, {""minute"": ""15:28"", ""mid"": 87.44999999999999, ""bid"": 87.3, ""risk"": ""NORMAL"", ""action"": ""HOLD"", ""support"": ""NORMAL"", ""n_neg"": 0, ""data_unreliable"": false}, {""minute"": ""15:29"", ""mid"": 88.675, ""bid"": 88.5, ""risk"": ""NORMAL"", ""action"": ""HOLD"", ""support"": ""NORMAL"", ""n_neg"": 0, ""data_unreliable"": false}]"
SENSEX,2026-07-23,CLOSING_1515_1529,PE,76300.0,15:15,15:29,1.625,1.65,"[{""minute"": ""15:15"", ""mid"": 1.625, ""bid"": 1.6, ""risk"": ""EXTREME"", ""action"": ""BREAK_EXIT"", ""support"": ""CONTRADICTED"", ""n_neg"": 6, ""data_unreliable"": false}, {""minute"": ""15:16"", ""mid"": 2.225, ""bid"": 2.2, ""risk"": ""EXTREME"", ""action"": ""BREAK_EXIT"", ""support"": ""CONTRADICTED"", ""n_neg"": 4, ""data_unreliable"": false}, {""minute"": ""15:17"", ""mid"": 3.125, ""bid"": 3.1, ""risk"": ""LOW"", ""action"": ""HOLD"", ""support"": ""STRONG"", ""n_neg"": 0, ""data_unreliable"": false}, {""minute"": ""15:18"", ""mid"": 2.575, ""bid"": 2.55, ""risk"": ""ELEVATED"", ""action"": ""CAUTION"", ""support"": ""NORMAL"", ""n_neg"": 1, ""data_unreliable"": false}, {""minute"": ""15:19"", ""mid"": 2.025, ""bid"": 2.0, ""risk"": ""EXTREME"", ""action"": ""BREAK_EXIT"", ""support"": ""CONTRADICTED"", ""n_neg"": 5, ""data_unreliable"": false}, {""minute"": ""15:20"", ""mid"": 1.375, ""bid"": 1.35, ""risk"": ""EXTREME"", ""action"": ""BREAK_EXIT"", ""support"": ""CONTRADICTED"", ""n_neg"": 7, ""data_unreliable"": false}, {""minute"": ""15:21"", ""mid"": 0.925, ""bid"": 0.9, ""risk"": ""EXTREME"", ""action"": ""BREAK_EXIT"", ""support"": ""CONTRADICTED"", ""n_neg"": 8, ""data_unreliable"": false}, {""minute"": ""15:22"", ""mid"": 0.375, ""bid"": 0.35, ""risk"": ""EXTREME"", ""action"": ""BREAK_EXIT"", ""support"": ""CONTRADICTED"", ""n_neg"": 6, ""data_unreliable"": false}, {""minute"": ""15:23"", ""mid"": 0.225, ""bid"": 0.2, ""risk"": ""EXTREME"", ""action"": ""BREAK_EXIT"", ""support"": ""CONTRADICTED"", ""n_neg"": 7, ""data_unreliable"": false}, {""minute"": ""15:24"", ""mid"": 0.07500000000000001, ""bid"": 0.05, ""risk"": ""EXTREME"", ""action"": ""BREAK_EXIT"", ""support"": ""CONTRADICTED"", ""n_neg"": 7, ""data_unreliable"": false}, {""minute"": ""15:25"", ""mid"": null, ""bid"": null, ""risk"": ""EXTREME"", ""action"": ""PREPARE_EXIT"", ""support"": ""UNKNOWN"", ""n_neg"": 1, ""data_unreliable"": true}, {""minute"": ""15:26"", ""mid"": null, ""bid"": null, ""risk"": ""EXTREME"", ""action"": ""PREPARE_EXIT"", ""support"": ""UNKNOWN"", ""n_neg"": 1, ""data_unreliable"": true}, {""minute"": ""15:27"", ""mid"": null, ""bid"": null, ""risk"": ""EXTREME"", ""action"": ""PREPARE_EXIT"", ""support"": ""UNKNOWN"", ""n_neg"": 1, ""data_unreliable"": true}, {""minute"": ""15:28"", ""mid"": null, ""bid"": null, ""risk"": ""EXTREME"", ""action"": ""PREPARE_EXIT"", ""support"": ""UNKNOWN"", ""n_neg"": 1, ""data_unreliable"": true}, {""minute"": ""15:29"", ""mid"": null, ""bid"": null, ""risk"": ""EXTREME"", ""action"": ""PREPARE_EXIT"", ""support"": ""UNKNOWN"", ""n_neg"": 1, ""data_unreliable"": true}]"
NIFTY,2026-07-27,11D_SHAPED_1500_1519,CE,24000.0,15:00,15:19,69.025,69.1,"[{""minute"": ""15:00"", ""mid"": 69.025, ""bid"": 68.95, ""risk"": ""EXTREME"", ""action"": ""BREAK_EXIT"", ""support"": ""CONTRADICTED"", ""n_neg"": 6, ""data_unreliable"": false}, {""minute"": ""15:01"", ""mid"": 70.45, ""bid"": 70.4, ""risk"": ""NORMAL"", ""action"": ""HOLD"", ""support"": ""NORMAL"", ""n_neg"": 1, ""data_unreliable"": false}, {""minute"": ""15:02"", ""mid"": 75.375, ""bid"": 75.3, ""risk"": ""LOW"", ""action"": ""HOLD"", ""support"": ""STRONG"", ""n_neg"": 0, ""data_unreliable"": false}, {""minute"": ""15:03"", ""mid"": 71.125, ""bid"": 71.0, ""risk"": ""ELEVATED"", ""action"": ""CAUTION"", ""support"": ""NORMAL"", ""n_neg"": 2, ""data_unreliable"": false}, {""minute"": ""15:04"", ""mid"": 71.925, ""bid"": 71.85, ""risk"": ""EXTREME"", ""action"": ""BREAK_EXIT"", ""support"": ""CONTRADICTED"", ""n_neg"": 6, ""data_unreliable"": false}, {""minute"": ""15:05"", ""mid"": 72.525, ""bid"": 72.45, ""risk"": ""NORMAL"", ""action"": ""HOLD"", ""support"": ""NORMAL"", ""n_neg"": 1, ""data_unreliable"": false}, {""minute"": ""15:06"", ""mid"": 72.1, ""bid"": 72.0, ""risk"": ""ELEVATED"", ""action"": ""CAUTION"", ""support"": ""NORMAL"", ""n_neg"": 1, ""data_unreliable"": false}, {""minute"": ""15:07"", ""mid"": 71.75, ""bid"": 71.65, ""risk"": ""HIGH"", ""action"": ""PREPARE_EXIT"", ""support"": ""CONTRADICTED"", ""n_neg"": 4, ""data_unreliable"": false}, {""minute"": ""15:08"", ""mid"": 71.15, ""bid"": 71.05, ""risk"": ""EXTREME"", ""action"": ""BREAK_EXIT"", ""support"": ""CONTRADICTED"", ""n_neg"": 6, ""data_unreliable"": false}, {""minute"": ""15:09"", ""mid"": 72.675, ""bid"": 72.6, ""risk"": ""NORMAL"", ""action"": ""HOLD"", ""support"": ""NORMAL"", ""n_neg"": 0, ""data_unreliable"": false}, {""minute"": ""15:10"", ""mid"": 71.4, ""bid"": 71.3, ""risk"": ""ELEVATED"", ""action"": ""CAUTION"", ""support"": ""WEAK"", ""n_neg"": 1, ""data_unreliable"": false}, {""minute"": ""15:11"", ""mid"": 76.25, ""bid"": 76.2, ""risk"": ""LOW"", ""action"": ""HOLD"", ""support"": ""STRONG"", ""n_neg"": 0, ""data_unreliable"": false}, {""minute"": ""15:12"", ""mid"": 73.55000000000001, ""bid"": 73.45, ""risk"": ""ELEVATED"", ""action"": ""CAUTION"", ""support"": ""NORMAL"", ""n_neg"": 1, ""data_unreliable"": false}, {""minute"": ""15:13"", ""mid"": 73.775, ""bid"": 73.65, ""risk"": ""EXTREME"", ""action"": ""BREAK_EXIT"", ""support"": ""CONTRADICTED"", ""n_neg"": 5, ""data_unreliable"": false}, {""minute"": ""15:14"", ""mid"": 74.55, ""bid"": 74.5, ""risk"": ""NORMAL"", ""action"": ""HOLD"", ""support"": ""NORMAL"", ""n_neg"": 1, ""data_unreliable"": false}, {""minute"": ""15:15"", ""mid"": 76.85, ""bid"": 76.75, ""risk"": ""LOW"", ""action"": ""HOLD"", ""support"": ""STRONG"", ""n_neg"": 0, ""data_unreliable"": false}, {""minute"": ""15:16"", ""mid"": 72.80000000000001, ""bid"": 72.7, ""risk"": ""EXTREME"", ""action"": ""BREAK_EXIT"", ""support"": ""CONTRADICTED"", ""n_neg"": 5, ""data_unreliable"": false}, {""minute"": ""15:17"", ""mid"": 75.525, ""bid"": 75.45, ""risk"": ""EXTREME"", ""action"": ""BREAK_EXIT"", ""support"": ""CONTRADICTED"", ""n_neg"": 5, ""data_unreliable"": false}, {""minute"": ""15:18"", ""mid"": 75.125, ""bid"": 75.0, ""risk"": ""HIGH"", ""action"": ""PREPARE_EXIT"", ""support"": ""NORMAL"", ""n_neg"": 3, ""data_unreliable"": false}, {""minute"": ""15:19"", ""mid"": 77.525, ""bid"": 77.4, ""risk"": ""LOW"", ""action"": ""HOLD"", ""support"": ""STRONG"", ""n_neg"": 0, ""data_unreliable"": false}]"
NIFTY,2026-07-27,11D_SHAPED_1500_1519,PE,24000.0,15:00,15:19,56.974999999999994,57.05,"[{""minute"": ""15:00"", ""mid"": 56.974999999999994, ""bid"": 56.9, ""risk"": ""ELEVATED"", ""action"": ""CAUTION"", ""support"": ""NORMAL"", ""n_neg"": 1, ""data_unreliable"": false}, {""minute"": ""15:01"", ""mid"": 56.650000000000006, ""bid"": 56.6, ""risk"": ""EXTREME"", ""action"": ""BREAK_EXIT"", ""support"": ""CONTRADICTED"", ""n_neg"": 5, ""data_unreliable"": false}, {""minute"": ""15:02"", ""mid"": 51.675, ""bid"": 51.6, ""risk"": ""EXTREME"", ""action"": ""BREAK_EXIT"", ""support"": ""CONTRADICTED"", ""n_neg"": 6, ""data_unreliable"": false}, {""minute"": ""15:03"", ""mid"": 53.925, ""bid"": 53.85, ""risk"": ""EXTREME"", ""action"": ""BREAK_EXIT"", ""support"": ""CONTRADICTED"", ""n_neg"": 4, ""data_unreliable"": false}, {""minute"": ""15:04"", ""mid"": 53.349999999999994, ""bid"": 53.3, ""risk"": ""ELEVATED"", ""action"": ""CAUTION"", ""support"": ""NORMAL"", ""n_neg"": 2, ""data_unreliable"": false}, {""minute"": ""15:05"", ""mid"": 53.2, ""bid"": 53.15, ""risk"": ""EXTREME"", ""action"": ""BREAK_EXIT"", ""support"": ""CONTRADICTED"", ""n_neg"": 5, ""data_unreliable"": false}, {""minute"": ""15:06"", ""mid"": 52.15, ""bid"": 52.05, ""risk"": ""EXTREME"", ""action"": ""BREAK_EXIT"", ""support"": ""CONTRADICTED"", ""n_neg"": 6, ""data_unreliable"": false}, {""minute"": ""15:07"", ""mid"": 52.85, ""bid"": 52.75, ""risk"": ""ELEVATED"", ""action"": ""CAUTION"", ""support"": ""WEAK"", ""n_neg"": 3, ""data_unreliable"": false}, {""minute"": ""15:08"", ""mid"": 54.0, ""bid"": 53.9, ""risk"": ""NORMAL"", ""action"": ""HOLD"", ""support"": ""STRONG"", ""n_neg"": 0, ""data_unreliable"": false}, {""minute"": ""15:09"", ""mid"": 53.075, ""bid"": 53.0, ""risk"": ""ELEVATED"", ""action"": ""CAUTION"", ""support"": ""WEAK"", ""n_neg"": 2, ""data_unreliable"": false}, {""minute"": ""15:10"", ""mid"": 54.025, ""bid"": 54.0, ""risk"": ""NORMAL"", ""action"": ""HOLD"", ""support"": ""NORMAL"", ""n_neg"": 0, ""data_unreliable"": false}, {""minute"": ""15:11"", ""mid"": 50.400000000000006, ""bid"": 50.35, ""risk"": ""EXTREME"", ""action"": ""BREAK_EXIT"", ""support"": ""CONTRADICTED"", ""n_neg"": 7, ""data_unreliable"": false}, {""minute"": ""15:12"", ""mid"": 51.875, ""bid"": 51.8, ""risk"": ""EXTREME"", ""action"": ""BREAK_EXIT"", ""support"": ""CONTRADICTED"", ""n_neg"": 5, ""data_unreliable"": false}, {""minute"": ""15:13"", ""mid"": 51.825, ""bid"": 51.75, ""risk"": ""ELEVATED"", ""action"": ""CAUTION"", ""support"": ""NORMAL"", ""n_neg"": 2, ""data_unreliable"": false}, {""minute"": ""15:14"", ""mid"": 50.875, ""bid"": 50.8, ""risk"": ""HIGH"", ""action"": ""PREPARE_EXIT"", ""support"": ""CONTRADICTED"", ""n_neg"": 5, ""data_unreliable"": false}, {""minute"": ""15:15"", ""mid"": 49.175, ""bid"": 49.1, ""risk"": ""EXTREME"", ""action"": ""BREAK_EXIT"", ""support"": ""CONTRADICTED"", ""n_neg"": 6, ""data_unreliable"": false}, {""minute"": ""15:16"", ""mid"": 51.375, ""bid"": 51.3, ""risk"": ""NORMAL"", ""action"": ""HOLD"", ""support"": ""NORMAL"", ""n_neg"": 1, ""data_unreliable"": false}, {""minute"": ""15:17"", ""mid"": 50.099999999999994, ""bid"": 50.05, ""risk"": ""ELEVATED"", ""action"": ""CAUTION"", ""support"": ""NORMAL"", ""n_neg"": 2, ""data_unreliable"": false}, {""minute"": ""15:18"", ""mid"": 49.675, ""bid"": 49.6, ""risk"": ""ELEVATED"", ""action"": ""CAUTION"", ""support"": ""WEAK"", ""n_neg"": 3, ""data_unreliable"": false}, {""minute"": ""15:19"", ""mid"": 47.425, ""bid"": 47.4, ""risk"": ""EXTREME"", ""action"": ""BREAK_EXIT"", ""support"": ""CONTRADICTED"", ""n_neg"": 7, ""data_unreliable"": false}]"
NIFTY,2026-07-27,CLOSING_1515_1529,CE,24050.0,15:15,15:29,52.075,52.15,"[{""minute"": ""15:15"", ""mid"": 52.075, ""bid"": 52.0, ""risk"": ""LOW"", ""action"": ""HOLD"", ""support"": ""STRONG"", ""n_neg"": 0, ""data_unreliable"": false}, {""minute"": ""15:16"", ""mid"": 48.85, ""bid"": 48.75, ""risk"": ""EXTREME"", ""action"": ""BREAK_EXIT"", ""support"": ""CONTRADICTED"", ""n_neg"": 6, ""data_unreliable"": false}, {""minute"": ""15:17"", ""mid"": 50.974999999999994, ""bid"": 50.9, ""risk"": ""HIGH"", ""action"": ""PREPARE_EXIT"", ""support"": ""CONTRADICTED"", ""n_neg"": 4, ""data_unreliable"": false}, {""minute"": ""15:18"", ""mid"": 50.575, ""bid"": 50.55, ""risk"": ""ELEVATED"", ""action"": ""CAUTION"", ""support"": ""NORMAL"", ""n_neg"": 2, ""data_unreliable"": false}, {""minute"": ""15:19"", ""mid"": 52.325, ""bid"": 52.25, ""risk"": ""LOW"", ""action"": ""HOLD"", ""support"": ""STRONG"", ""n_neg"": 0, ""data_unreliable"": false}, {""minute"": ""15:20"", ""mid"": 52.325, ""bid"": 52.25, ""risk"": ""LOW"", ""action"": ""HOLD"", ""support"": ""STRONG"", ""n_neg"": 0, ""data_unreliable"": false}, {""minute"": ""15:21"", ""mid"": 52.825, ""bid"": 52.8, ""risk"": ""NORMAL"", ""action"": ""HOLD"", ""support"": ""NORMAL"", ""n_neg"": 0, ""data_unreliable"": false}, {""minute"": ""15:22"", ""mid"": 54.025000000000006, ""bid"": 53.95, ""risk"": ""LOW"", ""action"": ""HOLD"", ""support"": ""STRONG"", ""n_neg"": 0, ""data_unreliable"": false}, {""minute"": ""15:23"", ""mid"": 56.175, ""bid"": 56.1, ""risk"": ""LOW"", ""action"": ""HOLD"", ""support"": ""STRONG"", ""n_neg"": 0, ""data_unreliable"": false}, {""minute"": ""15:24"", ""mid"": 55.849999999999994, ""bid"": 55.8, ""risk"": ""ELEVATED"", ""action"": ""CAUTION"", ""support"": ""NORMAL"", ""n_neg"": 1, ""data_unreliable"": false}, {""minute"": ""15:25"", ""mid"": 55.975, ""bid"": 55.95, ""risk"": ""ELEVATED"", ""action"": ""CAUTION"", ""support"": ""NORMAL"", ""n_neg"": 2, ""data_unreliable"": false}, {""minute"": ""15:26"", ""mid"": 55.525000000000006, ""bid"": 55.45, ""risk"": ""EXTREME"", ""action"": ""BREAK_EXIT"", ""support"": ""CONTRADICTED"", ""n_neg"": 5, ""data_unreliable"": false}, {""minute"": ""15:27"", ""mid"": 55.45, ""bid"": 55.35, ""risk"": ""ELEVATED"", ""action"": ""CAUTION"", ""support"": ""WEAK"", ""n_neg"": 3, ""data_unreliable"": false}, {""minute"": ""15:28"", ""mid"": 55.875, ""bid"": 55.8, ""risk"": ""NORMAL"", ""action"": ""HOLD"", ""support"": ""NORMAL"", ""n_neg"": 0, ""data_unreliable"": false}, {""minute"": ""15:29"", ""mid"": 56.2, ""bid"": 56.1, ""risk"": ""LOW"", ""action"": ""HOLD"", ""support"": ""STRONG"", ""n_neg"": 0, ""data_unreliable"": false}]"
NIFTY,2026-07-27,CLOSING_1515_1529,PE,24050.0,15:15,15:29,73.80000000000001,73.9,"[{""minute"": ""15:15"", ""mid"": 73.80000000000001, ""bid"": 73.7, ""risk"": ""EXTREME"", ""action"": ""BREAK_EXIT"", ""support"": ""CONTRADICTED"", ""n_neg"": 7, ""data_unreliable"": false}, {""minute"": ""15:16"", ""mid"": 77.225, ""bid"": 77.1, ""risk"": ""NORMAL"", ""action"": ""HOLD"", ""support"": ""NORMAL"", ""n_neg"": 0, ""data_unreliable"": false}, {""minute"": ""15:17"", ""mid"": 75.375, ""bid"": 75.3, ""risk"": ""ELEVATED"", ""action"": ""CAUTION"", ""support"": ""NORMAL"", ""n_neg"": 2, ""data_unreliable"": false}, {""minute"": ""15:18"", ""mid"": 75.025, ""bid"": 74.95, ""risk"": ""EXTREME"", ""action"": ""BREAK_EXIT"", ""support"": ""CONTRADICTED"", ""n_neg"": 6, ""data_unreliable"": false}, {""minute"": ""15:19"", ""mid"": 72.1, ""bid"": 72.0, ""risk"": ""EXTREME"", ""action"": ""BREAK_EXIT"", ""support"": ""CONTRADICTED"", ""n_neg"": 6, ""data_unreliable"": false}, {""minute"": ""15:20"", ""mid"": 73.19999999999999, ""bid"": 73.1, ""risk"": ""HIGH"", ""action"": ""PREPARE_EXIT"", ""support"": ""CONTRADICTED"", ""n_neg"": 4, ""data_unreliable"": false}, {""minute"": ""15:21"", ""mid"": 71.6, ""bid"": 71.5, ""risk"": ""EXTREME"", ""action"": ""BREAK_EXIT"", ""support"": ""CONTRADICTED"", ""n_neg"": 4, ""data_unreliable"": false}, {""minute"": ""15:22"", ""mid"": 69.4, ""bid"": 69.3, ""risk"": ""EXTREME"", ""action"": ""BREAK_EXIT"", ""support"": ""CONTRADICTED"", ""n_neg"": 8, ""data_unreliable"": false}, {""minute"": ""15:23"", ""mid"": 67.80000000000001, ""bid"": 67.7, ""risk"": ""EXTREME"", ""action"": ""BREAK_EXIT"", ""support"": ""CONTRADICTED"", ""n_neg"": 6, ""data_unreliable"": false}, {""minute"": ""15:24"", ""mid"": 68.1, ""bid"": 68.0, ""risk"": ""EXTREME"", ""action"": ""BREAK_EXIT"", ""support"": ""CONTRADICTED"", ""n_neg"": 5, ""data_unreliable"": false}, {""minute"": ""15:25"", ""mid"": 68.94999999999999, ""bid"": 68.85, ""risk"": ""NORMAL"", ""action"": ""HOLD"", ""support"": ""NORMAL"", ""n_neg"": 1, ""data_unreliable"": false}, {""minute"": ""15:26"", ""mid"": 69.05000000000001, ""bid"": 68.95, ""risk"": ""LOW"", ""action"": ""HOLD"", ""support"": ""STRONG"", ""n_neg"": 0, ""data_unreliable"": false}, {""minute"": ""15:27"", ""mid"": 68.85, ""bid"": 68.75, ""risk"": ""HIGH"", ""action"": ""PREPARE_EXIT"", ""support"": ""CONTRADICTED"", ""n_neg"": 3, ""data_unreliable"": false}, {""minute"": ""15:28"", ""mid"": 67.5, ""bid"": 67.4, ""risk"": ""EXTREME"", ""action"": ""BREAK_EXIT"", ""support"": ""CONTRADICTED"", ""n_neg"": 6, ""data_unreliable"": false}, {""minute"": ""15:29"", ""mid"": 65.0, ""bid"": 64.9, ""risk"": ""EXTREME"", ""action"": ""BREAK_EXIT"", ""support"": ""CONTRADICTED"", ""n_neg"": 7, ""data_unreliable"": false}]"
SENSEX,2026-07-27,11D_SHAPED_1500_1519,CE,76900.0,15:00,15:19,406.85,407.4,"[{""minute"": ""15:00"", ""mid"": 406.85, ""bid"": 406.3, ""risk"": ""ELEVATED"", ""action"": ""CAUTION"", ""support"": ""WEAK"", ""n_neg"": 3, ""data_unreliable"": false}, {""minute"": ""15:01"", ""mid"": 405.4, ""bid"": 404.85, ""risk"": ""ELEVATED"", ""action"": ""CAUTION"", ""support"": ""NORMAL"", ""n_neg"": 2, ""data_unreliable"": false}, {""minute"": ""15:02"", ""mid"": 422.55, ""bid"": 422.05, ""risk"": ""LOW"", ""action"": ""HOLD"", ""support"": ""STRONG"", ""n_neg"": 0, ""data_unreliable"": false}, {""minute"": ""15:03"", ""mid"": 404.25, ""bid"": 403.95, ""risk"": ""HIGH"", ""action"": ""PREPARE_EXIT"", ""support"": ""CONTRADICTED"", ""n_neg"": 4, ""data_unreliable"": false}, {""minute"": ""15:04"", ""mid"": 402.525, ""bid"": 402.05, ""risk"": ""EXTREME"", ""action"": ""BREAK_EXIT"", ""support"": ""CONTRADICTED"", ""n_neg"": 6, ""data_unreliable"": false}, {""minute"": ""15:05"", ""mid"": 399.85, ""bid"": 399.5, ""risk"": ""EXTREME"", ""action"": ""BREAK_EXIT"", ""support"": ""CONTRADICTED"", ""n_neg"": 5, ""data_unreliable"": false}, {""minute"": ""15:06"", ""mid"": 402.9, ""bid"": 402.4, ""risk"": ""NORMAL"", ""action"": ""HOLD"", ""support"": ""NORMAL"", ""n_neg"": 0, ""data_unreliable"": false}, {""minute"": ""15:07"", ""mid"": 403.15, ""bid"": 402.6, ""risk"": ""NORMAL"", ""action"": ""HOLD"", ""support"": ""NORMAL"", ""n_neg"": 0, ""data_unreliable"": false}, {""minute"": ""15:08"", ""mid"": 397.05, ""bid"": 396.5, ""risk"": ""HIGH"", ""action"": ""PREPARE_EXIT"", ""support"": ""CONTRADICTED"", ""n_neg"": 5, ""data_unreliable"": false}, {""minute"": ""15:09"", ""mid"": 403.575, ""bid"": 403.45, ""risk"": ""NORMAL"", ""action"": ""HOLD"", ""support"": ""NORMAL"", ""n_neg"": 0, ""data_unreliable"": false}, {""minute"": ""15:10"", ""mid"": 402.85, ""bid"": 402.35, ""risk"": ""ELEVATED"", ""action"": ""CAUTION"", ""support"": ""NORMAL"", ""n_neg"": 1, ""data_unreliable"": false}, {""minute"": ""15:11"", ""mid"": 415.275, ""bid"": 414.8, ""risk"": ""LOW"", ""action"": ""HOLD"", ""support"": ""STRONG"", ""n_neg"": 0, ""data_unreliable"": false}, {""minute"": ""15:12"", ""mid"": 408.375, ""bid"": 408.1, ""risk"": ""ELEVATED"", ""action"": ""CAUTION"", ""support"": ""NORMAL"", ""n_neg"": 1, ""data_unreliable"": false}, {""minute"": ""15:13"", ""mid"": 411.575, ""bid"": 411.2, ""risk"": ""ELEVATED"", ""action"": ""CAUTION"", ""support"": ""WEAK"", ""n_neg"": 2, ""data_unreliable"": false}, {""minute"": ""15:14"", ""mid"": 407.75, ""bid"": 407.4, ""risk"": ""HIGH"", ""action"": ""PREPARE_EXIT"", ""support"": ""CONTRADICTED"", ""n_neg"": 3, ""data_unreliable"": false}, {""minute"": ""15:15"", ""mid"": 416.525, ""bid"": 415.9, ""risk"": ""LOW"", ""action"": ""HOLD"", ""support"": ""STRONG"", ""n_neg"": 0, ""data_unreliable"": false}, {""minute"": ""15:16"", ""mid"": 411.375, ""bid"": 410.75, ""risk"": ""ELEVATED"", ""action"": ""CAUTION"", ""support"": ""NORMAL"", ""n_neg"": 1, ""data_unreliable"": false}, {""minute"": ""15:17"", ""mid"": 418.55, ""bid"": 418.05, ""risk"": ""LOW"", ""action"": ""HOLD"", ""support"": ""STRONG"", ""n_neg"": 0, ""data_unreliable"": false}, {""minute"": ""15:18"", ""mid"": 415.67499999999995, ""bid"": 415.15, ""risk"": ""ELEVATED"", ""action"": ""CAUTION"", ""support"": ""NORMAL"", ""n_neg"": 1, ""data_unreliable"": false}, {""minute"": ""15:19"", ""mid"": 418.525, ""bid"": 418.1, ""risk"": ""ELEVATED"", ""action"": ""CAUTION"", ""support"": ""NORMAL"", ""n_neg"": 2, ""data_unreliable"": false}]"
SENSEX,2026-07-27,11D_SHAPED_1500_1519,PE,76900.0,15:00,15:19,360.05,360.8,"[{""minute"": ""15:00"", ""mid"": 360.05, ""bid"": 359.3, ""risk"": ""HIGH"", ""action"": ""PREPARE_EXIT"", ""support"": ""CONTRADICTED"", ""n_neg"": 4, ""data_unreliable"": false}, {""minute"": ""15:01"", ""mid"": 358.92499999999995, ""bid"": 358.45, ""risk"": ""EXTREME"", ""action"": ""BREAK_EXIT"", ""support"": ""CONTRADICTED"", ""n_neg"": 6, ""data_unreliable"": false}, {""minute"": ""15:02"", ""mid"": 341.475, ""bid"": 341.45, ""risk"": ""EXTREME"", ""action"": ""BREAK_EXIT"", ""support"": ""CONTRADICTED"", ""n_neg"": 7, ""data_unreliable"": false}, {""minute"": ""15:03"", ""mid"": 355.825, ""bid"": 355.4, ""risk"": ""ELEVATED"", ""action"": ""CAUTION"", ""support"": ""WEAK"", ""n_neg"": 2, ""data_unreliable"": false}, {""minute"": ""15:04"", ""mid"": 358.5, ""bid"": 358.05, ""risk"": ""LOW"", ""action"": ""HOLD"", ""support"": ""STRONG"", ""n_neg"": 0, ""data_unreliable"": false}, {""minute"": ""15:05"", ""mid"": 360.5, ""bid"": 360.1, ""risk"": ""LOW"", ""action"": ""HOLD"", ""support"": ""STRONG"", ""n_neg"": 0, ""data_unreliable"": false}, {""minute"": ""15:06"", ""mid"": 358.425, ""bid"": 358.0, ""risk"": ""ELEVATED"", ""action"": ""CAUTION"", ""support"": ""WEAK"", ""n_neg"": 2, ""data_unreliable"": false}, {""minute"": ""15:07"", ""mid"": 358.875, ""bid"": 358.45, ""risk"": ""ELEVATED"", ""action"": ""CAUTION"", ""support"": ""WEAK"", ""n_neg"": 1, ""data_unreliable"": false}, {""minute"": ""15:08"", ""mid"": 362.95, ""bid"": 362.45, ""risk"": ""LOW"", ""action"": ""HOLD"", ""support"": ""STRONG"", ""n_neg"": 0, ""data_unreliable"": false}, {""minute"": ""15:09"", ""mid"": 356.57500000000005, ""bid"": 356.3, ""risk"": ""HIGH"", ""action"": ""PREPARE_EXIT"", ""support"": ""CONTRADICTED"", ""n_neg"": 3, ""data_unreliable"": false}, {""minute"": ""15:10"", ""mid"": 358.525, ""bid"": 358.2, ""risk"": ""HIGH"", ""action"": ""PREPARE_EXIT"", ""support"": ""CONTRADICTED"", ""n_neg"": 4, ""data_unreliable"": false}, {""minute"": ""15:11"", ""mid"": 349.04999999999995, ""bid"": 348.65, ""risk"": ""EXTREME"", ""action"": ""BREAK_EXIT"", ""support"": ""CONTRADICTED"", ""n_neg"": 6, ""data_unreliable"": false}, {""minute"": ""15:12"", ""mid"": 354.07500000000005, ""bid"": 353.6, ""risk"": ""EXTREME"", ""action"": ""BREAK_EXIT"", ""support"": ""CONTRADICTED"", ""n_neg"": 5, ""data_unreliable"": false}, {""minute"": ""15:13"", ""mid"": 351.95000000000005, ""bid"": 351.55, ""risk"": ""ELEVATED"", ""action"": ""CAUTION"", ""support"": ""WEAK"", ""n_neg"": 2, ""data_unreliable"": false}, {""minute"": ""15:14"", ""mid"": 350.95000000000005, ""bid"": 350.55, ""risk"": ""NORMAL"", ""action"": ""HOLD"", ""support"": ""NORMAL"", ""n_neg"": 1, ""data_unreliable"": false}, {""minute"": ""15:15"", ""mid"": 342.15, ""bid"": 341.7, ""risk"": ""EXTREME"", ""action"": ""BREAK_EXIT"", ""support"": ""CONTRADICTED"", ""n_neg"": 8, ""data_unreliable"": false}, {""minute"": ""15:16"", ""mid"": 339.75, ""bid"": 339.5, ""risk"": ""EXTREME"", ""action"": ""BREAK_EXIT"", ""support"": ""CONTRADICTED"", ""n_neg"": 4, ""data_unreliable"": false}, {""minute"": ""15:17"", ""mid"": 334.92499999999995, ""bid"": 334.4, ""risk"": ""EXTREME"", ""action"": ""BREAK_EXIT"", ""support"": ""CONTRADICTED"", ""n_neg"": 7, ""data_unreliable"": false}, {""minute"": ""15:18"", ""mid"": 334.54999999999995, ""bid"": 334.2, ""risk"": ""EXTREME"", ""action"": ""BREAK_EXIT"", ""support"": ""CONTRADICTED"", ""n_neg"": 5, ""data_unreliable"": false}, {""minute"": ""15:19"", ""mid"": 330.225, ""bid"": 329.9, ""risk"": ""EXTREME"", ""action"": ""BREAK_EXIT"", ""support"": ""CONTRADICTED"", ""n_neg"": 5, ""data_unreliable"": false}]"
SENSEX,2026-07-27,CLOSING_1515_1529,CE,77000.0,15:15,15:29,365.70000000000005,366.05,"[{""minute"": ""15:15"", ""mid"": 365.70000000000005, ""bid"": 365.35, ""risk"": ""LOW"", ""action"": ""HOLD"", ""support"": ""STRONG"", ""n_neg"": 0, ""data_unreliable"": false}, {""minute"": ""15:16"", ""mid"": 360.4, ""bid"": 360.0, ""risk"": ""ELEVATED"", ""action"": ""CAUTION"", ""support"": ""NORMAL"", ""n_neg"": 1, ""data_unreliable"": false}, {""minute"": ""15:17"", ""mid"": 366.4, ""bid"": 365.9, ""risk"": ""LOW"", ""action"": ""HOLD"", ""support"": ""STRONG"", ""n_neg"": 0, ""data_unreliable"": false}, {""minute"": ""15:18"", ""mid"": 363.95, ""bid"": 363.4, ""risk"": ""ELEVATED"", ""action"": ""CAUTION"", ""support"": ""NORMAL"", ""n_neg"": 2, ""data_unreliable"": false}, {""minute"": ""15:19"", ""mid"": 366.25, ""bid"": 365.85, ""risk"": ""ELEVATED"", ""action"": ""CAUTION"", ""support"": ""WEAK"", ""n_neg"": 3, ""data_unreliable"": false}, {""minute"": ""15:20"", ""mid"": 367.125, ""bid"": 366.8, ""risk"": ""NORMAL"", ""action"": ""HOLD"", ""support"": ""NORMAL"", ""n_neg"": 0, ""data_unreliable"": false}, {""minute"": ""15:21"", ""mid"": 369.4, ""bid"": 369.0, ""risk"": ""ELEVATED"", ""action"": ""CAUTION"", ""support"": ""NORMAL"", ""n_neg"": 1, ""data_unreliable"": false}, {""minute"": ""15:22"", ""mid"": 371.675, ""bid"": 371.5, ""risk"": ""LOW"", ""action"": ""HOLD"", ""support"": ""STRONG"", ""n_neg"": 0, ""data_unreliable"": false}, {""minute"": ""15:23"", ""mid"": 371.17499999999995, ""bid"": 370.7, ""risk"": ""ELEVATED"", ""action"": ""CAUTION"", ""support"": ""NORMAL"", ""n_neg"": 1, ""data_unreliable"": false}, {""minute"": ""15:24"", ""mid"": 374.5, ""bid"": 374.1, ""risk"": ""LOW"", ""action"": ""HOLD"", ""support"": ""STRONG"", ""n_neg"": 0, ""data_unreliable"": false}, {""minute"": ""15:25"", ""mid"": 373.025, ""bid"": 372.6, ""risk"": ""ELEVATED"", ""action"": ""CAUTION"", ""support"": ""WEAK"", ""n_neg"": 2, ""data_unreliable"": false}, {""minute"": ""15:26"", ""mid"": 373.375, ""bid"": 373.05, ""risk"": ""ELEVATED"", ""action"": ""CAUTION"", ""support"": ""WEAK"", ""n_neg"": 3, ""data_unreliable"": false}, {""minute"": ""15:27"", ""mid"": 371.825, ""bid"": 371.65, ""risk"": ""HIGH"", ""action"": ""PREPARE_EXIT"", ""support"": ""CONTRADICTED"", ""n_neg"": 4, ""data_unreliable"": false}, {""minute"": ""15:28"", ""mid"": 370.82500000000005, ""bid"": 370.1, ""risk"": ""ELEVATED"", ""action"": ""CAUTION"", ""support"": ""WEAK"", ""n_neg"": 5, ""data_unreliable"": false}, {""minute"": ""15:29"", ""mid"": 372.525, ""bid"": 372.05, ""risk"": ""NORMAL"", ""action"": ""HOLD"", ""support"": ""NORMAL"", ""n_neg"": 0, ""data_unreliable"": false}]"
SENSEX,2026-07-27,CLOSING_1515_1529,PE,77000.0,15:15,15:29,388.0,388.2,"[{""minute"": ""15:15"", ""mid"": 388.0, ""bid"": 387.8, ""risk"": ""EXTREME"", ""action"": ""BREAK_EXIT"", ""support"": ""CONTRADICTED"", ""n_neg"": 7, ""data_unreliable"": false}, {""minute"": ""15:16"", ""mid"": 385.75, ""bid"": 385.65, ""risk"": ""EXTREME"", ""action"": ""BREAK_EXIT"", ""support"": ""CONTRADICTED"", ""n_neg"": 5, ""data_unreliable"": false}, {""minute"": ""15:17"", ""mid"": 379.6, ""bid"": 379.05, ""risk"": ""EXTREME"", ""action"": ""BREAK_EXIT"", ""support"": ""CONTRADICTED"", ""n_neg"": 6, ""data_unreliable"": false}, {""minute"": ""15:18"", ""mid"": 380.25, ""bid"": 379.95, ""risk"": ""EXTREME"", ""action"": ""BREAK_EXIT"", ""support"": ""CONTRADICTED"", ""n_neg"": 6, ""data_unreliable"": false}, {""minute"": ""15:19"", ""mid"": 376.15, ""bid"": 375.7, ""risk"": ""HIGH"", ""action"": ""PREPARE_EXIT"", ""support"": ""CONTRADICTED"", ""n_neg"": 4, ""data_unreliable"": false}, {""minute"": ""15:20"", ""mid"": 384.0, ""bid"": 383.8, ""risk"": ""NORMAL"", ""action"": ""HOLD"", ""support"": ""NORMAL"", ""n_neg"": 0, ""data_unreliable"": false}, {""minute"": ""15:21"", ""mid"": 381.05, ""bid"": 380.5, ""risk"": ""ELEVATED"", ""action"": ""CAUTION"", ""support"": ""WEAK"", ""n_neg"": 2, ""data_unreliable"": false}, {""minute"": ""15:22"", ""mid"": 375.775, ""bid"": 375.2, ""risk"": ""EXTREME"", ""action"": ""BREAK_EXIT"", ""support"": ""CONTRADICTED"", ""n_neg"": 6, ""data_unreliable"": false}, {""minute"": ""15:23"", ""mid"": 369.82500000000005, ""bid"": 369.3, ""risk"": ""EXTREME"", ""action"": ""BREAK_EXIT"", ""support"": ""CONTRADICTED"", ""n_neg"": 6, ""data_unreliable"": false}, {""minute"": ""15:24"", ""mid"": 368.125, ""bid"": 367.75, ""risk"": ""EXTREME"", ""action"": ""BREAK_EXIT"", ""support"": ""CONTRADICTED"", ""n_neg"": 7, ""data_unreliable"": false}, {""minute"": ""15:25"", ""mid"": 374.275, ""bid"": 374.05, ""risk"": ""NORMAL"", ""action"": ""HOLD"", ""support"": ""NORMAL"", ""n_neg"": 1, ""data_unreliable"": false}, {""minute"": ""15:26"", ""mid"": 373.2, ""bid"": 372.75, ""risk"": ""ELEVATED"", ""action"": ""CAUTION"", ""support"": ""NORMAL"", ""n_neg"": 2, ""data_unreliable"": false}, {""minute"": ""15:27"", ""mid"": 372.85, ""bid"": 372.5, ""risk"": ""ELEVATED"", ""action"": ""CAUTION"", ""support"": ""WEAK"", ""n_neg"": 3, ""data_unreliable"": false}, {""minute"": ""15:28"", ""mid"": 373.025, ""bid"": 372.55, ""risk"": ""ELEVATED"", ""action"": ""CAUTION"", ""support"": ""WEAK"", ""n_neg"": 2, ""data_unreliable"": false}, {""minute"": ""15:29"", ""mid"": 366.25, ""bid"": 365.7, ""risk"": ""EXTREME"", ""action"": ""BREAK_EXIT"", ""support"": ""CONTRADICTED"", ""n_neg"": 6, ""data_unreliable"": false}]"
NIFTY,2026-07-30,11D_SHAPED_1500_1519,CE,24300.0,15:00,15:19,97.125,97.25,"[{""minute"": ""15:00"", ""mid"": 97.125, ""bid"": 97.0, ""risk"": ""ELEVATED"", ""action"": ""CAUTION"", ""support"": ""NORMAL"", ""n_neg"": 2, ""data_unreliable"": false}, {""minute"": ""15:01"", ""mid"": 96.625, ""bid"": 96.5, ""risk"": ""EXTREME"", ""action"": ""BREAK_EXIT"", ""support"": ""CONTRADICTED"", ""n_neg"": 5, ""data_unreliable"": false}, {""minute"": ""15:02"", ""mid"": 100.975, ""bid"": 100.9, ""risk"": ""LOW"", ""action"": ""HOLD"", ""support"": ""STRONG"", ""n_neg"": 0, ""data_unreliable"": false}, {""minute"": ""15:03"", ""mid"": 100.425, ""bid"": 100.3, ""risk"": ""ELEVATED"", ""action"": ""CAUTION"", ""support"": ""NORMAL"", ""n_neg"": 1, ""data_unreliable"": false}, {""minute"": ""15:04"", ""mid"": 102.625, ""bid"": 102.55, ""risk"": ""LOW"", ""action"": ""HOLD"", ""support"": ""STRONG"", ""n_neg"": 0, ""data_unreliable"": false}, {""minute"": ""15:05"", ""mid"": 107.85, ""bid"": 107.7, ""risk"": ""LOW"", ""action"": ""HOLD"", ""support"": ""STRONG"", ""n_neg"": 0, ""data_unreliable"": false}, {""minute"": ""15:06"", ""mid"": 107.175, ""bid"": 107.05, ""risk"": ""ELEVATED"", ""action"": ""CAUTION"", ""support"": ""NORMAL"", ""n_neg"": 1, ""data_unreliable"": false}, {""minute"": ""15:07"", ""mid"": 106.65, ""bid"": 106.6, ""risk"": ""HIGH"", ""action"": ""PREPARE_EXIT"", ""support"": ""CONTRADICTED"", ""n_neg"": 4, ""data_unreliable"": false}, {""minute"": ""15:08"", ""mid"": 111.15, ""bid"": 111.05, ""risk"": ""LOW"", ""action"": ""HOLD"", ""support"": ""STRONG"", ""n_neg"": 0, ""data_unreliable"": false}, {""minute"": ""15:09"", ""mid"": 104.44999999999999, ""bid"": 104.3, ""risk"": ""EXTREME"", ""action"": ""BREAK_EXIT"", ""support"": ""CONTRADICTED"", ""n_neg"": 6, ""data_unreliable"": false}, {""minute"": ""15:10"", ""mid"": 105.65, ""bid"": 105.6, ""risk"": ""EXTREME"", ""action"": ""BREAK_EXIT"", ""support"": ""CONTRADICTED"", ""n_neg"": 6, ""data_unreliable"": false}, {""minute"": ""15:11"", ""mid"": 105.85, ""bid"": 105.7, ""risk"": ""NORMAL"", ""action"": ""HOLD"", ""support"": ""NORMAL"", ""n_neg"": 1, ""data_unreliable"": false}, {""minute"": ""15:12"", ""mid"": 106.25, ""bid"": 106.15, ""risk"": ""NORMAL"", ""action"": ""HOLD"", ""support"": ""NORMAL"", ""n_neg"": 0, ""data_unreliable"": false}, {""minute"": ""15:13"", ""mid"": 104.325, ""bid"": 104.25, ""risk"": ""EXTREME"", ""action"": ""BREAK_EXIT"", ""support"": ""CONTRADICTED"", ""n_neg"": 5, ""data_unreliable"": false}, {""minute"": ""15:14"", ""mid"": 102.675, ""bid"": 102.55, ""risk"": ""HIGH"", ""action"": ""PREPARE_EXIT"", ""support"": ""CONTRADICTED"", ""n_neg"": 4, ""data_unreliable"": false}, {""minute"": ""15:15"", ""mid"": 99.9, ""bid"": 99.75, ""risk"": ""EXTREME"", ""action"": ""BREAK_EXIT"", ""support"": ""CONTRADICTED"", ""n_neg"": 6, ""data_unreliable"": false}, {""minute"": ""15:16"", ""mid"": 97.975, ""bid"": 97.95, ""risk"": ""EXTREME"", ""action"": ""BREAK_EXIT"", ""support"": ""CONTRADICTED"", ""n_neg"": 7, ""data_unreliable"": false}, {""minute"": ""15:17"", ""mid"": 100.55, ""bid"": 100.5, ""risk"": ""NORMAL"", ""action"": ""HOLD"", ""support"": ""NORMAL"", ""n_neg"": 1, ""data_unreliable"": false}, {""minute"": ""15:18"", ""mid"": 100.075, ""bid"": 99.95, ""risk"": ""ELEVATED"", ""action"": ""CAUTION"", ""support"": ""NORMAL"", ""n_neg"": 1, ""data_unreliable"": false}, {""minute"": ""15:19"", ""mid"": 98.375, ""bid"": 98.3, ""risk"": ""EXTREME"", ""action"": ""BREAK_EXIT"", ""support"": ""CONTRADICTED"", ""n_neg"": 5, ""data_unreliable"": false}]"
NIFTY,2026-07-30,11D_SHAPED_1500_1519,PE,24300.0,15:00,15:19,118.725,118.8,"[{""minute"": ""15:00"", ""mid"": 118.725, ""bid"": 118.65, ""risk"": ""EXTREME"", ""action"": ""BREAK_EXIT"", ""support"": ""CONTRADICTED"", ""n_neg"": 5, ""data_unreliable"": false}, {""minute"": ""15:01"", ""mid"": 119.325, ""bid"": 119.15, ""risk"": ""ELEVATED"", ""action"": ""CAUTION"", ""support"": ""NORMAL"", ""n_neg"": 2, ""data_unreliable"": false}, {""minute"": ""15:02"", ""mid"": 114.44999999999999, ""bid"": 114.35, ""risk"": ""EXTREME"", ""action"": ""BREAK_EXIT"", ""support"": ""CONTRADICTED"", ""n_neg"": 6, ""data_unreliable"": false}, {""minute"": ""15:03"", ""mid"": 115.375, ""bid"": 115.3, ""risk"": ""EXTREME"", ""action"": ""BREAK_EXIT"", ""support"": ""CONTRADICTED"", ""n_neg"": 5, ""data_unreliable"": false}, {""minute"": ""15:04"", ""mid"": 113.825, ""bid"": 113.75, ""risk"": ""HIGH"", ""action"": ""PREPARE_EXIT"", ""support"": ""CONTRADICTED"", ""n_neg"": 4, ""data_unreliable"": false}, {""minute"": ""15:05"", ""mid"": 109.575, ""bid"": 109.5, ""risk"": ""EXTREME"", ""action"": ""BREAK_EXIT"", ""support"": ""CONTRADICTED"", ""n_neg"": 7, ""data_unreliable"": false}, {""minute"": ""15:06"", ""mid"": 111.4, ""bid"": 111.3, ""risk"": ""EXTREME"", ""action"": ""BREAK_EXIT"", ""support"": ""CONTRADICTED"", ""n_neg"": 6, ""data_unreliable"": false}, {""minute"": ""15:07"", ""mid"": 111.15, ""bid"": 111.0, ""risk"": ""HIGH"", ""action"": ""PREPARE_EXIT"", ""support"": ""NORMAL"", ""n_neg"": 3, ""data_unreliable"": false}, {""minute"": ""15:08"", ""mid"": 108.5, ""bid"": 108.45, ""risk"": ""HIGH"", ""action"": ""PREPARE_EXIT"", ""support"": ""CONTRADICTED"", ""n_neg"": 5, ""data_unreliable"": false}, {""minute"": ""15:09"", ""mid"": 114.15, ""bid"": 114.0, ""risk"": ""NORMAL"", ""action"": ""HOLD"", ""support"": ""NORMAL"", ""n_neg"": 1, ""data_unreliable"": false}, {""minute"": ""15:10"", ""mid"": 113.6, ""bid"": 113.55, ""risk"": ""ELEVATED"", ""action"": ""CAUTION"", ""support"": ""NORMAL"", ""n_neg"": 1, ""data_unreliable"": false}, {""minute"": ""15:11"", ""mid"": 113.92500000000001, ""bid"": 113.9, ""risk"": ""HIGH"", ""action"": ""PREPARE_EXIT"", ""support"": ""CONTRADICTED"", ""n_neg"": 4, ""data_unreliable"": false}, {""minute"": ""15:12"", ""mid"": 114.125, ""bid"": 114.0, ""risk"": ""NORMAL"", ""action"": ""HOLD"", ""support"": ""NORMAL"", ""n_neg"": 1, ""data_unreliable"": false}, {""minute"": ""15:13"", ""mid"": 115.05, ""bid"": 115.0, ""risk"": ""LOW"", ""action"": ""HOLD"", ""support"": ""STRONG"", ""n_neg"": 0, ""data_unreliable"": false}, {""minute"": ""15:14"", ""mid"": 118.0, ""bid"": 117.9, ""risk"": ""LOW"", ""action"": ""HOLD"", ""support"": ""STRONG"", ""n_neg"": 0, ""data_unreliable"": false}, {""minute"": ""15:15"", ""mid"": 120.325, ""bid"": 120.2, ""risk"": ""NORMAL"", ""action"": ""HOLD"", ""support"": ""NORMAL"", ""n_neg"": 1, ""data_unreliable"": false}, {""minute"": ""15:16"", ""mid"": 121.30000000000001, ""bid"": 121.2, ""risk"": ""LOW"", ""action"": ""HOLD"", ""support"": ""STRONG"", ""n_neg"": 0, ""data_unreliable"": false}, {""minute"": ""15:17"", ""mid"": 120.725, ""bid"": 120.6, ""risk"": ""ELEVATED"", ""action"": ""CAUTION"", ""support"": ""WEAK"", ""n_neg"": 2, ""data_unreliable"": false}, {""minute"": ""15:18"", ""mid"": 121.875, ""bid"": 121.8, ""risk"": ""ELEVATED"", ""action"": ""CAUTION"", ""support"": ""NORMAL"", ""n_neg"": 2, ""data_unreliable"": false}, {""minute"": ""15:19"", ""mid"": 121.725, ""bid"": 121.6, ""risk"": ""ELEVATED"", ""action"": ""CAUTION"", ""support"": ""NORMAL"", ""n_neg"": 2, ""data_unreliable"": false}]"
NIFTY,2026-07-30,CLOSING_1515_1529,CE,24300.0,15:15,15:29,99.9,100.05,"[{""minute"": ""15:15"", ""mid"": 99.9, ""bid"": 99.75, ""risk"": ""EXTREME"", ""action"": ""BREAK_EXIT"", ""support"": ""CONTRADICTED"", ""n_neg"": 6, ""data_unreliable"": false}, {""minute"": ""15:16"", ""mid"": 97.975, ""bid"": 97.95, ""risk"": ""EXTREME"", ""action"": ""BREAK_EXIT"", ""support"": ""CONTRADICTED"", ""n_neg"": 7, ""data_unreliable"": false}, {""minute"": ""15:17"", ""mid"": 100.55, ""bid"": 100.5, ""risk"": ""NORMAL"", ""action"": ""HOLD"", ""support"": ""NORMAL"", ""n_neg"": 1, ""data_unreliable"": false}, {""minute"": ""15:18"", ""mid"": 100.075, ""bid"": 99.95, ""risk"": ""ELEVATED"", ""action"": ""CAUTION"", ""support"": ""NORMAL"", ""n_neg"": 1, ""data_unreliable"": false}, {""minute"": ""15:19"", ""mid"": 98.375, ""bid"": 98.3, ""risk"": ""EXTREME"", ""action"": ""BREAK_EXIT"", ""support"": ""CONTRADICTED"", ""n_neg"": 5, ""data_unreliable"": false}, {""minute"": ""15:20"", ""mid"": 103.69999999999999, ""bid"": 103.55, ""risk"": ""LOW"", ""action"": ""HOLD"", ""support"": ""STRONG"", ""n_neg"": 0, ""data_unreliable"": false}, {""minute"": ""15:21"", ""mid"": 104.875, ""bid"": 104.75, ""risk"": ""LOW"", ""action"": ""HOLD"", ""support"": ""STRONG"", ""n_neg"": 0, ""data_unreliable"": false}, {""minute"": ""15:22"", ""mid"": 103.025, ""bid"": 102.95, ""risk"": ""HIGH"", ""action"": ""PREPARE_EXIT"", ""support"": ""CONTRADICTED"", ""n_neg"": 3, ""data_unreliable"": false}, {""minute"": ""15:23"", ""mid"": 104.925, ""bid"": 104.85, ""risk"": ""ELEVATED"", ""action"": ""CAUTION"", ""support"": ""NORMAL"", ""n_neg"": 2, ""data_unreliable"": false}, {""minute"": ""15:24"", ""mid"": 106.575, ""bid"": 106.45, ""risk"": ""LOW"", ""action"": ""HOLD"", ""support"": ""STRONG"", ""n_neg"": 0, ""data_unreliable"": false}, {""minute"": ""15:25"", ""mid"": 106.475, ""bid"": 106.35, ""risk"": ""ELEVATED"", ""action"": ""CAUTION"", ""support"": ""NORMAL"", ""n_neg"": 1, ""data_unreliable"": false}, {""minute"": ""15:26"", ""mid"": 107.375, ""bid"": 107.35, ""risk"": ""NORMAL"", ""action"": ""HOLD"", ""support"": ""NORMAL"", ""n_neg"": 0, ""data_unreliable"": false}, {""minute"": ""15:27"", ""mid"": 106.925, ""bid"": 106.85, ""risk"": ""ELEVATED"", ""action"": ""CAUTION"", ""support"": ""WEAK"", ""n_neg"": 1, ""data_unreliable"": false}, {""minute"": ""15:28"", ""mid"": 107.225, ""bid"": 107.05, ""risk"": ""NORMAL"", ""action"": ""HOLD"", ""support"": ""NORMAL"", ""n_neg"": 0, ""data_unreliable"": false}, {""minute"": ""15:29"", ""mid"": 106.94999999999999, ""bid"": 106.8, ""risk"": ""ELEVATED"", ""action"": ""CAUTION"", ""support"": ""WEAK"", ""n_neg"": 1, ""data_unreliable"": false}]"
NIFTY,2026-07-30,CLOSING_1515_1529,PE,24300.0,15:15,15:29,120.325,120.45,"[{""minute"": ""15:15"", ""mid"": 120.325, ""bid"": 120.2, ""risk"": ""LOW"", ""action"": ""HOLD"", ""support"": ""STRONG"", ""n_neg"": 0, ""data_unreliable"": false}, {""minute"": ""15:16"", ""mid"": 121.30000000000001, ""bid"": 121.2, ""risk"": ""LOW"", ""action"": ""HOLD"", ""support"": ""STRONG"", ""n_neg"": 0, ""data_unreliable"": false}, {""minute"": ""15:17"", ""mid"": 120.725, ""bid"": 120.6, ""risk"": ""ELEVATED"", ""action"": ""CAUTION"", ""support"": ""NORMAL"", ""n_neg"": 1, ""data_unreliable"": false}, {""minute"": ""15:18"", ""mid"": 121.875, ""bid"": 121.8, ""risk"": ""ELEVATED"", ""action"": ""CAUTION"", ""support"": ""NORMAL"", ""n_neg"": 2, ""data_unreliable"": false}, {""minute"": ""15:19"", ""mid"": 121.725, ""bid"": 121.6, ""risk"": ""ELEVATED"", ""action"": ""CAUTION"", ""support"": ""NORMAL"", ""n_neg"": 1, ""data_unreliable"": false}, {""minute"": ""15:20"", ""mid"": 117.925, ""bid"": 117.85, ""risk"": ""EXTREME"", ""action"": ""BREAK_EXIT"", ""support"": ""CONTRADICTED"", ""n_neg"": 6, ""data_unreliable"": false}, {""minute"": ""15:21"", ""mid"": 113.85, ""bid"": 113.75, ""risk"": ""EXTREME"", ""action"": ""BREAK_EXIT"", ""support"": ""CONTRADICTED"", ""n_neg"": 7, ""data_unreliable"": false}, {""minute"": ""15:22"", ""mid"": 116.025, ""bid"": 116.0, ""risk"": ""HIGH"", ""action"": ""PREPARE_EXIT"", ""support"": ""CONTRADICTED"", ""n_neg"": 3, ""data_unreliable"": false}, {""minute"": ""15:23"", ""mid"": 115.94999999999999, ""bid"": 115.8, ""risk"": ""ELEVATED"", ""action"": ""CAUTION"", ""support"": ""NORMAL"", ""n_neg"": 2, ""data_unreliable"": false}, {""minute"": ""15:24"", ""mid"": 114.025, ""bid"": 113.95, ""risk"": ""HIGH"", ""action"": ""PREPARE_EXIT"", ""support"": ""CONTRADICTED"", ""n_neg"": 5, ""data_unreliable"": false}, {""minute"": ""15:25"", ""mid"": 114.85, ""bid"": 114.8, ""risk"": ""HIGH"", ""action"": ""PREPARE_EXIT"", ""support"": ""CONTRADICTED"", ""n_neg"": 4, ""data_unreliable"": false}, {""minute"": ""15:26"", ""mid"": 114.25, ""bid"": 114.2, ""risk"": ""ELEVATED"", ""action"": ""CAUTION"", ""support"": ""WEAK"", ""n_neg"": 2, ""data_unreliable"": false}, {""minute"": ""15:27"", ""mid"": 114.525, ""bid"": 114.35, ""risk"": ""NORMAL"", ""action"": ""HOLD"", ""support"": ""NORMAL"", ""n_neg"": 0, ""data_unreliable"": false}, {""minute"": ""15:28"", ""mid"": 114.55, ""bid"": 114.5, ""risk"": ""NORMAL"", ""action"": ""HOLD"", ""support"": ""NORMAL"", ""n_neg"": 0, ""data_unreliable"": false}, {""minute"": ""15:29"", ""mid"": 113.725, ""bid"": 113.6, ""risk"": ""HIGH"", ""action"": ""PREPARE_EXIT"", ""support"": ""CONTRADICTED"", ""n_neg"": 4, ""data_unreliable"": false}]"
SENSEX,2026-07-30,11D_SHAPED_1500_1519,CE,77700.0,15:00,15:19,44.775,44.9,"[{""minute"": ""15:00"", ""mid"": 44.775, ""bid"": 44.65, ""risk"": ""EXTREME"", ""action"": ""BREAK_EXIT"", ""support"": ""CONTRADICTED"", ""n_neg"": 8, ""data_unreliable"": false}, {""minute"": ""15:01"", ""mid"": 30.675, ""bid"": 30.6, ""risk"": ""EXTREME"", ""action"": ""BREAK_EXIT"", ""support"": ""CONTRADICTED"", ""n_neg"": 5, ""data_unreliable"": false}, {""minute"": ""15:02"", ""mid"": 75.94999999999999, ""bid"": 75.8, ""risk"": ""LOW"", ""action"": ""HOLD"", ""support"": ""STRONG"", ""n_neg"": 0, ""data_unreliable"": false}, {""minute"": ""15:03"", ""mid"": 92.075, ""bid"": 91.95, ""risk"": ""LOW"", ""action"": ""HOLD"", ""support"": ""STRONG"", ""n_neg"": 0, ""data_unreliable"": false}, {""minute"": ""15:04"", ""mid"": 87.425, ""bid"": 87.3, ""risk"": ""ELEVATED"", ""action"": ""CAUTION"", ""support"": ""NORMAL"", ""n_neg"": 1, ""data_unreliable"": false}, {""minute"": ""15:05"", ""mid"": 113.25, ""bid"": 113.15, ""risk"": ""LOW"", ""action"": ""HOLD"", ""support"": ""STRONG"", ""n_neg"": 0, ""data_unreliable"": false}, {""minute"": ""15:06"", ""mid"": 115.225, ""bid"": 115.05, ""risk"": ""LOW"", ""action"": ""HOLD"", ""support"": ""STRONG"", ""n_neg"": 0, ""data_unreliable"": false}, {""minute"": ""15:07"", ""mid"": 132.95, ""bid"": 132.6, ""risk"": ""LOW"", ""action"": ""HOLD"", ""support"": ""STRONG"", ""n_neg"": 0, ""data_unreliable"": false}, {""minute"": ""15:08"", ""mid"": 155.425, ""bid"": 155.2, ""risk"": ""LOW"", ""action"": ""HOLD"", ""support"": ""STRONG"", ""n_neg"": 0, ""data_unreliable"": false}, {""minute"": ""15:09"", ""mid"": 152.85, ""bid"": 152.7, ""risk"": ""ELEVATED"", ""action"": ""CAUTION"", ""support"": ""NORMAL"", ""n_neg"": 1, ""data_unreliable"": false}, {""minute"": ""15:10"", ""mid"": 161.27499999999998, ""bid"": 161.1, ""risk"": ""LOW"", ""action"": ""HOLD"", ""support"": ""STRONG"", ""n_neg"": 0, ""data_unreliable"": false}, {""minute"": ""15:11"", ""mid"": 157.375, ""bid"": 157.1, ""risk"": ""ELEVATED"", ""action"": ""CAUTION"", ""support"": ""NORMAL"", ""n_neg"": 1, ""data_unreliable"": false}, {""minute"": ""15:12"", ""mid"": 165.3, ""bid"": 165.0, ""risk"": ""LOW"", ""action"": ""HOLD"", ""support"": ""STRONG"", ""n_neg"": 0, ""data_unreliable"": false}, {""minute"": ""15:13"", ""mid"": 155.075, ""bid"": 154.85, ""risk"": ""HIGH"", ""action"": ""PREPARE_EXIT"", ""support"": ""CONTRADICTED"", ""n_neg"": 5, ""data_unreliable"": false}, {""minute"": ""15:14"", ""mid"": 150.85000000000002, ""bid"": 150.65, ""risk"": ""HIGH"", ""action"": ""PREPARE_EXIT"", ""support"": ""CONTRADICTED"", ""n_neg"": 5, ""data_unreliable"": false}, {""minute"": ""15:15"", ""mid"": 140.52499999999998, ""bid"": 140.35, ""risk"": ""EXTREME"", ""action"": ""BREAK_EXIT"", ""support"": ""CONTRADICTED"", ""n_neg"": 7, ""data_unreliable"": false}, {""minute"": ""15:16"", ""mid"": 132.10000000000002, ""bid"": 131.9, ""risk"": ""EXTREME"", ""action"": ""BREAK_EXIT"", ""support"": ""CONTRADICTED"", ""n_neg"": 5, ""data_unreliable"": false}, {""minute"": ""15:17"", ""mid"": 136.95, ""bid"": 136.85, ""risk"": ""EXTREME"", ""action"": ""BREAK_EXIT"", ""support"": ""CONTRADICTED"", ""n_neg"": 6, ""data_unreliable"": false}, {""minute"": ""15:18"", ""mid"": 142.5, ""bid"": 142.3, ""risk"": ""LOW"", ""action"": ""HOLD"", ""support"": ""STRONG"", ""n_neg"": 0, ""data_unreliable"": false}, {""minute"": ""15:19"", ""mid"": 141.1, ""bid"": 140.85, ""risk"": ""ELEVATED"", ""action"": ""CAUTION"", ""support"": ""NORMAL"", ""n_neg"": 1, ""data_unreliable"": false}]"
SENSEX,2026-07-30,11D_SHAPED_1500_1519,PE,77700.0,15:00,15:19,38.225,38.5,"[{""minute"": ""15:00"", ""mid"": 38.225, ""bid"": 37.95, ""risk"": ""LOW"", ""action"": ""HOLD"", ""support"": ""STRONG"", ""n_neg"": 0, ""data_unreliable"": false}, {""minute"": ""15:01"", ""mid"": 25.45, ""bid"": 25.4, ""risk"": ""HIGH"", ""action"": ""PREPARE_EXIT"", ""support"": ""CONTRADICTED"", ""n_neg"": 5, ""data_unreliable"": false}, {""minute"": ""15:02"", ""mid"": 9.025, ""bid"": 9.0, ""risk"": ""EXTREME"", ""action"": ""BREAK_EXIT"", ""support"": ""CONTRADICTED"", ""n_neg"": 8, ""data_unreliable"": false}, {""minute"": ""15:03"", ""mid"": 5.025, ""bid"": 5.0, ""risk"": ""EXTREME"", ""action"": ""BREAK_EXIT"", ""support"": ""CONTRADICTED"", ""n_neg"": 5, ""data_unreliable"": false}, {""minute"": ""15:04"", ""mid"": 4.975, ""bid"": 4.95, ""risk"": ""HIGH"", ""action"": ""PREPARE_EXIT"", ""support"": ""CONTRADICTED"", ""n_neg"": 4, ""data_unreliable"": false}, {""minute"": ""15:05"", ""mid"": 2.275, ""bid"": 2.25, ""risk"": ""EXTREME"", ""action"": ""BREAK_EXIT"", ""support"": ""CONTRADICTED"", ""n_neg"": 8, ""data_unreliable"": false}, {""minute"": ""15:06"", ""mid"": 1.525, ""bid"": 1.5, ""risk"": ""EXTREME"", ""action"": ""BREAK_EXIT"", ""support"": ""CONTRADICTED"", ""n_neg"": 6, ""data_unreliable"": false}, {""minute"": ""15:07"", ""mid"": 1.3250000000000002, ""bid"": 1.3, ""risk"": ""EXTREME"", ""action"": ""BREAK_EXIT"", ""support"": ""CONTRADICTED"", ""n_neg"": 5, ""data_unreliable"": false}, {""minute"": ""15:08"", ""mid"": 1.125, ""bid"": 1.1, ""risk"": ""EXTREME"", ""action"": ""BREAK_EXIT"", ""support"": ""CONTRADICTED"", ""n_neg"": 7, ""data_unreliable"": false}, {""minute"": ""15:09"", ""mid"": 0.875, ""bid"": 0.85, ""risk"": ""EXTREME"", ""action"": ""BREAK_EXIT"", ""support"": ""CONTRADICTED"", ""n_neg"": 7, ""data_unreliable"": false}, {""minute"": ""15:10"", ""mid"": 0.575, ""bid"": 0.55, ""risk"": ""EXTREME"", ""action"": ""BREAK_EXIT"", ""support"": ""CONTRADICTED"", ""n_neg"": 7, ""data_unreliable"": false}, {""minute"": ""15:11"", ""mid"": 0.525, ""bid"": 0.5, ""risk"": ""EXTREME"", ""action"": ""BREAK_EXIT"", ""support"": ""CONTRADICTED"", ""n_neg"": 6, ""data_unreliable"": false}, {""minute"": ""15:12"", ""mid"": 0.32499999999999996, ""bid"": 0.3, ""risk"": ""EXTREME"", ""action"": ""BREAK_EXIT"", ""support"": ""CONTRADICTED"", ""n_neg"": 7, ""data_unreliable"": false}, {""minute"": ""15:13"", ""mid"": 0.275, ""bid"": 0.25, ""risk"": ""EXTREME"", ""action"": ""BREAK_EXIT"", ""support"": ""CONTRADICTED"", ""n_neg"": 5, ""data_unreliable"": false}, {""minute"": ""15:14"", ""mid"": 0.275, ""bid"": 0.25, ""risk"": ""EXTREME"", ""action"": ""BREAK_EXIT"", ""support"": ""CONTRADICTED"", ""n_neg"": 7, ""data_unreliable"": false}, {""minute"": ""15:15"", ""mid"": 0.32499999999999996, ""bid"": 0.3, ""risk"": ""NORMAL"", ""action"": ""HOLD"", ""support"": ""NORMAL"", ""n_neg"": 1, ""data_unreliable"": false}, {""minute"": ""15:16"", ""mid"": 0.32499999999999996, ""bid"": 0.3, ""risk"": ""NORMAL"", ""action"": ""HOLD"", ""support"": ""NORMAL"", ""n_neg"": 1, ""data_unreliable"": false}, {""minute"": ""15:17"", ""mid"": 0.32499999999999996, ""bid"": 0.3, ""risk"": ""ELEVATED"", ""action"": ""CAUTION"", ""support"": ""NORMAL"", ""n_neg"": 2, ""data_unreliable"": false}, {""minute"": ""15:18"", ""mid"": 0.225, ""bid"": 0.2, ""risk"": ""EXTREME"", ""action"": ""BREAK_EXIT"", ""support"": ""CONTRADICTED"", ""n_neg"": 6, ""data_unreliable"": false}, {""minute"": ""15:19"", ""mid"": 0.225, ""bid"": 0.2, ""risk"": ""EXTREME"", ""action"": ""BREAK_EXIT"", ""support"": ""CONTRADICTED"", ""n_neg"": 6, ""data_unreliable"": false}]"
SENSEX,2026-07-30,CLOSING_1515_1529,CE,77800.0,15:15,15:29,43.625,43.7,"[{""minute"": ""15:15"", ""mid"": 43.625, ""bid"": 43.55, ""risk"": ""EXTREME"", ""action"": ""BREAK_EXIT"", ""support"": ""CONTRADICTED"", ""n_neg"": 6, ""data_unreliable"": false}, {""minute"": ""15:16"", ""mid"": 36.35, ""bid"": 36.25, ""risk"": ""EXTREME"", ""action"": ""BREAK_EXIT"", ""support"": ""CONTRADICTED"", ""n_neg"": 8, ""data_unreliable"": false}, {""minute"": ""15:17"", ""mid"": 41.4, ""bid"": 41.3, ""risk"": ""EXTREME"", ""action"": ""BREAK_EXIT"", ""support"": ""CONTRADICTED"", ""n_neg"": 5, ""data_unreliable"": false}, {""minute"": ""15:18"", ""mid"": 43.974999999999994, ""bid"": 43.9, ""risk"": ""LOW"", ""action"": ""HOLD"", ""support"": ""STRONG"", ""n_neg"": 0, ""data_unreliable"": false}, {""minute"": ""15:19"", ""mid"": 43.15, ""bid"": 43.05, ""risk"": ""ELEVATED"", ""action"": ""CAUTION"", ""support"": ""NORMAL"", ""n_neg"": 1, ""data_unreliable"": false}, {""minute"": ""15:20"", ""mid"": 60.125, ""bid"": 60.0, ""risk"": ""LOW"", ""action"": ""HOLD"", ""support"": ""STRONG"", ""n_neg"": 0, ""data_unreliable"": false}, {""minute"": ""15:21"", ""mid"": 78.9, ""bid"": 78.75, ""risk"": ""LOW"", ""action"": ""HOLD"", ""support"": ""STRONG"", ""n_neg"": 0, ""data_unreliable"": false}, {""minute"": ""15:22"", ""mid"": 93.925, ""bid"": 93.75, ""risk"": ""ELEVATED"", ""action"": ""CAUTION"", ""support"": ""NORMAL"", ""n_neg"": 1, ""data_unreliable"": false}, {""minute"": ""15:23"", ""mid"": 116.475, ""bid"": 116.4, ""risk"": ""LOW"", ""action"": ""HOLD"", ""support"": ""STRONG"", ""n_neg"": 0, ""data_unreliable"": false}, {""minute"": ""15:24"", ""mid"": 113.4, ""bid"": 113.25, ""risk"": ""ELEVATED"", ""action"": ""CAUTION"", ""support"": ""NORMAL"", ""n_neg"": 1, ""data_unreliable"": false}, {""minute"": ""15:25"", ""mid"": 123.94999999999999, ""bid"": 123.8, ""risk"": ""LOW"", ""action"": ""HOLD"", ""support"": ""STRONG"", ""n_neg"": 0, ""data_unreliable"": false}, {""minute"": ""15:26"", ""mid"": 134.075, ""bid"": 133.95, ""risk"": ""LOW"", ""action"": ""HOLD"", ""support"": ""STRONG"", ""n_neg"": 0, ""data_unreliable"": false}, {""minute"": ""15:27"", ""mid"": 144.10000000000002, ""bid"": 143.9, ""risk"": ""LOW"", ""action"": ""HOLD"", ""support"": ""STRONG"", ""n_neg"": 0, ""data_unreliable"": false}, {""minute"": ""15:28"", ""mid"": 139.15, ""bid"": 139.0, ""risk"": ""ELEVATED"", ""action"": ""CAUTION"", ""support"": ""NORMAL"", ""n_neg"": 1, ""data_unreliable"": false}, {""minute"": ""15:29"", ""mid"": 124.25, ""bid"": 124.2, ""risk"": ""ELEVATED"", ""action"": ""CAUTION"", ""support"": ""WEAK"", ""n_neg"": 3, ""data_unreliable"": false}]"
SENSEX,2026-07-30,CLOSING_1515_1529,PE,77800.0,15:15,15:29,2.375,2.4,"[{""minute"": ""15:15"", ""mid"": 2.375, ""bid"": 2.35, ""risk"": ""HIGH"", ""action"": ""PREPARE_EXIT"", ""support"": ""CONTRADICTED"", ""n_neg"": 3, ""data_unreliable"": false}, {""minute"": ""15:16"", ""mid"": 4.175000000000001, ""bid"": 4.15, ""risk"": ""LOW"", ""action"": ""HOLD"", ""support"": ""STRONG"", ""n_neg"": 0, ""data_unreliable"": false}, {""minute"": ""15:17"", ""mid"": 3.325, ""bid"": 3.3, ""risk"": ""ELEVATED"", ""action"": ""CAUTION"", ""support"": ""NORMAL"", ""n_neg"": 1, ""data_unreliable"": false}, {""minute"": ""15:18"", ""mid"": 1.4249999999999998, ""bid"": 1.4, ""risk"": ""EXTREME"", ""action"": ""BREAK_EXIT"", ""support"": ""CONTRADICTED"", ""n_neg"": 6, ""data_unreliable"": false}, {""minute"": ""15:19"", ""mid"": 1.375, ""bid"": 1.35, ""risk"": ""EXTREME"", ""action"": ""BREAK_EXIT"", ""support"": ""CONTRADICTED"", ""n_neg"": 7, ""data_unreliable"": false}, {""minute"": ""15:20"", ""mid"": 0.975, ""bid"": 0.95, ""risk"": ""EXTREME"", ""action"": ""BREAK_EXIT"", ""support"": ""CONTRADICTED"", ""n_neg"": 6, ""data_unreliable"": false}, {""minute"": ""15:21"", ""mid"": 1.025, ""bid"": 1.0, ""risk"": ""EXTREME"", ""action"": ""BREAK_EXIT"", ""support"": ""CONTRADICTED"", ""n_neg"": 6, ""data_unreliable"": false}, {""minute"": ""15:22"", ""mid"": 1.275, ""bid"": 1.25, ""risk"": ""HIGH"", ""action"": ""PREPARE_EXIT"", ""support"": ""CONTRADICTED"", ""n_neg"": 4, ""data_unreliable"": false}, {""minute"": ""15:23"", ""mid"": 0.475, ""bid"": 0.45, ""risk"": ""EXTREME"", ""action"": ""BREAK_EXIT"", ""support"": ""CONTRADICTED"", ""n_neg"": 7, ""data_unreliable"": false}, {""minute"": ""15:24"", ""mid"": 0.275, ""bid"": 0.25, ""risk"": ""EXTREME"", ""action"": ""BREAK_EXIT"", ""support"": ""CONTRADICTED"", ""n_neg"": 5, ""data_unreliable"": false}, {""minute"": ""15:25"", ""mid"": 0.275, ""bid"": 0.25, ""risk"": ""EXTREME"", ""action"": ""BREAK_EXIT"", ""support"": ""CONTRADICTED"", ""n_neg"": 6, ""data_unreliable"": false}, {""minute"": ""15:26"", ""mid"": 0.175, ""bid"": 0.15, ""risk"": ""EXTREME"", ""action"": ""BREAK_EXIT"", ""support"": ""CONTRADICTED"", ""n_neg"": 7, ""data_unreliable"": false}, {""minute"": ""15:27"", ""mid"": 0.125, ""bid"": 0.1, ""risk"": ""EXTREME"", ""action"": ""BREAK_EXIT"", ""support"": ""CONTRADICTED"", ""n_neg"": 6, ""data_unreliable"": false}, {""minute"": ""15:28"", ""mid"": 0.07500000000000001, ""bid"": 0.05, ""risk"": ""EXTREME"", ""action"": ""BREAK_EXIT"", ""support"": ""CONTRADICTED"", ""n_neg"": 8, ""data_unreliable"": false}, {""minute"": ""15:29"", ""mid"": null, ""bid"": null, ""risk"": ""EXTREME"", ""action"": ""PREPARE_EXIT"", ""support"": ""UNKNOWN"", ""n_neg"": 1, ""data_unreliable"": true}]"
NIFTY,2026-07-31,11D_SHAPED_1500_1519,CE,24400.0,15:00,15:19,75.125,75.25,"[{""minute"": ""15:00"", ""mid"": 75.125, ""bid"": 75.0, ""risk"": ""NORMAL"", ""action"": ""HOLD"", ""support"": ""NORMAL"", ""n_neg"": 1, ""data_unreliable"": false}, {""minute"": ""15:01"", ""mid"": 81.25, ""bid"": 81.15, ""risk"": ""LOW"", ""action"": ""HOLD"", ""support"": ""STRONG"", ""n_neg"": 0, ""data_unreliable"": false}, {""minute"": ""15:02"", ""mid"": 80.44999999999999, ""bid"": 80.35, ""risk"": ""ELEVATED"", ""action"": ""CAUTION"", ""support"": ""NORMAL"", ""n_neg"": 1, ""data_unreliable"": false}, {""minute"": ""15:03"", ""mid"": 81.375, ""bid"": 81.25, ""risk"": ""LOW"", ""action"": ""HOLD"", ""support"": ""STRONG"", ""n_neg"": 0, ""data_unreliable"": false}, {""minute"": ""15:04"", ""mid"": 79.30000000000001, ""bid"": 79.2, ""risk"": ""EXTREME"", ""action"": ""BREAK_EXIT"", ""support"": ""CONTRADICTED"", ""n_neg"": 6, ""data_unreliable"": false}, {""minute"": ""15:05"", ""mid"": 81.25, ""bid"": 81.2, ""risk"": ""ELEVATED"", ""action"": ""CAUTION"", ""support"": ""WEAK"", ""n_neg"": 2, ""data_unreliable"": false}, {""minute"": ""15:06"", ""mid"": 77.65, ""bid"": 77.55, ""risk"": ""EXTREME"", ""action"": ""BREAK_EXIT"", ""support"": ""CONTRADICTED"", ""n_neg"": 6, ""data_unreliable"": false}, {""minute"": ""15:07"", ""mid"": 81.30000000000001, ""bid"": 81.2, ""risk"": ""LOW"", ""action"": ""HOLD"", ""support"": ""STRONG"", ""n_neg"": 0, ""data_unreliable"": false}, {""minute"": ""15:08"", ""mid"": 82.0, ""bid"": 81.9, ""risk"": ""LOW"", ""action"": ""HOLD"", ""support"": ""STRONG"", ""n_neg"": 0, ""data_unreliable"": false}, {""minute"": ""15:09"", ""mid"": 80.6, ""bid"": 80.5, ""risk"": ""ELEVATED"", ""action"": ""CAUTION"", ""support"": ""WEAK"", ""n_neg"": 2, ""data_unreliable"": false}, {""minute"": ""15:10"", ""mid"": 79.325, ""bid"": 79.2, ""risk"": ""HIGH"", ""action"": ""PREPARE_EXIT"", ""support"": ""CONTRADICTED"", ""n_neg"": 4, ""data_unreliable"": false}, {""minute"": ""15:11"", ""mid"": 80.30000000000001, ""bid"": 80.2, ""risk"": ""HIGH"", ""action"": ""PREPARE_EXIT"", ""support"": ""CONTRADICTED"", ""n_neg"": 5, ""data_unreliable"": false}, {""minute"": ""15:12"", ""mid"": 81.19999999999999, ""bid"": 81.1, ""risk"": ""LOW"", ""action"": ""HOLD"", ""support"": ""STRONG"", ""n_neg"": 0, ""data_unreliable"": false}, {""minute"": ""15:13"", ""mid"": 79.225, ""bid"": 79.1, ""risk"": ""HIGH"", ""action"": ""PREPARE_EXIT"", ""support"": ""CONTRADICTED"", ""n_neg"": 4, ""data_unreliable"": false}, {""minute"": ""15:14"", ""mid"": 79.94999999999999, ""bid"": 79.85, ""risk"": ""ELEVATED"", ""action"": ""CAUTION"", ""support"": ""WEAK"", ""n_neg"": 3, ""data_unreliable"": false}, {""minute"": ""15:15"", ""mid"": 79.725, ""bid"": 79.65, ""risk"": ""HIGH"", ""action"": ""PREPARE_EXIT"", ""support"": ""CONTRADICTED"", ""n_neg"": 3, ""data_unreliable"": false}, {""minute"": ""15:16"", ""mid"": 74.475, ""bid"": 74.4, ""risk"": ""EXTREME"", ""action"": ""BREAK_EXIT"", ""support"": ""CONTRADICTED"", ""n_neg"": 7, ""data_unreliable"": false}, {""minute"": ""15:17"", ""mid"": 75.2, ""bid"": 75.15, ""risk"": ""EXTREME"", ""action"": ""BREAK_EXIT"", ""support"": ""CONTRADICTED"", ""n_neg"": 6, ""data_unreliable"": false}, {""minute"": ""15:18"", ""mid"": 77.225, ""bid"": 77.15, ""risk"": ""NORMAL"", ""action"": ""HOLD"", ""support"": ""NORMAL"", ""n_neg"": 1, ""data_unreliable"": false}, {""minute"": ""15:19"", ""mid"": 75.75, ""bid"": 75.7, ""risk"": ""ELEVATED"", ""action"": ""CAUTION"", ""support"": ""NORMAL"", ""n_neg"": 1, ""data_unreliable"": false}]"
NIFTY,2026-07-31,11D_SHAPED_1500_1519,PE,24400.0,15:00,15:19,98.775,98.9,"[{""minute"": ""15:00"", ""mid"": 98.775, ""bid"": 98.65, ""risk"": ""HIGH"", ""action"": ""PREPARE_EXIT"", ""support"": ""CONTRADICTED"", ""n_neg"": 4, ""data_unreliable"": false}, {""minute"": ""15:01"", ""mid"": 92.80000000000001, ""bid"": 92.7, ""risk"": ""EXTREME"", ""action"": ""BREAK_EXIT"", ""support"": ""CONTRADICTED"", ""n_neg"": 6, ""data_unreliable"": false}, {""minute"": ""15:02"", ""mid"": 92.675, ""bid"": 92.55, ""risk"": ""EXTREME"", ""action"": ""BREAK_EXIT"", ""support"": ""CONTRADICTED"", ""n_neg"": 7, ""data_unreliable"": false}, {""minute"": ""15:03"", ""mid"": 90.425, ""bid"": 90.35, ""risk"": ""EXTREME"", ""action"": ""BREAK_EXIT"", ""support"": ""CONTRADICTED"", ""n_neg"": 7, ""data_unreliable"": false}, {""minute"": ""15:04"", ""mid"": 92.575, ""bid"": 92.45, ""risk"": ""NORMAL"", ""action"": ""HOLD"", ""support"": ""NORMAL"", ""n_neg"": 1, ""data_unreliable"": false}, {""minute"": ""15:05"", ""mid"": 90.825, ""bid"": 90.7, ""risk"": ""ELEVATED"", ""action"": ""CAUTION"", ""support"": ""WEAK"", ""n_neg"": 2, ""data_unreliable"": false}, {""minute"": ""15:06"", ""mid"": 93.575, ""bid"": 93.5, ""risk"": ""LOW"", ""action"": ""HOLD"", ""support"": ""STRONG"", ""n_neg"": 0, ""data_unreliable"": false}, {""minute"": ""15:07"", ""mid"": 89.625, ""bid"": 89.5, ""risk"": ""EXTREME"", ""action"": ""BREAK_EXIT"", ""support"": ""CONTRADICTED"", ""n_neg"": 5, ""data_unreliable"": false}, {""minute"": ""15:08"", ""mid"": 89.525, ""bid"": 89.4, ""risk"": ""HIGH"", ""action"": ""PREPARE_EXIT"", ""support"": ""CONTRADICTED"", ""n_neg"": 4, ""data_unreliable"": false}, {""minute"": ""15:09"", ""mid"": 90.175, ""bid"": 90.05, ""risk"": ""NORMAL"", ""action"": ""HOLD"", ""support"": ""NORMAL"", ""n_neg"": 1, ""data_unreliable"": false}, {""minute"": ""15:10"", ""mid"": 93.025, ""bid"": 92.9, ""risk"": ""LOW"", ""action"": ""HOLD"", ""support"": ""STRONG"", ""n_neg"": 0, ""data_unreliable"": false}, {""minute"": ""15:11"", ""mid"": 92.325, ""bid"": 92.2, ""risk"": ""ELEVATED"", ""action"": ""CAUTION"", ""support"": ""NORMAL"", ""n_neg"": 1, ""data_unreliable"": false}, {""minute"": ""15:12"", ""mid"": 90.85, ""bid"": 90.8, ""risk"": ""EXTREME"", ""action"": ""BREAK_EXIT"", ""support"": ""CONTRADICTED"", ""n_neg"": 6, ""data_unreliable"": false}, {""minute"": ""15:13"", ""mid"": 92.275, ""bid"": 92.2, ""risk"": ""ELEVATED"", ""action"": ""CAUTION"", ""support"": ""NORMAL"", ""n_neg"": 2, ""data_unreliable"": false}, {""minute"": ""15:14"", ""mid"": 92.0, ""bid"": 91.9, ""risk"": ""ELEVATED"", ""action"": ""CAUTION"", ""support"": ""NORMAL"", ""n_neg"": 1, ""data_unreliable"": false}, {""minute"": ""15:15"", ""mid"": 92.5, ""bid"": 92.4, ""risk"": ""NORMAL"", ""action"": ""HOLD"", ""support"": ""NORMAL"", ""n_neg"": 0, ""data_unreliable"": false}, {""minute"": ""15:16"", ""mid"": 98.45, ""bid"": 98.4, ""risk"": ""LOW"", ""action"": ""HOLD"", ""support"": ""STRONG"", ""n_neg"": 0, ""data_unreliable"": false}, {""minute"": ""15:17"", ""mid"": 98.025, ""bid"": 97.9, ""risk"": ""ELEVATED"", ""action"": ""CAUTION"", ""support"": ""NORMAL"", ""n_neg"": 1, ""data_unreliable"": false}, {""minute"": ""15:18"", ""mid"": 94.925, ""bid"": 94.85, ""risk"": ""HIGH"", ""action"": ""PREPARE_EXIT"", ""support"": ""CONTRADICTED"", ""n_neg"": 5, ""data_unreliable"": false}, {""minute"": ""15:19"", ""mid"": 97.85, ""bid"": 97.75, ""risk"": ""ELEVATED"", ""action"": ""CAUTION"", ""support"": ""WEAK"", ""n_neg"": 2, ""data_unreliable"": false}]"
NIFTY,2026-07-31,CLOSING_1515_1529,CE,24400.0,15:15,15:29,79.725,79.8,"[{""minute"": ""15:15"", ""mid"": 79.725, ""bid"": 79.65, ""risk"": ""HIGH"", ""action"": ""PREPARE_EXIT"", ""support"": ""CONTRADICTED"", ""n_neg"": 3, ""data_unreliable"": false}, {""minute"": ""15:16"", ""mid"": 74.475, ""bid"": 74.4, ""risk"": ""EXTREME"", ""action"": ""BREAK_EXIT"", ""support"": ""CONTRADICTED"", ""n_neg"": 7, ""data_unreliable"": false}, {""minute"": ""15:17"", ""mid"": 75.2, ""bid"": 75.15, ""risk"": ""EXTREME"", ""action"": ""BREAK_EXIT"", ""support"": ""CONTRADICTED"", ""n_neg"": 6, ""data_unreliable"": false}, {""minute"": ""15:18"", ""mid"": 77.225, ""bid"": 77.15, ""risk"": ""NORMAL"", ""action"": ""HOLD"", ""support"": ""NORMAL"", ""n_neg"": 1, ""data_unreliable"": false}, {""minute"": ""15:19"", ""mid"": 75.75, ""bid"": 75.7, ""risk"": ""ELEVATED"", ""action"": ""CAUTION"", ""support"": ""NORMAL"", ""n_neg"": 1, ""data_unreliable"": false}, {""minute"": ""15:20"", ""mid"": 76.5, ""bid"": 76.4, ""risk"": ""ELEVATED"", ""action"": ""CAUTION"", ""support"": ""WEAK"", ""n_neg"": 3, ""data_unreliable"": false}, {""minute"": ""15:21"", ""mid"": 75.825, ""bid"": 75.75, ""risk"": ""ELEVATED"", ""action"": ""CAUTION"", ""support"": ""WEAK"", ""n_neg"": 2, ""data_unreliable"": false}, {""minute"": ""15:22"", ""mid"": 75.725, ""bid"": 75.65, ""risk"": ""HIGH"", ""action"": ""PREPARE_EXIT"", ""support"": ""CONTRADICTED"", ""n_neg"": 3, ""data_unreliable"": false}, {""minute"": ""15:23"", ""mid"": 74.5, ""bid"": 74.4, ""risk"": ""EXTREME"", ""action"": ""BREAK_EXIT"", ""support"": ""CONTRADICTED"", ""n_neg"": 5, ""data_unreliable"": false}, {""minute"": ""15:24"", ""mid"": 76.475, ""bid"": 76.45, ""risk"": ""LOW"", ""action"": ""HOLD"", ""support"": ""STRONG"", ""n_neg"": 0, ""data_unreliable"": false}, {""minute"": ""15:25"", ""mid"": 76.65, ""bid"": 76.6, ""risk"": ""LOW"", ""action"": ""HOLD"", ""support"": ""STRONG"", ""n_neg"": 0, ""data_unreliable"": false}, {""minute"": ""15:26"", ""mid"": 74.775, ""bid"": 74.65, ""risk"": ""HIGH"", ""action"": ""PREPARE_EXIT"", ""support"": ""CONTRADICTED"", ""n_neg"": 5, ""data_unreliable"": false}, {""minute"": ""15:27"", ""mid"": 74.575, ""bid"": 74.45, ""risk"": ""EXTREME"", ""action"": ""BREAK_EXIT"", ""support"": ""CONTRADICTED"", ""n_neg"": 6, ""data_unreliable"": false}, {""minute"": ""15:28"", ""mid"": 72.75, ""bid"": 72.65, ""risk"": ""EXTREME"", ""action"": ""BREAK_EXIT"", ""support"": ""CONTRADICTED"", ""n_neg"": 6, ""data_unreliable"": false}, {""minute"": ""15:29"", ""mid"": 67.125, ""bid"": 67.0, ""risk"": ""EXTREME"", ""action"": ""BREAK_EXIT"", ""support"": ""CONTRADICTED"", ""n_neg"": 8, ""data_unreliable"": false}]"
NIFTY,2026-07-31,CLOSING_1515_1529,PE,24400.0,15:15,15:29,92.5,92.6,"[{""minute"": ""15:15"", ""mid"": 92.5, ""bid"": 92.4, ""risk"": ""NORMAL"", ""action"": ""HOLD"", ""support"": ""NORMAL"", ""n_neg"": 0, ""data_unreliable"": false}, {""minute"": ""15:16"", ""mid"": 98.45, ""bid"": 98.4, ""risk"": ""LOW"", ""action"": ""HOLD"", ""support"": ""STRONG"", ""n_neg"": 0, ""data_unreliable"": false}, {""minute"": ""15:17"", ""mid"": 98.025, ""bid"": 97.9, ""risk"": ""ELEVATED"", ""action"": ""CAUTION"", ""support"": ""NORMAL"", ""n_neg"": 1, ""data_unreliable"": false}, {""minute"": ""15:18"", ""mid"": 94.925, ""bid"": 94.85, ""risk"": ""HIGH"", ""action"": ""PREPARE_EXIT"", ""support"": ""CONTRADICTED"", ""n_neg"": 5, ""data_unreliable"": false}, {""minute"": ""15:19"", ""mid"": 97.85, ""bid"": 97.75, ""risk"": ""ELEVATED"", ""action"": ""CAUTION"", ""support"": ""WEAK"", ""n_neg"": 2, ""data_unreliable"": false}, {""minute"": ""15:20"", ""mid"": 97.775, ""bid"": 97.65, ""risk"": ""ELEVATED"", ""action"": ""CAUTION"", ""support"": ""NORMAL"", ""n_neg"": 1, ""data_unreliable"": false}, {""minute"": ""15:21"", ""mid"": 96.94999999999999, ""bid"": 96.8, ""risk"": ""ELEVATED"", ""action"": ""CAUTION"", ""support"": ""WEAK"", ""n_neg"": 2, ""data_unreliable"": false}, {""minute"": ""15:22"", ""mid"": 96.775, ""bid"": 96.65, ""risk"": ""HIGH"", ""action"": ""PREPARE_EXIT"", ""support"": ""CONTRADICTED"", ""n_neg"": 4, ""data_unreliable"": false}, {""minute"": ""15:23"", ""mid"": 97.175, ""bid"": 97.1, ""risk"": ""NORMAL"", ""action"": ""HOLD"", ""support"": ""NORMAL"", ""n_neg"": 1, ""data_unreliable"": false}, {""minute"": ""15:24"", ""mid"": 93.425, ""bid"": 93.3, ""risk"": ""EXTREME"", ""action"": ""BREAK_EXIT"", ""support"": ""CONTRADICTED"", ""n_neg"": 5, ""data_unreliable"": false}, {""minute"": ""15:25"", ""mid"": 96.35, ""bid"": 96.2, ""risk"": ""ELEVATED"", ""action"": ""CAUTION"", ""support"": ""WEAK"", ""n_neg"": 2, ""data_unreliable"": false}, {""minute"": ""15:26"", ""mid"": 96.6, ""bid"": 96.45, ""risk"": ""NORMAL"", ""action"": ""HOLD"", ""support"": ""NORMAL"", ""n_neg"": 1, ""data_unreliable"": false}, {""minute"": ""15:27"", ""mid"": 96.775, ""bid"": 96.65, ""risk"": ""LOW"", ""action"": ""HOLD"", ""support"": ""STRONG"", ""n_neg"": 0, ""data_unreliable"": false}, {""minute"": ""15:28"", ""mid"": 97.19999999999999, ""bid"": 97.05, ""risk"": ""LOW"", ""action"": ""HOLD"", ""support"": ""STRONG"", ""n_neg"": 0, ""data_unreliable"": false}, {""minute"": ""15:29"", ""mid"": 99.85, ""bid"": 99.7, ""risk"": ""LOW"", ""action"": ""HOLD"", ""support"": ""STRONG"", ""n_neg"": 0, ""data_unreliable"": false}]"
SENSEX,2026-07-31,11D_SHAPED_1500_1519,CE,78100.0,15:00,15:19,425.25,425.85,"[{""minute"": ""15:00"", ""mid"": 425.25, ""bid"": 424.65, ""risk"": ""NORMAL"", ""action"": ""HOLD"", ""support"": ""NORMAL"", ""n_neg"": 1, ""data_unreliable"": false}, {""minute"": ""15:01"", ""mid"": 442.575, ""bid"": 441.95, ""risk"": ""LOW"", ""action"": ""HOLD"", ""support"": ""STRONG"", ""n_neg"": 0, ""data_unreliable"": false}, {""minute"": ""15:02"", ""mid"": 442.85, ""bid"": 442.5, ""risk"": ""LOW"", ""action"": ""HOLD"", ""support"": ""STRONG"", ""n_neg"": 0, ""data_unreliable"": false}, {""minute"": ""15:03"", ""mid"": 443.475, ""bid"": 442.85, ""risk"": ""NORMAL"", ""action"": ""HOLD"", ""support"": ""NORMAL"", ""n_neg"": 0, ""data_unreliable"": false}, {""minute"": ""15:04"", ""mid"": 442.45000000000005, ""bid"": 441.8, ""risk"": ""ELEVATED"", ""action"": ""CAUTION"", ""support"": ""NORMAL"", ""n_neg"": 2, ""data_unreliable"": false}, {""minute"": ""15:05"", ""mid"": 451.75, ""bid"": 451.25, ""risk"": ""LOW"", ""action"": ""HOLD"", ""support"": ""STRONG"", ""n_neg"": 0, ""data_unreliable"": false}, {""minute"": ""15:06"", ""mid"": 439.375, ""bid"": 438.75, ""risk"": ""EXTREME"", ""action"": ""BREAK_EXIT"", ""support"": ""CONTRADICTED"", ""n_neg"": 5, ""data_unreliable"": false}, {""minute"": ""15:07"", ""mid"": 444.9, ""bid"": 444.5, ""risk"": ""EXTREME"", ""action"": ""BREAK_EXIT"", ""support"": ""CONTRADICTED"", ""n_neg"": 4, ""data_unreliable"": false}, {""minute"": ""15:08"", ""mid"": 451.95, ""bid"": 451.4, ""risk"": ""LOW"", ""action"": ""HOLD"", ""support"": ""STRONG"", ""n_neg"": 0, ""data_unreliable"": false}, {""minute"": ""15:09"", ""mid"": 450.725, ""bid"": 450.2, ""risk"": ""ELEVATED"", ""action"": ""CAUTION"", ""support"": ""NORMAL"", ""n_neg"": 1, ""data_unreliable"": false}, {""minute"": ""15:10"", ""mid"": 445.175, ""bid"": 445.0, ""risk"": ""HIGH"", ""action"": ""PREPARE_EXIT"", ""support"": ""CONTRADICTED"", ""n_neg"": 5, ""data_unreliable"": false}, {""minute"": ""15:11"", ""mid"": 447.225, ""bid"": 446.9, ""risk"": ""HIGH"", ""action"": ""PREPARE_EXIT"", ""support"": ""CONTRADICTED"", ""n_neg"": 5, ""data_unreliable"": false}, {""minute"": ""15:12"", ""mid"": 448.925, ""bid"": 448.5, ""risk"": ""NORMAL"", ""action"": ""HOLD"", ""support"": ""NORMAL"", ""n_neg"": 0, ""data_unreliable"": false}, {""minute"": ""15:13"", ""mid"": 438.325, ""bid"": 437.9, ""risk"": ""EXTREME"", ""action"": ""BREAK_EXIT"", ""support"": ""CONTRADICTED"", ""n_neg"": 5, ""data_unreliable"": false}, {""minute"": ""15:14"", ""mid"": 444.25, ""bid"": 443.65, ""risk"": ""EXTREME"", ""action"": ""BREAK_EXIT"", ""support"": ""CONTRADICTED"", ""n_neg"": 4, ""data_unreliable"": false}, {""minute"": ""15:15"", ""mid"": 447.025, ""bid"": 446.4, ""risk"": ""LOW"", ""action"": ""HOLD"", ""support"": ""STRONG"", ""n_neg"": 0, ""data_unreliable"": false}, {""minute"": ""15:16"", ""mid"": 429.85, ""bid"": 429.3, ""risk"": ""EXTREME"", ""action"": ""BREAK_EXIT"", ""support"": ""CONTRADICTED"", ""n_neg"": 6, ""data_unreliable"": false}, {""minute"": ""15:17"", ""mid"": 429.4, ""bid"": 428.95, ""risk"": ""HIGH"", ""action"": ""PREPARE_EXIT"", ""support"": ""CONTRADICTED"", ""n_neg"": 4, ""data_unreliable"": false}, {""minute"": ""15:18"", ""mid"": 432.675, ""bid"": 432.25, ""risk"": ""NORMAL"", ""action"": ""HOLD"", ""support"": ""NORMAL"", ""n_neg"": 1, ""data_unreliable"": false}, {""minute"": ""15:19"", ""mid"": 432.775, ""bid"": 431.95, ""risk"": ""ELEVATED"", ""action"": ""CAUTION"", ""support"": ""NORMAL"", ""n_neg"": 1, ""data_unreliable"": false}]"
SENSEX,2026-07-31,11D_SHAPED_1500_1519,PE,78100.0,15:00,15:19,405.4,405.9,"[{""minute"": ""15:00"", ""mid"": 405.4, ""bid"": 404.9, ""risk"": ""EXTREME"", ""action"": ""BREAK_EXIT"", ""support"": ""CONTRADICTED"", ""n_neg"": 5, ""data_unreliable"": false}, {""minute"": ""15:01"", ""mid"": 387.65, ""bid"": 387.35, ""risk"": ""EXTREME"", ""action"": ""BREAK_EXIT"", ""support"": ""CONTRADICTED"", ""n_neg"": 7, ""data_unreliable"": false}, {""minute"": ""15:02"", ""mid"": 389.225, ""bid"": 388.85, ""risk"": ""EXTREME"", ""action"": ""BREAK_EXIT"", ""support"": ""CONTRADICTED"", ""n_neg"": 5, ""data_unreliable"": false}, {""minute"": ""15:03"", ""mid"": 384.45, ""bid"": 384.0, ""risk"": ""EXTREME"", ""action"": ""BREAK_EXIT"", ""support"": ""CONTRADICTED"", ""n_neg"": 4, ""data_unreliable"": false}, {""minute"": ""15:04"", ""mid"": 384.32500000000005, ""bid"": 384.05, ""risk"": ""EXTREME"", ""action"": ""BREAK_EXIT"", ""support"": ""CONTRADICTED"", ""n_neg"": 5, ""data_unreliable"": false}, {""minute"": ""15:05"", ""mid"": 378.32500000000005, ""bid"": 377.8, ""risk"": ""EXTREME"", ""action"": ""BREAK_EXIT"", ""support"": ""CONTRADICTED"", ""n_neg"": 7, ""data_unreliable"": false}, {""minute"": ""15:06"", ""mid"": 387.725, ""bid"": 387.45, ""risk"": ""NORMAL"", ""action"": ""HOLD"", ""support"": ""NORMAL"", ""n_neg"": 0, ""data_unreliable"": false}, {""minute"": ""15:07"", ""mid"": 381.025, ""bid"": 380.7, ""risk"": ""ELEVATED"", ""action"": ""CAUTION"", ""support"": ""NORMAL"", ""n_neg"": 2, ""data_unreliable"": false}, {""minute"": ""15:08"", ""mid"": 372.875, ""bid"": 372.35, ""risk"": ""HIGH"", ""action"": ""PREPARE_EXIT"", ""support"": ""CONTRADICTED"", ""n_neg"": 5, ""data_unreliable"": false}, {""minute"": ""15:09"", ""mid"": 374.25, ""bid"": 373.8, ""risk"": ""EXTREME"", ""action"": ""BREAK_EXIT"", ""support"": ""CONTRADICTED"", ""n_neg"": 6, ""data_unreliable"": false}, {""minute"": ""15:10"", ""mid"": 384.35, ""bid"": 384.25, ""risk"": ""LOW"", ""action"": ""HOLD"", ""support"": ""STRONG"", ""n_neg"": 0, ""data_unreliable"": false}, {""minute"": ""15:11"", ""mid"": 383.79999999999995, ""bid"": 383.65, ""risk"": ""ELEVATED"", ""action"": ""CAUTION"", ""support"": ""NORMAL"", ""n_neg"": 1, ""data_unreliable"": false}, {""minute"": ""15:12"", ""mid"": 381.1, ""bid"": 380.75, ""risk"": ""ELEVATED"", ""action"": ""CAUTION"", ""support"": ""WEAK"", ""n_neg"": 2, ""data_unreliable"": false}, {""minute"": ""15:13"", ""mid"": 386.15, ""bid"": 386.05, ""risk"": ""NORMAL"", ""action"": ""HOLD"", ""support"": ""NORMAL"", ""n_neg"": 0, ""data_unreliable"": false}, {""minute"": ""15:14"", ""mid"": 383.57500000000005, ""bid"": 383.1, ""risk"": ""ELEVATED"", ""action"": ""CAUTION"", ""support"": ""NORMAL"", ""n_neg"": 1, ""data_unreliable"": false}, {""minute"": ""15:15"", ""mid"": 380.9, ""bid"": 380.65, ""risk"": ""ELEVATED"", ""action"": ""CAUTION"", ""support"": ""WEAK"", ""n_neg"": 3, ""data_unreliable"": false}, {""minute"": ""15:16"", ""mid"": 396.025, ""bid"": 395.5, ""risk"": ""LOW"", ""action"": ""HOLD"", ""support"": ""STRONG"", ""n_neg"": 0, ""data_unreliable"": false}, {""minute"": ""15:17"", ""mid"": 401.775, ""bid"": 401.5, ""risk"": ""LOW"", ""action"": ""HOLD"", ""support"": ""STRONG"", ""n_neg"": 0, ""data_unreliable"": false}, {""minute"": ""15:18"", ""mid"": 399.775, ""bid"": 399.3, ""risk"": ""ELEVATED"", ""action"": ""CAUTION"", ""support"": ""NORMAL"", ""n_neg"": 1, ""data_unreliable"": false}, {""minute"": ""15:19"", ""mid"": 405.79999999999995, ""bid"": 405.4, ""risk"": ""NORMAL"", ""action"": ""HOLD"", ""support"": ""NORMAL"", ""n_neg"": 0, ""data_unreliable"": false}]"
SENSEX,2026-07-31,CLOSING_1515_1529,CE,78200.0,15:15,15:29,394.6,395.05,"[{""minute"": ""15:15"", ""mid"": 394.6, ""bid"": 394.15, ""risk"": ""NORMAL"", ""action"": ""HOLD"", ""support"": ""NORMAL"", ""n_neg"": 1, ""data_unreliable"": false}, {""minute"": ""15:16"", ""mid"": 378.20000000000005, ""bid"": 377.8, ""risk"": ""EXTREME"", ""action"": ""BREAK_EXIT"", ""support"": ""CONTRADICTED"", ""n_neg"": 7, ""data_unreliable"": false}, {""minute"": ""15:17"", ""mid"": 377.55, ""bid"": 377.1, ""risk"": ""HIGH"", ""action"": ""PREPARE_EXIT"", ""support"": ""CONTRADICTED"", ""n_neg"": 4, ""data_unreliable"": false}, {""minute"": ""15:18"", ""mid"": 381.075, ""bid"": 380.65, ""risk"": ""NORMAL"", ""action"": ""HOLD"", ""support"": ""NORMAL"", ""n_neg"": 1, ""data_unreliable"": false}, {""minute"": ""15:19"", ""mid"": 381.5, ""bid"": 381.05, ""risk"": ""NORMAL"", ""action"": ""HOLD"", ""support"": ""NORMAL"", ""n_neg"": 0, ""data_unreliable"": false}, {""minute"": ""15:20"", ""mid"": 382.425, ""bid"": 382.1, ""risk"": ""NORMAL"", ""action"": ""HOLD"", ""support"": ""NORMAL"", ""n_neg"": 0, ""data_unreliable"": false}, {""minute"": ""15:21"", ""mid"": 384.375, ""bid"": 384.0, ""risk"": ""NORMAL"", ""action"": ""HOLD"", ""support"": ""NORMAL"", ""n_neg"": 0, ""data_unreliable"": false}, {""minute"": ""15:22"", ""mid"": 379.1, ""bid"": 378.6, ""risk"": ""HIGH"", ""action"": ""PREPARE_EXIT"", ""support"": ""CONTRADICTED"", ""n_neg"": 4, ""data_unreliable"": false}, {""minute"": ""15:23"", ""mid"": 374.125, ""bid"": 373.65, ""risk"": ""EXTREME"", ""action"": ""BREAK_EXIT"", ""support"": ""CONTRADICTED"", ""n_neg"": 5, ""data_unreliable"": false}, {""minute"": ""15:24"", ""mid"": 385.275, ""bid"": 384.75, ""risk"": ""LOW"", ""action"": ""HOLD"", ""support"": ""STRONG"", ""n_neg"": 0, ""data_unreliable"": false}, {""minute"": ""15:25"", ""mid"": 381.85, ""bid"": 381.35, ""risk"": ""ELEVATED"", ""action"": ""CAUTION"", ""support"": ""NORMAL"", ""n_neg"": 1, ""data_unreliable"": false}, {""minute"": ""15:26"", ""mid"": 375.45, ""bid"": 375.0, ""risk"": ""ELEVATED"", ""action"": ""CAUTION"", ""support"": ""WEAK"", ""n_neg"": 4, ""data_unreliable"": false}, {""minute"": ""15:27"", ""mid"": 372.275, ""bid"": 372.0, ""risk"": ""EXTREME"", ""action"": ""BREAK_EXIT"", ""support"": ""CONTRADICTED"", ""n_neg"": 5, ""data_unreliable"": false}, {""minute"": ""15:28"", ""mid"": 368.32500000000005, ""bid"": 367.8, ""risk"": ""EXTREME"", ""action"": ""BREAK_EXIT"", ""support"": ""CONTRADICTED"", ""n_neg"": 6, ""data_unreliable"": false}, {""minute"": ""15:29"", ""mid"": 348.85, ""bid"": 348.1, ""risk"": ""EXTREME"", ""action"": ""BREAK_EXIT"", ""support"": ""CONTRADICTED"", ""n_neg"": 8, ""data_unreliable"": false}]"
SENSEX,2026-07-31,CLOSING_1515_1529,PE,78200.0,15:15,15:29,427.32500000000005,427.6,"[{""minute"": ""15:15"", ""mid"": 427.32500000000005, ""bid"": 427.05, ""risk"": ""ELEVATED"", ""action"": ""CAUTION"", ""support"": ""WEAK"", ""n_neg"": 3, ""data_unreliable"": false}, {""minute"": ""15:16"", ""mid"": 443.175, ""bid"": 442.6, ""risk"": ""NORMAL"", ""action"": ""HOLD"", ""support"": ""NORMAL"", ""n_neg"": 1, ""data_unreliable"": false}, {""minute"": ""15:17"", ""mid"": 450.025, ""bid"": 449.6, ""risk"": ""LOW"", ""action"": ""HOLD"", ""support"": ""STRONG"", ""n_neg"": 0, ""data_unreliable"": false}, {""minute"": ""15:18"", ""mid"": 447.04999999999995, ""bid"": 446.4, ""risk"": ""ELEVATED"", ""action"": ""CAUTION"", ""support"": ""WEAK"", ""n_neg"": 2, ""data_unreliable"": false}, {""minute"": ""15:19"", ""mid"": 454.075, ""bid"": 453.7, ""risk"": ""ELEVATED"", ""action"": ""CAUTION"", ""support"": ""NORMAL"", ""n_neg"": 1, ""data_unreliable"": false}, {""minute"": ""15:20"", ""mid"": 450.525, ""bid"": 449.9, ""risk"": ""ELEVATED"", ""action"": ""CAUTION"", ""support"": ""WEAK"", ""n_neg"": 2, ""data_unreliable"": false}, {""minute"": ""15:21"", ""mid"": 450.725, ""bid"": 450.25, ""risk"": ""HIGH"", ""action"": ""PREPARE_EXIT"", ""support"": ""CONTRADICTED"", ""n_neg"": 3, ""data_unreliable"": false}, {""minute"": ""15:22"", ""mid"": 444.475, ""bid"": 443.8, ""risk"": ""HIGH"", ""action"": ""PREPARE_EXIT"", ""support"": ""CONTRADICTED"", ""n_neg"": 6, ""data_unreliable"": false}, {""minute"": ""15:23"", ""mid"": 449.45, ""bid"": 449.0, ""risk"": ""ELEVATED"", ""action"": ""CAUTION"", ""support"": ""WEAK"", ""n_neg"": 3, ""data_unreliable"": false}, {""minute"": ""15:24"", ""mid"": 437.04999999999995, ""bid"": 436.4, ""risk"": ""EXTREME"", ""action"": ""BREAK_EXIT"", ""support"": ""CONTRADICTED"", ""n_neg"": 6, ""data_unreliable"": false}, {""minute"": ""15:25"", ""mid"": 448.125, ""bid"": 447.6, ""risk"": ""ELEVATED"", ""action"": ""CAUTION"", ""support"": ""WEAK"", ""n_neg"": 3, ""data_unreliable"": false}, {""minute"": ""15:26"", ""mid"": 448.525, ""bid"": 448.05, ""risk"": ""NORMAL"", ""action"": ""HOLD"", ""support"": ""NORMAL"", ""n_neg"": 1, ""data_unreliable"": false}, {""minute"": ""15:27"", ""mid"": 450.325, ""bid"": 450.0, ""risk"": ""LOW"", ""action"": ""HOLD"", ""support"": ""STRONG"", ""n_neg"": 0, ""data_unreliable"": false}, {""minute"": ""15:28"", ""mid"": 459.825, ""bid"": 459.2, ""risk"": ""NORMAL"", ""action"": ""HOLD"", ""support"": ""NORMAL"", ""n_neg"": 1, ""data_unreliable"": false}, {""minute"": ""15:29"", ""mid"": 461.175, ""bid"": 460.35, ""risk"": ""NORMAL"", ""action"": ""HOLD"", ""support"": ""NORMAL"", ""n_neg"": 1, ""data_unreliable"": false}]"
NIFTY,2026-08-03,11D_SHAPED_1500_1519,CE,24600.0,15:00,15:19,48.575,48.65,"[{""minute"": ""15:00"", ""mid"": 48.575, ""bid"": 48.5, ""risk"": ""EXTREME"", ""action"": ""BREAK_EXIT"", ""support"": ""CONTRADICTED"", ""n_neg"": 6, ""data_unreliable"": false}, {""minute"": ""15:01"", ""mid"": 48.650000000000006, ""bid"": 48.6, ""risk"": ""EXTREME"", ""action"": ""BREAK_EXIT"", ""support"": ""CONTRADICTED"", ""n_neg"": 4, ""data_unreliable"": false}, {""minute"": ""15:02"", ""mid"": 48.875, ""bid"": 48.85, ""risk"": ""HIGH"", ""action"": ""PREPARE_EXIT"", ""support"": ""CONTRADICTED"", ""n_neg"": 4, ""data_unreliable"": false}, {""minute"": ""15:03"", ""mid"": 48.325, ""bid"": 48.25, ""risk"": ""HIGH"", ""action"": ""PREPARE_EXIT"", ""support"": ""CONTRADICTED"", ""n_neg"": 4, ""data_unreliable"": false}, {""minute"": ""15:04"", ""mid"": 47.775, ""bid"": 47.75, ""risk"": ""HIGH"", ""action"": ""PREPARE_EXIT"", ""support"": ""CONTRADICTED"", ""n_neg"": 4, ""data_unreliable"": false}, {""minute"": ""15:05"", ""mid"": 44.724999999999994, ""bid"": 44.65, ""risk"": ""EXTREME"", ""action"": ""BREAK_EXIT"", ""support"": ""CONTRADICTED"", ""n_neg"": 7, ""data_unreliable"": false}, {""minute"": ""15:06"", ""mid"": 42.575, ""bid"": 42.55, ""risk"": ""EXTREME"", ""action"": ""BREAK_EXIT"", ""support"": ""CONTRADICTED"", ""n_neg"": 6, ""data_unreliable"": false}, {""minute"": ""15:07"", ""mid"": 43.7, ""bid"": 43.65, ""risk"": ""EXTREME"", ""action"": ""BREAK_EXIT"", ""support"": ""CONTRADICTED"", ""n_neg"": 5, ""data_unreliable"": false}, {""minute"": ""15:08"", ""mid"": 41.650000000000006, ""bid"": 41.6, ""risk"": ""HIGH"", ""action"": ""PREPARE_EXIT"", ""support"": ""CONTRADICTED"", ""n_neg"": 5, ""data_unreliable"": false}, {""minute"": ""15:09"", ""mid"": 42.275000000000006, ""bid"": 42.2, ""risk"": ""EXTREME"", ""action"": ""BREAK_EXIT"", ""support"": ""CONTRADICTED"", ""n_neg"": 4, ""data_unreliable"": false}, {""minute"": ""15:10"", ""mid"": 44.375, ""bid"": 44.3, ""risk"": ""LOW"", ""action"": ""HOLD"", ""support"": ""STRONG"", ""n_neg"": 0, ""data_unreliable"": false}, {""minute"": ""15:11"", ""mid"": 43.525000000000006, ""bid"": 43.45, ""risk"": ""ELEVATED"", ""action"": ""CAUTION"", ""support"": ""NORMAL"", ""n_neg"": 2, ""data_unreliable"": false}, {""minute"": ""15:12"", ""mid"": 46.05, ""bid"": 46.0, ""risk"": ""LOW"", ""action"": ""HOLD"", ""support"": ""STRONG"", ""n_neg"": 0, ""data_unreliable"": false}, {""minute"": ""15:13"", ""mid"": 46.175, ""bid"": 46.1, ""risk"": ""LOW"", ""action"": ""HOLD"", ""support"": ""STRONG"", ""n_neg"": 0, ""data_unreliable"": false}, {""minute"": ""15:14"", ""mid"": 45.7, ""bid"": 45.65, ""risk"": ""EXTREME"", ""action"": ""BREAK_EXIT"", ""support"": ""CONTRADICTED"", ""n_neg"": 5, ""data_unreliable"": false}, {""minute"": ""15:15"", ""mid"": 45.175, ""bid"": 45.1, ""risk"": ""EXTREME"", ""action"": ""BREAK_EXIT"", ""support"": ""CONTRADICTED"", ""n_neg"": 5, ""data_unreliable"": false}, {""minute"": ""15:16"", ""mid"": 43.8, ""bid"": 43.75, ""risk"": ""EXTREME"", ""action"": ""BREAK_EXIT"", ""support"": ""CONTRADICTED"", ""n_neg"": 8, ""data_unreliable"": false}, {""minute"": ""15:17"", ""mid"": 45.425, ""bid"": 45.35, ""risk"": ""NORMAL"", ""action"": ""HOLD"", ""support"": ""NORMAL"", ""n_neg"": 1, ""data_unreliable"": false}, {""minute"": ""15:18"", ""mid"": 43.474999999999994, ""bid"": 43.4, ""risk"": ""HIGH"", ""action"": ""PREPARE_EXIT"", ""support"": ""CONTRADICTED"", ""n_neg"": 4, ""data_unreliable"": false}, {""minute"": ""15:19"", ""mid"": 42.8, ""bid"": 42.75, ""risk"": ""EXTREME"", ""action"": ""BREAK_EXIT"", ""support"": ""CONTRADICTED"", ""n_neg"": 5, ""data_unreliable"": false}]"
NIFTY,2026-08-03,11D_SHAPED_1500_1519,PE,24600.0,15:00,15:19,68.95,69.0,"[{""minute"": ""15:00"", ""mid"": 68.95, ""bid"": 68.9, ""risk"": ""ELEVATED"", ""action"": ""CAUTION"", ""support"": ""NORMAL"", ""n_neg"": 2, ""data_unreliable"": false}, {""minute"": ""15:01"", ""mid"": 69.725, ""bid"": 69.65, ""risk"": ""NORMAL"", ""action"": ""HOLD"", ""support"": ""NORMAL"", ""n_neg"": 0, ""data_unreliable"": false}, {""minute"": ""15:02"", ""mid"": 70.25, ""bid"": 70.15, ""risk"": ""NORMAL"", ""action"": ""HOLD"", ""support"": ""NORMAL"", ""n_neg"": 1, ""data_unreliable"": false}, {""minute"": ""15:03"", ""mid"": 70.925, ""bid"": 70.85, ""risk"": ""LOW"", ""action"": ""HOLD"", ""support"": ""STRONG"", ""n_neg"": 0, ""data_unreliable"": false}, {""minute"": ""15:04"", ""mid"": 71.625, ""bid"": 71.55, ""risk"": ""LOW"", ""action"": ""HOLD"", ""support"": ""STRONG"", ""n_neg"": 0, ""data_unreliable"": false}, {""minute"": ""15:05"", ""mid"": 74.125, ""bid"": 74.0, ""risk"": ""NORMAL"", ""action"": ""HOLD"", ""support"": ""NORMAL"", ""n_neg"": 1, ""data_unreliable"": false}, {""minute"": ""15:06"", ""mid"": 76.825, ""bid"": 76.75, ""risk"": ""LOW"", ""action"": ""HOLD"", ""support"": ""STRONG"", ""n_neg"": 0, ""data_unreliable"": false}, {""minute"": ""15:07"", ""mid"": 75.325, ""bid"": 75.2, ""risk"": ""ELEVATED"", ""action"": ""CAUTION"", ""support"": ""NORMAL"", ""n_neg"": 2, ""data_unreliable"": false}, {""minute"": ""15:08"", ""mid"": 77.775, ""bid"": 77.65, ""risk"": ""NORMAL"", ""action"": ""HOLD"", ""support"": ""NORMAL"", ""n_neg"": 1, ""data_unreliable"": false}, {""minute"": ""15:09"", ""mid"": 75.9, ""bid"": 75.8, ""risk"": ""HIGH"", ""action"": ""PREPARE_EXIT"", ""support"": ""CONTRADICTED"", ""n_neg"": 3, ""data_unreliable"": false}, {""minute"": ""15:10"", ""mid"": 75.85, ""bid"": 75.75, ""risk"": ""EXTREME"", ""action"": ""BREAK_EXIT"", ""support"": ""CONTRADICTED"", ""n_neg"": 6, ""data_unreliable"": false}, {""minute"": ""15:11"", ""mid"": 76.875, ""bid"": 76.8, ""risk"": ""ELEVATED"", ""action"": ""CAUTION"", ""support"": ""WEAK"", ""n_neg"": 3, ""data_unreliable"": false}, {""minute"": ""15:12"", ""mid"": 73.325, ""bid"": 73.2, ""risk"": ""EXTREME"", ""action"": ""BREAK_EXIT"", ""support"": ""CONTRADICTED"", ""n_neg"": 7, ""data_unreliable"": false}, {""minute"": ""15:13"", ""mid"": 74.075, ""bid"": 74.0, ""risk"": ""EXTREME"", ""action"": ""BREAK_EXIT"", ""support"": ""CONTRADICTED"", ""n_neg"": 5, ""data_unreliable"": false}, {""minute"": ""15:14"", ""mid"": 74.9, ""bid"": 74.8, ""risk"": ""ELEVATED"", ""action"": ""CAUTION"", ""support"": ""NORMAL"", ""n_neg"": 2, ""data_unreliable"": false}, {""minute"": ""15:15"", ""mid"": 74.55000000000001, ""bid"": 74.45, ""risk"": ""ELEVATED"", ""action"": ""CAUTION"", ""support"": ""NORMAL"", ""n_neg"": 2, ""data_unreliable"": false}, {""minute"": ""15:16"", ""mid"": 76.075, ""bid"": 76.0, ""risk"": ""NORMAL"", ""action"": ""HOLD"", ""support"": ""STRONG"", ""n_neg"": 0, ""data_unreliable"": false}, {""minute"": ""15:17"", ""mid"": 70.75, ""bid"": 70.65, ""risk"": ""EXTREME"", ""action"": ""BREAK_EXIT"", ""support"": ""CONTRADICTED"", ""n_neg"": 8, ""data_unreliable"": false}, {""minute"": ""15:18"", ""mid"": 73.525, ""bid"": 73.4, ""risk"": ""EXTREME"", ""action"": ""BREAK_EXIT"", ""support"": ""CONTRADICTED"", ""n_neg"": 6, ""data_unreliable"": false}, {""minute"": ""15:19"", ""mid"": 74.80000000000001, ""bid"": 74.7, ""risk"": ""ELEVATED"", ""action"": ""CAUTION"", ""support"": ""NORMAL"", ""n_neg"": 2, ""data_unreliable"": false}]"
NIFTY,2026-08-03,CLOSING_1515_1529,CE,24550.0,15:15,15:29,70.9,71.0,"[{""minute"": ""15:15"", ""mid"": 70.9, ""bid"": 70.8, ""risk"": ""EXTREME"", ""action"": ""BREAK_EXIT"", ""support"": ""CONTRADICTED"", ""n_neg"": 5, ""data_unreliable"": false}, {""minute"": ""15:16"", ""mid"": 69.30000000000001, ""bid"": 69.2, ""risk"": ""EXTREME"", ""action"": ""BREAK_EXIT"", ""support"": ""CONTRADICTED"", ""n_neg"": 7, ""data_unreliable"": false}, {""minute"": ""15:17"", ""mid"": 71.5, ""bid"": 71.4, ""risk"": ""NORMAL"", ""action"": ""HOLD"", ""support"": ""NORMAL"", ""n_neg"": 0, ""data_unreliable"": false}, {""minute"": ""15:18"", ""mid"": 69.025, ""bid"": 69.0, ""risk"": ""HIGH"", ""action"": ""PREPARE_EXIT"", ""support"": ""CONTRADICTED"", ""n_neg"": 5, ""data_unreliable"": false}, {""minute"": ""15:19"", ""mid"": 68.25, ""bid"": 68.15, ""risk"": ""EXTREME"", ""action"": ""BREAK_EXIT"", ""support"": ""CONTRADICTED"", ""n_neg"": 5, ""data_unreliable"": false}, {""minute"": ""15:20"", ""mid"": 70.85, ""bid"": 70.75, ""risk"": ""NORMAL"", ""action"": ""HOLD"", ""support"": ""NORMAL"", ""n_neg"": 1, ""data_unreliable"": false}, {""minute"": ""15:21"", ""mid"": 70.6, ""bid"": 70.55, ""risk"": ""ELEVATED"", ""action"": ""CAUTION"", ""support"": ""NORMAL"", ""n_neg"": 1, ""data_unreliable"": false}, {""minute"": ""15:22"", ""mid"": 69.6, ""bid"": 69.55, ""risk"": ""HIGH"", ""action"": ""PREPARE_EXIT"", ""support"": ""CONTRADICTED"", ""n_neg"": 5, ""data_unreliable"": false}, {""minute"": ""15:23"", ""mid"": 69.525, ""bid"": 69.4, ""risk"": ""HIGH"", ""action"": ""PREPARE_EXIT"", ""support"": ""CONTRADICTED"", ""n_neg"": 5, ""data_unreliable"": false}, {""minute"": ""15:24"", ""mid"": 69.525, ""bid"": 69.45, ""risk"": ""HIGH"", ""action"": ""PREPARE_EXIT"", ""support"": ""CONTRADICTED"", ""n_neg"": 3, ""data_unreliable"": false}, {""minute"": ""15:25"", ""mid"": 65.69999999999999, ""bid"": 65.6, ""risk"": ""EXTREME"", ""action"": ""BREAK_EXIT"", ""support"": ""CONTRADICTED"", ""n_neg"": 7, ""data_unreliable"": false}, {""minute"": ""15:26"", ""mid"": 61.675, ""bid"": 61.55, ""risk"": ""EXTREME"", ""action"": ""BREAK_EXIT"", ""support"": ""CONTRADICTED"", ""n_neg"": 7, ""data_unreliable"": false}, {""minute"": ""15:27"", ""mid"": 64.675, ""bid"": 64.6, ""risk"": ""HIGH"", ""action"": ""PREPARE_EXIT"", ""support"": ""CONTRADICTED"", ""n_neg"": 4, ""data_unreliable"": false}, {""minute"": ""15:28"", ""mid"": 65.1, ""bid"": 65.0, ""risk"": ""NORMAL"", ""action"": ""HOLD"", ""support"": ""NORMAL"", ""n_neg"": 1, ""data_unreliable"": false}, {""minute"": ""15:29"", ""mid"": 66.15, ""bid"": 66.05, ""risk"": ""NORMAL"", ""action"": ""HOLD"", ""support"": ""STRONG"", ""n_neg"": 0, ""data_unreliable"": false}]"
NIFTY,2026-08-03,CLOSING_1515_1529,PE,24550.0,15:15,15:29,50.4,50.5,"[{""minute"": ""15:15"", ""mid"": 50.4, ""bid"": 50.3, ""risk"": ""ELEVATED"", ""action"": ""CAUTION"", ""support"": ""NORMAL"", ""n_neg"": 1, ""data_unreliable"": false}, {""minute"": ""15:16"", ""mid"": 51.625, ""bid"": 51.55, ""risk"": ""NORMAL"", ""action"": ""HOLD"", ""support"": ""STRONG"", ""n_neg"": 0, ""data_unreliable"": false}, {""minute"": ""15:17"", ""mid"": 47.075, ""bid"": 47.0, ""risk"": ""EXTREME"", ""action"": ""BREAK_EXIT"", ""support"": ""CONTRADICTED"", ""n_neg"": 7, ""data_unreliable"": false}, {""minute"": ""15:18"", ""mid"": 49.325, ""bid"": 49.25, ""risk"": ""EXTREME"", ""action"": ""BREAK_EXIT"", ""support"": ""CONTRADICTED"", ""n_neg"": 6, ""data_unreliable"": false}, {""minute"": ""15:19"", ""mid"": 50.150000000000006, ""bid"": 50.1, ""risk"": ""NORMAL"", ""action"": ""HOLD"", ""support"": ""NORMAL"", ""n_neg"": 1, ""data_unreliable"": false}, {""minute"": ""15:20"", ""mid"": 44.15, ""bid"": 44.05, ""risk"": ""EXTREME"", ""action"": ""BREAK_EXIT"", ""support"": ""CONTRADICTED"", ""n_neg"": 7, ""data_unreliable"": false}, {""minute"": ""15:21"", ""mid"": 47.625, ""bid"": 47.55, ""risk"": ""EXTREME"", ""action"": ""BREAK_EXIT"", ""support"": ""CONTRADICTED"", ""n_neg"": 5, ""data_unreliable"": false}, {""minute"": ""15:22"", ""mid"": 45.525000000000006, ""bid"": 45.45, ""risk"": ""ELEVATED"", ""action"": ""CAUTION"", ""support"": ""NORMAL"", ""n_neg"": 2, ""data_unreliable"": false}, {""minute"": ""15:23"", ""mid"": 47.025000000000006, ""bid"": 46.95, ""risk"": ""HIGH"", ""action"": ""PREPARE_EXIT"", ""support"": ""CONTRADICTED"", ""n_neg"": 3, ""data_unreliable"": false}, {""minute"": ""15:24"", ""mid"": 45.974999999999994, ""bid"": 45.9, ""risk"": ""ELEVATED"", ""action"": ""CAUTION"", ""support"": ""WEAK"", ""n_neg"": 2, ""data_unreliable"": false}, {""minute"": ""15:25"", ""mid"": 48.25, ""bid"": 48.2, ""risk"": ""NORMAL"", ""action"": ""HOLD"", ""support"": ""STRONG"", ""n_neg"": 0, ""data_unreliable"": false}, {""minute"": ""15:26"", ""mid"": 50.375, ""bid"": 50.35, ""risk"": ""NORMAL"", ""action"": ""HOLD"", ""support"": ""STRONG"", ""n_neg"": 0, ""data_unreliable"": false}, {""minute"": ""15:27"", ""mid"": 47.75, ""bid"": 47.65, ""risk"": ""ELEVATED"", ""action"": ""CAUTION"", ""support"": ""NORMAL"", ""n_neg"": 3, ""data_unreliable"": false}, {""minute"": ""15:28"", ""mid"": 46.45, ""bid"": 46.35, ""risk"": ""EXTREME"", ""action"": ""BREAK_EXIT"", ""support"": ""CONTRADICTED"", ""n_neg"": 6, ""data_unreliable"": false}, {""minute"": ""15:29"", ""mid"": 43.0, ""bid"": 42.9, ""risk"": ""EXTREME"", ""action"": ""BREAK_EXIT"", ""support"": ""CONTRADICTED"", ""n_neg"": 6, ""data_unreliable"": false}]"
SENSEX,2026-08-03,11D_SHAPED_1500_1519,CE,78800.0,15:00,15:19,320.54999999999995,320.9,"[{""minute"": ""15:00"", ""mid"": 320.54999999999995, ""bid"": 320.2, ""risk"": ""HIGH"", ""action"": ""PREPARE_EXIT"", ""support"": ""CONTRADICTED"", ""n_neg"": 4, ""data_unreliable"": false}, {""minute"": ""15:01"", ""mid"": 320.7, ""bid"": 320.45, ""risk"": ""HIGH"", ""action"": ""PREPARE_EXIT"", ""support"": ""CONTRADICTED"", ""n_neg"": 3, ""data_unreliable"": false}, {""minute"": ""15:02"", ""mid"": 322.175, ""bid"": 321.75, ""risk"": ""NORMAL"", ""action"": ""HOLD"", ""support"": ""NORMAL"", ""n_neg"": 0, ""data_unreliable"": false}, {""minute"": ""15:03"", ""mid"": 319.4, ""bid"": 319.25, ""risk"": ""ELEVATED"", ""action"": ""CAUTION"", ""support"": ""WEAK"", ""n_neg"": 3, ""data_unreliable"": false}, {""minute"": ""15:04"", ""mid"": 316.475, ""bid"": 316.35, ""risk"": ""HIGH"", ""action"": ""PREPARE_EXIT"", ""support"": ""CONTRADICTED"", ""n_neg"": 4, ""data_unreliable"": false}, {""minute"": ""15:05"", ""mid"": 300.375, ""bid"": 300.05, ""risk"": ""EXTREME"", ""action"": ""BREAK_EXIT"", ""support"": ""CONTRADICTED"", ""n_neg"": 8, ""data_unreliable"": false}, {""minute"": ""15:06"", ""mid"": 292.725, ""bid"": 292.25, ""risk"": ""EXTREME"", ""action"": ""BREAK_EXIT"", ""support"": ""CONTRADICTED"", ""n_neg"": 7, ""data_unreliable"": false}, {""minute"": ""15:07"", ""mid"": 297.375, ""bid"": 297.0, ""risk"": ""ELEVATED"", ""action"": ""CAUTION"", ""support"": ""WEAK"", ""n_neg"": 3, ""data_unreliable"": false}, {""minute"": ""15:08"", ""mid"": 286.475, ""bid"": 286.05, ""risk"": ""EXTREME"", ""action"": ""BREAK_EXIT"", ""support"": ""CONTRADICTED"", ""n_neg"": 5, ""data_unreliable"": false}, {""minute"": ""15:09"", ""mid"": 278.475, ""bid"": 278.0, ""risk"": ""EXTREME"", ""action"": ""BREAK_EXIT"", ""support"": ""CONTRADICTED"", ""n_neg"": 7, ""data_unreliable"": false}, {""minute"": ""15:10"", ""mid"": 287.5, ""bid"": 287.25, ""risk"": ""NORMAL"", ""action"": ""HOLD"", ""support"": ""NORMAL"", ""n_neg"": 1, ""data_unreliable"": false}, {""minute"": ""15:11"", ""mid"": 285.25, ""bid"": 285.05, ""risk"": ""ELEVATED"", ""action"": ""CAUTION"", ""support"": ""NORMAL"", ""n_neg"": 1, ""data_unreliable"": false}, {""minute"": ""15:12"", ""mid"": 295.625, ""bid"": 295.25, ""risk"": ""LOW"", ""action"": ""HOLD"", ""support"": ""STRONG"", ""n_neg"": 0, ""data_unreliable"": false}, {""minute"": ""15:13"", ""mid"": 295.85, ""bid"": 295.45, ""risk"": ""LOW"", ""action"": ""HOLD"", ""support"": ""STRONG"", ""n_neg"": 0, ""data_unreliable"": false}, {""minute"": ""15:14"", ""mid"": 297.2, ""bid"": 297.0, ""risk"": ""ELEVATED"", ""action"": ""CAUTION"", ""support"": ""NORMAL"", ""n_neg"": 1, ""data_unreliable"": false}, {""minute"": ""15:15"", ""mid"": 293.725, ""bid"": 293.5, ""risk"": ""EXTREME"", ""action"": ""BREAK_EXIT"", ""support"": ""CONTRADICTED"", ""n_neg"": 5, ""data_unreliable"": false}, {""minute"": ""15:16"", ""mid"": 289.575, ""bid"": 289.15, ""risk"": ""HIGH"", ""action"": ""PREPARE_EXIT"", ""support"": ""CONTRADICTED"", ""n_neg"": 4, ""data_unreliable"": false}, {""minute"": ""15:17"", ""mid"": 293.025, ""bid"": 292.8, ""risk"": ""ELEVATED"", ""action"": ""CAUTION"", ""support"": ""NORMAL"", ""n_neg"": 2, ""data_unreliable"": false}, {""minute"": ""15:18"", ""mid"": 294.775, ""bid"": 294.7, ""risk"": ""NORMAL"", ""action"": ""HOLD"", ""support"": ""STRONG"", ""n_neg"": 0, ""data_unreliable"": false}, {""minute"": ""15:19"", ""mid"": 292.45000000000005, ""bid"": 292.05, ""risk"": ""EXTREME"", ""action"": ""BREAK_EXIT"", ""support"": ""CONTRADICTED"", ""n_neg"": 4, ""data_unreliable"": false}]"
SENSEX,2026-08-03,11D_SHAPED_1500_1519,PE,78800.0,15:00,15:19,362.625,363.0,"[{""minute"": ""15:00"", ""mid"": 362.625, ""bid"": 362.25, ""risk"": ""NORMAL"", ""action"": ""HOLD"", ""support"": ""NORMAL"", ""n_neg"": 0, ""data_unreliable"": false}, {""minute"": ""15:01"", ""mid"": 363.775, ""bid"": 363.55, ""risk"": ""NORMAL"", ""action"": ""HOLD"", ""support"": ""NORMAL"", ""n_neg"": 0, ""data_unreliable"": false}, {""minute"": ""15:02"", ""mid"": 365.0, ""bid"": 364.6, ""risk"": ""NORMAL"", ""action"": ""HOLD"", ""support"": ""NORMAL"", ""n_neg"": 0, ""data_unreliable"": false}, {""minute"": ""15:03"", ""mid"": 368.3, ""bid"": 367.8, ""risk"": ""LOW"", ""action"": ""HOLD"", ""support"": ""STRONG"", ""n_neg"": 0, ""data_unreliable"": false}, {""minute"": ""15:04"", ""mid"": 368.975, ""bid"": 368.5, ""risk"": ""LOW"", ""action"": ""HOLD"", ""support"": ""STRONG"", ""n_neg"": 0, ""data_unreliable"": false}, {""minute"": ""15:05"", ""mid"": 379.625, ""bid"": 379.25, ""risk"": ""LOW"", ""action"": ""HOLD"", ""support"": ""STRONG"", ""n_neg"": 0, ""data_unreliable"": false}, {""minute"": ""15:06"", ""mid"": 390.125, ""bid"": 389.75, ""risk"": ""LOW"", ""action"": ""HOLD"", ""support"": ""STRONG"", ""n_neg"": 0, ""data_unreliable"": false}, {""minute"": ""15:07"", ""mid"": 386.3, ""bid"": 385.8, ""risk"": ""ELEVATED"", ""action"": ""CAUTION"", ""support"": ""NORMAL"", ""n_neg"": 1, ""data_unreliable"": false}, {""minute"": ""15:08"", ""mid"": 393.95000000000005, ""bid"": 393.55, ""risk"": ""LOW"", ""action"": ""HOLD"", ""support"": ""STRONG"", ""n_neg"": 0, ""data_unreliable"": false}, {""minute"": ""15:09"", ""mid"": 398.575, ""bid"": 398.0, ""risk"": ""LOW"", ""action"": ""HOLD"", ""support"": ""STRONG"", ""n_neg"": 0, ""data_unreliable"": false}, {""minute"": ""15:10"", ""mid"": 397.17499999999995, ""bid"": 396.7, ""risk"": ""ELEVATED"", ""action"": ""CAUTION"", ""support"": ""NORMAL"", ""n_neg"": 1, ""data_unreliable"": false}, {""minute"": ""15:11"", ""mid"": 396.17499999999995, ""bid"": 395.65, ""risk"": ""ELEVATED"", ""action"": ""CAUTION"", ""support"": ""WEAK"", ""n_neg"": 3, ""data_unreliable"": false}, {""minute"": ""15:12"", ""mid"": 383.125, ""bid"": 382.65, ""risk"": ""EXTREME"", ""action"": ""BREAK_EXIT"", ""support"": ""CONTRADICTED"", ""n_neg"": 8, ""data_unreliable"": false}, {""minute"": ""15:13"", ""mid"": 386.775, ""bid"": 386.4, ""risk"": ""EXTREME"", ""action"": ""BREAK_EXIT"", ""support"": ""CONTRADICTED"", ""n_neg"": 5, ""data_unreliable"": false}, {""minute"": ""15:14"", ""mid"": 387.35, ""bid"": 386.8, ""risk"": ""NORMAL"", ""action"": ""HOLD"", ""support"": ""NORMAL"", ""n_neg"": 1, ""data_unreliable"": false}, {""minute"": ""15:15"", ""mid"": 393.525, ""bid"": 393.05, ""risk"": ""LOW"", ""action"": ""HOLD"", ""support"": ""STRONG"", ""n_neg"": 0, ""data_unreliable"": false}, {""minute"": ""15:16"", ""mid"": 394.0, ""bid"": 393.8, ""risk"": ""NORMAL"", ""action"": ""HOLD"", ""support"": ""STRONG"", ""n_neg"": 0, ""data_unreliable"": false}, {""minute"": ""15:17"", ""mid"": 384.375, ""bid"": 383.85, ""risk"": ""EXTREME"", ""action"": ""BREAK_EXIT"", ""support"": ""CONTRADICTED"", ""n_neg"": 6, ""data_unreliable"": false}, {""minute"": ""15:18"", ""mid"": 384.75, ""bid"": 384.1, ""risk"": ""EXTREME"", ""action"": ""BREAK_EXIT"", ""support"": ""CONTRADICTED"", ""n_neg"": 7, ""data_unreliable"": false}, {""minute"": ""15:19"", ""mid"": 388.15, ""bid"": 388.0, ""risk"": ""NORMAL"", ""action"": ""HOLD"", ""support"": ""NORMAL"", ""n_neg"": 1, ""data_unreliable"": false}]"
SENSEX,2026-08-03,CLOSING_1515_1529,CE,78700.0,15:15,15:29,343.125,343.55,"[{""minute"": ""15:15"", ""mid"": 343.125, ""bid"": 342.7, ""risk"": ""HIGH"", ""action"": ""PREPARE_EXIT"", ""support"": ""CONTRADICTED"", ""n_neg"": 4, ""data_unreliable"": false}, {""minute"": ""15:16"", ""mid"": 338.6, ""bid"": 338.25, ""risk"": ""EXTREME"", ""action"": ""BREAK_EXIT"", ""support"": ""CONTRADICTED"", ""n_neg"": 6, ""data_unreliable"": false}, {""minute"": ""15:17"", ""mid"": 342.79999999999995, ""bid"": 342.65, ""risk"": ""ELEVATED"", ""action"": ""CAUTION"", ""support"": ""WEAK"", ""n_neg"": 3, ""data_unreliable"": false}, {""minute"": ""15:18"", ""mid"": 343.82500000000005, ""bid"": 343.6, ""risk"": ""NORMAL"", ""action"": ""HOLD"", ""support"": ""STRONG"", ""n_neg"": 0, ""data_unreliable"": false}, {""minute"": ""15:19"", ""mid"": 341.05, ""bid"": 340.75, ""risk"": ""ELEVATED"", ""action"": ""CAUTION"", ""support"": ""WEAK"", ""n_neg"": 3, ""data_unreliable"": false}, {""minute"": ""15:20"", ""mid"": 340.65, ""bid"": 340.3, ""risk"": ""ELEVATED"", ""action"": ""CAUTION"", ""support"": ""WEAK"", ""n_neg"": 3, ""data_unreliable"": false}, {""minute"": ""15:21"", ""mid"": 340.15, ""bid"": 339.7, ""risk"": ""ELEVATED"", ""action"": ""CAUTION"", ""support"": ""WEAK"", ""n_neg"": 3, ""data_unreliable"": false}, {""minute"": ""15:22"", ""mid"": 332.67499999999995, ""bid"": 332.45, ""risk"": ""EXTREME"", ""action"": ""BREAK_EXIT"", ""support"": ""CONTRADICTED"", ""n_neg"": 5, ""data_unreliable"": false}, {""minute"": ""15:23"", ""mid"": 331.92499999999995, ""bid"": 331.45, ""risk"": ""HIGH"", ""action"": ""PREPARE_EXIT"", ""support"": ""CONTRADICTED"", ""n_neg"": 3, ""data_unreliable"": false}, {""minute"": ""15:24"", ""mid"": 332.525, ""bid"": 332.05, ""risk"": ""NORMAL"", ""action"": ""HOLD"", ""support"": ""NORMAL"", ""n_neg"": 1, ""data_unreliable"": false}, {""minute"": ""15:25"", ""mid"": 325.6, ""bid"": 325.05, ""risk"": ""EXTREME"", ""action"": ""BREAK_EXIT"", ""support"": ""CONTRADICTED"", ""n_neg"": 6, ""data_unreliable"": false}, {""minute"": ""15:26"", ""mid"": 320.775, ""bid"": 320.45, ""risk"": ""EXTREME"", ""action"": ""BREAK_EXIT"", ""support"": ""CONTRADICTED"", ""n_neg"": 6, ""data_unreliable"": false}, {""minute"": ""15:27"", ""mid"": 329.675, ""bid"": 329.35, ""risk"": ""NORMAL"", ""action"": ""HOLD"", ""support"": ""NORMAL"", ""n_neg"": 1, ""data_unreliable"": false}, {""minute"": ""15:28"", ""mid"": 329.275, ""bid"": 328.75, ""risk"": ""ELEVATED"", ""action"": ""CAUTION"", ""support"": ""NORMAL"", ""n_neg"": 1, ""data_unreliable"": false}, {""minute"": ""15:29"", ""mid"": 324.475, ""bid"": 323.95, ""risk"": ""ELEVATED"", ""action"": ""CAUTION"", ""support"": ""NORMAL"", ""n_neg"": 3, ""data_unreliable"": false}]"
SENSEX,2026-08-03,CLOSING_1515_1529,PE,78700.0,15:15,15:29,343.625,343.8,"[{""minute"": ""15:15"", ""mid"": 343.625, ""bid"": 343.45, ""risk"": ""LOW"", ""action"": ""HOLD"", ""support"": ""STRONG"", ""n_neg"": 0, ""data_unreliable"": false}, {""minute"": ""15:16"", ""mid"": 343.82500000000005, ""bid"": 343.3, ""risk"": ""NORMAL"", ""action"": ""HOLD"", ""support"": ""NORMAL"", ""n_neg"": 1, ""data_unreliable"": false}, {""minute"": ""15:17"", ""mid"": 334.625, ""bid"": 334.25, ""risk"": ""EXTREME"", ""action"": ""BREAK_EXIT"", ""support"": ""CONTRADICTED"", ""n_neg"": 6, ""data_unreliable"": false}, {""minute"": ""15:18"", ""mid"": 334.825, ""bid"": 334.4, ""risk"": ""EXTREME"", ""action"": ""BREAK_EXIT"", ""support"": ""CONTRADICTED"", ""n_neg"": 8, ""data_unreliable"": false}, {""minute"": ""15:19"", ""mid"": 338.25, ""bid"": 338.0, ""risk"": ""NORMAL"", ""action"": ""HOLD"", ""support"": ""NORMAL"", ""n_neg"": 1, ""data_unreliable"": false}, {""minute"": ""15:20"", ""mid"": 331.975, ""bid"": 331.45, ""risk"": ""HIGH"", ""action"": ""PREPARE_EXIT"", ""support"": ""CONTRADICTED"", ""n_neg"": 5, ""data_unreliable"": false}, {""minute"": ""15:21"", ""mid"": 337.67499999999995, ""bid"": 337.2, ""risk"": ""NORMAL"", ""action"": ""HOLD"", ""support"": ""NORMAL"", ""n_neg"": 2, ""data_unreliable"": false}, {""minute"": ""15:22"", ""mid"": 332.85, ""bid"": 332.4, ""risk"": ""HIGH"", ""action"": ""PREPARE_EXIT"", ""support"": ""CONTRADICTED"", ""n_neg"": 3, ""data_unreliable"": false}, {""minute"": ""15:23"", ""mid"": 332.6, ""bid"": 332.1, ""risk"": ""HIGH"", ""action"": ""PREPARE_EXIT"", ""support"": ""CONTRADICTED"", ""n_neg"": 3, ""data_unreliable"": false}, {""minute"": ""15:24"", ""mid"": 332.025, ""bid"": 331.65, ""risk"": ""ELEVATED"", ""action"": ""CAUTION"", ""support"": ""WEAK"", ""n_neg"": 3, ""data_unreliable"": false}, {""minute"": ""15:25"", ""mid"": 334.35, ""bid"": 333.8, ""risk"": ""NORMAL"", ""action"": ""HOLD"", ""support"": ""NORMAL"", ""n_neg"": 1, ""data_unreliable"": false}, {""minute"": ""15:26"", ""mid"": 337.025, ""bid"": 336.45, ""risk"": ""NORMAL"", ""action"": ""HOLD"", ""support"": ""NORMAL"", ""n_neg"": 1, ""data_unreliable"": false}, {""minute"": ""15:27"", ""mid"": 334.075, ""bid"": 333.7, ""risk"": ""HIGH"", ""action"": ""PREPARE_EXIT"", ""support"": ""CONTRADICTED"", ""n_neg"": 4, ""data_unreliable"": false}, {""minute"": ""15:28"", ""mid"": 331.3, ""bid"": 331.0, ""risk"": ""EXTREME"", ""action"": ""BREAK_EXIT"", ""support"": ""CONTRADICTED"", ""n_neg"": 6, ""data_unreliable"": false}, {""minute"": ""15:29"", ""mid"": 309.4, ""bid"": 308.9, ""risk"": ""EXTREME"", ""action"": ""BREAK_EXIT"", ""support"": ""CONTRADICTED"", ""n_neg"": 8, ""data_unreliable"": false}]"
NIFTY,2026-08-04,11D_SHAPED_1500_1519,CE,24500.0,15:00,15:19,36.075,36.15,"[{""minute"": ""15:00"", ""mid"": 36.075, ""bid"": 36.0, ""risk"": ""HIGH"", ""action"": ""PREPARE_EXIT"", ""support"": ""CONTRADICTED"", ""n_neg"": 5, ""data_unreliable"": false}, {""minute"": ""15:01"", ""mid"": 37.625, ""bid"": 37.55, ""risk"": ""EXTREME"", ""action"": ""BREAK_EXIT"", ""support"": ""CONTRADICTED"", ""n_neg"": 6, ""data_unreliable"": false}, {""minute"": ""15:02"", ""mid"": 37.875, ""bid"": 37.8, ""risk"": ""ELEVATED"", ""action"": ""CAUTION"", ""support"": ""WEAK"", ""n_neg"": 3, ""data_unreliable"": false}, {""minute"": ""15:03"", ""mid"": 35.95, ""bid"": 35.9, ""risk"": ""EXTREME"", ""action"": ""BREAK_EXIT"", ""support"": ""CONTRADICTED"", ""n_neg"": 6, ""data_unreliable"": false}, {""minute"": ""15:04"", ""mid"": 33.525, ""bid"": 33.5, ""risk"": ""EXTREME"", ""action"": ""BREAK_EXIT"", ""support"": ""CONTRADICTED"", ""n_neg"": 7, ""data_unreliable"": false}, {""minute"": ""15:05"", ""mid"": 33.95, ""bid"": 33.9, ""risk"": ""EXTREME"", ""action"": ""BREAK_EXIT"", ""support"": ""CONTRADICTED"", ""n_neg"": 6, ""data_unreliable"": false}, {""minute"": ""15:06"", ""mid"": 34.125, ""bid"": 34.1, ""risk"": ""ELEVATED"", ""action"": ""CAUTION"", ""support"": ""WEAK"", ""n_neg"": 2, ""data_unreliable"": false}, {""minute"": ""15:07"", ""mid"": 38.025000000000006, ""bid"": 37.95, ""risk"": ""LOW"", ""action"": ""HOLD"", ""support"": ""STRONG"", ""n_neg"": 0, ""data_unreliable"": false}, {""minute"": ""15:08"", ""mid"": 37.349999999999994, ""bid"": 37.3, ""risk"": ""ELEVATED"", ""action"": ""CAUTION"", ""support"": ""NORMAL"", ""n_neg"": 2, ""data_unreliable"": false}, {""minute"": ""15:09"", ""mid"": 38.724999999999994, ""bid"": 38.65, ""risk"": ""LOW"", ""action"": ""HOLD"", ""support"": ""STRONG"", ""n_neg"": 0, ""data_unreliable"": false}, {""minute"": ""15:10"", ""mid"": 39.55, ""bid"": 39.5, ""risk"": ""LOW"", ""action"": ""HOLD"", ""support"": ""STRONG"", ""n_neg"": 0, ""data_unreliable"": false}, {""minute"": ""15:11"", ""mid"": 41.175, ""bid"": 41.1, ""risk"": ""LOW"", ""action"": ""HOLD"", ""support"": ""STRONG"", ""n_neg"": 0, ""data_unreliable"": false}, {""minute"": ""15:12"", ""mid"": 40.45, ""bid"": 40.4, ""risk"": ""ELEVATED"", ""action"": ""CAUTION"", ""support"": ""NORMAL"", ""n_neg"": 1, ""data_unreliable"": false}, {""minute"": ""15:13"", ""mid"": 38.6, ""bid"": 38.5, ""risk"": ""EXTREME"", ""action"": ""BREAK_EXIT"", ""support"": ""CONTRADICTED"", ""n_neg"": 8, ""data_unreliable"": false}, {""minute"": ""15:14"", ""mid"": 41.650000000000006, ""bid"": 41.6, ""risk"": ""LOW"", ""action"": ""HOLD"", ""support"": ""STRONG"", ""n_neg"": 0, ""data_unreliable"": false}, {""minute"": ""15:15"", ""mid"": 51.0, ""bid"": 50.9, ""risk"": ""LOW"", ""action"": ""HOLD"", ""support"": ""STRONG"", ""n_neg"": 0, ""data_unreliable"": false}, {""minute"": ""15:16"", ""mid"": 44.075, ""bid"": 44.05, ""risk"": ""ELEVATED"", ""action"": ""CAUTION"", ""support"": ""NORMAL"", ""n_neg"": 1, ""data_unreliable"": false}, {""minute"": ""15:17"", ""mid"": 43.724999999999994, ""bid"": 43.65, ""risk"": ""EXTREME"", ""action"": ""BREAK_EXIT"", ""support"": ""CONTRADICTED"", ""n_neg"": 5, ""data_unreliable"": false}, {""minute"": ""15:18"", ""mid"": 39.35, ""bid"": 39.25, ""risk"": ""EXTREME"", ""action"": ""BREAK_EXIT"", ""support"": ""CONTRADICTED"", ""n_neg"": 7, ""data_unreliable"": false}, {""minute"": ""15:19"", ""mid"": 35.775000000000006, ""bid"": 35.7, ""risk"": ""EXTREME"", ""action"": ""BREAK_EXIT"", ""support"": ""CONTRADICTED"", ""n_neg"": 7, ""data_unreliable"": false}]"
NIFTY,2026-08-04,11D_SHAPED_1500_1519,PE,24500.0,15:00,15:19,51.8,51.9,"[{""minute"": ""15:00"", ""mid"": 51.8, ""bid"": 51.7, ""risk"": ""EXTREME"", ""action"": ""BREAK_EXIT"", ""support"": ""CONTRADICTED"", ""n_neg"": 6, ""data_unreliable"": false}, {""minute"": ""15:01"", ""mid"": 58.75, ""bid"": 58.7, ""risk"": ""HIGH"", ""action"": ""PREPARE_EXIT"", ""support"": ""CONTRADICTED"", ""n_neg"": 5, ""data_unreliable"": false}, {""minute"": ""15:02"", ""mid"": 62.675, ""bid"": 62.6, ""risk"": ""ELEVATED"", ""action"": ""CAUTION"", ""support"": ""NORMAL"", ""n_neg"": 1, ""data_unreliable"": false}, {""minute"": ""15:03"", ""mid"": 65.025, ""bid"": 64.95, ""risk"": ""LOW"", ""action"": ""HOLD"", ""support"": ""STRONG"", ""n_neg"": 0, ""data_unreliable"": false}, {""minute"": ""15:04"", ""mid"": 60.25, ""bid"": 60.15, ""risk"": ""HIGH"", ""action"": ""PREPARE_EXIT"", ""support"": ""NORMAL"", ""n_neg"": 5, ""data_unreliable"": false}, {""minute"": ""15:05"", ""mid"": 66.15, ""bid"": 66.05, ""risk"": ""LOW"", ""action"": ""HOLD"", ""support"": ""STRONG"", ""n_neg"": 0, ""data_unreliable"": false}, {""minute"": ""15:06"", ""mid"": 61.625, ""bid"": 61.55, ""risk"": ""HIGH"", ""action"": ""PREPARE_EXIT"", ""support"": ""CONTRADICTED"", ""n_neg"": 3, ""data_unreliable"": false}, {""minute"": ""15:07"", ""mid"": 60.525000000000006, ""bid"": 60.45, ""risk"": ""EXTREME"", ""action"": ""BREAK_EXIT"", ""support"": ""CONTRADICTED"", ""n_neg"": 6, ""data_unreliable"": false}, {""minute"": ""15:08"", ""mid"": 62.525000000000006, ""bid"": 62.45, ""risk"": ""ELEVATED"", ""action"": ""CAUTION"", ""support"": ""WEAK"", ""n_neg"": 3, ""data_unreliable"": false}, {""minute"": ""15:09"", ""mid"": 58.900000000000006, ""bid"": 58.85, ""risk"": ""EXTREME"", ""action"": ""BREAK_EXIT"", ""support"": ""CONTRADICTED"", ""n_neg"": 7, ""data_unreliable"": false}, {""minute"": ""15:10"", ""mid"": 58.95, ""bid"": 58.9, ""risk"": ""EXTREME"", ""action"": ""BREAK_EXIT"", ""support"": ""CONTRADICTED"", ""n_neg"": 7, ""data_unreliable"": false}, {""minute"": ""15:11"", ""mid"": 57.575, ""bid"": 57.5, ""risk"": ""EXTREME"", ""action"": ""BREAK_EXIT"", ""support"": ""CONTRADICTED"", ""n_neg"": 6, ""data_unreliable"": false}, {""minute"": ""15:12"", ""mid"": 58.975, ""bid"": 58.95, ""risk"": ""ELEVATED"", ""action"": ""CAUTION"", ""support"": ""WEAK"", ""n_neg"": 2, ""data_unreliable"": false}, {""minute"": ""15:13"", ""mid"": 58.45, ""bid"": 58.4, ""risk"": ""ELEVATED"", ""action"": ""CAUTION"", ""support"": ""NORMAL"", ""n_neg"": 2, ""data_unreliable"": false}, {""minute"": ""15:14"", ""mid"": 57.075, ""bid"": 57.0, ""risk"": ""EXTREME"", ""action"": ""BREAK_EXIT"", ""support"": ""CONTRADICTED"", ""n_neg"": 6, ""data_unreliable"": false}, {""minute"": ""15:15"", ""mid"": 51.15, ""bid"": 51.05, ""risk"": ""HIGH"", ""action"": ""PREPARE_EXIT"", ""support"": ""CONTRADICTED"", ""n_neg"": 5, ""data_unreliable"": false}, {""minute"": ""15:16"", ""mid"": 53.175, ""bid"": 53.1, ""risk"": ""EXTREME"", ""action"": ""BREAK_EXIT"", ""support"": ""CONTRADICTED"", ""n_neg"": 7, ""data_unreliable"": false}, {""minute"": ""15:17"", ""mid"": 51.2, ""bid"": 51.1, ""risk"": ""ELEVATED"", ""action"": ""CAUTION"", ""support"": ""NORMAL"", ""n_neg"": 2, ""data_unreliable"": false}, {""minute"": ""15:18"", ""mid"": 53.3, ""bid"": 53.25, ""risk"": ""NORMAL"", ""action"": ""HOLD"", ""support"": ""STRONG"", ""n_neg"": 0, ""data_unreliable"": false}, {""minute"": ""15:19"", ""mid"": 50.099999999999994, ""bid"": 50.05, ""risk"": ""HIGH"", ""action"": ""PREPARE_EXIT"", ""support"": ""CONTRADICTED"", ""n_neg"": 6, ""data_unreliable"": false}]"
NIFTY,2026-08-04,CLOSING_1515_1529,CE,24500.0,15:15,15:29,51.0,51.1,"[{""minute"": ""15:15"", ""mid"": 51.0, ""bid"": 50.9, ""risk"": ""LOW"", ""action"": ""HOLD"", ""support"": ""STRONG"", ""n_neg"": 0, ""data_unreliable"": false}, {""minute"": ""15:16"", ""mid"": 44.075, ""bid"": 44.05, ""risk"": ""ELEVATED"", ""action"": ""CAUTION"", ""support"": ""NORMAL"", ""n_neg"": 1, ""data_unreliable"": false}, {""minute"": ""15:17"", ""mid"": 43.724999999999994, ""bid"": 43.65, ""risk"": ""EXTREME"", ""action"": ""BREAK_EXIT"", ""support"": ""CONTRADICTED"", ""n_neg"": 5, ""data_unreliable"": false}, {""minute"": ""15:18"", ""mid"": 39.35, ""bid"": 39.25, ""risk"": ""EXTREME"", ""action"": ""BREAK_EXIT"", ""support"": ""CONTRADICTED"", ""n_neg"": 7, ""data_unreliable"": false}, {""minute"": ""15:19"", ""mid"": 35.775000000000006, ""bid"": 35.7, ""risk"": ""EXTREME"", ""action"": ""BREAK_EXIT"", ""support"": ""CONTRADICTED"", ""n_neg"": 7, ""data_unreliable"": false}, {""minute"": ""15:20"", ""mid"": 51.7, ""bid"": 51.6, ""risk"": ""NORMAL"", ""action"": ""HOLD"", ""support"": ""STRONG"", ""n_neg"": 0, ""data_unreliable"": false}, {""minute"": ""15:21"", ""mid"": 57.725, ""bid"": 57.6, ""risk"": ""NORMAL"", ""action"": ""HOLD"", ""support"": ""STRONG"", ""n_neg"": 0, ""data_unreliable"": false}, {""minute"": ""15:22"", ""mid"": 50.6, ""bid"": 50.5, ""risk"": ""ELEVATED"", ""action"": ""CAUTION"", ""support"": ""NORMAL"", ""n_neg"": 3, ""data_unreliable"": false}, {""minute"": ""15:23"", ""mid"": 54.35, ""bid"": 54.25, ""risk"": ""HIGH"", ""action"": ""PREPARE_EXIT"", ""support"": ""NORMAL"", ""n_neg"": 4, ""data_unreliable"": false}, {""minute"": ""15:24"", ""mid"": 51.275, ""bid"": 51.15, ""risk"": ""ELEVATED"", ""action"": ""CAUTION"", ""support"": ""NORMAL"", ""n_neg"": 2, ""data_unreliable"": false}, {""minute"": ""15:25"", ""mid"": 52.85, ""bid"": 52.75, ""risk"": ""EXTREME"", ""action"": ""BREAK_EXIT"", ""support"": ""CONTRADICTED"", ""n_neg"": 6, ""data_unreliable"": false}, {""minute"": ""15:26"", ""mid"": 73.775, ""bid"": 73.65, ""risk"": ""NORMAL"", ""action"": ""HOLD"", ""support"": ""STRONG"", ""n_neg"": 0, ""data_unreliable"": false}, {""minute"": ""15:27"", ""mid"": 64.6, ""bid"": 64.45, ""risk"": ""ELEVATED"", ""action"": ""CAUTION"", ""support"": ""NORMAL"", ""n_neg"": 1, ""data_unreliable"": false}, {""minute"": ""15:28"", ""mid"": 78.92500000000001, ""bid"": 78.7, ""risk"": ""NORMAL"", ""action"": ""HOLD"", ""support"": ""STRONG"", ""n_neg"": 0, ""data_unreliable"": false}, {""minute"": ""15:29"", ""mid"": 114.125, ""bid"": 114.1, ""risk"": ""NORMAL"", ""action"": ""HOLD"", ""support"": ""STRONG"", ""n_neg"": 0, ""data_unreliable"": false}]"
NIFTY,2026-08-04,CLOSING_1515_1529,PE,24500.0,15:15,15:29,51.15,51.25,"[{""minute"": ""15:15"", ""mid"": 51.15, ""bid"": 51.05, ""risk"": ""HIGH"", ""action"": ""PREPARE_EXIT"", ""support"": ""CONTRADICTED"", ""n_neg"": 5, ""data_unreliable"": false}, {""minute"": ""15:16"", ""mid"": 53.175, ""bid"": 53.1, ""risk"": ""EXTREME"", ""action"": ""BREAK_EXIT"", ""support"": ""CONTRADICTED"", ""n_neg"": 7, ""data_unreliable"": false}, {""minute"": ""15:17"", ""mid"": 51.2, ""bid"": 51.1, ""risk"": ""ELEVATED"", ""action"": ""CAUTION"", ""support"": ""NORMAL"", ""n_neg"": 2, ""data_unreliable"": false}, {""minute"": ""15:18"", ""mid"": 53.3, ""bid"": 53.25, ""risk"": ""NORMAL"", ""action"": ""HOLD"", ""support"": ""STRONG"", ""n_neg"": 0, ""data_unreliable"": false}, {""minute"": ""15:19"", ""mid"": 50.099999999999994, ""bid"": 50.05, ""risk"": ""HIGH"", ""action"": ""PREPARE_EXIT"", ""support"": ""CONTRADICTED"", ""n_neg"": 6, ""data_unreliable"": false}, {""minute"": ""15:20"", ""mid"": 45.675, ""bid"": 45.55, ""risk"": ""EXTREME"", ""action"": ""BREAK_EXIT"", ""support"": ""CONTRADICTED"", ""n_neg"": 6, ""data_unreliable"": false}, {""minute"": ""15:21"", ""mid"": 43.05, ""bid"": 43.0, ""risk"": ""EXTREME"", ""action"": ""BREAK_EXIT"", ""support"": ""CONTRADICTED"", ""n_neg"": 5, ""data_unreliable"": false}, {""minute"": ""15:22"", ""mid"": 39.775000000000006, ""bid"": 39.7, ""risk"": ""EXTREME"", ""action"": ""BREAK_EXIT"", ""support"": ""CONTRADICTED"", ""n_neg"": 6, ""data_unreliable"": false}, {""minute"": ""15:23"", ""mid"": 25.549999999999997, ""bid"": 25.45, ""risk"": ""EXTREME"", ""action"": ""BREAK_EXIT"", ""support"": ""CONTRADICTED"", ""n_neg"": 6, ""data_unreliable"": false}, {""minute"": ""15:24"", ""mid"": 29.525, ""bid"": 29.5, ""risk"": ""EXTREME"", ""action"": ""BREAK_EXIT"", ""support"": ""CONTRADICTED"", ""n_neg"": 5, ""data_unreliable"": false}, {""minute"": ""15:25"", ""mid"": 25.35, ""bid"": 25.3, ""risk"": ""HIGH"", ""action"": ""PREPARE_EXIT"", ""support"": ""CONTRADICTED"", ""n_neg"": 3, ""data_unreliable"": false}, {""minute"": ""15:26"", ""mid"": 12.25, ""bid"": 12.2, ""risk"": ""EXTREME"", ""action"": ""BREAK_EXIT"", ""support"": ""CONTRADICTED"", ""n_neg"": 7, ""data_unreliable"": false}, {""minute"": ""15:27"", ""mid"": 15.274999999999999, ""bid"": 15.2, ""risk"": ""EXTREME"", ""action"": ""BREAK_EXIT"", ""support"": ""CONTRADICTED"", ""n_neg"": 6, ""data_unreliable"": false}, {""minute"": ""15:28"", ""mid"": 8.675, ""bid"": 8.65, ""risk"": ""EXTREME"", ""action"": ""BREAK_EXIT"", ""support"": ""CONTRADICTED"", ""n_neg"": 6, ""data_unreliable"": false}, {""minute"": ""15:29"", ""mid"": 0.6000000000000001, ""bid"": 0.55, ""risk"": ""EXTREME"", ""action"": ""BREAK_EXIT"", ""support"": ""CONTRADICTED"", ""n_neg"": 7, ""data_unreliable"": false}]"
SENSEX,2026-08-04,11D_SHAPED_1500_1519,CE,78400.0,15:00,15:19,327.875,328.45,"[{""minute"": ""15:00"", ""mid"": 327.875, ""bid"": 327.3, ""risk"": ""LOW"", ""action"": ""HOLD"", ""support"": ""STRONG"", ""n_neg"": 0, ""data_unreliable"": false}, {""minute"": ""15:01"", ""mid"": 309.8, ""bid"": 309.55, ""risk"": ""EXTREME"", ""action"": ""BREAK_EXIT"", ""support"": ""CONTRADICTED"", ""n_neg"": 6, ""data_unreliable"": false}, {""minute"": ""15:02"", ""mid"": 306.525, ""bid"": 306.2, ""risk"": ""HIGH"", ""action"": ""PREPARE_EXIT"", ""support"": ""CONTRADICTED"", ""n_neg"": 4, ""data_unreliable"": false}, {""minute"": ""15:03"", ""mid"": 302.625, ""bid"": 302.15, ""risk"": ""EXTREME"", ""action"": ""BREAK_EXIT"", ""support"": ""CONTRADICTED"", ""n_neg"": 6, ""data_unreliable"": false}, {""minute"": ""15:04"", ""mid"": 303.45, ""bid"": 303.0, ""risk"": ""EXTREME"", ""action"": ""BREAK_EXIT"", ""support"": ""CONTRADICTED"", ""n_neg"": 5, ""data_unreliable"": false}, {""minute"": ""15:05"", ""mid"": 296.65, ""bid"": 296.35, ""risk"": ""HIGH"", ""action"": ""PREPARE_EXIT"", ""support"": ""CONTRADICTED"", ""n_neg"": 5, ""data_unreliable"": false}, {""minute"": ""15:06"", ""mid"": 301.2, ""bid"": 300.75, ""risk"": ""NORMAL"", ""action"": ""HOLD"", ""support"": ""NORMAL"", ""n_neg"": 0, ""data_unreliable"": false}, {""minute"": ""15:07"", ""mid"": 307.525, ""bid"": 307.2, ""risk"": ""LOW"", ""action"": ""HOLD"", ""support"": ""STRONG"", ""n_neg"": 0, ""data_unreliable"": false}, {""minute"": ""15:08"", ""mid"": 308.3, ""bid"": 308.0, ""risk"": ""LOW"", ""action"": ""HOLD"", ""support"": ""STRONG"", ""n_neg"": 0, ""data_unreliable"": false}, {""minute"": ""15:09"", ""mid"": 308.79999999999995, ""bid"": 308.45, ""risk"": ""NORMAL"", ""action"": ""HOLD"", ""support"": ""NORMAL"", ""n_neg"": 0, ""data_unreliable"": false}, {""minute"": ""15:10"", ""mid"": 315.55, ""bid"": 315.35, ""risk"": ""LOW"", ""action"": ""HOLD"", ""support"": ""STRONG"", ""n_neg"": 0, ""data_unreliable"": false}, {""minute"": ""15:11"", ""mid"": 314.825, ""bid"": 314.4, ""risk"": ""ELEVATED"", ""action"": ""CAUTION"", ""support"": ""NORMAL"", ""n_neg"": 1, ""data_unreliable"": false}, {""minute"": ""15:12"", ""mid"": 314.75, ""bid"": 314.5, ""risk"": ""ELEVATED"", ""action"": ""CAUTION"", ""support"": ""NORMAL"", ""n_neg"": 2, ""data_unreliable"": false}, {""minute"": ""15:13"", ""mid"": 319.125, ""bid"": 318.8, ""risk"": ""LOW"", ""action"": ""HOLD"", ""support"": ""STRONG"", ""n_neg"": 0, ""data_unreliable"": false}, {""minute"": ""15:14"", ""mid"": 326.2, ""bid"": 325.75, ""risk"": ""LOW"", ""action"": ""HOLD"", ""support"": ""STRONG"", ""n_neg"": 0, ""data_unreliable"": false}, {""minute"": ""15:15"", ""mid"": 343.07500000000005, ""bid"": 342.55, ""risk"": ""LOW"", ""action"": ""HOLD"", ""support"": ""STRONG"", ""n_neg"": 0, ""data_unreliable"": false}, {""minute"": ""15:16"", ""mid"": 330.375, ""bid"": 329.8, ""risk"": ""ELEVATED"", ""action"": ""CAUTION"", ""support"": ""NORMAL"", ""n_neg"": 1, ""data_unreliable"": false}, {""minute"": ""15:17"", ""mid"": 334.175, ""bid"": 333.8, ""risk"": ""EXTREME"", ""action"": ""BREAK_EXIT"", ""support"": ""CONTRADICTED"", ""n_neg"": 5, ""data_unreliable"": false}, {""minute"": ""15:18"", ""mid"": 322.79999999999995, ""bid"": 322.2, ""risk"": ""EXTREME"", ""action"": ""BREAK_EXIT"", ""support"": ""CONTRADICTED"", ""n_neg"": 7, ""data_unreliable"": false}, {""minute"": ""15:19"", ""mid"": 330.20000000000005, ""bid"": 329.8, ""risk"": ""HIGH"", ""action"": ""PREPARE_EXIT"", ""support"": ""CONTRADICTED"", ""n_neg"": 4, ""data_unreliable"": false}]"
SENSEX,2026-08-04,11D_SHAPED_1500_1519,PE,78400.0,15:00,15:19,343.175,343.8,"[{""minute"": ""15:00"", ""mid"": 343.175, ""bid"": 342.55, ""risk"": ""EXTREME"", ""action"": ""BREAK_EXIT"", ""support"": ""CONTRADICTED"", ""n_neg"": 7, ""data_unreliable"": false}, {""minute"": ""15:01"", ""mid"": 366.975, ""bid"": 366.55, ""risk"": ""LOW"", ""action"": ""HOLD"", ""support"": ""STRONG"", ""n_neg"": 0, ""data_unreliable"": false}, {""minute"": ""15:02"", ""mid"": 368.775, ""bid"": 368.25, ""risk"": ""LOW"", ""action"": ""HOLD"", ""support"": ""STRONG"", ""n_neg"": 0, ""data_unreliable"": false}, {""minute"": ""15:03"", ""mid"": 375.875, ""bid"": 375.25, ""risk"": ""LOW"", ""action"": ""HOLD"", ""support"": ""STRONG"", ""n_neg"": 0, ""data_unreliable"": false}, {""minute"": ""15:04"", ""mid"": 377.175, ""bid"": 376.5, ""risk"": ""LOW"", ""action"": ""HOLD"", ""support"": ""STRONG"", ""n_neg"": 0, ""data_unreliable"": false}, {""minute"": ""15:05"", ""mid"": 389.35, ""bid"": 389.3, ""risk"": ""LOW"", ""action"": ""HOLD"", ""support"": ""STRONG"", ""n_neg"": 0, ""data_unreliable"": false}, {""minute"": ""15:06"", ""mid"": 377.67499999999995, ""bid"": 377.2, ""risk"": ""ELEVATED"", ""action"": ""CAUTION"", ""support"": ""WEAK"", ""n_neg"": 1, ""data_unreliable"": false}, {""minute"": ""15:07"", ""mid"": 368.9, ""bid"": 368.5, ""risk"": ""EXTREME"", ""action"": ""BREAK_EXIT"", ""support"": ""CONTRADICTED"", ""n_neg"": 6, ""data_unreliable"": false}, {""minute"": ""15:08"", ""mid"": 367.325, ""bid"": 367.0, ""risk"": ""EXTREME"", ""action"": ""BREAK_EXIT"", ""support"": ""CONTRADICTED"", ""n_neg"": 7, ""data_unreliable"": false}, {""minute"": ""15:09"", ""mid"": 366.625, ""bid"": 366.25, ""risk"": ""HIGH"", ""action"": ""PREPARE_EXIT"", ""support"": ""CONTRADICTED"", ""n_neg"": 3, ""data_unreliable"": false}, {""minute"": ""15:10"", ""mid"": 357.325, ""bid"": 356.95, ""risk"": ""HIGH"", ""action"": ""PREPARE_EXIT"", ""support"": ""CONTRADICTED"", ""n_neg"": 6, ""data_unreliable"": false}, {""minute"": ""15:11"", ""mid"": 363.95, ""bid"": 363.4, ""risk"": ""ELEVATED"", ""action"": ""CAUTION"", ""support"": ""WEAK"", ""n_neg"": 3, ""data_unreliable"": false}, {""minute"": ""15:12"", ""mid"": 369.25, ""bid"": 368.75, ""risk"": ""NORMAL"", ""action"": ""HOLD"", ""support"": ""NORMAL"", ""n_neg"": 0, ""data_unreliable"": false}, {""minute"": ""15:13"", ""mid"": 363.625, ""bid"": 363.25, ""risk"": ""EXTREME"", ""action"": ""BREAK_EXIT"", ""support"": ""CONTRADICTED"", ""n_neg"": 5, ""data_unreliable"": false}, {""minute"": ""15:14"", ""mid"": 346.825, ""bid"": 346.65, ""risk"": ""EXTREME"", ""action"": ""BREAK_EXIT"", ""support"": ""CONTRADICTED"", ""n_neg"": 6, ""data_unreliable"": false}, {""minute"": ""15:15"", ""mid"": 301.45000000000005, ""bid"": 301.1, ""risk"": ""EXTREME"", ""action"": ""BREAK_EXIT"", ""support"": ""CONTRADICTED"", ""n_neg"": 9, ""data_unreliable"": false}, {""minute"": ""15:16"", ""mid"": 320.05, ""bid"": 319.5, ""risk"": ""EXTREME"", ""action"": ""BREAK_EXIT"", ""support"": ""CONTRADICTED"", ""n_neg"": 6, ""data_unreliable"": false}, {""minute"": ""15:17"", ""mid"": 314.975, ""bid"": 314.5, ""risk"": ""ELEVATED"", ""action"": ""CAUTION"", ""support"": ""NORMAL"", ""n_neg"": 2, ""data_unreliable"": false}, {""minute"": ""15:18"", ""mid"": 324.5, ""bid"": 324.15, ""risk"": ""NORMAL"", ""action"": ""HOLD"", ""support"": ""STRONG"", ""n_neg"": 0, ""data_unreliable"": false}, {""minute"": ""15:19"", ""mid"": 319.75, ""bid"": 319.3, ""risk"": ""ELEVATED"", ""action"": ""CAUTION"", ""support"": ""NORMAL"", ""n_neg"": 1, ""data_unreliable"": false}]"
SENSEX,2026-08-04,CLOSING_1515_1529,CE,78400.0,15:15,15:29,343.07500000000005,343.6,"[{""minute"": ""15:15"", ""mid"": 343.07500000000005, ""bid"": 342.55, ""risk"": ""LOW"", ""action"": ""HOLD"", ""support"": ""STRONG"", ""n_neg"": 0, ""data_unreliable"": false}, {""minute"": ""15:16"", ""mid"": 330.375, ""bid"": 329.8, ""risk"": ""ELEVATED"", ""action"": ""CAUTION"", ""support"": ""NORMAL"", ""n_neg"": 1, ""data_unreliable"": false}, {""minute"": ""15:17"", ""mid"": 334.175, ""bid"": 333.8, ""risk"": ""EXTREME"", ""action"": ""BREAK_EXIT"", ""support"": ""CONTRADICTED"", ""n_neg"": 5, ""data_unreliable"": false}, {""minute"": ""15:18"", ""mid"": 322.79999999999995, ""bid"": 322.2, ""risk"": ""EXTREME"", ""action"": ""BREAK_EXIT"", ""support"": ""CONTRADICTED"", ""n_neg"": 7, ""data_unreliable"": false}, {""minute"": ""15:19"", ""mid"": 330.20000000000005, ""bid"": 329.8, ""risk"": ""HIGH"", ""action"": ""PREPARE_EXIT"", ""support"": ""CONTRADICTED"", ""n_neg"": 4, ""data_unreliable"": false}, {""minute"": ""15:20"", ""mid"": 333.79999999999995, ""bid"": 333.2, ""risk"": ""NORMAL"", ""action"": ""HOLD"", ""support"": ""STRONG"", ""n_neg"": 0, ""data_unreliable"": false}, {""minute"": ""15:21"", ""mid"": 326.375, ""bid"": 326.05, ""risk"": ""ELEVATED"", ""action"": ""CAUTION"", ""support"": ""WEAK"", ""n_neg"": 4, ""data_unreliable"": false}, {""minute"": ""15:22"", ""mid"": 321.525, ""bid"": 320.95, ""risk"": ""EXTREME"", ""action"": ""BREAK_EXIT"", ""support"": ""CONTRADICTED"", ""n_neg"": 5, ""data_unreliable"": false}, {""minute"": ""15:23"", ""mid"": 326.29999999999995, ""bid"": 325.7, ""risk"": ""ELEVATED"", ""action"": ""CAUTION"", ""support"": ""WEAK"", ""n_neg"": 3, ""data_unreliable"": false}, {""minute"": ""15:24"", ""mid"": 322.85, ""bid"": 322.45, ""risk"": ""ELEVATED"", ""action"": ""CAUTION"", ""support"": ""WEAK"", ""n_neg"": 2, ""data_unreliable"": false}, {""minute"": ""15:25"", ""mid"": 321.675, ""bid"": 321.3, ""risk"": ""HIGH"", ""action"": ""PREPARE_EXIT"", ""support"": ""CONTRADICTED"", ""n_neg"": 4, ""data_unreliable"": false}, {""minute"": ""15:26"", ""mid"": 320.475, ""bid"": 320.0, ""risk"": ""ELEVATED"", ""action"": ""CAUTION"", ""support"": ""WEAK"", ""n_neg"": 2, ""data_unreliable"": false}, {""minute"": ""15:27"", ""mid"": 316.4, ""bid"": 315.9, ""risk"": ""HIGH"", ""action"": ""PREPARE_EXIT"", ""support"": ""CONTRADICTED"", ""n_neg"": 5, ""data_unreliable"": false}, {""minute"": ""15:28"", ""mid"": 321.075, ""bid"": 320.45, ""risk"": ""NORMAL"", ""action"": ""HOLD"", ""support"": ""NORMAL"", ""n_neg"": 0, ""data_unreliable"": false}, {""minute"": ""15:29"", ""mid"": 324.125, ""bid"": 323.5, ""risk"": ""NORMAL"", ""action"": ""HOLD"", ""support"": ""STRONG"", ""n_neg"": 0, ""data_unreliable"": false}]"
SENSEX,2026-08-04,CLOSING_1515_1529,PE,78400.0,15:15,15:29,301.45000000000005,301.8,"[{""minute"": ""15:15"", ""mid"": 301.45000000000005, ""bid"": 301.1, ""risk"": ""EXTREME"", ""action"": ""BREAK_EXIT"", ""support"": ""CONTRADICTED"", ""n_neg"": 9, ""data_unreliable"": false}, {""minute"": ""15:16"", ""mid"": 320.05, ""bid"": 319.5, ""risk"": ""EXTREME"", ""action"": ""BREAK_EXIT"", ""support"": ""CONTRADICTED"", ""n_neg"": 6, ""data_unreliable"": false}, {""minute"": ""15:17"", ""mid"": 314.975, ""bid"": 314.5, ""risk"": ""ELEVATED"", ""action"": ""CAUTION"", ""support"": ""NORMAL"", ""n_neg"": 2, ""data_unreliable"": false}, {""minute"": ""15:18"", ""mid"": 324.5, ""bid"": 324.15, ""risk"": ""NORMAL"", ""action"": ""HOLD"", ""support"": ""STRONG"", ""n_neg"": 0, ""data_unreliable"": false}, {""minute"": ""15:19"", ""mid"": 319.75, ""bid"": 319.3, ""risk"": ""ELEVATED"", ""action"": ""CAUTION"", ""support"": ""NORMAL"", ""n_neg"": 1, ""data_unreliable"": false}, {""minute"": ""15:20"", ""mid"": 320.9, ""bid"": 320.25, ""risk"": ""EXTREME"", ""action"": ""BREAK_EXIT"", ""support"": ""CONTRADICTED"", ""n_neg"": 5, ""data_unreliable"": false}, {""minute"": ""15:21"", ""mid"": 326.575, ""bid"": 326.15, ""risk"": ""NORMAL"", ""action"": ""HOLD"", ""support"": ""STRONG"", ""n_neg"": 0, ""data_unreliable"": false}, {""minute"": ""15:22"", ""mid"": 323.175, ""bid"": 322.6, ""risk"": ""ELEVATED"", ""action"": ""CAUTION"", ""support"": ""NORMAL"", ""n_neg"": 2, ""data_unreliable"": false}, {""minute"": ""15:23"", ""mid"": 313.5, ""bid"": 313.05, ""risk"": ""EXTREME"", ""action"": ""BREAK_EXIT"", ""support"": ""CONTRADICTED"", ""n_neg"": 6, ""data_unreliable"": false}, {""minute"": ""15:24"", ""mid"": 325.35, ""bid"": 324.9, ""risk"": ""NORMAL"", ""action"": ""HOLD"", ""support"": ""NORMAL"", ""n_neg"": 0, ""data_unreliable"": false}, {""minute"": ""15:25"", ""mid"": 324.25, ""bid"": 323.75, ""risk"": ""ELEVATED"", ""action"": ""CAUTION"", ""support"": ""NORMAL"", ""n_neg"": 1, ""data_unreliable"": false}, {""minute"": ""15:26"", ""mid"": 320.7, ""bid"": 320.2, ""risk"": ""ELEVATED"", ""action"": ""CAUTION"", ""support"": ""WEAK"", ""n_neg"": 3, ""data_unreliable"": false}, {""minute"": ""15:27"", ""mid"": 318.575, ""bid"": 318.0, ""risk"": ""HIGH"", ""action"": ""PREPARE_EXIT"", ""support"": ""CONTRADICTED"", ""n_neg"": 5, ""data_unreliable"": false}, {""minute"": ""15:28"", ""mid"": 316.6, ""bid"": 316.3, ""risk"": ""EXTREME"", ""action"": ""BREAK_EXIT"", ""support"": ""CONTRADICTED"", ""n_neg"": 6, ""data_unreliable"": false}, {""minute"": ""15:29"", ""mid"": 301.675, ""bid"": 301.05, ""risk"": ""EXTREME"", ""action"": ""BREAK_EXIT"", ""support"": ""CONTRADICTED"", ""n_neg"": 10, ""data_unreliable"": false}]"
NIFTY,2026-08-05,11D_SHAPED_1500_1519,CE,24550.0,15:00,15:19,161.85,162.0,"[{""minute"": ""15:00"", ""mid"": 161.85, ""bid"": 161.7, ""risk"": ""HIGH"", ""action"": ""PREPARE_EXIT"", ""support"": ""CONTRADICTED"", ""n_neg"": 5, ""data_unreliable"": false}, {""minute"": ""15:01"", ""mid"": 161.22500000000002, ""bid"": 161.05, ""risk"": ""EXTREME"", ""action"": ""BREAK_EXIT"", ""support"": ""CONTRADICTED"", ""n_neg"": 6, ""data_unreliable"": false}, {""minute"": ""15:02"", ""mid"": 165.55, ""bid"": 165.35, ""risk"": ""NORMAL"", ""action"": ""HOLD"", ""support"": ""NORMAL"", ""n_neg"": 1, ""data_unreliable"": false}, {""minute"": ""15:03"", ""mid"": 165.85, ""bid"": 165.7, ""risk"": ""LOW"", ""action"": ""HOLD"", ""support"": ""STRONG"", ""n_neg"": 0, ""data_unreliable"": false}, {""minute"": ""15:04"", ""mid"": 166.875, ""bid"": 166.65, ""risk"": ""LOW"", ""action"": ""HOLD"", ""support"": ""STRONG"", ""n_neg"": 0, ""data_unreliable"": false}, {""minute"": ""15:05"", ""mid"": 162.0, ""bid"": 161.8, ""risk"": ""EXTREME"", ""action"": ""BREAK_EXIT"", ""support"": ""CONTRADICTED"", ""n_neg"": 6, ""data_unreliable"": false}, {""minute"": ""15:06"", ""mid"": 162.72500000000002, ""bid"": 162.65, ""risk"": ""EXTREME"", ""action"": ""BREAK_EXIT"", ""support"": ""CONTRADICTED"", ""n_neg"": 5, ""data_unreliable"": false}, {""minute"": ""15:07"", ""mid"": 168.575, ""bid"": 168.4, ""risk"": ""LOW"", ""action"": ""HOLD"", ""support"": ""STRONG"", ""n_neg"": 0, ""data_unreliable"": false}, {""minute"": ""15:08"", ""mid"": 168.52499999999998, ""bid"": 168.35, ""risk"": ""ELEVATED"", ""action"": ""CAUTION"", ""support"": ""NORMAL"", ""n_neg"": 1, ""data_unreliable"": false}, {""minute"": ""15:09"", ""mid"": 167.5, ""bid"": 167.3, ""risk"": ""ELEVATED"", ""action"": ""CAUTION"", ""support"": ""WEAK"", ""n_neg"": 2, ""data_unreliable"": false}, {""minute"": ""15:10"", ""mid"": 166.8, ""bid"": 166.6, ""risk"": ""EXTREME"", ""action"": ""BREAK_EXIT"", ""support"": ""CONTRADICTED"", ""n_neg"": 5, ""data_unreliable"": false}, {""minute"": ""15:11"", ""mid"": 168.35000000000002, ""bid"": 168.15, ""risk"": ""NORMAL"", ""action"": ""HOLD"", ""support"": ""NORMAL"", ""n_neg"": 0, ""data_unreliable"": false}, {""minute"": ""15:12"", ""mid"": 169.25, ""bid"": 169.1, ""risk"": ""LOW"", ""action"": ""HOLD"", ""support"": ""STRONG"", ""n_neg"": 0, ""data_unreliable"": false}, {""minute"": ""15:13"", ""mid"": 171.075, ""bid"": 170.85, ""risk"": ""LOW"", ""action"": ""HOLD"", ""support"": ""STRONG"", ""n_neg"": 0, ""data_unreliable"": false}, {""minute"": ""15:14"", ""mid"": 180.225, ""bid"": 180.0, ""risk"": ""LOW"", ""action"": ""HOLD"", ""support"": ""STRONG"", ""n_neg"": 0, ""data_unreliable"": false}, {""minute"": ""15:15"", ""mid"": 185.95, ""bid"": 185.7, ""risk"": ""LOW"", ""action"": ""HOLD"", ""support"": ""STRONG"", ""n_neg"": 0, ""data_unreliable"": false}, {""minute"": ""15:16"", ""mid"": 168.825, ""bid"": 168.65, ""risk"": ""EXTREME"", ""action"": ""BREAK_EXIT"", ""support"": ""CONTRADICTED"", ""n_neg"": 9, ""data_unreliable"": false}, {""minute"": ""15:17"", ""mid"": 171.85, ""bid"": 171.6, ""risk"": ""EXTREME"", ""action"": ""BREAK_EXIT"", ""support"": ""CONTRADICTED"", ""n_neg"": 7, ""data_unreliable"": false}, {""minute"": ""15:18"", ""mid"": 172.175, ""bid"": 171.95, ""risk"": ""NORMAL"", ""action"": ""HOLD"", ""support"": ""NORMAL"", ""n_neg"": 1, ""data_unreliable"": false}, {""minute"": ""15:19"", ""mid"": 174.675, ""bid"": 174.45, ""risk"": ""NORMAL"", ""action"": ""HOLD"", ""support"": ""STRONG"", ""n_neg"": 0, ""data_unreliable"": false}]"
NIFTY,2026-08-05,11D_SHAPED_1500_1519,PE,24550.0,15:00,15:19,141.625,141.8,"[{""minute"": ""15:00"", ""mid"": 141.625, ""bid"": 141.45, ""risk"": ""NORMAL"", ""action"": ""HOLD"", ""support"": ""NORMAL"", ""n_neg"": 1, ""data_unreliable"": false}, {""minute"": ""15:01"", ""mid"": 144.575, ""bid"": 144.4, ""risk"": ""LOW"", ""action"": ""HOLD"", ""support"": ""STRONG"", ""n_neg"": 0, ""data_unreliable"": false}, {""minute"": ""15:02"", ""mid"": 137.02499999999998, ""bid"": 136.95, ""risk"": ""ELEVATED"", ""action"": ""CAUTION"", ""support"": ""WEAK"", ""n_neg"": 4, ""data_unreliable"": false}, {""minute"": ""15:03"", ""mid"": 135.9, ""bid"": 135.75, ""risk"": ""EXTREME"", ""action"": ""BREAK_EXIT"", ""support"": ""CONTRADICTED"", ""n_neg"": 6, ""data_unreliable"": false}, {""minute"": ""15:04"", ""mid"": 130.85, ""bid"": 130.7, ""risk"": ""EXTREME"", ""action"": ""BREAK_EXIT"", ""support"": ""CONTRADICTED"", ""n_neg"": 6, ""data_unreliable"": false}, {""minute"": ""15:05"", ""mid"": 135.65, ""bid"": 135.5, ""risk"": ""ELEVATED"", ""action"": ""CAUTION"", ""support"": ""NORMAL"", ""n_neg"": 2, ""data_unreliable"": false}, {""minute"": ""15:06"", ""mid"": 134.825, ""bid"": 134.7, ""risk"": ""ELEVATED"", ""action"": ""CAUTION"", ""support"": ""NORMAL"", ""n_neg"": 2, ""data_unreliable"": false}, {""minute"": ""15:07"", ""mid"": 125.05000000000001, ""bid"": 124.9, ""risk"": ""EXTREME"", ""action"": ""BREAK_EXIT"", ""support"": ""CONTRADICTED"", ""n_neg"": 6, ""data_unreliable"": false}, {""minute"": ""15:08"", ""mid"": 121.6, ""bid"": 121.5, ""risk"": ""EXTREME"", ""action"": ""BREAK_EXIT"", ""support"": ""CONTRADICTED"", ""n_neg"": 7, ""data_unreliable"": false}, {""minute"": ""15:09"", ""mid"": 124.5, ""bid"": 124.35, ""risk"": ""ELEVATED"", ""action"": ""CAUTION"", ""support"": ""WEAK"", ""n_neg"": 3, ""data_unreliable"": false}, {""minute"": ""15:10"", ""mid"": 124.85, ""bid"": 124.7, ""risk"": ""LOW"", ""action"": ""HOLD"", ""support"": ""STRONG"", ""n_neg"": 0, ""data_unreliable"": false}, {""minute"": ""15:11"", ""mid"": 122.225, ""bid"": 122.1, ""risk"": ""EXTREME"", ""action"": ""BREAK_EXIT"", ""support"": ""CONTRADICTED"", ""n_neg"": 5, ""data_unreliable"": false}, {""minute"": ""15:12"", ""mid"": 120.94999999999999, ""bid"": 120.85, ""risk"": ""EXTREME"", ""action"": ""BREAK_EXIT"", ""support"": ""CONTRADICTED"", ""n_neg"": 6, ""data_unreliable"": false}, {""minute"": ""15:13"", ""mid"": 117.4, ""bid"": 117.25, ""risk"": ""EXTREME"", ""action"": ""BREAK_EXIT"", ""support"": ""CONTRADICTED"", ""n_neg"": 6, ""data_unreliable"": false}, {""minute"": ""15:14"", ""mid"": 108.0, ""bid"": 107.85, ""risk"": ""EXTREME"", ""action"": ""BREAK_EXIT"", ""support"": ""CONTRADICTED"", ""n_neg"": 7, ""data_unreliable"": false}, {""minute"": ""15:15"", ""mid"": 99.975, ""bid"": 99.85, ""risk"": ""EXTREME"", ""action"": ""BREAK_EXIT"", ""support"": ""CONTRADICTED"", ""n_neg"": 7, ""data_unreliable"": false}, {""minute"": ""15:16"", ""mid"": 113.94999999999999, ""bid"": 113.8, ""risk"": ""NORMAL"", ""action"": ""HOLD"", ""support"": ""NORMAL"", ""n_neg"": 1, ""data_unreliable"": false}, {""minute"": ""15:17"", ""mid"": 113.85, ""bid"": 113.75, ""risk"": ""ELEVATED"", ""action"": ""CAUTION"", ""support"": ""NORMAL"", ""n_neg"": 1, ""data_unreliable"": false}, {""minute"": ""15:18"", ""mid"": 112.19999999999999, ""bid"": 112.05, ""risk"": ""EXTREME"", ""action"": ""BREAK_EXIT"", ""support"": ""CONTRADICTED"", ""n_neg"": 6, ""data_unreliable"": false}, {""minute"": ""15:19"", ""mid"": 112.675, ""bid"": 112.6, ""risk"": ""EXTREME"", ""action"": ""BREAK_EXIT"", ""support"": ""CONTRADICTED"", ""n_neg"": 5, ""data_unreliable"": false}]"
NIFTY,2026-08-05,CLOSING_1515_1529,CE,24650.0,15:15,15:29,131.775,131.9,"[{""minute"": ""15:15"", ""mid"": 131.775, ""bid"": 131.65, ""risk"": ""LOW"", ""action"": ""HOLD"", ""support"": ""STRONG"", ""n_neg"": 0, ""data_unreliable"": false}, {""minute"": ""15:16"", ""mid"": 118.825, ""bid"": 118.65, ""risk"": ""EXTREME"", ""action"": ""BREAK_EXIT"", ""support"": ""CONTRADICTED"", ""n_neg"": 9, ""data_unreliable"": false}, {""minute"": ""15:17"", ""mid"": 120.85, ""bid"": 120.7, ""risk"": ""EXTREME"", ""action"": ""BREAK_EXIT"", ""support"": ""CONTRADICTED"", ""n_neg"": 5, ""data_unreliable"": false}, {""minute"": ""15:18"", ""mid"": 121.1, ""bid"": 120.95, ""risk"": ""NORMAL"", ""action"": ""HOLD"", ""support"": ""NORMAL"", ""n_neg"": 1, ""data_unreliable"": false}, {""minute"": ""15:19"", ""mid"": 123.19999999999999, ""bid"": 123.05, ""risk"": ""NORMAL"", ""action"": ""HOLD"", ""support"": ""STRONG"", ""n_neg"": 0, ""data_unreliable"": false}, {""minute"": ""15:20"", ""mid"": 122.3, ""bid"": 122.1, ""risk"": ""ELEVATED"", ""action"": ""CAUTION"", ""support"": ""WEAK"", ""n_neg"": 2, ""data_unreliable"": false}, {""minute"": ""15:21"", ""mid"": 123.55000000000001, ""bid"": 123.4, ""risk"": ""NORMAL"", ""action"": ""HOLD"", ""support"": ""STRONG"", ""n_neg"": 0, ""data_unreliable"": false}, {""minute"": ""15:22"", ""mid"": 122.25, ""bid"": 122.1, ""risk"": ""HIGH"", ""action"": ""PREPARE_EXIT"", ""support"": ""CONTRADICTED"", ""n_neg"": 3, ""data_unreliable"": false}, {""minute"": ""15:23"", ""mid"": 121.575, ""bid"": 121.4, ""risk"": ""EXTREME"", ""action"": ""BREAK_EXIT"", ""support"": ""CONTRADICTED"", ""n_neg"": 6, ""data_unreliable"": false}, {""minute"": ""15:24"", ""mid"": 121.175, ""bid"": 121.05, ""risk"": ""HIGH"", ""action"": ""PREPARE_EXIT"", ""support"": ""CONTRADICTED"", ""n_neg"": 4, ""data_unreliable"": false}, {""minute"": ""15:25"", ""mid"": 117.875, ""bid"": 117.75, ""risk"": ""EXTREME"", ""action"": ""BREAK_EXIT"", ""support"": ""CONTRADICTED"", ""n_neg"": 6, ""data_unreliable"": false}, {""minute"": ""15:26"", ""mid"": 115.85, ""bid"": 115.75, ""risk"": ""HIGH"", ""action"": ""PREPARE_EXIT"", ""support"": ""CONTRADICTED"", ""n_neg"": 4, ""data_unreliable"": false}, {""minute"": ""15:27"", ""mid"": 118.80000000000001, ""bid"": 118.65, ""risk"": ""NORMAL"", ""action"": ""HOLD"", ""support"": ""NORMAL"", ""n_neg"": 1, ""data_unreliable"": false}, {""minute"": ""15:28"", ""mid"": 119.4, ""bid"": 119.25, ""risk"": ""NORMAL"", ""action"": ""HOLD"", ""support"": ""STRONG"", ""n_neg"": 0, ""data_unreliable"": false}, {""minute"": ""15:29"", ""mid"": 118.44999999999999, ""bid"": 118.3, ""risk"": ""HIGH"", ""action"": ""PREPARE_EXIT"", ""support"": ""NORMAL"", ""n_neg"": 4, ""data_unreliable"": false}]"
NIFTY,2026-08-05,CLOSING_1515_1529,PE,24650.0,15:15,15:29,145.575,145.8,"[{""minute"": ""15:15"", ""mid"": 145.575, ""bid"": 145.35, ""risk"": ""EXTREME"", ""action"": ""BREAK_EXIT"", ""support"": ""CONTRADICTED"", ""n_neg"": 7, ""data_unreliable"": false}, {""minute"": ""15:16"", ""mid"": 163.5, ""bid"": 163.3, ""risk"": ""NORMAL"", ""action"": ""HOLD"", ""support"": ""NORMAL"", ""n_neg"": 1, ""data_unreliable"": false}, {""minute"": ""15:17"", ""mid"": 162.575, ""bid"": 162.4, ""risk"": ""ELEVATED"", ""action"": ""CAUTION"", ""support"": ""NORMAL"", ""n_neg"": 1, ""data_unreliable"": false}, {""minute"": ""15:18"", ""mid"": 160.825, ""bid"": 160.65, ""risk"": ""HIGH"", ""action"": ""PREPARE_EXIT"", ""support"": ""CONTRADICTED"", ""n_neg"": 5, ""data_unreliable"": false}, {""minute"": ""15:19"", ""mid"": 160.6, ""bid"": 160.45, ""risk"": ""EXTREME"", ""action"": ""BREAK_EXIT"", ""support"": ""CONTRADICTED"", ""n_neg"": 5, ""data_unreliable"": false}, {""minute"": ""15:20"", ""mid"": 162.35000000000002, ""bid"": 162.15, ""risk"": ""NORMAL"", ""action"": ""HOLD"", ""support"": ""NORMAL"", ""n_neg"": 0, ""data_unreliable"": false}, {""minute"": ""15:21"", ""mid"": 156.97500000000002, ""bid"": 156.8, ""risk"": ""EXTREME"", ""action"": ""BREAK_EXIT"", ""support"": ""CONTRADICTED"", ""n_neg"": 6, ""data_unreliable"": false}, {""minute"": ""15:22"", ""mid"": 157.95, ""bid"": 157.8, ""risk"": ""EXTREME"", ""action"": ""BREAK_EXIT"", ""support"": ""CONTRADICTED"", ""n_neg"": 5, ""data_unreliable"": false}, {""minute"": ""15:23"", ""mid"": 160.125, ""bid"": 160.0, ""risk"": ""NORMAL"", ""action"": ""HOLD"", ""support"": ""NORMAL"", ""n_neg"": 1, ""data_unreliable"": false}, {""minute"": ""15:24"", ""mid"": 161.125, ""bid"": 160.95, ""risk"": ""NORMAL"", ""action"": ""HOLD"", ""support"": ""STRONG"", ""n_neg"": 0, ""data_unreliable"": false}, {""minute"": ""15:25"", ""mid"": 167.1, ""bid"": 167.0, ""risk"": ""NORMAL"", ""action"": ""HOLD"", ""support"": ""STRONG"", ""n_neg"": 0, ""data_unreliable"": false}, {""minute"": ""15:26"", ""mid"": 168.27499999999998, ""bid"": 168.1, ""risk"": ""NORMAL"", ""action"": ""HOLD"", ""support"": ""STRONG"", ""n_neg"": 0, ""data_unreliable"": false}, {""minute"": ""15:27"", ""mid"": 160.8, ""bid"": 160.65, ""risk"": ""EXTREME"", ""action"": ""BREAK_EXIT"", ""support"": ""CONTRADICTED"", ""n_neg"": 6, ""data_unreliable"": false}, {""minute"": ""15:28"", ""mid"": 159.75, ""bid"": 159.6, ""risk"": ""EXTREME"", ""action"": ""BREAK_EXIT"", ""support"": ""CONTRADICTED"", ""n_neg"": 6, ""data_unreliable"": false}, {""minute"": ""15:29"", ""mid"": 158.22500000000002, ""bid"": 158.05, ""risk"": ""EXTREME"", ""action"": ""BREAK_EXIT"", ""support"": ""CONTRADICTED"", ""n_neg"": 5, ""data_unreliable"": false}]"
SENSEX,2026-08-05,11D_SHAPED_1500_1519,CE,78400.0,15:00,15:19,353.85,354.3,"[{""minute"": ""15:00"", ""mid"": 353.85, ""bid"": 353.4, ""risk"": ""HIGH"", ""action"": ""PREPARE_EXIT"", ""support"": ""CONTRADICTED"", ""n_neg"": 5, ""data_unreliable"": false}, {""minute"": ""15:01"", ""mid"": 346.45000000000005, ""bid"": 346.05, ""risk"": ""EXTREME"", ""action"": ""BREAK_EXIT"", ""support"": ""CONTRADICTED"", ""n_neg"": 6, ""data_unreliable"": false}, {""minute"": ""15:02"", ""mid"": 366.8, ""bid"": 366.35, ""risk"": ""NORMAL"", ""action"": ""HOLD"", ""support"": ""NORMAL"", ""n_neg"": 1, ""data_unreliable"": false}, {""minute"": ""15:03"", ""mid"": 373.85, ""bid"": 373.3, ""risk"": ""LOW"", ""action"": ""HOLD"", ""support"": ""STRONG"", ""n_neg"": 0, ""data_unreliable"": false}, {""minute"": ""15:04"", ""mid"": 374.575, ""bid"": 374.2, ""risk"": ""LOW"", ""action"": ""HOLD"", ""support"": ""STRONG"", ""n_neg"": 0, ""data_unreliable"": false}, {""minute"": ""15:05"", ""mid"": 353.65, ""bid"": 353.3, ""risk"": ""EXTREME"", ""action"": ""BREAK_EXIT"", ""support"": ""CONTRADICTED"", ""n_neg"": 7, ""data_unreliable"": false}, {""minute"": ""15:06"", ""mid"": 359.125, ""bid"": 358.65, ""risk"": ""HIGH"", ""action"": ""PREPARE_EXIT"", ""support"": ""CONTRADICTED"", ""n_neg"": 4, ""data_unreliable"": false}, {""minute"": ""15:07"", ""mid"": 380.57500000000005, ""bid"": 380.05, ""risk"": ""LOW"", ""action"": ""HOLD"", ""support"": ""STRONG"", ""n_neg"": 0, ""data_unreliable"": false}, {""minute"": ""15:08"", ""mid"": 398.0, ""bid"": 397.45, ""risk"": ""LOW"", ""action"": ""HOLD"", ""support"": ""STRONG"", ""n_neg"": 0, ""data_unreliable"": false}, {""minute"": ""15:09"", ""mid"": 376.1, ""bid"": 375.6, ""risk"": ""HIGH"", ""action"": ""PREPARE_EXIT"", ""support"": ""CONTRADICTED"", ""n_neg"": 4, ""data_unreliable"": false}, {""minute"": ""15:10"", ""mid"": 385.75, ""bid"": 385.25, ""risk"": ""HIGH"", ""action"": ""PREPARE_EXIT"", ""support"": ""CONTRADICTED"", ""n_neg"": 4, ""data_unreliable"": false}, {""minute"": ""15:11"", ""mid"": 386.625, ""bid"": 386.25, ""risk"": ""NORMAL"", ""action"": ""HOLD"", ""support"": ""NORMAL"", ""n_neg"": 1, ""data_unreliable"": false}, {""minute"": ""15:12"", ""mid"": 392.775, ""bid"": 392.35, ""risk"": ""LOW"", ""action"": ""HOLD"", ""support"": ""STRONG"", ""n_neg"": 0, ""data_unreliable"": false}, {""minute"": ""15:13"", ""mid"": 411.625, ""bid"": 411.1, ""risk"": ""LOW"", ""action"": ""HOLD"", ""support"": ""STRONG"", ""n_neg"": 0, ""data_unreliable"": false}, {""minute"": ""15:14"", ""mid"": 444.35, ""bid"": 443.9, ""risk"": ""LOW"", ""action"": ""HOLD"", ""support"": ""STRONG"", ""n_neg"": 0, ""data_unreliable"": false}, {""minute"": ""15:15"", ""mid"": 462.775, ""bid"": 461.85, ""risk"": ""NORMAL"", ""action"": ""HOLD"", ""support"": ""NORMAL"", ""n_neg"": 1, ""data_unreliable"": false}, {""minute"": ""15:16"", ""mid"": 378.42499999999995, ""bid"": 376.4, ""risk"": ""EXTREME"", ""action"": ""BREAK_EXIT"", ""support"": ""CONTRADICTED"", ""n_neg"": 9, ""data_unreliable"": false}, {""minute"": ""15:17"", ""mid"": 426.325, ""bid"": 425.4, ""risk"": ""EXTREME"", ""action"": ""BREAK_EXIT"", ""support"": ""CONTRADICTED"", ""n_neg"": 7, ""data_unreliable"": false}, {""minute"": ""15:18"", ""mid"": 400.85, ""bid"": 400.25, ""risk"": ""ELEVATED"", ""action"": ""CAUTION"", ""support"": ""NORMAL"", ""n_neg"": 2, ""data_unreliable"": false}, {""minute"": ""15:19"", ""mid"": 396.95, ""bid"": 396.65, ""risk"": ""EXTREME"", ""action"": ""BREAK_EXIT"", ""support"": ""CONTRADICTED"", ""n_neg"": 6, ""data_unreliable"": false}]"
SENSEX,2026-08-05,11D_SHAPED_1500_1519,PE,78400.0,15:00,15:19,305.775,306.15,"[{""minute"": ""15:00"", ""mid"": 305.775, ""bid"": 305.4, ""risk"": ""LOW"", ""action"": ""HOLD"", ""support"": ""STRONG"", ""n_neg"": 0, ""data_unreliable"": false}, {""minute"": ""15:01"", ""mid"": 317.67499999999995, ""bid"": 317.2, ""risk"": ""LOW"", ""action"": ""HOLD"", ""support"": ""STRONG"", ""n_neg"": 0, ""data_unreliable"": false}, {""minute"": ""15:02"", ""mid"": 293.325, ""bid"": 292.95, ""risk"": ""HIGH"", ""action"": ""PREPARE_EXIT"", ""support"": ""CONTRADICTED"", ""n_neg"": 5, ""data_unreliable"": false}, {""minute"": ""15:03"", ""mid"": 286.775, ""bid"": 286.5, ""risk"": ""EXTREME"", ""action"": ""BREAK_EXIT"", ""support"": ""CONTRADICTED"", ""n_neg"": 6, ""data_unreliable"": false}, {""minute"": ""15:04"", ""mid"": 277.3, ""bid"": 277.0, ""risk"": ""EXTREME"", ""action"": ""BREAK_EXIT"", ""support"": ""CONTRADICTED"", ""n_neg"": 6, ""data_unreliable"": false}, {""minute"": ""15:05"", ""mid"": 297.525, ""bid"": 297.15, ""risk"": ""LOW"", ""action"": ""HOLD"", ""support"": ""STRONG"", ""n_neg"": 0, ""data_unreliable"": false}, {""minute"": ""15:06"", ""mid"": 297.1, ""bid"": 296.7, ""risk"": ""ELEVATED"", ""action"": ""CAUTION"", ""support"": ""NORMAL"", ""n_neg"": 1, ""data_unreliable"": false}, {""minute"": ""15:07"", ""mid"": 269.15, ""bid"": 268.8, ""risk"": ""EXTREME"", ""action"": ""BREAK_EXIT"", ""support"": ""CONTRADICTED"", ""n_neg"": 7, ""data_unreliable"": false}, {""minute"": ""15:08"", ""mid"": 246.05, ""bid"": 245.7, ""risk"": ""EXTREME"", ""action"": ""BREAK_EXIT"", ""support"": ""CONTRADICTED"", ""n_neg"": 6, ""data_unreliable"": false}, {""minute"": ""15:09"", ""mid"": 265.5, ""bid"": 265.15, ""risk"": ""HIGH"", ""action"": ""PREPARE_EXIT"", ""support"": ""CONTRADICTED"", ""n_neg"": 4, ""data_unreliable"": false}, {""minute"": ""15:10"", ""mid"": 264.45000000000005, ""bid"": 264.1, ""risk"": ""ELEVATED"", ""action"": ""CAUTION"", ""support"": ""NORMAL"", ""n_neg"": 2, ""data_unreliable"": false}, {""minute"": ""15:11"", ""mid"": 257.975, ""bid"": 257.65, ""risk"": ""HIGH"", ""action"": ""PREPARE_EXIT"", ""support"": ""CONTRADICTED"", ""n_neg"": 5, ""data_unreliable"": false}, {""minute"": ""15:12"", ""mid"": 252.425, ""bid"": 252.1, ""risk"": ""EXTREME"", ""action"": ""BREAK_EXIT"", ""support"": ""CONTRADICTED"", ""n_neg"": 7, ""data_unreliable"": false}, {""minute"": ""15:13"", ""mid"": 231.15, ""bid"": 230.9, ""risk"": ""EXTREME"", ""action"": ""BREAK_EXIT"", ""support"": ""CONTRADICTED"", ""n_neg"": 6, ""data_unreliable"": false}, {""minute"": ""15:14"", ""mid"": 201.75, ""bid"": 201.45, ""risk"": ""EXTREME"", ""action"": ""BREAK_EXIT"", ""support"": ""CONTRADICTED"", ""n_neg"": 7, ""data_unreliable"": false}, {""minute"": ""15:15"", ""mid"": 166.925, ""bid"": 166.65, ""risk"": ""EXTREME"", ""action"": ""BREAK_EXIT"", ""support"": ""CONTRADICTED"", ""n_neg"": 8, ""data_unreliable"": false}, {""minute"": ""15:16"", ""mid"": 250.3, ""bid"": 250.05, ""risk"": ""NORMAL"", ""action"": ""HOLD"", ""support"": ""STRONG"", ""n_neg"": 0, ""data_unreliable"": false}, {""minute"": ""15:17"", ""mid"": 221.8, ""bid"": 221.2, ""risk"": ""ELEVATED"", ""action"": ""CAUTION"", ""support"": ""NORMAL"", ""n_neg"": 2, ""data_unreliable"": false}, {""minute"": ""15:18"", ""mid"": 227.775, ""bid"": 227.55, ""risk"": ""EXTREME"", ""action"": ""BREAK_EXIT"", ""support"": ""CONTRADICTED"", ""n_neg"": 5, ""data_unreliable"": false}, {""minute"": ""15:19"", ""mid"": 231.475, ""bid"": 231.1, ""risk"": ""NORMAL"", ""action"": ""HOLD"", ""support"": ""NORMAL"", ""n_neg"": 1, ""data_unreliable"": false}]"
SENSEX,2026-08-05,CLOSING_1515_1529,CE,78700.0,15:15,15:29,300.225,300.7,"[{""minute"": ""15:15"", ""mid"": 300.225, ""bid"": 299.75, ""risk"": ""LOW"", ""action"": ""HOLD"", ""support"": ""STRONG"", ""n_neg"": 0, ""data_unreliable"": false}, {""minute"": ""15:16"", ""mid"": 235.25, ""bid"": 234.85, ""risk"": ""EXTREME"", ""action"": ""BREAK_EXIT"", ""support"": ""CONTRADICTED"", ""n_neg"": 8, ""data_unreliable"": false}, {""minute"": ""15:17"", ""mid"": 267.275, ""bid"": 266.75, ""risk"": ""EXTREME"", ""action"": ""BREAK_EXIT"", ""support"": ""CONTRADICTED"", ""n_neg"": 6, ""data_unreliable"": false}, {""minute"": ""15:18"", ""mid"": 253.5, ""bid"": 253.1, ""risk"": ""ELEVATED"", ""action"": ""CAUTION"", ""support"": ""NORMAL"", ""n_neg"": 2, ""data_unreliable"": false}, {""minute"": ""15:19"", ""mid"": 251.45, ""bid"": 251.0, ""risk"": ""EXTREME"", ""action"": ""BREAK_EXIT"", ""support"": ""CONTRADICTED"", ""n_neg"": 6, ""data_unreliable"": false}, {""minute"": ""15:20"", ""mid"": 242.15, ""bid"": 241.65, ""risk"": ""EXTREME"", ""action"": ""BREAK_EXIT"", ""support"": ""CONTRADICTED"", ""n_neg"": 7, ""data_unreliable"": false}, {""minute"": ""15:21"", ""mid"": 254.35000000000002, ""bid"": 254.05, ""risk"": ""NORMAL"", ""action"": ""HOLD"", ""support"": ""STRONG"", ""n_neg"": 0, ""data_unreliable"": false}, {""minute"": ""15:22"", ""mid"": 244.52499999999998, ""bid"": 244.1, ""risk"": ""ELEVATED"", ""action"": ""CAUTION"", ""support"": ""NORMAL"", ""n_neg"": 2, ""data_unreliable"": false}, {""minute"": ""15:23"", ""mid"": 237.375, ""bid"": 237.25, ""risk"": ""EXTREME"", ""action"": ""BREAK_EXIT"", ""support"": ""CONTRADICTED"", ""n_neg"": 6, ""data_unreliable"": false}, {""minute"": ""15:24"", ""mid"": 233.975, ""bid"": 233.75, ""risk"": ""EXTREME"", ""action"": ""BREAK_EXIT"", ""support"": ""CONTRADICTED"", ""n_neg"": 7, ""data_unreliable"": false}, {""minute"": ""15:25"", ""mid"": 215.05, ""bid"": 214.7, ""risk"": ""EXTREME"", ""action"": ""BREAK_EXIT"", ""support"": ""CONTRADICTED"", ""n_neg"": 7, ""data_unreliable"": false}, {""minute"": ""15:26"", ""mid"": 204.95, ""bid"": 204.7, ""risk"": ""EXTREME"", ""action"": ""BREAK_EXIT"", ""support"": ""CONTRADICTED"", ""n_neg"": 7, ""data_unreliable"": false}, {""minute"": ""15:27"", ""mid"": 228.325, ""bid"": 228.25, ""risk"": ""NORMAL"", ""action"": ""HOLD"", ""support"": ""NORMAL"", ""n_neg"": 1, ""data_unreliable"": false}, {""minute"": ""15:28"", ""mid"": 236.3, ""bid"": 235.9, ""risk"": ""NORMAL"", ""action"": ""HOLD"", ""support"": ""STRONG"", ""n_neg"": 0, ""data_unreliable"": false}, {""minute"": ""15:29"", ""mid"": 226.125, ""bid"": 225.8, ""risk"": ""ELEVATED"", ""action"": ""CAUTION"", ""support"": ""WEAK"", ""n_neg"": 3, ""data_unreliable"": false}]"
SENSEX,2026-08-05,CLOSING_1515_1529,PE,78700.0,15:15,15:29,298.55,299.05,"[{""minute"": ""15:15"", ""mid"": 298.55, ""bid"": 298.05, ""risk"": ""EXTREME"", ""action"": ""BREAK_EXIT"", ""support"": ""CONTRADICTED"", ""n_neg"": 8, ""data_unreliable"": false}, {""minute"": ""15:16"", ""mid"": 410.07500000000005, ""bid"": 409.35, ""risk"": ""NORMAL"", ""action"": ""HOLD"", ""support"": ""STRONG"", ""n_neg"": 0, ""data_unreliable"": false}, {""minute"": ""15:17"", ""mid"": 368.625, ""bid"": 368.0, ""risk"": ""ELEVATED"", ""action"": ""CAUTION"", ""support"": ""NORMAL"", ""n_neg"": 1, ""data_unreliable"": false}, {""minute"": ""15:18"", ""mid"": 380.20000000000005, ""bid"": 379.6, ""risk"": ""EXTREME"", ""action"": ""BREAK_EXIT"", ""support"": ""CONTRADICTED"", ""n_neg"": 7, ""data_unreliable"": false}, {""minute"": ""15:19"", ""mid"": 385.04999999999995, ""bid"": 384.45, ""risk"": ""NORMAL"", ""action"": ""HOLD"", ""support"": ""NORMAL"", ""n_neg"": 1, ""data_unreliable"": false}, {""minute"": ""15:20"", ""mid"": 377.85, ""bid"": 377.25, ""risk"": ""HIGH"", ""action"": ""PREPARE_EXIT"", ""support"": ""NORMAL"", ""n_neg"": 3, ""data_unreliable"": false}, {""minute"": ""15:21"", ""mid"": 353.25, ""bid"": 352.95, ""risk"": ""EXTREME"", ""action"": ""BREAK_EXIT"", ""support"": ""CONTRADICTED"", ""n_neg"": 9, ""data_unreliable"": false}, {""minute"": ""15:22"", ""mid"": 363.675, ""bid"": 363.3, ""risk"": ""EXTREME"", ""action"": ""BREAK_EXIT"", ""support"": ""CONTRADICTED"", ""n_neg"": 7, ""data_unreliable"": false}, {""minute"": ""15:23"", ""mid"": 374.475, ""bid"": 374.1, ""risk"": ""NORMAL"", ""action"": ""HOLD"", ""support"": ""NORMAL"", ""n_neg"": 1, ""data_unreliable"": false}, {""minute"": ""15:24"", ""mid"": 367.375, ""bid"": 366.75, ""risk"": ""ELEVATED"", ""action"": ""CAUTION"", ""support"": ""NORMAL"", ""n_neg"": 1, ""data_unreliable"": false}, {""minute"": ""15:25"", ""mid"": 390.85, ""bid"": 390.05, ""risk"": ""NORMAL"", ""action"": ""HOLD"", ""support"": ""STRONG"", ""n_neg"": 0, ""data_unreliable"": false}, {""minute"": ""15:26"", ""mid"": 397.9, ""bid"": 397.3, ""risk"": ""NORMAL"", ""action"": ""HOLD"", ""support"": ""STRONG"", ""n_neg"": 0, ""data_unreliable"": false}, {""minute"": ""15:27"", ""mid"": 353.2, ""bid"": 352.9, ""risk"": ""HIGH"", ""action"": ""PREPARE_EXIT"", ""support"": ""CONTRADICTED"", ""n_neg"": 6, ""data_unreliable"": false}, {""minute"": ""15:28"", ""mid"": 356.67499999999995, ""bid"": 355.9, ""risk"": ""EXTREME"", ""action"": ""BREAK_EXIT"", ""support"": ""CONTRADICTED"", ""n_neg"": 7, ""data_unreliable"": false}, {""minute"": ""15:29"", ""mid"": 364.45000000000005, ""bid"": 364.05, ""risk"": ""NORMAL"", ""action"": ""HOLD"", ""support"": ""NORMAL"", ""n_neg"": 1, ""data_unreliable"": false}]"
NIFTY,2026-08-06,11D_SHAPED_1500_1519,CE,24700.0,15:00,15:19,118.55000000000001,118.65,"[{""minute"": ""15:00"", ""mid"": 118.55000000000001, ""bid"": 118.45, ""risk"": ""LOW"", ""action"": ""HOLD"", ""support"": ""STRONG"", ""n_neg"": 0, ""data_unreliable"": false}, {""minute"": ""15:01"", ""mid"": 118.925, ""bid"": 118.85, ""risk"": ""LOW"", ""action"": ""HOLD"", ""support"": ""STRONG"", ""n_neg"": 0, ""data_unreliable"": false}, {""minute"": ""15:02"", ""mid"": 118.6, ""bid"": 118.5, ""risk"": ""ELEVATED"", ""action"": ""CAUTION"", ""support"": ""NORMAL"", ""n_neg"": 1, ""data_unreliable"": false}, {""minute"": ""15:03"", ""mid"": 114.375, ""bid"": 114.3, ""risk"": ""HIGH"", ""action"": ""PREPARE_EXIT"", ""support"": ""CONTRADICTED"", ""n_neg"": 5, ""data_unreliable"": false}, {""minute"": ""15:04"", ""mid"": 115.5, ""bid"": 115.45, ""risk"": ""EXTREME"", ""action"": ""BREAK_EXIT"", ""support"": ""CONTRADICTED"", ""n_neg"": 5, ""data_unreliable"": false}, {""minute"": ""15:05"", ""mid"": 114.725, ""bid"": 114.6, ""risk"": ""ELEVATED"", ""action"": ""CAUTION"", ""support"": ""WEAK"", ""n_neg"": 2, ""data_unreliable"": false}, {""minute"": ""15:06"", ""mid"": 114.025, ""bid"": 114.0, ""risk"": ""HIGH"", ""action"": ""PREPARE_EXIT"", ""support"": ""CONTRADICTED"", ""n_neg"": 4, ""data_unreliable"": false}, {""minute"": ""15:07"", ""mid"": 116.1, ""bid"": 115.95, ""risk"": ""NORMAL"", ""action"": ""HOLD"", ""support"": ""NORMAL"", ""n_neg"": 1, ""data_unreliable"": false}, {""minute"": ""15:08"", ""mid"": 117.175, ""bid"": 117.05, ""risk"": ""LOW"", ""action"": ""HOLD"", ""support"": ""STRONG"", ""n_neg"": 0, ""data_unreliable"": false}, {""minute"": ""15:09"", ""mid"": 117.9, ""bid"": 117.75, ""risk"": ""NORMAL"", ""action"": ""HOLD"", ""support"": ""NORMAL"", ""n_neg"": 1, ""data_unreliable"": false}, {""minute"": ""15:10"", ""mid"": 117.19999999999999, ""bid"": 117.1, ""risk"": ""ELEVATED"", ""action"": ""CAUTION"", ""support"": ""WEAK"", ""n_neg"": 1, ""data_unreliable"": false}, {""minute"": ""15:11"", ""mid"": 117.675, ""bid"": 117.55, ""risk"": ""ELEVATED"", ""action"": ""CAUTION"", ""support"": ""WEAK"", ""n_neg"": 3, ""data_unreliable"": false}, {""minute"": ""15:12"", ""mid"": 117.65, ""bid"": 117.5, ""risk"": ""ELEVATED"", ""action"": ""CAUTION"", ""support"": ""NORMAL"", ""n_neg"": 2, ""data_unreliable"": false}, {""minute"": ""15:13"", ""mid"": 119.775, ""bid"": 119.65, ""risk"": ""LOW"", ""action"": ""HOLD"", ""support"": ""STRONG"", ""n_neg"": 0, ""data_unreliable"": false}, {""minute"": ""15:14"", ""mid"": 120.82499999999999, ""bid"": 120.8, ""risk"": ""LOW"", ""action"": ""HOLD"", ""support"": ""STRONG"", ""n_neg"": 0, ""data_unreliable"": false}, {""minute"": ""15:15"", ""mid"": 120.775, ""bid"": 120.7, ""risk"": ""ELEVATED"", ""action"": ""CAUTION"", ""support"": ""NORMAL"", ""n_neg"": 1, ""data_unreliable"": false}, {""minute"": ""15:16"", ""mid"": 121.0, ""bid"": 120.85, ""risk"": ""NORMAL"", ""action"": ""HOLD"", ""support"": ""STRONG"", ""n_neg"": 0, ""data_unreliable"": false}, {""minute"": ""15:17"", ""mid"": 121.35, ""bid"": 121.2, ""risk"": ""NORMAL"", ""action"": ""HOLD"", ""support"": ""NORMAL"", ""n_neg"": 0, ""data_unreliable"": false}, {""minute"": ""15:18"", ""mid"": 121.5, ""bid"": 121.35, ""risk"": ""NORMAL"", ""action"": ""HOLD"", ""support"": ""STRONG"", ""n_neg"": 0, ""data_unreliable"": false}, {""minute"": ""15:19"", ""mid"": 121.4, ""bid"": 121.3, ""risk"": ""ELEVATED"", ""action"": ""CAUTION"", ""support"": ""WEAK"", ""n_neg"": 2, ""data_unreliable"": false}]"
NIFTY,2026-08-06,11D_SHAPED_1500_1519,PE,24700.0,15:00,15:19,138.4,138.5,"[{""minute"": ""15:00"", ""mid"": 138.4, ""bid"": 138.3, ""risk"": ""EXTREME"", ""action"": ""BREAK_EXIT"", ""support"": ""CONTRADICTED"", ""n_neg"": 6, ""data_unreliable"": false}, {""minute"": ""15:01"", ""mid"": 136.15, ""bid"": 136.0, ""risk"": ""EXTREME"", ""action"": ""BREAK_EXIT"", ""support"": ""CONTRADICTED"", ""n_neg"": 7, ""data_unreliable"": false}, {""minute"": ""15:02"", ""mid"": 136.675, ""bid"": 136.6, ""risk"": ""EXTREME"", ""action"": ""BREAK_EXIT"", ""support"": ""CONTRADICTED"", ""n_neg"": 6, ""data_unreliable"": false}, {""minute"": ""15:03"", ""mid"": 142.525, ""bid"": 142.4, ""risk"": ""LOW"", ""action"": ""HOLD"", ""support"": ""STRONG"", ""n_neg"": 0, ""data_unreliable"": false}, {""minute"": ""15:04"", ""mid"": 140.875, ""bid"": 140.75, ""risk"": ""ELEVATED"", ""action"": ""CAUTION"", ""support"": ""NORMAL"", ""n_neg"": 1, ""data_unreliable"": false}, {""minute"": ""15:05"", ""mid"": 141.825, ""bid"": 141.75, ""risk"": ""NORMAL"", ""action"": ""HOLD"", ""support"": ""NORMAL"", ""n_neg"": 1, ""data_unreliable"": false}, {""minute"": ""15:06"", ""mid"": 142.55, ""bid"": 142.45, ""risk"": ""LOW"", ""action"": ""HOLD"", ""support"": ""STRONG"", ""n_neg"": 0, ""data_unreliable"": false}, {""minute"": ""15:07"", ""mid"": 140.22500000000002, ""bid"": 140.05, ""risk"": ""EXTREME"", ""action"": ""BREAK_EXIT"", ""support"": ""CONTRADICTED"", ""n_neg"": 6, ""data_unreliable"": false}, {""minute"": ""15:08"", ""mid"": 139.0, ""bid"": 138.9, ""risk"": ""EXTREME"", ""action"": ""BREAK_EXIT"", ""support"": ""CONTRADICTED"", ""n_neg"": 5, ""data_unreliable"": false}, {""minute"": ""15:09"", ""mid"": 138.875, ""bid"": 138.75, ""risk"": ""HIGH"", ""action"": ""PREPARE_EXIT"", ""support"": ""CONTRADICTED"", ""n_neg"": 4, ""data_unreliable"": false}, {""minute"": ""15:10"", ""mid"": 139.22500000000002, ""bid"": 139.15, ""risk"": ""NORMAL"", ""action"": ""HOLD"", ""support"": ""NORMAL"", ""n_neg"": 1, ""data_unreliable"": false}, {""minute"": ""15:11"", ""mid"": 138.175, ""bid"": 138.0, ""risk"": ""HIGH"", ""action"": ""PREPARE_EXIT"", ""support"": ""CONTRADICTED"", ""n_neg"": 6, ""data_unreliable"": false}, {""minute"": ""15:12"", ""mid"": 137.0, ""bid"": 136.85, ""risk"": ""EXTREME"", ""action"": ""BREAK_EXIT"", ""support"": ""CONTRADICTED"", ""n_neg"": 6, ""data_unreliable"": false}, {""minute"": ""15:13"", ""mid"": 134.175, ""bid"": 134.15, ""risk"": ""EXTREME"", ""action"": ""BREAK_EXIT"", ""support"": ""CONTRADICTED"", ""n_neg"": 8, ""data_unreliable"": false}, {""minute"": ""15:14"", ""mid"": 133.625, ""bid"": 133.45, ""risk"": ""EXTREME"", ""action"": ""BREAK_EXIT"", ""support"": ""CONTRADICTED"", ""n_neg"": 5, ""data_unreliable"": false}, {""minute"": ""15:15"", ""mid"": 133.225, ""bid"": 133.1, ""risk"": ""HIGH"", ""action"": ""PREPARE_EXIT"", ""support"": ""CONTRADICTED"", ""n_neg"": 3, ""data_unreliable"": false}, {""minute"": ""15:16"", ""mid"": 129.825, ""bid"": 129.75, ""risk"": ""EXTREME"", ""action"": ""BREAK_EXIT"", ""support"": ""CONTRADICTED"", ""n_neg"": 6, ""data_unreliable"": false}, {""minute"": ""15:17"", ""mid"": 124.975, ""bid"": 124.8, ""risk"": ""EXTREME"", ""action"": ""BREAK_EXIT"", ""support"": ""CONTRADICTED"", ""n_neg"": 7, ""data_unreliable"": false}, {""minute"": ""15:18"", ""mid"": 128.425, ""bid"": 128.25, ""risk"": ""EXTREME"", ""action"": ""BREAK_EXIT"", ""support"": ""CONTRADICTED"", ""n_neg"": 5, ""data_unreliable"": false}, {""minute"": ""15:19"", ""mid"": 127.94999999999999, ""bid"": 127.8, ""risk"": ""HIGH"", ""action"": ""PREPARE_EXIT"", ""support"": ""CONTRADICTED"", ""n_neg"": 3, ""data_unreliable"": false}]"
NIFTY,2026-08-06,CLOSING_1515_1529,CE,24700.0,15:15,15:29,120.775,120.85,"[{""minute"": ""15:15"", ""mid"": 120.775, ""bid"": 120.7, ""risk"": ""ELEVATED"", ""action"": ""CAUTION"", ""support"": ""NORMAL"", ""n_neg"": 1, ""data_unreliable"": false}, {""minute"": ""15:16"", ""mid"": 121.0, ""bid"": 120.85, ""risk"": ""NORMAL"", ""action"": ""HOLD"", ""support"": ""NORMAL"", ""n_neg"": 1, ""data_unreliable"": false}, {""minute"": ""15:17"", ""mid"": 121.35, ""bid"": 121.2, ""risk"": ""NORMAL"", ""action"": ""HOLD"", ""support"": ""NORMAL"", ""n_neg"": 1, ""data_unreliable"": false}, {""minute"": ""15:18"", ""mid"": 121.5, ""bid"": 121.35, ""risk"": ""NORMAL"", ""action"": ""HOLD"", ""support"": ""NORMAL"", ""n_neg"": 1, ""data_unreliable"": false}, {""minute"": ""15:19"", ""mid"": 121.4, ""bid"": 121.3, ""risk"": ""ELEVATED"", ""action"": ""CAUTION"", ""support"": ""WEAK"", ""n_neg"": 2, ""data_unreliable"": false}, {""minute"": ""15:20"", ""mid"": 118.075, ""bid"": 118.0, ""risk"": ""HIGH"", ""action"": ""PREPARE_EXIT"", ""support"": ""CONTRADICTED"", ""n_neg"": 5, ""data_unreliable"": false}, {""minute"": ""15:21"", ""mid"": 119.725, ""bid"": 119.55, ""risk"": ""EXTREME"", ""action"": ""BREAK_EXIT"", ""support"": ""CONTRADICTED"", ""n_neg"": 5, ""data_unreliable"": false}, {""minute"": ""15:22"", ""mid"": 119.9, ""bid"": 119.75, ""risk"": ""ELEVATED"", ""action"": ""CAUTION"", ""support"": ""NORMAL"", ""n_neg"": 2, ""data_unreliable"": false}, {""minute"": ""15:23"", ""mid"": 121.125, ""bid"": 121.0, ""risk"": ""NORMAL"", ""action"": ""HOLD"", ""support"": ""NORMAL"", ""n_neg"": 1, ""data_unreliable"": false}, {""minute"": ""15:24"", ""mid"": 121.6, ""bid"": 121.45, ""risk"": ""NORMAL"", ""action"": ""HOLD"", ""support"": ""NORMAL"", ""n_neg"": 1, ""data_unreliable"": false}, {""minute"": ""15:25"", ""mid"": 120.575, ""bid"": 120.5, ""risk"": ""HIGH"", ""action"": ""PREPARE_EXIT"", ""support"": ""CONTRADICTED"", ""n_neg"": 4, ""data_unreliable"": false}, {""minute"": ""15:26"", ""mid"": 117.275, ""bid"": 117.15, ""risk"": ""EXTREME"", ""action"": ""BREAK_EXIT"", ""support"": ""CONTRADICTED"", ""n_neg"": 6, ""data_unreliable"": false}, {""minute"": ""15:27"", ""mid"": 117.925, ""bid"": 117.85, ""risk"": ""HIGH"", ""action"": ""PREPARE_EXIT"", ""support"": ""CONTRADICTED"", ""n_neg"": 4, ""data_unreliable"": false}, {""minute"": ""15:28"", ""mid"": 118.55000000000001, ""bid"": 118.4, ""risk"": ""ELEVATED"", ""action"": ""CAUTION"", ""support"": ""NORMAL"", ""n_neg"": 2, ""data_unreliable"": false}, {""minute"": ""15:29"", ""mid"": 117.9, ""bid"": 117.75, ""risk"": ""HIGH"", ""action"": ""PREPARE_EXIT"", ""support"": ""NORMAL"", ""n_neg"": 3, ""data_unreliable"": false}]"
NIFTY,2026-08-06,CLOSING_1515_1529,PE,24700.0,15:15,15:29,133.225,133.35,"[{""minute"": ""15:15"", ""mid"": 133.225, ""bid"": 133.1, ""risk"": ""HIGH"", ""action"": ""PREPARE_EXIT"", ""support"": ""CONTRADICTED"", ""n_neg"": 3, ""data_unreliable"": false}, {""minute"": ""15:16"", ""mid"": 129.825, ""bid"": 129.75, ""risk"": ""EXTREME"", ""action"": ""BREAK_EXIT"", ""support"": ""CONTRADICTED"", ""n_neg"": 6, ""data_unreliable"": false}, {""minute"": ""15:17"", ""mid"": 124.975, ""bid"": 124.8, ""risk"": ""EXTREME"", ""action"": ""BREAK_EXIT"", ""support"": ""CONTRADICTED"", ""n_neg"": 6, ""data_unreliable"": false}, {""minute"": ""15:18"", ""mid"": 128.425, ""bid"": 128.25, ""risk"": ""EXTREME"", ""action"": ""BREAK_EXIT"", ""support"": ""CONTRADICTED"", ""n_neg"": 4, ""data_unreliable"": false}, {""minute"": ""15:19"", ""mid"": 127.94999999999999, ""bid"": 127.8, ""risk"": ""ELEVATED"", ""action"": ""CAUTION"", ""support"": ""NORMAL"", ""n_neg"": 2, ""data_unreliable"": false}, {""minute"": ""15:20"", ""mid"": 135.275, ""bid"": 135.15, ""risk"": ""NORMAL"", ""action"": ""HOLD"", ""support"": ""STRONG"", ""n_neg"": 0, ""data_unreliable"": false}, {""minute"": ""15:21"", ""mid"": 131.64999999999998, ""bid"": 131.45, ""risk"": ""ELEVATED"", ""action"": ""CAUTION"", ""support"": ""NORMAL"", ""n_neg"": 2, ""data_unreliable"": false}, {""minute"": ""15:22"", ""mid"": 128.825, ""bid"": 128.65, ""risk"": ""EXTREME"", ""action"": ""BREAK_EXIT"", ""support"": ""CONTRADICTED"", ""n_neg"": 6, ""data_unreliable"": false}, {""minute"": ""15:23"", ""mid"": 125.575, ""bid"": 125.4, ""risk"": ""EXTREME"", ""action"": ""BREAK_EXIT"", ""support"": ""CONTRADICTED"", ""n_neg"": 7, ""data_unreliable"": false}, {""minute"": ""15:24"", ""mid"": 125.44999999999999, ""bid"": 125.3, ""risk"": ""EXTREME"", ""action"": ""BREAK_EXIT"", ""support"": ""CONTRADICTED"", ""n_neg"": 6, ""data_unreliable"": false}, {""minute"": ""15:25"", ""mid"": 128.75, ""bid"": 128.6, ""risk"": ""NORMAL"", ""action"": ""HOLD"", ""support"": ""NORMAL"", ""n_neg"": 0, ""data_unreliable"": false}, {""minute"": ""15:26"", ""mid"": 131.8, ""bid"": 131.6, ""risk"": ""NORMAL"", ""action"": ""HOLD"", ""support"": ""NORMAL"", ""n_neg"": 1, ""data_unreliable"": false}, {""minute"": ""15:27"", ""mid"": 132.675, ""bid"": 132.5, ""risk"": ""NORMAL"", ""action"": ""HOLD"", ""support"": ""STRONG"", ""n_neg"": 0, ""data_unreliable"": false}, {""minute"": ""15:28"", ""mid"": 128.475, ""bid"": 128.25, ""risk"": ""EXTREME"", ""action"": ""BREAK_EXIT"", ""support"": ""CONTRADICTED"", ""n_neg"": 6, ""data_unreliable"": false}, {""minute"": ""15:29"", ""mid"": 127.925, ""bid"": 127.85, ""risk"": ""EXTREME"", ""action"": ""BREAK_EXIT"", ""support"": ""CONTRADICTED"", ""n_neg"": 5, ""data_unreliable"": false}]"
SENSEX,2026-08-06,11D_SHAPED_1500_1519,CE,78800.0,15:00,15:19,221.025,221.25,"[{""minute"": ""15:00"", ""mid"": 221.025, ""bid"": 220.8, ""risk"": ""EXTREME"", ""action"": ""BREAK_EXIT"", ""support"": ""CONTRADICTED"", ""n_neg"": 5, ""data_unreliable"": false}, {""minute"": ""15:01"", ""mid"": 237.925, ""bid"": 237.5, ""risk"": ""NORMAL"", ""action"": ""HOLD"", ""support"": ""NORMAL"", ""n_neg"": 1, ""data_unreliable"": false}, {""minute"": ""15:02"", ""mid"": 237.22500000000002, ""bid"": 236.9, ""risk"": ""ELEVATED"", ""action"": ""CAUTION"", ""support"": ""NORMAL"", ""n_neg"": 1, ""data_unreliable"": false}, {""minute"": ""15:03"", ""mid"": 195.25, ""bid"": 195.05, ""risk"": ""EXTREME"", ""action"": ""BREAK_EXIT"", ""support"": ""CONTRADICTED"", ""n_neg"": 8, ""data_unreliable"": false}, {""minute"": ""15:04"", ""mid"": 220.375, ""bid"": 220.3, ""risk"": ""EXTREME"", ""action"": ""BREAK_EXIT"", ""support"": ""CONTRADICTED"", ""n_neg"": 6, ""data_unreliable"": false}, {""minute"": ""15:05"", ""mid"": 230.9, ""bid"": 230.75, ""risk"": ""NORMAL"", ""action"": ""HOLD"", ""support"": ""NORMAL"", ""n_neg"": 1, ""data_unreliable"": false}, {""minute"": ""15:06"", ""mid"": 231.1, ""bid"": 230.75, ""risk"": ""LOW"", ""action"": ""HOLD"", ""support"": ""STRONG"", ""n_neg"": 0, ""data_unreliable"": false}, {""minute"": ""15:07"", ""mid"": 234.675, ""bid"": 234.35, ""risk"": ""LOW"", ""action"": ""HOLD"", ""support"": ""STRONG"", ""n_neg"": 0, ""data_unreliable"": false}, {""minute"": ""15:08"", ""mid"": 236.025, ""bid"": 235.75, ""risk"": ""LOW"", ""action"": ""HOLD"", ""support"": ""STRONG"", ""n_neg"": 0, ""data_unreliable"": false}, {""minute"": ""15:09"", ""mid"": 229.35000000000002, ""bid"": 229.15, ""risk"": ""HIGH"", ""action"": ""PREPARE_EXIT"", ""support"": ""CONTRADICTED"", ""n_neg"": 5, ""data_unreliable"": false}, {""minute"": ""15:10"", ""mid"": 234.325, ""bid"": 234.1, ""risk"": ""ELEVATED"", ""action"": ""CAUTION"", ""support"": ""NORMAL"", ""n_neg"": 2, ""data_unreliable"": false}, {""minute"": ""15:11"", ""mid"": 235.2, ""bid"": 235.0, ""risk"": ""ELEVATED"", ""action"": ""CAUTION"", ""support"": ""NORMAL"", ""n_neg"": 1, ""data_unreliable"": false}, {""minute"": ""15:12"", ""mid"": 245.72500000000002, ""bid"": 245.4, ""risk"": ""ELEVATED"", ""action"": ""CAUTION"", ""support"": ""NORMAL"", ""n_neg"": 1, ""data_unreliable"": false}, {""minute"": ""15:13"", ""mid"": 287.95, ""bid"": 287.5, ""risk"": ""NORMAL"", ""action"": ""HOLD"", ""support"": ""NORMAL"", ""n_neg"": 1, ""data_unreliable"": false}, {""minute"": ""15:14"", ""mid"": 294.85, ""bid"": 294.35, ""risk"": ""NORMAL"", ""action"": ""HOLD"", ""support"": ""NORMAL"", ""n_neg"": 1, ""data_unreliable"": false}, {""minute"": ""15:15"", ""mid"": 306.04999999999995, ""bid"": 305.65, ""risk"": ""ELEVATED"", ""action"": ""CAUTION"", ""support"": ""NORMAL"", ""n_neg"": 1, ""data_unreliable"": false}, {""minute"": ""15:16"", ""mid"": 296.85, ""bid"": 296.4, ""risk"": ""ELEVATED"", ""action"": ""CAUTION"", ""support"": ""WEAK"", ""n_neg"": 2, ""data_unreliable"": false}, {""minute"": ""15:17"", ""mid"": 319.8, ""bid"": 319.35, ""risk"": ""NORMAL"", ""action"": ""HOLD"", ""support"": ""STRONG"", ""n_neg"": 0, ""data_unreliable"": false}, {""minute"": ""15:18"", ""mid"": 346.225, ""bid"": 346.05, ""risk"": ""NORMAL"", ""action"": ""HOLD"", ""support"": ""STRONG"", ""n_neg"": 0, ""data_unreliable"": false}, {""minute"": ""15:19"", ""mid"": 338.925, ""bid"": 338.3, ""risk"": ""ELEVATED"", ""action"": ""CAUTION"", ""support"": ""NORMAL"", ""n_neg"": 2, ""data_unreliable"": false}]"
SENSEX,2026-08-06,11D_SHAPED_1500_1519,PE,78800.0,15:00,15:19,249.27499999999998,249.7,"[{""minute"": ""15:00"", ""mid"": 249.27499999999998, ""bid"": 248.85, ""risk"": ""LOW"", ""action"": ""HOLD"", ""support"": ""STRONG"", ""n_neg"": 0, ""data_unreliable"": false}, {""minute"": ""15:01"", ""mid"": 204.675, ""bid"": 204.2, ""risk"": ""EXTREME"", ""action"": ""BREAK_EXIT"", ""support"": ""CONTRADICTED"", ""n_neg"": 7, ""data_unreliable"": false}, {""minute"": ""15:02"", ""mid"": 208.35000000000002, ""bid"": 208.05, ""risk"": ""EXTREME"", ""action"": ""BREAK_EXIT"", ""support"": ""CONTRADICTED"", ""n_neg"": 7, ""data_unreliable"": false}, {""minute"": ""15:03"", ""mid"": 243.72500000000002, ""bid"": 243.4, ""risk"": ""NORMAL"", ""action"": ""HOLD"", ""support"": ""NORMAL"", ""n_neg"": 1, ""data_unreliable"": false}, {""minute"": ""15:04"", ""mid"": 240.275, ""bid"": 239.9, ""risk"": ""ELEVATED"", ""action"": ""CAUTION"", ""support"": ""NORMAL"", ""n_neg"": 1, ""data_unreliable"": false}, {""minute"": ""15:05"", ""mid"": 228.525, ""bid"": 228.25, ""risk"": ""EXTREME"", ""action"": ""BREAK_EXIT"", ""support"": ""CONTRADICTED"", ""n_neg"": 6, ""data_unreliable"": false}, {""minute"": ""15:06"", ""mid"": 234.97500000000002, ""bid"": 234.65, ""risk"": ""EXTREME"", ""action"": ""BREAK_EXIT"", ""support"": ""CONTRADICTED"", ""n_neg"": 5, ""data_unreliable"": false}, {""minute"": ""15:07"", ""mid"": 227.25, ""bid"": 226.9, ""risk"": ""EXTREME"", ""action"": ""BREAK_EXIT"", ""support"": ""CONTRADICTED"", ""n_neg"": 5, ""data_unreliable"": false}, {""minute"": ""15:08"", ""mid"": 233.85, ""bid"": 233.5, ""risk"": ""ELEVATED"", ""action"": ""CAUTION"", ""support"": ""WEAK"", ""n_neg"": 3, ""data_unreliable"": false}, {""minute"": ""15:09"", ""mid"": 212.05, ""bid"": 211.55, ""risk"": ""EXTREME"", ""action"": ""BREAK_EXIT"", ""support"": ""CONTRADICTED"", ""n_neg"": 5, ""data_unreliable"": false}, {""minute"": ""15:10"", ""mid"": 218.2, ""bid"": 217.9, ""risk"": ""EXTREME"", ""action"": ""BREAK_EXIT"", ""support"": ""CONTRADICTED"", ""n_neg"": 6, ""data_unreliable"": false}, {""minute"": ""15:11"", ""mid"": 218.05, ""bid"": 217.95, ""risk"": ""HIGH"", ""action"": ""PREPARE_EXIT"", ""support"": ""CONTRADICTED"", ""n_neg"": 3, ""data_unreliable"": false}, {""minute"": ""15:12"", ""mid"": 223.9, ""bid"": 223.65, ""risk"": ""ELEVATED"", ""action"": ""CAUTION"", ""support"": ""NORMAL"", ""n_neg"": 2, ""data_unreliable"": false}, {""minute"": ""15:13"", ""mid"": 199.65, ""bid"": 199.4, ""risk"": ""EXTREME"", ""action"": ""BREAK_EXIT"", ""support"": ""CONTRADICTED"", ""n_neg"": 6, ""data_unreliable"": false}, {""minute"": ""15:14"", ""mid"": 204.875, ""bid"": 204.55, ""risk"": ""EXTREME"", ""action"": ""BREAK_EXIT"", ""support"": ""CONTRADICTED"", ""n_neg"": 5, ""data_unreliable"": false}, {""minute"": ""15:15"", ""mid"": 211.39999999999998, ""bid"": 211.1, ""risk"": ""HIGH"", ""action"": ""PREPARE_EXIT"", ""support"": ""CONTRADICTED"", ""n_neg"": 3, ""data_unreliable"": false}, {""minute"": ""15:16"", ""mid"": 208.175, ""bid"": 208.0, ""risk"": ""ELEVATED"", ""action"": ""CAUTION"", ""support"": ""NORMAL"", ""n_neg"": 1, ""data_unreliable"": false}, {""minute"": ""15:17"", ""mid"": 160.625, ""bid"": 160.35, ""risk"": ""EXTREME"", ""action"": ""BREAK_EXIT"", ""support"": ""CONTRADICTED"", ""n_neg"": 8, ""data_unreliable"": false}, {""minute"": ""15:18"", ""mid"": 124.425, ""bid"": 124.05, ""risk"": ""EXTREME"", ""action"": ""BREAK_EXIT"", ""support"": ""CONTRADICTED"", ""n_neg"": 8, ""data_unreliable"": false}, {""minute"": ""15:19"", ""mid"": 135.325, ""bid"": 135.05, ""risk"": ""EXTREME"", ""action"": ""BREAK_EXIT"", ""support"": ""CONTRADICTED"", ""n_neg"": 6, ""data_unreliable"": false}]"
SENSEX,2026-08-06,CLOSING_1515_1529,CE,78900.0,15:15,15:29,244.775,245.15,"[{""minute"": ""15:15"", ""mid"": 244.775, ""bid"": 244.4, ""risk"": ""ELEVATED"", ""action"": ""CAUTION"", ""support"": ""NORMAL"", ""n_neg"": 1, ""data_unreliable"": false}, {""minute"": ""15:16"", ""mid"": 242.125, ""bid"": 241.8, ""risk"": ""ELEVATED"", ""action"": ""CAUTION"", ""support"": ""NORMAL"", ""n_neg"": 2, ""data_unreliable"": false}, {""minute"": ""15:17"", ""mid"": 257.9, ""bid"": 257.45, ""risk"": ""NORMAL"", ""action"": ""HOLD"", ""support"": ""STRONG"", ""n_neg"": 0, ""data_unreliable"": false}, {""minute"": ""15:18"", ""mid"": 278.9, ""bid"": 278.45, ""risk"": ""NORMAL"", ""action"": ""HOLD"", ""support"": ""STRONG"", ""n_neg"": 0, ""data_unreliable"": false}, {""minute"": ""15:19"", ""mid"": 273.275, ""bid"": 272.75, ""risk"": ""ELEVATED"", ""action"": ""CAUTION"", ""support"": ""NORMAL"", ""n_neg"": 1, ""data_unreliable"": false}, {""minute"": ""15:20"", ""mid"": 239.05, ""bid"": 238.75, ""risk"": ""EXTREME"", ""action"": ""BREAK_EXIT"", ""support"": ""CONTRADICTED"", ""n_neg"": 7, ""data_unreliable"": false}, {""minute"": ""15:21"", ""mid"": 196.775, ""bid"": 196.3, ""risk"": ""EXTREME"", ""action"": ""BREAK_EXIT"", ""support"": ""CONTRADICTED"", ""n_neg"": 9, ""data_unreliable"": false}, {""minute"": ""15:22"", ""mid"": 250.275, ""bid"": 249.55, ""risk"": ""ELEVATED"", ""action"": ""CAUTION"", ""support"": ""NORMAL"", ""n_neg"": 2, ""data_unreliable"": false}, {""minute"": ""15:23"", ""mid"": 312.85, ""bid"": 311.75, ""risk"": ""NORMAL"", ""action"": ""HOLD"", ""support"": ""NORMAL"", ""n_neg"": 1, ""data_unreliable"": false}, {""minute"": ""15:24"", ""mid"": 376.9, ""bid"": 375.5, ""risk"": ""NORMAL"", ""action"": ""HOLD"", ""support"": ""NORMAL"", ""n_neg"": 1, ""data_unreliable"": false}, {""minute"": ""15:25"", ""mid"": 229.39999999999998, ""bid"": 229.35, ""risk"": ""EXTREME"", ""action"": ""BREAK_EXIT"", ""support"": ""CONTRADICTED"", ""n_neg"": 7, ""data_unreliable"": false}, {""minute"": ""15:26"", ""mid"": 240.7, ""bid"": 239.55, ""risk"": ""EXTREME"", ""action"": ""BREAK_EXIT"", ""support"": ""CONTRADICTED"", ""n_neg"": 8, ""data_unreliable"": false}, {""minute"": ""15:27"", ""mid"": 219.425, ""bid"": 218.55, ""risk"": ""HIGH"", ""action"": ""PREPARE_EXIT"", ""support"": ""CONTRADICTED"", ""n_neg"": 7, ""data_unreliable"": false}, {""minute"": ""15:28"", ""mid"": 157.55, ""bid"": 157.1, ""risk"": ""EXTREME"", ""action"": ""BREAK_EXIT"", ""support"": ""CONTRADICTED"", ""n_neg"": 8, ""data_unreliable"": false}, {""minute"": ""15:29"", ""mid"": 84.525, ""bid"": 84.25, ""risk"": ""EXTREME"", ""action"": ""BREAK_EXIT"", ""support"": ""CONTRADICTED"", ""n_neg"": 8, ""data_unreliable"": false}]"
SENSEX,2026-08-06,CLOSING_1515_1529,PE,78900.0,15:15,15:29,253.60000000000002,253.9,"[{""minute"": ""15:15"", ""mid"": 253.60000000000002, ""bid"": 253.3, ""risk"": ""HIGH"", ""action"": ""PREPARE_EXIT"", ""support"": ""CONTRADICTED"", ""n_neg"": 4, ""data_unreliable"": false}, {""minute"": ""15:16"", ""mid"": 251.85, ""bid"": 251.5, ""risk"": ""ELEVATED"", ""action"": ""CAUTION"", ""support"": ""NORMAL"", ""n_neg"": 2, ""data_unreliable"": false}, {""minute"": ""15:17"", ""mid"": 196.625, ""bid"": 196.15, ""risk"": ""EXTREME"", ""action"": ""BREAK_EXIT"", ""support"": ""CONTRADICTED"", ""n_neg"": 8, ""data_unreliable"": false}, {""minute"": ""15:18"", ""mid"": 159.60000000000002, ""bid"": 159.05, ""risk"": ""EXTREME"", ""action"": ""BREAK_EXIT"", ""support"": ""CONTRADICTED"", ""n_neg"": 7, ""data_unreliable"": false}, {""minute"": ""15:19"", ""mid"": 167.02499999999998, ""bid"": 166.7, ""risk"": ""EXTREME"", ""action"": ""BREAK_EXIT"", ""support"": ""CONTRADICTED"", ""n_neg"": 8, ""data_unreliable"": false}, {""minute"": ""15:20"", ""mid"": 184.15, ""bid"": 183.8, ""risk"": ""ELEVATED"", ""action"": ""CAUTION"", ""support"": ""NORMAL"", ""n_neg"": 2, ""data_unreliable"": false}, {""minute"": ""15:21"", ""mid"": 179.725, ""bid"": 179.35, ""risk"": ""ELEVATED"", ""action"": ""CAUTION"", ""support"": ""NORMAL"", ""n_neg"": 2, ""data_unreliable"": false}, {""minute"": ""15:22"", ""mid"": 130.925, ""bid"": 130.4, ""risk"": ""EXTREME"", ""action"": ""BREAK_EXIT"", ""support"": ""CONTRADICTED"", ""n_neg"": 9, ""data_unreliable"": false}, {""minute"": ""15:23"", ""mid"": 81.67500000000001, ""bid"": 81.45, ""risk"": ""HIGH"", ""action"": ""PREPARE_EXIT"", ""support"": ""CONTRADICTED"", ""n_neg"": 5, ""data_unreliable"": false}, {""minute"": ""15:24"", ""mid"": 43.575, ""bid"": 43.3, ""risk"": ""EXTREME"", ""action"": ""BREAK_EXIT"", ""support"": ""CONTRADICTED"", ""n_neg"": 6, ""data_unreliable"": false}, {""minute"": ""15:25"", ""mid"": 76.67500000000001, ""bid"": 76.45, ""risk"": ""HIGH"", ""action"": ""PREPARE_EXIT"", ""support"": ""CONTRADICTED"", ""n_neg"": 5, ""data_unreliable"": false}, {""minute"": ""15:26"", ""mid"": 84.475, ""bid"": 84.1, ""risk"": ""NORMAL"", ""action"": ""HOLD"", ""support"": ""NORMAL"", ""n_neg"": 1, ""data_unreliable"": false}, {""minute"": ""15:27"", ""mid"": 73.2, ""bid"": 72.95, ""risk"": ""HIGH"", ""action"": ""PREPARE_EXIT"", ""support"": ""CONTRADICTED"", ""n_neg"": 4, ""data_unreliable"": false}, {""minute"": ""15:28"", ""mid"": 85.025, ""bid"": 84.75, ""risk"": ""NORMAL"", ""action"": ""HOLD"", ""support"": ""NORMAL"", ""n_neg"": 1, ""data_unreliable"": false}, {""minute"": ""15:29"", ""mid"": 31.65, ""bid"": 31.4, ""risk"": ""HIGH"", ""action"": ""PREPARE_EXIT"", ""support"": ""CONTRADICTED"", ""n_neg"": 6, ""data_unreliable"": false}]"
NIFTY,2026-08-07,11D_SHAPED_1500_1519,CE,24600.0,15:00,15:19,102.4,102.5,"[{""minute"": ""15:00"", ""mid"": 102.4, ""bid"": 102.3, ""risk"": ""NORMAL"", ""action"": ""HOLD"", ""support"": ""NORMAL"", ""n_neg"": 0, ""data_unreliable"": false}, {""minute"": ""15:01"", ""mid"": 103.875, ""bid"": 103.85, ""risk"": ""LOW"", ""action"": ""HOLD"", ""support"": ""STRONG"", ""n_neg"": 0, ""data_unreliable"": false}, {""minute"": ""15:02"", ""mid"": 105.15, ""bid"": 105.05, ""risk"": ""LOW"", ""action"": ""HOLD"", ""support"": ""STRONG"", ""n_neg"": 0, ""data_unreliable"": false}, {""minute"": ""15:03"", ""mid"": 107.15, ""bid"": 107.0, ""risk"": ""LOW"", ""action"": ""HOLD"", ""support"": ""STRONG"", ""n_neg"": 0, ""data_unreliable"": false}, {""minute"": ""15:04"", ""mid"": 107.125, ""bid"": 107.0, ""risk"": ""ELEVATED"", ""action"": ""CAUTION"", ""support"": ""NORMAL"", ""n_neg"": 1, ""data_unreliable"": false}, {""minute"": ""15:05"", ""mid"": 107.30000000000001, ""bid"": 107.15, ""risk"": ""NORMAL"", ""action"": ""HOLD"", ""support"": ""NORMAL"", ""n_neg"": 0, ""data_unreliable"": false}, {""minute"": ""15:06"", ""mid"": 106.75, ""bid"": 106.65, ""risk"": ""HIGH"", ""action"": ""PREPARE_EXIT"", ""support"": ""CONTRADICTED"", ""n_neg"": 3, ""data_unreliable"": false}, {""minute"": ""15:07"", ""mid"": 108.075, ""bid"": 108.0, ""risk"": ""LOW"", ""action"": ""HOLD"", ""support"": ""STRONG"", ""n_neg"": 0, ""data_unreliable"": false}, {""minute"": ""15:08"", ""mid"": 110.45, ""bid"": 110.4, ""risk"": ""LOW"", ""action"": ""HOLD"", ""support"": ""STRONG"", ""n_neg"": 0, ""data_unreliable"": false}, {""minute"": ""15:09"", ""mid"": 109.575, ""bid"": 109.5, ""risk"": ""ELEVATED"", ""action"": ""CAUTION"", ""support"": ""NORMAL"", ""n_neg"": 1, ""data_unreliable"": false}, {""minute"": ""15:10"", ""mid"": 112.725, ""bid"": 112.65, ""risk"": ""LOW"", ""action"": ""HOLD"", ""support"": ""STRONG"", ""n_neg"": 0, ""data_unreliable"": false}, {""minute"": ""15:11"", ""mid"": 113.925, ""bid"": 113.85, ""risk"": ""LOW"", ""action"": ""HOLD"", ""support"": ""STRONG"", ""n_neg"": 0, ""data_unreliable"": false}, {""minute"": ""15:12"", ""mid"": 114.425, ""bid"": 114.35, ""risk"": ""LOW"", ""action"": ""HOLD"", ""support"": ""STRONG"", ""n_neg"": 0, ""data_unreliable"": false}, {""minute"": ""15:13"", ""mid"": 115.75, ""bid"": 115.6, ""risk"": ""LOW"", ""action"": ""HOLD"", ""support"": ""STRONG"", ""n_neg"": 0, ""data_unreliable"": false}, {""minute"": ""15:14"", ""mid"": 114.4, ""bid"": 114.3, ""risk"": ""ELEVATED"", ""action"": ""CAUTION"", ""support"": ""NORMAL"", ""n_neg"": 2, ""data_unreliable"": false}, {""minute"": ""15:15"", ""mid"": 115.825, ""bid"": 115.65, ""risk"": ""NORMAL"", ""action"": ""HOLD"", ""support"": ""NORMAL"", ""n_neg"": 1, ""data_unreliable"": false}, {""minute"": ""15:16"", ""mid"": 116.85, ""bid"": 116.7, ""risk"": ""NORMAL"", ""action"": ""HOLD"", ""support"": ""STRONG"", ""n_neg"": 0, ""data_unreliable"": false}, {""minute"": ""15:17"", ""mid"": 114.35, ""bid"": 114.2, ""risk"": ""HIGH"", ""action"": ""PREPARE_EXIT"", ""support"": ""CONTRADICTED"", ""n_neg"": 5, ""data_unreliable"": false}, {""minute"": ""15:18"", ""mid"": 112.30000000000001, ""bid"": 112.15, ""risk"": ""EXTREME"", ""action"": ""BREAK_EXIT"", ""support"": ""CONTRADICTED"", ""n_neg"": 6, ""data_unreliable"": false}, {""minute"": ""15:19"", ""mid"": 108.025, ""bid"": 107.85, ""risk"": ""EXTREME"", ""action"": ""BREAK_EXIT"", ""support"": ""CONTRADICTED"", ""n_neg"": 9, ""data_unreliable"": false}]"
NIFTY,2026-08-07,11D_SHAPED_1500_1519,PE,24600.0,15:00,15:19,121.44999999999999,121.55,"[{""minute"": ""15:00"", ""mid"": 121.44999999999999, ""bid"": 121.35, ""risk"": ""EXTREME"", ""action"": ""BREAK_EXIT"", ""support"": ""CONTRADICTED"", ""n_neg"": 5, ""data_unreliable"": false}, {""minute"": ""15:01"", ""mid"": 120.17500000000001, ""bid"": 120.15, ""risk"": ""EXTREME"", ""action"": ""BREAK_EXIT"", ""support"": ""CONTRADICTED"", ""n_neg"": 6, ""data_unreliable"": false}, {""minute"": ""15:02"", ""mid"": 119.19999999999999, ""bid"": 119.05, ""risk"": ""EXTREME"", ""action"": ""BREAK_EXIT"", ""support"": ""CONTRADICTED"", ""n_neg"": 7, ""data_unreliable"": false}, {""minute"": ""15:03"", ""mid"": 116.275, ""bid"": 116.15, ""risk"": ""HIGH"", ""action"": ""PREPARE_EXIT"", ""support"": ""CONTRADICTED"", ""n_neg"": 5, ""data_unreliable"": false}, {""minute"": ""15:04"", ""mid"": 115.85, ""bid"": 115.7, ""risk"": ""EXTREME"", ""action"": ""BREAK_EXIT"", ""support"": ""CONTRADICTED"", ""n_neg"": 6, ""data_unreliable"": false}, {""minute"": ""15:05"", ""mid"": 115.875, ""bid"": 115.85, ""risk"": ""ELEVATED"", ""action"": ""CAUTION"", ""support"": ""WEAK"", ""n_neg"": 2, ""data_unreliable"": false}, {""minute"": ""15:06"", ""mid"": 115.19999999999999, ""bid"": 115.05, ""risk"": ""HIGH"", ""action"": ""PREPARE_EXIT"", ""support"": ""CONTRADICTED"", ""n_neg"": 5, ""data_unreliable"": false}, {""minute"": ""15:07"", ""mid"": 113.025, ""bid"": 112.9, ""risk"": ""EXTREME"", ""action"": ""BREAK_EXIT"", ""support"": ""CONTRADICTED"", ""n_neg"": 5, ""data_unreliable"": false}, {""minute"": ""15:08"", ""mid"": 111.775, ""bid"": 111.75, ""risk"": ""EXTREME"", ""action"": ""BREAK_EXIT"", ""support"": ""CONTRADICTED"", ""n_neg"": 6, ""data_unreliable"": false}, {""minute"": ""15:09"", ""mid"": 113.35, ""bid"": 113.25, ""risk"": ""HIGH"", ""action"": ""PREPARE_EXIT"", ""support"": ""CONTRADICTED"", ""n_neg"": 4, ""data_unreliable"": false}, {""minute"": ""15:10"", ""mid"": 110.65, ""bid"": 110.6, ""risk"": ""EXTREME"", ""action"": ""BREAK_EXIT"", ""support"": ""CONTRADICTED"", ""n_neg"": 6, ""data_unreliable"": false}, {""minute"": ""15:11"", ""mid"": 108.94999999999999, ""bid"": 108.8, ""risk"": ""EXTREME"", ""action"": ""BREAK_EXIT"", ""support"": ""CONTRADICTED"", ""n_neg"": 5, ""data_unreliable"": false}, {""minute"": ""15:12"", ""mid"": 108.6, ""bid"": 108.55, ""risk"": ""EXTREME"", ""action"": ""BREAK_EXIT"", ""support"": ""CONTRADICTED"", ""n_neg"": 5, ""data_unreliable"": false}, {""minute"": ""15:13"", ""mid"": 103.69999999999999, ""bid"": 103.55, ""risk"": ""EXTREME"", ""action"": ""BREAK_EXIT"", ""support"": ""CONTRADICTED"", ""n_neg"": 7, ""data_unreliable"": false}, {""minute"": ""15:14"", ""mid"": 105.725, ""bid"": 105.6, ""risk"": ""EXTREME"", ""action"": ""BREAK_EXIT"", ""support"": ""CONTRADICTED"", ""n_neg"": 4, ""data_unreliable"": false}, {""minute"": ""15:15"", ""mid"": 101.85, ""bid"": 101.7, ""risk"": ""EXTREME"", ""action"": ""BREAK_EXIT"", ""support"": ""CONTRADICTED"", ""n_neg"": 6, ""data_unreliable"": false}, {""minute"": ""15:16"", ""mid"": 101.30000000000001, ""bid"": 101.2, ""risk"": ""EXTREME"", ""action"": ""BREAK_EXIT"", ""support"": ""CONTRADICTED"", ""n_neg"": 7, ""data_unreliable"": false}, {""minute"": ""15:17"", ""mid"": 105.125, ""bid"": 105.0, ""risk"": ""NORMAL"", ""action"": ""HOLD"", ""support"": ""NORMAL"", ""n_neg"": 1, ""data_unreliable"": false}, {""minute"": ""15:18"", ""mid"": 105.825, ""bid"": 105.65, ""risk"": ""NORMAL"", ""action"": ""HOLD"", ""support"": ""NORMAL"", ""n_neg"": 1, ""data_unreliable"": false}, {""minute"": ""15:19"", ""mid"": 109.175, ""bid"": 109.0, ""risk"": ""NORMAL"", ""action"": ""HOLD"", ""support"": ""NORMAL"", ""n_neg"": 1, ""data_unreliable"": false}]"
NIFTY,2026-08-07,CLOSING_1515_1529,CE,24600.0,15:15,15:29,115.825,116.0,"[{""minute"": ""15:15"", ""mid"": 115.825, ""bid"": 115.65, ""risk"": ""LOW"", ""action"": ""HOLD"", ""support"": ""STRONG"", ""n_neg"": 0, ""data_unreliable"": false}, {""minute"": ""15:16"", ""mid"": 116.85, ""bid"": 116.7, ""risk"": ""NORMAL"", ""action"": ""HOLD"", ""support"": ""STRONG"", ""n_neg"": 0, ""data_unreliable"": false}, {""minute"": ""15:17"", ""mid"": 114.35, ""bid"": 114.2, ""risk"": ""HIGH"", ""action"": ""PREPARE_EXIT"", ""support"": ""CONTRADICTED"", ""n_neg"": 5, ""data_unreliable"": false}, {""minute"": ""15:18"", ""mid"": 112.30000000000001, ""bid"": 112.15, ""risk"": ""EXTREME"", ""action"": ""BREAK_EXIT"", ""support"": ""CONTRADICTED"", ""n_neg"": 6, ""data_unreliable"": false}, {""minute"": ""15:19"", ""mid"": 108.025, ""bid"": 107.85, ""risk"": ""EXTREME"", ""action"": ""BREAK_EXIT"", ""support"": ""CONTRADICTED"", ""n_neg"": 8, ""data_unreliable"": false}, {""minute"": ""15:20"", ""mid"": 111.05000000000001, ""bid"": 110.9, ""risk"": ""EXTREME"", ""action"": ""BREAK_EXIT"", ""support"": ""CONTRADICTED"", ""n_neg"": 5, ""data_unreliable"": false}, {""minute"": ""15:21"", ""mid"": 110.275, ""bid"": 110.1, ""risk"": ""ELEVATED"", ""action"": ""CAUTION"", ""support"": ""NORMAL"", ""n_neg"": 2, ""data_unreliable"": false}, {""minute"": ""15:22"", ""mid"": 109.175, ""bid"": 109.05, ""risk"": ""EXTREME"", ""action"": ""BREAK_EXIT"", ""support"": ""CONTRADICTED"", ""n_neg"": 4, ""data_unreliable"": false}, {""minute"": ""15:23"", ""mid"": 110.6, ""bid"": 110.45, ""risk"": ""NORMAL"", ""action"": ""HOLD"", ""support"": ""NORMAL"", ""n_neg"": 0, ""data_unreliable"": false}, {""minute"": ""15:24"", ""mid"": 110.85, ""bid"": 110.7, ""risk"": ""NORMAL"", ""action"": ""HOLD"", ""support"": ""STRONG"", ""n_neg"": 0, ""data_unreliable"": false}, {""minute"": ""15:25"", ""mid"": 108.475, ""bid"": 108.3, ""risk"": ""EXTREME"", ""action"": ""BREAK_EXIT"", ""support"": ""CONTRADICTED"", ""n_neg"": 6, ""data_unreliable"": false}, {""minute"": ""15:26"", ""mid"": 109.15, ""bid"": 109.0, ""risk"": ""EXTREME"", ""action"": ""BREAK_EXIT"", ""support"": ""CONTRADICTED"", ""n_neg"": 5, ""data_unreliable"": false}, {""minute"": ""15:27"", ""mid"": 107.475, ""bid"": 107.3, ""risk"": ""HIGH"", ""action"": ""PREPARE_EXIT"", ""support"": ""CONTRADICTED"", ""n_neg"": 3, ""data_unreliable"": false}, {""minute"": ""15:28"", ""mid"": 106.4, ""bid"": 106.25, ""risk"": ""EXTREME"", ""action"": ""BREAK_EXIT"", ""support"": ""CONTRADICTED"", ""n_neg"": 6, ""data_unreliable"": false}, {""minute"": ""15:29"", ""mid"": 105.35, ""bid"": 105.2, ""risk"": ""EXTREME"", ""action"": ""BREAK_EXIT"", ""support"": ""CONTRADICTED"", ""n_neg"": 4, ""data_unreliable"": false}]"
NIFTY,2026-08-07,CLOSING_1515_1529,PE,24600.0,15:15,15:29,101.85,102.0,"[{""minute"": ""15:15"", ""mid"": 101.85, ""bid"": 101.7, ""risk"": ""EXTREME"", ""action"": ""BREAK_EXIT"", ""support"": ""CONTRADICTED"", ""n_neg"": 5, ""data_unreliable"": false}, {""minute"": ""15:16"", ""mid"": 101.30000000000001, ""bid"": 101.2, ""risk"": ""EXTREME"", ""action"": ""BREAK_EXIT"", ""support"": ""CONTRADICTED"", ""n_neg"": 7, ""data_unreliable"": false}, {""minute"": ""15:17"", ""mid"": 105.125, ""bid"": 105.0, ""risk"": ""NORMAL"", ""action"": ""HOLD"", ""support"": ""NORMAL"", ""n_neg"": 1, ""data_unreliable"": false}, {""minute"": ""15:18"", ""mid"": 105.825, ""bid"": 105.65, ""risk"": ""NORMAL"", ""action"": ""HOLD"", ""support"": ""STRONG"", ""n_neg"": 0, ""data_unreliable"": false}, {""minute"": ""15:19"", ""mid"": 109.175, ""bid"": 109.0, ""risk"": ""NORMAL"", ""action"": ""HOLD"", ""support"": ""STRONG"", ""n_neg"": 0, ""data_unreliable"": false}, {""minute"": ""15:20"", ""mid"": 106.9, ""bid"": 106.85, ""risk"": ""ELEVATED"", ""action"": ""CAUTION"", ""support"": ""NORMAL"", ""n_neg"": 1, ""data_unreliable"": false}, {""minute"": ""15:21"", ""mid"": 106.85, ""bid"": 106.7, ""risk"": ""HIGH"", ""action"": ""PREPARE_EXIT"", ""support"": ""CONTRADICTED"", ""n_neg"": 4, ""data_unreliable"": false}, {""minute"": ""15:22"", ""mid"": 107.80000000000001, ""bid"": 107.65, ""risk"": ""NORMAL"", ""action"": ""HOLD"", ""support"": ""NORMAL"", ""n_neg"": 1, ""data_unreliable"": false}, {""minute"": ""15:23"", ""mid"": 104.675, ""bid"": 104.5, ""risk"": ""EXTREME"", ""action"": ""BREAK_EXIT"", ""support"": ""CONTRADICTED"", ""n_neg"": 6, ""data_unreliable"": false}, {""minute"": ""15:24"", ""mid"": 105.175, ""bid"": 105.05, ""risk"": ""EXTREME"", ""action"": ""BREAK_EXIT"", ""support"": ""CONTRADICTED"", ""n_neg"": 5, ""data_unreliable"": false}, {""minute"": ""15:25"", ""mid"": 107.125, ""bid"": 106.95, ""risk"": ""NORMAL"", ""action"": ""HOLD"", ""support"": ""NORMAL"", ""n_neg"": 1, ""data_unreliable"": false}, {""minute"": ""15:26"", ""mid"": 105.175, ""bid"": 105.05, ""risk"": ""ELEVATED"", ""action"": ""CAUTION"", ""support"": ""NORMAL"", ""n_neg"": 1, ""data_unreliable"": false}, {""minute"": ""15:27"", ""mid"": 105.875, ""bid"": 105.7, ""risk"": ""ELEVATED"", ""action"": ""CAUTION"", ""support"": ""WEAK"", ""n_neg"": 2, ""data_unreliable"": false}, {""minute"": ""15:28"", ""mid"": 107.025, ""bid"": 106.85, ""risk"": ""NORMAL"", ""action"": ""HOLD"", ""support"": ""STRONG"", ""n_neg"": 0, ""data_unreliable"": false}, {""minute"": ""15:29"", ""mid"": 106.80000000000001, ""bid"": 106.65, ""risk"": ""ELEVATED"", ""action"": ""CAUTION"", ""support"": ""NORMAL"", ""n_neg"": 1, ""data_unreliable"": false}]"
SENSEX,2026-08-07,11D_SHAPED_1500_1519,CE,78600.0,15:00,15:19,487.79999999999995,487.95,"[{""minute"": ""15:00"", ""mid"": 487.79999999999995, ""bid"": 487.65, ""risk"": ""LOW"", ""action"": ""HOLD"", ""support"": ""STRONG"", ""n_neg"": 0, ""data_unreliable"": false}, {""minute"": ""15:01"", ""mid"": 490.225, ""bid"": 489.65, ""risk"": ""NORMAL"", ""action"": ""HOLD"", ""support"": ""NORMAL"", ""n_neg"": 1, ""data_unreliable"": false}, {""minute"": ""15:02"", ""mid"": 496.04999999999995, ""bid"": 495.4, ""risk"": ""NORMAL"", ""action"": ""HOLD"", ""support"": ""NORMAL"", ""n_neg"": 1, ""data_unreliable"": false}, {""minute"": ""15:03"", ""mid"": 501.5, ""bid"": 501.0, ""risk"": ""NORMAL"", ""action"": ""HOLD"", ""support"": ""NORMAL"", ""n_neg"": 1, ""data_unreliable"": false}, {""minute"": ""15:04"", ""mid"": 502.225, ""bid"": 501.6, ""risk"": ""NORMAL"", ""action"": ""HOLD"", ""support"": ""NORMAL"", ""n_neg"": 1, ""data_unreliable"": false}, {""minute"": ""15:05"", ""mid"": 503.15, ""bid"": 502.6, ""risk"": ""NORMAL"", ""action"": ""HOLD"", ""support"": ""NORMAL"", ""n_neg"": 1, ""data_unreliable"": false}, {""minute"": ""15:06"", ""mid"": 500.95, ""bid"": 500.4, ""risk"": ""HIGH"", ""action"": ""PREPARE_EXIT"", ""support"": ""CONTRADICTED"", ""n_neg"": 5, ""data_unreliable"": false}, {""minute"": ""15:07"", ""mid"": 502.15, ""bid"": 501.4, ""risk"": ""ELEVATED"", ""action"": ""CAUTION"", ""support"": ""WEAK"", ""n_neg"": 3, ""data_unreliable"": false}, {""minute"": ""15:08"", ""mid"": 508.225, ""bid"": 507.5, ""risk"": ""NORMAL"", ""action"": ""HOLD"", ""support"": ""NORMAL"", ""n_neg"": 1, ""data_unreliable"": false}, {""minute"": ""15:09"", ""mid"": 510.725, ""bid"": 510.05, ""risk"": ""NORMAL"", ""action"": ""HOLD"", ""support"": ""NORMAL"", ""n_neg"": 1, ""data_unreliable"": false}, {""minute"": ""15:10"", ""mid"": 522.125, ""bid"": 521.6, ""risk"": ""NORMAL"", ""action"": ""HOLD"", ""support"": ""NORMAL"", ""n_neg"": 1, ""data_unreliable"": false}, {""minute"": ""15:11"", ""mid"": 527.55, ""bid"": 527.1, ""risk"": ""NORMAL"", ""action"": ""HOLD"", ""support"": ""NORMAL"", ""n_neg"": 1, ""data_unreliable"": false}, {""minute"": ""15:12"", ""mid"": 531.025, ""bid"": 530.3, ""risk"": ""NORMAL"", ""action"": ""HOLD"", ""support"": ""NORMAL"", ""n_neg"": 1, ""data_unreliable"": false}, {""minute"": ""15:13"", ""mid"": 540.2750000000001, ""bid"": 539.6, ""risk"": ""NORMAL"", ""action"": ""HOLD"", ""support"": ""NORMAL"", ""n_neg"": 1, ""data_unreliable"": false}, {""minute"": ""15:14"", ""mid"": 537.4, ""bid"": 536.8, ""risk"": ""ELEVATED"", ""action"": ""CAUTION"", ""support"": ""NORMAL"", ""n_neg"": 2, ""data_unreliable"": false}, {""minute"": ""15:15"", ""mid"": 546.425, ""bid"": 545.6, ""risk"": ""NORMAL"", ""action"": ""HOLD"", ""support"": ""NORMAL"", ""n_neg"": 1, ""data_unreliable"": false}, {""minute"": ""15:16"", ""mid"": 549.975, ""bid"": 549.45, ""risk"": ""NORMAL"", ""action"": ""HOLD"", ""support"": ""NORMAL"", ""n_neg"": 1, ""data_unreliable"": false}, {""minute"": ""15:17"", ""mid"": 539.35, ""bid"": 538.6, ""risk"": ""HIGH"", ""action"": ""PREPARE_EXIT"", ""support"": ""CONTRADICTED"", ""n_neg"": 6, ""data_unreliable"": false}, {""minute"": ""15:18"", ""mid"": 538.55, ""bid"": 538.1, ""risk"": ""EXTREME"", ""action"": ""BREAK_EXIT"", ""support"": ""CONTRADICTED"", ""n_neg"": 7, ""data_unreliable"": false}, {""minute"": ""15:19"", ""mid"": 538.325, ""bid"": 537.5, ""risk"": ""HIGH"", ""action"": ""PREPARE_EXIT"", ""support"": ""CONTRADICTED"", ""n_neg"": 5, ""data_unreliable"": false}]"
SENSEX,2026-08-07,11D_SHAPED_1500_1519,PE,78600.0,15:00,15:19,499.075,499.45,"[{""minute"": ""15:00"", ""mid"": 499.075, ""bid"": 498.7, ""risk"": ""EXTREME"", ""action"": ""BREAK_EXIT"", ""support"": ""CONTRADICTED"", ""n_neg"": 5, ""data_unreliable"": false}, {""minute"": ""15:01"", ""mid"": 498.55, ""bid"": 498.0, ""risk"": ""EXTREME"", ""action"": ""BREAK_EXIT"", ""support"": ""CONTRADICTED"", ""n_neg"": 6, ""data_unreliable"": false}, {""minute"": ""15:02"", ""mid"": 490.125, ""bid"": 489.7, ""risk"": ""EXTREME"", ""action"": ""BREAK_EXIT"", ""support"": ""CONTRADICTED"", ""n_neg"": 6, ""data_unreliable"": false}, {""minute"": ""15:03"", ""mid"": 483.55, ""bid"": 483.1, ""risk"": ""EXTREME"", ""action"": ""BREAK_EXIT"", ""support"": ""CONTRADICTED"", ""n_neg"": 6, ""data_unreliable"": false}, {""minute"": ""15:04"", ""mid"": 485.70000000000005, ""bid"": 485.05, ""risk"": ""HIGH"", ""action"": ""PREPARE_EXIT"", ""support"": ""CONTRADICTED"", ""n_neg"": 4, ""data_unreliable"": false}, {""minute"": ""15:05"", ""mid"": 481.825, ""bid"": 481.25, ""risk"": ""HIGH"", ""action"": ""PREPARE_EXIT"", ""support"": ""CONTRADICTED"", ""n_neg"": 3, ""data_unreliable"": false}, {""minute"": ""15:06"", ""mid"": 483.075, ""bid"": 482.5, ""risk"": ""ELEVATED"", ""action"": ""CAUTION"", ""support"": ""WEAK"", ""n_neg"": 3, ""data_unreliable"": false}, {""minute"": ""15:07"", ""mid"": 479.975, ""bid"": 479.5, ""risk"": ""HIGH"", ""action"": ""PREPARE_EXIT"", ""support"": ""CONTRADICTED"", ""n_neg"": 4, ""data_unreliable"": false}, {""minute"": ""15:08"", ""mid"": 475.1, ""bid"": 474.45, ""risk"": ""EXTREME"", ""action"": ""BREAK_EXIT"", ""support"": ""CONTRADICTED"", ""n_neg"": 8, ""data_unreliable"": false}, {""minute"": ""15:09"", ""mid"": 475.45000000000005, ""bid"": 474.85, ""risk"": ""HIGH"", ""action"": ""PREPARE_EXIT"", ""support"": ""CONTRADICTED"", ""n_neg"": 4, ""data_unreliable"": false}, {""minute"": ""15:10"", ""mid"": 462.20000000000005, ""bid"": 461.55, ""risk"": ""EXTREME"", ""action"": ""BREAK_EXIT"", ""support"": ""CONTRADICTED"", ""n_neg"": 8, ""data_unreliable"": false}, {""minute"": ""15:11"", ""mid"": 453.475, ""bid"": 453.15, ""risk"": ""EXTREME"", ""action"": ""BREAK_EXIT"", ""support"": ""CONTRADICTED"", ""n_neg"": 5, ""data_unreliable"": false}, {""minute"": ""15:12"", ""mid"": 450.5, ""bid"": 449.95, ""risk"": ""EXTREME"", ""action"": ""BREAK_EXIT"", ""support"": ""CONTRADICTED"", ""n_neg"": 5, ""data_unreliable"": false}, {""minute"": ""15:13"", ""mid"": 434.675, ""bid"": 434.6, ""risk"": ""EXTREME"", ""action"": ""BREAK_EXIT"", ""support"": ""CONTRADICTED"", ""n_neg"": 7, ""data_unreliable"": false}, {""minute"": ""15:14"", ""mid"": 437.375, ""bid"": 436.8, ""risk"": ""EXTREME"", ""action"": ""BREAK_EXIT"", ""support"": ""CONTRADICTED"", ""n_neg"": 6, ""data_unreliable"": false}, {""minute"": ""15:15"", ""mid"": 409.275, ""bid"": 409.1, ""risk"": ""EXTREME"", ""action"": ""BREAK_EXIT"", ""support"": ""CONTRADICTED"", ""n_neg"": 7, ""data_unreliable"": false}, {""minute"": ""15:16"", ""mid"": 414.275, ""bid"": 413.75, ""risk"": ""EXTREME"", ""action"": ""BREAK_EXIT"", ""support"": ""CONTRADICTED"", ""n_neg"": 8, ""data_unreliable"": false}, {""minute"": ""15:17"", ""mid"": 421.65, ""bid"": 420.95, ""risk"": ""ELEVATED"", ""action"": ""CAUTION"", ""support"": ""NORMAL"", ""n_neg"": 2, ""data_unreliable"": false}, {""minute"": ""15:18"", ""mid"": 423.8, ""bid"": 423.75, ""risk"": ""NORMAL"", ""action"": ""HOLD"", ""support"": ""STRONG"", ""n_neg"": 0, ""data_unreliable"": false}, {""minute"": ""15:19"", ""mid"": 429.225, ""bid"": 428.85, ""risk"": ""NORMAL"", ""action"": ""HOLD"", ""support"": ""STRONG"", ""n_neg"": 0, ""data_unreliable"": false}]"
SENSEX,2026-08-07,CLOSING_1515_1529,CE,78700.0,15:15,15:29,497.0,497.45,"[{""minute"": ""15:15"", ""mid"": 497.0, ""bid"": 496.55, ""risk"": ""LOW"", ""action"": ""HOLD"", ""support"": ""STRONG"", ""n_neg"": 0, ""data_unreliable"": false}, {""minute"": ""15:16"", ""mid"": 498.17499999999995, ""bid"": 497.7, ""risk"": ""NORMAL"", ""action"": ""HOLD"", ""support"": ""STRONG"", ""n_neg"": 0, ""data_unreliable"": false}, {""minute"": ""15:17"", ""mid"": 488.275, ""bid"": 487.55, ""risk"": ""HIGH"", ""action"": ""PREPARE_EXIT"", ""support"": ""CONTRADICTED"", ""n_neg"": 6, ""data_unreliable"": false}, {""minute"": ""15:18"", ""mid"": 487.4, ""bid"": 486.85, ""risk"": ""EXTREME"", ""action"": ""BREAK_EXIT"", ""support"": ""CONTRADICTED"", ""n_neg"": 6, ""data_unreliable"": false}, {""minute"": ""15:19"", ""mid"": 487.475, ""bid"": 487.1, ""risk"": ""HIGH"", ""action"": ""PREPARE_EXIT"", ""support"": ""CONTRADICTED"", ""n_neg"": 5, ""data_unreliable"": false}, {""minute"": ""15:20"", ""mid"": 488.725, ""bid"": 488.1, ""risk"": ""ELEVATED"", ""action"": ""CAUTION"", ""support"": ""WEAK"", ""n_neg"": 3, ""data_unreliable"": false}, {""minute"": ""15:21"", ""mid"": 485.20000000000005, ""bid"": 484.6, ""risk"": ""HIGH"", ""action"": ""PREPARE_EXIT"", ""support"": ""CONTRADICTED"", ""n_neg"": 4, ""data_unreliable"": false}, {""minute"": ""15:22"", ""mid"": 471.25, ""bid"": 471.15, ""risk"": ""EXTREME"", ""action"": ""BREAK_EXIT"", ""support"": ""CONTRADICTED"", ""n_neg"": 6, ""data_unreliable"": false}, {""minute"": ""15:23"", ""mid"": 472.625, ""bid"": 472.25, ""risk"": ""EXTREME"", ""action"": ""BREAK_EXIT"", ""support"": ""CONTRADICTED"", ""n_neg"": 4, ""data_unreliable"": false}, {""minute"": ""15:24"", ""mid"": 480.4, ""bid"": 480.25, ""risk"": ""NORMAL"", ""action"": ""HOLD"", ""support"": ""STRONG"", ""n_neg"": 0, ""data_unreliable"": false}, {""minute"": ""15:25"", ""mid"": 475.95000000000005, ""bid"": 475.3, ""risk"": ""ELEVATED"", ""action"": ""CAUTION"", ""support"": ""NORMAL"", ""n_neg"": 2, ""data_unreliable"": false}, {""minute"": ""15:26"", ""mid"": 469.525, ""bid"": 468.85, ""risk"": ""EXTREME"", ""action"": ""BREAK_EXIT"", ""support"": ""CONTRADICTED"", ""n_neg"": 7, ""data_unreliable"": false}, {""minute"": ""15:27"", ""mid"": 473.175, ""bid"": 472.6, ""risk"": ""ELEVATED"", ""action"": ""CAUTION"", ""support"": ""WEAK"", ""n_neg"": 2, ""data_unreliable"": false}, {""minute"": ""15:28"", ""mid"": 470.025, ""bid"": 469.4, ""risk"": ""ELEVATED"", ""action"": ""CAUTION"", ""support"": ""WEAK"", ""n_neg"": 2, ""data_unreliable"": false}, {""minute"": ""15:29"", ""mid"": 457.475, ""bid"": 456.75, ""risk"": ""EXTREME"", ""action"": ""BREAK_EXIT"", ""support"": ""CONTRADICTED"", ""n_neg"": 7, ""data_unreliable"": false}]"
SENSEX,2026-08-07,CLOSING_1515_1529,PE,78700.0,15:15,15:29,456.025,456.65,"[{""minute"": ""15:15"", ""mid"": 456.025, ""bid"": 455.4, ""risk"": ""EXTREME"", ""action"": ""BREAK_EXIT"", ""support"": ""CONTRADICTED"", ""n_neg"": 7, ""data_unreliable"": false}, {""minute"": ""15:16"", ""mid"": 462.225, ""bid"": 461.8, ""risk"": ""EXTREME"", ""action"": ""BREAK_EXIT"", ""support"": ""CONTRADICTED"", ""n_neg"": 7, ""data_unreliable"": false}, {""minute"": ""15:17"", ""mid"": 468.9, ""bid"": 468.25, ""risk"": ""NORMAL"", ""action"": ""HOLD"", ""support"": ""NORMAL"", ""n_neg"": 1, ""data_unreliable"": false}, {""minute"": ""15:18"", ""mid"": 471.35, ""bid"": 470.85, ""risk"": ""NORMAL"", ""action"": ""HOLD"", ""support"": ""STRONG"", ""n_neg"": 0, ""data_unreliable"": false}, {""minute"": ""15:19"", ""mid"": 477.225, ""bid"": 476.8, ""risk"": ""NORMAL"", ""action"": ""HOLD"", ""support"": ""STRONG"", ""n_neg"": 0, ""data_unreliable"": false}, {""minute"": ""15:20"", ""mid"": 483.35, ""bid"": 482.85, ""risk"": ""NORMAL"", ""action"": ""HOLD"", ""support"": ""STRONG"", ""n_neg"": 0, ""data_unreliable"": false}, {""minute"": ""15:21"", ""mid"": 488.3, ""bid"": 487.85, ""risk"": ""NORMAL"", ""action"": ""HOLD"", ""support"": ""STRONG"", ""n_neg"": 0, ""data_unreliable"": false}, {""minute"": ""15:22"", ""mid"": 488.15, ""bid"": 487.55, ""risk"": ""ELEVATED"", ""action"": ""CAUTION"", ""support"": ""NORMAL"", ""n_neg"": 1, ""data_unreliable"": false}, {""minute"": ""15:23"", ""mid"": 486.525, ""bid"": 485.8, ""risk"": ""HIGH"", ""action"": ""PREPARE_EXIT"", ""support"": ""CONTRADICTED"", ""n_neg"": 4, ""data_unreliable"": false}, {""minute"": ""15:24"", ""mid"": 477.125, ""bid"": 476.6, ""risk"": ""ELEVATED"", ""action"": ""CAUTION"", ""support"": ""WEAK"", ""n_neg"": 4, ""data_unreliable"": false}, {""minute"": ""15:25"", ""mid"": 481.35, ""bid"": 481.05, ""risk"": ""EXTREME"", ""action"": ""BREAK_EXIT"", ""support"": ""CONTRADICTED"", ""n_neg"": 4, ""data_unreliable"": false}, {""minute"": ""15:26"", ""mid"": 482.525, ""bid"": 482.0, ""risk"": ""NORMAL"", ""action"": ""HOLD"", ""support"": ""NORMAL"", ""n_neg"": 1, ""data_unreliable"": false}, {""minute"": ""15:27"", ""mid"": 482.15, ""bid"": 481.6, ""risk"": ""ELEVATED"", ""action"": ""CAUTION"", ""support"": ""NORMAL"", ""n_neg"": 1, ""data_unreliable"": false}, {""minute"": ""15:28"", ""mid"": 479.775, ""bid"": 479.1, ""risk"": ""HIGH"", ""action"": ""PREPARE_EXIT"", ""support"": ""CONTRADICTED"", ""n_neg"": 3, ""data_unreliable"": false}, {""minute"": ""15:29"", ""mid"": 479.6, ""bid"": 479.4, ""risk"": ""ELEVATED"", ""action"": ""CAUTION"", ""support"": ""NORMAL"", ""n_neg"": 2, ""data_unreliable"": false}]"
NIFTY,2026-08-10,11D_SHAPED_1500_1519,CE,24600.0,15:00,15:19,76.375,76.45,"[{""minute"": ""15:00"", ""mid"": 76.375, ""bid"": 76.3, ""risk"": ""EXTREME"", ""action"": ""BREAK_EXIT"", ""support"": ""CONTRADICTED"", ""n_neg"": 6, ""data_unreliable"": false}, {""minute"": ""15:01"", ""mid"": 74.675, ""bid"": 74.55, ""risk"": ""EXTREME"", ""action"": ""BREAK_EXIT"", ""support"": ""CONTRADICTED"", ""n_neg"": 6, ""data_unreliable"": false}, {""minute"": ""15:02"", ""mid"": 73.475, ""bid"": 73.4, ""risk"": ""EXTREME"", ""action"": ""BREAK_EXIT"", ""support"": ""CONTRADICTED"", ""n_neg"": 5, ""data_unreliable"": false}, {""minute"": ""15:03"", ""mid"": 79.69999999999999, ""bid"": 79.6, ""risk"": ""LOW"", ""action"": ""HOLD"", ""support"": ""STRONG"", ""n_neg"": 0, ""data_unreliable"": false}, {""minute"": ""15:04"", ""mid"": 79.0, ""bid"": 78.95, ""risk"": ""ELEVATED"", ""action"": ""CAUTION"", ""support"": ""NORMAL"", ""n_neg"": 1, ""data_unreliable"": false}, {""minute"": ""15:05"", ""mid"": 78.65, ""bid"": 78.55, ""risk"": ""EXTREME"", ""action"": ""BREAK_EXIT"", ""support"": ""CONTRADICTED"", ""n_neg"": 5, ""data_unreliable"": false}, {""minute"": ""15:06"", ""mid"": 78.30000000000001, ""bid"": 78.2, ""risk"": ""HIGH"", ""action"": ""PREPARE_EXIT"", ""support"": ""CONTRADICTED"", ""n_neg"": 3, ""data_unreliable"": false}, {""minute"": ""15:07"", ""mid"": 79.825, ""bid"": 79.75, ""risk"": ""LOW"", ""action"": ""HOLD"", ""support"": ""STRONG"", ""n_neg"": 0, ""data_unreliable"": false}, {""minute"": ""15:08"", ""mid"": 78.6, ""bid"": 78.55, ""risk"": ""ELEVATED"", ""action"": ""CAUTION"", ""support"": ""WEAK"", ""n_neg"": 2, ""data_unreliable"": false}, {""minute"": ""15:09"", ""mid"": 79.425, ""bid"": 79.3, ""risk"": ""HIGH"", ""action"": ""PREPARE_EXIT"", ""support"": ""CONTRADICTED"", ""n_neg"": 4, ""data_unreliable"": false}, {""minute"": ""15:10"", ""mid"": 76.94999999999999, ""bid"": 76.85, ""risk"": ""EXTREME"", ""action"": ""BREAK_EXIT"", ""support"": ""CONTRADICTED"", ""n_neg"": 6, ""data_unreliable"": false}, {""minute"": ""15:11"", ""mid"": 77.6, ""bid"": 77.5, ""risk"": ""EXTREME"", ""action"": ""BREAK_EXIT"", ""support"": ""CONTRADICTED"", ""n_neg"": 5, ""data_unreliable"": false}, {""minute"": ""15:12"", ""mid"": 78.55000000000001, ""bid"": 78.45, ""risk"": ""NORMAL"", ""action"": ""HOLD"", ""support"": ""NORMAL"", ""n_neg"": 1, ""data_unreliable"": false}, {""minute"": ""15:13"", ""mid"": 80.17500000000001, ""bid"": 80.15, ""risk"": ""LOW"", ""action"": ""HOLD"", ""support"": ""STRONG"", ""n_neg"": 0, ""data_unreliable"": false}, {""minute"": ""15:14"", ""mid"": 80.1, ""bid"": 80.0, ""risk"": ""ELEVATED"", ""action"": ""CAUTION"", ""support"": ""NORMAL"", ""n_neg"": 1, ""data_unreliable"": false}, {""minute"": ""15:15"", ""mid"": 82.225, ""bid"": 82.1, ""risk"": ""NORMAL"", ""action"": ""HOLD"", ""support"": ""NORMAL"", ""n_neg"": 1, ""data_unreliable"": false}, {""minute"": ""15:16"", ""mid"": 76.375, ""bid"": 76.25, ""risk"": ""EXTREME"", ""action"": ""BREAK_EXIT"", ""support"": ""CONTRADICTED"", ""n_neg"": 8, ""data_unreliable"": false}, {""minute"": ""15:17"", ""mid"": 79.225, ""bid"": 79.1, ""risk"": ""EXTREME"", ""action"": ""BREAK_EXIT"", ""support"": ""CONTRADICTED"", ""n_neg"": 7, ""data_unreliable"": false}, {""minute"": ""15:18"", ""mid"": 79.32499999999999, ""bid"": 79.3, ""risk"": ""NORMAL"", ""action"": ""HOLD"", ""support"": ""NORMAL"", ""n_neg"": 1, ""data_unreliable"": false}, {""minute"": ""15:19"", ""mid"": 79.075, ""bid"": 78.95, ""risk"": ""EXTREME"", ""action"": ""BREAK_EXIT"", ""support"": ""CONTRADICTED"", ""n_neg"": 6, ""data_unreliable"": false}]"
NIFTY,2026-08-10,11D_SHAPED_1500_1519,PE,24600.0,15:00,15:19,76.80000000000001,76.9,"[{""minute"": ""15:00"", ""mid"": 76.80000000000001, ""bid"": 76.7, ""risk"": ""LOW"", ""action"": ""HOLD"", ""support"": ""STRONG"", ""n_neg"": 0, ""data_unreliable"": false}, {""minute"": ""15:01"", ""mid"": 77.725, ""bid"": 77.65, ""risk"": ""LOW"", ""action"": ""HOLD"", ""support"": ""STRONG"", ""n_neg"": 0, ""data_unreliable"": false}, {""minute"": ""15:02"", ""mid"": 79.575, ""bid"": 79.5, ""risk"": ""LOW"", ""action"": ""HOLD"", ""support"": ""STRONG"", ""n_neg"": 0, ""data_unreliable"": false}, {""minute"": ""15:03"", ""mid"": 71.175, ""bid"": 71.1, ""risk"": ""EXTREME"", ""action"": ""BREAK_EXIT"", ""support"": ""CONTRADICTED"", ""n_neg"": 6, ""data_unreliable"": false}, {""minute"": ""15:04"", ""mid"": 73.425, ""bid"": 73.35, ""risk"": ""EXTREME"", ""action"": ""BREAK_EXIT"", ""support"": ""CONTRADICTED"", ""n_neg"": 5, ""data_unreliable"": false}, {""minute"": ""15:05"", ""mid"": 73.9, ""bid"": 73.8, ""risk"": ""NORMAL"", ""action"": ""HOLD"", ""support"": ""NORMAL"", ""n_neg"": 1, ""data_unreliable"": false}, {""minute"": ""15:06"", ""mid"": 73.69999999999999, ""bid"": 73.6, ""risk"": ""ELEVATED"", ""action"": ""CAUTION"", ""support"": ""NORMAL"", ""n_neg"": 1, ""data_unreliable"": false}, {""minute"": ""15:07"", ""mid"": 72.65, ""bid"": 72.6, ""risk"": ""EXTREME"", ""action"": ""BREAK_EXIT"", ""support"": ""CONTRADICTED"", ""n_neg"": 6, ""data_unreliable"": false}, {""minute"": ""15:08"", ""mid"": 74.7, ""bid"": 74.65, ""risk"": ""NORMAL"", ""action"": ""HOLD"", ""support"": ""NORMAL"", ""n_neg"": 0, ""data_unreliable"": false}, {""minute"": ""15:09"", ""mid"": 73.425, ""bid"": 73.35, ""risk"": ""ELEVATED"", ""action"": ""CAUTION"", ""support"": ""NORMAL"", ""n_neg"": 1, ""data_unreliable"": false}, {""minute"": ""15:10"", ""mid"": 77.575, ""bid"": 77.5, ""risk"": ""LOW"", ""action"": ""HOLD"", ""support"": ""STRONG"", ""n_neg"": 0, ""data_unreliable"": false}, {""minute"": ""15:11"", ""mid"": 78.125, ""bid"": 78.1, ""risk"": ""LOW"", ""action"": ""HOLD"", ""support"": ""STRONG"", ""n_neg"": 0, ""data_unreliable"": false}, {""minute"": ""15:12"", ""mid"": 78.225, ""bid"": 78.2, ""risk"": ""ELEVATED"", ""action"": ""CAUTION"", ""support"": ""NORMAL"", ""n_neg"": 2, ""data_unreliable"": false}, {""minute"": ""15:13"", ""mid"": 74.675, ""bid"": 74.55, ""risk"": ""EXTREME"", ""action"": ""BREAK_EXIT"", ""support"": ""CONTRADICTED"", ""n_neg"": 6, ""data_unreliable"": false}, {""minute"": ""15:14"", ""mid"": 74.375, ""bid"": 74.3, ""risk"": ""EXTREME"", ""action"": ""BREAK_EXIT"", ""support"": ""CONTRADICTED"", ""n_neg"": 5, ""data_unreliable"": false}, {""minute"": ""15:15"", ""mid"": 70.69999999999999, ""bid"": 70.6, ""risk"": ""EXTREME"", ""action"": ""BREAK_EXIT"", ""support"": ""CONTRADICTED"", ""n_neg"": 8, ""data_unreliable"": false}, {""minute"": ""15:16"", ""mid"": 74.05000000000001, ""bid"": 73.95, ""risk"": ""ELEVATED"", ""action"": ""CAUTION"", ""support"": ""NORMAL"", ""n_neg"": 2, ""data_unreliable"": false}, {""minute"": ""15:17"", ""mid"": 71.69999999999999, ""bid"": 71.6, ""risk"": ""ELEVATED"", ""action"": ""CAUTION"", ""support"": ""NORMAL"", ""n_neg"": 2, ""data_unreliable"": false}, {""minute"": ""15:18"", ""mid"": 72.9, ""bid"": 72.8, ""risk"": ""EXTREME"", ""action"": ""BREAK_EXIT"", ""support"": ""CONTRADICTED"", ""n_neg"": 5, ""data_unreliable"": false}, {""minute"": ""15:19"", ""mid"": 72.825, ""bid"": 72.75, ""risk"": ""ELEVATED"", ""action"": ""CAUTION"", ""support"": ""NORMAL"", ""n_neg"": 2, ""data_unreliable"": false}]"
NIFTY,2026-08-10,CLOSING_1515_1529,CE,24600.0,15:15,15:29,82.225,82.35,"[{""minute"": ""15:15"", ""mid"": 82.225, ""bid"": 82.1, ""risk"": ""LOW"", ""action"": ""HOLD"", ""support"": ""STRONG"", ""n_neg"": 0, ""data_unreliable"": false}, {""minute"": ""15:16"", ""mid"": 76.375, ""bid"": 76.25, ""risk"": ""EXTREME"", ""action"": ""BREAK_EXIT"", ""support"": ""CONTRADICTED"", ""n_neg"": 7, ""data_unreliable"": false}, {""minute"": ""15:17"", ""mid"": 79.225, ""bid"": 79.1, ""risk"": ""EXTREME"", ""action"": ""BREAK_EXIT"", ""support"": ""CONTRADICTED"", ""n_neg"": 6, ""data_unreliable"": false}, {""minute"": ""15:18"", ""mid"": 79.32499999999999, ""bid"": 79.3, ""risk"": ""NORMAL"", ""action"": ""HOLD"", ""support"": ""NORMAL"", ""n_neg"": 1, ""data_unreliable"": false}, {""minute"": ""15:19"", ""mid"": 79.075, ""bid"": 78.95, ""risk"": ""EXTREME"", ""action"": ""BREAK_EXIT"", ""support"": ""CONTRADICTED"", ""n_neg"": 5, ""data_unreliable"": false}, {""minute"": ""15:20"", ""mid"": 79.05000000000001, ""bid"": 78.95, ""risk"": ""ELEVATED"", ""action"": ""CAUTION"", ""support"": ""NORMAL"", ""n_neg"": 2, ""data_unreliable"": false}, {""minute"": ""15:21"", ""mid"": 79.25, ""bid"": 79.15, ""risk"": ""NORMAL"", ""action"": ""HOLD"", ""support"": ""NORMAL"", ""n_neg"": 0, ""data_unreliable"": false}, {""minute"": ""15:22"", ""mid"": 78.175, ""bid"": 78.1, ""risk"": ""EXTREME"", ""action"": ""BREAK_EXIT"", ""support"": ""CONTRADICTED"", ""n_neg"": 6, ""data_unreliable"": false}, {""minute"": ""15:23"", ""mid"": 78.4, ""bid"": 78.3, ""risk"": ""HIGH"", ""action"": ""PREPARE_EXIT"", ""support"": ""CONTRADICTED"", ""n_neg"": 4, ""data_unreliable"": false}, {""minute"": ""15:24"", ""mid"": 77.6, ""bid"": 77.5, ""risk"": ""HIGH"", ""action"": ""PREPARE_EXIT"", ""support"": ""CONTRADICTED"", ""n_neg"": 3, ""data_unreliable"": false}, {""minute"": ""15:25"", ""mid"": 77.775, ""bid"": 77.7, ""risk"": ""HIGH"", ""action"": ""PREPARE_EXIT"", ""support"": ""CONTRADICTED"", ""n_neg"": 3, ""data_unreliable"": false}, {""minute"": ""15:26"", ""mid"": 75.325, ""bid"": 75.2, ""risk"": ""HIGH"", ""action"": ""PREPARE_EXIT"", ""support"": ""CONTRADICTED"", ""n_neg"": 5, ""data_unreliable"": false}, {""minute"": ""15:27"", ""mid"": 77.425, ""bid"": 77.35, ""risk"": ""ELEVATED"", ""action"": ""CAUTION"", ""support"": ""NORMAL"", ""n_neg"": 2, ""data_unreliable"": false}, {""minute"": ""15:28"", ""mid"": 75.55000000000001, ""bid"": 75.45, ""risk"": ""ELEVATED"", ""action"": ""CAUTION"", ""support"": ""WEAK"", ""n_neg"": 2, ""data_unreliable"": false}, {""minute"": ""15:29"", ""mid"": 76.175, ""bid"": 76.05, ""risk"": ""ELEVATED"", ""action"": ""CAUTION"", ""support"": ""WEAK"", ""n_neg"": 3, ""data_unreliable"": false}]"
NIFTY,2026-08-10,CLOSING_1515_1529,PE,24600.0,15:15,15:29,70.69999999999999,70.8,"[{""minute"": ""15:15"", ""mid"": 70.69999999999999, ""bid"": 70.6, ""risk"": ""EXTREME"", ""action"": ""BREAK_EXIT"", ""support"": ""CONTRADICTED"", ""n_neg"": 8, ""data_unreliable"": false}, {""minute"": ""15:16"", ""mid"": 74.05000000000001, ""bid"": 73.95, ""risk"": ""ELEVATED"", ""action"": ""CAUTION"", ""support"": ""NORMAL"", ""n_neg"": 2, ""data_unreliable"": false}, {""minute"": ""15:17"", ""mid"": 71.69999999999999, ""bid"": 71.6, ""risk"": ""ELEVATED"", ""action"": ""CAUTION"", ""support"": ""NORMAL"", ""n_neg"": 2, ""data_unreliable"": false}, {""minute"": ""15:18"", ""mid"": 72.9, ""bid"": 72.8, ""risk"": ""EXTREME"", ""action"": ""BREAK_EXIT"", ""support"": ""CONTRADICTED"", ""n_neg"": 5, ""data_unreliable"": false}, {""minute"": ""15:19"", ""mid"": 72.825, ""bid"": 72.75, ""risk"": ""ELEVATED"", ""action"": ""CAUTION"", ""support"": ""NORMAL"", ""n_neg"": 2, ""data_unreliable"": false}, {""minute"": ""15:20"", ""mid"": 70.25, ""bid"": 70.2, ""risk"": ""EXTREME"", ""action"": ""BREAK_EXIT"", ""support"": ""CONTRADICTED"", ""n_neg"": 7, ""data_unreliable"": false}, {""minute"": ""15:21"", ""mid"": 70.575, ""bid"": 70.5, ""risk"": ""EXTREME"", ""action"": ""BREAK_EXIT"", ""support"": ""CONTRADICTED"", ""n_neg"": 4, ""data_unreliable"": false}, {""minute"": ""15:22"", ""mid"": 70.525, ""bid"": 70.5, ""risk"": ""ELEVATED"", ""action"": ""CAUTION"", ""support"": ""NORMAL"", ""n_neg"": 2, ""data_unreliable"": false}, {""minute"": ""15:23"", ""mid"": 69.275, ""bid"": 69.15, ""risk"": ""HIGH"", ""action"": ""PREPARE_EXIT"", ""support"": ""CONTRADICTED"", ""n_neg"": 4, ""data_unreliable"": false}, {""minute"": ""15:24"", ""mid"": 68.6, ""bid"": 68.5, ""risk"": ""EXTREME"", ""action"": ""BREAK_EXIT"", ""support"": ""CONTRADICTED"", ""n_neg"": 4, ""data_unreliable"": false}, {""minute"": ""15:25"", ""mid"": 69.875, ""bid"": 69.8, ""risk"": ""NORMAL"", ""action"": ""HOLD"", ""support"": ""NORMAL"", ""n_neg"": 1, ""data_unreliable"": false}, {""minute"": ""15:26"", ""mid"": 70.475, ""bid"": 70.35, ""risk"": ""NORMAL"", ""action"": ""HOLD"", ""support"": ""STRONG"", ""n_neg"": 0, ""data_unreliable"": false}, {""minute"": ""15:27"", ""mid"": 68.35, ""bid"": 68.3, ""risk"": ""EXTREME"", ""action"": ""BREAK_EXIT"", ""support"": ""CONTRADICTED"", ""n_neg"": 5, ""data_unreliable"": false}, {""minute"": ""15:28"", ""mid"": 70.05, ""bid"": 70.0, ""risk"": ""NORMAL"", ""action"": ""HOLD"", ""support"": ""NORMAL"", ""n_neg"": 1, ""data_unreliable"": false}, {""minute"": ""15:29"", ""mid"": 69.425, ""bid"": 69.3, ""risk"": ""ELEVATED"", ""action"": ""CAUTION"", ""support"": ""NORMAL"", ""n_neg"": 2, ""data_unreliable"": false}]"
SENSEX,2026-08-10,11D_SHAPED_1500_1519,CE,78600.0,15:00,15:19,423.3,423.55,"[{""minute"": ""15:00"", ""mid"": 423.3, ""bid"": 423.05, ""risk"": ""ELEVATED"", ""action"": ""CAUTION"", ""support"": ""NORMAL"", ""n_neg"": 1, ""data_unreliable"": false}, {""minute"": ""15:01"", ""mid"": 420.125, ""bid"": 419.7, ""risk"": ""HIGH"", ""action"": ""PREPARE_EXIT"", ""support"": ""CONTRADICTED"", ""n_neg"": 4, ""data_unreliable"": false}, {""minute"": ""15:02"", ""mid"": 413.6, ""bid"": 413.4, ""risk"": ""HIGH"", ""action"": ""PREPARE_EXIT"", ""support"": ""CONTRADICTED"", ""n_neg"": 5, ""data_unreliable"": false}, {""minute"": ""15:03"", ""mid"": 433.975, ""bid"": 433.55, ""risk"": ""NORMAL"", ""action"": ""HOLD"", ""support"": ""NORMAL"", ""n_neg"": 1, ""data_unreliable"": false}, {""minute"": ""15:04"", ""mid"": 434.35, ""bid"": 434.05, ""risk"": ""LOW"", ""action"": ""HOLD"", ""support"": ""STRONG"", ""n_neg"": 0, ""data_unreliable"": false}, {""minute"": ""15:05"", ""mid"": 436.275, ""bid"": 435.7, ""risk"": ""ELEVATED"", ""action"": ""CAUTION"", ""support"": ""WEAK"", ""n_neg"": 3, ""data_unreliable"": false}, {""minute"": ""15:06"", ""mid"": 434.525, ""bid"": 434.1, ""risk"": ""ELEVATED"", ""action"": ""CAUTION"", ""support"": ""WEAK"", ""n_neg"": 2, ""data_unreliable"": false}, {""minute"": ""15:07"", ""mid"": 436.54999999999995, ""bid"": 435.95, ""risk"": ""NORMAL"", ""action"": ""HOLD"", ""support"": ""NORMAL"", ""n_neg"": 1, ""data_unreliable"": false}, {""minute"": ""15:08"", ""mid"": 430.85, ""bid"": 430.35, ""risk"": ""EXTREME"", ""action"": ""BREAK_EXIT"", ""support"": ""CONTRADICTED"", ""n_neg"": 5, ""data_unreliable"": false}, {""minute"": ""15:09"", ""mid"": 434.325, ""bid"": 434.0, ""risk"": ""ELEVATED"", ""action"": ""CAUTION"", ""support"": ""WEAK"", ""n_neg"": 2, ""data_unreliable"": false}, {""minute"": ""15:10"", ""mid"": 432.125, ""bid"": 431.75, ""risk"": ""EXTREME"", ""action"": ""BREAK_EXIT"", ""support"": ""CONTRADICTED"", ""n_neg"": 5, ""data_unreliable"": false}, {""minute"": ""15:11"", ""mid"": 436.15, ""bid"": 435.7, ""risk"": ""ELEVATED"", ""action"": ""CAUTION"", ""support"": ""WEAK"", ""n_neg"": 3, ""data_unreliable"": false}, {""minute"": ""15:12"", ""mid"": 436.85, ""bid"": 436.45, ""risk"": ""NORMAL"", ""action"": ""HOLD"", ""support"": ""NORMAL"", ""n_neg"": 1, ""data_unreliable"": false}, {""minute"": ""15:13"", ""mid"": 444.4, ""bid"": 443.85, ""risk"": ""NORMAL"", ""action"": ""HOLD"", ""support"": ""NORMAL"", ""n_neg"": 1, ""data_unreliable"": false}, {""minute"": ""15:14"", ""mid"": 451.125, ""bid"": 450.55, ""risk"": ""NORMAL"", ""action"": ""HOLD"", ""support"": ""NORMAL"", ""n_neg"": 1, ""data_unreliable"": false}, {""minute"": ""15:15"", ""mid"": 456.92499999999995, ""bid"": 456.4, ""risk"": ""NORMAL"", ""action"": ""HOLD"", ""support"": ""NORMAL"", ""n_neg"": 1, ""data_unreliable"": false}, {""minute"": ""15:16"", ""mid"": 440.35, ""bid"": 439.65, ""risk"": ""EXTREME"", ""action"": ""BREAK_EXIT"", ""support"": ""CONTRADICTED"", ""n_neg"": 7, ""data_unreliable"": false}, {""minute"": ""15:17"", ""mid"": 449.95000000000005, ""bid"": 449.35, ""risk"": ""EXTREME"", ""action"": ""BREAK_EXIT"", ""support"": ""CONTRADICTED"", ""n_neg"": 6, ""data_unreliable"": false}, {""minute"": ""15:18"", ""mid"": 448.675, ""bid"": 448.35, ""risk"": ""ELEVATED"", ""action"": ""CAUTION"", ""support"": ""NORMAL"", ""n_neg"": 2, ""data_unreliable"": false}, {""minute"": ""15:19"", ""mid"": 448.225, ""bid"": 447.55, ""risk"": ""ELEVATED"", ""action"": ""CAUTION"", ""support"": ""WEAK"", ""n_neg"": 2, ""data_unreliable"": false}]"
SENSEX,2026-08-10,11D_SHAPED_1500_1519,PE,78600.0,15:00,15:19,379.525,379.7,"[{""minute"": ""15:00"", ""mid"": 379.525, ""bid"": 379.35, ""risk"": ""NORMAL"", ""action"": ""HOLD"", ""support"": ""NORMAL"", ""n_neg"": 1, ""data_unreliable"": false}, {""minute"": ""15:01"", ""mid"": 384.75, ""bid"": 384.5, ""risk"": ""LOW"", ""action"": ""HOLD"", ""support"": ""STRONG"", ""n_neg"": 0, ""data_unreliable"": false}, {""minute"": ""15:02"", ""mid"": 389.25, ""bid"": 388.9, ""risk"": ""NORMAL"", ""action"": ""HOLD"", ""support"": ""NORMAL"", ""n_neg"": 1, ""data_unreliable"": false}, {""minute"": ""15:03"", ""mid"": 365.1, ""bid"": 364.6, ""risk"": ""EXTREME"", ""action"": ""BREAK_EXIT"", ""support"": ""CONTRADICTED"", ""n_neg"": 8, ""data_unreliable"": false}, {""minute"": ""15:04"", ""mid"": 372.82500000000005, ""bid"": 372.6, ""risk"": ""EXTREME"", ""action"": ""BREAK_EXIT"", ""support"": ""CONTRADICTED"", ""n_neg"": 5, ""data_unreliable"": false}, {""minute"": ""15:05"", ""mid"": 372.9, ""bid"": 372.7, ""risk"": ""NORMAL"", ""action"": ""HOLD"", ""support"": ""NORMAL"", ""n_neg"": 1, ""data_unreliable"": false}, {""minute"": ""15:06"", ""mid"": 372.125, ""bid"": 371.65, ""risk"": ""ELEVATED"", ""action"": ""CAUTION"", ""support"": ""WEAK"", ""n_neg"": 2, ""data_unreliable"": false}, {""minute"": ""15:07"", ""mid"": 370.79999999999995, ""bid"": 370.4, ""risk"": ""ELEVATED"", ""action"": ""CAUTION"", ""support"": ""WEAK"", ""n_neg"": 3, ""data_unreliable"": false}, {""minute"": ""15:08"", ""mid"": 374.25, ""bid"": 373.85, ""risk"": ""NORMAL"", ""action"": ""HOLD"", ""support"": ""NORMAL"", ""n_neg"": 1, ""data_unreliable"": false}, {""minute"": ""15:09"", ""mid"": 373.225, ""bid"": 372.75, ""risk"": ""ELEVATED"", ""action"": ""CAUTION"", ""support"": ""WEAK"", ""n_neg"": 2, ""data_unreliable"": false}, {""minute"": ""15:10"", ""mid"": 380.35, ""bid"": 379.95, ""risk"": ""NORMAL"", ""action"": ""HOLD"", ""support"": ""NORMAL"", ""n_neg"": 1, ""data_unreliable"": false}, {""minute"": ""15:11"", ""mid"": 383.475, ""bid"": 383.25, ""risk"": ""LOW"", ""action"": ""HOLD"", ""support"": ""STRONG"", ""n_neg"": 0, ""data_unreliable"": false}, {""minute"": ""15:12"", ""mid"": 379.7, ""bid"": 379.25, ""risk"": ""HIGH"", ""action"": ""PREPARE_EXIT"", ""support"": ""CONTRADICTED"", ""n_neg"": 4, ""data_unreliable"": false}, {""minute"": ""15:13"", ""mid"": 372.025, ""bid"": 371.65, ""risk"": ""EXTREME"", ""action"": ""BREAK_EXIT"", ""support"": ""CONTRADICTED"", ""n_neg"": 7, ""data_unreliable"": false}, {""minute"": ""15:14"", ""mid"": 366.025, ""bid"": 365.6, ""risk"": ""EXTREME"", ""action"": ""BREAK_EXIT"", ""support"": ""CONTRADICTED"", ""n_neg"": 7, ""data_unreliable"": false}, {""minute"": ""15:15"", ""mid"": 354.75, ""bid"": 354.55, ""risk"": ""EXTREME"", ""action"": ""BREAK_EXIT"", ""support"": ""CONTRADICTED"", ""n_neg"": 7, ""data_unreliable"": false}, {""minute"": ""15:16"", ""mid"": 367.025, ""bid"": 366.55, ""risk"": ""ELEVATED"", ""action"": ""CAUTION"", ""support"": ""NORMAL"", ""n_neg"": 2, ""data_unreliable"": false}, {""minute"": ""15:17"", ""mid"": 361.525, ""bid"": 361.05, ""risk"": ""HIGH"", ""action"": ""PREPARE_EXIT"", ""support"": ""NORMAL"", ""n_neg"": 3, ""data_unreliable"": false}, {""minute"": ""15:18"", ""mid"": 365.5, ""bid"": 365.2, ""risk"": ""HIGH"", ""action"": ""PREPARE_EXIT"", ""support"": ""CONTRADICTED"", ""n_neg"": 5, ""data_unreliable"": false}, {""minute"": ""15:19"", ""mid"": 362.04999999999995, ""bid"": 361.65, ""risk"": ""HIGH"", ""action"": ""PREPARE_EXIT"", ""support"": ""CONTRADICTED"", ""n_neg"": 3, ""data_unreliable"": false}]"
SENSEX,2026-08-10,CLOSING_1515_1529,CE,78700.0,15:15,15:29,403.825,404.15,"[{""minute"": ""15:15"", ""mid"": 403.825, ""bid"": 403.5, ""risk"": ""LOW"", ""action"": ""HOLD"", ""support"": ""STRONG"", ""n_neg"": 0, ""data_unreliable"": false}, {""minute"": ""15:16"", ""mid"": 389.0, ""bid"": 388.4, ""risk"": ""EXTREME"", ""action"": ""BREAK_EXIT"", ""support"": ""CONTRADICTED"", ""n_neg"": 7, ""data_unreliable"": false}, {""minute"": ""15:17"", ""mid"": 396.925, ""bid"": 396.5, ""risk"": ""ELEVATED"", ""action"": ""CAUTION"", ""support"": ""WEAK"", ""n_neg"": 3, ""data_unreliable"": false}, {""minute"": ""15:18"", ""mid"": 395.975, ""bid"": 395.5, ""risk"": ""ELEVATED"", ""action"": ""CAUTION"", ""support"": ""NORMAL"", ""n_neg"": 2, ""data_unreliable"": false}, {""minute"": ""15:19"", ""mid"": 395.525, ""bid"": 395.1, ""risk"": ""ELEVATED"", ""action"": ""CAUTION"", ""support"": ""WEAK"", ""n_neg"": 2, ""data_unreliable"": false}, {""minute"": ""15:20"", ""mid"": 393.975, ""bid"": 393.75, ""risk"": ""ELEVATED"", ""action"": ""CAUTION"", ""support"": ""WEAK"", ""n_neg"": 4, ""data_unreliable"": false}, {""minute"": ""15:21"", ""mid"": 395.9, ""bid"": 395.4, ""risk"": ""NORMAL"", ""action"": ""HOLD"", ""support"": ""NORMAL"", ""n_neg"": 1, ""data_unreliable"": false}, {""minute"": ""15:22"", ""mid"": 392.725, ""bid"": 392.35, ""risk"": ""HIGH"", ""action"": ""PREPARE_EXIT"", ""support"": ""CONTRADICTED"", ""n_neg"": 3, ""data_unreliable"": false}, {""minute"": ""15:23"", ""mid"": 395.20000000000005, ""bid"": 394.8, ""risk"": ""ELEVATED"", ""action"": ""CAUTION"", ""support"": ""WEAK"", ""n_neg"": 2, ""data_unreliable"": false}, {""minute"": ""15:24"", ""mid"": 392.325, ""bid"": 392.0, ""risk"": ""HIGH"", ""action"": ""PREPARE_EXIT"", ""support"": ""CONTRADICTED"", ""n_neg"": 3, ""data_unreliable"": false}, {""minute"": ""15:25"", ""mid"": 391.8, ""bid"": 391.6, ""risk"": ""NORMAL"", ""action"": ""HOLD"", ""support"": ""NORMAL"", ""n_neg"": 1, ""data_unreliable"": false}, {""minute"": ""15:26"", ""mid"": 384.95000000000005, ""bid"": 384.3, ""risk"": ""EXTREME"", ""action"": ""BREAK_EXIT"", ""support"": ""CONTRADICTED"", ""n_neg"": 7, ""data_unreliable"": false}, {""minute"": ""15:27"", ""mid"": 387.67499999999995, ""bid"": 387.4, ""risk"": ""HIGH"", ""action"": ""PREPARE_EXIT"", ""support"": ""CONTRADICTED"", ""n_neg"": 4, ""data_unreliable"": false}, {""minute"": ""15:28"", ""mid"": 386.42499999999995, ""bid"": 386.4, ""risk"": ""ELEVATED"", ""action"": ""CAUTION"", ""support"": ""WEAK"", ""n_neg"": 2, ""data_unreliable"": false}, {""minute"": ""15:29"", ""mid"": 390.35, ""bid"": 390.05, ""risk"": ""ELEVATED"", ""action"": ""CAUTION"", ""support"": ""NORMAL"", ""n_neg"": 2, ""data_unreliable"": false}]"
SENSEX,2026-08-10,CLOSING_1515_1529,PE,78700.0,15:15,15:29,401.35,401.8,"[{""minute"": ""15:15"", ""mid"": 401.35, ""bid"": 400.9, ""risk"": ""EXTREME"", ""action"": ""BREAK_EXIT"", ""support"": ""CONTRADICTED"", ""n_neg"": 6, ""data_unreliable"": false}, {""minute"": ""15:16"", ""mid"": 414.9, ""bid"": 414.3, ""risk"": ""NORMAL"", ""action"": ""HOLD"", ""support"": ""NORMAL"", ""n_neg"": 1, ""data_unreliable"": false}, {""minute"": ""15:17"", ""mid"": 408.20000000000005, ""bid"": 407.85, ""risk"": ""ELEVATED"", ""action"": ""CAUTION"", ""support"": ""NORMAL"", ""n_neg"": 2, ""data_unreliable"": false}, {""minute"": ""15:18"", ""mid"": 412.625, ""bid"": 412.25, ""risk"": ""ELEVATED"", ""action"": ""CAUTION"", ""support"": ""WEAK"", ""n_neg"": 3, ""data_unreliable"": false}, {""minute"": ""15:19"", ""mid"": 408.92499999999995, ""bid"": 408.4, ""risk"": ""ELEVATED"", ""action"": ""CAUTION"", ""support"": ""WEAK"", ""n_neg"": 2, ""data_unreliable"": false}, {""minute"": ""15:20"", ""mid"": 410.825, ""bid"": 410.45, ""risk"": ""ELEVATED"", ""action"": ""CAUTION"", ""support"": ""WEAK"", ""n_neg"": 2, ""data_unreliable"": false}, {""minute"": ""15:21"", ""mid"": 408.875, ""bid"": 408.35, ""risk"": ""HIGH"", ""action"": ""PREPARE_EXIT"", ""support"": ""CONTRADICTED"", ""n_neg"": 3, ""data_unreliable"": false}, {""minute"": ""15:22"", ""mid"": 407.575, ""bid"": 407.15, ""risk"": ""ELEVATED"", ""action"": ""CAUTION"", ""support"": ""WEAK"", ""n_neg"": 2, ""data_unreliable"": false}, {""minute"": ""15:23"", ""mid"": 404.1, ""bid"": 403.6, ""risk"": ""HIGH"", ""action"": ""PREPARE_EXIT"", ""support"": ""CONTRADICTED"", ""n_neg"": 5, ""data_unreliable"": false}, {""minute"": ""15:24"", ""mid"": 402.675, ""bid"": 402.25, ""risk"": ""EXTREME"", ""action"": ""BREAK_EXIT"", ""support"": ""CONTRADICTED"", ""n_neg"": 5, ""data_unreliable"": false}, {""minute"": ""15:25"", ""mid"": 404.3, ""bid"": 404.1, ""risk"": ""NORMAL"", ""action"": ""HOLD"", ""support"": ""NORMAL"", ""n_neg"": 1, ""data_unreliable"": false}, {""minute"": ""15:26"", ""mid"": 405.82500000000005, ""bid"": 405.35, ""risk"": ""NORMAL"", ""action"": ""HOLD"", ""support"": ""NORMAL"", ""n_neg"": 0, ""data_unreliable"": false}, {""minute"": ""15:27"", ""mid"": 402.95, ""bid"": 402.9, ""risk"": ""ELEVATED"", ""action"": ""CAUTION"", ""support"": ""WEAK"", ""n_neg"": 2, ""data_unreliable"": false}, {""minute"": ""15:28"", ""mid"": 402.85, ""bid"": 402.5, ""risk"": ""ELEVATED"", ""action"": ""CAUTION"", ""support"": ""WEAK"", ""n_neg"": 2, ""data_unreliable"": false}, {""minute"": ""15:29"", ""mid"": 409.85, ""bid"": 409.7, ""risk"": ""NORMAL"", ""action"": ""HOLD"", ""support"": ""STRONG"", ""n_neg"": 0, ""data_unreliable"": false}]"
NIFTY,2026-08-11,11D_SHAPED_1500_1519,CE,24500.0,15:00,15:19,28.35,28.4,"[{""minute"": ""15:00"", ""mid"": 28.35, ""bid"": 28.3, ""risk"": ""LOW"", ""action"": ""HOLD"", ""support"": ""STRONG"", ""n_neg"": 0, ""data_unreliable"": false}, {""minute"": ""15:01"", ""mid"": 25.75, ""bid"": 25.7, ""risk"": ""ELEVATED"", ""action"": ""CAUTION"", ""support"": ""NORMAL"", ""n_neg"": 2, ""data_unreliable"": false}, {""minute"": ""15:02"", ""mid"": 27.175, ""bid"": 27.1, ""risk"": ""HIGH"", ""action"": ""PREPARE_EXIT"", ""support"": ""CONTRADICTED"", ""n_neg"": 4, ""data_unreliable"": false}, {""minute"": ""15:03"", ""mid"": 29.175, ""bid"": 29.1, ""risk"": ""LOW"", ""action"": ""HOLD"", ""support"": ""STRONG"", ""n_neg"": 0, ""data_unreliable"": false}, {""minute"": ""15:04"", ""mid"": 26.9, ""bid"": 26.85, ""risk"": ""HIGH"", ""action"": ""PREPARE_EXIT"", ""support"": ""NORMAL"", ""n_neg"": 4, ""data_unreliable"": false}, {""minute"": ""15:05"", ""mid"": 26.75, ""bid"": 26.7, ""risk"": ""EXTREME"", ""action"": ""BREAK_EXIT"", ""support"": ""CONTRADICTED"", ""n_neg"": 7, ""data_unreliable"": false}, {""minute"": ""15:06"", ""mid"": 21.075000000000003, ""bid"": 21.05, ""risk"": ""EXTREME"", ""action"": ""BREAK_EXIT"", ""support"": ""CONTRADICTED"", ""n_neg"": 7, ""data_unreliable"": false}, {""minute"": ""15:07"", ""mid"": 22.5, ""bid"": 22.45, ""risk"": ""EXTREME"", ""action"": ""BREAK_EXIT"", ""support"": ""CONTRADICTED"", ""n_neg"": 5, ""data_unreliable"": false}, {""minute"": ""15:08"", ""mid"": 15.475, ""bid"": 15.45, ""risk"": ""EXTREME"", ""action"": ""BREAK_EXIT"", ""support"": ""CONTRADICTED"", ""n_neg"": 8, ""data_unreliable"": false}, {""minute"": ""15:09"", ""mid"": 17.75, ""bid"": 17.7, ""risk"": ""EXTREME"", ""action"": ""BREAK_EXIT"", ""support"": ""CONTRADICTED"", ""n_neg"": 7, ""data_unreliable"": false}, {""minute"": ""15:10"", ""mid"": 15.225, ""bid"": 15.2, ""risk"": ""EXTREME"", ""action"": ""BREAK_EXIT"", ""support"": ""CONTRADICTED"", ""n_neg"": 6, ""data_unreliable"": false}, {""minute"": ""15:11"", ""mid"": 15.925, ""bid"": 15.9, ""risk"": ""EXTREME"", ""action"": ""BREAK_EXIT"", ""support"": ""CONTRADICTED"", ""n_neg"": 5, ""data_unreliable"": false}, {""minute"": ""15:12"", ""mid"": 16.95, ""bid"": 16.9, ""risk"": ""NORMAL"", ""action"": ""HOLD"", ""support"": ""NORMAL"", ""n_neg"": 1, ""data_unreliable"": false}, {""minute"": ""15:13"", ""mid"": 20.75, ""bid"": 20.7, ""risk"": ""LOW"", ""action"": ""HOLD"", ""support"": ""STRONG"", ""n_neg"": 0, ""data_unreliable"": false}, {""minute"": ""15:14"", ""mid"": 16.1, ""bid"": 16.05, ""risk"": ""EXTREME"", ""action"": ""BREAK_EXIT"", ""support"": ""CONTRADICTED"", ""n_neg"": 7, ""data_unreliable"": false}, {""minute"": ""15:15"", ""mid"": 19.375, ""bid"": 19.35, ""risk"": ""EXTREME"", ""action"": ""BREAK_EXIT"", ""support"": ""CONTRADICTED"", ""n_neg"": 5, ""data_unreliable"": false}, {""minute"": ""15:16"", ""mid"": 10.5, ""bid"": 10.45, ""risk"": ""EXTREME"", ""action"": ""BREAK_EXIT"", ""support"": ""CONTRADICTED"", ""n_neg"": 8, ""data_unreliable"": false}, {""minute"": ""15:17"", ""mid"": 7.975, ""bid"": 7.95, ""risk"": ""EXTREME"", ""action"": ""BREAK_EXIT"", ""support"": ""CONTRADICTED"", ""n_neg"": 8, ""data_unreliable"": false}, {""minute"": ""15:18"", ""mid"": 3.025, ""bid"": 3.0, ""risk"": ""EXTREME"", ""action"": ""BREAK_EXIT"", ""support"": ""CONTRADICTED"", ""n_neg"": 7, ""data_unreliable"": false}, {""minute"": ""15:19"", ""mid"": 5.025, ""bid"": 5.0, ""risk"": ""EXTREME"", ""action"": ""BREAK_EXIT"", ""support"": ""CONTRADICTED"", ""n_neg"": 7, ""data_unreliable"": false}]"
NIFTY,2026-08-11,11D_SHAPED_1500_1519,PE,24500.0,15:00,15:19,37.900000000000006,37.95,"[{""minute"": ""15:00"", ""mid"": 37.900000000000006, ""bid"": 37.85, ""risk"": ""EXTREME"", ""action"": ""BREAK_EXIT"", ""support"": ""CONTRADICTED"", ""n_neg"": 8, ""data_unreliable"": false}, {""minute"": ""15:01"", ""mid"": 38.25, ""bid"": 38.2, ""risk"": ""EXTREME"", ""action"": ""BREAK_EXIT"", ""support"": ""CONTRADICTED"", ""n_neg"": 7, ""data_unreliable"": false}, {""minute"": ""15:02"", ""mid"": 36.2, ""bid"": 36.15, ""risk"": ""HIGH"", ""action"": ""PREPARE_EXIT"", ""support"": ""CONTRADICTED"", ""n_neg"": 5, ""data_unreliable"": false}, {""minute"": ""15:03"", ""mid"": 34.0, ""bid"": 33.95, ""risk"": ""EXTREME"", ""action"": ""BREAK_EXIT"", ""support"": ""CONTRADICTED"", ""n_neg"": 7, ""data_unreliable"": false}, {""minute"": ""15:04"", ""mid"": 35.025, ""bid"": 35.0, ""risk"": ""EXTREME"", ""action"": ""BREAK_EXIT"", ""support"": ""CONTRADICTED"", ""n_neg"": 6, ""data_unreliable"": false}, {""minute"": ""15:05"", ""mid"": 39.525000000000006, ""bid"": 39.45, ""risk"": ""LOW"", ""action"": ""HOLD"", ""support"": ""STRONG"", ""n_neg"": 0, ""data_unreliable"": false}, {""minute"": ""15:06"", ""mid"": 41.25, ""bid"": 41.2, ""risk"": ""LOW"", ""action"": ""HOLD"", ""support"": ""STRONG"", ""n_neg"": 0, ""data_unreliable"": false}, {""minute"": ""15:07"", ""mid"": 39.099999999999994, ""bid"": 39.05, ""risk"": ""HIGH"", ""action"": ""PREPARE_EXIT"", ""support"": ""NORMAL"", ""n_neg"": 5, ""data_unreliable"": false}, {""minute"": ""15:08"", ""mid"": 42.325, ""bid"": 42.25, ""risk"": ""LOW"", ""action"": ""HOLD"", ""support"": ""STRONG"", ""n_neg"": 0, ""data_unreliable"": false}, {""minute"": ""15:09"", ""mid"": 39.8, ""bid"": 39.75, ""risk"": ""ELEVATED"", ""action"": ""CAUTION"", ""support"": ""NORMAL"", ""n_neg"": 2, ""data_unreliable"": false}, {""minute"": ""15:10"", ""mid"": 43.7, ""bid"": 43.65, ""risk"": ""LOW"", ""action"": ""HOLD"", ""support"": ""STRONG"", ""n_neg"": 0, ""data_unreliable"": false}, {""minute"": ""15:11"", ""mid"": 42.599999999999994, ""bid"": 42.55, ""risk"": ""ELEVATED"", ""action"": ""CAUTION"", ""support"": ""NORMAL"", ""n_neg"": 1, ""data_unreliable"": false}, {""minute"": ""15:12"", ""mid"": 39.875, ""bid"": 39.8, ""risk"": ""HIGH"", ""action"": ""PREPARE_EXIT"", ""support"": ""CONTRADICTED"", ""n_neg"": 5, ""data_unreliable"": false}, {""minute"": ""15:13"", ""mid"": 34.0, ""bid"": 33.95, ""risk"": ""EXTREME"", ""action"": ""BREAK_EXIT"", ""support"": ""CONTRADICTED"", ""n_neg"": 7, ""data_unreliable"": false}, {""minute"": ""15:14"", ""mid"": 38.3, ""bid"": 38.25, ""risk"": ""HIGH"", ""action"": ""PREPARE_EXIT"", ""support"": ""CONTRADICTED"", ""n_neg"": 4, ""data_unreliable"": false}, {""minute"": ""15:15"", ""mid"": 34.625, ""bid"": 34.55, ""risk"": ""HIGH"", ""action"": ""PREPARE_EXIT"", ""support"": ""NORMAL"", ""n_neg"": 3, ""data_unreliable"": false}, {""minute"": ""15:16"", ""mid"": 41.425, ""bid"": 41.35, ""risk"": ""NORMAL"", ""action"": ""HOLD"", ""support"": ""STRONG"", ""n_neg"": 0, ""data_unreliable"": false}, {""minute"": ""15:17"", ""mid"": 44.650000000000006, ""bid"": 44.6, ""risk"": ""NORMAL"", ""action"": ""HOLD"", ""support"": ""STRONG"", ""n_neg"": 0, ""data_unreliable"": false}, {""minute"": ""15:18"", ""mid"": 50.25, ""bid"": 50.15, ""risk"": ""NORMAL"", ""action"": ""HOLD"", ""support"": ""NORMAL"", ""n_neg"": 1, ""data_unreliable"": false}, {""minute"": ""15:19"", ""mid"": 44.474999999999994, ""bid"": 44.4, ""risk"": ""HIGH"", ""action"": ""PREPARE_EXIT"", ""support"": ""NORMAL"", ""n_neg"": 3, ""data_unreliable"": false}]"
NIFTY,2026-08-11,CLOSING_1515_1529,CE,24500.0,15:15,15:29,19.375,19.4,"[{""minute"": ""15:15"", ""mid"": 19.375, ""bid"": 19.35, ""risk"": ""EXTREME"", ""action"": ""BREAK_EXIT"", ""support"": ""CONTRADICTED"", ""n_neg"": 5, ""data_unreliable"": false}, {""minute"": ""15:16"", ""mid"": 10.5, ""bid"": 10.45, ""risk"": ""EXTREME"", ""action"": ""BREAK_EXIT"", ""support"": ""CONTRADICTED"", ""n_neg"": 8, ""data_unreliable"": false}, {""minute"": ""15:17"", ""mid"": 7.975, ""bid"": 7.95, ""risk"": ""EXTREME"", ""action"": ""BREAK_EXIT"", ""support"": ""CONTRADICTED"", ""n_neg"": 8, ""data_unreliable"": false}, {""minute"": ""15:18"", ""mid"": 3.025, ""bid"": 3.0, ""risk"": ""EXTREME"", ""action"": ""BREAK_EXIT"", ""support"": ""CONTRADICTED"", ""n_neg"": 7, ""data_unreliable"": false}, {""minute"": ""15:19"", ""mid"": 5.025, ""bid"": 5.0, ""risk"": ""EXTREME"", ""action"": ""BREAK_EXIT"", ""support"": ""CONTRADICTED"", ""n_neg"": 7, ""data_unreliable"": false}, {""minute"": ""15:20"", ""mid"": 3.325, ""bid"": 3.3, ""risk"": ""EXTREME"", ""action"": ""BREAK_EXIT"", ""support"": ""CONTRADICTED"", ""n_neg"": 4, ""data_unreliable"": false}, {""minute"": ""15:21"", ""mid"": 1.525, ""bid"": 1.5, ""risk"": ""EXTREME"", ""action"": ""BREAK_EXIT"", ""support"": ""CONTRADICTED"", ""n_neg"": 7, ""data_unreliable"": false}, {""minute"": ""15:22"", ""mid"": 2.925, ""bid"": 2.9, ""risk"": ""HIGH"", ""action"": ""PREPARE_EXIT"", ""support"": ""CONTRADICTED"", ""n_neg"": 4, ""data_unreliable"": false}, {""minute"": ""15:23"", ""mid"": 2.525, ""bid"": 2.5, ""risk"": ""HIGH"", ""action"": ""PREPARE_EXIT"", ""support"": ""NORMAL"", ""n_neg"": 3, ""data_unreliable"": false}, {""minute"": ""15:24"", ""mid"": 3.725, ""bid"": 3.7, ""risk"": ""NORMAL"", ""action"": ""HOLD"", ""support"": ""NORMAL"", ""n_neg"": 1, ""data_unreliable"": false}, {""minute"": ""15:25"", ""mid"": 1.975, ""bid"": 1.95, ""risk"": ""EXTREME"", ""action"": ""BREAK_EXIT"", ""support"": ""CONTRADICTED"", ""n_neg"": 6, ""data_unreliable"": false}, {""minute"": ""15:26"", ""mid"": 1.0750000000000002, ""bid"": 1.05, ""risk"": ""EXTREME"", ""action"": ""BREAK_EXIT"", ""support"": ""CONTRADICTED"", ""n_neg"": 6, ""data_unreliable"": false}, {""minute"": ""15:27"", ""mid"": 0.975, ""bid"": 0.95, ""risk"": ""EXTREME"", ""action"": ""BREAK_EXIT"", ""support"": ""CONTRADICTED"", ""n_neg"": 7, ""data_unreliable"": false}, {""minute"": ""15:28"", ""mid"": 0.42500000000000004, ""bid"": 0.4, ""risk"": ""EXTREME"", ""action"": ""BREAK_EXIT"", ""support"": ""CONTRADICTED"", ""n_neg"": 8, ""data_unreliable"": false}, {""minute"": ""15:29"", ""mid"": 0.225, ""bid"": 0.2, ""risk"": ""EXTREME"", ""action"": ""BREAK_EXIT"", ""support"": ""CONTRADICTED"", ""n_neg"": 6, ""data_unreliable"": false}]"
NIFTY,2026-08-11,CLOSING_1515_1529,PE,24500.0,15:15,15:29,34.625,34.7,"[{""minute"": ""15:15"", ""mid"": 34.625, ""bid"": 34.55, ""risk"": ""ELEVATED"", ""action"": ""CAUTION"", ""support"": ""NORMAL"", ""n_neg"": 2, ""data_unreliable"": false}, {""minute"": ""15:16"", ""mid"": 41.425, ""bid"": 41.35, ""risk"": ""NORMAL"", ""action"": ""HOLD"", ""support"": ""STRONG"", ""n_neg"": 0, ""data_unreliable"": false}, {""minute"": ""15:17"", ""mid"": 44.650000000000006, ""bid"": 44.6, ""risk"": ""NORMAL"", ""action"": ""HOLD"", ""support"": ""STRONG"", ""n_neg"": 0, ""data_unreliable"": false}, {""minute"": ""15:18"", ""mid"": 50.25, ""bid"": 50.15, ""risk"": ""NORMAL"", ""action"": ""HOLD"", ""support"": ""STRONG"", ""n_neg"": 0, ""data_unreliable"": false}, {""minute"": ""15:19"", ""mid"": 44.474999999999994, ""bid"": 44.4, ""risk"": ""HIGH"", ""action"": ""PREPARE_EXIT"", ""support"": ""NORMAL"", ""n_neg"": 3, ""data_unreliable"": false}, {""minute"": ""15:20"", ""mid"": 50.775000000000006, ""bid"": 50.7, ""risk"": ""ELEVATED"", ""action"": ""CAUTION"", ""support"": ""NORMAL"", ""n_neg"": 2, ""data_unreliable"": false}, {""minute"": ""15:21"", ""mid"": 54.474999999999994, ""bid"": 54.4, ""risk"": ""NORMAL"", ""action"": ""HOLD"", ""support"": ""STRONG"", ""n_neg"": 0, ""data_unreliable"": false}, {""minute"": ""15:22"", ""mid"": 38.45, ""bid"": 38.4, ""risk"": ""EXTREME"", ""action"": ""BREAK_EXIT"", ""support"": ""CONTRADICTED"", ""n_neg"": 5, ""data_unreliable"": false}, {""minute"": ""15:23"", ""mid"": 35.474999999999994, ""bid"": 35.4, ""risk"": ""EXTREME"", ""action"": ""BREAK_EXIT"", ""support"": ""CONTRADICTED"", ""n_neg"": 7, ""data_unreliable"": false}, {""minute"": ""15:24"", ""mid"": 26.475, ""bid"": 26.4, ""risk"": ""EXTREME"", ""action"": ""BREAK_EXIT"", ""support"": ""CONTRADICTED"", ""n_neg"": 6, ""data_unreliable"": false}, {""minute"": ""15:25"", ""mid"": 38.325, ""bid"": 38.25, ""risk"": ""NORMAL"", ""action"": ""HOLD"", ""support"": ""STRONG"", ""n_neg"": 0, ""data_unreliable"": false}, {""minute"": ""15:26"", ""mid"": 37.175, ""bid"": 37.1, ""risk"": ""ELEVATED"", ""action"": ""CAUTION"", ""support"": ""NORMAL"", ""n_neg"": 1, ""data_unreliable"": false}, {""minute"": ""15:27"", ""mid"": 29.475, ""bid"": 29.4, ""risk"": ""HIGH"", ""action"": ""PREPARE_EXIT"", ""support"": ""CONTRADICTED"", ""n_neg"": 5, ""data_unreliable"": false}, {""minute"": ""15:28"", ""mid"": 32.625, ""bid"": 32.55, ""risk"": ""HIGH"", ""action"": ""PREPARE_EXIT"", ""support"": ""CONTRADICTED"", ""n_neg"": 4, ""data_unreliable"": false}, {""minute"": ""15:29"", ""mid"": 30.275, ""bid"": 30.2, ""risk"": ""ELEVATED"", ""action"": ""CAUTION"", ""support"": ""NORMAL"", ""n_neg"": 2, ""data_unreliable"": false}]"
SENSEX,2026-08-11,11D_SHAPED_1500_1519,CE,78300.0,15:00,15:19,313.65,314.0,"[{""minute"": ""15:00"", ""mid"": 313.65, ""bid"": 313.3, ""risk"": ""LOW"", ""action"": ""HOLD"", ""support"": ""STRONG"", ""n_neg"": 0, ""data_unreliable"": false}, {""minute"": ""15:01"", ""mid"": 312.975, ""bid"": 312.6, ""risk"": ""ELEVATED"", ""action"": ""CAUTION"", ""support"": ""NORMAL"", ""n_neg"": 1, ""data_unreliable"": false}, {""minute"": ""15:02"", ""mid"": 307.025, ""bid"": 306.6, ""risk"": ""ELEVATED"", ""action"": ""CAUTION"", ""support"": ""WEAK"", ""n_neg"": 4, ""data_unreliable"": false}, {""minute"": ""15:03"", ""mid"": 308.525, ""bid"": 308.15, ""risk"": ""EXTREME"", ""action"": ""BREAK_EXIT"", ""support"": ""CONTRADICTED"", ""n_neg"": 5, ""data_unreliable"": false}, {""minute"": ""15:04"", ""mid"": 306.92499999999995, ""bid"": 306.7, ""risk"": ""HIGH"", ""action"": ""PREPARE_EXIT"", ""support"": ""CONTRADICTED"", ""n_neg"": 3, ""data_unreliable"": false}, {""minute"": ""15:05"", ""mid"": 320.07500000000005, ""bid"": 319.6, ""risk"": ""LOW"", ""action"": ""HOLD"", ""support"": ""STRONG"", ""n_neg"": 0, ""data_unreliable"": false}, {""minute"": ""15:06"", ""mid"": 306.275, ""bid"": 306.05, ""risk"": ""HIGH"", ""action"": ""PREPARE_EXIT"", ""support"": ""CONTRADICTED"", ""n_neg"": 3, ""data_unreliable"": false}, {""minute"": ""15:07"", ""mid"": 308.79999999999995, ""bid"": 308.4, ""risk"": ""EXTREME"", ""action"": ""BREAK_EXIT"", ""support"": ""CONTRADICTED"", ""n_neg"": 5, ""data_unreliable"": false}, {""minute"": ""15:08"", ""mid"": 309.125, ""bid"": 308.9, ""risk"": ""NORMAL"", ""action"": ""HOLD"", ""support"": ""NORMAL"", ""n_neg"": 1, ""data_unreliable"": false}, {""minute"": ""15:09"", ""mid"": 313.2, ""bid"": 312.9, ""risk"": ""LOW"", ""action"": ""HOLD"", ""support"": ""STRONG"", ""n_neg"": 0, ""data_unreliable"": false}, {""minute"": ""15:10"", ""mid"": 307.25, ""bid"": 306.8, ""risk"": ""EXTREME"", ""action"": ""BREAK_EXIT"", ""support"": ""CONTRADICTED"", ""n_neg"": 4, ""data_unreliable"": false}, {""minute"": ""15:11"", ""mid"": 310.875, ""bid"": 310.55, ""risk"": ""ELEVATED"", ""action"": ""CAUTION"", ""support"": ""NORMAL"", ""n_neg"": 1, ""data_unreliable"": false}, {""minute"": ""15:12"", ""mid"": 310.5, ""bid"": 310.15, ""risk"": ""ELEVATED"", ""action"": ""CAUTION"", ""support"": ""NORMAL"", ""n_neg"": 2, ""data_unreliable"": false}, {""minute"": ""15:13"", ""mid"": 315.15, ""bid"": 314.65, ""risk"": ""LOW"", ""action"": ""HOLD"", ""support"": ""STRONG"", ""n_neg"": 0, ""data_unreliable"": false}, {""minute"": ""15:14"", ""mid"": 313.025, ""bid"": 312.55, ""risk"": ""ELEVATED"", ""action"": ""CAUTION"", ""support"": ""NORMAL"", ""n_neg"": 1, ""data_unreliable"": false}, {""minute"": ""15:15"", ""mid"": 316.625, ""bid"": 316.3, ""risk"": ""NORMAL"", ""action"": ""HOLD"", ""support"": ""NORMAL"", ""n_neg"": 1, ""data_unreliable"": false}, {""minute"": ""15:16"", ""mid"": 312.05, ""bid"": 311.6, ""risk"": ""HIGH"", ""action"": ""PREPARE_EXIT"", ""support"": ""CONTRADICTED"", ""n_neg"": 4, ""data_unreliable"": false}, {""minute"": ""15:17"", ""mid"": 307.3, ""bid"": 307.05, ""risk"": ""EXTREME"", ""action"": ""BREAK_EXIT"", ""support"": ""CONTRADICTED"", ""n_neg"": 6, ""data_unreliable"": false}, {""minute"": ""15:18"", ""mid"": 305.175, ""bid"": 304.8, ""risk"": ""EXTREME"", ""action"": ""BREAK_EXIT"", ""support"": ""CONTRADICTED"", ""n_neg"": 6, ""data_unreliable"": false}, {""minute"": ""15:19"", ""mid"": 304.45000000000005, ""bid"": 304.1, ""risk"": ""HIGH"", ""action"": ""PREPARE_EXIT"", ""support"": ""CONTRADICTED"", ""n_neg"": 5, ""data_unreliable"": false}]"
SENSEX,2026-08-11,11D_SHAPED_1500_1519,PE,78300.0,15:00,15:19,306.92499999999995,307.2,"[{""minute"": ""15:00"", ""mid"": 306.92499999999995, ""bid"": 306.65, ""risk"": ""EXTREME"", ""action"": ""BREAK_EXIT"", ""support"": ""CONTRADICTED"", ""n_neg"": 6, ""data_unreliable"": false}, {""minute"": ""15:01"", ""mid"": 313.25, ""bid"": 313.0, ""risk"": ""HIGH"", ""action"": ""PREPARE_EXIT"", ""support"": ""CONTRADICTED"", ""n_neg"": 4, ""data_unreliable"": false}, {""minute"": ""15:02"", ""mid"": 318.20000000000005, ""bid"": 317.8, ""risk"": ""NORMAL"", ""action"": ""HOLD"", ""support"": ""NORMAL"", ""n_neg"": 1, ""data_unreliable"": false}, {""minute"": ""15:03"", ""mid"": 319.75, ""bid"": 319.4, ""risk"": ""LOW"", ""action"": ""HOLD"", ""support"": ""STRONG"", ""n_neg"": 0, ""data_unreliable"": false}, {""minute"": ""15:04"", ""mid"": 319.85, ""bid"": 319.45, ""risk"": ""NORMAL"", ""action"": ""HOLD"", ""support"": ""NORMAL"", ""n_neg"": 0, ""data_unreliable"": false}, {""minute"": ""15:05"", ""mid"": 301.825, ""bid"": 301.45, ""risk"": ""EXTREME"", ""action"": ""BREAK_EXIT"", ""support"": ""CONTRADICTED"", ""n_neg"": 8, ""data_unreliable"": false}, {""minute"": ""15:06"", ""mid"": 315.3, ""bid"": 315.0, ""risk"": ""EXTREME"", ""action"": ""BREAK_EXIT"", ""support"": ""CONTRADICTED"", ""n_neg"": 4, ""data_unreliable"": false}, {""minute"": ""15:07"", ""mid"": 315.35, ""bid"": 315.0, ""risk"": ""NORMAL"", ""action"": ""HOLD"", ""support"": ""NORMAL"", ""n_neg"": 1, ""data_unreliable"": false}, {""minute"": ""15:08"", ""mid"": 316.35, ""bid"": 316.0, ""risk"": ""NORMAL"", ""action"": ""HOLD"", ""support"": ""NORMAL"", ""n_neg"": 0, ""data_unreliable"": false}, {""minute"": ""15:09"", ""mid"": 311.475, ""bid"": 311.15, ""risk"": ""EXTREME"", ""action"": ""BREAK_EXIT"", ""support"": ""CONTRADICTED"", ""n_neg"": 6, ""data_unreliable"": false}, {""minute"": ""15:10"", ""mid"": 318.775, ""bid"": 318.55, ""risk"": ""NORMAL"", ""action"": ""HOLD"", ""support"": ""NORMAL"", ""n_neg"": 0, ""data_unreliable"": false}, {""minute"": ""15:11"", ""mid"": 312.425, ""bid"": 312.1, ""risk"": ""ELEVATED"", ""action"": ""CAUTION"", ""support"": ""WEAK"", ""n_neg"": 2, ""data_unreliable"": false}, {""minute"": ""15:12"", ""mid"": 309.15, ""bid"": 308.7, ""risk"": ""EXTREME"", ""action"": ""BREAK_EXIT"", ""support"": ""CONTRADICTED"", ""n_neg"": 8, ""data_unreliable"": false}, {""minute"": ""15:13"", ""mid"": 302.9, ""bid"": 302.45, ""risk"": ""EXTREME"", ""action"": ""BREAK_EXIT"", ""support"": ""CONTRADICTED"", ""n_neg"": 8, ""data_unreliable"": false}, {""minute"": ""15:14"", ""mid"": 307.1, ""bid"": 306.7, ""risk"": ""HIGH"", ""action"": ""PREPARE_EXIT"", ""support"": ""CONTRADICTED"", ""n_neg"": 3, ""data_unreliable"": false}, {""minute"": ""15:15"", ""mid"": 302.95000000000005, ""bid"": 302.55, ""risk"": ""ELEVATED"", ""action"": ""CAUTION"", ""support"": ""WEAK"", ""n_neg"": 2, ""data_unreliable"": false}, {""minute"": ""15:16"", ""mid"": 305.4, ""bid"": 305.0, ""risk"": ""NORMAL"", ""action"": ""HOLD"", ""support"": ""NORMAL"", ""n_neg"": 1, ""data_unreliable"": false}, {""minute"": ""15:17"", ""mid"": 310.29999999999995, ""bid"": 310.15, ""risk"": ""NORMAL"", ""action"": ""HOLD"", ""support"": ""STRONG"", ""n_neg"": 0, ""data_unreliable"": false}, {""minute"": ""15:18"", ""mid"": 313.275, ""bid"": 312.8, ""risk"": ""NORMAL"", ""action"": ""HOLD"", ""support"": ""NORMAL"", ""n_neg"": 1, ""data_unreliable"": false}, {""minute"": ""15:19"", ""mid"": 313.525, ""bid"": 313.15, ""risk"": ""NORMAL"", ""action"": ""HOLD"", ""support"": ""STRONG"", ""n_neg"": 0, ""data_unreliable"": false}]"
SENSEX,2026-08-11,CLOSING_1515_1529,CE,78300.0,15:15,15:29,316.625,316.95,"[{""minute"": ""15:15"", ""mid"": 316.625, ""bid"": 316.3, ""risk"": ""NORMAL"", ""action"": ""HOLD"", ""support"": ""NORMAL"", ""n_neg"": 1, ""data_unreliable"": false}, {""minute"": ""15:16"", ""mid"": 312.05, ""bid"": 311.6, ""risk"": ""HIGH"", ""action"": ""PREPARE_EXIT"", ""support"": ""CONTRADICTED"", ""n_neg"": 4, ""data_unreliable"": false}, {""minute"": ""15:17"", ""mid"": 307.3, ""bid"": 307.05, ""risk"": ""EXTREME"", ""action"": ""BREAK_EXIT"", ""support"": ""CONTRADICTED"", ""n_neg"": 6, ""data_unreliable"": false}, {""minute"": ""15:18"", ""mid"": 305.175, ""bid"": 304.8, ""risk"": ""EXTREME"", ""action"": ""BREAK_EXIT"", ""support"": ""CONTRADICTED"", ""n_neg"": 6, ""data_unreliable"": false}, {""minute"": ""15:19"", ""mid"": 304.45000000000005, ""bid"": 304.1, ""risk"": ""HIGH"", ""action"": ""PREPARE_EXIT"", ""support"": ""CONTRADICTED"", ""n_neg"": 5, ""data_unreliable"": false}, {""minute"": ""15:20"", ""mid"": 295.25, ""bid"": 294.75, ""risk"": ""EXTREME"", ""action"": ""BREAK_EXIT"", ""support"": ""CONTRADICTED"", ""n_neg"": 7, ""data_unreliable"": false}, {""minute"": ""15:21"", ""mid"": 285.82500000000005, ""bid"": 285.35, ""risk"": ""EXTREME"", ""action"": ""BREAK_EXIT"", ""support"": ""CONTRADICTED"", ""n_neg"": 9, ""data_unreliable"": false}, {""minute"": ""15:22"", ""mid"": 292.79999999999995, ""bid"": 292.45, ""risk"": ""HIGH"", ""action"": ""PREPARE_EXIT"", ""support"": ""CONTRADICTED"", ""n_neg"": 3, ""data_unreliable"": false}, {""minute"": ""15:23"", ""mid"": 295.07500000000005, ""bid"": 294.55, ""risk"": ""NORMAL"", ""action"": ""HOLD"", ""support"": ""NORMAL"", ""n_neg"": 1, ""data_unreliable"": false}, {""minute"": ""15:24"", ""mid"": 293.65, ""bid"": 293.1, ""risk"": ""ELEVATED"", ""action"": ""CAUTION"", ""support"": ""WEAK"", ""n_neg"": 2, ""data_unreliable"": false}, {""minute"": ""15:25"", ""mid"": 289.82500000000005, ""bid"": 289.3, ""risk"": ""EXTREME"", ""action"": ""BREAK_EXIT"", ""support"": ""CONTRADICTED"", ""n_neg"": 6, ""data_unreliable"": false}, {""minute"": ""15:26"", ""mid"": 288.275, ""bid"": 287.7, ""risk"": ""EXTREME"", ""action"": ""BREAK_EXIT"", ""support"": ""CONTRADICTED"", ""n_neg"": 5, ""data_unreliable"": false}, {""minute"": ""15:27"", ""mid"": 286.875, ""bid"": 286.45, ""risk"": ""HIGH"", ""action"": ""PREPARE_EXIT"", ""support"": ""CONTRADICTED"", ""n_neg"": 3, ""data_unreliable"": false}, {""minute"": ""15:28"", ""mid"": 285.75, ""bid"": 285.4, ""risk"": ""HIGH"", ""action"": ""PREPARE_EXIT"", ""support"": ""CONTRADICTED"", ""n_neg"": 4, ""data_unreliable"": false}, {""minute"": ""15:29"", ""mid"": 283.6, ""bid"": 283.35, ""risk"": ""HIGH"", ""action"": ""PREPARE_EXIT"", ""support"": ""CONTRADICTED"", ""n_neg"": 5, ""data_unreliable"": false}]"
SENSEX,2026-08-11,CLOSING_1515_1529,PE,78300.0,15:15,15:29,302.95000000000005,303.35,"[{""minute"": ""15:15"", ""mid"": 302.95000000000005, ""bid"": 302.55, ""risk"": ""ELEVATED"", ""action"": ""CAUTION"", ""support"": ""WEAK"", ""n_neg"": 2, ""data_unreliable"": false}, {""minute"": ""15:16"", ""mid"": 305.4, ""bid"": 305.0, ""risk"": ""NORMAL"", ""action"": ""HOLD"", ""support"": ""NORMAL"", ""n_neg"": 1, ""data_unreliable"": false}, {""minute"": ""15:17"", ""mid"": 310.29999999999995, ""bid"": 310.15, ""risk"": ""NORMAL"", ""action"": ""HOLD"", ""support"": ""STRONG"", ""n_neg"": 0, ""data_unreliable"": false}, {""minute"": ""15:18"", ""mid"": 313.275, ""bid"": 312.8, ""risk"": ""NORMAL"", ""action"": ""HOLD"", ""support"": ""STRONG"", ""n_neg"": 0, ""data_unreliable"": false}, {""minute"": ""15:19"", ""mid"": 313.525, ""bid"": 313.15, ""risk"": ""NORMAL"", ""action"": ""HOLD"", ""support"": ""STRONG"", ""n_neg"": 0, ""data_unreliable"": false}, {""minute"": ""15:20"", ""mid"": 317.6, ""bid"": 317.2, ""risk"": ""NORMAL"", ""action"": ""HOLD"", ""support"": ""STRONG"", ""n_neg"": 0, ""data_unreliable"": false}, {""minute"": ""15:21"", ""mid"": 328.3, ""bid"": 327.75, ""risk"": ""NORMAL"", ""action"": ""HOLD"", ""support"": ""STRONG"", ""n_neg"": 0, ""data_unreliable"": false}, {""minute"": ""15:22"", ""mid"": 319.57500000000005, ""bid"": 319.05, ""risk"": ""ELEVATED"", ""action"": ""CAUTION"", ""support"": ""NORMAL"", ""n_neg"": 1, ""data_unreliable"": false}, {""minute"": ""15:23"", ""mid"": 316.9, ""bid"": 316.6, ""risk"": ""EXTREME"", ""action"": ""BREAK_EXIT"", ""support"": ""CONTRADICTED"", ""n_neg"": 6, ""data_unreliable"": false}, {""minute"": ""15:24"", ""mid"": 319.025, ""bid"": 318.4, ""risk"": ""ELEVATED"", ""action"": ""CAUTION"", ""support"": ""WEAK"", ""n_neg"": 2, ""data_unreliable"": false}, {""minute"": ""15:25"", ""mid"": 323.32500000000005, ""bid"": 322.85, ""risk"": ""NORMAL"", ""action"": ""HOLD"", ""support"": ""STRONG"", ""n_neg"": 0, ""data_unreliable"": false}, {""minute"": ""15:26"", ""mid"": 319.07500000000005, ""bid"": 318.55, ""risk"": ""ELEVATED"", ""action"": ""CAUTION"", ""support"": ""NORMAL"", ""n_neg"": 1, ""data_unreliable"": false}, {""minute"": ""15:27"", ""mid"": 325.0, ""bid"": 324.6, ""risk"": ""NORMAL"", ""action"": ""HOLD"", ""support"": ""STRONG"", ""n_neg"": 0, ""data_unreliable"": false}, {""minute"": ""15:28"", ""mid"": 322.70000000000005, ""bid"": 322.35, ""risk"": ""ELEVATED"", ""action"": ""CAUTION"", ""support"": ""NORMAL"", ""n_neg"": 1, ""data_unreliable"": false}, {""minute"": ""15:29"", ""mid"": 322.275, ""bid"": 321.75, ""risk"": ""NORMAL"", ""action"": ""HOLD"", ""support"": ""NORMAL"", ""n_neg"": 1, ""data_unreliable"": false}]"
NIFTY,2026-08-12,11D_SHAPED_1500_1519,CE,24450.0,15:00,15:19,120.975,121.1,"[{""minute"": ""15:00"", ""mid"": 120.975, ""bid"": 120.85, ""risk"": ""LOW"", ""action"": ""HOLD"", ""support"": ""STRONG"", ""n_neg"": 0, ""data_unreliable"": false}, {""minute"": ""15:01"", ""mid"": 118.6, ""bid"": 118.5, ""risk"": ""HIGH"", ""action"": ""PREPARE_EXIT"", ""support"": ""CONTRADICTED"", ""n_neg"": 4, ""data_unreliable"": false}, {""minute"": ""15:02"", ""mid"": 118.775, ""bid"": 118.7, ""risk"": ""EXTREME"", ""action"": ""BREAK_EXIT"", ""support"": ""CONTRADICTED"", ""n_neg"": 5, ""data_unreliable"": false}, {""minute"": ""15:03"", ""mid"": 116.225, ""bid"": 116.15, ""risk"": ""EXTREME"", ""action"": ""BREAK_EXIT"", ""support"": ""CONTRADICTED"", ""n_neg"": 6, ""data_unreliable"": false}, {""minute"": ""15:04"", ""mid"": 116.44999999999999, ""bid"": 116.35, ""risk"": ""EXTREME"", ""action"": ""BREAK_EXIT"", ""support"": ""CONTRADICTED"", ""n_neg"": 6, ""data_unreliable"": false}, {""minute"": ""15:05"", ""mid"": 111.975, ""bid"": 111.9, ""risk"": ""EXTREME"", ""action"": ""BREAK_EXIT"", ""support"": ""CONTRADICTED"", ""n_neg"": 7, ""data_unreliable"": false}, {""minute"": ""15:06"", ""mid"": 113.65, ""bid"": 113.5, ""risk"": ""HIGH"", ""action"": ""PREPARE_EXIT"", ""support"": ""CONTRADICTED"", ""n_neg"": 4, ""data_unreliable"": false}, {""minute"": ""15:07"", ""mid"": 112.775, ""bid"": 112.7, ""risk"": ""ELEVATED"", ""action"": ""CAUTION"", ""support"": ""WEAK"", ""n_neg"": 2, ""data_unreliable"": false}, {""minute"": ""15:08"", ""mid"": 110.025, ""bid"": 109.95, ""risk"": ""HIGH"", ""action"": ""PREPARE_EXIT"", ""support"": ""CONTRADICTED"", ""n_neg"": 5, ""data_unreliable"": false}, {""minute"": ""15:09"", ""mid"": 107.575, ""bid"": 107.45, ""risk"": ""EXTREME"", ""action"": ""BREAK_EXIT"", ""support"": ""CONTRADICTED"", ""n_neg"": 5, ""data_unreliable"": false}, {""minute"": ""15:10"", ""mid"": 113.65, ""bid"": 113.55, ""risk"": ""LOW"", ""action"": ""HOLD"", ""support"": ""STRONG"", ""n_neg"": 0, ""data_unreliable"": false}, {""minute"": ""15:11"", ""mid"": 117.30000000000001, ""bid"": 117.2, ""risk"": ""LOW"", ""action"": ""HOLD"", ""support"": ""STRONG"", ""n_neg"": 0, ""data_unreliable"": false}, {""minute"": ""15:12"", ""mid"": 119.175, ""bid"": 119.05, ""risk"": ""LOW"", ""action"": ""HOLD"", ""support"": ""STRONG"", ""n_neg"": 0, ""data_unreliable"": false}, {""minute"": ""15:13"", ""mid"": 119.44999999999999, ""bid"": 119.3, ""risk"": ""LOW"", ""action"": ""HOLD"", ""support"": ""STRONG"", ""n_neg"": 0, ""data_unreliable"": false}, {""minute"": ""15:14"", ""mid"": 119.575, ""bid"": 119.5, ""risk"": ""NORMAL"", ""action"": ""HOLD"", ""support"": ""NORMAL"", ""n_neg"": 0, ""data_unreliable"": false}, {""minute"": ""15:15"", ""mid"": 118.7, ""bid"": 118.65, ""risk"": ""HIGH"", ""action"": ""PREPARE_EXIT"", ""support"": ""CONTRADICTED"", ""n_neg"": 3, ""data_unreliable"": false}, {""minute"": ""15:16"", ""mid"": 117.55000000000001, ""bid"": 117.4, ""risk"": ""EXTREME"", ""action"": ""BREAK_EXIT"", ""support"": ""CONTRADICTED"", ""n_neg"": 4, ""data_unreliable"": false}, {""minute"": ""15:17"", ""mid"": 115.5, ""bid"": 115.4, ""risk"": ""EXTREME"", ""action"": ""BREAK_EXIT"", ""support"": ""CONTRADICTED"", ""n_neg"": 6, ""data_unreliable"": false}, {""minute"": ""15:18"", ""mid"": 116.6, ""bid"": 116.5, ""risk"": ""ELEVATED"", ""action"": ""CAUTION"", ""support"": ""WEAK"", ""n_neg"": 3, ""data_unreliable"": false}, {""minute"": ""15:19"", ""mid"": 117.8, ""bid"": 117.75, ""risk"": ""NORMAL"", ""action"": ""HOLD"", ""support"": ""STRONG"", ""n_neg"": 0, ""data_unreliable"": false}]"
NIFTY,2026-08-12,11D_SHAPED_1500_1519,PE,24450.0,15:00,15:19,129.775,129.9,"[{""minute"": ""15:00"", ""mid"": 129.775, ""bid"": 129.65, ""risk"": ""EXTREME"", ""action"": ""BREAK_EXIT"", ""support"": ""CONTRADICTED"", ""n_neg"": 5, ""data_unreliable"": false}, {""minute"": ""15:01"", ""mid"": 131.725, ""bid"": 131.6, ""risk"": ""NORMAL"", ""action"": ""HOLD"", ""support"": ""NORMAL"", ""n_neg"": 0, ""data_unreliable"": false}, {""minute"": ""15:02"", ""mid"": 132.05, ""bid"": 131.9, ""risk"": ""LOW"", ""action"": ""HOLD"", ""support"": ""STRONG"", ""n_neg"": 0, ""data_unreliable"": false}, {""minute"": ""15:03"", ""mid"": 133.1, ""bid"": 133.0, ""risk"": ""LOW"", ""action"": ""HOLD"", ""support"": ""STRONG"", ""n_neg"": 0, ""data_unreliable"": false}, {""minute"": ""15:04"", ""mid"": 131.425, ""bid"": 131.35, ""risk"": ""ELEVATED"", ""action"": ""CAUTION"", ""support"": ""NORMAL"", ""n_neg"": 2, ""data_unreliable"": false}, {""minute"": ""15:05"", ""mid"": 136.425, ""bid"": 136.35, ""risk"": ""LOW"", ""action"": ""HOLD"", ""support"": ""STRONG"", ""n_neg"": 0, ""data_unreliable"": false}, {""minute"": ""15:06"", ""mid"": 134.97500000000002, ""bid"": 134.8, ""risk"": ""ELEVATED"", ""action"": ""CAUTION"", ""support"": ""NORMAL"", ""n_neg"": 1, ""data_unreliable"": false}, {""minute"": ""15:07"", ""mid"": 135.675, ""bid"": 135.5, ""risk"": ""ELEVATED"", ""action"": ""CAUTION"", ""support"": ""NORMAL"", ""n_neg"": 1, ""data_unreliable"": false}, {""minute"": ""15:08"", ""mid"": 137.925, ""bid"": 137.85, ""risk"": ""LOW"", ""action"": ""HOLD"", ""support"": ""STRONG"", ""n_neg"": 0, ""data_unreliable"": false}, {""minute"": ""15:09"", ""mid"": 140.47500000000002, ""bid"": 140.3, ""risk"": ""LOW"", ""action"": ""HOLD"", ""support"": ""STRONG"", ""n_neg"": 0, ""data_unreliable"": false}, {""minute"": ""15:10"", ""mid"": 135.15, ""bid"": 135.05, ""risk"": ""HIGH"", ""action"": ""PREPARE_EXIT"", ""support"": ""CONTRADICTED"", ""n_neg"": 5, ""data_unreliable"": false}, {""minute"": ""15:11"", ""mid"": 130.25, ""bid"": 130.15, ""risk"": ""EXTREME"", ""action"": ""BREAK_EXIT"", ""support"": ""CONTRADICTED"", ""n_neg"": 5, ""data_unreliable"": false}, {""minute"": ""15:12"", ""mid"": 128.55, ""bid"": 128.45, ""risk"": ""EXTREME"", ""action"": ""BREAK_EXIT"", ""support"": ""CONTRADICTED"", ""n_neg"": 5, ""data_unreliable"": false}, {""minute"": ""15:13"", ""mid"": 128.3, ""bid"": 128.15, ""risk"": ""HIGH"", ""action"": ""PREPARE_EXIT"", ""support"": ""CONTRADICTED"", ""n_neg"": 4, ""data_unreliable"": false}, {""minute"": ""15:14"", ""mid"": 127.85, ""bid"": 127.7, ""risk"": ""NORMAL"", ""action"": ""HOLD"", ""support"": ""NORMAL"", ""n_neg"": 1, ""data_unreliable"": false}, {""minute"": ""15:15"", ""mid"": 125.75, ""bid"": 125.6, ""risk"": ""EXTREME"", ""action"": ""BREAK_EXIT"", ""support"": ""CONTRADICTED"", ""n_neg"": 6, ""data_unreliable"": false}, {""minute"": ""15:16"", ""mid"": 127.80000000000001, ""bid"": 127.65, ""risk"": ""ELEVATED"", ""action"": ""CAUTION"", ""support"": ""NORMAL"", ""n_neg"": 2, ""data_unreliable"": false}, {""minute"": ""15:17"", ""mid"": 128.27499999999998, ""bid"": 128.1, ""risk"": ""NORMAL"", ""action"": ""HOLD"", ""support"": ""STRONG"", ""n_neg"": 0, ""data_unreliable"": false}, {""minute"": ""15:18"", ""mid"": 127.325, ""bid"": 127.25, ""risk"": ""HIGH"", ""action"": ""PREPARE_EXIT"", ""support"": ""CONTRADICTED"", ""n_neg"": 4, ""data_unreliable"": false}, {""minute"": ""15:19"", ""mid"": 126.025, ""bid"": 125.9, ""risk"": ""HIGH"", ""action"": ""PREPARE_EXIT"", ""support"": ""CONTRADICTED"", ""n_neg"": 4, ""data_unreliable"": false}]"
NIFTY,2026-08-12,CLOSING_1515_1529,CE,24450.0,15:15,15:29,118.7,118.75,"[{""minute"": ""15:15"", ""mid"": 118.7, ""bid"": 118.65, ""risk"": ""HIGH"", ""action"": ""PREPARE_EXIT"", ""support"": ""CONTRADICTED"", ""n_neg"": 3, ""data_unreliable"": false}, {""minute"": ""15:16"", ""mid"": 117.55000000000001, ""bid"": 117.4, ""risk"": ""EXTREME"", ""action"": ""BREAK_EXIT"", ""support"": ""CONTRADICTED"", ""n_neg"": 5, ""data_unreliable"": false}, {""minute"": ""15:17"", ""mid"": 115.5, ""bid"": 115.4, ""risk"": ""EXTREME"", ""action"": ""BREAK_EXIT"", ""support"": ""CONTRADICTED"", ""n_neg"": 7, ""data_unreliable"": false}, {""minute"": ""15:18"", ""mid"": 116.6, ""bid"": 116.5, ""risk"": ""ELEVATED"", ""action"": ""CAUTION"", ""support"": ""WEAK"", ""n_neg"": 4, ""data_unreliable"": false}, {""minute"": ""15:19"", ""mid"": 117.8, ""bid"": 117.75, ""risk"": ""NORMAL"", ""action"": ""HOLD"", ""support"": ""STRONG"", ""n_neg"": 0, ""data_unreliable"": false}, {""minute"": ""15:20"", ""mid"": 118.65, ""bid"": 118.5, ""risk"": ""NORMAL"", ""action"": ""HOLD"", ""support"": ""NORMAL"", ""n_neg"": 1, ""data_unreliable"": false}, {""minute"": ""15:21"", ""mid"": 120.85, ""bid"": 120.7, ""risk"": ""NORMAL"", ""action"": ""HOLD"", ""support"": ""NORMAL"", ""n_neg"": 1, ""data_unreliable"": false}, {""minute"": ""15:22"", ""mid"": 120.19999999999999, ""bid"": 120.1, ""risk"": ""ELEVATED"", ""action"": ""CAUTION"", ""support"": ""NORMAL"", ""n_neg"": 2, ""data_unreliable"": false}, {""minute"": ""15:23"", ""mid"": 120.475, ""bid"": 120.4, ""risk"": ""NORMAL"", ""action"": ""HOLD"", ""support"": ""NORMAL"", ""n_neg"": 1, ""data_unreliable"": false}, {""minute"": ""15:24"", ""mid"": 120.675, ""bid"": 120.5, ""risk"": ""NORMAL"", ""action"": ""HOLD"", ""support"": ""NORMAL"", ""n_neg"": 1, ""data_unreliable"": false}, {""minute"": ""15:25"", ""mid"": 120.65, ""bid"": 120.5, ""risk"": ""NORMAL"", ""action"": ""HOLD"", ""support"": ""NORMAL"", ""n_neg"": 1, ""data_unreliable"": false}, {""minute"": ""15:26"", ""mid"": 119.8, ""bid"": 119.75, ""risk"": ""HIGH"", ""action"": ""PREPARE_EXIT"", ""support"": ""CONTRADICTED"", ""n_neg"": 3, ""data_unreliable"": false}, {""minute"": ""15:27"", ""mid"": 118.825, ""bid"": 118.7, ""risk"": ""EXTREME"", ""action"": ""BREAK_EXIT"", ""support"": ""CONTRADICTED"", ""n_neg"": 7, ""data_unreliable"": false}, {""minute"": ""15:28"", ""mid"": 119.82499999999999, ""bid"": 119.8, ""risk"": ""NORMAL"", ""action"": ""HOLD"", ""support"": ""NORMAL"", ""n_neg"": 1, ""data_unreliable"": false}, {""minute"": ""15:29"", ""mid"": 120.525, ""bid"": 120.45, ""risk"": ""NORMAL"", ""action"": ""HOLD"", ""support"": ""STRONG"", ""n_neg"": 0, ""data_unreliable"": false}]"
NIFTY,2026-08-12,CLOSING_1515_1529,PE,24450.0,15:15,15:29,125.75,125.9,"[{""minute"": ""15:15"", ""mid"": 125.75, ""bid"": 125.6, ""risk"": ""EXTREME"", ""action"": ""BREAK_EXIT"", ""support"": ""CONTRADICTED"", ""n_neg"": 6, ""data_unreliable"": false}, {""minute"": ""15:16"", ""mid"": 127.80000000000001, ""bid"": 127.65, ""risk"": ""ELEVATED"", ""action"": ""CAUTION"", ""support"": ""NORMAL"", ""n_neg"": 2, ""data_unreliable"": false}, {""minute"": ""15:17"", ""mid"": 128.27499999999998, ""bid"": 128.1, ""risk"": ""NORMAL"", ""action"": ""HOLD"", ""support"": ""STRONG"", ""n_neg"": 0, ""data_unreliable"": false}, {""minute"": ""15:18"", ""mid"": 127.325, ""bid"": 127.25, ""risk"": ""HIGH"", ""action"": ""PREPARE_EXIT"", ""support"": ""CONTRADICTED"", ""n_neg"": 4, ""data_unreliable"": false}, {""minute"": ""15:19"", ""mid"": 126.025, ""bid"": 125.9, ""risk"": ""HIGH"", ""action"": ""PREPARE_EXIT"", ""support"": ""CONTRADICTED"", ""n_neg"": 4, ""data_unreliable"": false}, {""minute"": ""15:20"", ""mid"": 125.85, ""bid"": 125.8, ""risk"": ""ELEVATED"", ""action"": ""CAUTION"", ""support"": ""WEAK"", ""n_neg"": 3, ""data_unreliable"": false}, {""minute"": ""15:21"", ""mid"": 123.875, ""bid"": 123.8, ""risk"": ""HIGH"", ""action"": ""PREPARE_EXIT"", ""support"": ""CONTRADICTED"", ""n_neg"": 5, ""data_unreliable"": false}, {""minute"": ""15:22"", ""mid"": 124.0, ""bid"": 123.95, ""risk"": ""HIGH"", ""action"": ""PREPARE_EXIT"", ""support"": ""CONTRADICTED"", ""n_neg"": 4, ""data_unreliable"": false}, {""minute"": ""15:23"", ""mid"": 123.525, ""bid"": 123.45, ""risk"": ""HIGH"", ""action"": ""PREPARE_EXIT"", ""support"": ""CONTRADICTED"", ""n_neg"": 4, ""data_unreliable"": false}, {""minute"": ""15:24"", ""mid"": 124.425, ""bid"": 124.3, ""risk"": ""NORMAL"", ""action"": ""HOLD"", ""support"": ""NORMAL"", ""n_neg"": 0, ""data_unreliable"": false}, {""minute"": ""15:25"", ""mid"": 124.30000000000001, ""bid"": 124.15, ""risk"": ""ELEVATED"", ""action"": ""CAUTION"", ""support"": ""WEAK"", ""n_neg"": 1, ""data_unreliable"": false}, {""minute"": ""15:26"", ""mid"": 124.675, ""bid"": 124.5, ""risk"": ""NORMAL"", ""action"": ""HOLD"", ""support"": ""NORMAL"", ""n_neg"": 0, ""data_unreliable"": false}, {""minute"": ""15:27"", ""mid"": 125.75, ""bid"": 125.6, ""risk"": ""NORMAL"", ""action"": ""HOLD"", ""support"": ""STRONG"", ""n_neg"": 0, ""data_unreliable"": false}, {""minute"": ""15:28"", ""mid"": 124.32499999999999, ""bid"": 124.3, ""risk"": ""ELEVATED"", ""action"": ""CAUTION"", ""support"": ""WEAK"", ""n_neg"": 1, ""data_unreliable"": false}, {""minute"": ""15:29"", ""mid"": 122.875, ""bid"": 122.75, ""risk"": ""EXTREME"", ""action"": ""BREAK_EXIT"", ""support"": ""CONTRADICTED"", ""n_neg"": 5, ""data_unreliable"": false}]"
SENSEX,2026-08-12,11D_SHAPED_1500_1519,CE,78000.0,15:00,15:19,215.85,216.1,"[{""minute"": ""15:00"", ""mid"": 215.85, ""bid"": 215.6, ""risk"": ""ELEVATED"", ""action"": ""CAUTION"", ""support"": ""NORMAL"", ""n_neg"": 1, ""data_unreliable"": false}, {""minute"": ""15:01"", ""mid"": 212.39999999999998, ""bid"": 212.2, ""risk"": ""HIGH"", ""action"": ""PREPARE_EXIT"", ""support"": ""CONTRADICTED"", ""n_neg"": 4, ""data_unreliable"": false}, {""minute"": ""15:02"", ""mid"": 204.55, ""bid"": 204.5, ""risk"": ""EXTREME"", ""action"": ""BREAK_EXIT"", ""support"": ""CONTRADICTED"", ""n_neg"": 8, ""data_unreliable"": false}, {""minute"": ""15:03"", ""mid"": 192.825, ""bid"": 192.6, ""risk"": ""EXTREME"", ""action"": ""BREAK_EXIT"", ""support"": ""CONTRADICTED"", ""n_neg"": 8, ""data_unreliable"": false}, {""minute"": ""15:04"", ""mid"": 199.725, ""bid"": 199.6, ""risk"": ""HIGH"", ""action"": ""PREPARE_EXIT"", ""support"": ""CONTRADICTED"", ""n_neg"": 3, ""data_unreliable"": false}, {""minute"": ""15:05"", ""mid"": 179.875, ""bid"": 179.65, ""risk"": ""EXTREME"", ""action"": ""BREAK_EXIT"", ""support"": ""CONTRADICTED"", ""n_neg"": 7, ""data_unreliable"": false}, {""minute"": ""15:06"", ""mid"": 191.85000000000002, ""bid"": 191.55, ""risk"": ""EXTREME"", ""action"": ""BREAK_EXIT"", ""support"": ""CONTRADICTED"", ""n_neg"": 5, ""data_unreliable"": false}, {""minute"": ""15:07"", ""mid"": 188.25, ""bid"": 188.0, ""risk"": ""ELEVATED"", ""action"": ""CAUTION"", ""support"": ""NORMAL"", ""n_neg"": 2, ""data_unreliable"": false}, {""minute"": ""15:08"", ""mid"": 188.175, ""bid"": 187.95, ""risk"": ""EXTREME"", ""action"": ""BREAK_EXIT"", ""support"": ""CONTRADICTED"", ""n_neg"": 5, ""data_unreliable"": false}, {""minute"": ""15:09"", ""mid"": 188.95, ""bid"": 188.7, ""risk"": ""ELEVATED"", ""action"": ""CAUTION"", ""support"": ""WEAK"", ""n_neg"": 3, ""data_unreliable"": false}, {""minute"": ""15:10"", ""mid"": 199.0, ""bid"": 198.75, ""risk"": ""LOW"", ""action"": ""HOLD"", ""support"": ""STRONG"", ""n_neg"": 0, ""data_unreliable"": false}, {""minute"": ""15:11"", ""mid"": 218.05, ""bid"": 217.85, ""risk"": ""LOW"", ""action"": ""HOLD"", ""support"": ""STRONG"", ""n_neg"": 0, ""data_unreliable"": false}, {""minute"": ""15:12"", ""mid"": 216.8, ""bid"": 216.55, ""risk"": ""ELEVATED"", ""action"": ""CAUTION"", ""support"": ""NORMAL"", ""n_neg"": 1, ""data_unreliable"": false}, {""minute"": ""15:13"", ""mid"": 216.7, ""bid"": 216.45, ""risk"": ""ELEVATED"", ""action"": ""CAUTION"", ""support"": ""WEAK"", ""n_neg"": 3, ""data_unreliable"": false}, {""minute"": ""15:14"", ""mid"": 211.14999999999998, ""bid"": 210.95, ""risk"": ""EXTREME"", ""action"": ""BREAK_EXIT"", ""support"": ""CONTRADICTED"", ""n_neg"": 6, ""data_unreliable"": false}, {""minute"": ""15:15"", ""mid"": 215.825, ""bid"": 215.55, ""risk"": ""NORMAL"", ""action"": ""HOLD"", ""support"": ""NORMAL"", ""n_neg"": 1, ""data_unreliable"": false}, {""minute"": ""15:16"", ""mid"": 207.15, ""bid"": 207.0, ""risk"": ""HIGH"", ""action"": ""PREPARE_EXIT"", ""support"": ""CONTRADICTED"", ""n_neg"": 4, ""data_unreliable"": false}, {""minute"": ""15:17"", ""mid"": 196.6, ""bid"": 196.25, ""risk"": ""EXTREME"", ""action"": ""BREAK_EXIT"", ""support"": ""CONTRADICTED"", ""n_neg"": 10, ""data_unreliable"": false}, {""minute"": ""15:18"", ""mid"": 205.075, ""bid"": 204.95, ""risk"": ""HIGH"", ""action"": ""PREPARE_EXIT"", ""support"": ""CONTRADICTED"", ""n_neg"": 4, ""data_unreliable"": false}, {""minute"": ""15:19"", ""mid"": 207.925, ""bid"": 207.6, ""risk"": ""NORMAL"", ""action"": ""HOLD"", ""support"": ""STRONG"", ""n_neg"": 0, ""data_unreliable"": false}]"
SENSEX,2026-08-12,11D_SHAPED_1500_1519,PE,78000.0,15:00,15:19,226.325,226.6,"[{""minute"": ""15:00"", ""mid"": 226.325, ""bid"": 226.05, ""risk"": ""EXTREME"", ""action"": ""BREAK_EXIT"", ""support"": ""CONTRADICTED"", ""n_neg"": 5, ""data_unreliable"": false}, {""minute"": ""15:01"", ""mid"": 224.64999999999998, ""bid"": 224.35, ""risk"": ""HIGH"", ""action"": ""PREPARE_EXIT"", ""support"": ""CONTRADICTED"", ""n_neg"": 5, ""data_unreliable"": false}, {""minute"": ""15:02"", ""mid"": 233.475, ""bid"": 233.1, ""risk"": ""LOW"", ""action"": ""HOLD"", ""support"": ""STRONG"", ""n_neg"": 0, ""data_unreliable"": false}, {""minute"": ""15:03"", ""mid"": 239.275, ""bid"": 239.05, ""risk"": ""LOW"", ""action"": ""HOLD"", ""support"": ""STRONG"", ""n_neg"": 0, ""data_unreliable"": false}, {""minute"": ""15:04"", ""mid"": 225.85, ""bid"": 225.6, ""risk"": ""ELEVATED"", ""action"": ""CAUTION"", ""support"": ""NORMAL"", ""n_neg"": 4, ""data_unreliable"": false}, {""minute"": ""15:05"", ""mid"": 243.75, ""bid"": 243.4, ""risk"": ""LOW"", ""action"": ""HOLD"", ""support"": ""STRONG"", ""n_neg"": 0, ""data_unreliable"": false}, {""minute"": ""15:06"", ""mid"": 231.7, ""bid"": 231.4, ""risk"": ""ELEVATED"", ""action"": ""CAUTION"", ""support"": ""NORMAL"", ""n_neg"": 2, ""data_unreliable"": false}, {""minute"": ""15:07"", ""mid"": 237.025, ""bid"": 236.75, ""risk"": ""EXTREME"", ""action"": ""BREAK_EXIT"", ""support"": ""CONTRADICTED"", ""n_neg"": 5, ""data_unreliable"": false}, {""minute"": ""15:08"", ""mid"": 237.175, ""bid"": 236.9, ""risk"": ""NORMAL"", ""action"": ""HOLD"", ""support"": ""NORMAL"", ""n_neg"": 1, ""data_unreliable"": false}, {""minute"": ""15:09"", ""mid"": 243.2, ""bid"": 242.95, ""risk"": ""LOW"", ""action"": ""HOLD"", ""support"": ""STRONG"", ""n_neg"": 0, ""data_unreliable"": false}, {""minute"": ""15:10"", ""mid"": 231.05, ""bid"": 230.95, ""risk"": ""EXTREME"", ""action"": ""BREAK_EXIT"", ""support"": ""CONTRADICTED"", ""n_neg"": 7, ""data_unreliable"": false}, {""minute"": ""15:11"", ""mid"": 214.725, ""bid"": 214.45, ""risk"": ""EXTREME"", ""action"": ""BREAK_EXIT"", ""support"": ""CONTRADICTED"", ""n_neg"": 7, ""data_unreliable"": false}, {""minute"": ""15:12"", ""mid"": 218.15, ""bid"": 217.9, ""risk"": ""HIGH"", ""action"": ""PREPARE_EXIT"", ""support"": ""CONTRADICTED"", ""n_neg"": 4, ""data_unreliable"": false}, {""minute"": ""15:13"", ""mid"": 218.725, ""bid"": 218.45, ""risk"": ""NORMAL"", ""action"": ""HOLD"", ""support"": ""NORMAL"", ""n_neg"": 1, ""data_unreliable"": false}, {""minute"": ""15:14"", ""mid"": 218.4, ""bid"": 218.05, ""risk"": ""ELEVATED"", ""action"": ""CAUTION"", ""support"": ""NORMAL"", ""n_neg"": 1, ""data_unreliable"": false}, {""minute"": ""15:15"", ""mid"": 208.55, ""bid"": 208.25, ""risk"": ""EXTREME"", ""action"": ""BREAK_EXIT"", ""support"": ""CONTRADICTED"", ""n_neg"": 7, ""data_unreliable"": false}, {""minute"": ""15:16"", ""mid"": 213.72500000000002, ""bid"": 213.3, ""risk"": ""HIGH"", ""action"": ""PREPARE_EXIT"", ""support"": ""CONTRADICTED"", ""n_neg"": 4, ""data_unreliable"": false}, {""minute"": ""15:17"", ""mid"": 216.975, ""bid"": 216.6, ""risk"": ""NORMAL"", ""action"": ""HOLD"", ""support"": ""NORMAL"", ""n_neg"": 1, ""data_unreliable"": false}, {""minute"": ""15:18"", ""mid"": 211.75, ""bid"": 211.5, ""risk"": ""HIGH"", ""action"": ""PREPARE_EXIT"", ""support"": ""CONTRADICTED"", ""n_neg"": 4, ""data_unreliable"": false}, {""minute"": ""15:19"", ""mid"": 208.7, ""bid"": 208.35, ""risk"": ""EXTREME"", ""action"": ""BREAK_EXIT"", ""support"": ""CONTRADICTED"", ""n_neg"": 5, ""data_unreliable"": false}]"
SENSEX,2026-08-12,CLOSING_1515_1529,CE,78000.0,15:15,15:29,215.825,216.1,"[{""minute"": ""15:15"", ""mid"": 215.825, ""bid"": 215.55, ""risk"": ""NORMAL"", ""action"": ""HOLD"", ""support"": ""NORMAL"", ""n_neg"": 1, ""data_unreliable"": false}, {""minute"": ""15:16"", ""mid"": 207.15, ""bid"": 207.0, ""risk"": ""HIGH"", ""action"": ""PREPARE_EXIT"", ""support"": ""CONTRADICTED"", ""n_neg"": 4, ""data_unreliable"": false}, {""minute"": ""15:17"", ""mid"": 196.6, ""bid"": 196.25, ""risk"": ""EXTREME"", ""action"": ""BREAK_EXIT"", ""support"": ""CONTRADICTED"", ""n_neg"": 9, ""data_unreliable"": false}, {""minute"": ""15:18"", ""mid"": 205.075, ""bid"": 204.95, ""risk"": ""HIGH"", ""action"": ""PREPARE_EXIT"", ""support"": ""CONTRADICTED"", ""n_neg"": 4, ""data_unreliable"": false}, {""minute"": ""15:19"", ""mid"": 207.925, ""bid"": 207.6, ""risk"": ""NORMAL"", ""action"": ""HOLD"", ""support"": ""STRONG"", ""n_neg"": 0, ""data_unreliable"": false}, {""minute"": ""15:20"", ""mid"": 214.45, ""bid"": 214.1, ""risk"": ""NORMAL"", ""action"": ""HOLD"", ""support"": ""STRONG"", ""n_neg"": 0, ""data_unreliable"": false}, {""minute"": ""15:21"", ""mid"": 218.02499999999998, ""bid"": 217.7, ""risk"": ""NORMAL"", ""action"": ""HOLD"", ""support"": ""STRONG"", ""n_neg"": 0, ""data_unreliable"": false}, {""minute"": ""15:22"", ""mid"": 221.35, ""bid"": 221.0, ""risk"": ""NORMAL"", ""action"": ""HOLD"", ""support"": ""STRONG"", ""n_neg"": 0, ""data_unreliable"": false}, {""minute"": ""15:23"", ""mid"": 219.875, ""bid"": 219.75, ""risk"": ""ELEVATED"", ""action"": ""CAUTION"", ""support"": ""NORMAL"", ""n_neg"": 1, ""data_unreliable"": false}, {""minute"": ""15:24"", ""mid"": 219.5, ""bid"": 219.15, ""risk"": ""ELEVATED"", ""action"": ""CAUTION"", ""support"": ""WEAK"", ""n_neg"": 2, ""data_unreliable"": false}, {""minute"": ""15:25"", ""mid"": 219.55, ""bid"": 219.35, ""risk"": ""HIGH"", ""action"": ""PREPARE_EXIT"", ""support"": ""CONTRADICTED"", ""n_neg"": 4, ""data_unreliable"": false}, {""minute"": ""15:26"", ""mid"": 217.4, ""bid"": 217.15, ""risk"": ""HIGH"", ""action"": ""PREPARE_EXIT"", ""support"": ""CONTRADICTED"", ""n_neg"": 4, ""data_unreliable"": false}, {""minute"": ""15:27"", ""mid"": 211.8, ""bid"": 211.5, ""risk"": ""EXTREME"", ""action"": ""BREAK_EXIT"", ""support"": ""CONTRADICTED"", ""n_neg"": 7, ""data_unreliable"": false}, {""minute"": ""15:28"", ""mid"": 218.775, ""bid"": 218.75, ""risk"": ""NORMAL"", ""action"": ""HOLD"", ""support"": ""NORMAL"", ""n_neg"": 0, ""data_unreliable"": false}, {""minute"": ""15:29"", ""mid"": 218.75, ""bid"": 218.6, ""risk"": ""ELEVATED"", ""action"": ""CAUTION"", ""support"": ""NORMAL"", ""n_neg"": 1, ""data_unreliable"": false}]"
SENSEX,2026-08-12,CLOSING_1515_1529,PE,78000.0,15:15,15:29,208.55,208.85,"[{""minute"": ""15:15"", ""mid"": 208.55, ""bid"": 208.25, ""risk"": ""EXTREME"", ""action"": ""BREAK_EXIT"", ""support"": ""CONTRADICTED"", ""n_neg"": 7, ""data_unreliable"": false}, {""minute"": ""15:16"", ""mid"": 213.72500000000002, ""bid"": 213.3, ""risk"": ""HIGH"", ""action"": ""PREPARE_EXIT"", ""support"": ""CONTRADICTED"", ""n_neg"": 3, ""data_unreliable"": false}, {""minute"": ""15:17"", ""mid"": 216.975, ""bid"": 216.6, ""risk"": ""NORMAL"", ""action"": ""HOLD"", ""support"": ""NORMAL"", ""n_neg"": 1, ""data_unreliable"": false}, {""minute"": ""15:18"", ""mid"": 211.75, ""bid"": 211.5, ""risk"": ""HIGH"", ""action"": ""PREPARE_EXIT"", ""support"": ""CONTRADICTED"", ""n_neg"": 4, ""data_unreliable"": false}, {""minute"": ""15:19"", ""mid"": 208.7, ""bid"": 208.35, ""risk"": ""EXTREME"", ""action"": ""BREAK_EXIT"", ""support"": ""CONTRADICTED"", ""n_neg"": 5, ""data_unreliable"": false}, {""minute"": ""15:20"", ""mid"": 204.0, ""bid"": 203.7, ""risk"": ""EXTREME"", ""action"": ""BREAK_EXIT"", ""support"": ""CONTRADICTED"", ""n_neg"": 6, ""data_unreliable"": false}, {""minute"": ""15:21"", ""mid"": 198.875, ""bid"": 198.55, ""risk"": ""EXTREME"", ""action"": ""BREAK_EXIT"", ""support"": ""CONTRADICTED"", ""n_neg"": 7, ""data_unreliable"": false}, {""minute"": ""15:22"", ""mid"": 198.225, ""bid"": 197.95, ""risk"": ""EXTREME"", ""action"": ""BREAK_EXIT"", ""support"": ""CONTRADICTED"", ""n_neg"": 6, ""data_unreliable"": false}, {""minute"": ""15:23"", ""mid"": 192.0, ""bid"": 191.75, ""risk"": ""EXTREME"", ""action"": ""BREAK_EXIT"", ""support"": ""CONTRADICTED"", ""n_neg"": 5, ""data_unreliable"": false}, {""minute"": ""15:24"", ""mid"": 197.325, ""bid"": 197.05, ""risk"": ""ELEVATED"", ""action"": ""CAUTION"", ""support"": ""WEAK"", ""n_neg"": 3, ""data_unreliable"": false}, {""minute"": ""15:25"", ""mid"": 194.775, ""bid"": 194.75, ""risk"": ""ELEVATED"", ""action"": ""CAUTION"", ""support"": ""NORMAL"", ""n_neg"": 2, ""data_unreliable"": false}, {""minute"": ""15:26"", ""mid"": 192.45, ""bid"": 192.1, ""risk"": ""EXTREME"", ""action"": ""BREAK_EXIT"", ""support"": ""CONTRADICTED"", ""n_neg"": 4, ""data_unreliable"": false}, {""minute"": ""15:27"", ""mid"": 196.75, ""bid"": 196.55, ""risk"": ""NORMAL"", ""action"": ""HOLD"", ""support"": ""STRONG"", ""n_neg"": 0, ""data_unreliable"": false}, {""minute"": ""15:28"", ""mid"": 191.675, ""bid"": 191.4, ""risk"": ""HIGH"", ""action"": ""PREPARE_EXIT"", ""support"": ""CONTRADICTED"", ""n_neg"": 3, ""data_unreliable"": false}, {""minute"": ""15:29"", ""mid"": 192.125, ""bid"": 191.95, ""risk"": ""HIGH"", ""action"": ""PREPARE_EXIT"", ""support"": ""CONTRADICTED"", ""n_neg"": 4, ""data_unreliable"": false}]"
NIFTY,2026-08-13,11D_SHAPED_1500_1519,CE,24450.0,15:00,15:19,92.125,92.2,"[{""minute"": ""15:00"", ""mid"": 92.125, ""bid"": 92.05, ""risk"": ""EXTREME"", ""action"": ""BREAK_EXIT"", ""support"": ""CONTRADICTED"", ""n_neg"": 6, ""data_unreliable"": false}, {""minute"": ""15:01"", ""mid"": 94.15, ""bid"": 94.05, ""risk"": ""NORMAL"", ""action"": ""HOLD"", ""support"": ""NORMAL"", ""n_neg"": 1, ""data_unreliable"": false}, {""minute"": ""15:02"", ""mid"": 96.525, ""bid"": 96.4, ""risk"": ""NORMAL"", ""action"": ""HOLD"", ""support"": ""NORMAL"", ""n_neg"": 1, ""data_unreliable"": false}, {""minute"": ""15:03"", ""mid"": 95.625, ""bid"": 95.6, ""risk"": ""ELEVATED"", ""action"": ""CAUTION"", ""support"": ""NORMAL"", ""n_neg"": 1, ""data_unreliable"": false}, {""minute"": ""15:04"", ""mid"": 95.95, ""bid"": 95.9, ""risk"": ""ELEVATED"", ""action"": ""CAUTION"", ""support"": ""WEAK"", ""n_neg"": 2, ""data_unreliable"": false}, {""minute"": ""15:05"", ""mid"": 95.44999999999999, ""bid"": 95.35, ""risk"": ""HIGH"", ""action"": ""PREPARE_EXIT"", ""support"": ""CONTRADICTED"", ""n_neg"": 3, ""data_unreliable"": false}, {""minute"": ""15:06"", ""mid"": 94.625, ""bid"": 94.5, ""risk"": ""EXTREME"", ""action"": ""BREAK_EXIT"", ""support"": ""CONTRADICTED"", ""n_neg"": 7, ""data_unreliable"": false}, {""minute"": ""15:07"", ""mid"": 93.30000000000001, ""bid"": 93.2, ""risk"": ""EXTREME"", ""action"": ""BREAK_EXIT"", ""support"": ""CONTRADICTED"", ""n_neg"": 6, ""data_unreliable"": false}, {""minute"": ""15:08"", ""mid"": 95.175, ""bid"": 95.1, ""risk"": ""NORMAL"", ""action"": ""HOLD"", ""support"": ""NORMAL"", ""n_neg"": 0, ""data_unreliable"": false}, {""minute"": ""15:09"", ""mid"": 95.625, ""bid"": 95.5, ""risk"": ""NORMAL"", ""action"": ""HOLD"", ""support"": ""NORMAL"", ""n_neg"": 1, ""data_unreliable"": false}, {""minute"": ""15:10"", ""mid"": 94.75, ""bid"": 94.65, ""risk"": ""ELEVATED"", ""action"": ""CAUTION"", ""support"": ""WEAK"", ""n_neg"": 3, ""data_unreliable"": false}, {""minute"": ""15:11"", ""mid"": 95.57499999999999, ""bid"": 95.55, ""risk"": ""ELEVATED"", ""action"": ""CAUTION"", ""support"": ""WEAK"", ""n_neg"": 2, ""data_unreliable"": false}, {""minute"": ""15:12"", ""mid"": 96.35, ""bid"": 96.25, ""risk"": ""LOW"", ""action"": ""HOLD"", ""support"": ""STRONG"", ""n_neg"": 0, ""data_unreliable"": false}, {""minute"": ""15:13"", ""mid"": 96.85, ""bid"": 96.75, ""risk"": ""LOW"", ""action"": ""HOLD"", ""support"": ""STRONG"", ""n_neg"": 0, ""data_unreliable"": false}, {""minute"": ""15:14"", ""mid"": 97.425, ""bid"": 97.3, ""risk"": ""NORMAL"", ""action"": ""HOLD"", ""support"": ""NORMAL"", ""n_neg"": 1, ""data_unreliable"": false}, {""minute"": ""15:15"", ""mid"": 96.125, ""bid"": 96.1, ""risk"": ""HIGH"", ""action"": ""PREPARE_EXIT"", ""support"": ""CONTRADICTED"", ""n_neg"": 4, ""data_unreliable"": false}, {""minute"": ""15:16"", ""mid"": 96.35, ""bid"": 96.25, ""risk"": ""HIGH"", ""action"": ""PREPARE_EXIT"", ""support"": ""CONTRADICTED"", ""n_neg"": 4, ""data_unreliable"": false}, {""minute"": ""15:17"", ""mid"": 96.125, ""bid"": 96.0, ""risk"": ""HIGH"", ""action"": ""PREPARE_EXIT"", ""support"": ""CONTRADICTED"", ""n_neg"": 4, ""data_unreliable"": false}, {""minute"": ""15:18"", ""mid"": 96.275, ""bid"": 96.25, ""risk"": ""ELEVATED"", ""action"": ""CAUTION"", ""support"": ""WEAK"", ""n_neg"": 2, ""data_unreliable"": false}, {""minute"": ""15:19"", ""mid"": 97.125, ""bid"": 97.1, ""risk"": ""NORMAL"", ""action"": ""HOLD"", ""support"": ""STRONG"", ""n_neg"": 0, ""data_unreliable"": false}]"
NIFTY,2026-08-13,11D_SHAPED_1500_1519,PE,24450.0,15:00,15:19,111.575,111.65,"[{""minute"": ""15:00"", ""mid"": 111.575, ""bid"": 111.5, ""risk"": ""LOW"", ""action"": ""HOLD"", ""support"": ""STRONG"", ""n_neg"": 0, ""data_unreliable"": false}, {""minute"": ""15:01"", ""mid"": 109.525, ""bid"": 109.45, ""risk"": ""HIGH"", ""action"": ""PREPARE_EXIT"", ""support"": ""CONTRADICTED"", ""n_neg"": 3, ""data_unreliable"": false}, {""minute"": ""15:02"", ""mid"": 106.275, ""bid"": 106.15, ""risk"": ""EXTREME"", ""action"": ""BREAK_EXIT"", ""support"": ""CONTRADICTED"", ""n_neg"": 9, ""data_unreliable"": false}, {""minute"": ""15:03"", ""mid"": 106.475, ""bid"": 106.35, ""risk"": ""EXTREME"", ""action"": ""BREAK_EXIT"", ""support"": ""CONTRADICTED"", ""n_neg"": 7, ""data_unreliable"": false}, {""minute"": ""15:04"", ""mid"": 105.4, ""bid"": 105.3, ""risk"": ""HIGH"", ""action"": ""PREPARE_EXIT"", ""support"": ""CONTRADICTED"", ""n_neg"": 4, ""data_unreliable"": false}, {""minute"": ""15:05"", ""mid"": 106.4, ""bid"": 106.3, ""risk"": ""NORMAL"", ""action"": ""HOLD"", ""support"": ""NORMAL"", ""n_neg"": 1, ""data_unreliable"": false}, {""minute"": ""15:06"", ""mid"": 108.625, ""bid"": 108.5, ""risk"": ""NORMAL"", ""action"": ""HOLD"", ""support"": ""NORMAL"", ""n_neg"": 1, ""data_unreliable"": false}, {""minute"": ""15:07"", ""mid"": 110.5, ""bid"": 110.35, ""risk"": ""NORMAL"", ""action"": ""HOLD"", ""support"": ""NORMAL"", ""n_neg"": 1, ""data_unreliable"": false}, {""minute"": ""15:08"", ""mid"": 108.675, ""bid"": 108.55, ""risk"": ""ELEVATED"", ""action"": ""CAUTION"", ""support"": ""WEAK"", ""n_neg"": 2, ""data_unreliable"": false}, {""minute"": ""15:09"", ""mid"": 108.85, ""bid"": 108.75, ""risk"": ""EXTREME"", ""action"": ""BREAK_EXIT"", ""support"": ""CONTRADICTED"", ""n_neg"": 5, ""data_unreliable"": false}, {""minute"": ""15:10"", ""mid"": 110.325, ""bid"": 110.2, ""risk"": ""NORMAL"", ""action"": ""HOLD"", ""support"": ""NORMAL"", ""n_neg"": 1, ""data_unreliable"": false}, {""minute"": ""15:11"", ""mid"": 110.15, ""bid"": 110.05, ""risk"": ""ELEVATED"", ""action"": ""CAUTION"", ""support"": ""NORMAL"", ""n_neg"": 1, ""data_unreliable"": false}, {""minute"": ""15:12"", ""mid"": 108.975, ""bid"": 108.85, ""risk"": ""HIGH"", ""action"": ""PREPARE_EXIT"", ""support"": ""CONTRADICTED"", ""n_neg"": 5, ""data_unreliable"": false}, {""minute"": ""15:13"", ""mid"": 106.325, ""bid"": 106.2, ""risk"": ""EXTREME"", ""action"": ""BREAK_EXIT"", ""support"": ""CONTRADICTED"", ""n_neg"": 8, ""data_unreliable"": false}, {""minute"": ""15:14"", ""mid"": 106.95, ""bid"": 106.9, ""risk"": ""EXTREME"", ""action"": ""BREAK_EXIT"", ""support"": ""CONTRADICTED"", ""n_neg"": 7, ""data_unreliable"": false}, {""minute"": ""15:15"", ""mid"": 107.875, ""bid"": 107.75, ""risk"": ""ELEVATED"", ""action"": ""CAUTION"", ""support"": ""NORMAL"", ""n_neg"": 2, ""data_unreliable"": false}, {""minute"": ""15:16"", ""mid"": 105.55000000000001, ""bid"": 105.4, ""risk"": ""HIGH"", ""action"": ""PREPARE_EXIT"", ""support"": ""CONTRADICTED"", ""n_neg"": 6, ""data_unreliable"": false}, {""minute"": ""15:17"", ""mid"": 103.85, ""bid"": 103.7, ""risk"": ""EXTREME"", ""action"": ""BREAK_EXIT"", ""support"": ""CONTRADICTED"", ""n_neg"": 5, ""data_unreliable"": false}, {""minute"": ""15:18"", ""mid"": 104.625, ""bid"": 104.55, ""risk"": ""ELEVATED"", ""action"": ""CAUTION"", ""support"": ""WEAK"", ""n_neg"": 4, ""data_unreliable"": false}, {""minute"": ""15:19"", ""mid"": 102.57499999999999, ""bid"": 102.55, ""risk"": ""EXTREME"", ""action"": ""BREAK_EXIT"", ""support"": ""CONTRADICTED"", ""n_neg"": 6, ""data_unreliable"": false}]"
NIFTY,2026-08-13,CLOSING_1515_1529,CE,24450.0,15:15,15:29,96.125,96.15,"[{""minute"": ""15:15"", ""mid"": 96.125, ""bid"": 96.1, ""risk"": ""HIGH"", ""action"": ""PREPARE_EXIT"", ""support"": ""CONTRADICTED"", ""n_neg"": 4, ""data_unreliable"": false}, {""minute"": ""15:16"", ""mid"": 96.35, ""bid"": 96.25, ""risk"": ""HIGH"", ""action"": ""PREPARE_EXIT"", ""support"": ""CONTRADICTED"", ""n_neg"": 5, ""data_unreliable"": false}, {""minute"": ""15:17"", ""mid"": 96.125, ""bid"": 96.0, ""risk"": ""HIGH"", ""action"": ""PREPARE_EXIT"", ""support"": ""CONTRADICTED"", ""n_neg"": 4, ""data_unreliable"": false}, {""minute"": ""15:18"", ""mid"": 96.275, ""bid"": 96.25, ""risk"": ""ELEVATED"", ""action"": ""CAUTION"", ""support"": ""WEAK"", ""n_neg"": 2, ""data_unreliable"": false}, {""minute"": ""15:19"", ""mid"": 97.125, ""bid"": 97.1, ""risk"": ""NORMAL"", ""action"": ""HOLD"", ""support"": ""STRONG"", ""n_neg"": 0, ""data_unreliable"": false}, {""minute"": ""15:20"", ""mid"": 96.525, ""bid"": 96.45, ""risk"": ""ELEVATED"", ""action"": ""CAUTION"", ""support"": ""NORMAL"", ""n_neg"": 2, ""data_unreliable"": false}, {""minute"": ""15:21"", ""mid"": 95.8, ""bid"": 95.75, ""risk"": ""EXTREME"", ""action"": ""BREAK_EXIT"", ""support"": ""CONTRADICTED"", ""n_neg"": 5, ""data_unreliable"": false}, {""minute"": ""15:22"", ""mid"": 94.425, ""bid"": 94.35, ""risk"": ""EXTREME"", ""action"": ""BREAK_EXIT"", ""support"": ""CONTRADICTED"", ""n_neg"": 6, ""data_unreliable"": false}, {""minute"": ""15:23"", ""mid"": 93.05000000000001, ""bid"": 92.95, ""risk"": ""EXTREME"", ""action"": ""BREAK_EXIT"", ""support"": ""CONTRADICTED"", ""n_neg"": 6, ""data_unreliable"": false}, {""minute"": ""15:24"", ""mid"": 94.42500000000001, ""bid"": 94.4, ""risk"": ""ELEVATED"", ""action"": ""CAUTION"", ""support"": ""WEAK"", ""n_neg"": 3, ""data_unreliable"": false}, {""minute"": ""15:25"", ""mid"": 94.725, ""bid"": 94.65, ""risk"": ""HIGH"", ""action"": ""PREPARE_EXIT"", ""support"": ""CONTRADICTED"", ""n_neg"": 3, ""data_unreliable"": false}, {""minute"": ""15:26"", ""mid"": 94.9, ""bid"": 94.8, ""risk"": ""NORMAL"", ""action"": ""HOLD"", ""support"": ""NORMAL"", ""n_neg"": 1, ""data_unreliable"": false}, {""minute"": ""15:27"", ""mid"": 95.375, ""bid"": 95.25, ""risk"": ""NORMAL"", ""action"": ""HOLD"", ""support"": ""NORMAL"", ""n_neg"": 1, ""data_unreliable"": false}, {""minute"": ""15:28"", ""mid"": 95.05, ""bid"": 95.0, ""risk"": ""ELEVATED"", ""action"": ""CAUTION"", ""support"": ""WEAK"", ""n_neg"": 2, ""data_unreliable"": false}, {""minute"": ""15:29"", ""mid"": 95.875, ""bid"": 95.75, ""risk"": ""NORMAL"", ""action"": ""HOLD"", ""support"": ""NORMAL"", ""n_neg"": 1, ""data_unreliable"": false}]"
NIFTY,2026-08-13,CLOSING_1515_1529,PE,24450.0,15:15,15:29,107.875,108.0,"[{""minute"": ""15:15"", ""mid"": 107.875, ""bid"": 107.75, ""risk"": ""NORMAL"", ""action"": ""HOLD"", ""support"": ""NORMAL"", ""n_neg"": 1, ""data_unreliable"": false}, {""minute"": ""15:16"", ""mid"": 105.55000000000001, ""bid"": 105.4, ""risk"": ""HIGH"", ""action"": ""PREPARE_EXIT"", ""support"": ""CONTRADICTED"", ""n_neg"": 5, ""data_unreliable"": false}, {""minute"": ""15:17"", ""mid"": 103.85, ""bid"": 103.7, ""risk"": ""EXTREME"", ""action"": ""BREAK_EXIT"", ""support"": ""CONTRADICTED"", ""n_neg"": 4, ""data_unreliable"": false}, {""minute"": ""15:18"", ""mid"": 104.625, ""bid"": 104.55, ""risk"": ""ELEVATED"", ""action"": ""CAUTION"", ""support"": ""WEAK"", ""n_neg"": 4, ""data_unreliable"": false}, {""minute"": ""15:19"", ""mid"": 102.57499999999999, ""bid"": 102.55, ""risk"": ""EXTREME"", ""action"": ""BREAK_EXIT"", ""support"": ""CONTRADICTED"", ""n_neg"": 6, ""data_unreliable"": false}, {""minute"": ""15:20"", ""mid"": 103.80000000000001, ""bid"": 103.7, ""risk"": ""HIGH"", ""action"": ""PREPARE_EXIT"", ""support"": ""CONTRADICTED"", ""n_neg"": 3, ""data_unreliable"": false}, {""minute"": ""15:21"", ""mid"": 103.225, ""bid"": 103.2, ""risk"": ""ELEVATED"", ""action"": ""CAUTION"", ""support"": ""NORMAL"", ""n_neg"": 2, ""data_unreliable"": false}, {""minute"": ""15:22"", ""mid"": 104.225, ""bid"": 104.15, ""risk"": ""NORMAL"", ""action"": ""HOLD"", ""support"": ""STRONG"", ""n_neg"": 0, ""data_unreliable"": false}, {""minute"": ""15:23"", ""mid"": 107.1, ""bid"": 107.05, ""risk"": ""NORMAL"", ""action"": ""HOLD"", ""support"": ""STRONG"", ""n_neg"": 0, ""data_unreliable"": false}, {""minute"": ""15:24"", ""mid"": 105.65, ""bid"": 105.55, ""risk"": ""ELEVATED"", ""action"": ""CAUTION"", ""support"": ""NORMAL"", ""n_neg"": 1, ""data_unreliable"": false}, {""minute"": ""15:25"", ""mid"": 108.55, ""bid"": 108.5, ""risk"": ""ELEVATED"", ""action"": ""CAUTION"", ""support"": ""NORMAL"", ""n_neg"": 1, ""data_unreliable"": false}, {""minute"": ""15:26"", ""mid"": 106.30000000000001, ""bid"": 106.15, ""risk"": ""ELEVATED"", ""action"": ""CAUTION"", ""support"": ""WEAK"", ""n_neg"": 2, ""data_unreliable"": false}, {""minute"": ""15:27"", ""mid"": 107.475, ""bid"": 107.35, ""risk"": ""HIGH"", ""action"": ""PREPARE_EXIT"", ""support"": ""CONTRADICTED"", ""n_neg"": 3, ""data_unreliable"": false}, {""minute"": ""15:28"", ""mid"": 107.05, ""bid"": 107.0, ""risk"": ""ELEVATED"", ""action"": ""CAUTION"", ""support"": ""WEAK"", ""n_neg"": 2, ""data_unreliable"": false}, {""minute"": ""15:29"", ""mid"": 103.55000000000001, ""bid"": 103.4, ""risk"": ""EXTREME"", ""action"": ""BREAK_EXIT"", ""support"": ""CONTRADICTED"", ""n_neg"": 5, ""data_unreliable"": false}]"
SENSEX,2026-08-13,11D_SHAPED_1500_1519,CE,77900.0,15:00,15:19,49.75,49.8,"[{""minute"": ""15:00"", ""mid"": 49.75, ""bid"": 49.7, ""risk"": ""EXTREME"", ""action"": ""BREAK_EXIT"", ""support"": ""CONTRADICTED"", ""n_neg"": 7, ""data_unreliable"": false}, {""minute"": ""15:01"", ""mid"": 63.625, ""bid"": 63.5, ""risk"": ""ELEVATED"", ""action"": ""CAUTION"", ""support"": ""NORMAL"", ""n_neg"": 2, ""data_unreliable"": false}, {""minute"": ""15:02"", ""mid"": 72.30000000000001, ""bid"": 72.2, ""risk"": ""LOW"", ""action"": ""HOLD"", ""support"": ""STRONG"", ""n_neg"": 0, ""data_unreliable"": false}, {""minute"": ""15:03"", ""mid"": 46.35, ""bid"": 46.25, ""risk"": ""EXTREME"", ""action"": ""BREAK_EXIT"", ""support"": ""CONTRADICTED"", ""n_neg"": 10, ""data_unreliable"": false}, {""minute"": ""15:04"", ""mid"": 47.425, ""bid"": 47.35, ""risk"": ""EXTREME"", ""action"": ""BREAK_EXIT"", ""support"": ""CONTRADICTED"", ""n_neg"": 8, ""data_unreliable"": false}, {""minute"": ""15:05"", ""mid"": 54.900000000000006, ""bid"": 54.85, ""risk"": ""NORMAL"", ""action"": ""HOLD"", ""support"": ""NORMAL"", ""n_neg"": 1, ""data_unreliable"": false}, {""minute"": ""15:06"", ""mid"": 61.3, ""bid"": 61.25, ""risk"": ""LOW"", ""action"": ""HOLD"", ""support"": ""STRONG"", ""n_neg"": 0, ""data_unreliable"": false}, {""minute"": ""15:07"", ""mid"": 46.95, ""bid"": 46.9, ""risk"": ""EXTREME"", ""action"": ""BREAK_EXIT"", ""support"": ""CONTRADICTED"", ""n_neg"": 7, ""data_unreliable"": false}, {""minute"": ""15:08"", ""mid"": 47.099999999999994, ""bid"": 47.05, ""risk"": ""EXTREME"", ""action"": ""BREAK_EXIT"", ""support"": ""CONTRADICTED"", ""n_neg"": 7, ""data_unreliable"": false}, {""minute"": ""15:09"", ""mid"": 49.625, ""bid"": 49.55, ""risk"": ""ELEVATED"", ""action"": ""CAUTION"", ""support"": ""NORMAL"", ""n_neg"": 2, ""data_unreliable"": false}, {""minute"": ""15:10"", ""mid"": 46.5, ""bid"": 46.45, ""risk"": ""HIGH"", ""action"": ""PREPARE_EXIT"", ""support"": ""CONTRADICTED"", ""n_neg"": 4, ""data_unreliable"": false}, {""minute"": ""15:11"", ""mid"": 45.95, ""bid"": 45.9, ""risk"": ""EXTREME"", ""action"": ""BREAK_EXIT"", ""support"": ""CONTRADICTED"", ""n_neg"": 5, ""data_unreliable"": false}, {""minute"": ""15:12"", ""mid"": 47.650000000000006, ""bid"": 47.6, ""risk"": ""ELEVATED"", ""action"": ""CAUTION"", ""support"": ""WEAK"", ""n_neg"": 3, ""data_unreliable"": false}, {""minute"": ""15:13"", ""mid"": 47.825, ""bid"": 47.75, ""risk"": ""NORMAL"", ""action"": ""HOLD"", ""support"": ""NORMAL"", ""n_neg"": 1, ""data_unreliable"": false}, {""minute"": ""15:14"", ""mid"": 50.9, ""bid"": 50.8, ""risk"": ""ELEVATED"", ""action"": ""CAUTION"", ""support"": ""NORMAL"", ""n_neg"": 3, ""data_unreliable"": false}, {""minute"": ""15:15"", ""mid"": 40.05, ""bid"": 39.9, ""risk"": ""EXTREME"", ""action"": ""BREAK_EXIT"", ""support"": ""CONTRADICTED"", ""n_neg"": 8, ""data_unreliable"": false}, {""minute"": ""15:16"", ""mid"": 43.175, ""bid"": 43.1, ""risk"": ""EXTREME"", ""action"": ""BREAK_EXIT"", ""support"": ""CONTRADICTED"", ""n_neg"": 7, ""data_unreliable"": false}, {""minute"": ""15:17"", ""mid"": 40.375, ""bid"": 40.3, ""risk"": ""HIGH"", ""action"": ""PREPARE_EXIT"", ""support"": ""CONTRADICTED"", ""n_neg"": 3, ""data_unreliable"": false}, {""minute"": ""15:18"", ""mid"": 37.925, ""bid"": 37.85, ""risk"": ""EXTREME"", ""action"": ""BREAK_EXIT"", ""support"": ""CONTRADICTED"", ""n_neg"": 6, ""data_unreliable"": false}, {""minute"": ""15:19"", ""mid"": 29.9, ""bid"": 29.85, ""risk"": ""EXTREME"", ""action"": ""BREAK_EXIT"", ""support"": ""CONTRADICTED"", ""n_neg"": 8, ""data_unreliable"": false}]"
SENSEX,2026-08-13,11D_SHAPED_1500_1519,PE,77900.0,15:00,15:19,96.875,97.0,"[{""minute"": ""15:00"", ""mid"": 96.875, ""bid"": 96.75, ""risk"": ""LOW"", ""action"": ""HOLD"", ""support"": ""STRONG"", ""n_neg"": 0, ""data_unreliable"": false}, {""minute"": ""15:01"", ""mid"": 76.15, ""bid"": 76.05, ""risk"": ""EXTREME"", ""action"": ""BREAK_EXIT"", ""support"": ""CONTRADICTED"", ""n_neg"": 7, ""data_unreliable"": false}, {""minute"": ""15:02"", ""mid"": 64.925, ""bid"": 64.85, ""risk"": ""EXTREME"", ""action"": ""BREAK_EXIT"", ""support"": ""CONTRADICTED"", ""n_neg"": 6, ""data_unreliable"": false}, {""minute"": ""15:03"", ""mid"": 81.775, ""bid"": 81.65, ""risk"": ""NORMAL"", ""action"": ""HOLD"", ""support"": ""NORMAL"", ""n_neg"": 1, ""data_unreliable"": false}, {""minute"": ""15:04"", ""mid"": 72.875, ""bid"": 72.65, ""risk"": ""HIGH"", ""action"": ""PREPARE_EXIT"", ""support"": ""NORMAL"", ""n_neg"": 3, ""data_unreliable"": false}, {""minute"": ""15:05"", ""mid"": 67.69999999999999, ""bid"": 67.6, ""risk"": ""HIGH"", ""action"": ""PREPARE_EXIT"", ""support"": ""CONTRADICTED"", ""n_neg"": 4, ""data_unreliable"": false}, {""minute"": ""15:06"", ""mid"": 61.6, ""bid"": 61.5, ""risk"": ""EXTREME"", ""action"": ""BREAK_EXIT"", ""support"": ""CONTRADICTED"", ""n_neg"": 6, ""data_unreliable"": false}, {""minute"": ""15:07"", ""mid"": 70.825, ""bid"": 70.7, ""risk"": ""NORMAL"", ""action"": ""HOLD"", ""support"": ""NORMAL"", ""n_neg"": 1, ""data_unreliable"": false}, {""minute"": ""15:08"", ""mid"": 80.175, ""bid"": 80.05, ""risk"": ""LOW"", ""action"": ""HOLD"", ""support"": ""STRONG"", ""n_neg"": 0, ""data_unreliable"": false}, {""minute"": ""15:09"", ""mid"": 65.475, ""bid"": 65.2, ""risk"": ""EXTREME"", ""action"": ""BREAK_EXIT"", ""support"": ""CONTRADICTED"", ""n_neg"": 7, ""data_unreliable"": false}, {""minute"": ""15:10"", ""mid"": 69.425, ""bid"": 69.3, ""risk"": ""EXTREME"", ""action"": ""BREAK_EXIT"", ""support"": ""CONTRADICTED"", ""n_neg"": 5, ""data_unreliable"": false}, {""minute"": ""15:11"", ""mid"": 84.85, ""bid"": 84.75, ""risk"": ""LOW"", ""action"": ""HOLD"", ""support"": ""STRONG"", ""n_neg"": 0, ""data_unreliable"": false}, {""minute"": ""15:12"", ""mid"": 74.7, ""bid"": 74.45, ""risk"": ""HIGH"", ""action"": ""PREPARE_EXIT"", ""support"": ""NORMAL"", ""n_neg"": 3, ""data_unreliable"": false}, {""minute"": ""15:13"", ""mid"": 75.65, ""bid"": 75.5, ""risk"": ""EXTREME"", ""action"": ""BREAK_EXIT"", ""support"": ""CONTRADICTED"", ""n_neg"": 7, ""data_unreliable"": false}, {""minute"": ""15:14"", ""mid"": 86.5, ""bid"": 86.4, ""risk"": ""ELEVATED"", ""action"": ""CAUTION"", ""support"": ""NORMAL"", ""n_neg"": 1, ""data_unreliable"": false}, {""minute"": ""15:15"", ""mid"": 81.69999999999999, ""bid"": 81.55, ""risk"": ""ELEVATED"", ""action"": ""CAUTION"", ""support"": ""NORMAL"", ""n_neg"": 1, ""data_unreliable"": false}, {""minute"": ""15:16"", ""mid"": 80.875, ""bid"": 80.8, ""risk"": ""ELEVATED"", ""action"": ""CAUTION"", ""support"": ""NORMAL"", ""n_neg"": 2, ""data_unreliable"": false}, {""minute"": ""15:17"", ""mid"": 80.875, ""bid"": 80.75, ""risk"": ""EXTREME"", ""action"": ""BREAK_EXIT"", ""support"": ""CONTRADICTED"", ""n_neg"": 6, ""data_unreliable"": false}, {""minute"": ""15:18"", ""mid"": 81.325, ""bid"": 81.2, ""risk"": ""NORMAL"", ""action"": ""HOLD"", ""support"": ""NORMAL"", ""n_neg"": 0, ""data_unreliable"": false}, {""minute"": ""15:19"", ""mid"": 78.94999999999999, ""bid"": 78.85, ""risk"": ""HIGH"", ""action"": ""PREPARE_EXIT"", ""support"": ""CONTRADICTED"", ""n_neg"": 4, ""data_unreliable"": false}]"
SENSEX,2026-08-13,CLOSING_1515_1529,CE,77900.0,15:15,15:29,40.05,40.2,"[{""minute"": ""15:15"", ""mid"": 40.05, ""bid"": 39.9, ""risk"": ""EXTREME"", ""action"": ""BREAK_EXIT"", ""support"": ""CONTRADICTED"", ""n_neg"": 7, ""data_unreliable"": false}, {""minute"": ""15:16"", ""mid"": 43.175, ""bid"": 43.1, ""risk"": ""EXTREME"", ""action"": ""BREAK_EXIT"", ""support"": ""CONTRADICTED"", ""n_neg"": 6, ""data_unreliable"": false}, {""minute"": ""15:17"", ""mid"": 40.375, ""bid"": 40.3, ""risk"": ""ELEVATED"", ""action"": ""CAUTION"", ""support"": ""NORMAL"", ""n_neg"": 2, ""data_unreliable"": false}, {""minute"": ""15:18"", ""mid"": 37.925, ""bid"": 37.85, ""risk"": ""EXTREME"", ""action"": ""BREAK_EXIT"", ""support"": ""CONTRADICTED"", ""n_neg"": 5, ""data_unreliable"": false}, {""minute"": ""15:19"", ""mid"": 29.9, ""bid"": 29.85, ""risk"": ""EXTREME"", ""action"": ""BREAK_EXIT"", ""support"": ""CONTRADICTED"", ""n_neg"": 7, ""data_unreliable"": false}, {""minute"": ""15:20"", ""mid"": 21.5, ""bid"": 21.45, ""risk"": ""EXTREME"", ""action"": ""BREAK_EXIT"", ""support"": ""CONTRADICTED"", ""n_neg"": 8, ""data_unreliable"": false}, {""minute"": ""15:21"", ""mid"": 22.975, ""bid"": 22.95, ""risk"": ""EXTREME"", ""action"": ""BREAK_EXIT"", ""support"": ""CONTRADICTED"", ""n_neg"": 5, ""data_unreliable"": false}, {""minute"": ""15:22"", ""mid"": 17.625, ""bid"": 17.6, ""risk"": ""HIGH"", ""action"": ""PREPARE_EXIT"", ""support"": ""CONTRADICTED"", ""n_neg"": 6, ""data_unreliable"": false}, {""minute"": ""15:23"", ""mid"": 10.350000000000001, ""bid"": 10.3, ""risk"": ""EXTREME"", ""action"": ""BREAK_EXIT"", ""support"": ""CONTRADICTED"", ""n_neg"": 7, ""data_unreliable"": false}, {""minute"": ""15:24"", ""mid"": 9.625, ""bid"": 9.6, ""risk"": ""EXTREME"", ""action"": ""BREAK_EXIT"", ""support"": ""CONTRADICTED"", ""n_neg"": 5, ""data_unreliable"": false}, {""minute"": ""15:25"", ""mid"": 48.0, ""bid"": 47.8, ""risk"": ""NORMAL"", ""action"": ""HOLD"", ""support"": ""STRONG"", ""n_neg"": 0, ""data_unreliable"": false}, {""minute"": ""15:26"", ""mid"": 101.175, ""bid"": 100.6, ""risk"": ""NORMAL"", ""action"": ""HOLD"", ""support"": ""NORMAL"", ""n_neg"": 1, ""data_unreliable"": false}, {""minute"": ""15:27"", ""mid"": 81.57499999999999, ""bid"": 81.35, ""risk"": ""ELEVATED"", ""action"": ""CAUTION"", ""support"": ""NORMAL"", ""n_neg"": 1, ""data_unreliable"": false}, {""minute"": ""15:28"", ""mid"": 102.6, ""bid"": 102.45, ""risk"": ""NORMAL"", ""action"": ""HOLD"", ""support"": ""STRONG"", ""n_neg"": 0, ""data_unreliable"": false}, {""minute"": ""15:29"", ""mid"": 161.72500000000002, ""bid"": 160.05, ""risk"": ""NORMAL"", ""action"": ""HOLD"", ""support"": ""NORMAL"", ""n_neg"": 1, ""data_unreliable"": false}]"
SENSEX,2026-08-13,CLOSING_1515_1529,PE,77900.0,15:15,15:29,81.69999999999999,81.85,"[{""minute"": ""15:15"", ""mid"": 81.69999999999999, ""bid"": 81.55, ""risk"": ""ELEVATED"", ""action"": ""CAUTION"", ""support"": ""NORMAL"", ""n_neg"": 1, ""data_unreliable"": false}, {""minute"": ""15:16"", ""mid"": 80.875, ""bid"": 80.8, ""risk"": ""ELEVATED"", ""action"": ""CAUTION"", ""support"": ""NORMAL"", ""n_neg"": 2, ""data_unreliable"": false}, {""minute"": ""15:17"", ""mid"": 80.875, ""bid"": 80.75, ""risk"": ""EXTREME"", ""action"": ""BREAK_EXIT"", ""support"": ""CONTRADICTED"", ""n_neg"": 6, ""data_unreliable"": false}, {""minute"": ""15:18"", ""mid"": 81.325, ""bid"": 81.2, ""risk"": ""NORMAL"", ""action"": ""HOLD"", ""support"": ""NORMAL"", ""n_neg"": 0, ""data_unreliable"": false}, {""minute"": ""15:19"", ""mid"": 78.94999999999999, ""bid"": 78.85, ""risk"": ""HIGH"", ""action"": ""PREPARE_EXIT"", ""support"": ""CONTRADICTED"", ""n_neg"": 4, ""data_unreliable"": false}, {""minute"": ""15:20"", ""mid"": 92.42500000000001, ""bid"": 92.2, ""risk"": ""NORMAL"", ""action"": ""HOLD"", ""support"": ""STRONG"", ""n_neg"": 0, ""data_unreliable"": false}, {""minute"": ""15:21"", ""mid"": 72.575, ""bid"": 72.45, ""risk"": ""HIGH"", ""action"": ""PREPARE_EXIT"", ""support"": ""CONTRADICTED"", ""n_neg"": 5, ""data_unreliable"": false}, {""minute"": ""15:22"", ""mid"": 55.3, ""bid"": 55.15, ""risk"": ""EXTREME"", ""action"": ""BREAK_EXIT"", ""support"": ""CONTRADICTED"", ""n_neg"": 7, ""data_unreliable"": false}, {""minute"": ""15:23"", ""mid"": 68.35, ""bid"": 68.25, ""risk"": ""HIGH"", ""action"": ""PREPARE_EXIT"", ""support"": ""CONTRADICTED"", ""n_neg"": 5, ""data_unreliable"": false}, {""minute"": ""15:24"", ""mid"": 51.474999999999994, ""bid"": 51.4, ""risk"": ""HIGH"", ""action"": ""PREPARE_EXIT"", ""support"": ""CONTRADICTED"", ""n_neg"": 5, ""data_unreliable"": false}, {""minute"": ""15:25"", ""mid"": 10.625, ""bid"": 10.55, ""risk"": ""EXTREME"", ""action"": ""BREAK_EXIT"", ""support"": ""CONTRADICTED"", ""n_neg"": 8, ""data_unreliable"": false}, {""minute"": ""15:26"", ""mid"": 2.675, ""bid"": 2.65, ""risk"": ""EXTREME"", ""action"": ""BREAK_EXIT"", ""support"": ""CONTRADICTED"", ""n_neg"": 6, ""data_unreliable"": false}, {""minute"": ""15:27"", ""mid"": 4.074999999999999, ""bid"": 4.05, ""risk"": ""EXTREME"", ""action"": ""BREAK_EXIT"", ""support"": ""CONTRADICTED"", ""n_neg"": 5, ""data_unreliable"": false}, {""minute"": ""15:28"", ""mid"": 1.525, ""bid"": 1.5, ""risk"": ""EXTREME"", ""action"": ""BREAK_EXIT"", ""support"": ""CONTRADICTED"", ""n_neg"": 6, ""data_unreliable"": false}, {""minute"": ""15:29"", ""mid"": 1.1749999999999998, ""bid"": 1.15, ""risk"": ""EXTREME"", ""action"": ""BREAK_EXIT"", ""support"": ""CONTRADICTED"", ""n_neg"": 5, ""data_unreliable"": false}]"
NIFTY,2026-08-14,11D_SHAPED_1500_1519,CE,24450.0,15:00,15:19,72.075,72.15,"[{""minute"": ""15:00"", ""mid"": 72.075, ""bid"": 72.0, ""risk"": ""HIGH"", ""action"": ""PREPARE_EXIT"", ""support"": ""CONTRADICTED"", ""n_neg"": 5, ""data_unreliable"": false}, {""minute"": ""15:01"", ""mid"": 72.775, ""bid"": 72.65, ""risk"": ""HIGH"", ""action"": ""PREPARE_EXIT"", ""support"": ""CONTRADICTED"", ""n_neg"": 3, ""data_unreliable"": false}, {""minute"": ""15:02"", ""mid"": 72.9, ""bid"": 72.8, ""risk"": ""NORMAL"", ""action"": ""HOLD"", ""support"": ""NORMAL"", ""n_neg"": 1, ""data_unreliable"": false}, {""minute"": ""15:03"", ""mid"": 72.69999999999999, ""bid"": 72.6, ""risk"": ""HIGH"", ""action"": ""PREPARE_EXIT"", ""support"": ""CONTRADICTED"", ""n_neg"": 3, ""data_unreliable"": false}, {""minute"": ""15:04"", ""mid"": 71.35, ""bid"": 71.25, ""risk"": ""EXTREME"", ""action"": ""BREAK_EXIT"", ""support"": ""CONTRADICTED"", ""n_neg"": 6, ""data_unreliable"": false}, {""minute"": ""15:05"", ""mid"": 69.825, ""bid"": 69.75, ""risk"": ""EXTREME"", ""action"": ""BREAK_EXIT"", ""support"": ""CONTRADICTED"", ""n_neg"": 5, ""data_unreliable"": false}, {""minute"": ""15:06"", ""mid"": 67.9, ""bid"": 67.85, ""risk"": ""EXTREME"", ""action"": ""BREAK_EXIT"", ""support"": ""CONTRADICTED"", ""n_neg"": 7, ""data_unreliable"": false}, {""minute"": ""15:07"", ""mid"": 68.42500000000001, ""bid"": 68.4, ""risk"": ""EXTREME"", ""action"": ""BREAK_EXIT"", ""support"": ""CONTRADICTED"", ""n_neg"": 6, ""data_unreliable"": false}, {""minute"": ""15:08"", ""mid"": 70.6, ""bid"": 70.5, ""risk"": ""LOW"", ""action"": ""HOLD"", ""support"": ""STRONG"", ""n_neg"": 0, ""data_unreliable"": false}, {""minute"": ""15:09"", ""mid"": 70.35, ""bid"": 70.25, ""risk"": ""ELEVATED"", ""action"": ""CAUTION"", ""support"": ""NORMAL"", ""n_neg"": 1, ""data_unreliable"": false}, {""minute"": ""15:10"", ""mid"": 71.6, ""bid"": 71.5, ""risk"": ""NORMAL"", ""action"": ""HOLD"", ""support"": ""NORMAL"", ""n_neg"": 0, ""data_unreliable"": false}, {""minute"": ""15:11"", ""mid"": 71.525, ""bid"": 71.45, ""risk"": ""ELEVATED"", ""action"": ""CAUTION"", ""support"": ""NORMAL"", ""n_neg"": 1, ""data_unreliable"": false}, {""minute"": ""15:12"", ""mid"": 72.025, ""bid"": 71.95, ""risk"": ""NORMAL"", ""action"": ""HOLD"", ""support"": ""NORMAL"", ""n_neg"": 0, ""data_unreliable"": false}, {""minute"": ""15:13"", ""mid"": 73.69999999999999, ""bid"": 73.6, ""risk"": ""LOW"", ""action"": ""HOLD"", ""support"": ""STRONG"", ""n_neg"": 0, ""data_unreliable"": false}, {""minute"": ""15:14"", ""mid"": 72.275, ""bid"": 72.2, ""risk"": ""ELEVATED"", ""action"": ""CAUTION"", ""support"": ""WEAK"", ""n_neg"": 3, ""data_unreliable"": false}, {""minute"": ""15:15"", ""mid"": 73.275, ""bid"": 73.2, ""risk"": ""NORMAL"", ""action"": ""HOLD"", ""support"": ""NORMAL"", ""n_neg"": 0, ""data_unreliable"": false}, {""minute"": ""15:16"", ""mid"": 72.025, ""bid"": 71.95, ""risk"": ""HIGH"", ""action"": ""PREPARE_EXIT"", ""support"": ""CONTRADICTED"", ""n_neg"": 4, ""data_unreliable"": false}, {""minute"": ""15:17"", ""mid"": 68.975, ""bid"": 68.9, ""risk"": ""EXTREME"", ""action"": ""BREAK_EXIT"", ""support"": ""CONTRADICTED"", ""n_neg"": 7, ""data_unreliable"": false}, {""minute"": ""15:18"", ""mid"": 70.80000000000001, ""bid"": 70.7, ""risk"": ""HIGH"", ""action"": ""PREPARE_EXIT"", ""support"": ""CONTRADICTED"", ""n_neg"": 4, ""data_unreliable"": false}, {""minute"": ""15:19"", ""mid"": 73.35, ""bid"": 73.25, ""risk"": ""NORMAL"", ""action"": ""HOLD"", ""support"": ""STRONG"", ""n_neg"": 0, ""data_unreliable"": false}]"
NIFTY,2026-08-14,11D_SHAPED_1500_1519,PE,24450.0,15:00,15:19,92.1,92.2,"[{""minute"": ""15:00"", ""mid"": 92.1, ""bid"": 92.0, ""risk"": ""LOW"", ""action"": ""HOLD"", ""support"": ""STRONG"", ""n_neg"": 0, ""data_unreliable"": false}, {""minute"": ""15:01"", ""mid"": 91.75, ""bid"": 91.65, ""risk"": ""ELEVATED"", ""action"": ""CAUTION"", ""support"": ""NORMAL"", ""n_neg"": 1, ""data_unreliable"": false}, {""minute"": ""15:02"", ""mid"": 91.85, ""bid"": 91.75, ""risk"": ""ELEVATED"", ""action"": ""CAUTION"", ""support"": ""WEAK"", ""n_neg"": 3, ""data_unreliable"": false}, {""minute"": ""15:03"", ""mid"": 91.67500000000001, ""bid"": 91.65, ""risk"": ""NORMAL"", ""action"": ""HOLD"", ""support"": ""NORMAL"", ""n_neg"": 1, ""data_unreliable"": false}, {""minute"": ""15:04"", ""mid"": 92.6, ""bid"": 92.5, ""risk"": ""LOW"", ""action"": ""HOLD"", ""support"": ""STRONG"", ""n_neg"": 0, ""data_unreliable"": false}, {""minute"": ""15:05"", ""mid"": 94.575, ""bid"": 94.5, ""risk"": ""LOW"", ""action"": ""HOLD"", ""support"": ""STRONG"", ""n_neg"": 0, ""data_unreliable"": false}, {""minute"": ""15:06"", ""mid"": 97.325, ""bid"": 97.2, ""risk"": ""LOW"", ""action"": ""HOLD"", ""support"": ""STRONG"", ""n_neg"": 0, ""data_unreliable"": false}, {""minute"": ""15:07"", ""mid"": 96.55000000000001, ""bid"": 96.45, ""risk"": ""ELEVATED"", ""action"": ""CAUTION"", ""support"": ""NORMAL"", ""n_neg"": 1, ""data_unreliable"": false}, {""minute"": ""15:08"", ""mid"": 93.5, ""bid"": 93.45, ""risk"": ""EXTREME"", ""action"": ""BREAK_EXIT"", ""support"": ""CONTRADICTED"", ""n_neg"": 7, ""data_unreliable"": false}, {""minute"": ""15:09"", ""mid"": 94.875, ""bid"": 94.8, ""risk"": ""HIGH"", ""action"": ""PREPARE_EXIT"", ""support"": ""CONTRADICTED"", ""n_neg"": 4, ""data_unreliable"": false}, {""minute"": ""15:10"", ""mid"": 94.35, ""bid"": 94.3, ""risk"": ""HIGH"", ""action"": ""PREPARE_EXIT"", ""support"": ""CONTRADICTED"", ""n_neg"": 3, ""data_unreliable"": false}, {""minute"": ""15:11"", ""mid"": 95.075, ""bid"": 94.95, ""risk"": ""ELEVATED"", ""action"": ""CAUTION"", ""support"": ""NORMAL"", ""n_neg"": 2, ""data_unreliable"": false}, {""minute"": ""15:12"", ""mid"": 94.82499999999999, ""bid"": 94.8, ""risk"": ""ELEVATED"", ""action"": ""CAUTION"", ""support"": ""WEAK"", ""n_neg"": 1, ""data_unreliable"": false}, {""minute"": ""15:13"", ""mid"": 94.525, ""bid"": 94.4, ""risk"": ""HIGH"", ""action"": ""PREPARE_EXIT"", ""support"": ""CONTRADICTED"", ""n_neg"": 4, ""data_unreliable"": false}, {""minute"": ""15:14"", ""mid"": 96.6, ""bid"": 96.55, ""risk"": ""LOW"", ""action"": ""HOLD"", ""support"": ""STRONG"", ""n_neg"": 0, ""data_unreliable"": false}, {""minute"": ""15:15"", ""mid"": 94.44999999999999, ""bid"": 94.35, ""risk"": ""HIGH"", ""action"": ""PREPARE_EXIT"", ""support"": ""CONTRADICTED"", ""n_neg"": 3, ""data_unreliable"": false}, {""minute"": ""15:16"", ""mid"": 95.625, ""bid"": 95.55, ""risk"": ""ELEVATED"", ""action"": ""CAUTION"", ""support"": ""WEAK"", ""n_neg"": 2, ""data_unreliable"": false}, {""minute"": ""15:17"", ""mid"": 97.875, ""bid"": 97.8, ""risk"": ""NORMAL"", ""action"": ""HOLD"", ""support"": ""STRONG"", ""n_neg"": 0, ""data_unreliable"": false}, {""minute"": ""15:18"", ""mid"": 96.67500000000001, ""bid"": 96.65, ""risk"": ""ELEVATED"", ""action"": ""CAUTION"", ""support"": ""NORMAL"", ""n_neg"": 1, ""data_unreliable"": false}, {""minute"": ""15:19"", ""mid"": 93.80000000000001, ""bid"": 93.7, ""risk"": ""EXTREME"", ""action"": ""BREAK_EXIT"", ""support"": ""CONTRADICTED"", ""n_neg"": 6, ""data_unreliable"": false}]"
NIFTY,2026-08-14,CLOSING_1515_1529,CE,24450.0,15:15,15:29,73.275,73.35,"[{""minute"": ""15:15"", ""mid"": 73.275, ""bid"": 73.2, ""risk"": ""NORMAL"", ""action"": ""HOLD"", ""support"": ""NORMAL"", ""n_neg"": 0, ""data_unreliable"": false}, {""minute"": ""15:16"", ""mid"": 72.025, ""bid"": 71.95, ""risk"": ""HIGH"", ""action"": ""PREPARE_EXIT"", ""support"": ""CONTRADICTED"", ""n_neg"": 4, ""data_unreliable"": false}, {""minute"": ""15:17"", ""mid"": 68.975, ""bid"": 68.9, ""risk"": ""EXTREME"", ""action"": ""BREAK_EXIT"", ""support"": ""CONTRADICTED"", ""n_neg"": 7, ""data_unreliable"": false}, {""minute"": ""15:18"", ""mid"": 70.80000000000001, ""bid"": 70.7, ""risk"": ""HIGH"", ""action"": ""PREPARE_EXIT"", ""support"": ""CONTRADICTED"", ""n_neg"": 4, ""data_unreliable"": false}, {""minute"": ""15:19"", ""mid"": 73.35, ""bid"": 73.25, ""risk"": ""NORMAL"", ""action"": ""HOLD"", ""support"": ""STRONG"", ""n_neg"": 0, ""data_unreliable"": false}, {""minute"": ""15:20"", ""mid"": 73.30000000000001, ""bid"": 73.2, ""risk"": ""ELEVATED"", ""action"": ""CAUTION"", ""support"": ""NORMAL"", ""n_neg"": 1, ""data_unreliable"": false}, {""minute"": ""15:21"", ""mid"": 72.025, ""bid"": 71.95, ""risk"": ""HIGH"", ""action"": ""PREPARE_EXIT"", ""support"": ""CONTRADICTED"", ""n_neg"": 5, ""data_unreliable"": false}, {""minute"": ""15:22"", ""mid"": 72.30000000000001, ""bid"": 72.2, ""risk"": ""EXTREME"", ""action"": ""BREAK_EXIT"", ""support"": ""CONTRADICTED"", ""n_neg"": 4, ""data_unreliable"": false}, {""minute"": ""15:23"", ""mid"": 72.275, ""bid"": 72.2, ""risk"": ""ELEVATED"", ""action"": ""CAUTION"", ""support"": ""WEAK"", ""n_neg"": 2, ""data_unreliable"": false}, {""minute"": ""15:24"", ""mid"": 72.4, ""bid"": 72.3, ""risk"": ""NORMAL"", ""action"": ""HOLD"", ""support"": ""NORMAL"", ""n_neg"": 0, ""data_unreliable"": false}, {""minute"": ""15:25"", ""mid"": 72.35, ""bid"": 72.3, ""risk"": ""ELEVATED"", ""action"": ""CAUTION"", ""support"": ""WEAK"", ""n_neg"": 2, ""data_unreliable"": false}, {""minute"": ""15:26"", ""mid"": 73.275, ""bid"": 73.2, ""risk"": ""NORMAL"", ""action"": ""HOLD"", ""support"": ""STRONG"", ""n_neg"": 0, ""data_unreliable"": false}, {""minute"": ""15:27"", ""mid"": 72.9, ""bid"": 72.8, ""risk"": ""ELEVATED"", ""action"": ""CAUTION"", ""support"": ""NORMAL"", ""n_neg"": 1, ""data_unreliable"": false}, {""minute"": ""15:28"", ""mid"": 71.5, ""bid"": 71.4, ""risk"": ""HIGH"", ""action"": ""PREPARE_EXIT"", ""support"": ""CONTRADICTED"", ""n_neg"": 5, ""data_unreliable"": false}, {""minute"": ""15:29"", ""mid"": 71.1, ""bid"": 71.0, ""risk"": ""EXTREME"", ""action"": ""BREAK_EXIT"", ""support"": ""CONTRADICTED"", ""n_neg"": 7, ""data_unreliable"": false}]"
NIFTY,2026-08-14,CLOSING_1515_1529,PE,24450.0,15:15,15:29,94.44999999999999,94.55,"[{""minute"": ""15:15"", ""mid"": 94.44999999999999, ""bid"": 94.35, ""risk"": ""HIGH"", ""action"": ""PREPARE_EXIT"", ""support"": ""CONTRADICTED"", ""n_neg"": 3, ""data_unreliable"": false}, {""minute"": ""15:16"", ""mid"": 95.625, ""bid"": 95.55, ""risk"": ""ELEVATED"", ""action"": ""CAUTION"", ""support"": ""WEAK"", ""n_neg"": 2, ""data_unreliable"": false}, {""minute"": ""15:17"", ""mid"": 97.875, ""bid"": 97.8, ""risk"": ""NORMAL"", ""action"": ""HOLD"", ""support"": ""STRONG"", ""n_neg"": 0, ""data_unreliable"": false}, {""minute"": ""15:18"", ""mid"": 96.67500000000001, ""bid"": 96.65, ""risk"": ""ELEVATED"", ""action"": ""CAUTION"", ""support"": ""NORMAL"", ""n_neg"": 1, ""data_unreliable"": false}, {""minute"": ""15:19"", ""mid"": 93.80000000000001, ""bid"": 93.7, ""risk"": ""EXTREME"", ""action"": ""BREAK_EXIT"", ""support"": ""CONTRADICTED"", ""n_neg"": 6, ""data_unreliable"": false}, {""minute"": ""15:20"", ""mid"": 94.44999999999999, ""bid"": 94.35, ""risk"": ""EXTREME"", ""action"": ""BREAK_EXIT"", ""support"": ""CONTRADICTED"", ""n_neg"": 5, ""data_unreliable"": false}, {""minute"": ""15:21"", ""mid"": 95.0, ""bid"": 94.9, ""risk"": ""NORMAL"", ""action"": ""HOLD"", ""support"": ""NORMAL"", ""n_neg"": 1, ""data_unreliable"": false}, {""minute"": ""15:22"", ""mid"": 94.9, ""bid"": 94.8, ""risk"": ""ELEVATED"", ""action"": ""CAUTION"", ""support"": ""NORMAL"", ""n_neg"": 1, ""data_unreliable"": false}, {""minute"": ""15:23"", ""mid"": 94.75, ""bid"": 94.65, ""risk"": ""NORMAL"", ""action"": ""HOLD"", ""support"": ""NORMAL"", ""n_neg"": 1, ""data_unreliable"": false}, {""minute"": ""15:24"", ""mid"": 95.45, ""bid"": 95.4, ""risk"": ""NORMAL"", ""action"": ""HOLD"", ""support"": ""NORMAL"", ""n_neg"": 0, ""data_unreliable"": false}, {""minute"": ""15:25"", ""mid"": 96.55000000000001, ""bid"": 96.45, ""risk"": ""NORMAL"", ""action"": ""HOLD"", ""support"": ""STRONG"", ""n_neg"": 0, ""data_unreliable"": false}, {""minute"": ""15:26"", ""mid"": 94.575, ""bid"": 94.45, ""risk"": ""HIGH"", ""action"": ""PREPARE_EXIT"", ""support"": ""CONTRADICTED"", ""n_neg"": 4, ""data_unreliable"": false}, {""minute"": ""15:27"", ""mid"": 95.42500000000001, ""bid"": 95.4, ""risk"": ""HIGH"", ""action"": ""PREPARE_EXIT"", ""support"": ""CONTRADICTED"", ""n_neg"": 3, ""data_unreliable"": false}, {""minute"": ""15:28"", ""mid"": 96.15, ""bid"": 96.05, ""risk"": ""NORMAL"", ""action"": ""HOLD"", ""support"": ""STRONG"", ""n_neg"": 0, ""data_unreliable"": false}, {""minute"": ""15:29"", ""mid"": 97.25, ""bid"": 97.15, ""risk"": ""NORMAL"", ""action"": ""HOLD"", ""support"": ""STRONG"", ""n_neg"": 0, ""data_unreliable"": false}]"
SENSEX,2026-08-14,11D_SHAPED_1500_1519,CE,78200.0,15:00,15:19,363.29999999999995,363.45,"[{""minute"": ""15:00"", ""mid"": 363.29999999999995, ""bid"": 363.15, ""risk"": ""EXTREME"", ""action"": ""BREAK_EXIT"", ""support"": ""CONTRADICTED"", ""n_neg"": 7, ""data_unreliable"": false}, {""minute"": ""15:01"", ""mid"": 373.875, ""bid"": 373.8, ""risk"": ""NORMAL"", ""action"": ""HOLD"", ""support"": ""NORMAL"", ""n_neg"": 0, ""data_unreliable"": false}, {""minute"": ""15:02"", ""mid"": 376.775, ""bid"": 376.55, ""risk"": ""LOW"", ""action"": ""HOLD"", ""support"": ""STRONG"", ""n_neg"": 0, ""data_unreliable"": false}, {""minute"": ""15:03"", ""mid"": 376.35, ""bid"": 376.15, ""risk"": ""ELEVATED"", ""action"": ""CAUTION"", ""support"": ""NORMAL"", ""n_neg"": 1, ""data_unreliable"": false}, {""minute"": ""15:04"", ""mid"": 369.075, ""bid"": 368.65, ""risk"": ""EXTREME"", ""action"": ""BREAK_EXIT"", ""support"": ""CONTRADICTED"", ""n_neg"": 7, ""data_unreliable"": false}, {""minute"": ""15:05"", ""mid"": 363.35, ""bid"": 363.05, ""risk"": ""EXTREME"", ""action"": ""BREAK_EXIT"", ""support"": ""CONTRADICTED"", ""n_neg"": 6, ""data_unreliable"": false}, {""minute"": ""15:06"", ""mid"": 360.95, ""bid"": 360.5, ""risk"": ""EXTREME"", ""action"": ""BREAK_EXIT"", ""support"": ""CONTRADICTED"", ""n_neg"": 6, ""data_unreliable"": false}, {""minute"": ""15:07"", ""mid"": 362.42499999999995, ""bid"": 361.9, ""risk"": ""ELEVATED"", ""action"": ""CAUTION"", ""support"": ""WEAK"", ""n_neg"": 2, ""data_unreliable"": false}, {""minute"": ""15:08"", ""mid"": 376.0, ""bid"": 375.5, ""risk"": ""NORMAL"", ""action"": ""HOLD"", ""support"": ""NORMAL"", ""n_neg"": 1, ""data_unreliable"": false}, {""minute"": ""15:09"", ""mid"": 370.75, ""bid"": 370.3, ""risk"": ""ELEVATED"", ""action"": ""CAUTION"", ""support"": ""NORMAL"", ""n_neg"": 2, ""data_unreliable"": false}, {""minute"": ""15:10"", ""mid"": 373.075, ""bid"": 372.95, ""risk"": ""ELEVATED"", ""action"": ""CAUTION"", ""support"": ""WEAK"", ""n_neg"": 3, ""data_unreliable"": false}, {""minute"": ""15:11"", ""mid"": 374.125, ""bid"": 373.8, ""risk"": ""NORMAL"", ""action"": ""HOLD"", ""support"": ""NORMAL"", ""n_neg"": 1, ""data_unreliable"": false}, {""minute"": ""15:12"", ""mid"": 376.0, ""bid"": 375.6, ""risk"": ""NORMAL"", ""action"": ""HOLD"", ""support"": ""NORMAL"", ""n_neg"": 1, ""data_unreliable"": false}, {""minute"": ""15:13"", ""mid"": 379.35, ""bid"": 378.8, ""risk"": ""NORMAL"", ""action"": ""HOLD"", ""support"": ""NORMAL"", ""n_neg"": 1, ""data_unreliable"": false}, {""minute"": ""15:14"", ""mid"": 377.1, ""bid"": 376.85, ""risk"": ""ELEVATED"", ""action"": ""CAUTION"", ""support"": ""WEAK"", ""n_neg"": 2, ""data_unreliable"": false}, {""minute"": ""15:15"", ""mid"": 380.7, ""bid"": 380.2, ""risk"": ""ELEVATED"", ""action"": ""CAUTION"", ""support"": ""WEAK"", ""n_neg"": 2, ""data_unreliable"": false}, {""minute"": ""15:16"", ""mid"": 378.75, ""bid"": 378.25, ""risk"": ""HIGH"", ""action"": ""PREPARE_EXIT"", ""support"": ""CONTRADICTED"", ""n_neg"": 4, ""data_unreliable"": false}, {""minute"": ""15:17"", ""mid"": 375.025, ""bid"": 374.75, ""risk"": ""EXTREME"", ""action"": ""BREAK_EXIT"", ""support"": ""CONTRADICTED"", ""n_neg"": 7, ""data_unreliable"": false}, {""minute"": ""15:18"", ""mid"": 373.95, ""bid"": 373.45, ""risk"": ""EXTREME"", ""action"": ""BREAK_EXIT"", ""support"": ""CONTRADICTED"", ""n_neg"": 5, ""data_unreliable"": false}, {""minute"": ""15:19"", ""mid"": 384.425, ""bid"": 384.0, ""risk"": ""NORMAL"", ""action"": ""HOLD"", ""support"": ""NORMAL"", ""n_neg"": 1, ""data_unreliable"": false}]"
SENSEX,2026-08-14,11D_SHAPED_1500_1519,PE,78200.0,15:00,15:19,405.525,405.55,"[{""minute"": ""15:00"", ""mid"": 405.525, ""bid"": 405.5, ""risk"": ""LOW"", ""action"": ""HOLD"", ""support"": ""STRONG"", ""n_neg"": 0, ""data_unreliable"": false}, {""minute"": ""15:01"", ""mid"": 396.825, ""bid"": 396.4, ""risk"": ""ELEVATED"", ""action"": ""CAUTION"", ""support"": ""WEAK"", ""n_neg"": 3, ""data_unreliable"": false}, {""minute"": ""15:02"", ""mid"": 393.79999999999995, ""bid"": 393.4, ""risk"": ""EXTREME"", ""action"": ""BREAK_EXIT"", ""support"": ""CONTRADICTED"", ""n_neg"": 6, ""data_unreliable"": false}, {""minute"": ""15:03"", ""mid"": 396.975, ""bid"": 396.65, ""risk"": ""ELEVATED"", ""action"": ""CAUTION"", ""support"": ""WEAK"", ""n_neg"": 2, ""data_unreliable"": false}, {""minute"": ""15:04"", ""mid"": 400.3, ""bid"": 399.8, ""risk"": ""NORMAL"", ""action"": ""HOLD"", ""support"": ""NORMAL"", ""n_neg"": 1, ""data_unreliable"": false}, {""minute"": ""15:05"", ""mid"": 408.0, ""bid"": 407.55, ""risk"": ""NORMAL"", ""action"": ""HOLD"", ""support"": ""NORMAL"", ""n_neg"": 1, ""data_unreliable"": false}, {""minute"": ""15:06"", ""mid"": 411.725, ""bid"": 411.25, ""risk"": ""NORMAL"", ""action"": ""HOLD"", ""support"": ""NORMAL"", ""n_neg"": 1, ""data_unreliable"": false}, {""minute"": ""15:07"", ""mid"": 410.225, ""bid"": 409.7, ""risk"": ""ELEVATED"", ""action"": ""CAUTION"", ""support"": ""WEAK"", ""n_neg"": 2, ""data_unreliable"": false}, {""minute"": ""15:08"", ""mid"": 398.225, ""bid"": 397.8, ""risk"": ""EXTREME"", ""action"": ""BREAK_EXIT"", ""support"": ""CONTRADICTED"", ""n_neg"": 8, ""data_unreliable"": false}, {""minute"": ""15:09"", ""mid"": 403.70000000000005, ""bid"": 403.1, ""risk"": ""EXTREME"", ""action"": ""BREAK_EXIT"", ""support"": ""CONTRADICTED"", ""n_neg"": 5, ""data_unreliable"": false}, {""minute"": ""15:10"", ""mid"": 406.75, ""bid"": 406.5, ""risk"": ""ELEVATED"", ""action"": ""CAUTION"", ""support"": ""NORMAL"", ""n_neg"": 2, ""data_unreliable"": false}, {""minute"": ""15:11"", ""mid"": 404.15, ""bid"": 403.65, ""risk"": ""ELEVATED"", ""action"": ""CAUTION"", ""support"": ""WEAK"", ""n_neg"": 2, ""data_unreliable"": false}, {""minute"": ""15:12"", ""mid"": 403.05, ""bid"": 402.8, ""risk"": ""ELEVATED"", ""action"": ""CAUTION"", ""support"": ""WEAK"", ""n_neg"": 3, ""data_unreliable"": false}, {""minute"": ""15:13"", ""mid"": 398.875, ""bid"": 398.5, ""risk"": ""EXTREME"", ""action"": ""BREAK_EXIT"", ""support"": ""CONTRADICTED"", ""n_neg"": 7, ""data_unreliable"": false}, {""minute"": ""15:14"", ""mid"": 402.25, ""bid"": 401.8, ""risk"": ""NORMAL"", ""action"": ""HOLD"", ""support"": ""NORMAL"", ""n_neg"": 1, ""data_unreliable"": false}, {""minute"": ""15:15"", ""mid"": 402.2, ""bid"": 401.7, ""risk"": ""ELEVATED"", ""action"": ""CAUTION"", ""support"": ""WEAK"", ""n_neg"": 2, ""data_unreliable"": false}, {""minute"": ""15:16"", ""mid"": 408.35, ""bid"": 408.05, ""risk"": ""NORMAL"", ""action"": ""HOLD"", ""support"": ""NORMAL"", ""n_neg"": 1, ""data_unreliable"": false}, {""minute"": ""15:17"", ""mid"": 407.35, ""bid"": 406.9, ""risk"": ""ELEVATED"", ""action"": ""CAUTION"", ""support"": ""NORMAL"", ""n_neg"": 2, ""data_unreliable"": false}, {""minute"": ""15:18"", ""mid"": 408.65, ""bid"": 408.15, ""risk"": ""NORMAL"", ""action"": ""HOLD"", ""support"": ""NORMAL"", ""n_neg"": 1, ""data_unreliable"": false}, {""minute"": ""15:19"", ""mid"": 404.20000000000005, ""bid"": 403.6, ""risk"": ""EXTREME"", ""action"": ""BREAK_EXIT"", ""support"": ""CONTRADICTED"", ""n_neg"": 5, ""data_unreliable"": false}]"
SENSEX,2026-08-14,CLOSING_1515_1529,CE,78200.0,15:15,15:29,380.7,381.2,"[{""minute"": ""15:15"", ""mid"": 380.7, ""bid"": 380.2, ""risk"": ""NORMAL"", ""action"": ""HOLD"", ""support"": ""NORMAL"", ""n_neg"": 1, ""data_unreliable"": false}, {""minute"": ""15:16"", ""mid"": 378.75, ""bid"": 378.25, ""risk"": ""ELEVATED"", ""action"": ""CAUTION"", ""support"": ""WEAK"", ""n_neg"": 3, ""data_unreliable"": false}, {""minute"": ""15:17"", ""mid"": 375.025, ""bid"": 374.75, ""risk"": ""EXTREME"", ""action"": ""BREAK_EXIT"", ""support"": ""CONTRADICTED"", ""n_neg"": 6, ""data_unreliable"": false}, {""minute"": ""15:18"", ""mid"": 373.95, ""bid"": 373.45, ""risk"": ""EXTREME"", ""action"": ""BREAK_EXIT"", ""support"": ""CONTRADICTED"", ""n_neg"": 4, ""data_unreliable"": false}, {""minute"": ""15:19"", ""mid"": 384.425, ""bid"": 384.0, ""risk"": ""NORMAL"", ""action"": ""HOLD"", ""support"": ""STRONG"", ""n_neg"": 0, ""data_unreliable"": false}, {""minute"": ""15:20"", ""mid"": 381.25, ""bid"": 380.85, ""risk"": ""ELEVATED"", ""action"": ""CAUTION"", ""support"": ""NORMAL"", ""n_neg"": 1, ""data_unreliable"": false}, {""minute"": ""15:21"", ""mid"": 380.2, ""bid"": 379.7, ""risk"": ""ELEVATED"", ""action"": ""CAUTION"", ""support"": ""WEAK"", ""n_neg"": 2, ""data_unreliable"": false}, {""minute"": ""15:22"", ""mid"": 377.57500000000005, ""bid"": 377.05, ""risk"": ""EXTREME"", ""action"": ""BREAK_EXIT"", ""support"": ""CONTRADICTED"", ""n_neg"": 5, ""data_unreliable"": false}, {""minute"": ""15:23"", ""mid"": 380.4, ""bid"": 379.9, ""risk"": ""ELEVATED"", ""action"": ""CAUTION"", ""support"": ""WEAK"", ""n_neg"": 2, ""data_unreliable"": false}, {""minute"": ""15:24"", ""mid"": 378.725, ""bid"": 378.3, ""risk"": ""ELEVATED"", ""action"": ""CAUTION"", ""support"": ""WEAK"", ""n_neg"": 1, ""data_unreliable"": false}, {""minute"": ""15:25"", ""mid"": 375.79999999999995, ""bid"": 375.4, ""risk"": ""EXTREME"", ""action"": ""BREAK_EXIT"", ""support"": ""CONTRADICTED"", ""n_neg"": 6, ""data_unreliable"": false}, {""minute"": ""15:26"", ""mid"": 376.875, ""bid"": 376.75, ""risk"": ""ELEVATED"", ""action"": ""CAUTION"", ""support"": ""WEAK"", ""n_neg"": 2, ""data_unreliable"": false}, {""minute"": ""15:27"", ""mid"": 378.65, ""bid"": 378.15, ""risk"": ""NORMAL"", ""action"": ""HOLD"", ""support"": ""NORMAL"", ""n_neg"": 0, ""data_unreliable"": false}, {""minute"": ""15:28"", ""mid"": 377.025, ""bid"": 376.6, ""risk"": ""HIGH"", ""action"": ""PREPARE_EXIT"", ""support"": ""CONTRADICTED"", ""n_neg"": 4, ""data_unreliable"": false}, {""minute"": ""15:29"", ""mid"": 375.57500000000005, ""bid"": 375.3, ""risk"": ""ELEVATED"", ""action"": ""CAUTION"", ""support"": ""WEAK"", ""n_neg"": 1, ""data_unreliable"": false}]"
SENSEX,2026-08-14,CLOSING_1515_1529,PE,78200.0,15:15,15:29,402.2,402.7,"[{""minute"": ""15:15"", ""mid"": 402.2, ""bid"": 401.7, ""risk"": ""ELEVATED"", ""action"": ""CAUTION"", ""support"": ""NORMAL"", ""n_neg"": 1, ""data_unreliable"": false}, {""minute"": ""15:16"", ""mid"": 408.35, ""bid"": 408.05, ""risk"": ""NORMAL"", ""action"": ""HOLD"", ""support"": ""STRONG"", ""n_neg"": 0, ""data_unreliable"": false}, {""minute"": ""15:17"", ""mid"": 407.35, ""bid"": 406.9, ""risk"": ""ELEVATED"", ""action"": ""CAUTION"", ""support"": ""NORMAL"", ""n_neg"": 1, ""data_unreliable"": false}, {""minute"": ""15:18"", ""mid"": 408.65, ""bid"": 408.15, ""risk"": ""NORMAL"", ""action"": ""HOLD"", ""support"": ""STRONG"", ""n_neg"": 0, ""data_unreliable"": false}, {""minute"": ""15:19"", ""mid"": 404.20000000000005, ""bid"": 403.6, ""risk"": ""HIGH"", ""action"": ""PREPARE_EXIT"", ""support"": ""CONTRADICTED"", ""n_neg"": 4, ""data_unreliable"": false}, {""minute"": ""15:20"", ""mid"": 401.9, ""bid"": 401.35, ""risk"": ""HIGH"", ""action"": ""PREPARE_EXIT"", ""support"": ""CONTRADICTED"", ""n_neg"": 4, ""data_unreliable"": false}, {""minute"": ""15:21"", ""mid"": 402.925, ""bid"": 402.35, ""risk"": ""ELEVATED"", ""action"": ""CAUTION"", ""support"": ""WEAK"", ""n_neg"": 3, ""data_unreliable"": false}, {""minute"": ""15:22"", ""mid"": 403.025, ""bid"": 402.5, ""risk"": ""NORMAL"", ""action"": ""HOLD"", ""support"": ""NORMAL"", ""n_neg"": 0, ""data_unreliable"": false}, {""minute"": ""15:23"", ""mid"": 407.9, ""bid"": 407.5, ""risk"": ""NORMAL"", ""action"": ""HOLD"", ""support"": ""STRONG"", ""n_neg"": 0, ""data_unreliable"": false}, {""minute"": ""15:24"", ""mid"": 403.85, ""bid"": 403.3, ""risk"": ""ELEVATED"", ""action"": ""CAUTION"", ""support"": ""WEAK"", ""n_neg"": 1, ""data_unreliable"": false}, {""minute"": ""15:25"", ""mid"": 408.45, ""bid"": 407.9, ""risk"": ""NORMAL"", ""action"": ""HOLD"", ""support"": ""STRONG"", ""n_neg"": 0, ""data_unreliable"": false}, {""minute"": ""15:26"", ""mid"": 398.3, ""bid"": 397.8, ""risk"": ""HIGH"", ""action"": ""PREPARE_EXIT"", ""support"": ""CONTRADICTED"", ""n_neg"": 5, ""data_unreliable"": false}, {""minute"": ""15:27"", ""mid"": 407.275, ""bid"": 406.95, ""risk"": ""ELEVATED"", ""action"": ""CAUTION"", ""support"": ""NORMAL"", ""n_neg"": 1, ""data_unreliable"": false}, {""minute"": ""15:28"", ""mid"": 407.25, ""bid"": 406.65, ""risk"": ""ELEVATED"", ""action"": ""CAUTION"", ""support"": ""NORMAL"", ""n_neg"": 1, ""data_unreliable"": false}, {""minute"": ""15:29"", ""mid"": 409.1, ""bid"": 408.45, ""risk"": ""NORMAL"", ""action"": ""HOLD"", ""support"": ""NORMAL"", ""n_neg"": 0, ""data_unreliable"": false}]"
NIFTY,2026-08-17,11D_SHAPED_1500_1519,CE,24350.0,15:00,15:19,68.375,68.45,"[{""minute"": ""15:00"", ""mid"": 68.375, ""bid"": 68.3, ""risk"": ""EXTREME"", ""action"": ""BREAK_EXIT"", ""support"": ""CONTRADICTED"", ""n_neg"": 9, ""data_unreliable"": false}, {""minute"": ""15:01"", ""mid"": 70.19999999999999, ""bid"": 70.1, ""risk"": ""EXTREME"", ""action"": ""BREAK_EXIT"", ""support"": ""CONTRADICTED"", ""n_neg"": 6, ""data_unreliable"": false}, {""minute"": ""15:02"", ""mid"": 74.65, ""bid"": 74.55, ""risk"": ""LOW"", ""action"": ""HOLD"", ""support"": ""STRONG"", ""n_neg"": 0, ""data_unreliable"": false}, {""minute"": ""15:03"", ""mid"": 76.0, ""bid"": 75.9, ""risk"": ""LOW"", ""action"": ""HOLD"", ""support"": ""STRONG"", ""n_neg"": 0, ""data_unreliable"": false}, {""minute"": ""15:04"", ""mid"": 74.9, ""bid"": 74.8, ""risk"": ""ELEVATED"", ""action"": ""CAUTION"", ""support"": ""NORMAL"", ""n_neg"": 1, ""data_unreliable"": false}, {""minute"": ""15:05"", ""mid"": 73.94999999999999, ""bid"": 73.85, ""risk"": ""EXTREME"", ""action"": ""BREAK_EXIT"", ""support"": ""CONTRADICTED"", ""n_neg"": 5, ""data_unreliable"": false}, {""minute"": ""15:06"", ""mid"": 73.425, ""bid"": 73.35, ""risk"": ""EXTREME"", ""action"": ""BREAK_EXIT"", ""support"": ""CONTRADICTED"", ""n_neg"": 5, ""data_unreliable"": false}, {""minute"": ""15:07"", ""mid"": 74.0, ""bid"": 73.9, ""risk"": ""ELEVATED"", ""action"": ""CAUTION"", ""support"": ""WEAK"", ""n_neg"": 3, ""data_unreliable"": false}, {""minute"": ""15:08"", ""mid"": 73.5, ""bid"": 73.4, ""risk"": ""ELEVATED"", ""action"": ""CAUTION"", ""support"": ""WEAK"", ""n_neg"": 2, ""data_unreliable"": false}, {""minute"": ""15:09"", ""mid"": 74.5, ""bid"": 74.4, ""risk"": ""NORMAL"", ""action"": ""HOLD"", ""support"": ""NORMAL"", ""n_neg"": 0, ""data_unreliable"": false}, {""minute"": ""15:10"", ""mid"": 76.125, ""bid"": 76.05, ""risk"": ""LOW"", ""action"": ""HOLD"", ""support"": ""STRONG"", ""n_neg"": 0, ""data_unreliable"": false}, {""minute"": ""15:11"", ""mid"": 77.80000000000001, ""bid"": 77.7, ""risk"": ""LOW"", ""action"": ""HOLD"", ""support"": ""STRONG"", ""n_neg"": 0, ""data_unreliable"": false}, {""minute"": ""15:12"", ""mid"": 80.4, ""bid"": 80.3, ""risk"": ""LOW"", ""action"": ""HOLD"", ""support"": ""STRONG"", ""n_neg"": 0, ""data_unreliable"": false}, {""minute"": ""15:13"", ""mid"": 77.35, ""bid"": 77.25, ""risk"": ""ELEVATED"", ""action"": ""CAUTION"", ""support"": ""WEAK"", ""n_neg"": 2, ""data_unreliable"": false}, {""minute"": ""15:14"", ""mid"": 76.125, ""bid"": 76.05, ""risk"": ""EXTREME"", ""action"": ""BREAK_EXIT"", ""support"": ""CONTRADICTED"", ""n_neg"": 7, ""data_unreliable"": false}, {""minute"": ""15:15"", ""mid"": 75.325, ""bid"": 75.25, ""risk"": ""EXTREME"", ""action"": ""BREAK_EXIT"", ""support"": ""CONTRADICTED"", ""n_neg"": 7, ""data_unreliable"": false}, {""minute"": ""15:16"", ""mid"": 73.19999999999999, ""bid"": 73.1, ""risk"": ""EXTREME"", ""action"": ""BREAK_EXIT"", ""support"": ""CONTRADICTED"", ""n_neg"": 6, ""data_unreliable"": false}, {""minute"": ""15:17"", ""mid"": 72.525, ""bid"": 72.5, ""risk"": ""EXTREME"", ""action"": ""BREAK_EXIT"", ""support"": ""CONTRADICTED"", ""n_neg"": 7, ""data_unreliable"": false}, {""minute"": ""15:18"", ""mid"": 70.975, ""bid"": 70.9, ""risk"": ""EXTREME"", ""action"": ""BREAK_EXIT"", ""support"": ""CONTRADICTED"", ""n_neg"": 8, ""data_unreliable"": false}, {""minute"": ""15:19"", ""mid"": 69.8, ""bid"": 69.75, ""risk"": ""EXTREME"", ""action"": ""BREAK_EXIT"", ""support"": ""CONTRADICTED"", ""n_neg"": 7, ""data_unreliable"": false}]"
NIFTY,2026-08-17,11D_SHAPED_1500_1519,PE,24350.0,15:00,15:19,48.625,48.7,"[{""minute"": ""15:00"", ""mid"": 48.625, ""bid"": 48.55, ""risk"": ""LOW"", ""action"": ""HOLD"", ""support"": ""STRONG"", ""n_neg"": 0, ""data_unreliable"": false}, {""minute"": ""15:01"", ""mid"": 47.625, ""bid"": 47.6, ""risk"": ""ELEVATED"", ""action"": ""CAUTION"", ""support"": ""NORMAL"", ""n_neg"": 1, ""data_unreliable"": false}, {""minute"": ""15:02"", ""mid"": 44.175, ""bid"": 44.1, ""risk"": ""HIGH"", ""action"": ""PREPARE_EXIT"", ""support"": ""CONTRADICTED"", ""n_neg"": 5, ""data_unreliable"": false}, {""minute"": ""15:03"", ""mid"": 43.25, ""bid"": 43.2, ""risk"": ""HIGH"", ""action"": ""PREPARE_EXIT"", ""support"": ""CONTRADICTED"", ""n_neg"": 4, ""data_unreliable"": false}, {""minute"": ""15:04"", ""mid"": 43.325, ""bid"": 43.25, ""risk"": ""EXTREME"", ""action"": ""BREAK_EXIT"", ""support"": ""CONTRADICTED"", ""n_neg"": 5, ""data_unreliable"": false}, {""minute"": ""15:05"", ""mid"": 44.0, ""bid"": 43.95, ""risk"": ""LOW"", ""action"": ""HOLD"", ""support"": ""STRONG"", ""n_neg"": 0, ""data_unreliable"": false}, {""minute"": ""15:06"", ""mid"": 44.849999999999994, ""bid"": 44.8, ""risk"": ""LOW"", ""action"": ""HOLD"", ""support"": ""STRONG"", ""n_neg"": 0, ""data_unreliable"": false}, {""minute"": ""15:07"", ""mid"": 44.575, ""bid"": 44.55, ""risk"": ""ELEVATED"", ""action"": ""CAUTION"", ""support"": ""NORMAL"", ""n_neg"": 1, ""data_unreliable"": false}, {""minute"": ""15:08"", ""mid"": 45.099999999999994, ""bid"": 45.05, ""risk"": ""NORMAL"", ""action"": ""HOLD"", ""support"": ""NORMAL"", ""n_neg"": 0, ""data_unreliable"": false}, {""minute"": ""15:09"", ""mid"": 44.900000000000006, ""bid"": 44.85, ""risk"": ""ELEVATED"", ""action"": ""CAUTION"", ""support"": ""WEAK"", ""n_neg"": 1, ""data_unreliable"": false}, {""minute"": ""15:10"", ""mid"": 44.599999999999994, ""bid"": 44.55, ""risk"": ""HIGH"", ""action"": ""PREPARE_EXIT"", ""support"": ""CONTRADICTED"", ""n_neg"": 4, ""data_unreliable"": false}, {""minute"": ""15:11"", ""mid"": 44.075, ""bid"": 44.05, ""risk"": ""EXTREME"", ""action"": ""BREAK_EXIT"", ""support"": ""CONTRADICTED"", ""n_neg"": 7, ""data_unreliable"": false}, {""minute"": ""15:12"", ""mid"": 43.25, ""bid"": 43.2, ""risk"": ""EXTREME"", ""action"": ""BREAK_EXIT"", ""support"": ""CONTRADICTED"", ""n_neg"": 6, ""data_unreliable"": false}, {""minute"": ""15:13"", ""mid"": 43.900000000000006, ""bid"": 43.85, ""risk"": ""ELEVATED"", ""action"": ""CAUTION"", ""support"": ""WEAK"", ""n_neg"": 3, ""data_unreliable"": false}, {""minute"": ""15:14"", ""mid"": 44.575, ""bid"": 44.55, ""risk"": ""LOW"", ""action"": ""HOLD"", ""support"": ""STRONG"", ""n_neg"": 0, ""data_unreliable"": false}, {""minute"": ""15:15"", ""mid"": 45.275, ""bid"": 45.25, ""risk"": ""LOW"", ""action"": ""HOLD"", ""support"": ""STRONG"", ""n_neg"": 0, ""data_unreliable"": false}, {""minute"": ""15:16"", ""mid"": 46.849999999999994, ""bid"": 46.8, ""risk"": ""NORMAL"", ""action"": ""HOLD"", ""support"": ""STRONG"", ""n_neg"": 0, ""data_unreliable"": false}, {""minute"": ""15:17"", ""mid"": 47.325, ""bid"": 47.25, ""risk"": ""NORMAL"", ""action"": ""HOLD"", ""support"": ""STRONG"", ""n_neg"": 0, ""data_unreliable"": false}, {""minute"": ""15:18"", ""mid"": 47.474999999999994, ""bid"": 47.4, ""risk"": ""NORMAL"", ""action"": ""HOLD"", ""support"": ""STRONG"", ""n_neg"": 0, ""data_unreliable"": false}, {""minute"": ""15:19"", ""mid"": 47.925, ""bid"": 47.9, ""risk"": ""NORMAL"", ""action"": ""HOLD"", ""support"": ""STRONG"", ""n_neg"": 0, ""data_unreliable"": false}]"
NIFTY,2026-08-17,CLOSING_1515_1529,CE,24400.0,15:15,15:29,48.525000000000006,48.6,"[{""minute"": ""15:15"", ""mid"": 48.525000000000006, ""bid"": 48.45, ""risk"": ""EXTREME"", ""action"": ""BREAK_EXIT"", ""support"": ""CONTRADICTED"", ""n_neg"": 5, ""data_unreliable"": false}, {""minute"": ""15:16"", ""mid"": 46.725, ""bid"": 46.7, ""risk"": ""EXTREME"", ""action"": ""BREAK_EXIT"", ""support"": ""CONTRADICTED"", ""n_neg"": 6, ""data_unreliable"": false}, {""minute"": ""15:17"", ""mid"": 46.275000000000006, ""bid"": 46.2, ""risk"": ""EXTREME"", ""action"": ""BREAK_EXIT"", ""support"": ""CONTRADICTED"", ""n_neg"": 6, ""data_unreliable"": false}, {""minute"": ""15:18"", ""mid"": 44.849999999999994, ""bid"": 44.8, ""risk"": ""EXTREME"", ""action"": ""BREAK_EXIT"", ""support"": ""CONTRADICTED"", ""n_neg"": 7, ""data_unreliable"": false}, {""minute"": ""15:19"", ""mid"": 44.325, ""bid"": 44.25, ""risk"": ""EXTREME"", ""action"": ""BREAK_EXIT"", ""support"": ""CONTRADICTED"", ""n_neg"": 7, ""data_unreliable"": false}, {""minute"": ""15:20"", ""mid"": 41.925, ""bid"": 41.85, ""risk"": ""EXTREME"", ""action"": ""BREAK_EXIT"", ""support"": ""CONTRADICTED"", ""n_neg"": 7, ""data_unreliable"": false}, {""minute"": ""15:21"", ""mid"": 42.275000000000006, ""bid"": 42.2, ""risk"": ""EXTREME"", ""action"": ""BREAK_EXIT"", ""support"": ""CONTRADICTED"", ""n_neg"": 5, ""data_unreliable"": false}, {""minute"": ""15:22"", ""mid"": 41.875, ""bid"": 41.85, ""risk"": ""HIGH"", ""action"": ""PREPARE_EXIT"", ""support"": ""CONTRADICTED"", ""n_neg"": 4, ""data_unreliable"": false}, {""minute"": ""15:23"", ""mid"": 42.224999999999994, ""bid"": 42.15, ""risk"": ""HIGH"", ""action"": ""PREPARE_EXIT"", ""support"": ""CONTRADICTED"", ""n_neg"": 4, ""data_unreliable"": false}, {""minute"": ""15:24"", ""mid"": 42.150000000000006, ""bid"": 42.1, ""risk"": ""ELEVATED"", ""action"": ""CAUTION"", ""support"": ""NORMAL"", ""n_neg"": 1, ""data_unreliable"": false}, {""minute"": ""15:25"", ""mid"": 43.125, ""bid"": 43.05, ""risk"": ""NORMAL"", ""action"": ""HOLD"", ""support"": ""STRONG"", ""n_neg"": 0, ""data_unreliable"": false}, {""minute"": ""15:26"", ""mid"": 42.925, ""bid"": 42.85, ""risk"": ""ELEVATED"", ""action"": ""CAUTION"", ""support"": ""NORMAL"", ""n_neg"": 1, ""data_unreliable"": false}, {""minute"": ""15:27"", ""mid"": 41.175, ""bid"": 41.1, ""risk"": ""EXTREME"", ""action"": ""BREAK_EXIT"", ""support"": ""CONTRADICTED"", ""n_neg"": 6, ""data_unreliable"": false}, {""minute"": ""15:28"", ""mid"": 39.875, ""bid"": 39.8, ""risk"": ""EXTREME"", ""action"": ""BREAK_EXIT"", ""support"": ""CONTRADICTED"", ""n_neg"": 5, ""data_unreliable"": false}, {""minute"": ""15:29"", ""mid"": 37.099999999999994, ""bid"": 37.05, ""risk"": ""EXTREME"", ""action"": ""BREAK_EXIT"", ""support"": ""CONTRADICTED"", ""n_neg"": 7, ""data_unreliable"": false}]"
NIFTY,2026-08-17,CLOSING_1515_1529,PE,24400.0,15:15,15:29,68.15,68.2,"[{""minute"": ""15:15"", ""mid"": 68.15, ""bid"": 68.1, ""risk"": ""LOW"", ""action"": ""HOLD"", ""support"": ""STRONG"", ""n_neg"": 0, ""data_unreliable"": false}, {""minute"": ""15:16"", ""mid"": 70.225, ""bid"": 70.15, ""risk"": ""NORMAL"", ""action"": ""HOLD"", ""support"": ""STRONG"", ""n_neg"": 0, ""data_unreliable"": false}, {""minute"": ""15:17"", ""mid"": 70.82499999999999, ""bid"": 70.8, ""risk"": ""NORMAL"", ""action"": ""HOLD"", ""support"": ""STRONG"", ""n_neg"": 0, ""data_unreliable"": false}, {""minute"": ""15:18"", ""mid"": 71.575, ""bid"": 71.5, ""risk"": ""NORMAL"", ""action"": ""HOLD"", ""support"": ""STRONG"", ""n_neg"": 0, ""data_unreliable"": false}, {""minute"": ""15:19"", ""mid"": 71.775, ""bid"": 71.7, ""risk"": ""NORMAL"", ""action"": ""HOLD"", ""support"": ""STRONG"", ""n_neg"": 0, ""data_unreliable"": false}, {""minute"": ""15:20"", ""mid"": 73.05, ""bid"": 73.0, ""risk"": ""NORMAL"", ""action"": ""HOLD"", ""support"": ""STRONG"", ""n_neg"": 0, ""data_unreliable"": false}, {""minute"": ""15:21"", ""mid"": 73.55000000000001, ""bid"": 73.4, ""risk"": ""NORMAL"", ""action"": ""HOLD"", ""support"": ""NORMAL"", ""n_neg"": 1, ""data_unreliable"": false}, {""minute"": ""15:22"", ""mid"": 73.925, ""bid"": 73.85, ""risk"": ""NORMAL"", ""action"": ""HOLD"", ""support"": ""STRONG"", ""n_neg"": 0, ""data_unreliable"": false}, {""minute"": ""15:23"", ""mid"": 75.175, ""bid"": 75.1, ""risk"": ""NORMAL"", ""action"": ""HOLD"", ""support"": ""STRONG"", ""n_neg"": 0, ""data_unreliable"": false}, {""minute"": ""15:24"", ""mid"": 73.1, ""bid"": 73.0, ""risk"": ""EXTREME"", ""action"": ""BREAK_EXIT"", ""support"": ""CONTRADICTED"", ""n_neg"": 6, ""data_unreliable"": false}, {""minute"": ""15:25"", ""mid"": 74.275, ""bid"": 74.2, ""risk"": ""HIGH"", ""action"": ""PREPARE_EXIT"", ""support"": ""CONTRADICTED"", ""n_neg"": 4, ""data_unreliable"": false}, {""minute"": ""15:26"", ""mid"": 73.19999999999999, ""bid"": 73.1, ""risk"": ""EXTREME"", ""action"": ""BREAK_EXIT"", ""support"": ""CONTRADICTED"", ""n_neg"": 5, ""data_unreliable"": false}, {""minute"": ""15:27"", ""mid"": 74.94999999999999, ""bid"": 74.85, ""risk"": ""NORMAL"", ""action"": ""HOLD"", ""support"": ""NORMAL"", ""n_neg"": 1, ""data_unreliable"": false}, {""minute"": ""15:28"", ""mid"": 75.85, ""bid"": 75.75, ""risk"": ""NORMAL"", ""action"": ""HOLD"", ""support"": ""NORMAL"", ""n_neg"": 1, ""data_unreliable"": false}, {""minute"": ""15:29"", ""mid"": 84.975, ""bid"": 84.95, ""risk"": ""NORMAL"", ""action"": ""HOLD"", ""support"": ""STRONG"", ""n_neg"": 0, ""data_unreliable"": false}]"
SENSEX,2026-08-17,11D_SHAPED_1500_1519,CE,78000.0,15:00,15:19,329.4,329.65,"[{""minute"": ""15:00"", ""mid"": 329.4, ""bid"": 329.15, ""risk"": ""EXTREME"", ""action"": ""BREAK_EXIT"", ""support"": ""CONTRADICTED"", ""n_neg"": 7, ""data_unreliable"": false}, {""minute"": ""15:01"", ""mid"": 332.65, ""bid"": 332.25, ""risk"": ""EXTREME"", ""action"": ""BREAK_EXIT"", ""support"": ""CONTRADICTED"", ""n_neg"": 8, ""data_unreliable"": false}, {""minute"": ""15:02"", ""mid"": 348.45000000000005, ""bid"": 348.05, ""risk"": ""NORMAL"", ""action"": ""HOLD"", ""support"": ""NORMAL"", ""n_neg"": 1, ""data_unreliable"": false}, {""minute"": ""15:03"", ""mid"": 351.975, ""bid"": 351.5, ""risk"": ""NORMAL"", ""action"": ""HOLD"", ""support"": ""NORMAL"", ""n_neg"": 1, ""data_unreliable"": false}, {""minute"": ""15:04"", ""mid"": 350.75, ""bid"": 350.25, ""risk"": ""ELEVATED"", ""action"": ""CAUTION"", ""support"": ""NORMAL"", ""n_neg"": 2, ""data_unreliable"": false}, {""minute"": ""15:05"", ""mid"": 346.3, ""bid"": 346.0, ""risk"": ""EXTREME"", ""action"": ""BREAK_EXIT"", ""support"": ""CONTRADICTED"", ""n_neg"": 6, ""data_unreliable"": false}, {""minute"": ""15:06"", ""mid"": 349.8, ""bid"": 349.35, ""risk"": ""ELEVATED"", ""action"": ""CAUTION"", ""support"": ""WEAK"", ""n_neg"": 2, ""data_unreliable"": false}, {""minute"": ""15:07"", ""mid"": 346.79999999999995, ""bid"": 346.4, ""risk"": ""HIGH"", ""action"": ""PREPARE_EXIT"", ""support"": ""CONTRADICTED"", ""n_neg"": 3, ""data_unreliable"": false}, {""minute"": ""15:08"", ""mid"": 345.05, ""bid"": 344.6, ""risk"": ""HIGH"", ""action"": ""PREPARE_EXIT"", ""support"": ""CONTRADICTED"", ""n_neg"": 5, ""data_unreliable"": false}, {""minute"": ""15:09"", ""mid"": 348.125, ""bid"": 347.95, ""risk"": ""NORMAL"", ""action"": ""HOLD"", ""support"": ""NORMAL"", ""n_neg"": 0, ""data_unreliable"": false}, {""minute"": ""15:10"", ""mid"": 350.0, ""bid"": 349.6, ""risk"": ""NORMAL"", ""action"": ""HOLD"", ""support"": ""NORMAL"", ""n_neg"": 1, ""data_unreliable"": false}, {""minute"": ""15:11"", ""mid"": 351.625, ""bid"": 351.25, ""risk"": ""NORMAL"", ""action"": ""HOLD"", ""support"": ""NORMAL"", ""n_neg"": 1, ""data_unreliable"": false}, {""minute"": ""15:12"", ""mid"": 355.8, ""bid"": 355.6, ""risk"": ""LOW"", ""action"": ""HOLD"", ""support"": ""STRONG"", ""n_neg"": 0, ""data_unreliable"": false}, {""minute"": ""15:13"", ""mid"": 352.8, ""bid"": 352.3, ""risk"": ""ELEVATED"", ""action"": ""CAUTION"", ""support"": ""NORMAL"", ""n_neg"": 2, ""data_unreliable"": false}, {""minute"": ""15:14"", ""mid"": 348.95, ""bid"": 348.5, ""risk"": ""EXTREME"", ""action"": ""BREAK_EXIT"", ""support"": ""CONTRADICTED"", ""n_neg"": 5, ""data_unreliable"": false}, {""minute"": ""15:15"", ""mid"": 349.85, ""bid"": 349.5, ""risk"": ""HIGH"", ""action"": ""PREPARE_EXIT"", ""support"": ""CONTRADICTED"", ""n_neg"": 5, ""data_unreliable"": false}, {""minute"": ""15:16"", ""mid"": 349.525, ""bid"": 349.1, ""risk"": ""EXTREME"", ""action"": ""BREAK_EXIT"", ""support"": ""CONTRADICTED"", ""n_neg"": 5, ""data_unreliable"": false}, {""minute"": ""15:17"", ""mid"": 343.225, ""bid"": 342.75, ""risk"": ""EXTREME"", ""action"": ""BREAK_EXIT"", ""support"": ""CONTRADICTED"", ""n_neg"": 8, ""data_unreliable"": false}, {""minute"": ""15:18"", ""mid"": 338.325, ""bid"": 338.0, ""risk"": ""EXTREME"", ""action"": ""BREAK_EXIT"", ""support"": ""CONTRADICTED"", ""n_neg"": 6, ""data_unreliable"": false}, {""minute"": ""15:19"", ""mid"": 333.775, ""bid"": 333.35, ""risk"": ""EXTREME"", ""action"": ""BREAK_EXIT"", ""support"": ""CONTRADICTED"", ""n_neg"": 7, ""data_unreliable"": false}]"
SENSEX,2026-08-17,11D_SHAPED_1500_1519,PE,78000.0,15:00,15:19,323.775,324.2,"[{""minute"": ""15:00"", ""mid"": 323.775, ""bid"": 323.35, ""risk"": ""LOW"", ""action"": ""HOLD"", ""support"": ""STRONG"", ""n_neg"": 0, ""data_unreliable"": false}, {""minute"": ""15:01"", ""mid"": 321.975, ""bid"": 321.5, ""risk"": ""ELEVATED"", ""action"": ""CAUTION"", ""support"": ""NORMAL"", ""n_neg"": 1, ""data_unreliable"": false}, {""minute"": ""15:02"", ""mid"": 305.5, ""bid"": 305.05, ""risk"": ""EXTREME"", ""action"": ""BREAK_EXIT"", ""support"": ""CONTRADICTED"", ""n_neg"": 7, ""data_unreliable"": false}, {""minute"": ""15:03"", ""mid"": 300.4, ""bid"": 300.05, ""risk"": ""EXTREME"", ""action"": ""BREAK_EXIT"", ""support"": ""CONTRADICTED"", ""n_neg"": 7, ""data_unreliable"": false}, {""minute"": ""15:04"", ""mid"": 300.425, ""bid"": 300.1, ""risk"": ""EXTREME"", ""action"": ""BREAK_EXIT"", ""support"": ""CONTRADICTED"", ""n_neg"": 6, ""data_unreliable"": false}, {""minute"": ""15:05"", ""mid"": 304.1, ""bid"": 303.7, ""risk"": ""LOW"", ""action"": ""HOLD"", ""support"": ""STRONG"", ""n_neg"": 0, ""data_unreliable"": false}, {""minute"": ""15:06"", ""mid"": 302.575, ""bid"": 302.2, ""risk"": ""ELEVATED"", ""action"": ""CAUTION"", ""support"": ""NORMAL"", ""n_neg"": 1, ""data_unreliable"": false}, {""minute"": ""15:07"", ""mid"": 304.7, ""bid"": 304.4, ""risk"": ""NORMAL"", ""action"": ""HOLD"", ""support"": ""NORMAL"", ""n_neg"": 0, ""data_unreliable"": false}, {""minute"": ""15:08"", ""mid"": 306.04999999999995, ""bid"": 305.7, ""risk"": ""LOW"", ""action"": ""HOLD"", ""support"": ""STRONG"", ""n_neg"": 0, ""data_unreliable"": false}, {""minute"": ""15:09"", ""mid"": 303.525, ""bid"": 303.15, ""risk"": ""ELEVATED"", ""action"": ""CAUTION"", ""support"": ""WEAK"", ""n_neg"": 2, ""data_unreliable"": false}, {""minute"": ""15:10"", ""mid"": 306.29999999999995, ""bid"": 305.95, ""risk"": ""ELEVATED"", ""action"": ""CAUTION"", ""support"": ""NORMAL"", ""n_neg"": 2, ""data_unreliable"": false}, {""minute"": ""15:11"", ""mid"": 305.675, ""bid"": 305.3, ""risk"": ""ELEVATED"", ""action"": ""CAUTION"", ""support"": ""WEAK"", ""n_neg"": 2, ""data_unreliable"": false}, {""minute"": ""15:12"", ""mid"": 298.525, ""bid"": 298.15, ""risk"": ""EXTREME"", ""action"": ""BREAK_EXIT"", ""support"": ""CONTRADICTED"", ""n_neg"": 7, ""data_unreliable"": false}, {""minute"": ""15:13"", ""mid"": 301.95000000000005, ""bid"": 301.6, ""risk"": ""EXTREME"", ""action"": ""BREAK_EXIT"", ""support"": ""CONTRADICTED"", ""n_neg"": 5, ""data_unreliable"": false}, {""minute"": ""15:14"", ""mid"": 308.625, ""bid"": 308.2, ""risk"": ""LOW"", ""action"": ""HOLD"", ""support"": ""STRONG"", ""n_neg"": 0, ""data_unreliable"": false}, {""minute"": ""15:15"", ""mid"": 310.275, ""bid"": 309.9, ""risk"": ""LOW"", ""action"": ""HOLD"", ""support"": ""STRONG"", ""n_neg"": 0, ""data_unreliable"": false}, {""minute"": ""15:16"", ""mid"": 312.775, ""bid"": 312.3, ""risk"": ""NORMAL"", ""action"": ""HOLD"", ""support"": ""STRONG"", ""n_neg"": 0, ""data_unreliable"": false}, {""minute"": ""15:17"", ""mid"": 314.3, ""bid"": 313.85, ""risk"": ""NORMAL"", ""action"": ""HOLD"", ""support"": ""STRONG"", ""n_neg"": 0, ""data_unreliable"": false}, {""minute"": ""15:18"", ""mid"": 319.45000000000005, ""bid"": 319.1, ""risk"": ""NORMAL"", ""action"": ""HOLD"", ""support"": ""STRONG"", ""n_neg"": 0, ""data_unreliable"": false}, {""minute"": ""15:19"", ""mid"": 318.525, ""bid"": 318.15, ""risk"": ""ELEVATED"", ""action"": ""CAUTION"", ""support"": ""NORMAL"", ""n_neg"": 1, ""data_unreliable"": false}]"
SENSEX,2026-08-17,CLOSING_1515_1529,CE,78000.0,15:15,15:29,349.85,350.2,"[{""minute"": ""15:15"", ""mid"": 349.85, ""bid"": 349.5, ""risk"": ""HIGH"", ""action"": ""PREPARE_EXIT"", ""support"": ""CONTRADICTED"", ""n_neg"": 5, ""data_unreliable"": false}, {""minute"": ""15:16"", ""mid"": 349.525, ""bid"": 349.1, ""risk"": ""HIGH"", ""action"": ""PREPARE_EXIT"", ""support"": ""CONTRADICTED"", ""n_neg"": 4, ""data_unreliable"": false}, {""minute"": ""15:17"", ""mid"": 343.225, ""bid"": 342.75, ""risk"": ""EXTREME"", ""action"": ""BREAK_EXIT"", ""support"": ""CONTRADICTED"", ""n_neg"": 7, ""data_unreliable"": false}, {""minute"": ""15:18"", ""mid"": 338.325, ""bid"": 338.0, ""risk"": ""EXTREME"", ""action"": ""BREAK_EXIT"", ""support"": ""CONTRADICTED"", ""n_neg"": 6, ""data_unreliable"": false}, {""minute"": ""15:19"", ""mid"": 333.775, ""bid"": 333.35, ""risk"": ""EXTREME"", ""action"": ""BREAK_EXIT"", ""support"": ""CONTRADICTED"", ""n_neg"": 6, ""data_unreliable"": false}, {""minute"": ""15:20"", ""mid"": 331.875, ""bid"": 331.55, ""risk"": ""EXTREME"", ""action"": ""BREAK_EXIT"", ""support"": ""CONTRADICTED"", ""n_neg"": 4, ""data_unreliable"": false}, {""minute"": ""15:21"", ""mid"": 320.4, ""bid"": 320.0, ""risk"": ""EXTREME"", ""action"": ""BREAK_EXIT"", ""support"": ""CONTRADICTED"", ""n_neg"": 6, ""data_unreliable"": false}, {""minute"": ""15:22"", ""mid"": 321.125, ""bid"": 320.85, ""risk"": ""EXTREME"", ""action"": ""BREAK_EXIT"", ""support"": ""CONTRADICTED"", ""n_neg"": 5, ""data_unreliable"": false}, {""minute"": ""15:23"", ""mid"": 320.15, ""bid"": 320.05, ""risk"": ""HIGH"", ""action"": ""PREPARE_EXIT"", ""support"": ""CONTRADICTED"", ""n_neg"": 4, ""data_unreliable"": false}, {""minute"": ""15:24"", ""mid"": 320.0, ""bid"": 319.55, ""risk"": ""NORMAL"", ""action"": ""HOLD"", ""support"": ""NORMAL"", ""n_neg"": 0, ""data_unreliable"": false}, {""minute"": ""15:25"", ""mid"": 319.17499999999995, ""bid"": 318.7, ""risk"": ""ELEVATED"", ""action"": ""CAUTION"", ""support"": ""WEAK"", ""n_neg"": 3, ""data_unreliable"": false}, {""minute"": ""15:26"", ""mid"": 322.425, ""bid"": 322.0, ""risk"": ""NORMAL"", ""action"": ""HOLD"", ""support"": ""STRONG"", ""n_neg"": 0, ""data_unreliable"": false}, {""minute"": ""15:27"", ""mid"": 321.75, ""bid"": 321.5, ""risk"": ""ELEVATED"", ""action"": ""CAUTION"", ""support"": ""NORMAL"", ""n_neg"": 1, ""data_unreliable"": false}, {""minute"": ""15:28"", ""mid"": 319.4, ""bid"": 319.15, ""risk"": ""HIGH"", ""action"": ""PREPARE_EXIT"", ""support"": ""CONTRADICTED"", ""n_neg"": 4, ""data_unreliable"": false}, {""minute"": ""15:29"", ""mid"": 305.9, ""bid"": 305.8, ""risk"": ""EXTREME"", ""action"": ""BREAK_EXIT"", ""support"": ""CONTRADICTED"", ""n_neg"": 6, ""data_unreliable"": false}]"
SENSEX,2026-08-17,CLOSING_1515_1529,PE,78000.0,15:15,15:29,310.275,310.65,"[{""minute"": ""15:15"", ""mid"": 310.275, ""bid"": 309.9, ""risk"": ""LOW"", ""action"": ""HOLD"", ""support"": ""STRONG"", ""n_neg"": 0, ""data_unreliable"": false}, {""minute"": ""15:16"", ""mid"": 312.775, ""bid"": 312.3, ""risk"": ""NORMAL"", ""action"": ""HOLD"", ""support"": ""STRONG"", ""n_neg"": 0, ""data_unreliable"": false}, {""minute"": ""15:17"", ""mid"": 314.3, ""bid"": 313.85, ""risk"": ""NORMAL"", ""action"": ""HOLD"", ""support"": ""STRONG"", ""n_neg"": 0, ""data_unreliable"": false}, {""minute"": ""15:18"", ""mid"": 319.45000000000005, ""bid"": 319.1, ""risk"": ""NORMAL"", ""action"": ""HOLD"", ""support"": ""STRONG"", ""n_neg"": 0, ""data_unreliable"": false}, {""minute"": ""15:19"", ""mid"": 318.525, ""bid"": 318.15, ""risk"": ""ELEVATED"", ""action"": ""CAUTION"", ""support"": ""NORMAL"", ""n_neg"": 1, ""data_unreliable"": false}, {""minute"": ""15:20"", ""mid"": 318.9, ""bid"": 318.55, ""risk"": ""ELEVATED"", ""action"": ""CAUTION"", ""support"": ""NORMAL"", ""n_neg"": 3, ""data_unreliable"": false}, {""minute"": ""15:21"", ""mid"": 326.55, ""bid"": 326.1, ""risk"": ""NORMAL"", ""action"": ""HOLD"", ""support"": ""STRONG"", ""n_neg"": 0, ""data_unreliable"": false}, {""minute"": ""15:22"", ""mid"": 323.0, ""bid"": 322.6, ""risk"": ""ELEVATED"", ""action"": ""CAUTION"", ""support"": ""NORMAL"", ""n_neg"": 1, ""data_unreliable"": false}, {""minute"": ""15:23"", ""mid"": 324.57500000000005, ""bid"": 324.3, ""risk"": ""ELEVATED"", ""action"": ""CAUTION"", ""support"": ""WEAK"", ""n_neg"": 3, ""data_unreliable"": false}, {""minute"": ""15:24"", ""mid"": 324.05, ""bid"": 323.55, ""risk"": ""ELEVATED"", ""action"": ""CAUTION"", ""support"": ""WEAK"", ""n_neg"": 1, ""data_unreliable"": false}, {""minute"": ""15:25"", ""mid"": 325.4, ""bid"": 325.0, ""risk"": ""NORMAL"", ""action"": ""HOLD"", ""support"": ""NORMAL"", ""n_neg"": 0, ""data_unreliable"": false}, {""minute"": ""15:26"", ""mid"": 318.65, ""bid"": 318.3, ""risk"": ""EXTREME"", ""action"": ""BREAK_EXIT"", ""support"": ""CONTRADICTED"", ""n_neg"": 5, ""data_unreliable"": false}, {""minute"": ""15:27"", ""mid"": 325.075, ""bid"": 324.65, ""risk"": ""NORMAL"", ""action"": ""HOLD"", ""support"": ""NORMAL"", ""n_neg"": 1, ""data_unreliable"": false}, {""minute"": ""15:28"", ""mid"": 323.675, ""bid"": 323.3, ""risk"": ""ELEVATED"", ""action"": ""CAUTION"", ""support"": ""NORMAL"", ""n_neg"": 2, ""data_unreliable"": false}, {""minute"": ""15:29"", ""mid"": 346.6, ""bid"": 346.1, ""risk"": ""NORMAL"", ""action"": ""HOLD"", ""support"": ""STRONG"", ""n_neg"": 0, ""data_unreliable"": false}]"
NIFTY,2026-08-19,11D_SHAPED_1500_1519,CE,24100.0,15:00,15:19,128.45,128.6,"[{""minute"": ""15:00"", ""mid"": 128.45, ""bid"": 128.3, ""risk"": ""LOW"", ""action"": ""HOLD"", ""support"": ""STRONG"", ""n_neg"": 0, ""data_unreliable"": false}, {""minute"": ""15:01"", ""mid"": 130.575, ""bid"": 130.4, ""risk"": ""LOW"", ""action"": ""HOLD"", ""support"": ""STRONG"", ""n_neg"": 0, ""data_unreliable"": false}, {""minute"": ""15:02"", ""mid"": 131.9, ""bid"": 131.8, ""risk"": ""LOW"", ""action"": ""HOLD"", ""support"": ""STRONG"", ""n_neg"": 0, ""data_unreliable"": false}, {""minute"": ""15:03"", ""mid"": 133.15, ""bid"": 133.0, ""risk"": ""LOW"", ""action"": ""HOLD"", ""support"": ""STRONG"", ""n_neg"": 0, ""data_unreliable"": false}, {""minute"": ""15:04"", ""mid"": 130.55, ""bid"": 130.4, ""risk"": ""ELEVATED"", ""action"": ""CAUTION"", ""support"": ""WEAK"", ""n_neg"": 4, ""data_unreliable"": false}, {""minute"": ""15:05"", ""mid"": 128.4, ""bid"": 128.3, ""risk"": ""EXTREME"", ""action"": ""BREAK_EXIT"", ""support"": ""CONTRADICTED"", ""n_neg"": 6, ""data_unreliable"": false}, {""minute"": ""15:06"", ""mid"": 123.80000000000001, ""bid"": 123.65, ""risk"": ""EXTREME"", ""action"": ""BREAK_EXIT"", ""support"": ""CONTRADICTED"", ""n_neg"": 7, ""data_unreliable"": false}, {""minute"": ""15:07"", ""mid"": 123.44999999999999, ""bid"": 123.3, ""risk"": ""EXTREME"", ""action"": ""BREAK_EXIT"", ""support"": ""CONTRADICTED"", ""n_neg"": 5, ""data_unreliable"": false}, {""minute"": ""15:08"", ""mid"": 122.44999999999999, ""bid"": 122.35, ""risk"": ""EXTREME"", ""action"": ""BREAK_EXIT"", ""support"": ""CONTRADICTED"", ""n_neg"": 6, ""data_unreliable"": false}, {""minute"": ""15:09"", ""mid"": 124.25, ""bid"": 124.1, ""risk"": ""NORMAL"", ""action"": ""HOLD"", ""support"": ""NORMAL"", ""n_neg"": 0, ""data_unreliable"": false}, {""minute"": ""15:10"", ""mid"": 123.85, ""bid"": 123.75, ""risk"": ""ELEVATED"", ""action"": ""CAUTION"", ""support"": ""NORMAL"", ""n_neg"": 1, ""data_unreliable"": false}, {""minute"": ""15:11"", ""mid"": 124.525, ""bid"": 124.5, ""risk"": ""NORMAL"", ""action"": ""HOLD"", ""support"": ""NORMAL"", ""n_neg"": 0, ""data_unreliable"": false}, {""minute"": ""15:12"", ""mid"": 125.025, ""bid"": 124.85, ""risk"": ""NORMAL"", ""action"": ""HOLD"", ""support"": ""NORMAL"", ""n_neg"": 0, ""data_unreliable"": false}, {""minute"": ""15:13"", ""mid"": 125.275, ""bid"": 125.15, ""risk"": ""NORMAL"", ""action"": ""HOLD"", ""support"": ""NORMAL"", ""n_neg"": 0, ""data_unreliable"": false}, {""minute"": ""15:14"", ""mid"": 126.225, ""bid"": 126.1, ""risk"": ""NORMAL"", ""action"": ""HOLD"", ""support"": ""NORMAL"", ""n_neg"": 0, ""data_unreliable"": false}, {""minute"": ""15:15"", ""mid"": 122.625, ""bid"": 122.6, ""risk"": ""EXTREME"", ""action"": ""BREAK_EXIT"", ""support"": ""CONTRADICTED"", ""n_neg"": 6, ""data_unreliable"": false}, {""minute"": ""15:16"", ""mid"": 122.775, ""bid"": 122.75, ""risk"": ""HIGH"", ""action"": ""PREPARE_EXIT"", ""support"": ""CONTRADICTED"", ""n_neg"": 4, ""data_unreliable"": false}, {""minute"": ""15:17"", ""mid"": 124.19999999999999, ""bid"": 124.1, ""risk"": ""NORMAL"", ""action"": ""HOLD"", ""support"": ""NORMAL"", ""n_neg"": 1, ""data_unreliable"": false}, {""minute"": ""15:18"", ""mid"": 124.975, ""bid"": 124.95, ""risk"": ""NORMAL"", ""action"": ""HOLD"", ""support"": ""STRONG"", ""n_neg"": 0, ""data_unreliable"": false}, {""minute"": ""15:19"", ""mid"": 127.7, ""bid"": 127.65, ""risk"": ""NORMAL"", ""action"": ""HOLD"", ""support"": ""STRONG"", ""n_neg"": 0, ""data_unreliable"": false}]"
NIFTY,2026-08-19,11D_SHAPED_1500_1519,PE,24100.0,15:00,15:19,107.95,108.0,"[{""minute"": ""15:00"", ""mid"": 107.95, ""bid"": 107.9, ""risk"": ""EXTREME"", ""action"": ""BREAK_EXIT"", ""support"": ""CONTRADICTED"", ""n_neg"": 6, ""data_unreliable"": false}, {""minute"": ""15:01"", ""mid"": 105.525, ""bid"": 105.4, ""risk"": ""EXTREME"", ""action"": ""BREAK_EXIT"", ""support"": ""CONTRADICTED"", ""n_neg"": 7, ""data_unreliable"": false}, {""minute"": ""15:02"", ""mid"": 103.625, ""bid"": 103.5, ""risk"": ""EXTREME"", ""action"": ""BREAK_EXIT"", ""support"": ""CONTRADICTED"", ""n_neg"": 7, ""data_unreliable"": false}, {""minute"": ""15:03"", ""mid"": 102.4, ""bid"": 102.3, ""risk"": ""EXTREME"", ""action"": ""BREAK_EXIT"", ""support"": ""CONTRADICTED"", ""n_neg"": 6, ""data_unreliable"": false}, {""minute"": ""15:04"", ""mid"": 105.0, ""bid"": 104.85, ""risk"": ""NORMAL"", ""action"": ""HOLD"", ""support"": ""NORMAL"", ""n_neg"": 1, ""data_unreliable"": false}, {""minute"": ""15:05"", ""mid"": 106.075, ""bid"": 106.0, ""risk"": ""NORMAL"", ""action"": ""HOLD"", ""support"": ""NORMAL"", ""n_neg"": 1, ""data_unreliable"": false}, {""minute"": ""15:06"", ""mid"": 109.925, ""bid"": 109.75, ""risk"": ""NORMAL"", ""action"": ""HOLD"", ""support"": ""NORMAL"", ""n_neg"": 1, ""data_unreliable"": false}, {""minute"": ""15:07"", ""mid"": 110.85, ""bid"": 110.7, ""risk"": ""NORMAL"", ""action"": ""HOLD"", ""support"": ""NORMAL"", ""n_neg"": 1, ""data_unreliable"": false}, {""minute"": ""15:08"", ""mid"": 111.175, ""bid"": 111.05, ""risk"": ""NORMAL"", ""action"": ""HOLD"", ""support"": ""NORMAL"", ""n_neg"": 1, ""data_unreliable"": false}, {""minute"": ""15:09"", ""mid"": 109.45, ""bid"": 109.4, ""risk"": ""HIGH"", ""action"": ""PREPARE_EXIT"", ""support"": ""CONTRADICTED"", ""n_neg"": 4, ""data_unreliable"": false}, {""minute"": ""15:10"", ""mid"": 110.125, ""bid"": 110.0, ""risk"": ""HIGH"", ""action"": ""PREPARE_EXIT"", ""support"": ""CONTRADICTED"", ""n_neg"": 5, ""data_unreliable"": false}, {""minute"": ""15:11"", ""mid"": 110.15, ""bid"": 110.05, ""risk"": ""ELEVATED"", ""action"": ""CAUTION"", ""support"": ""WEAK"", ""n_neg"": 2, ""data_unreliable"": false}, {""minute"": ""15:12"", ""mid"": 110.55000000000001, ""bid"": 110.45, ""risk"": ""NORMAL"", ""action"": ""HOLD"", ""support"": ""NORMAL"", ""n_neg"": 1, ""data_unreliable"": false}, {""minute"": ""15:13"", ""mid"": 109.275, ""bid"": 109.15, ""risk"": ""EXTREME"", ""action"": ""BREAK_EXIT"", ""support"": ""CONTRADICTED"", ""n_neg"": 6, ""data_unreliable"": false}, {""minute"": ""15:14"", ""mid"": 108.6, ""bid"": 108.5, ""risk"": ""EXTREME"", ""action"": ""BREAK_EXIT"", ""support"": ""CONTRADICTED"", ""n_neg"": 5, ""data_unreliable"": false}, {""minute"": ""15:15"", ""mid"": 111.575, ""bid"": 111.5, ""risk"": ""LOW"", ""action"": ""HOLD"", ""support"": ""STRONG"", ""n_neg"": 0, ""data_unreliable"": false}, {""minute"": ""15:16"", ""mid"": 112.35, ""bid"": 112.25, ""risk"": ""NORMAL"", ""action"": ""HOLD"", ""support"": ""NORMAL"", ""n_neg"": 1, ""data_unreliable"": false}, {""minute"": ""15:17"", ""mid"": 110.80000000000001, ""bid"": 110.65, ""risk"": ""HIGH"", ""action"": ""PREPARE_EXIT"", ""support"": ""CONTRADICTED"", ""n_neg"": 4, ""data_unreliable"": false}, {""minute"": ""15:18"", ""mid"": 109.875, ""bid"": 109.8, ""risk"": ""EXTREME"", ""action"": ""BREAK_EXIT"", ""support"": ""CONTRADICTED"", ""n_neg"": 6, ""data_unreliable"": false}, {""minute"": ""15:19"", ""mid"": 106.75, ""bid"": 106.65, ""risk"": ""EXTREME"", ""action"": ""BREAK_EXIT"", ""support"": ""CONTRADICTED"", ""n_neg"": 7, ""data_unreliable"": false}]"
NIFTY,2026-08-19,CLOSING_1515_1529,CE,24100.0,15:15,15:29,122.625,122.65,"[{""minute"": ""15:15"", ""mid"": 122.625, ""bid"": 122.6, ""risk"": ""EXTREME"", ""action"": ""BREAK_EXIT"", ""support"": ""CONTRADICTED"", ""n_neg"": 6, ""data_unreliable"": false}, {""minute"": ""15:16"", ""mid"": 122.775, ""bid"": 122.75, ""risk"": ""HIGH"", ""action"": ""PREPARE_EXIT"", ""support"": ""CONTRADICTED"", ""n_neg"": 4, ""data_unreliable"": false}, {""minute"": ""15:17"", ""mid"": 124.19999999999999, ""bid"": 124.1, ""risk"": ""ELEVATED"", ""action"": ""CAUTION"", ""support"": ""NORMAL"", ""n_neg"": 2, ""data_unreliable"": false}, {""minute"": ""15:18"", ""mid"": 124.975, ""bid"": 124.95, ""risk"": ""NORMAL"", ""action"": ""HOLD"", ""support"": ""STRONG"", ""n_neg"": 0, ""data_unreliable"": false}, {""minute"": ""15:19"", ""mid"": 127.7, ""bid"": 127.65, ""risk"": ""NORMAL"", ""action"": ""HOLD"", ""support"": ""NORMAL"", ""n_neg"": 1, ""data_unreliable"": false}, {""minute"": ""15:20"", ""mid"": 127.975, ""bid"": 127.95, ""risk"": ""NORMAL"", ""action"": ""HOLD"", ""support"": ""STRONG"", ""n_neg"": 0, ""data_unreliable"": false}, {""minute"": ""15:21"", ""mid"": 127.75, ""bid"": 127.7, ""risk"": ""HIGH"", ""action"": ""PREPARE_EXIT"", ""support"": ""CONTRADICTED"", ""n_neg"": 3, ""data_unreliable"": false}, {""minute"": ""15:22"", ""mid"": 127.80000000000001, ""bid"": 127.65, ""risk"": ""NORMAL"", ""action"": ""HOLD"", ""support"": ""NORMAL"", ""n_neg"": 2, ""data_unreliable"": false}, {""minute"": ""15:23"", ""mid"": 128.425, ""bid"": 128.25, ""risk"": ""NORMAL"", ""action"": ""HOLD"", ""support"": ""NORMAL"", ""n_neg"": 1, ""data_unreliable"": false}, {""minute"": ""15:24"", ""mid"": 128.825, ""bid"": 128.75, ""risk"": ""NORMAL"", ""action"": ""HOLD"", ""support"": ""NORMAL"", ""n_neg"": 1, ""data_unreliable"": false}, {""minute"": ""15:25"", ""mid"": 127.875, ""bid"": 127.75, ""risk"": ""EXTREME"", ""action"": ""BREAK_EXIT"", ""support"": ""CONTRADICTED"", ""n_neg"": 5, ""data_unreliable"": false}, {""minute"": ""15:26"", ""mid"": 126.75, ""bid"": 126.55, ""risk"": ""EXTREME"", ""action"": ""BREAK_EXIT"", ""support"": ""CONTRADICTED"", ""n_neg"": 5, ""data_unreliable"": false}, {""minute"": ""15:27"", ""mid"": 127.19999999999999, ""bid"": 127.05, ""risk"": ""ELEVATED"", ""action"": ""CAUTION"", ""support"": ""WEAK"", ""n_neg"": 3, ""data_unreliable"": false}, {""minute"": ""15:28"", ""mid"": 128.95, ""bid"": 128.9, ""risk"": ""NORMAL"", ""action"": ""HOLD"", ""support"": ""NORMAL"", ""n_neg"": 1, ""data_unreliable"": false}, {""minute"": ""15:29"", ""mid"": 124.725, ""bid"": 124.6, ""risk"": ""EXTREME"", ""action"": ""BREAK_EXIT"", ""support"": ""CONTRADICTED"", ""n_neg"": 7, ""data_unreliable"": false}]"
NIFTY,2026-08-19,CLOSING_1515_1529,PE,24100.0,15:15,15:29,111.575,111.65,"[{""minute"": ""15:15"", ""mid"": 111.575, ""bid"": 111.5, ""risk"": ""LOW"", ""action"": ""HOLD"", ""support"": ""STRONG"", ""n_neg"": 0, ""data_unreliable"": false}, {""minute"": ""15:16"", ""mid"": 112.35, ""bid"": 112.25, ""risk"": ""NORMAL"", ""action"": ""HOLD"", ""support"": ""STRONG"", ""n_neg"": 0, ""data_unreliable"": false}, {""minute"": ""15:17"", ""mid"": 110.80000000000001, ""bid"": 110.65, ""risk"": ""HIGH"", ""action"": ""PREPARE_EXIT"", ""support"": ""CONTRADICTED"", ""n_neg"": 4, ""data_unreliable"": false}, {""minute"": ""15:18"", ""mid"": 109.875, ""bid"": 109.8, ""risk"": ""EXTREME"", ""action"": ""BREAK_EXIT"", ""support"": ""CONTRADICTED"", ""n_neg"": 6, ""data_unreliable"": false}, {""minute"": ""15:19"", ""mid"": 106.75, ""bid"": 106.65, ""risk"": ""EXTREME"", ""action"": ""BREAK_EXIT"", ""support"": ""CONTRADICTED"", ""n_neg"": 6, ""data_unreliable"": false}, {""minute"": ""15:20"", ""mid"": 106.80000000000001, ""bid"": 106.7, ""risk"": ""HIGH"", ""action"": ""PREPARE_EXIT"", ""support"": ""CONTRADICTED"", ""n_neg"": 4, ""data_unreliable"": false}, {""minute"": ""15:21"", ""mid"": 107.475, ""bid"": 107.4, ""risk"": ""ELEVATED"", ""action"": ""CAUTION"", ""support"": ""WEAK"", ""n_neg"": 2, ""data_unreliable"": false}, {""minute"": ""15:22"", ""mid"": 107.4, ""bid"": 107.3, ""risk"": ""ELEVATED"", ""action"": ""CAUTION"", ""support"": ""NORMAL"", ""n_neg"": 1, ""data_unreliable"": false}, {""minute"": ""15:23"", ""mid"": 107.175, ""bid"": 107.05, ""risk"": ""ELEVATED"", ""action"": ""CAUTION"", ""support"": ""WEAK"", ""n_neg"": 3, ""data_unreliable"": false}, {""minute"": ""15:24"", ""mid"": 107.375, ""bid"": 107.3, ""risk"": ""NORMAL"", ""action"": ""HOLD"", ""support"": ""NORMAL"", ""n_neg"": 0, ""data_unreliable"": false}, {""minute"": ""15:25"", ""mid"": 107.925, ""bid"": 107.85, ""risk"": ""NORMAL"", ""action"": ""HOLD"", ""support"": ""NORMAL"", ""n_neg"": 0, ""data_unreliable"": false}, {""minute"": ""15:26"", ""mid"": 107.725, ""bid"": 107.6, ""risk"": ""ELEVATED"", ""action"": ""CAUTION"", ""support"": ""NORMAL"", ""n_neg"": 2, ""data_unreliable"": false}, {""minute"": ""15:27"", ""mid"": 107.9, ""bid"": 107.75, ""risk"": ""NORMAL"", ""action"": ""HOLD"", ""support"": ""NORMAL"", ""n_neg"": 1, ""data_unreliable"": false}, {""minute"": ""15:28"", ""mid"": 104.65, ""bid"": 104.6, ""risk"": ""EXTREME"", ""action"": ""BREAK_EXIT"", ""support"": ""CONTRADICTED"", ""n_neg"": 7, ""data_unreliable"": false}, {""minute"": ""15:29"", ""mid"": 107.525, ""bid"": 107.45, ""risk"": ""NORMAL"", ""action"": ""HOLD"", ""support"": ""NORMAL"", ""n_neg"": 1, ""data_unreliable"": false}]"
SENSEX,2026-08-19,11D_SHAPED_1500_1519,CE,77000.0,15:00,15:19,205.725,205.95,"[{""minute"": ""15:00"", ""mid"": 205.725, ""bid"": 205.5, ""risk"": ""LOW"", ""action"": ""HOLD"", ""support"": ""STRONG"", ""n_neg"": 0, ""data_unreliable"": false}, {""minute"": ""15:01"", ""mid"": 204.5, ""bid"": 204.25, ""risk"": ""ELEVATED"", ""action"": ""CAUTION"", ""support"": ""NORMAL"", ""n_neg"": 1, ""data_unreliable"": false}, {""minute"": ""15:02"", ""mid"": 213.95, ""bid"": 213.9, ""risk"": ""LOW"", ""action"": ""HOLD"", ""support"": ""STRONG"", ""n_neg"": 0, ""data_unreliable"": false}, {""minute"": ""15:03"", ""mid"": 214.0, ""bid"": 213.7, ""risk"": ""LOW"", ""action"": ""HOLD"", ""support"": ""STRONG"", ""n_neg"": 0, ""data_unreliable"": false}, {""minute"": ""15:04"", ""mid"": 206.45, ""bid"": 206.2, ""risk"": ""HIGH"", ""action"": ""PREPARE_EXIT"", ""support"": ""CONTRADICTED"", ""n_neg"": 5, ""data_unreliable"": false}, {""minute"": ""15:05"", ""mid"": 197.8, ""bid"": 197.55, ""risk"": ""EXTREME"", ""action"": ""BREAK_EXIT"", ""support"": ""CONTRADICTED"", ""n_neg"": 7, ""data_unreliable"": false}, {""minute"": ""15:06"", ""mid"": 185.425, ""bid"": 185.15, ""risk"": ""EXTREME"", ""action"": ""BREAK_EXIT"", ""support"": ""CONTRADICTED"", ""n_neg"": 7, ""data_unreliable"": false}, {""minute"": ""15:07"", ""mid"": 189.575, ""bid"": 189.3, ""risk"": ""EXTREME"", ""action"": ""BREAK_EXIT"", ""support"": ""CONTRADICTED"", ""n_neg"": 5, ""data_unreliable"": false}, {""minute"": ""15:08"", ""mid"": 192.64999999999998, ""bid"": 192.45, ""risk"": ""NORMAL"", ""action"": ""HOLD"", ""support"": ""NORMAL"", ""n_neg"": 1, ""data_unreliable"": false}, {""minute"": ""15:09"", ""mid"": 199.525, ""bid"": 199.25, ""risk"": ""LOW"", ""action"": ""HOLD"", ""support"": ""STRONG"", ""n_neg"": 0, ""data_unreliable"": false}, {""minute"": ""15:10"", ""mid"": 195.925, ""bid"": 195.85, ""risk"": ""ELEVATED"", ""action"": ""CAUTION"", ""support"": ""NORMAL"", ""n_neg"": 2, ""data_unreliable"": false}, {""minute"": ""15:11"", ""mid"": 197.0, ""bid"": 196.8, ""risk"": ""HIGH"", ""action"": ""PREPARE_EXIT"", ""support"": ""CONTRADICTED"", ""n_neg"": 4, ""data_unreliable"": false}, {""minute"": ""15:12"", ""mid"": 199.375, ""bid"": 199.1, ""risk"": ""LOW"", ""action"": ""HOLD"", ""support"": ""STRONG"", ""n_neg"": 0, ""data_unreliable"": false}, {""minute"": ""15:13"", ""mid"": 200.925, ""bid"": 200.65, ""risk"": ""LOW"", ""action"": ""HOLD"", ""support"": ""STRONG"", ""n_neg"": 0, ""data_unreliable"": false}, {""minute"": ""15:14"", ""mid"": 204.825, ""bid"": 204.55, ""risk"": ""LOW"", ""action"": ""HOLD"", ""support"": ""STRONG"", ""n_neg"": 0, ""data_unreliable"": false}, {""minute"": ""15:15"", ""mid"": 189.925, ""bid"": 189.75, ""risk"": ""EXTREME"", ""action"": ""BREAK_EXIT"", ""support"": ""CONTRADICTED"", ""n_neg"": 9, ""data_unreliable"": false}, {""minute"": ""15:16"", ""mid"": 189.77499999999998, ""bid"": 189.6, ""risk"": ""EXTREME"", ""action"": ""BREAK_EXIT"", ""support"": ""CONTRADICTED"", ""n_neg"": 7, ""data_unreliable"": false}, {""minute"": ""15:17"", ""mid"": 195.8, ""bid"": 195.55, ""risk"": ""NORMAL"", ""action"": ""HOLD"", ""support"": ""NORMAL"", ""n_neg"": 1, ""data_unreliable"": false}, {""minute"": ""15:18"", ""mid"": 196.125, ""bid"": 195.9, ""risk"": ""NORMAL"", ""action"": ""HOLD"", ""support"": ""STRONG"", ""n_neg"": 0, ""data_unreliable"": false}, {""minute"": ""15:19"", ""mid"": 203.225, ""bid"": 202.95, ""risk"": ""NORMAL"", ""action"": ""HOLD"", ""support"": ""STRONG"", ""n_neg"": 0, ""data_unreliable"": false}]"
SENSEX,2026-08-19,11D_SHAPED_1500_1519,PE,77000.0,15:00,15:19,180.575,180.8,"[{""minute"": ""15:00"", ""mid"": 180.575, ""bid"": 180.35, ""risk"": ""HIGH"", ""action"": ""PREPARE_EXIT"", ""support"": ""CONTRADICTED"", ""n_neg"": 5, ""data_unreliable"": false}, {""minute"": ""15:01"", ""mid"": 181.2, ""bid"": 180.95, ""risk"": ""EXTREME"", ""action"": ""BREAK_EXIT"", ""support"": ""CONTRADICTED"", ""n_neg"": 5, ""data_unreliable"": false}, {""minute"": ""15:02"", ""mid"": 175.52499999999998, ""bid"": 175.35, ""risk"": ""EXTREME"", ""action"": ""BREAK_EXIT"", ""support"": ""CONTRADICTED"", ""n_neg"": 6, ""data_unreliable"": false}, {""minute"": ""15:03"", ""mid"": 170.775, ""bid"": 170.55, ""risk"": ""EXTREME"", ""action"": ""BREAK_EXIT"", ""support"": ""CONTRADICTED"", ""n_neg"": 6, ""data_unreliable"": false}, {""minute"": ""15:04"", ""mid"": 178.05, ""bid"": 177.85, ""risk"": ""NORMAL"", ""action"": ""HOLD"", ""support"": ""NORMAL"", ""n_neg"": 1, ""data_unreliable"": false}, {""minute"": ""15:05"", ""mid"": 184.75, ""bid"": 184.5, ""risk"": ""LOW"", ""action"": ""HOLD"", ""support"": ""STRONG"", ""n_neg"": 0, ""data_unreliable"": false}, {""minute"": ""15:06"", ""mid"": 193.925, ""bid"": 193.65, ""risk"": ""LOW"", ""action"": ""HOLD"", ""support"": ""STRONG"", ""n_neg"": 0, ""data_unreliable"": false}, {""minute"": ""15:07"", ""mid"": 193.125, ""bid"": 192.85, ""risk"": ""ELEVATED"", ""action"": ""CAUTION"", ""support"": ""NORMAL"", ""n_neg"": 1, ""data_unreliable"": false}, {""minute"": ""15:08"", ""mid"": 190.1, ""bid"": 189.85, ""risk"": ""EXTREME"", ""action"": ""BREAK_EXIT"", ""support"": ""CONTRADICTED"", ""n_neg"": 6, ""data_unreliable"": false}, {""minute"": ""15:09"", ""mid"": 182.10000000000002, ""bid"": 181.9, ""risk"": ""EXTREME"", ""action"": ""BREAK_EXIT"", ""support"": ""CONTRADICTED"", ""n_neg"": 6, ""data_unreliable"": false}, {""minute"": ""15:10"", ""mid"": 192.425, ""bid"": 192.2, ""risk"": ""ELEVATED"", ""action"": ""CAUTION"", ""support"": ""NORMAL"", ""n_neg"": 1, ""data_unreliable"": false}, {""minute"": ""15:11"", ""mid"": 196.075, ""bid"": 195.85, ""risk"": ""LOW"", ""action"": ""HOLD"", ""support"": ""STRONG"", ""n_neg"": 0, ""data_unreliable"": false}, {""minute"": ""15:12"", ""mid"": 189.975, ""bid"": 189.7, ""risk"": ""HIGH"", ""action"": ""PREPARE_EXIT"", ""support"": ""CONTRADICTED"", ""n_neg"": 5, ""data_unreliable"": false}, {""minute"": ""15:13"", ""mid"": 187.85000000000002, ""bid"": 187.65, ""risk"": ""EXTREME"", ""action"": ""BREAK_EXIT"", ""support"": ""CONTRADICTED"", ""n_neg"": 5, ""data_unreliable"": false}, {""minute"": ""15:14"", ""mid"": 182.525, ""bid"": 182.3, ""risk"": ""EXTREME"", ""action"": ""BREAK_EXIT"", ""support"": ""CONTRADICTED"", ""n_neg"": 7, ""data_unreliable"": false}, {""minute"": ""15:15"", ""mid"": 196.625, ""bid"": 196.35, ""risk"": ""LOW"", ""action"": ""HOLD"", ""support"": ""STRONG"", ""n_neg"": 0, ""data_unreliable"": false}, {""minute"": ""15:16"", ""mid"": 195.55, ""bid"": 195.3, ""risk"": ""ELEVATED"", ""action"": ""CAUTION"", ""support"": ""NORMAL"", ""n_neg"": 1, ""data_unreliable"": false}, {""minute"": ""15:17"", ""mid"": 189.025, ""bid"": 188.75, ""risk"": ""EXTREME"", ""action"": ""BREAK_EXIT"", ""support"": ""CONTRADICTED"", ""n_neg"": 6, ""data_unreliable"": false}, {""minute"": ""15:18"", ""mid"": 187.85, ""bid"": 187.7, ""risk"": ""EXTREME"", ""action"": ""BREAK_EXIT"", ""support"": ""CONTRADICTED"", ""n_neg"": 6, ""data_unreliable"": false}, {""minute"": ""15:19"", ""mid"": 184.3, ""bid"": 184.1, ""risk"": ""HIGH"", ""action"": ""PREPARE_EXIT"", ""support"": ""CONTRADICTED"", ""n_neg"": 5, ""data_unreliable"": false}]"
SENSEX,2026-08-19,CLOSING_1515_1529,CE,77000.0,15:15,15:29,189.925,190.1,"[{""minute"": ""15:15"", ""mid"": 189.925, ""bid"": 189.75, ""risk"": ""EXTREME"", ""action"": ""BREAK_EXIT"", ""support"": ""CONTRADICTED"", ""n_neg"": 9, ""data_unreliable"": false}, {""minute"": ""15:16"", ""mid"": 189.77499999999998, ""bid"": 189.6, ""risk"": ""EXTREME"", ""action"": ""BREAK_EXIT"", ""support"": ""CONTRADICTED"", ""n_neg"": 7, ""data_unreliable"": false}, {""minute"": ""15:17"", ""mid"": 195.8, ""bid"": 195.55, ""risk"": ""NORMAL"", ""action"": ""HOLD"", ""support"": ""NORMAL"", ""n_neg"": 1, ""data_unreliable"": false}, {""minute"": ""15:18"", ""mid"": 196.125, ""bid"": 195.9, ""risk"": ""NORMAL"", ""action"": ""HOLD"", ""support"": ""STRONG"", ""n_neg"": 0, ""data_unreliable"": false}, {""minute"": ""15:19"", ""mid"": 203.225, ""bid"": 202.95, ""risk"": ""NORMAL"", ""action"": ""HOLD"", ""support"": ""STRONG"", ""n_neg"": 0, ""data_unreliable"": false}, {""minute"": ""15:20"", ""mid"": 203.8, ""bid"": 203.6, ""risk"": ""NORMAL"", ""action"": ""HOLD"", ""support"": ""STRONG"", ""n_neg"": 0, ""data_unreliable"": false}, {""minute"": ""15:21"", ""mid"": 204.675, ""bid"": 204.4, ""risk"": ""NORMAL"", ""action"": ""HOLD"", ""support"": ""NORMAL"", ""n_neg"": 0, ""data_unreliable"": false}, {""minute"": ""15:22"", ""mid"": 202.125, ""bid"": 201.85, ""risk"": ""HIGH"", ""action"": ""PREPARE_EXIT"", ""support"": ""CONTRADICTED"", ""n_neg"": 3, ""data_unreliable"": false}, {""minute"": ""15:23"", ""mid"": 196.8, ""bid"": 196.5, ""risk"": ""EXTREME"", ""action"": ""BREAK_EXIT"", ""support"": ""CONTRADICTED"", ""n_neg"": 8, ""data_unreliable"": false}, {""minute"": ""15:24"", ""mid"": 201.8, ""bid"": 201.6, ""risk"": ""ELEVATED"", ""action"": ""CAUTION"", ""support"": ""WEAK"", ""n_neg"": 4, ""data_unreliable"": false}, {""minute"": ""15:25"", ""mid"": 197.25, ""bid"": 197.0, ""risk"": ""ELEVATED"", ""action"": ""CAUTION"", ""support"": ""NORMAL"", ""n_neg"": 2, ""data_unreliable"": false}, {""minute"": ""15:26"", ""mid"": 195.45, ""bid"": 195.25, ""risk"": ""EXTREME"", ""action"": ""BREAK_EXIT"", ""support"": ""CONTRADICTED"", ""n_neg"": 4, ""data_unreliable"": false}, {""minute"": ""15:27"", ""mid"": 201.85000000000002, ""bid"": 201.55, ""risk"": ""NORMAL"", ""action"": ""HOLD"", ""support"": ""NORMAL"", ""n_neg"": 1, ""data_unreliable"": false}, {""minute"": ""15:28"", ""mid"": 204.7, ""bid"": 204.45, ""risk"": ""NORMAL"", ""action"": ""HOLD"", ""support"": ""STRONG"", ""n_neg"": 0, ""data_unreliable"": false}, {""minute"": ""15:29"", ""mid"": 196.675, ""bid"": 196.45, ""risk"": ""EXTREME"", ""action"": ""BREAK_EXIT"", ""support"": ""CONTRADICTED"", ""n_neg"": 5, ""data_unreliable"": false}]"
SENSEX,2026-08-19,CLOSING_1515_1529,PE,77000.0,15:15,15:29,196.625,196.9,"[{""minute"": ""15:15"", ""mid"": 196.625, ""bid"": 196.35, ""risk"": ""LOW"", ""action"": ""HOLD"", ""support"": ""STRONG"", ""n_neg"": 0, ""data_unreliable"": false}, {""minute"": ""15:16"", ""mid"": 195.55, ""bid"": 195.3, ""risk"": ""ELEVATED"", ""action"": ""CAUTION"", ""support"": ""NORMAL"", ""n_neg"": 1, ""data_unreliable"": false}, {""minute"": ""15:17"", ""mid"": 189.025, ""bid"": 188.75, ""risk"": ""EXTREME"", ""action"": ""BREAK_EXIT"", ""support"": ""CONTRADICTED"", ""n_neg"": 6, ""data_unreliable"": false}, {""minute"": ""15:18"", ""mid"": 187.85, ""bid"": 187.7, ""risk"": ""EXTREME"", ""action"": ""BREAK_EXIT"", ""support"": ""CONTRADICTED"", ""n_neg"": 6, ""data_unreliable"": false}, {""minute"": ""15:19"", ""mid"": 184.3, ""bid"": 184.1, ""risk"": ""HIGH"", ""action"": ""PREPARE_EXIT"", ""support"": ""CONTRADICTED"", ""n_neg"": 5, ""data_unreliable"": false}, {""minute"": ""15:20"", ""mid"": 184.0, ""bid"": 183.75, ""risk"": ""HIGH"", ""action"": ""PREPARE_EXIT"", ""support"": ""CONTRADICTED"", ""n_neg"": 4, ""data_unreliable"": false}, {""minute"": ""15:21"", ""mid"": 184.55, ""bid"": 184.3, ""risk"": ""ELEVATED"", ""action"": ""CAUTION"", ""support"": ""WEAK"", ""n_neg"": 2, ""data_unreliable"": false}, {""minute"": ""15:22"", ""mid"": 185.0, ""bid"": 184.85, ""risk"": ""NORMAL"", ""action"": ""HOLD"", ""support"": ""NORMAL"", ""n_neg"": 0, ""data_unreliable"": false}, {""minute"": ""15:23"", ""mid"": 188.10000000000002, ""bid"": 187.9, ""risk"": ""NORMAL"", ""action"": ""HOLD"", ""support"": ""STRONG"", ""n_neg"": 0, ""data_unreliable"": false}, {""minute"": ""15:24"", ""mid"": 181.4, ""bid"": 181.25, ""risk"": ""EXTREME"", ""action"": ""BREAK_EXIT"", ""support"": ""CONTRADICTED"", ""n_neg"": 5, ""data_unreliable"": false}, {""minute"": ""15:25"", ""mid"": 183.7, ""bid"": 183.45, ""risk"": ""EXTREME"", ""action"": ""BREAK_EXIT"", ""support"": ""CONTRADICTED"", ""n_neg"": 5, ""data_unreliable"": false}, {""minute"": ""15:26"", ""mid"": 180.10000000000002, ""bid"": 179.8, ""risk"": ""HIGH"", ""action"": ""PREPARE_EXIT"", ""support"": ""CONTRADICTED"", ""n_neg"": 3, ""data_unreliable"": false}, {""minute"": ""15:27"", ""mid"": 181.3, ""bid"": 181.1, ""risk"": ""HIGH"", ""action"": ""PREPARE_EXIT"", ""support"": ""CONTRADICTED"", ""n_neg"": 4, ""data_unreliable"": false}, {""minute"": ""15:28"", ""mid"": 176.125, ""bid"": 175.9, ""risk"": ""EXTREME"", ""action"": ""BREAK_EXIT"", ""support"": ""CONTRADICTED"", ""n_neg"": 6, ""data_unreliable"": false}, {""minute"": ""15:29"", ""mid"": 179.55, ""bid"": 179.35, ""risk"": ""NORMAL"", ""action"": ""HOLD"", ""support"": ""NORMAL"", ""n_neg"": 1, ""data_unreliable"": false}]"
NIFTY,2026-08-20,11D_SHAPED_1500_1519,CE,24300.0,15:00,15:19,99.125,99.25,"[{""minute"": ""15:00"", ""mid"": 99.125, ""bid"": 99.0, ""risk"": ""HIGH"", ""action"": ""PREPARE_EXIT"", ""support"": ""CONTRADICTED"", ""n_neg"": 4, ""data_unreliable"": false}, {""minute"": ""15:01"", ""mid"": 95.575, ""bid"": 95.45, ""risk"": ""EXTREME"", ""action"": ""BREAK_EXIT"", ""support"": ""CONTRADICTED"", ""n_neg"": 7, ""data_unreliable"": false}, {""minute"": ""15:02"", ""mid"": 96.775, ""bid"": 96.7, ""risk"": ""EXTREME"", ""action"": ""BREAK_EXIT"", ""support"": ""CONTRADICTED"", ""n_neg"": 5, ""data_unreliable"": false}, {""minute"": ""15:03"", ""mid"": 95.475, ""bid"": 95.4, ""risk"": ""HIGH"", ""action"": ""PREPARE_EXIT"", ""support"": ""CONTRADICTED"", ""n_neg"": 4, ""data_unreliable"": false}, {""minute"": ""15:04"", ""mid"": 96.9, ""bid"": 96.8, ""risk"": ""NORMAL"", ""action"": ""HOLD"", ""support"": ""NORMAL"", ""n_neg"": 0, ""data_unreliable"": false}, {""minute"": ""15:05"", ""mid"": 95.32499999999999, ""bid"": 95.3, ""risk"": ""EXTREME"", ""action"": ""BREAK_EXIT"", ""support"": ""CONTRADICTED"", ""n_neg"": 4, ""data_unreliable"": false}, {""minute"": ""15:06"", ""mid"": 94.175, ""bid"": 94.05, ""risk"": ""EXTREME"", ""action"": ""BREAK_EXIT"", ""support"": ""CONTRADICTED"", ""n_neg"": 6, ""data_unreliable"": false}, {""minute"": ""15:07"", ""mid"": 93.175, ""bid"": 93.05, ""risk"": ""EXTREME"", ""action"": ""BREAK_EXIT"", ""support"": ""CONTRADICTED"", ""n_neg"": 5, ""data_unreliable"": false}, {""minute"": ""15:08"", ""mid"": 93.25, ""bid"": 93.2, ""risk"": ""HIGH"", ""action"": ""PREPARE_EXIT"", ""support"": ""CONTRADICTED"", ""n_neg"": 3, ""data_unreliable"": false}, {""minute"": ""15:09"", ""mid"": 92.575, ""bid"": 92.5, ""risk"": ""EXTREME"", ""action"": ""BREAK_EXIT"", ""support"": ""CONTRADICTED"", ""n_neg"": 4, ""data_unreliable"": false}, {""minute"": ""15:10"", ""mid"": 91.6, ""bid"": 91.5, ""risk"": ""HIGH"", ""action"": ""PREPARE_EXIT"", ""support"": ""CONTRADICTED"", ""n_neg"": 5, ""data_unreliable"": false}, {""minute"": ""15:11"", ""mid"": 89.675, ""bid"": 89.6, ""risk"": ""EXTREME"", ""action"": ""BREAK_EXIT"", ""support"": ""CONTRADICTED"", ""n_neg"": 7, ""data_unreliable"": false}, {""minute"": ""15:12"", ""mid"": 92.15, ""bid"": 92.05, ""risk"": ""NORMAL"", ""action"": ""HOLD"", ""support"": ""NORMAL"", ""n_neg"": 0, ""data_unreliable"": false}, {""minute"": ""15:13"", ""mid"": 93.325, ""bid"": 93.2, ""risk"": ""LOW"", ""action"": ""HOLD"", ""support"": ""STRONG"", ""n_neg"": 0, ""data_unreliable"": false}, {""minute"": ""15:14"", ""mid"": 92.85, ""bid"": 92.75, ""risk"": ""ELEVATED"", ""action"": ""CAUTION"", ""support"": ""NORMAL"", ""n_neg"": 1, ""data_unreliable"": false}, {""minute"": ""15:15"", ""mid"": 94.125, ""bid"": 94.0, ""risk"": ""ELEVATED"", ""action"": ""CAUTION"", ""support"": ""NORMAL"", ""n_neg"": 1, ""data_unreliable"": false}, {""minute"": ""15:16"", ""mid"": 95.475, ""bid"": 95.45, ""risk"": ""NORMAL"", ""action"": ""HOLD"", ""support"": ""STRONG"", ""n_neg"": 0, ""data_unreliable"": false}, {""minute"": ""15:17"", ""mid"": 94.35, ""bid"": 94.25, ""risk"": ""ELEVATED"", ""action"": ""CAUTION"", ""support"": ""NORMAL"", ""n_neg"": 1, ""data_unreliable"": false}, {""minute"": ""15:18"", ""mid"": 93.6, ""bid"": 93.55, ""risk"": ""EXTREME"", ""action"": ""BREAK_EXIT"", ""support"": ""CONTRADICTED"", ""n_neg"": 6, ""data_unreliable"": false}, {""minute"": ""15:19"", ""mid"": 92.4, ""bid"": 92.35, ""risk"": ""EXTREME"", ""action"": ""BREAK_EXIT"", ""support"": ""CONTRADICTED"", ""n_neg"": 6, ""data_unreliable"": false}]"
NIFTY,2026-08-20,11D_SHAPED_1500_1519,PE,24300.0,15:00,15:19,88.85,88.95,"[{""minute"": ""15:00"", ""mid"": 88.85, ""bid"": 88.75, ""risk"": ""NORMAL"", ""action"": ""HOLD"", ""support"": ""NORMAL"", ""n_neg"": 1, ""data_unreliable"": false}, {""minute"": ""15:01"", ""mid"": 91.575, ""bid"": 91.45, ""risk"": ""LOW"", ""action"": ""HOLD"", ""support"": ""STRONG"", ""n_neg"": 0, ""data_unreliable"": false}, {""minute"": ""15:02"", ""mid"": 90.825, ""bid"": 90.7, ""risk"": ""ELEVATED"", ""action"": ""CAUTION"", ""support"": ""NORMAL"", ""n_neg"": 1, ""data_unreliable"": false}, {""minute"": ""15:03"", ""mid"": 91.85, ""bid"": 91.8, ""risk"": ""NORMAL"", ""action"": ""HOLD"", ""support"": ""NORMAL"", ""n_neg"": 0, ""data_unreliable"": false}, {""minute"": ""15:04"", ""mid"": 91.125, ""bid"": 91.05, ""risk"": ""ELEVATED"", ""action"": ""CAUTION"", ""support"": ""WEAK"", ""n_neg"": 1, ""data_unreliable"": false}, {""minute"": ""15:05"", ""mid"": 92.75, ""bid"": 92.7, ""risk"": ""NORMAL"", ""action"": ""HOLD"", ""support"": ""NORMAL"", ""n_neg"": 0, ""data_unreliable"": false}, {""minute"": ""15:06"", ""mid"": 93.19999999999999, ""bid"": 93.1, ""risk"": ""LOW"", ""action"": ""HOLD"", ""support"": ""STRONG"", ""n_neg"": 0, ""data_unreliable"": false}, {""minute"": ""15:07"", ""mid"": 93.725, ""bid"": 93.7, ""risk"": ""LOW"", ""action"": ""HOLD"", ""support"": ""STRONG"", ""n_neg"": 0, ""data_unreliable"": false}, {""minute"": ""15:08"", ""mid"": 93.475, ""bid"": 93.35, ""risk"": ""ELEVATED"", ""action"": ""CAUTION"", ""support"": ""NORMAL"", ""n_neg"": 1, ""data_unreliable"": false}, {""minute"": ""15:09"", ""mid"": 94.375, ""bid"": 94.25, ""risk"": ""NORMAL"", ""action"": ""HOLD"", ""support"": ""NORMAL"", ""n_neg"": 0, ""data_unreliable"": false}, {""minute"": ""15:10"", ""mid"": 95.6, ""bid"": 95.5, ""risk"": ""LOW"", ""action"": ""HOLD"", ""support"": ""STRONG"", ""n_neg"": 0, ""data_unreliable"": false}, {""minute"": ""15:11"", ""mid"": 96.625, ""bid"": 96.5, ""risk"": ""LOW"", ""action"": ""HOLD"", ""support"": ""STRONG"", ""n_neg"": 0, ""data_unreliable"": false}, {""minute"": ""15:12"", ""mid"": 93.025, ""bid"": 92.95, ""risk"": ""EXTREME"", ""action"": ""BREAK_EXIT"", ""support"": ""CONTRADICTED"", ""n_neg"": 6, ""data_unreliable"": false}, {""minute"": ""15:13"", ""mid"": 90.825, ""bid"": 90.7, ""risk"": ""EXTREME"", ""action"": ""BREAK_EXIT"", ""support"": ""CONTRADICTED"", ""n_neg"": 6, ""data_unreliable"": false}, {""minute"": ""15:14"", ""mid"": 92.975, ""bid"": 92.95, ""risk"": ""ELEVATED"", ""action"": ""CAUTION"", ""support"": ""WEAK"", ""n_neg"": 2, ""data_unreliable"": false}, {""minute"": ""15:15"", ""mid"": 92.225, ""bid"": 92.1, ""risk"": ""ELEVATED"", ""action"": ""CAUTION"", ""support"": ""WEAK"", ""n_neg"": 2, ""data_unreliable"": false}, {""minute"": ""15:16"", ""mid"": 92.1, ""bid"": 92.05, ""risk"": ""ELEVATED"", ""action"": ""CAUTION"", ""support"": ""NORMAL"", ""n_neg"": 2, ""data_unreliable"": false}, {""minute"": ""15:17"", ""mid"": 92.95, ""bid"": 92.9, ""risk"": ""NORMAL"", ""action"": ""HOLD"", ""support"": ""NORMAL"", ""n_neg"": 0, ""data_unreliable"": false}, {""minute"": ""15:18"", ""mid"": 93.625, ""bid"": 93.55, ""risk"": ""NORMAL"", ""action"": ""HOLD"", ""support"": ""STRONG"", ""n_neg"": 0, ""data_unreliable"": false}, {""minute"": ""15:19"", ""mid"": 94.175, ""bid"": 94.1, ""risk"": ""NORMAL"", ""action"": ""HOLD"", ""support"": ""STRONG"", ""n_neg"": 0, ""data_unreliable"": false}]"
NIFTY,2026-08-20,CLOSING_1515_1529,CE,24300.0,15:15,15:29,94.125,94.25,"[{""minute"": ""15:15"", ""mid"": 94.125, ""bid"": 94.0, ""risk"": ""ELEVATED"", ""action"": ""CAUTION"", ""support"": ""NORMAL"", ""n_neg"": 1, ""data_unreliable"": false}, {""minute"": ""15:16"", ""mid"": 95.475, ""bid"": 95.45, ""risk"": ""NORMAL"", ""action"": ""HOLD"", ""support"": ""STRONG"", ""n_neg"": 0, ""data_unreliable"": false}, {""minute"": ""15:17"", ""mid"": 94.35, ""bid"": 94.25, ""risk"": ""ELEVATED"", ""action"": ""CAUTION"", ""support"": ""NORMAL"", ""n_neg"": 1, ""data_unreliable"": false}, {""minute"": ""15:18"", ""mid"": 93.6, ""bid"": 93.55, ""risk"": ""EXTREME"", ""action"": ""BREAK_EXIT"", ""support"": ""CONTRADICTED"", ""n_neg"": 6, ""data_unreliable"": false}, {""minute"": ""15:19"", ""mid"": 92.4, ""bid"": 92.35, ""risk"": ""EXTREME"", ""action"": ""BREAK_EXIT"", ""support"": ""CONTRADICTED"", ""n_neg"": 6, ""data_unreliable"": false}, {""minute"": ""15:20"", ""mid"": 90.15, ""bid"": 90.1, ""risk"": ""EXTREME"", ""action"": ""BREAK_EXIT"", ""support"": ""CONTRADICTED"", ""n_neg"": 8, ""data_unreliable"": false}, {""minute"": ""15:21"", ""mid"": 88.19999999999999, ""bid"": 88.1, ""risk"": ""EXTREME"", ""action"": ""BREAK_EXIT"", ""support"": ""CONTRADICTED"", ""n_neg"": 7, ""data_unreliable"": false}, {""minute"": ""15:22"", ""mid"": 88.4, ""bid"": 88.3, ""risk"": ""EXTREME"", ""action"": ""BREAK_EXIT"", ""support"": ""CONTRADICTED"", ""n_neg"": 5, ""data_unreliable"": false}, {""minute"": ""15:23"", ""mid"": 87.575, ""bid"": 87.5, ""risk"": ""HIGH"", ""action"": ""PREPARE_EXIT"", ""support"": ""CONTRADICTED"", ""n_neg"": 4, ""data_unreliable"": false}, {""minute"": ""15:24"", ""mid"": 89.075, ""bid"": 88.95, ""risk"": ""NORMAL"", ""action"": ""HOLD"", ""support"": ""NORMAL"", ""n_neg"": 0, ""data_unreliable"": false}, {""minute"": ""15:25"", ""mid"": 88.80000000000001, ""bid"": 88.7, ""risk"": ""ELEVATED"", ""action"": ""CAUTION"", ""support"": ""NORMAL"", ""n_neg"": 1, ""data_unreliable"": false}, {""minute"": ""15:26"", ""mid"": 88.525, ""bid"": 88.5, ""risk"": ""ELEVATED"", ""action"": ""CAUTION"", ""support"": ""WEAK"", ""n_neg"": 2, ""data_unreliable"": false}, {""minute"": ""15:27"", ""mid"": 88.525, ""bid"": 88.4, ""risk"": ""ELEVATED"", ""action"": ""CAUTION"", ""support"": ""WEAK"", ""n_neg"": 2, ""data_unreliable"": false}, {""minute"": ""15:28"", ""mid"": 88.65, ""bid"": 88.55, ""risk"": ""NORMAL"", ""action"": ""HOLD"", ""support"": ""NORMAL"", ""n_neg"": 0, ""data_unreliable"": false}, {""minute"": ""15:29"", ""mid"": 89.625, ""bid"": 89.5, ""risk"": ""NORMAL"", ""action"": ""HOLD"", ""support"": ""STRONG"", ""n_neg"": 0, ""data_unreliable"": false}]"
NIFTY,2026-08-20,CLOSING_1515_1529,PE,24300.0,15:15,15:29,92.225,92.35,"[{""minute"": ""15:15"", ""mid"": 92.225, ""bid"": 92.1, ""risk"": ""ELEVATED"", ""action"": ""CAUTION"", ""support"": ""WEAK"", ""n_neg"": 2, ""data_unreliable"": false}, {""minute"": ""15:16"", ""mid"": 92.1, ""bid"": 92.05, ""risk"": ""ELEVATED"", ""action"": ""CAUTION"", ""support"": ""NORMAL"", ""n_neg"": 2, ""data_unreliable"": false}, {""minute"": ""15:17"", ""mid"": 92.95, ""bid"": 92.9, ""risk"": ""NORMAL"", ""action"": ""HOLD"", ""support"": ""NORMAL"", ""n_neg"": 0, ""data_unreliable"": false}, {""minute"": ""15:18"", ""mid"": 93.625, ""bid"": 93.55, ""risk"": ""NORMAL"", ""action"": ""HOLD"", ""support"": ""STRONG"", ""n_neg"": 0, ""data_unreliable"": false}, {""minute"": ""15:19"", ""mid"": 94.175, ""bid"": 94.1, ""risk"": ""NORMAL"", ""action"": ""HOLD"", ""support"": ""STRONG"", ""n_neg"": 0, ""data_unreliable"": false}, {""minute"": ""15:20"", ""mid"": 96.4, ""bid"": 96.3, ""risk"": ""NORMAL"", ""action"": ""HOLD"", ""support"": ""STRONG"", ""n_neg"": 0, ""data_unreliable"": false}, {""minute"": ""15:21"", ""mid"": 97.325, ""bid"": 97.25, ""risk"": ""NORMAL"", ""action"": ""HOLD"", ""support"": ""STRONG"", ""n_neg"": 0, ""data_unreliable"": false}, {""minute"": ""15:22"", ""mid"": 96.175, ""bid"": 96.1, ""risk"": ""HIGH"", ""action"": ""PREPARE_EXIT"", ""support"": ""NORMAL"", ""n_neg"": 3, ""data_unreliable"": false}, {""minute"": ""15:23"", ""mid"": 97.15, ""bid"": 97.1, ""risk"": ""ELEVATED"", ""action"": ""CAUTION"", ""support"": ""WEAK"", ""n_neg"": 2, ""data_unreliable"": false}, {""minute"": ""15:24"", ""mid"": 96.675, ""bid"": 96.6, ""risk"": ""ELEVATED"", ""action"": ""CAUTION"", ""support"": ""WEAK"", ""n_neg"": 2, ""data_unreliable"": false}, {""minute"": ""15:25"", ""mid"": 97.125, ""bid"": 97.0, ""risk"": ""ELEVATED"", ""action"": ""CAUTION"", ""support"": ""WEAK"", ""n_neg"": 3, ""data_unreliable"": false}, {""minute"": ""15:26"", ""mid"": 96.55000000000001, ""bid"": 96.45, ""risk"": ""HIGH"", ""action"": ""PREPARE_EXIT"", ""support"": ""CONTRADICTED"", ""n_neg"": 4, ""data_unreliable"": false}, {""minute"": ""15:27"", ""mid"": 96.6, ""bid"": 96.5, ""risk"": ""ELEVATED"", ""action"": ""CAUTION"", ""support"": ""WEAK"", ""n_neg"": 2, ""data_unreliable"": false}, {""minute"": ""15:28"", ""mid"": 95.80000000000001, ""bid"": 95.7, ""risk"": ""HIGH"", ""action"": ""PREPARE_EXIT"", ""support"": ""CONTRADICTED"", ""n_neg"": 3, ""data_unreliable"": false}, {""minute"": ""15:29"", ""mid"": 95.925, ""bid"": 95.85, ""risk"": ""HIGH"", ""action"": ""PREPARE_EXIT"", ""support"": ""CONTRADICTED"", ""n_neg"": 4, ""data_unreliable"": false}]"
SENSEX,2026-08-20,11D_SHAPED_1500_1519,CE,77600.0,15:00,15:19,51.425,51.5,"[{""minute"": ""15:00"", ""mid"": 51.425, ""bid"": 51.35, ""risk"": ""ELEVATED"", ""action"": ""CAUTION"", ""support"": ""NORMAL"", ""n_neg"": 1, ""data_unreliable"": false}, {""minute"": ""15:01"", ""mid"": 39.150000000000006, ""bid"": 39.1, ""risk"": ""EXTREME"", ""action"": ""BREAK_EXIT"", ""support"": ""CONTRADICTED"", ""n_neg"": 7, ""data_unreliable"": false}, {""minute"": ""15:02"", ""mid"": 43.099999999999994, ""bid"": 43.05, ""risk"": ""EXTREME"", ""action"": ""BREAK_EXIT"", ""support"": ""CONTRADICTED"", ""n_neg"": 5, ""data_unreliable"": false}, {""minute"": ""15:03"", ""mid"": 43.05, ""bid"": 43.0, ""risk"": ""ELEVATED"", ""action"": ""CAUTION"", ""support"": ""NORMAL"", ""n_neg"": 2, ""data_unreliable"": false}, {""minute"": ""15:04"", ""mid"": 42.099999999999994, ""bid"": 42.05, ""risk"": ""ELEVATED"", ""action"": ""CAUTION"", ""support"": ""NORMAL"", ""n_neg"": 3, ""data_unreliable"": false}, {""minute"": ""15:05"", ""mid"": 35.650000000000006, ""bid"": 35.6, ""risk"": ""EXTREME"", ""action"": ""BREAK_EXIT"", ""support"": ""CONTRADICTED"", ""n_neg"": 7, ""data_unreliable"": false}, {""minute"": ""15:06"", ""mid"": 31.799999999999997, ""bid"": 31.7, ""risk"": ""EXTREME"", ""action"": ""BREAK_EXIT"", ""support"": ""CONTRADICTED"", ""n_neg"": 8, ""data_unreliable"": false}, {""minute"": ""15:07"", ""mid"": 31.975, ""bid"": 31.95, ""risk"": ""HIGH"", ""action"": ""PREPARE_EXIT"", ""support"": ""CONTRADICTED"", ""n_neg"": 4, ""data_unreliable"": false}, {""minute"": ""15:08"", ""mid"": 31.75, ""bid"": 31.7, ""risk"": ""EXTREME"", ""action"": ""BREAK_EXIT"", ""support"": ""CONTRADICTED"", ""n_neg"": 5, ""data_unreliable"": false}, {""minute"": ""15:09"", ""mid"": 32.675, ""bid"": 32.6, ""risk"": ""NORMAL"", ""action"": ""HOLD"", ""support"": ""NORMAL"", ""n_neg"": 1, ""data_unreliable"": false}, {""minute"": ""15:10"", ""mid"": 31.65, ""bid"": 31.6, ""risk"": ""EXTREME"", ""action"": ""BREAK_EXIT"", ""support"": ""CONTRADICTED"", ""n_neg"": 5, ""data_unreliable"": false}, {""minute"": ""15:11"", ""mid"": 26.7, ""bid"": 26.65, ""risk"": ""EXTREME"", ""action"": ""BREAK_EXIT"", ""support"": ""CONTRADICTED"", ""n_neg"": 7, ""data_unreliable"": false}, {""minute"": ""15:12"", ""mid"": 28.4, ""bid"": 28.35, ""risk"": ""HIGH"", ""action"": ""PREPARE_EXIT"", ""support"": ""CONTRADICTED"", ""n_neg"": 4, ""data_unreliable"": false}, {""minute"": ""15:13"", ""mid"": 34.025, ""bid"": 34.0, ""risk"": ""LOW"", ""action"": ""HOLD"", ""support"": ""STRONG"", ""n_neg"": 0, ""data_unreliable"": false}, {""minute"": ""15:14"", ""mid"": 33.150000000000006, ""bid"": 33.1, ""risk"": ""ELEVATED"", ""action"": ""CAUTION"", ""support"": ""NORMAL"", ""n_neg"": 1, ""data_unreliable"": false}, {""minute"": ""15:15"", ""mid"": 34.425, ""bid"": 34.35, ""risk"": ""ELEVATED"", ""action"": ""CAUTION"", ""support"": ""NORMAL"", ""n_neg"": 2, ""data_unreliable"": false}, {""minute"": ""15:16"", ""mid"": 30.2, ""bid"": 30.15, ""risk"": ""EXTREME"", ""action"": ""BREAK_EXIT"", ""support"": ""CONTRADICTED"", ""n_neg"": 7, ""data_unreliable"": false}, {""minute"": ""15:17"", ""mid"": 35.8, ""bid"": 35.75, ""risk"": ""NORMAL"", ""action"": ""HOLD"", ""support"": ""STRONG"", ""n_neg"": 0, ""data_unreliable"": false}, {""minute"": ""15:18"", ""mid"": 28.8, ""bid"": 28.75, ""risk"": ""HIGH"", ""action"": ""PREPARE_EXIT"", ""support"": ""CONTRADICTED"", ""n_neg"": 4, ""data_unreliable"": false}, {""minute"": ""15:19"", ""mid"": 27.25, ""bid"": 27.15, ""risk"": ""EXTREME"", ""action"": ""BREAK_EXIT"", ""support"": ""CONTRADICTED"", ""n_neg"": 8, ""data_unreliable"": false}]"
SENSEX,2026-08-20,11D_SHAPED_1500_1519,PE,77600.0,15:00,15:19,92.075,92.2,"[{""minute"": ""15:00"", ""mid"": 92.075, ""bid"": 91.95, ""risk"": ""EXTREME"", ""action"": ""BREAK_EXIT"", ""support"": ""CONTRADICTED"", ""n_neg"": 6, ""data_unreliable"": false}, {""minute"": ""15:01"", ""mid"": 111.7, ""bid"": 111.45, ""risk"": ""NORMAL"", ""action"": ""HOLD"", ""support"": ""NORMAL"", ""n_neg"": 1, ""data_unreliable"": false}, {""minute"": ""15:02"", ""mid"": 109.825, ""bid"": 109.65, ""risk"": ""ELEVATED"", ""action"": ""CAUTION"", ""support"": ""NORMAL"", ""n_neg"": 1, ""data_unreliable"": false}, {""minute"": ""15:03"", ""mid"": 101.9, ""bid"": 101.8, ""risk"": ""EXTREME"", ""action"": ""BREAK_EXIT"", ""support"": ""CONTRADICTED"", ""n_neg"": 7, ""data_unreliable"": false}, {""minute"": ""15:04"", ""mid"": 105.575, ""bid"": 105.4, ""risk"": ""EXTREME"", ""action"": ""BREAK_EXIT"", ""support"": ""CONTRADICTED"", ""n_neg"": 5, ""data_unreliable"": false}, {""minute"": ""15:05"", ""mid"": 113.65, ""bid"": 113.5, ""risk"": ""LOW"", ""action"": ""HOLD"", ""support"": ""STRONG"", ""n_neg"": 0, ""data_unreliable"": false}, {""minute"": ""15:06"", ""mid"": 120.92500000000001, ""bid"": 120.65, ""risk"": ""NORMAL"", ""action"": ""HOLD"", ""support"": ""NORMAL"", ""n_neg"": 1, ""data_unreliable"": false}, {""minute"": ""15:07"", ""mid"": 125.075, ""bid"": 124.9, ""risk"": ""LOW"", ""action"": ""HOLD"", ""support"": ""STRONG"", ""n_neg"": 0, ""data_unreliable"": false}, {""minute"": ""15:08"", ""mid"": 123.35, ""bid"": 123.15, ""risk"": ""ELEVATED"", ""action"": ""CAUTION"", ""support"": ""NORMAL"", ""n_neg"": 1, ""data_unreliable"": false}, {""minute"": ""15:09"", ""mid"": 118.44999999999999, ""bid"": 118.35, ""risk"": ""EXTREME"", ""action"": ""BREAK_EXIT"", ""support"": ""CONTRADICTED"", ""n_neg"": 7, ""data_unreliable"": false}, {""minute"": ""15:10"", ""mid"": 125.875, ""bid"": 125.65, ""risk"": ""LOW"", ""action"": ""HOLD"", ""support"": ""STRONG"", ""n_neg"": 0, ""data_unreliable"": false}, {""minute"": ""15:11"", ""mid"": 136.325, ""bid"": 136.1, ""risk"": ""LOW"", ""action"": ""HOLD"", ""support"": ""STRONG"", ""n_neg"": 0, ""data_unreliable"": false}, {""minute"": ""15:12"", ""mid"": 132.2, ""bid"": 132.0, ""risk"": ""ELEVATED"", ""action"": ""CAUTION"", ""support"": ""NORMAL"", ""n_neg"": 1, ""data_unreliable"": false}, {""minute"": ""15:13"", ""mid"": 119.125, ""bid"": 119.0, ""risk"": ""EXTREME"", ""action"": ""BREAK_EXIT"", ""support"": ""CONTRADICTED"", ""n_neg"": 8, ""data_unreliable"": false}, {""minute"": ""15:14"", ""mid"": 122.775, ""bid"": 122.7, ""risk"": ""EXTREME"", ""action"": ""BREAK_EXIT"", ""support"": ""CONTRADICTED"", ""n_neg"": 7, ""data_unreliable"": false}, {""minute"": ""15:15"", ""mid"": 126.19999999999999, ""bid"": 126.05, ""risk"": ""ELEVATED"", ""action"": ""CAUTION"", ""support"": ""NORMAL"", ""n_neg"": 2, ""data_unreliable"": false}, {""minute"": ""15:16"", ""mid"": 131.975, ""bid"": 131.75, ""risk"": ""NORMAL"", ""action"": ""HOLD"", ""support"": ""STRONG"", ""n_neg"": 0, ""data_unreliable"": false}, {""minute"": ""15:17"", ""mid"": 106.175, ""bid"": 106.05, ""risk"": ""EXTREME"", ""action"": ""BREAK_EXIT"", ""support"": ""CONTRADICTED"", ""n_neg"": 7, ""data_unreliable"": false}, {""minute"": ""15:18"", ""mid"": 118.85, ""bid"": 118.7, ""risk"": ""EXTREME"", ""action"": ""BREAK_EXIT"", ""support"": ""CONTRADICTED"", ""n_neg"": 6, ""data_unreliable"": false}, {""minute"": ""15:19"", ""mid"": 121.65, ""bid"": 121.4, ""risk"": ""ELEVATED"", ""action"": ""CAUTION"", ""support"": ""NORMAL"", ""n_neg"": 2, ""data_unreliable"": false}]"
SENSEX,2026-08-20,CLOSING_1515_1529,CE,77500.0,15:15,15:29,74.25,74.35,"[{""minute"": ""15:15"", ""mid"": 74.25, ""bid"": 74.15, ""risk"": ""ELEVATED"", ""action"": ""CAUTION"", ""support"": ""WEAK"", ""n_neg"": 3, ""data_unreliable"": false}, {""minute"": ""15:16"", ""mid"": 67.05000000000001, ""bid"": 66.95, ""risk"": ""EXTREME"", ""action"": ""BREAK_EXIT"", ""support"": ""CONTRADICTED"", ""n_neg"": 8, ""data_unreliable"": false}, {""minute"": ""15:17"", ""mid"": 79.35, ""bid"": 79.3, ""risk"": ""NORMAL"", ""action"": ""HOLD"", ""support"": ""STRONG"", ""n_neg"": 0, ""data_unreliable"": false}, {""minute"": ""15:18"", ""mid"": 66.19999999999999, ""bid"": 66.1, ""risk"": ""HIGH"", ""action"": ""PREPARE_EXIT"", ""support"": ""CONTRADICTED"", ""n_neg"": 4, ""data_unreliable"": false}, {""minute"": ""15:19"", ""mid"": 61.525, ""bid"": 61.5, ""risk"": ""EXTREME"", ""action"": ""BREAK_EXIT"", ""support"": ""CONTRADICTED"", ""n_neg"": 7, ""data_unreliable"": false}, {""minute"": ""15:20"", ""mid"": 65.94999999999999, ""bid"": 65.85, ""risk"": ""ELEVATED"", ""action"": ""CAUTION"", ""support"": ""NORMAL"", ""n_neg"": 2, ""data_unreliable"": false}, {""minute"": ""15:21"", ""mid"": 51.474999999999994, ""bid"": 51.4, ""risk"": ""EXTREME"", ""action"": ""BREAK_EXIT"", ""support"": ""CONTRADICTED"", ""n_neg"": 7, ""data_unreliable"": false}, {""minute"": ""15:22"", ""mid"": 42.25, ""bid"": 42.15, ""risk"": ""EXTREME"", ""action"": ""BREAK_EXIT"", ""support"": ""CONTRADICTED"", ""n_neg"": 7, ""data_unreliable"": false}, {""minute"": ""15:23"", ""mid"": 36.875, ""bid"": 36.8, ""risk"": ""EXTREME"", ""action"": ""BREAK_EXIT"", ""support"": ""CONTRADICTED"", ""n_neg"": 6, ""data_unreliable"": false}, {""minute"": ""15:24"", ""mid"": 28.8, ""bid"": 28.75, ""risk"": ""EXTREME"", ""action"": ""BREAK_EXIT"", ""support"": ""CONTRADICTED"", ""n_neg"": 7, ""data_unreliable"": false}, {""minute"": ""15:25"", ""mid"": 47.925, ""bid"": 47.75, ""risk"": ""NORMAL"", ""action"": ""HOLD"", ""support"": ""NORMAL"", ""n_neg"": 1, ""data_unreliable"": false}, {""minute"": ""15:26"", ""mid"": 30.450000000000003, ""bid"": 30.35, ""risk"": ""HIGH"", ""action"": ""PREPARE_EXIT"", ""support"": ""NORMAL"", ""n_neg"": 3, ""data_unreliable"": false}, {""minute"": ""15:27"", ""mid"": 58.599999999999994, ""bid"": 58.3, ""risk"": ""NORMAL"", ""action"": ""HOLD"", ""support"": ""NORMAL"", ""n_neg"": 1, ""data_unreliable"": false}, {""minute"": ""15:28"", ""mid"": 52.95, ""bid"": 52.9, ""risk"": ""ELEVATED"", ""action"": ""CAUTION"", ""support"": ""NORMAL"", ""n_neg"": 1, ""data_unreliable"": false}, {""minute"": ""15:29"", ""mid"": 43.225, ""bid"": 43.1, ""risk"": ""HIGH"", ""action"": ""PREPARE_EXIT"", ""support"": ""NORMAL"", ""n_neg"": 6, ""data_unreliable"": false}]"
SENSEX,2026-08-20,CLOSING_1515_1529,PE,77500.0,15:15,15:29,64.725,64.85,"[{""minute"": ""15:15"", ""mid"": 64.725, ""bid"": 64.6, ""risk"": ""NORMAL"", ""action"": ""HOLD"", ""support"": ""NORMAL"", ""n_neg"": 1, ""data_unreliable"": false}, {""minute"": ""15:16"", ""mid"": 68.025, ""bid"": 67.9, ""risk"": ""NORMAL"", ""action"": ""HOLD"", ""support"": ""STRONG"", ""n_neg"": 0, ""data_unreliable"": false}, {""minute"": ""15:17"", ""mid"": 49.724999999999994, ""bid"": 49.65, ""risk"": ""EXTREME"", ""action"": ""BREAK_EXIT"", ""support"": ""CONTRADICTED"", ""n_neg"": 7, ""data_unreliable"": false}, {""minute"": ""15:18"", ""mid"": 57.675, ""bid"": 57.6, ""risk"": ""EXTREME"", ""action"": ""BREAK_EXIT"", ""support"": ""CONTRADICTED"", ""n_neg"": 5, ""data_unreliable"": false}, {""minute"": ""15:19"", ""mid"": 57.55, ""bid"": 57.45, ""risk"": ""ELEVATED"", ""action"": ""CAUTION"", ""support"": ""NORMAL"", ""n_neg"": 2, ""data_unreliable"": false}, {""minute"": ""15:20"", ""mid"": 56.6, ""bid"": 56.5, ""risk"": ""EXTREME"", ""action"": ""BREAK_EXIT"", ""support"": ""CONTRADICTED"", ""n_neg"": 5, ""data_unreliable"": false}, {""minute"": ""15:21"", ""mid"": 67.675, ""bid"": 67.55, ""risk"": ""NORMAL"", ""action"": ""HOLD"", ""support"": ""STRONG"", ""n_neg"": 0, ""data_unreliable"": false}, {""minute"": ""15:22"", ""mid"": 62.175, ""bid"": 62.05, ""risk"": ""ELEVATED"", ""action"": ""CAUTION"", ""support"": ""NORMAL"", ""n_neg"": 1, ""data_unreliable"": false}, {""minute"": ""15:23"", ""mid"": 68.30000000000001, ""bid"": 68.15, ""risk"": ""NORMAL"", ""action"": ""HOLD"", ""support"": ""STRONG"", ""n_neg"": 0, ""data_unreliable"": false}, {""minute"": ""15:24"", ""mid"": 77.775, ""bid"": 77.65, ""risk"": ""NORMAL"", ""action"": ""HOLD"", ""support"": ""STRONG"", ""n_neg"": 0, ""data_unreliable"": false}, {""minute"": ""15:25"", ""mid"": 52.375, ""bid"": 52.3, ""risk"": ""EXTREME"", ""action"": ""BREAK_EXIT"", ""support"": ""CONTRADICTED"", ""n_neg"": 9, ""data_unreliable"": false}, {""minute"": ""15:26"", ""mid"": 39.2, ""bid"": 38.95, ""risk"": ""EXTREME"", ""action"": ""BREAK_EXIT"", ""support"": ""CONTRADICTED"", ""n_neg"": 7, ""data_unreliable"": false}, {""minute"": ""15:27"", ""mid"": 21.05, ""bid"": 21.0, ""risk"": ""EXTREME"", ""action"": ""BREAK_EXIT"", ""support"": ""CONTRADICTED"", ""n_neg"": 7, ""data_unreliable"": false}, {""minute"": ""15:28"", ""mid"": 16.775, ""bid"": 16.7, ""risk"": ""EXTREME"", ""action"": ""BREAK_EXIT"", ""support"": ""CONTRADICTED"", ""n_neg"": 7, ""data_unreliable"": false}, {""minute"": ""15:29"", ""mid"": 4.824999999999999, ""bid"": 4.8, ""risk"": ""EXTREME"", ""action"": ""BREAK_EXIT"", ""support"": ""CONTRADICTED"", ""n_neg"": 7, ""data_unreliable"": false}]"
NIFTY,2026-08-21,11D_SHAPED_1500_1519,CE,24300.0,15:00,15:19,74.15,74.25,"[{""minute"": ""15:00"", ""mid"": 74.15, ""bid"": 74.05, ""risk"": ""LOW"", ""action"": ""HOLD"", ""support"": ""STRONG"", ""n_neg"": 0, ""data_unreliable"": false}, {""minute"": ""15:01"", ""mid"": 73.6, ""bid"": 73.5, ""risk"": ""ELEVATED"", ""action"": ""CAUTION"", ""support"": ""WEAK"", ""n_neg"": 1, ""data_unreliable"": false}, {""minute"": ""15:02"", ""mid"": 75.225, ""bid"": 75.15, ""risk"": ""LOW"", ""action"": ""HOLD"", ""support"": ""STRONG"", ""n_neg"": 0, ""data_unreliable"": false}, {""minute"": ""15:03"", ""mid"": 73.275, ""bid"": 73.2, ""risk"": ""HIGH"", ""action"": ""PREPARE_EXIT"", ""support"": ""CONTRADICTED"", ""n_neg"": 3, ""data_unreliable"": false}, {""minute"": ""15:04"", ""mid"": 73.1, ""bid"": 73.0, ""risk"": ""HIGH"", ""action"": ""PREPARE_EXIT"", ""support"": ""CONTRADICTED"", ""n_neg"": 4, ""data_unreliable"": false}, {""minute"": ""15:05"", ""mid"": 72.625, ""bid"": 72.55, ""risk"": ""EXTREME"", ""action"": ""BREAK_EXIT"", ""support"": ""CONTRADICTED"", ""n_neg"": 6, ""data_unreliable"": false}, {""minute"": ""15:06"", ""mid"": 73.475, ""bid"": 73.4, ""risk"": ""NORMAL"", ""action"": ""HOLD"", ""support"": ""NORMAL"", ""n_neg"": 0, ""data_unreliable"": false}, {""minute"": ""15:07"", ""mid"": 74.825, ""bid"": 74.75, ""risk"": ""LOW"", ""action"": ""HOLD"", ""support"": ""STRONG"", ""n_neg"": 0, ""data_unreliable"": false}, {""minute"": ""15:08"", ""mid"": 74.69999999999999, ""bid"": 74.6, ""risk"": ""ELEVATED"", ""action"": ""CAUTION"", ""support"": ""NORMAL"", ""n_neg"": 1, ""data_unreliable"": false}, {""minute"": ""15:09"", ""mid"": 74.275, ""bid"": 74.2, ""risk"": ""HIGH"", ""action"": ""PREPARE_EXIT"", ""support"": ""CONTRADICTED"", ""n_neg"": 4, ""data_unreliable"": false}, {""minute"": ""15:10"", ""mid"": 73.92500000000001, ""bid"": 73.9, ""risk"": ""EXTREME"", ""action"": ""BREAK_EXIT"", ""support"": ""CONTRADICTED"", ""n_neg"": 5, ""data_unreliable"": false}, {""minute"": ""15:11"", ""mid"": 73.475, ""bid"": 73.4, ""risk"": ""EXTREME"", ""action"": ""BREAK_EXIT"", ""support"": ""CONTRADICTED"", ""n_neg"": 6, ""data_unreliable"": false}, {""minute"": ""15:12"", ""mid"": 73.475, ""bid"": 73.45, ""risk"": ""ELEVATED"", ""action"": ""CAUTION"", ""support"": ""WEAK"", ""n_neg"": 3, ""data_unreliable"": false}, {""minute"": ""15:13"", ""mid"": 73.625, ""bid"": 73.55, ""risk"": ""NORMAL"", ""action"": ""HOLD"", ""support"": ""NORMAL"", ""n_neg"": 0, ""data_unreliable"": false}, {""minute"": ""15:14"", ""mid"": 73.175, ""bid"": 73.1, ""risk"": ""ELEVATED"", ""action"": ""CAUTION"", ""support"": ""WEAK"", ""n_neg"": 2, ""data_unreliable"": false}, {""minute"": ""15:15"", ""mid"": 74.075, ""bid"": 74.0, ""risk"": ""LOW"", ""action"": ""HOLD"", ""support"": ""STRONG"", ""n_neg"": 0, ""data_unreliable"": false}, {""minute"": ""15:16"", ""mid"": 73.25, ""bid"": 73.15, ""risk"": ""ELEVATED"", ""action"": ""CAUTION"", ""support"": ""NORMAL"", ""n_neg"": 2, ""data_unreliable"": false}, {""minute"": ""15:17"", ""mid"": 73.325, ""bid"": 73.25, ""risk"": ""HIGH"", ""action"": ""PREPARE_EXIT"", ""support"": ""CONTRADICTED"", ""n_neg"": 4, ""data_unreliable"": false}, {""minute"": ""15:18"", ""mid"": 73.35, ""bid"": 73.3, ""risk"": ""NORMAL"", ""action"": ""HOLD"", ""support"": ""NORMAL"", ""n_neg"": 1, ""data_unreliable"": false}, {""minute"": ""15:19"", ""mid"": 73.375, ""bid"": 73.35, ""risk"": ""NORMAL"", ""action"": ""HOLD"", ""support"": ""NORMAL"", ""n_neg"": 0, ""data_unreliable"": false}]"
NIFTY,2026-08-21,11D_SHAPED_1500_1519,PE,24300.0,15:00,15:19,84.425,84.5,"[{""minute"": ""15:00"", ""mid"": 84.425, ""bid"": 84.35, ""risk"": ""EXTREME"", ""action"": ""BREAK_EXIT"", ""support"": ""CONTRADICTED"", ""n_neg"": 6, ""data_unreliable"": false}, {""minute"": ""15:01"", ""mid"": 84.675, ""bid"": 84.6, ""risk"": ""NORMAL"", ""action"": ""HOLD"", ""support"": ""NORMAL"", ""n_neg"": 1, ""data_unreliable"": false}, {""minute"": ""15:02"", ""mid"": 82.725, ""bid"": 82.7, ""risk"": ""EXTREME"", ""action"": ""BREAK_EXIT"", ""support"": ""CONTRADICTED"", ""n_neg"": 7, ""data_unreliable"": false}, {""minute"": ""15:03"", ""mid"": 84.675, ""bid"": 84.6, ""risk"": ""NORMAL"", ""action"": ""HOLD"", ""support"": ""NORMAL"", ""n_neg"": 0, ""data_unreliable"": false}, {""minute"": ""15:04"", ""mid"": 84.80000000000001, ""bid"": 84.7, ""risk"": ""LOW"", ""action"": ""HOLD"", ""support"": ""STRONG"", ""n_neg"": 0, ""data_unreliable"": false}, {""minute"": ""15:05"", ""mid"": 85.65, ""bid"": 85.6, ""risk"": ""LOW"", ""action"": ""HOLD"", ""support"": ""STRONG"", ""n_neg"": 0, ""data_unreliable"": false}, {""minute"": ""15:06"", ""mid"": 84.525, ""bid"": 84.45, ""risk"": ""ELEVATED"", ""action"": ""CAUTION"", ""support"": ""WEAK"", ""n_neg"": 2, ""data_unreliable"": false}, {""minute"": ""15:07"", ""mid"": 83.1, ""bid"": 83.0, ""risk"": ""HIGH"", ""action"": ""PREPARE_EXIT"", ""support"": ""CONTRADICTED"", ""n_neg"": 5, ""data_unreliable"": false}, {""minute"": ""15:08"", ""mid"": 83.575, ""bid"": 83.5, ""risk"": ""HIGH"", ""action"": ""PREPARE_EXIT"", ""support"": ""CONTRADICTED"", ""n_neg"": 4, ""data_unreliable"": false}, {""minute"": ""15:09"", ""mid"": 84.05000000000001, ""bid"": 83.95, ""risk"": ""NORMAL"", ""action"": ""HOLD"", ""support"": ""NORMAL"", ""n_neg"": 1, ""data_unreliable"": false}, {""minute"": ""15:10"", ""mid"": 84.67500000000001, ""bid"": 84.65, ""risk"": ""LOW"", ""action"": ""HOLD"", ""support"": ""STRONG"", ""n_neg"": 0, ""data_unreliable"": false}, {""minute"": ""15:11"", ""mid"": 85.925, ""bid"": 85.85, ""risk"": ""LOW"", ""action"": ""HOLD"", ""support"": ""STRONG"", ""n_neg"": 0, ""data_unreliable"": false}, {""minute"": ""15:12"", ""mid"": 86.35, ""bid"": 86.25, ""risk"": ""LOW"", ""action"": ""HOLD"", ""support"": ""STRONG"", ""n_neg"": 0, ""data_unreliable"": false}, {""minute"": ""15:13"", ""mid"": 86.4, ""bid"": 86.3, ""risk"": ""NORMAL"", ""action"": ""HOLD"", ""support"": ""NORMAL"", ""n_neg"": 0, ""data_unreliable"": false}, {""minute"": ""15:14"", ""mid"": 86.725, ""bid"": 86.65, ""risk"": ""NORMAL"", ""action"": ""HOLD"", ""support"": ""NORMAL"", ""n_neg"": 0, ""data_unreliable"": false}, {""minute"": ""15:15"", ""mid"": 84.6, ""bid"": 84.5, ""risk"": ""EXTREME"", ""action"": ""BREAK_EXIT"", ""support"": ""CONTRADICTED"", ""n_neg"": 6, ""data_unreliable"": false}, {""minute"": ""15:16"", ""mid"": 85.575, ""bid"": 85.45, ""risk"": ""EXTREME"", ""action"": ""BREAK_EXIT"", ""support"": ""CONTRADICTED"", ""n_neg"": 6, ""data_unreliable"": false}, {""minute"": ""15:17"", ""mid"": 86.075, ""bid"": 85.95, ""risk"": ""ELEVATED"", ""action"": ""CAUTION"", ""support"": ""NORMAL"", ""n_neg"": 2, ""data_unreliable"": false}, {""minute"": ""15:18"", ""mid"": 85.19999999999999, ""bid"": 85.1, ""risk"": ""HIGH"", ""action"": ""PREPARE_EXIT"", ""support"": ""CONTRADICTED"", ""n_neg"": 3, ""data_unreliable"": false}, {""minute"": ""15:19"", ""mid"": 85.275, ""bid"": 85.2, ""risk"": ""ELEVATED"", ""action"": ""CAUTION"", ""support"": ""WEAK"", ""n_neg"": 3, ""data_unreliable"": false}]"
NIFTY,2026-08-21,CLOSING_1515_1529,CE,24300.0,15:15,15:29,74.075,74.15,"[{""minute"": ""15:15"", ""mid"": 74.075, ""bid"": 74.0, ""risk"": ""LOW"", ""action"": ""HOLD"", ""support"": ""STRONG"", ""n_neg"": 0, ""data_unreliable"": false}, {""minute"": ""15:16"", ""mid"": 73.25, ""bid"": 73.15, ""risk"": ""ELEVATED"", ""action"": ""CAUTION"", ""support"": ""NORMAL"", ""n_neg"": 2, ""data_unreliable"": false}, {""minute"": ""15:17"", ""mid"": 73.325, ""bid"": 73.25, ""risk"": ""HIGH"", ""action"": ""PREPARE_EXIT"", ""support"": ""CONTRADICTED"", ""n_neg"": 4, ""data_unreliable"": false}, {""minute"": ""15:18"", ""mid"": 73.35, ""bid"": 73.3, ""risk"": ""NORMAL"", ""action"": ""HOLD"", ""support"": ""NORMAL"", ""n_neg"": 1, ""data_unreliable"": false}, {""minute"": ""15:19"", ""mid"": 73.375, ""bid"": 73.35, ""risk"": ""NORMAL"", ""action"": ""HOLD"", ""support"": ""NORMAL"", ""n_neg"": 0, ""data_unreliable"": false}, {""minute"": ""15:20"", ""mid"": 73.425, ""bid"": 73.35, ""risk"": ""NORMAL"", ""action"": ""HOLD"", ""support"": ""NORMAL"", ""n_neg"": 0, ""data_unreliable"": false}, {""minute"": ""15:21"", ""mid"": 73.42500000000001, ""bid"": 73.4, ""risk"": ""NORMAL"", ""action"": ""HOLD"", ""support"": ""NORMAL"", ""n_neg"": 0, ""data_unreliable"": false}, {""minute"": ""15:22"", ""mid"": 71.525, ""bid"": 71.5, ""risk"": ""EXTREME"", ""action"": ""BREAK_EXIT"", ""support"": ""CONTRADICTED"", ""n_neg"": 7, ""data_unreliable"": false}, {""minute"": ""15:23"", ""mid"": 72.375, ""bid"": 72.3, ""risk"": ""HIGH"", ""action"": ""PREPARE_EXIT"", ""support"": ""CONTRADICTED"", ""n_neg"": 3, ""data_unreliable"": false}, {""minute"": ""15:24"", ""mid"": 72.25, ""bid"": 72.15, ""risk"": ""ELEVATED"", ""action"": ""CAUTION"", ""support"": ""NORMAL"", ""n_neg"": 2, ""data_unreliable"": false}, {""minute"": ""15:25"", ""mid"": 72.75, ""bid"": 72.65, ""risk"": ""NORMAL"", ""action"": ""HOLD"", ""support"": ""NORMAL"", ""n_neg"": 0, ""data_unreliable"": false}, {""minute"": ""15:26"", ""mid"": 72.30000000000001, ""bid"": 72.2, ""risk"": ""ELEVATED"", ""action"": ""CAUTION"", ""support"": ""WEAK"", ""n_neg"": 1, ""data_unreliable"": false}, {""minute"": ""15:27"", ""mid"": 71.625, ""bid"": 71.55, ""risk"": ""EXTREME"", ""action"": ""BREAK_EXIT"", ""support"": ""CONTRADICTED"", ""n_neg"": 6, ""data_unreliable"": false}, {""minute"": ""15:28"", ""mid"": 70.475, ""bid"": 70.45, ""risk"": ""HIGH"", ""action"": ""PREPARE_EXIT"", ""support"": ""CONTRADICTED"", ""n_neg"": 5, ""data_unreliable"": false}, {""minute"": ""15:29"", ""mid"": 72.275, ""bid"": 72.15, ""risk"": ""NORMAL"", ""action"": ""HOLD"", ""support"": ""NORMAL"", ""n_neg"": 1, ""data_unreliable"": false}]"
NIFTY,2026-08-21,CLOSING_1515_1529,PE,24300.0,15:15,15:29,84.6,84.7,"[{""minute"": ""15:15"", ""mid"": 84.6, ""bid"": 84.5, ""risk"": ""EXTREME"", ""action"": ""BREAK_EXIT"", ""support"": ""CONTRADICTED"", ""n_neg"": 6, ""data_unreliable"": false}, {""minute"": ""15:16"", ""mid"": 85.575, ""bid"": 85.45, ""risk"": ""EXTREME"", ""action"": ""BREAK_EXIT"", ""support"": ""CONTRADICTED"", ""n_neg"": 5, ""data_unreliable"": false}, {""minute"": ""15:17"", ""mid"": 86.075, ""bid"": 85.95, ""risk"": ""NORMAL"", ""action"": ""HOLD"", ""support"": ""NORMAL"", ""n_neg"": 1, ""data_unreliable"": false}, {""minute"": ""15:18"", ""mid"": 85.19999999999999, ""bid"": 85.1, ""risk"": ""HIGH"", ""action"": ""PREPARE_EXIT"", ""support"": ""CONTRADICTED"", ""n_neg"": 3, ""data_unreliable"": false}, {""minute"": ""15:19"", ""mid"": 85.275, ""bid"": 85.2, ""risk"": ""ELEVATED"", ""action"": ""CAUTION"", ""support"": ""WEAK"", ""n_neg"": 3, ""data_unreliable"": false}, {""minute"": ""15:20"", ""mid"": 81.725, ""bid"": 81.6, ""risk"": ""EXTREME"", ""action"": ""BREAK_EXIT"", ""support"": ""CONTRADICTED"", ""n_neg"": 5, ""data_unreliable"": false}, {""minute"": ""15:21"", ""mid"": 83.325, ""bid"": 83.25, ""risk"": ""EXTREME"", ""action"": ""BREAK_EXIT"", ""support"": ""CONTRADICTED"", ""n_neg"": 5, ""data_unreliable"": false}, {""minute"": ""15:22"", ""mid"": 84.25, ""bid"": 84.15, ""risk"": ""NORMAL"", ""action"": ""HOLD"", ""support"": ""NORMAL"", ""n_neg"": 1, ""data_unreliable"": false}, {""minute"": ""15:23"", ""mid"": 84.05, ""bid"": 84.0, ""risk"": ""ELEVATED"", ""action"": ""CAUTION"", ""support"": ""NORMAL"", ""n_neg"": 1, ""data_unreliable"": false}, {""minute"": ""15:24"", ""mid"": 83.95, ""bid"": 83.9, ""risk"": ""ELEVATED"", ""action"": ""CAUTION"", ""support"": ""NORMAL"", ""n_neg"": 2, ""data_unreliable"": false}, {""minute"": ""15:25"", ""mid"": 84.1, ""bid"": 84.0, ""risk"": ""NORMAL"", ""action"": ""HOLD"", ""support"": ""NORMAL"", ""n_neg"": 0, ""data_unreliable"": false}, {""minute"": ""15:26"", ""mid"": 83.825, ""bid"": 83.7, ""risk"": ""ELEVATED"", ""action"": ""CAUTION"", ""support"": ""WEAK"", ""n_neg"": 1, ""data_unreliable"": false}, {""minute"": ""15:27"", ""mid"": 84.425, ""bid"": 84.35, ""risk"": ""NORMAL"", ""action"": ""HOLD"", ""support"": ""STRONG"", ""n_neg"": 0, ""data_unreliable"": false}, {""minute"": ""15:28"", ""mid"": 85.225, ""bid"": 85.2, ""risk"": ""NORMAL"", ""action"": ""HOLD"", ""support"": ""STRONG"", ""n_neg"": 0, ""data_unreliable"": false}, {""minute"": ""15:29"", ""mid"": 83.475, ""bid"": 83.35, ""risk"": ""ELEVATED"", ""action"": ""CAUTION"", ""support"": ""WEAK"", ""n_neg"": 3, ""data_unreliable"": false}]"
SENSEX,2026-08-21,11D_SHAPED_1500_1519,CE,77700.0,15:00,15:19,387.55,387.75,"[{""minute"": ""15:00"", ""mid"": 387.55, ""bid"": 387.35, ""risk"": ""NORMAL"", ""action"": ""HOLD"", ""support"": ""NORMAL"", ""n_neg"": 0, ""data_unreliable"": false}, {""minute"": ""15:01"", ""mid"": 387.1, ""bid"": 386.8, ""risk"": ""ELEVATED"", ""action"": ""CAUTION"", ""support"": ""NORMAL"", ""n_neg"": 2, ""data_unreliable"": false}, {""minute"": ""15:02"", ""mid"": 393.6, ""bid"": 393.25, ""risk"": ""NORMAL"", ""action"": ""HOLD"", ""support"": ""NORMAL"", ""n_neg"": 1, ""data_unreliable"": false}, {""minute"": ""15:03"", ""mid"": 391.95000000000005, ""bid"": 391.85, ""risk"": ""ELEVATED"", ""action"": ""CAUTION"", ""support"": ""NORMAL"", ""n_neg"": 1, ""data_unreliable"": false}, {""minute"": ""15:04"", ""mid"": 389.225, ""bid"": 388.9, ""risk"": ""HIGH"", ""action"": ""PREPARE_EXIT"", ""support"": ""CONTRADICTED"", ""n_neg"": 4, ""data_unreliable"": false}, {""minute"": ""15:05"", ""mid"": 387.65, ""bid"": 387.25, ""risk"": ""EXTREME"", ""action"": ""BREAK_EXIT"", ""support"": ""CONTRADICTED"", ""n_neg"": 6, ""data_unreliable"": false}, {""minute"": ""15:06"", ""mid"": 389.35, ""bid"": 388.9, ""risk"": ""ELEVATED"", ""action"": ""CAUTION"", ""support"": ""WEAK"", ""n_neg"": 2, ""data_unreliable"": false}, {""minute"": ""15:07"", ""mid"": 392.875, ""bid"": 392.5, ""risk"": ""NORMAL"", ""action"": ""HOLD"", ""support"": ""NORMAL"", ""n_neg"": 1, ""data_unreliable"": false}, {""minute"": ""15:08"", ""mid"": 392.9, ""bid"": 392.8, ""risk"": ""LOW"", ""action"": ""HOLD"", ""support"": ""STRONG"", ""n_neg"": 0, ""data_unreliable"": false}, {""minute"": ""15:09"", ""mid"": 389.35, ""bid"": 388.95, ""risk"": ""HIGH"", ""action"": ""PREPARE_EXIT"", ""support"": ""CONTRADICTED"", ""n_neg"": 4, ""data_unreliable"": false}, {""minute"": ""15:10"", ""mid"": 389.775, ""bid"": 389.6, ""risk"": ""ELEVATED"", ""action"": ""CAUTION"", ""support"": ""WEAK"", ""n_neg"": 3, ""data_unreliable"": false}, {""minute"": ""15:11"", ""mid"": 383.525, ""bid"": 383.1, ""risk"": ""EXTREME"", ""action"": ""BREAK_EXIT"", ""support"": ""CONTRADICTED"", ""n_neg"": 8, ""data_unreliable"": false}, {""minute"": ""15:12"", ""mid"": 385.675, ""bid"": 385.35, ""risk"": ""EXTREME"", ""action"": ""BREAK_EXIT"", ""support"": ""CONTRADICTED"", ""n_neg"": 6, ""data_unreliable"": false}, {""minute"": ""15:13"", ""mid"": 386.35, ""bid"": 386.25, ""risk"": ""NORMAL"", ""action"": ""HOLD"", ""support"": ""NORMAL"", ""n_neg"": 1, ""data_unreliable"": false}, {""minute"": ""15:14"", ""mid"": 386.725, ""bid"": 386.35, ""risk"": ""NORMAL"", ""action"": ""HOLD"", ""support"": ""NORMAL"", ""n_neg"": 1, ""data_unreliable"": false}, {""minute"": ""15:15"", ""mid"": 390.875, ""bid"": 390.35, ""risk"": ""NORMAL"", ""action"": ""HOLD"", ""support"": ""NORMAL"", ""n_neg"": 1, ""data_unreliable"": false}, {""minute"": ""15:16"", ""mid"": 388.85, ""bid"": 388.4, ""risk"": ""ELEVATED"", ""action"": ""CAUTION"", ""support"": ""NORMAL"", ""n_neg"": 2, ""data_unreliable"": false}, {""minute"": ""15:17"", ""mid"": 389.9, ""bid"": 389.4, ""risk"": ""HIGH"", ""action"": ""PREPARE_EXIT"", ""support"": ""CONTRADICTED"", ""n_neg"": 4, ""data_unreliable"": false}, {""minute"": ""15:18"", ""mid"": 391.575, ""bid"": 391.25, ""risk"": ""NORMAL"", ""action"": ""HOLD"", ""support"": ""NORMAL"", ""n_neg"": 1, ""data_unreliable"": false}, {""minute"": ""15:19"", ""mid"": 393.4, ""bid"": 393.35, ""risk"": ""NORMAL"", ""action"": ""HOLD"", ""support"": ""NORMAL"", ""n_neg"": 0, ""data_unreliable"": false}]"
SENSEX,2026-08-21,11D_SHAPED_1500_1519,PE,77700.0,15:00,15:19,353.025,353.25,"[{""minute"": ""15:00"", ""mid"": 353.025, ""bid"": 352.8, ""risk"": ""HIGH"", ""action"": ""PREPARE_EXIT"", ""support"": ""CONTRADICTED"", ""n_neg"": 3, ""data_unreliable"": false}, {""minute"": ""15:01"", ""mid"": 352.92499999999995, ""bid"": 352.7, ""risk"": ""HIGH"", ""action"": ""PREPARE_EXIT"", ""support"": ""CONTRADICTED"", ""n_neg"": 3, ""data_unreliable"": false}, {""minute"": ""15:02"", ""mid"": 346.75, ""bid"": 346.45, ""risk"": ""HIGH"", ""action"": ""PREPARE_EXIT"", ""support"": ""CONTRADICTED"", ""n_neg"": 5, ""data_unreliable"": false}, {""minute"": ""15:03"", ""mid"": 347.25, ""bid"": 347.05, ""risk"": ""EXTREME"", ""action"": ""BREAK_EXIT"", ""support"": ""CONTRADICTED"", ""n_neg"": 5, ""data_unreliable"": false}, {""minute"": ""15:04"", ""mid"": 349.4, ""bid"": 349.05, ""risk"": ""ELEVATED"", ""action"": ""CAUTION"", ""support"": ""NORMAL"", ""n_neg"": 2, ""data_unreliable"": false}, {""minute"": ""15:05"", ""mid"": 350.45, ""bid"": 350.2, ""risk"": ""LOW"", ""action"": ""HOLD"", ""support"": ""STRONG"", ""n_neg"": 0, ""data_unreliable"": false}, {""minute"": ""15:06"", ""mid"": 349.025, ""bid"": 348.7, ""risk"": ""ELEVATED"", ""action"": ""CAUTION"", ""support"": ""WEAK"", ""n_neg"": 2, ""data_unreliable"": false}, {""minute"": ""15:07"", ""mid"": 345.15, ""bid"": 344.75, ""risk"": ""EXTREME"", ""action"": ""BREAK_EXIT"", ""support"": ""CONTRADICTED"", ""n_neg"": 7, ""data_unreliable"": false}, {""minute"": ""15:08"", ""mid"": 344.625, ""bid"": 344.2, ""risk"": ""EXTREME"", ""action"": ""BREAK_EXIT"", ""support"": ""CONTRADICTED"", ""n_neg"": 4, ""data_unreliable"": false}, {""minute"": ""15:09"", ""mid"": 349.825, ""bid"": 349.45, ""risk"": ""NORMAL"", ""action"": ""HOLD"", ""support"": ""NORMAL"", ""n_neg"": 1, ""data_unreliable"": false}, {""minute"": ""15:10"", ""mid"": 350.85, ""bid"": 350.45, ""risk"": ""NORMAL"", ""action"": ""HOLD"", ""support"": ""NORMAL"", ""n_neg"": 1, ""data_unreliable"": false}, {""minute"": ""15:11"", ""mid"": 355.5, ""bid"": 355.05, ""risk"": ""NORMAL"", ""action"": ""HOLD"", ""support"": ""NORMAL"", ""n_neg"": 1, ""data_unreliable"": false}, {""minute"": ""15:12"", ""mid"": 354.525, ""bid"": 354.15, ""risk"": ""ELEVATED"", ""action"": ""CAUTION"", ""support"": ""NORMAL"", ""n_neg"": 2, ""data_unreliable"": false}, {""minute"": ""15:13"", ""mid"": 354.375, ""bid"": 353.9, ""risk"": ""ELEVATED"", ""action"": ""CAUTION"", ""support"": ""WEAK"", ""n_neg"": 3, ""data_unreliable"": false}, {""minute"": ""15:14"", ""mid"": 356.35, ""bid"": 355.9, ""risk"": ""ELEVATED"", ""action"": ""CAUTION"", ""support"": ""WEAK"", ""n_neg"": 2, ""data_unreliable"": false}, {""minute"": ""15:15"", ""mid"": 350.175, ""bid"": 350.05, ""risk"": ""EXTREME"", ""action"": ""BREAK_EXIT"", ""support"": ""CONTRADICTED"", ""n_neg"": 6, ""data_unreliable"": false}, {""minute"": ""15:16"", ""mid"": 352.55, ""bid"": 352.1, ""risk"": ""EXTREME"", ""action"": ""BREAK_EXIT"", ""support"": ""CONTRADICTED"", ""n_neg"": 4, ""data_unreliable"": false}, {""minute"": ""15:17"", ""mid"": 356.275, ""bid"": 355.75, ""risk"": ""NORMAL"", ""action"": ""HOLD"", ""support"": ""NORMAL"", ""n_neg"": 1, ""data_unreliable"": false}, {""minute"": ""15:18"", ""mid"": 354.9, ""bid"": 354.8, ""risk"": ""ELEVATED"", ""action"": ""CAUTION"", ""support"": ""NORMAL"", ""n_neg"": 1, ""data_unreliable"": false}, {""minute"": ""15:19"", ""mid"": 353.925, ""bid"": 353.55, ""risk"": ""HIGH"", ""action"": ""PREPARE_EXIT"", ""support"": ""CONTRADICTED"", ""n_neg"": 3, ""data_unreliable"": false}]"
SENSEX,2026-08-21,CLOSING_1515_1529,CE,77700.0,15:15,15:29,390.875,391.4,"[{""minute"": ""15:15"", ""mid"": 390.875, ""bid"": 390.35, ""risk"": ""LOW"", ""action"": ""HOLD"", ""support"": ""STRONG"", ""n_neg"": 0, ""data_unreliable"": false}, {""minute"": ""15:16"", ""mid"": 388.85, ""bid"": 388.4, ""risk"": ""ELEVATED"", ""action"": ""CAUTION"", ""support"": ""NORMAL"", ""n_neg"": 1, ""data_unreliable"": false}, {""minute"": ""15:17"", ""mid"": 389.9, ""bid"": 389.4, ""risk"": ""ELEVATED"", ""action"": ""CAUTION"", ""support"": ""WEAK"", ""n_neg"": 3, ""data_unreliable"": false}, {""minute"": ""15:18"", ""mid"": 391.575, ""bid"": 391.25, ""risk"": ""NORMAL"", ""action"": ""HOLD"", ""support"": ""NORMAL"", ""n_neg"": 0, ""data_unreliable"": false}, {""minute"": ""15:19"", ""mid"": 393.4, ""bid"": 393.35, ""risk"": ""NORMAL"", ""action"": ""HOLD"", ""support"": ""NORMAL"", ""n_neg"": 0, ""data_unreliable"": false}, {""minute"": ""15:20"", ""mid"": 387.725, ""bid"": 387.45, ""risk"": ""EXTREME"", ""action"": ""BREAK_EXIT"", ""support"": ""CONTRADICTED"", ""n_neg"": 6, ""data_unreliable"": false}, {""minute"": ""15:21"", ""mid"": 389.4, ""bid"": 389.15, ""risk"": ""HIGH"", ""action"": ""PREPARE_EXIT"", ""support"": ""CONTRADICTED"", ""n_neg"": 4, ""data_unreliable"": false}, {""minute"": ""15:22"", ""mid"": 381.9, ""bid"": 381.55, ""risk"": ""HIGH"", ""action"": ""PREPARE_EXIT"", ""support"": ""CONTRADICTED"", ""n_neg"": 4, ""data_unreliable"": false}, {""minute"": ""15:23"", ""mid"": 385.125, ""bid"": 384.75, ""risk"": ""HIGH"", ""action"": ""PREPARE_EXIT"", ""support"": ""CONTRADICTED"", ""n_neg"": 3, ""data_unreliable"": false}, {""minute"": ""15:24"", ""mid"": 383.875, ""bid"": 383.65, ""risk"": ""ELEVATED"", ""action"": ""CAUTION"", ""support"": ""WEAK"", ""n_neg"": 2, ""data_unreliable"": false}, {""minute"": ""15:25"", ""mid"": 383.25, ""bid"": 383.0, ""risk"": ""ELEVATED"", ""action"": ""CAUTION"", ""support"": ""WEAK"", ""n_neg"": 3, ""data_unreliable"": false}, {""minute"": ""15:26"", ""mid"": 381.475, ""bid"": 381.2, ""risk"": ""HIGH"", ""action"": ""PREPARE_EXIT"", ""support"": ""CONTRADICTED"", ""n_neg"": 3, ""data_unreliable"": false}, {""minute"": ""15:27"", ""mid"": 381.375, ""bid"": 380.95, ""risk"": ""ELEVATED"", ""action"": ""CAUTION"", ""support"": ""WEAK"", ""n_neg"": 2, ""data_unreliable"": false}, {""minute"": ""15:28"", ""mid"": 379.55, ""bid"": 379.25, ""risk"": ""EXTREME"", ""action"": ""BREAK_EXIT"", ""support"": ""CONTRADICTED"", ""n_neg"": 6, ""data_unreliable"": false}, {""minute"": ""15:29"", ""mid"": 382.92499999999995, ""bid"": 382.45, ""risk"": ""NORMAL"", ""action"": ""HOLD"", ""support"": ""NORMAL"", ""n_neg"": 0, ""data_unreliable"": false}]"
SENSEX,2026-08-21,CLOSING_1515_1529,PE,77700.0,15:15,15:29,350.175,350.3,"[{""minute"": ""15:15"", ""mid"": 350.175, ""bid"": 350.05, ""risk"": ""EXTREME"", ""action"": ""BREAK_EXIT"", ""support"": ""CONTRADICTED"", ""n_neg"": 6, ""data_unreliable"": false}, {""minute"": ""15:16"", ""mid"": 352.55, ""bid"": 352.1, ""risk"": ""EXTREME"", ""action"": ""BREAK_EXIT"", ""support"": ""CONTRADICTED"", ""n_neg"": 4, ""data_unreliable"": false}, {""minute"": ""15:17"", ""mid"": 356.275, ""bid"": 355.75, ""risk"": ""NORMAL"", ""action"": ""HOLD"", ""support"": ""NORMAL"", ""n_neg"": 1, ""data_unreliable"": false}, {""minute"": ""15:18"", ""mid"": 354.9, ""bid"": 354.8, ""risk"": ""ELEVATED"", ""action"": ""CAUTION"", ""support"": ""NORMAL"", ""n_neg"": 1, ""data_unreliable"": false}, {""minute"": ""15:19"", ""mid"": 353.925, ""bid"": 353.55, ""risk"": ""HIGH"", ""action"": ""PREPARE_EXIT"", ""support"": ""CONTRADICTED"", ""n_neg"": 3, ""data_unreliable"": false}, {""minute"": ""15:20"", ""mid"": 355.525, ""bid"": 355.35, ""risk"": ""NORMAL"", ""action"": ""HOLD"", ""support"": ""NORMAL"", ""n_neg"": 0, ""data_unreliable"": false}, {""minute"": ""15:21"", ""mid"": 353.1, ""bid"": 352.7, ""risk"": ""HIGH"", ""action"": ""PREPARE_EXIT"", ""support"": ""CONTRADICTED"", ""n_neg"": 5, ""data_unreliable"": false}, {""minute"": ""15:22"", ""mid"": 351.475, ""bid"": 351.15, ""risk"": ""HIGH"", ""action"": ""PREPARE_EXIT"", ""support"": ""CONTRADICTED"", ""n_neg"": 4, ""data_unreliable"": false}, {""minute"": ""15:23"", ""mid"": 350.425, ""bid"": 350.05, ""risk"": ""ELEVATED"", ""action"": ""CAUTION"", ""support"": ""WEAK"", ""n_neg"": 4, ""data_unreliable"": false}, {""minute"": ""15:24"", ""mid"": 348.125, ""bid"": 347.75, ""risk"": ""EXTREME"", ""action"": ""BREAK_EXIT"", ""support"": ""CONTRADICTED"", ""n_neg"": 4, ""data_unreliable"": false}, {""minute"": ""15:25"", ""mid"": 348.025, ""bid"": 347.8, ""risk"": ""ELEVATED"", ""action"": ""CAUTION"", ""support"": ""WEAK"", ""n_neg"": 3, ""data_unreliable"": false}, {""minute"": ""15:26"", ""mid"": 345.35, ""bid"": 345.0, ""risk"": ""HIGH"", ""action"": ""PREPARE_EXIT"", ""support"": ""CONTRADICTED"", ""n_neg"": 4, ""data_unreliable"": false}, {""minute"": ""15:27"", ""mid"": 349.25, ""bid"": 349.05, ""risk"": ""NORMAL"", ""action"": ""HOLD"", ""support"": ""NORMAL"", ""n_neg"": 1, ""data_unreliable"": false}, {""minute"": ""15:28"", ""mid"": 350.825, ""bid"": 350.45, ""risk"": ""NORMAL"", ""action"": ""HOLD"", ""support"": ""NORMAL"", ""n_neg"": 1, ""data_unreliable"": false}, {""minute"": ""15:29"", ""mid"": 348.375, ""bid"": 348.15, ""risk"": ""ELEVATED"", ""action"": ""CAUTION"", ""support"": ""WEAK"", ""n_neg"": 2, ""data_unreliable"": false}]"
NIFTY,2026-08-25,11D_SHAPED_1500_1519,CE,24250.0,15:00,15:19,25.2,25.25,"[{""minute"": ""15:00"", ""mid"": 25.2, ""bid"": 25.15, ""risk"": ""EXTREME"", ""action"": ""BREAK_EXIT"", ""support"": ""CONTRADICTED"", ""n_neg"": 8, ""data_unreliable"": false}, {""minute"": ""15:01"", ""mid"": 26.35, ""bid"": 26.3, ""risk"": ""EXTREME"", ""action"": ""BREAK_EXIT"", ""support"": ""CONTRADICTED"", ""n_neg"": 6, ""data_unreliable"": false}, {""minute"": ""15:02"", ""mid"": 28.4, ""bid"": 28.35, ""risk"": ""NORMAL"", ""action"": ""HOLD"", ""support"": ""NORMAL"", ""n_neg"": 1, ""data_unreliable"": false}, {""minute"": ""15:03"", ""mid"": 28.55, ""bid"": 28.5, ""risk"": ""LOW"", ""action"": ""HOLD"", ""support"": ""STRONG"", ""n_neg"": 0, ""data_unreliable"": false}, {""minute"": ""15:04"", ""mid"": 30.75, ""bid"": 30.7, ""risk"": ""LOW"", ""action"": ""HOLD"", ""support"": ""STRONG"", ""n_neg"": 0, ""data_unreliable"": false}, {""minute"": ""15:05"", ""mid"": 26.4, ""bid"": 26.35, ""risk"": ""EXTREME"", ""action"": ""BREAK_EXIT"", ""support"": ""CONTRADICTED"", ""n_neg"": 8, ""data_unreliable"": false}, {""minute"": ""15:06"", ""mid"": 25.875, ""bid"": 25.85, ""risk"": ""EXTREME"", ""action"": ""BREAK_EXIT"", ""support"": ""CONTRADICTED"", ""n_neg"": 7, ""data_unreliable"": false}, {""minute"": ""15:07"", ""mid"": 23.95, ""bid"": 23.9, ""risk"": ""EXTREME"", ""action"": ""BREAK_EXIT"", ""support"": ""CONTRADICTED"", ""n_neg"": 8, ""data_unreliable"": false}, {""minute"": ""15:08"", ""mid"": 25.8, ""bid"": 25.75, ""risk"": ""ELEVATED"", ""action"": ""CAUTION"", ""support"": ""WEAK"", ""n_neg"": 3, ""data_unreliable"": false}, {""minute"": ""15:09"", ""mid"": 26.825000000000003, ""bid"": 26.8, ""risk"": ""LOW"", ""action"": ""HOLD"", ""support"": ""STRONG"", ""n_neg"": 0, ""data_unreliable"": false}, {""minute"": ""15:10"", ""mid"": 27.65, ""bid"": 27.6, ""risk"": ""LOW"", ""action"": ""HOLD"", ""support"": ""STRONG"", ""n_neg"": 0, ""data_unreliable"": false}, {""minute"": ""15:11"", ""mid"": 32.575, ""bid"": 32.55, ""risk"": ""LOW"", ""action"": ""HOLD"", ""support"": ""STRONG"", ""n_neg"": 0, ""data_unreliable"": false}, {""minute"": ""15:12"", ""mid"": 33.400000000000006, ""bid"": 33.35, ""risk"": ""LOW"", ""action"": ""HOLD"", ""support"": ""STRONG"", ""n_neg"": 0, ""data_unreliable"": false}, {""minute"": ""15:13"", ""mid"": 28.674999999999997, ""bid"": 28.65, ""risk"": ""HIGH"", ""action"": ""PREPARE_EXIT"", ""support"": ""CONTRADICTED"", ""n_neg"": 6, ""data_unreliable"": false}, {""minute"": ""15:14"", ""mid"": 28.5, ""bid"": 28.45, ""risk"": ""EXTREME"", ""action"": ""BREAK_EXIT"", ""support"": ""CONTRADICTED"", ""n_neg"": 7, ""data_unreliable"": false}, {""minute"": ""15:15"", ""mid"": 25.85, ""bid"": 25.8, ""risk"": ""EXTREME"", ""action"": ""BREAK_EXIT"", ""support"": ""CONTRADICTED"", ""n_neg"": 7, ""data_unreliable"": false}, {""minute"": ""15:16"", ""mid"": 22.45, ""bid"": 22.4, ""risk"": ""EXTREME"", ""action"": ""BREAK_EXIT"", ""support"": ""CONTRADICTED"", ""n_neg"": 7, ""data_unreliable"": false}, {""minute"": ""15:17"", ""mid"": 25.35, ""bid"": 25.3, ""risk"": ""HIGH"", ""action"": ""PREPARE_EXIT"", ""support"": ""CONTRADICTED"", ""n_neg"": 4, ""data_unreliable"": false}, {""minute"": ""15:18"", ""mid"": 26.25, ""bid"": 26.2, ""risk"": ""NORMAL"", ""action"": ""HOLD"", ""support"": ""STRONG"", ""n_neg"": 0, ""data_unreliable"": false}, {""minute"": ""15:19"", ""mid"": 27.924999999999997, ""bid"": 27.9, ""risk"": ""NORMAL"", ""action"": ""HOLD"", ""support"": ""STRONG"", ""n_neg"": 0, ""data_unreliable"": false}]"
NIFTY,2026-08-25,11D_SHAPED_1500_1519,PE,24250.0,15:00,15:19,25.85,25.9,"[{""minute"": ""15:00"", ""mid"": 25.85, ""bid"": 25.8, ""risk"": ""LOW"", ""action"": ""HOLD"", ""support"": ""STRONG"", ""n_neg"": 0, ""data_unreliable"": false}, {""minute"": ""15:01"", ""mid"": 23.674999999999997, ""bid"": 23.65, ""risk"": ""ELEVATED"", ""action"": ""CAUTION"", ""support"": ""NORMAL"", ""n_neg"": 1, ""data_unreliable"": false}, {""minute"": ""15:02"", ""mid"": 20.525, ""bid"": 20.5, ""risk"": ""HIGH"", ""action"": ""PREPARE_EXIT"", ""support"": ""CONTRADICTED"", ""n_neg"": 6, ""data_unreliable"": false}, {""minute"": ""15:03"", ""mid"": 16.825000000000003, ""bid"": 16.8, ""risk"": ""EXTREME"", ""action"": ""BREAK_EXIT"", ""support"": ""CONTRADICTED"", ""n_neg"": 7, ""data_unreliable"": false}, {""minute"": ""15:04"", ""mid"": 15.75, ""bid"": 15.7, ""risk"": ""EXTREME"", ""action"": ""BREAK_EXIT"", ""support"": ""CONTRADICTED"", ""n_neg"": 6, ""data_unreliable"": false}, {""minute"": ""15:05"", ""mid"": 18.0, ""bid"": 17.95, ""risk"": ""NORMAL"", ""action"": ""HOLD"", ""support"": ""NORMAL"", ""n_neg"": 1, ""data_unreliable"": false}, {""minute"": ""15:06"", ""mid"": 18.65, ""bid"": 18.6, ""risk"": ""LOW"", ""action"": ""HOLD"", ""support"": ""STRONG"", ""n_neg"": 0, ""data_unreliable"": false}, {""minute"": ""15:07"", ""mid"": 18.525, ""bid"": 18.5, ""risk"": ""ELEVATED"", ""action"": ""CAUTION"", ""support"": ""NORMAL"", ""n_neg"": 1, ""data_unreliable"": false}, {""minute"": ""15:08"", ""mid"": 16.725, ""bid"": 16.7, ""risk"": ""EXTREME"", ""action"": ""BREAK_EXIT"", ""support"": ""CONTRADICTED"", ""n_neg"": 8, ""data_unreliable"": false}, {""minute"": ""15:09"", ""mid"": 15.95, ""bid"": 15.9, ""risk"": ""EXTREME"", ""action"": ""BREAK_EXIT"", ""support"": ""CONTRADICTED"", ""n_neg"": 6, ""data_unreliable"": false}, {""minute"": ""15:10"", ""mid"": 15.725, ""bid"": 15.7, ""risk"": ""HIGH"", ""action"": ""PREPARE_EXIT"", ""support"": ""CONTRADICTED"", ""n_neg"": 4, ""data_unreliable"": false}, {""minute"": ""15:11"", ""mid"": 13.95, ""bid"": 13.9, ""risk"": ""EXTREME"", ""action"": ""BREAK_EXIT"", ""support"": ""CONTRADICTED"", ""n_neg"": 6, ""data_unreliable"": false}, {""minute"": ""15:12"", ""mid"": 12.825, ""bid"": 12.8, ""risk"": ""EXTREME"", ""action"": ""BREAK_EXIT"", ""support"": ""CONTRADICTED"", ""n_neg"": 5, ""data_unreliable"": false}, {""minute"": ""15:13"", ""mid"": 16.275, ""bid"": 16.25, ""risk"": ""LOW"", ""action"": ""HOLD"", ""support"": ""STRONG"", ""n_neg"": 0, ""data_unreliable"": false}, {""minute"": ""15:14"", ""mid"": 16.025, ""bid"": 16.0, ""risk"": ""ELEVATED"", ""action"": ""CAUTION"", ""support"": ""NORMAL"", ""n_neg"": 1, ""data_unreliable"": false}, {""minute"": ""15:15"", ""mid"": 17.45, ""bid"": 17.4, ""risk"": ""LOW"", ""action"": ""HOLD"", ""support"": ""STRONG"", ""n_neg"": 0, ""data_unreliable"": false}, {""minute"": ""15:16"", ""mid"": 16.674999999999997, ""bid"": 16.65, ""risk"": ""ELEVATED"", ""action"": ""CAUTION"", ""support"": ""NORMAL"", ""n_neg"": 1, ""data_unreliable"": false}, {""minute"": ""15:17"", ""mid"": 12.625, ""bid"": 12.6, ""risk"": ""EXTREME"", ""action"": ""BREAK_EXIT"", ""support"": ""CONTRADICTED"", ""n_neg"": 7, ""data_unreliable"": false}, {""minute"": ""15:18"", ""mid"": 11.025, ""bid"": 11.0, ""risk"": ""EXTREME"", ""action"": ""BREAK_EXIT"", ""support"": ""CONTRADICTED"", ""n_neg"": 7, ""data_unreliable"": false}, {""minute"": ""15:19"", ""mid"": 9.8, ""bid"": 9.75, ""risk"": ""EXTREME"", ""action"": ""BREAK_EXIT"", ""support"": ""CONTRADICTED"", ""n_neg"": 7, ""data_unreliable"": false}]"
NIFTY,2026-08-25,CLOSING_1515_1529,CE,24250.0,15:15,15:29,25.85,25.9,"[{""minute"": ""15:15"", ""mid"": 25.85, ""bid"": 25.8, ""risk"": ""EXTREME"", ""action"": ""BREAK_EXIT"", ""support"": ""CONTRADICTED"", ""n_neg"": 7, ""data_unreliable"": false}, {""minute"": ""15:16"", ""mid"": 22.45, ""bid"": 22.4, ""risk"": ""EXTREME"", ""action"": ""BREAK_EXIT"", ""support"": ""CONTRADICTED"", ""n_neg"": 7, ""data_unreliable"": false}, {""minute"": ""15:17"", ""mid"": 25.35, ""bid"": 25.3, ""risk"": ""HIGH"", ""action"": ""PREPARE_EXIT"", ""support"": ""CONTRADICTED"", ""n_neg"": 4, ""data_unreliable"": false}, {""minute"": ""15:18"", ""mid"": 26.25, ""bid"": 26.2, ""risk"": ""NORMAL"", ""action"": ""HOLD"", ""support"": ""STRONG"", ""n_neg"": 0, ""data_unreliable"": false}, {""minute"": ""15:19"", ""mid"": 27.924999999999997, ""bid"": 27.9, ""risk"": ""NORMAL"", ""action"": ""HOLD"", ""support"": ""STRONG"", ""n_neg"": 0, ""data_unreliable"": false}, {""minute"": ""15:20"", ""mid"": 36.175, ""bid"": 36.1, ""risk"": ""NORMAL"", ""action"": ""HOLD"", ""support"": ""STRONG"", ""n_neg"": 0, ""data_unreliable"": false}, {""minute"": ""15:21"", ""mid"": 68.80000000000001, ""bid"": 68.65, ""risk"": ""NORMAL"", ""action"": ""HOLD"", ""support"": ""STRONG"", ""n_neg"": 0, ""data_unreliable"": false}, {""minute"": ""15:22"", ""mid"": 69.0, ""bid"": 68.9, ""risk"": ""NORMAL"", ""action"": ""HOLD"", ""support"": ""STRONG"", ""n_neg"": 0, ""data_unreliable"": false}, {""minute"": ""15:23"", ""mid"": 60.775, ""bid"": 60.65, ""risk"": ""HIGH"", ""action"": ""PREPARE_EXIT"", ""support"": ""NORMAL"", ""n_neg"": 5, ""data_unreliable"": false}, {""minute"": ""15:24"", ""mid"": 61.825, ""bid"": 61.75, ""risk"": ""EXTREME"", ""action"": ""BREAK_EXIT"", ""support"": ""CONTRADICTED"", ""n_neg"": 6, ""data_unreliable"": false}, {""minute"": ""15:25"", ""mid"": 64.175, ""bid"": 64.05, ""risk"": ""ELEVATED"", ""action"": ""CAUTION"", ""support"": ""WEAK"", ""n_neg"": 3, ""data_unreliable"": false}, {""minute"": ""15:26"", ""mid"": 66.525, ""bid"": 66.4, ""risk"": ""NORMAL"", ""action"": ""HOLD"", ""support"": ""STRONG"", ""n_neg"": 0, ""data_unreliable"": false}, {""minute"": ""15:27"", ""mid"": 72.775, ""bid"": 72.65, ""risk"": ""NORMAL"", ""action"": ""HOLD"", ""support"": ""STRONG"", ""n_neg"": 0, ""data_unreliable"": false}, {""minute"": ""15:28"", ""mid"": 84.65, ""bid"": 84.55, ""risk"": ""NORMAL"", ""action"": ""HOLD"", ""support"": ""STRONG"", ""n_neg"": 0, ""data_unreliable"": false}, {""minute"": ""15:29"", ""mid"": 84.475, ""bid"": 84.45, ""risk"": ""ELEVATED"", ""action"": ""CAUTION"", ""support"": ""NORMAL"", ""n_neg"": 1, ""data_unreliable"": false}]"
NIFTY,2026-08-25,CLOSING_1515_1529,PE,24250.0,15:15,15:29,17.45,17.5,"[{""minute"": ""15:15"", ""mid"": 17.45, ""bid"": 17.4, ""risk"": ""LOW"", ""action"": ""HOLD"", ""support"": ""STRONG"", ""n_neg"": 0, ""data_unreliable"": false}, {""minute"": ""15:16"", ""mid"": 16.674999999999997, ""bid"": 16.65, ""risk"": ""ELEVATED"", ""action"": ""CAUTION"", ""support"": ""NORMAL"", ""n_neg"": 1, ""data_unreliable"": false}, {""minute"": ""15:17"", ""mid"": 12.625, ""bid"": 12.6, ""risk"": ""EXTREME"", ""action"": ""BREAK_EXIT"", ""support"": ""CONTRADICTED"", ""n_neg"": 7, ""data_unreliable"": false}, {""minute"": ""15:18"", ""mid"": 11.025, ""bid"": 11.0, ""risk"": ""EXTREME"", ""action"": ""BREAK_EXIT"", ""support"": ""CONTRADICTED"", ""n_neg"": 7, ""data_unreliable"": false}, {""minute"": ""15:19"", ""mid"": 9.8, ""bid"": 9.75, ""risk"": ""EXTREME"", ""action"": ""BREAK_EXIT"", ""support"": ""CONTRADICTED"", ""n_neg"": 7, ""data_unreliable"": false}, {""minute"": ""15:20"", ""mid"": 5.75, ""bid"": 5.7, ""risk"": ""EXTREME"", ""action"": ""BREAK_EXIT"", ""support"": ""CONTRADICTED"", ""n_neg"": 8, ""data_unreliable"": false}, {""minute"": ""15:21"", ""mid"": 1.3250000000000002, ""bid"": 1.3, ""risk"": ""EXTREME"", ""action"": ""BREAK_EXIT"", ""support"": ""CONTRADICTED"", ""n_neg"": 8, ""data_unreliable"": false}, {""minute"": ""15:22"", ""mid"": 1.0750000000000002, ""bid"": 1.05, ""risk"": ""EXTREME"", ""action"": ""BREAK_EXIT"", ""support"": ""CONTRADICTED"", ""n_neg"": 6, ""data_unreliable"": false}, {""minute"": ""15:23"", ""mid"": 0.825, ""bid"": 0.8, ""risk"": ""EXTREME"", ""action"": ""BREAK_EXIT"", ""support"": ""CONTRADICTED"", ""n_neg"": 6, ""data_unreliable"": false}, {""minute"": ""15:24"", ""mid"": 1.0750000000000002, ""bid"": 1.05, ""risk"": ""ELEVATED"", ""action"": ""CAUTION"", ""support"": ""WEAK"", ""n_neg"": 3, ""data_unreliable"": false}, {""minute"": ""15:25"", ""mid"": 1.025, ""bid"": 1.0, ""risk"": ""EXTREME"", ""action"": ""BREAK_EXIT"", ""support"": ""CONTRADICTED"", ""n_neg"": 4, ""data_unreliable"": false}, {""minute"": ""15:26"", ""mid"": 0.475, ""bid"": 0.45, ""risk"": ""EXTREME"", ""action"": ""BREAK_EXIT"", ""support"": ""CONTRADICTED"", ""n_neg"": 6, ""data_unreliable"": false}, {""minute"": ""15:27"", ""mid"": 0.675, ""bid"": 0.65, ""risk"": ""EXTREME"", ""action"": ""BREAK_EXIT"", ""support"": ""CONTRADICTED"", ""n_neg"": 5, ""data_unreliable"": false}, {""minute"": ""15:28"", ""mid"": 0.275, ""bid"": 0.25, ""risk"": ""EXTREME"", ""action"": ""BREAK_EXIT"", ""support"": ""CONTRADICTED"", ""n_neg"": 6, ""data_unreliable"": false}, {""minute"": ""15:29"", ""mid"": null, ""bid"": null, ""risk"": ""EXTREME"", ""action"": ""PREPARE_EXIT"", ""support"": ""UNKNOWN"", ""n_neg"": 1, ""data_unreliable"": true}]"
SENSEX,2026-08-25,11D_SHAPED_1500_1519,CE,77700.0,15:00,15:19,274.175,274.6,"[{""minute"": ""15:00"", ""mid"": 274.175, ""bid"": 273.75, ""risk"": ""EXTREME"", ""action"": ""BREAK_EXIT"", ""support"": ""CONTRADICTED"", ""n_neg"": 8, ""data_unreliable"": false}, {""minute"": ""15:01"", ""mid"": 271.8, ""bid"": 271.5, ""risk"": ""EXTREME"", ""action"": ""BREAK_EXIT"", ""support"": ""CONTRADICTED"", ""n_neg"": 6, ""data_unreliable"": false}, {""minute"": ""15:02"", ""mid"": 279.0, ""bid"": 278.55, ""risk"": ""NORMAL"", ""action"": ""HOLD"", ""support"": ""NORMAL"", ""n_neg"": 1, ""data_unreliable"": false}, {""minute"": ""15:03"", ""mid"": 280.55, ""bid"": 280.1, ""risk"": ""LOW"", ""action"": ""HOLD"", ""support"": ""STRONG"", ""n_neg"": 0, ""data_unreliable"": false}, {""minute"": ""15:04"", ""mid"": 289.65, ""bid"": 289.35, ""risk"": ""LOW"", ""action"": ""HOLD"", ""support"": ""STRONG"", ""n_neg"": 0, ""data_unreliable"": false}, {""minute"": ""15:05"", ""mid"": 279.65, ""bid"": 279.25, ""risk"": ""HIGH"", ""action"": ""PREPARE_EXIT"", ""support"": ""CONTRADICTED"", ""n_neg"": 4, ""data_unreliable"": false}, {""minute"": ""15:06"", ""mid"": 280.325, ""bid"": 279.9, ""risk"": ""EXTREME"", ""action"": ""BREAK_EXIT"", ""support"": ""CONTRADICTED"", ""n_neg"": 5, ""data_unreliable"": false}, {""minute"": ""15:07"", ""mid"": 278.6, ""bid"": 278.2, ""risk"": ""EXTREME"", ""action"": ""BREAK_EXIT"", ""support"": ""CONTRADICTED"", ""n_neg"": 6, ""data_unreliable"": false}, {""minute"": ""15:08"", ""mid"": 277.525, ""bid"": 277.3, ""risk"": ""HIGH"", ""action"": ""PREPARE_EXIT"", ""support"": ""CONTRADICTED"", ""n_neg"": 5, ""data_unreliable"": false}, {""minute"": ""15:09"", ""mid"": 279.8, ""bid"": 279.6, ""risk"": ""NORMAL"", ""action"": ""HOLD"", ""support"": ""NORMAL"", ""n_neg"": 0, ""data_unreliable"": false}, {""minute"": ""15:10"", ""mid"": 286.4, ""bid"": 285.95, ""risk"": ""LOW"", ""action"": ""HOLD"", ""support"": ""STRONG"", ""n_neg"": 0, ""data_unreliable"": false}, {""minute"": ""15:11"", ""mid"": 287.525, ""bid"": 287.35, ""risk"": ""LOW"", ""action"": ""HOLD"", ""support"": ""STRONG"", ""n_neg"": 0, ""data_unreliable"": false}, {""minute"": ""15:12"", ""mid"": 290.725, ""bid"": 290.25, ""risk"": ""LOW"", ""action"": ""HOLD"", ""support"": ""STRONG"", ""n_neg"": 0, ""data_unreliable"": false}, {""minute"": ""15:13"", ""mid"": 301.0, ""bid"": 300.65, ""risk"": ""LOW"", ""action"": ""HOLD"", ""support"": ""STRONG"", ""n_neg"": 0, ""data_unreliable"": false}, {""minute"": ""15:14"", ""mid"": 304.775, ""bid"": 304.35, ""risk"": ""LOW"", ""action"": ""HOLD"", ""support"": ""STRONG"", ""n_neg"": 0, ""data_unreliable"": false}, {""minute"": ""15:15"", ""mid"": 282.525, ""bid"": 282.35, ""risk"": ""EXTREME"", ""action"": ""BREAK_EXIT"", ""support"": ""CONTRADICTED"", ""n_neg"": 8, ""data_unreliable"": false}, {""minute"": ""15:16"", ""mid"": 302.0, ""bid"": 301.65, ""risk"": ""ELEVATED"", ""action"": ""CAUTION"", ""support"": ""WEAK"", ""n_neg"": 2, ""data_unreliable"": false}, {""minute"": ""15:17"", ""mid"": 296.525, ""bid"": 296.2, ""risk"": ""ELEVATED"", ""action"": ""CAUTION"", ""support"": ""NORMAL"", ""n_neg"": 2, ""data_unreliable"": false}, {""minute"": ""15:18"", ""mid"": 301.475, ""bid"": 301.15, ""risk"": ""ELEVATED"", ""action"": ""CAUTION"", ""support"": ""NORMAL"", ""n_neg"": 2, ""data_unreliable"": false}, {""minute"": ""15:19"", ""mid"": 317.4, ""bid"": 316.9, ""risk"": ""NORMAL"", ""action"": ""HOLD"", ""support"": ""STRONG"", ""n_neg"": 0, ""data_unreliable"": false}]"
SENSEX,2026-08-25,11D_SHAPED_1500_1519,PE,77700.0,15:00,15:19,228.675,228.95,"[{""minute"": ""15:00"", ""mid"": 228.675, ""bid"": 228.4, ""risk"": ""LOW"", ""action"": ""HOLD"", ""support"": ""STRONG"", ""n_neg"": 0, ""data_unreliable"": false}, {""minute"": ""15:01"", ""mid"": 228.825, ""bid"": 228.55, ""risk"": ""LOW"", ""action"": ""HOLD"", ""support"": ""STRONG"", ""n_neg"": 0, ""data_unreliable"": false}, {""minute"": ""15:02"", ""mid"": 227.0, ""bid"": 226.8, ""risk"": ""EXTREME"", ""action"": ""BREAK_EXIT"", ""support"": ""CONTRADICTED"", ""n_neg"": 5, ""data_unreliable"": false}, {""minute"": ""15:03"", ""mid"": 225.45, ""bid"": 225.1, ""risk"": ""HIGH"", ""action"": ""PREPARE_EXIT"", ""support"": ""CONTRADICTED"", ""n_neg"": 4, ""data_unreliable"": false}, {""minute"": ""15:04"", ""mid"": 217.64999999999998, ""bid"": 217.35, ""risk"": ""HIGH"", ""action"": ""PREPARE_EXIT"", ""support"": ""CONTRADICTED"", ""n_neg"": 5, ""data_unreliable"": false}, {""minute"": ""15:05"", ""mid"": 222.55, ""bid"": 222.3, ""risk"": ""HIGH"", ""action"": ""PREPARE_EXIT"", ""support"": ""CONTRADICTED"", ""n_neg"": 3, ""data_unreliable"": false}, {""minute"": ""15:06"", ""mid"": 224.025, ""bid"": 223.75, ""risk"": ""NORMAL"", ""action"": ""HOLD"", ""support"": ""NORMAL"", ""n_neg"": 1, ""data_unreliable"": false}, {""minute"": ""15:07"", ""mid"": 225.3, ""bid"": 225.0, ""risk"": ""LOW"", ""action"": ""HOLD"", ""support"": ""STRONG"", ""n_neg"": 0, ""data_unreliable"": false}, {""minute"": ""15:08"", ""mid"": 226.55, ""bid"": 226.25, ""risk"": ""LOW"", ""action"": ""HOLD"", ""support"": ""STRONG"", ""n_neg"": 0, ""data_unreliable"": false}, {""minute"": ""15:09"", ""mid"": 224.325, ""bid"": 224.05, ""risk"": ""HIGH"", ""action"": ""PREPARE_EXIT"", ""support"": ""CONTRADICTED"", ""n_neg"": 3, ""data_unreliable"": false}, {""minute"": ""15:10"", ""mid"": 220.775, ""bid"": 220.5, ""risk"": ""HIGH"", ""action"": ""PREPARE_EXIT"", ""support"": ""CONTRADICTED"", ""n_neg"": 5, ""data_unreliable"": false}, {""minute"": ""15:11"", ""mid"": 221.89999999999998, ""bid"": 221.6, ""risk"": ""HIGH"", ""action"": ""PREPARE_EXIT"", ""support"": ""CONTRADICTED"", ""n_neg"": 4, ""data_unreliable"": false}, {""minute"": ""15:12"", ""mid"": 217.25, ""bid"": 216.85, ""risk"": ""EXTREME"", ""action"": ""BREAK_EXIT"", ""support"": ""CONTRADICTED"", ""n_neg"": 7, ""data_unreliable"": false}, {""minute"": ""15:13"", ""mid"": 210.05, ""bid"": 209.7, ""risk"": ""EXTREME"", ""action"": ""BREAK_EXIT"", ""support"": ""CONTRADICTED"", ""n_neg"": 7, ""data_unreliable"": false}, {""minute"": ""15:14"", ""mid"": 211.7, ""bid"": 211.35, ""risk"": ""EXTREME"", ""action"": ""BREAK_EXIT"", ""support"": ""CONTRADICTED"", ""n_neg"": 6, ""data_unreliable"": false}, {""minute"": ""15:15"", ""mid"": 225.85, ""bid"": 225.5, ""risk"": ""LOW"", ""action"": ""HOLD"", ""support"": ""STRONG"", ""n_neg"": 0, ""data_unreliable"": false}, {""minute"": ""15:16"", ""mid"": 211.27499999999998, ""bid"": 210.85, ""risk"": ""HIGH"", ""action"": ""PREPARE_EXIT"", ""support"": ""CONTRADICTED"", ""n_neg"": 4, ""data_unreliable"": false}, {""minute"": ""15:17"", ""mid"": 213.875, ""bid"": 213.5, ""risk"": ""EXTREME"", ""action"": ""BREAK_EXIT"", ""support"": ""CONTRADICTED"", ""n_neg"": 5, ""data_unreliable"": false}, {""minute"": ""15:18"", ""mid"": 206.925, ""bid"": 206.55, ""risk"": ""EXTREME"", ""action"": ""BREAK_EXIT"", ""support"": ""CONTRADICTED"", ""n_neg"": 7, ""data_unreliable"": false}, {""minute"": ""15:19"", ""mid"": 200.775, ""bid"": 200.4, ""risk"": ""EXTREME"", ""action"": ""BREAK_EXIT"", ""support"": ""CONTRADICTED"", ""n_neg"": 6, ""data_unreliable"": false}]"
SENSEX,2026-08-25,CLOSING_1515_1529,CE,77800.0,15:15,15:29,230.25,230.55,"[{""minute"": ""15:15"", ""mid"": 230.25, ""bid"": 229.95, ""risk"": ""EXTREME"", ""action"": ""BREAK_EXIT"", ""support"": ""CONTRADICTED"", ""n_neg"": 6, ""data_unreliable"": false}, {""minute"": ""15:16"", ""mid"": 246.375, ""bid"": 246.0, ""risk"": ""ELEVATED"", ""action"": ""CAUTION"", ""support"": ""WEAK"", ""n_neg"": 3, ""data_unreliable"": false}, {""minute"": ""15:17"", ""mid"": 242.25, ""bid"": 241.85, ""risk"": ""ELEVATED"", ""action"": ""CAUTION"", ""support"": ""NORMAL"", ""n_neg"": 2, ""data_unreliable"": false}, {""minute"": ""15:18"", ""mid"": 245.75, ""bid"": 245.6, ""risk"": ""ELEVATED"", ""action"": ""CAUTION"", ""support"": ""NORMAL"", ""n_neg"": 2, ""data_unreliable"": false}, {""minute"": ""15:19"", ""mid"": 261.025, ""bid"": 260.7, ""risk"": ""NORMAL"", ""action"": ""HOLD"", ""support"": ""STRONG"", ""n_neg"": 0, ""data_unreliable"": false}, {""minute"": ""15:20"", ""mid"": 252.2, ""bid"": 252.0, ""risk"": ""ELEVATED"", ""action"": ""CAUTION"", ""support"": ""NORMAL"", ""n_neg"": 1, ""data_unreliable"": false}, {""minute"": ""15:21"", ""mid"": 263.725, ""bid"": 263.25, ""risk"": ""NORMAL"", ""action"": ""HOLD"", ""support"": ""STRONG"", ""n_neg"": 0, ""data_unreliable"": false}, {""minute"": ""15:22"", ""mid"": 261.425, ""bid"": 261.0, ""risk"": ""ELEVATED"", ""action"": ""CAUTION"", ""support"": ""NORMAL"", ""n_neg"": 1, ""data_unreliable"": false}, {""minute"": ""15:23"", ""mid"": 255.425, ""bid"": 255.05, ""risk"": ""EXTREME"", ""action"": ""BREAK_EXIT"", ""support"": ""CONTRADICTED"", ""n_neg"": 6, ""data_unreliable"": false}, {""minute"": ""15:24"", ""mid"": 250.425, ""bid"": 250.0, ""risk"": ""HIGH"", ""action"": ""PREPARE_EXIT"", ""support"": ""CONTRADICTED"", ""n_neg"": 4, ""data_unreliable"": false}, {""minute"": ""15:25"", ""mid"": 255.22500000000002, ""bid"": 254.8, ""risk"": ""ELEVATED"", ""action"": ""CAUTION"", ""support"": ""WEAK"", ""n_neg"": 3, ""data_unreliable"": false}, {""minute"": ""15:26"", ""mid"": 246.5, ""bid"": 246.05, ""risk"": ""EXTREME"", ""action"": ""BREAK_EXIT"", ""support"": ""CONTRADICTED"", ""n_neg"": 5, ""data_unreliable"": false}, {""minute"": ""15:27"", ""mid"": 247.525, ""bid"": 247.25, ""risk"": ""EXTREME"", ""action"": ""BREAK_EXIT"", ""support"": ""CONTRADICTED"", ""n_neg"": 6, ""data_unreliable"": false}, {""minute"": ""15:28"", ""mid"": 257.17499999999995, ""bid"": 256.9, ""risk"": ""NORMAL"", ""action"": ""HOLD"", ""support"": ""STRONG"", ""n_neg"": 0, ""data_unreliable"": false}, {""minute"": ""15:29"", ""mid"": 258.4, ""bid"": 258.0, ""risk"": ""NORMAL"", ""action"": ""HOLD"", ""support"": ""STRONG"", ""n_neg"": 0, ""data_unreliable"": false}]"
SENSEX,2026-08-25,CLOSING_1515_1529,PE,77800.0,15:15,15:29,273.70000000000005,274.1,"[{""minute"": ""15:15"", ""mid"": 273.70000000000005, ""bid"": 273.3, ""risk"": ""LOW"", ""action"": ""HOLD"", ""support"": ""STRONG"", ""n_neg"": 0, ""data_unreliable"": false}, {""minute"": ""15:16"", ""mid"": 255.25, ""bid"": 254.85, ""risk"": ""HIGH"", ""action"": ""PREPARE_EXIT"", ""support"": ""CONTRADICTED"", ""n_neg"": 4, ""data_unreliable"": false}, {""minute"": ""15:17"", ""mid"": 257.875, ""bid"": 257.4, ""risk"": ""EXTREME"", ""action"": ""BREAK_EXIT"", ""support"": ""CONTRADICTED"", ""n_neg"": 6, ""data_unreliable"": false}, {""minute"": ""15:18"", ""mid"": 251.35, ""bid"": 251.0, ""risk"": ""EXTREME"", ""action"": ""BREAK_EXIT"", ""support"": ""CONTRADICTED"", ""n_neg"": 6, ""data_unreliable"": false}, {""minute"": ""15:19"", ""mid"": 242.925, ""bid"": 242.55, ""risk"": ""EXTREME"", ""action"": ""BREAK_EXIT"", ""support"": ""CONTRADICTED"", ""n_neg"": 6, ""data_unreliable"": false}, {""minute"": ""15:20"", ""mid"": 245.875, ""bid"": 245.45, ""risk"": ""EXTREME"", ""action"": ""BREAK_EXIT"", ""support"": ""CONTRADICTED"", ""n_neg"": 6, ""data_unreliable"": false}, {""minute"": ""15:21"", ""mid"": 227.7, ""bid"": 227.4, ""risk"": ""EXTREME"", ""action"": ""BREAK_EXIT"", ""support"": ""CONTRADICTED"", ""n_neg"": 8, ""data_unreliable"": false}, {""minute"": ""15:22"", ""mid"": 226.95, ""bid"": 226.6, ""risk"": ""EXTREME"", ""action"": ""BREAK_EXIT"", ""support"": ""CONTRADICTED"", ""n_neg"": 6, ""data_unreliable"": false}, {""minute"": ""15:23"", ""mid"": 235.375, ""bid"": 235.15, ""risk"": ""NORMAL"", ""action"": ""HOLD"", ""support"": ""NORMAL"", ""n_neg"": 1, ""data_unreliable"": false}, {""minute"": ""15:24"", ""mid"": 236.875, ""bid"": 236.5, ""risk"": ""NORMAL"", ""action"": ""HOLD"", ""support"": ""STRONG"", ""n_neg"": 0, ""data_unreliable"": false}, {""minute"": ""15:25"", ""mid"": 233.7, ""bid"": 233.25, ""risk"": ""HIGH"", ""action"": ""PREPARE_EXIT"", ""support"": ""CONTRADICTED"", ""n_neg"": 4, ""data_unreliable"": false}, {""minute"": ""15:26"", ""mid"": 238.6, ""bid"": 238.25, ""risk"": ""NORMAL"", ""action"": ""HOLD"", ""support"": ""STRONG"", ""n_neg"": 0, ""data_unreliable"": false}, {""minute"": ""15:27"", ""mid"": 237.175, ""bid"": 237.0, ""risk"": ""ELEVATED"", ""action"": ""CAUTION"", ""support"": ""NORMAL"", ""n_neg"": 1, ""data_unreliable"": false}, {""minute"": ""15:28"", ""mid"": 226.45, ""bid"": 226.15, ""risk"": ""EXTREME"", ""action"": ""BREAK_EXIT"", ""support"": ""CONTRADICTED"", ""n_neg"": 8, ""data_unreliable"": false}, {""minute"": ""15:29"", ""mid"": 223.875, ""bid"": 223.6, ""risk"": ""EXTREME"", ""action"": ""BREAK_EXIT"", ""support"": ""CONTRADICTED"", ""n_neg"": 6, ""data_unreliable"": false}]"
NIFTY,2026-08-27,11D_SHAPED_1500_1519,CE,24250.0,15:00,15:19,93.85,93.95,"[{""minute"": ""15:00"", ""mid"": 93.85, ""bid"": 93.75, ""risk"": ""LOW"", ""action"": ""HOLD"", ""support"": ""STRONG"", ""n_neg"": 0, ""data_unreliable"": false}, {""minute"": ""15:01"", ""mid"": 95.125, ""bid"": 95.0, ""risk"": ""LOW"", ""action"": ""HOLD"", ""support"": ""STRONG"", ""n_neg"": 0, ""data_unreliable"": false}, {""minute"": ""15:02"", ""mid"": 95.3, ""bid"": 95.25, ""risk"": ""LOW"", ""action"": ""HOLD"", ""support"": ""STRONG"", ""n_neg"": 0, ""data_unreliable"": false}, {""minute"": ""15:03"", ""mid"": 93.9, ""bid"": 93.8, ""risk"": ""HIGH"", ""action"": ""PREPARE_EXIT"", ""support"": ""CONTRADICTED"", ""n_neg"": 5, ""data_unreliable"": false}, {""minute"": ""15:04"", ""mid"": 91.875, ""bid"": 91.75, ""risk"": ""EXTREME"", ""action"": ""BREAK_EXIT"", ""support"": ""CONTRADICTED"", ""n_neg"": 6, ""data_unreliable"": false}, {""minute"": ""15:05"", ""mid"": 89.35, ""bid"": 89.25, ""risk"": ""EXTREME"", ""action"": ""BREAK_EXIT"", ""support"": ""CONTRADICTED"", ""n_neg"": 6, ""data_unreliable"": false}, {""minute"": ""15:06"", ""mid"": 87.69999999999999, ""bid"": 87.6, ""risk"": ""HIGH"", ""action"": ""PREPARE_EXIT"", ""support"": ""CONTRADICTED"", ""n_neg"": 4, ""data_unreliable"": false}, {""minute"": ""15:07"", ""mid"": 86.69999999999999, ""bid"": 86.6, ""risk"": ""EXTREME"", ""action"": ""BREAK_EXIT"", ""support"": ""CONTRADICTED"", ""n_neg"": 5, ""data_unreliable"": false}, {""minute"": ""15:08"", ""mid"": 88.85, ""bid"": 88.75, ""risk"": ""NORMAL"", ""action"": ""HOLD"", ""support"": ""NORMAL"", ""n_neg"": 1, ""data_unreliable"": false}, {""minute"": ""15:09"", ""mid"": 89.1, ""bid"": 89.0, ""risk"": ""LOW"", ""action"": ""HOLD"", ""support"": ""STRONG"", ""n_neg"": 0, ""data_unreliable"": false}, {""minute"": ""15:10"", ""mid"": 87.80000000000001, ""bid"": 87.7, ""risk"": ""HIGH"", ""action"": ""PREPARE_EXIT"", ""support"": ""CONTRADICTED"", ""n_neg"": 5, ""data_unreliable"": false}, {""minute"": ""15:11"", ""mid"": 86.75, ""bid"": 86.65, ""risk"": ""ELEVATED"", ""action"": ""CAUTION"", ""support"": ""WEAK"", ""n_neg"": 3, ""data_unreliable"": false}, {""minute"": ""15:12"", ""mid"": 86.425, ""bid"": 86.3, ""risk"": ""HIGH"", ""action"": ""PREPARE_EXIT"", ""support"": ""CONTRADICTED"", ""n_neg"": 3, ""data_unreliable"": false}, {""minute"": ""15:13"", ""mid"": 87.0, ""bid"": 86.9, ""risk"": ""NORMAL"", ""action"": ""HOLD"", ""support"": ""NORMAL"", ""n_neg"": 1, ""data_unreliable"": false}, {""minute"": ""15:14"", ""mid"": 86.44999999999999, ""bid"": 86.35, ""risk"": ""ELEVATED"", ""action"": ""CAUTION"", ""support"": ""WEAK"", ""n_neg"": 3, ""data_unreliable"": false}, {""minute"": ""15:15"", ""mid"": 84.625, ""bid"": 84.6, ""risk"": ""EXTREME"", ""action"": ""BREAK_EXIT"", ""support"": ""CONTRADICTED"", ""n_neg"": 6, ""data_unreliable"": false}, {""minute"": ""15:16"", ""mid"": 84.425, ""bid"": 84.3, ""risk"": ""HIGH"", ""action"": ""PREPARE_EXIT"", ""support"": ""CONTRADICTED"", ""n_neg"": 4, ""data_unreliable"": false}, {""minute"": ""15:17"", ""mid"": 84.35, ""bid"": 84.25, ""risk"": ""ELEVATED"", ""action"": ""CAUTION"", ""support"": ""WEAK"", ""n_neg"": 4, ""data_unreliable"": false}, {""minute"": ""15:18"", ""mid"": 87.775, ""bid"": 87.7, ""risk"": ""NORMAL"", ""action"": ""HOLD"", ""support"": ""STRONG"", ""n_neg"": 0, ""data_unreliable"": false}, {""minute"": ""15:19"", ""mid"": 89.1, ""bid"": 89.05, ""risk"": ""NORMAL"", ""action"": ""HOLD"", ""support"": ""STRONG"", ""n_neg"": 0, ""data_unreliable"": false}]"
NIFTY,2026-08-27,11D_SHAPED_1500_1519,PE,24250.0,15:00,15:19,105.125,105.25,"[{""minute"": ""15:00"", ""mid"": 105.125, ""bid"": 105.0, ""risk"": ""EXTREME"", ""action"": ""BREAK_EXIT"", ""support"": ""CONTRADICTED"", ""n_neg"": 7, ""data_unreliable"": false}, {""minute"": ""15:01"", ""mid"": 103.7, ""bid"": 103.65, ""risk"": ""EXTREME"", ""action"": ""BREAK_EXIT"", ""support"": ""CONTRADICTED"", ""n_neg"": 6, ""data_unreliable"": false}, {""minute"": ""15:02"", ""mid"": 103.925, ""bid"": 103.85, ""risk"": ""EXTREME"", ""action"": ""BREAK_EXIT"", ""support"": ""CONTRADICTED"", ""n_neg"": 5, ""data_unreliable"": false}, {""minute"": ""15:03"", ""mid"": 105.80000000000001, ""bid"": 105.7, ""risk"": ""LOW"", ""action"": ""HOLD"", ""support"": ""STRONG"", ""n_neg"": 0, ""data_unreliable"": false}, {""minute"": ""15:04"", ""mid"": 107.1, ""bid"": 107.0, ""risk"": ""LOW"", ""action"": ""HOLD"", ""support"": ""STRONG"", ""n_neg"": 0, ""data_unreliable"": false}, {""minute"": ""15:05"", ""mid"": 111.275, ""bid"": 111.15, ""risk"": ""LOW"", ""action"": ""HOLD"", ""support"": ""STRONG"", ""n_neg"": 0, ""data_unreliable"": false}, {""minute"": ""15:06"", ""mid"": 113.625, ""bid"": 113.6, ""risk"": ""LOW"", ""action"": ""HOLD"", ""support"": ""STRONG"", ""n_neg"": 0, ""data_unreliable"": false}, {""minute"": ""15:07"", ""mid"": 114.30000000000001, ""bid"": 114.2, ""risk"": ""LOW"", ""action"": ""HOLD"", ""support"": ""STRONG"", ""n_neg"": 0, ""data_unreliable"": false}, {""minute"": ""15:08"", ""mid"": 110.44999999999999, ""bid"": 110.35, ""risk"": ""EXTREME"", ""action"": ""BREAK_EXIT"", ""support"": ""CONTRADICTED"", ""n_neg"": 7, ""data_unreliable"": false}, {""minute"": ""15:09"", ""mid"": 111.125, ""bid"": 111.0, ""risk"": ""EXTREME"", ""action"": ""BREAK_EXIT"", ""support"": ""CONTRADICTED"", ""n_neg"": 6, ""data_unreliable"": false}, {""minute"": ""15:10"", ""mid"": 114.15, ""bid"": 114.05, ""risk"": ""LOW"", ""action"": ""HOLD"", ""support"": ""STRONG"", ""n_neg"": 0, ""data_unreliable"": false}, {""minute"": ""15:11"", ""mid"": 114.875, ""bid"": 114.8, ""risk"": ""LOW"", ""action"": ""HOLD"", ""support"": ""STRONG"", ""n_neg"": 0, ""data_unreliable"": false}, {""minute"": ""15:12"", ""mid"": 115.15, ""bid"": 115.0, ""risk"": ""LOW"", ""action"": ""HOLD"", ""support"": ""STRONG"", ""n_neg"": 0, ""data_unreliable"": false}, {""minute"": ""15:13"", ""mid"": 115.75, ""bid"": 115.6, ""risk"": ""NORMAL"", ""action"": ""HOLD"", ""support"": ""NORMAL"", ""n_neg"": 1, ""data_unreliable"": false}, {""minute"": ""15:14"", ""mid"": 116.85, ""bid"": 116.75, ""risk"": ""LOW"", ""action"": ""HOLD"", ""support"": ""STRONG"", ""n_neg"": 0, ""data_unreliable"": false}, {""minute"": ""15:15"", ""mid"": 119.225, ""bid"": 119.15, ""risk"": ""LOW"", ""action"": ""HOLD"", ""support"": ""STRONG"", ""n_neg"": 0, ""data_unreliable"": false}, {""minute"": ""15:16"", ""mid"": 118.65, ""bid"": 118.5, ""risk"": ""ELEVATED"", ""action"": ""CAUTION"", ""support"": ""NORMAL"", ""n_neg"": 1, ""data_unreliable"": false}, {""minute"": ""15:17"", ""mid"": 118.125, ""bid"": 118.05, ""risk"": ""ELEVATED"", ""action"": ""CAUTION"", ""support"": ""WEAK"", ""n_neg"": 3, ""data_unreliable"": false}, {""minute"": ""15:18"", ""mid"": 110.80000000000001, ""bid"": 110.65, ""risk"": ""EXTREME"", ""action"": ""BREAK_EXIT"", ""support"": ""CONTRADICTED"", ""n_neg"": 7, ""data_unreliable"": false}, {""minute"": ""15:19"", ""mid"": 110.35, ""bid"": 110.25, ""risk"": ""EXTREME"", ""action"": ""BREAK_EXIT"", ""support"": ""CONTRADICTED"", ""n_neg"": 7, ""data_unreliable"": false}]"
NIFTY,2026-08-27,CLOSING_1515_1529,CE,24200.0,15:15,15:29,108.725,108.8,"[{""minute"": ""15:15"", ""mid"": 108.725, ""bid"": 108.65, ""risk"": ""HIGH"", ""action"": ""PREPARE_EXIT"", ""support"": ""CONTRADICTED"", ""n_neg"": 5, ""data_unreliable"": false}, {""minute"": ""15:16"", ""mid"": 108.6, ""bid"": 108.55, ""risk"": ""EXTREME"", ""action"": ""BREAK_EXIT"", ""support"": ""CONTRADICTED"", ""n_neg"": 6, ""data_unreliable"": false}, {""minute"": ""15:17"", ""mid"": 108.375, ""bid"": 108.25, ""risk"": ""ELEVATED"", ""action"": ""CAUTION"", ""support"": ""WEAK"", ""n_neg"": 4, ""data_unreliable"": false}, {""minute"": ""15:18"", ""mid"": 112.275, ""bid"": 112.15, ""risk"": ""NORMAL"", ""action"": ""HOLD"", ""support"": ""NORMAL"", ""n_neg"": 1, ""data_unreliable"": false}, {""minute"": ""15:19"", ""mid"": 114.19999999999999, ""bid"": 114.05, ""risk"": ""NORMAL"", ""action"": ""HOLD"", ""support"": ""NORMAL"", ""n_neg"": 1, ""data_unreliable"": false}, {""minute"": ""15:20"", ""mid"": 104.5, ""bid"": 104.4, ""risk"": ""EXTREME"", ""action"": ""BREAK_EXIT"", ""support"": ""CONTRADICTED"", ""n_neg"": 6, ""data_unreliable"": false}, {""minute"": ""15:21"", ""mid"": 103.575, ""bid"": 103.5, ""risk"": ""EXTREME"", ""action"": ""BREAK_EXIT"", ""support"": ""CONTRADICTED"", ""n_neg"": 7, ""data_unreliable"": false}, {""minute"": ""15:22"", ""mid"": 100.125, ""bid"": 100.05, ""risk"": ""EXTREME"", ""action"": ""BREAK_EXIT"", ""support"": ""CONTRADICTED"", ""n_neg"": 7, ""data_unreliable"": false}, {""minute"": ""15:23"", ""mid"": 101.4, ""bid"": 101.25, ""risk"": ""EXTREME"", ""action"": ""BREAK_EXIT"", ""support"": ""CONTRADICTED"", ""n_neg"": 6, ""data_unreliable"": false}, {""minute"": ""15:24"", ""mid"": 103.175, ""bid"": 103.05, ""risk"": ""NORMAL"", ""action"": ""HOLD"", ""support"": ""NORMAL"", ""n_neg"": 1, ""data_unreliable"": false}, {""minute"": ""15:25"", ""mid"": 101.19999999999999, ""bid"": 101.1, ""risk"": ""EXTREME"", ""action"": ""BREAK_EXIT"", ""support"": ""CONTRADICTED"", ""n_neg"": 5, ""data_unreliable"": false}, {""minute"": ""15:26"", ""mid"": 97.75, ""bid"": 97.6, ""risk"": ""EXTREME"", ""action"": ""BREAK_EXIT"", ""support"": ""CONTRADICTED"", ""n_neg"": 6, ""data_unreliable"": false}, {""minute"": ""15:27"", ""mid"": 90.275, ""bid"": 90.15, ""risk"": ""EXTREME"", ""action"": ""BREAK_EXIT"", ""support"": ""CONTRADICTED"", ""n_neg"": 9, ""data_unreliable"": false}, {""minute"": ""15:28"", ""mid"": 89.875, ""bid"": 89.8, ""risk"": ""EXTREME"", ""action"": ""BREAK_EXIT"", ""support"": ""CONTRADICTED"", ""n_neg"": 6, ""data_unreliable"": false}, {""minute"": ""15:29"", ""mid"": 91.05000000000001, ""bid"": 90.9, ""risk"": ""ELEVATED"", ""action"": ""CAUTION"", ""support"": ""NORMAL"", ""n_neg"": 2, ""data_unreliable"": false}]"
NIFTY,2026-08-27,CLOSING_1515_1529,PE,24200.0,15:15,15:29,93.275,93.4,"[{""minute"": ""15:15"", ""mid"": 93.275, ""bid"": 93.15, ""risk"": ""LOW"", ""action"": ""HOLD"", ""support"": ""STRONG"", ""n_neg"": 0, ""data_unreliable"": false}, {""minute"": ""15:16"", ""mid"": 92.825, ""bid"": 92.7, ""risk"": ""ELEVATED"", ""action"": ""CAUTION"", ""support"": ""NORMAL"", ""n_neg"": 1, ""data_unreliable"": false}, {""minute"": ""15:17"", ""mid"": 92.25, ""bid"": 92.15, ""risk"": ""HIGH"", ""action"": ""PREPARE_EXIT"", ""support"": ""CONTRADICTED"", ""n_neg"": 4, ""data_unreliable"": false}, {""minute"": ""15:18"", ""mid"": 86.15, ""bid"": 86.05, ""risk"": ""EXTREME"", ""action"": ""BREAK_EXIT"", ""support"": ""CONTRADICTED"", ""n_neg"": 8, ""data_unreliable"": false}, {""minute"": ""15:19"", ""mid"": 85.575, ""bid"": 85.45, ""risk"": ""EXTREME"", ""action"": ""BREAK_EXIT"", ""support"": ""CONTRADICTED"", ""n_neg"": 6, ""data_unreliable"": false}, {""minute"": ""15:20"", ""mid"": 96.625, ""bid"": 96.5, ""risk"": ""NORMAL"", ""action"": ""HOLD"", ""support"": ""STRONG"", ""n_neg"": 0, ""data_unreliable"": false}, {""minute"": ""15:21"", ""mid"": 96.55000000000001, ""bid"": 96.45, ""risk"": ""ELEVATED"", ""action"": ""CAUTION"", ""support"": ""NORMAL"", ""n_neg"": 1, ""data_unreliable"": false}, {""minute"": ""15:22"", ""mid"": 98.30000000000001, ""bid"": 98.2, ""risk"": ""NORMAL"", ""action"": ""HOLD"", ""support"": ""STRONG"", ""n_neg"": 0, ""data_unreliable"": false}, {""minute"": ""15:23"", ""mid"": 98.35, ""bid"": 98.25, ""risk"": ""NORMAL"", ""action"": ""HOLD"", ""support"": ""STRONG"", ""n_neg"": 0, ""data_unreliable"": false}, {""minute"": ""15:24"", ""mid"": 98.775, ""bid"": 98.65, ""risk"": ""ELEVATED"", ""action"": ""CAUTION"", ""support"": ""NORMAL"", ""n_neg"": 2, ""data_unreliable"": false}, {""minute"": ""15:25"", ""mid"": 103.9, ""bid"": 103.8, ""risk"": ""NORMAL"", ""action"": ""HOLD"", ""support"": ""STRONG"", ""n_neg"": 0, ""data_unreliable"": false}, {""minute"": ""15:26"", ""mid"": 105.925, ""bid"": 105.8, ""risk"": ""NORMAL"", ""action"": ""HOLD"", ""support"": ""STRONG"", ""n_neg"": 0, ""data_unreliable"": false}, {""minute"": ""15:27"", ""mid"": 112.925, ""bid"": 112.75, ""risk"": ""NORMAL"", ""action"": ""HOLD"", ""support"": ""STRONG"", ""n_neg"": 0, ""data_unreliable"": false}, {""minute"": ""15:28"", ""mid"": 112.6, ""bid"": 112.45, ""risk"": ""ELEVATED"", ""action"": ""CAUTION"", ""support"": ""NORMAL"", ""n_neg"": 1, ""data_unreliable"": false}, {""minute"": ""15:29"", ""mid"": 110.775, ""bid"": 110.6, ""risk"": ""HIGH"", ""action"": ""PREPARE_EXIT"", ""support"": ""CONTRADICTED"", ""n_neg"": 5, ""data_unreliable"": false}]"
SENSEX,2026-08-27,11D_SHAPED_1500_1519,CE,77300.0,15:00,15:19,93.0,93.25,"[{""minute"": ""15:00"", ""mid"": 93.0, ""bid"": 92.75, ""risk"": ""LOW"", ""action"": ""HOLD"", ""support"": ""STRONG"", ""n_neg"": 0, ""data_unreliable"": false}, {""minute"": ""15:01"", ""mid"": 90.125, ""bid"": 90.0, ""risk"": ""ELEVATED"", ""action"": ""CAUTION"", ""support"": ""NORMAL"", ""n_neg"": 1, ""data_unreliable"": false}, {""minute"": ""15:02"", ""mid"": 82.9, ""bid"": 82.85, ""risk"": ""HIGH"", ""action"": ""PREPARE_EXIT"", ""support"": ""CONTRADICTED"", ""n_neg"": 6, ""data_unreliable"": false}, {""minute"": ""15:03"", ""mid"": 60.775000000000006, ""bid"": 60.7, ""risk"": ""EXTREME"", ""action"": ""BREAK_EXIT"", ""support"": ""CONTRADICTED"", ""n_neg"": 8, ""data_unreliable"": false}, {""minute"": ""15:04"", ""mid"": 66.65, ""bid"": 66.55, ""risk"": ""EXTREME"", ""action"": ""BREAK_EXIT"", ""support"": ""CONTRADICTED"", ""n_neg"": 5, ""data_unreliable"": false}, {""minute"": ""15:05"", ""mid"": 68.175, ""bid"": 68.1, ""risk"": ""ELEVATED"", ""action"": ""CAUTION"", ""support"": ""NORMAL"", ""n_neg"": 2, ""data_unreliable"": false}, {""minute"": ""15:06"", ""mid"": 62.625, ""bid"": 62.5, ""risk"": ""HIGH"", ""action"": ""PREPARE_EXIT"", ""support"": ""CONTRADICTED"", ""n_neg"": 5, ""data_unreliable"": false}, {""minute"": ""15:07"", ""mid"": 55.15, ""bid"": 55.05, ""risk"": ""EXTREME"", ""action"": ""BREAK_EXIT"", ""support"": ""CONTRADICTED"", ""n_neg"": 8, ""data_unreliable"": false}, {""minute"": ""15:08"", ""mid"": 50.3, ""bid"": 50.15, ""risk"": ""EXTREME"", ""action"": ""BREAK_EXIT"", ""support"": ""CONTRADICTED"", ""n_neg"": 6, ""data_unreliable"": false}, {""minute"": ""15:09"", ""mid"": 50.099999999999994, ""bid"": 50.05, ""risk"": ""EXTREME"", ""action"": ""BREAK_EXIT"", ""support"": ""CONTRADICTED"", ""n_neg"": 5, ""data_unreliable"": false}, {""minute"": ""15:10"", ""mid"": 54.175, ""bid"": 54.1, ""risk"": ""ELEVATED"", ""action"": ""CAUTION"", ""support"": ""NORMAL"", ""n_neg"": 2, ""data_unreliable"": false}, {""minute"": ""15:11"", ""mid"": 64.6, ""bid"": 64.5, ""risk"": ""LOW"", ""action"": ""HOLD"", ""support"": ""STRONG"", ""n_neg"": 0, ""data_unreliable"": false}, {""minute"": ""15:12"", ""mid"": 58.5, ""bid"": 58.4, ""risk"": ""ELEVATED"", ""action"": ""CAUTION"", ""support"": ""NORMAL"", ""n_neg"": 2, ""data_unreliable"": false}, {""minute"": ""15:13"", ""mid"": 52.45, ""bid"": 52.35, ""risk"": ""EXTREME"", ""action"": ""BREAK_EXIT"", ""support"": ""CONTRADICTED"", ""n_neg"": 8, ""data_unreliable"": false}, {""minute"": ""15:14"", ""mid"": 52.625, ""bid"": 52.55, ""risk"": ""EXTREME"", ""action"": ""BREAK_EXIT"", ""support"": ""CONTRADICTED"", ""n_neg"": 7, ""data_unreliable"": false}, {""minute"": ""15:15"", ""mid"": 80.775, ""bid"": 80.65, ""risk"": ""LOW"", ""action"": ""HOLD"", ""support"": ""STRONG"", ""n_neg"": 0, ""data_unreliable"": false}, {""minute"": ""15:16"", ""mid"": 71.19999999999999, ""bid"": 71.1, ""risk"": ""ELEVATED"", ""action"": ""CAUTION"", ""support"": ""NORMAL"", ""n_neg"": 1, ""data_unreliable"": false}, {""minute"": ""15:17"", ""mid"": 64.2, ""bid"": 64.0, ""risk"": ""HIGH"", ""action"": ""PREPARE_EXIT"", ""support"": ""CONTRADICTED"", ""n_neg"": 5, ""data_unreliable"": false}, {""minute"": ""15:18"", ""mid"": 70.15, ""bid"": 70.05, ""risk"": ""HIGH"", ""action"": ""PREPARE_EXIT"", ""support"": ""CONTRADICTED"", ""n_neg"": 5, ""data_unreliable"": false}, {""minute"": ""15:19"", ""mid"": 65.5, ""bid"": 65.4, ""risk"": ""ELEVATED"", ""action"": ""CAUTION"", ""support"": ""NORMAL"", ""n_neg"": 2, ""data_unreliable"": false}]"
SENSEX,2026-08-27,11D_SHAPED_1500_1519,PE,77300.0,15:00,15:19,73.35,73.65,"[{""minute"": ""15:00"", ""mid"": 73.35, ""bid"": 73.05, ""risk"": ""EXTREME"", ""action"": ""BREAK_EXIT"", ""support"": ""CONTRADICTED"", ""n_neg"": 6, ""data_unreliable"": false}, {""minute"": ""15:01"", ""mid"": 76.675, ""bid"": 76.55, ""risk"": ""HIGH"", ""action"": ""PREPARE_EXIT"", ""support"": ""CONTRADICTED"", ""n_neg"": 4, ""data_unreliable"": false}, {""minute"": ""15:02"", ""mid"": 79.5, ""bid"": 79.4, ""risk"": ""NORMAL"", ""action"": ""HOLD"", ""support"": ""NORMAL"", ""n_neg"": 1, ""data_unreliable"": false}, {""minute"": ""15:03"", ""mid"": 100.5, ""bid"": 100.25, ""risk"": ""LOW"", ""action"": ""HOLD"", ""support"": ""STRONG"", ""n_neg"": 0, ""data_unreliable"": false}, {""minute"": ""15:04"", ""mid"": 96.05000000000001, ""bid"": 95.9, ""risk"": ""ELEVATED"", ""action"": ""CAUTION"", ""support"": ""NORMAL"", ""n_neg"": 1, ""data_unreliable"": false}, {""minute"": ""15:05"", ""mid"": 102.35, ""bid"": 102.2, ""risk"": ""ELEVATED"", ""action"": ""CAUTION"", ""support"": ""NORMAL"", ""n_neg"": 2, ""data_unreliable"": false}, {""minute"": ""15:06"", ""mid"": 110.4, ""bid"": 110.2, ""risk"": ""LOW"", ""action"": ""HOLD"", ""support"": ""STRONG"", ""n_neg"": 0, ""data_unreliable"": false}, {""minute"": ""15:07"", ""mid"": 113.975, ""bid"": 113.9, ""risk"": ""LOW"", ""action"": ""HOLD"", ""support"": ""STRONG"", ""n_neg"": 0, ""data_unreliable"": false}, {""minute"": ""15:08"", ""mid"": 103.025, ""bid"": 102.9, ""risk"": ""ELEVATED"", ""action"": ""CAUTION"", ""support"": ""NORMAL"", ""n_neg"": 4, ""data_unreliable"": false}, {""minute"": ""15:09"", ""mid"": 110.925, ""bid"": 110.75, ""risk"": ""HIGH"", ""action"": ""PREPARE_EXIT"", ""support"": ""CONTRADICTED"", ""n_neg"": 3, ""data_unreliable"": false}, {""minute"": ""15:10"", ""mid"": 107.325, ""bid"": 107.25, ""risk"": ""HIGH"", ""action"": ""PREPARE_EXIT"", ""support"": ""CONTRADICTED"", ""n_neg"": 4, ""data_unreliable"": false}, {""minute"": ""15:11"", ""mid"": 104.9, ""bid"": 104.8, ""risk"": ""ELEVATED"", ""action"": ""CAUTION"", ""support"": ""WEAK"", ""n_neg"": 3, ""data_unreliable"": false}, {""minute"": ""15:12"", ""mid"": 109.05000000000001, ""bid"": 108.95, ""risk"": ""ELEVATED"", ""action"": ""CAUTION"", ""support"": ""WEAK"", ""n_neg"": 3, ""data_unreliable"": false}, {""minute"": ""15:13"", ""mid"": 112.55000000000001, ""bid"": 112.4, ""risk"": ""LOW"", ""action"": ""HOLD"", ""support"": ""STRONG"", ""n_neg"": 0, ""data_unreliable"": false}, {""minute"": ""15:14"", ""mid"": 118.625, ""bid"": 118.4, ""risk"": ""LOW"", ""action"": ""HOLD"", ""support"": ""STRONG"", ""n_neg"": 0, ""data_unreliable"": false}, {""minute"": ""15:15"", ""mid"": 88.5, ""bid"": 88.35, ""risk"": ""EXTREME"", ""action"": ""BREAK_EXIT"", ""support"": ""CONTRADICTED"", ""n_neg"": 7, ""data_unreliable"": false}, {""minute"": ""15:16"", ""mid"": 100.125, ""bid"": 100.0, ""risk"": ""HIGH"", ""action"": ""PREPARE_EXIT"", ""support"": ""CONTRADICTED"", ""n_neg"": 4, ""data_unreliable"": false}, {""minute"": ""15:17"", ""mid"": 101.125, ""bid"": 101.0, ""risk"": ""NORMAL"", ""action"": ""HOLD"", ""support"": ""NORMAL"", ""n_neg"": 1, ""data_unreliable"": false}, {""minute"": ""15:18"", ""mid"": 89.25, ""bid"": 89.05, ""risk"": ""HIGH"", ""action"": ""PREPARE_EXIT"", ""support"": ""CONTRADICTED"", ""n_neg"": 4, ""data_unreliable"": false}, {""minute"": ""15:19"", ""mid"": 88.69999999999999, ""bid"": 88.55, ""risk"": ""EXTREME"", ""action"": ""BREAK_EXIT"", ""support"": ""CONTRADICTED"", ""n_neg"": 6, ""data_unreliable"": false}]"
SENSEX,2026-08-27,CLOSING_1515_1529,CE,77300.0,15:15,15:29,80.775,80.9,"[{""minute"": ""15:15"", ""mid"": 80.775, ""bid"": 80.65, ""risk"": ""LOW"", ""action"": ""HOLD"", ""support"": ""STRONG"", ""n_neg"": 0, ""data_unreliable"": false}, {""minute"": ""15:16"", ""mid"": 71.19999999999999, ""bid"": 71.1, ""risk"": ""ELEVATED"", ""action"": ""CAUTION"", ""support"": ""NORMAL"", ""n_neg"": 1, ""data_unreliable"": false}, {""minute"": ""15:17"", ""mid"": 64.2, ""bid"": 64.0, ""risk"": ""EXTREME"", ""action"": ""BREAK_EXIT"", ""support"": ""CONTRADICTED"", ""n_neg"": 6, ""data_unreliable"": false}, {""minute"": ""15:18"", ""mid"": 70.15, ""bid"": 70.05, ""risk"": ""HIGH"", ""action"": ""PREPARE_EXIT"", ""support"": ""CONTRADICTED"", ""n_neg"": 5, ""data_unreliable"": false}, {""minute"": ""15:19"", ""mid"": 65.5, ""bid"": 65.4, ""risk"": ""ELEVATED"", ""action"": ""CAUTION"", ""support"": ""NORMAL"", ""n_neg"": 2, ""data_unreliable"": false}, {""minute"": ""15:20"", ""mid"": 35.55, ""bid"": 35.5, ""risk"": ""EXTREME"", ""action"": ""BREAK_EXIT"", ""support"": ""CONTRADICTED"", ""n_neg"": 7, ""data_unreliable"": false}, {""minute"": ""15:21"", ""mid"": 26.450000000000003, ""bid"": 26.35, ""risk"": ""EXTREME"", ""action"": ""BREAK_EXIT"", ""support"": ""CONTRADICTED"", ""n_neg"": 7, ""data_unreliable"": false}, {""minute"": ""15:22"", ""mid"": 26.6, ""bid"": 26.55, ""risk"": ""EXTREME"", ""action"": ""BREAK_EXIT"", ""support"": ""CONTRADICTED"", ""n_neg"": 6, ""data_unreliable"": false}, {""minute"": ""15:23"", ""mid"": 34.15, ""bid"": 34.05, ""risk"": ""ELEVATED"", ""action"": ""CAUTION"", ""support"": ""NORMAL"", ""n_neg"": 2, ""data_unreliable"": false}, {""minute"": ""15:24"", ""mid"": 39.75, ""bid"": 39.6, ""risk"": ""ELEVATED"", ""action"": ""CAUTION"", ""support"": ""NORMAL"", ""n_neg"": 2, ""data_unreliable"": false}, {""minute"": ""15:25"", ""mid"": 36.15, ""bid"": 36.05, ""risk"": ""EXTREME"", ""action"": ""BREAK_EXIT"", ""support"": ""CONTRADICTED"", ""n_neg"": 5, ""data_unreliable"": false}, {""minute"": ""15:26"", ""mid"": 9.125, ""bid"": 9.1, ""risk"": ""EXTREME"", ""action"": ""BREAK_EXIT"", ""support"": ""CONTRADICTED"", ""n_neg"": 8, ""data_unreliable"": false}, {""minute"": ""15:27"", ""mid"": 3.025, ""bid"": 3.0, ""risk"": ""EXTREME"", ""action"": ""BREAK_EXIT"", ""support"": ""CONTRADICTED"", ""n_neg"": 7, ""data_unreliable"": false}, {""minute"": ""15:28"", ""mid"": 5.3, ""bid"": 5.25, ""risk"": ""EXTREME"", ""action"": ""BREAK_EXIT"", ""support"": ""CONTRADICTED"", ""n_neg"": 6, ""data_unreliable"": false}, {""minute"": ""15:29"", ""mid"": 3.325, ""bid"": 3.3, ""risk"": ""HIGH"", ""action"": ""PREPARE_EXIT"", ""support"": ""NORMAL"", ""n_neg"": 3, ""data_unreliable"": false}]"
SENSEX,2026-08-27,CLOSING_1515_1529,PE,77300.0,15:15,15:29,88.5,88.65,"[{""minute"": ""15:15"", ""mid"": 88.5, ""bid"": 88.35, ""risk"": ""EXTREME"", ""action"": ""BREAK_EXIT"", ""support"": ""CONTRADICTED"", ""n_neg"": 7, ""data_unreliable"": false}, {""minute"": ""15:16"", ""mid"": 100.125, ""bid"": 100.0, ""risk"": ""HIGH"", ""action"": ""PREPARE_EXIT"", ""support"": ""CONTRADICTED"", ""n_neg"": 4, ""data_unreliable"": false}, {""minute"": ""15:17"", ""mid"": 101.125, ""bid"": 101.0, ""risk"": ""NORMAL"", ""action"": ""HOLD"", ""support"": ""NORMAL"", ""n_neg"": 1, ""data_unreliable"": false}, {""minute"": ""15:18"", ""mid"": 89.25, ""bid"": 89.05, ""risk"": ""HIGH"", ""action"": ""PREPARE_EXIT"", ""support"": ""CONTRADICTED"", ""n_neg"": 4, ""data_unreliable"": false}, {""minute"": ""15:19"", ""mid"": 88.69999999999999, ""bid"": 88.55, ""risk"": ""EXTREME"", ""action"": ""BREAK_EXIT"", ""support"": ""CONTRADICTED"", ""n_neg"": 6, ""data_unreliable"": false}, {""minute"": ""15:20"", ""mid"": 131.825, ""bid"": 131.3, ""risk"": ""NORMAL"", ""action"": ""HOLD"", ""support"": ""NORMAL"", ""n_neg"": 1, ""data_unreliable"": false}, {""minute"": ""15:21"", ""mid"": 160.925, ""bid"": 160.7, ""risk"": ""NORMAL"", ""action"": ""HOLD"", ""support"": ""STRONG"", ""n_neg"": 0, ""data_unreliable"": false}, {""minute"": ""15:22"", ""mid"": 142.25, ""bid"": 142.0, ""risk"": ""ELEVATED"", ""action"": ""CAUTION"", ""support"": ""NORMAL"", ""n_neg"": 1, ""data_unreliable"": false}, {""minute"": ""15:23"", ""mid"": 160.5, ""bid"": 160.2, ""risk"": ""ELEVATED"", ""action"": ""CAUTION"", ""support"": ""WEAK"", ""n_neg"": 3, ""data_unreliable"": false}, {""minute"": ""15:24"", ""mid"": 177.225, ""bid"": 176.95, ""risk"": ""ELEVATED"", ""action"": ""CAUTION"", ""support"": ""NORMAL"", ""n_neg"": 2, ""data_unreliable"": false}, {""minute"": ""15:25"", ""mid"": 205.675, ""bid"": 205.0, ""risk"": ""ELEVATED"", ""action"": ""CAUTION"", ""support"": ""NORMAL"", ""n_neg"": 2, ""data_unreliable"": false}, {""minute"": ""15:26"", ""mid"": 196.15, ""bid"": 194.9, ""risk"": ""ELEVATED"", ""action"": ""CAUTION"", ""support"": ""NORMAL"", ""n_neg"": 2, ""data_unreliable"": false}, {""minute"": ""15:27"", ""mid"": 492.125, ""bid"": 489.5, ""risk"": ""NORMAL"", ""action"": ""HOLD"", ""support"": ""NORMAL"", ""n_neg"": 1, ""data_unreliable"": false}, {""minute"": ""15:28"", ""mid"": 462.32500000000005, ""bid"": 460.35, ""risk"": ""ELEVATED"", ""action"": ""CAUTION"", ""support"": ""NORMAL"", ""n_neg"": 2, ""data_unreliable"": false}, {""minute"": ""15:29"", ""mid"": 410.82500000000005, ""bid"": 410.05, ""risk"": ""EXTREME"", ""action"": ""BREAK_EXIT"", ""support"": ""CONTRADICTED"", ""n_neg"": 8, ""data_unreliable"": false}]"
NIFTY,2026-08-28,11D_SHAPED_1500_1519,CE,24200.0,15:00,15:19,85.6,85.7,"[{""minute"": ""15:00"", ""mid"": 85.6, ""bid"": 85.5, ""risk"": ""EXTREME"", ""action"": ""BREAK_EXIT"", ""support"": ""CONTRADICTED"", ""n_neg"": 6, ""data_unreliable"": false}, {""minute"": ""15:01"", ""mid"": 85.525, ""bid"": 85.45, ""risk"": ""EXTREME"", ""action"": ""BREAK_EXIT"", ""support"": ""CONTRADICTED"", ""n_neg"": 6, ""data_unreliable"": false}, {""minute"": ""15:02"", ""mid"": 80.0, ""bid"": 79.9, ""risk"": ""EXTREME"", ""action"": ""BREAK_EXIT"", ""support"": ""CONTRADICTED"", ""n_neg"": 7, ""data_unreliable"": false}, {""minute"": ""15:03"", ""mid"": 80.175, ""bid"": 80.1, ""risk"": ""EXTREME"", ""action"": ""BREAK_EXIT"", ""support"": ""CONTRADICTED"", ""n_neg"": 5, ""data_unreliable"": false}, {""minute"": ""15:04"", ""mid"": 81.15, ""bid"": 81.05, ""risk"": ""NORMAL"", ""action"": ""HOLD"", ""support"": ""NORMAL"", ""n_neg"": 1, ""data_unreliable"": false}, {""minute"": ""15:05"", ""mid"": 80.80000000000001, ""bid"": 80.7, ""risk"": ""ELEVATED"", ""action"": ""CAUTION"", ""support"": ""NORMAL"", ""n_neg"": 1, ""data_unreliable"": false}, {""minute"": ""15:06"", ""mid"": 83.775, ""bid"": 83.7, ""risk"": ""LOW"", ""action"": ""HOLD"", ""support"": ""STRONG"", ""n_neg"": 0, ""data_unreliable"": false}, {""minute"": ""15:07"", ""mid"": 83.725, ""bid"": 83.65, ""risk"": ""ELEVATED"", ""action"": ""CAUTION"", ""support"": ""NORMAL"", ""n_neg"": 1, ""data_unreliable"": false}, {""minute"": ""15:08"", ""mid"": 83.875, ""bid"": 83.8, ""risk"": ""NORMAL"", ""action"": ""HOLD"", ""support"": ""NORMAL"", ""n_neg"": 0, ""data_unreliable"": false}, {""minute"": ""15:09"", ""mid"": 90.15, ""bid"": 90.05, ""risk"": ""LOW"", ""action"": ""HOLD"", ""support"": ""STRONG"", ""n_neg"": 0, ""data_unreliable"": false}, {""minute"": ""15:10"", ""mid"": 91.725, ""bid"": 91.65, ""risk"": ""LOW"", ""action"": ""HOLD"", ""support"": ""STRONG"", ""n_neg"": 0, ""data_unreliable"": false}, {""minute"": ""15:11"", ""mid"": 93.80000000000001, ""bid"": 93.7, ""risk"": ""LOW"", ""action"": ""HOLD"", ""support"": ""STRONG"", ""n_neg"": 0, ""data_unreliable"": false}, {""minute"": ""15:12"", ""mid"": 108.775, ""bid"": 108.6, ""risk"": ""LOW"", ""action"": ""HOLD"", ""support"": ""STRONG"", ""n_neg"": 0, ""data_unreliable"": false}, {""minute"": ""15:13"", ""mid"": 103.175, ""bid"": 103.05, ""risk"": ""ELEVATED"", ""action"": ""CAUTION"", ""support"": ""NORMAL"", ""n_neg"": 1, ""data_unreliable"": false}, {""minute"": ""15:14"", ""mid"": 101.55, ""bid"": 101.5, ""risk"": ""HIGH"", ""action"": ""PREPARE_EXIT"", ""support"": ""CONTRADICTED"", ""n_neg"": 4, ""data_unreliable"": false}, {""minute"": ""15:15"", ""mid"": 101.725, ""bid"": 101.6, ""risk"": ""HIGH"", ""action"": ""PREPARE_EXIT"", ""support"": ""CONTRADICTED"", ""n_neg"": 4, ""data_unreliable"": false}, {""minute"": ""15:16"", ""mid"": 100.875, ""bid"": 100.75, ""risk"": ""HIGH"", ""action"": ""PREPARE_EXIT"", ""support"": ""CONTRADICTED"", ""n_neg"": 4, ""data_unreliable"": false}, {""minute"": ""15:17"", ""mid"": 101.675, ""bid"": 101.55, ""risk"": ""ELEVATED"", ""action"": ""CAUTION"", ""support"": ""WEAK"", ""n_neg"": 2, ""data_unreliable"": false}, {""minute"": ""15:18"", ""mid"": 99.825, ""bid"": 99.7, ""risk"": ""HIGH"", ""action"": ""PREPARE_EXIT"", ""support"": ""CONTRADICTED"", ""n_neg"": 6, ""data_unreliable"": false}, {""minute"": ""15:19"", ""mid"": 101.65, ""bid"": 101.55, ""risk"": ""ELEVATED"", ""action"": ""CAUTION"", ""support"": ""WEAK"", ""n_neg"": 3, ""data_unreliable"": false}]"
NIFTY,2026-08-28,11D_SHAPED_1500_1519,PE,24200.0,15:00,15:19,95.05000000000001,95.2,"[{""minute"": ""15:00"", ""mid"": 95.05000000000001, ""bid"": 94.9, ""risk"": ""LOW"", ""action"": ""HOLD"", ""support"": ""STRONG"", ""n_neg"": 0, ""data_unreliable"": false}, {""minute"": ""15:01"", ""mid"": 95.375, ""bid"": 95.25, ""risk"": ""LOW"", ""action"": ""HOLD"", ""support"": ""STRONG"", ""n_neg"": 0, ""data_unreliable"": false}, {""minute"": ""15:02"", ""mid"": 102.725, ""bid"": 102.6, ""risk"": ""LOW"", ""action"": ""HOLD"", ""support"": ""STRONG"", ""n_neg"": 0, ""data_unreliable"": false}, {""minute"": ""15:03"", ""mid"": 102.775, ""bid"": 102.7, ""risk"": ""LOW"", ""action"": ""HOLD"", ""support"": ""STRONG"", ""n_neg"": 0, ""data_unreliable"": false}, {""minute"": ""15:04"", ""mid"": 101.625, ""bid"": 101.55, ""risk"": ""HIGH"", ""action"": ""PREPARE_EXIT"", ""support"": ""CONTRADICTED"", ""n_neg"": 5, ""data_unreliable"": false}, {""minute"": ""15:05"", ""mid"": 102.825, ""bid"": 102.7, ""risk"": ""NORMAL"", ""action"": ""HOLD"", ""support"": ""NORMAL"", ""n_neg"": 0, ""data_unreliable"": false}, {""minute"": ""15:06"", ""mid"": 97.375, ""bid"": 97.25, ""risk"": ""EXTREME"", ""action"": ""BREAK_EXIT"", ""support"": ""CONTRADICTED"", ""n_neg"": 7, ""data_unreliable"": false}, {""minute"": ""15:07"", ""mid"": 98.15, ""bid"": 98.05, ""risk"": ""EXTREME"", ""action"": ""BREAK_EXIT"", ""support"": ""CONTRADICTED"", ""n_neg"": 7, ""data_unreliable"": false}, {""minute"": ""15:08"", ""mid"": 98.275, ""bid"": 98.2, ""risk"": ""NORMAL"", ""action"": ""HOLD"", ""support"": ""NORMAL"", ""n_neg"": 1, ""data_unreliable"": false}, {""minute"": ""15:09"", ""mid"": 91.65, ""bid"": 91.5, ""risk"": ""EXTREME"", ""action"": ""BREAK_EXIT"", ""support"": ""CONTRADICTED"", ""n_neg"": 6, ""data_unreliable"": false}, {""minute"": ""15:10"", ""mid"": 90.35, ""bid"": 90.25, ""risk"": ""HIGH"", ""action"": ""PREPARE_EXIT"", ""support"": ""CONTRADICTED"", ""n_neg"": 4, ""data_unreliable"": false}, {""minute"": ""15:11"", ""mid"": 89.925, ""bid"": 89.8, ""risk"": ""EXTREME"", ""action"": ""BREAK_EXIT"", ""support"": ""CONTRADICTED"", ""n_neg"": 5, ""data_unreliable"": false}, {""minute"": ""15:12"", ""mid"": 75.6, ""bid"": 75.5, ""risk"": ""EXTREME"", ""action"": ""BREAK_EXIT"", ""support"": ""CONTRADICTED"", ""n_neg"": 6, ""data_unreliable"": false}, {""minute"": ""15:13"", ""mid"": 78.275, ""bid"": 78.2, ""risk"": ""EXTREME"", ""action"": ""BREAK_EXIT"", ""support"": ""CONTRADICTED"", ""n_neg"": 7, ""data_unreliable"": false}, {""minute"": ""15:14"", ""mid"": 80.225, ""bid"": 80.2, ""risk"": ""NORMAL"", ""action"": ""HOLD"", ""support"": ""NORMAL"", ""n_neg"": 1, ""data_unreliable"": false}, {""minute"": ""15:15"", ""mid"": 77.69999999999999, ""bid"": 77.6, ""risk"": ""ELEVATED"", ""action"": ""CAUTION"", ""support"": ""NORMAL"", ""n_neg"": 2, ""data_unreliable"": false}, {""minute"": ""15:16"", ""mid"": 78.25, ""bid"": 78.15, ""risk"": ""EXTREME"", ""action"": ""BREAK_EXIT"", ""support"": ""CONTRADICTED"", ""n_neg"": 4, ""data_unreliable"": false}, {""minute"": ""15:17"", ""mid"": 77.175, ""bid"": 77.05, ""risk"": ""HIGH"", ""action"": ""PREPARE_EXIT"", ""support"": ""CONTRADICTED"", ""n_neg"": 4, ""data_unreliable"": false}, {""minute"": ""15:18"", ""mid"": 78.05, ""bid"": 78.0, ""risk"": ""ELEVATED"", ""action"": ""CAUTION"", ""support"": ""WEAK"", ""n_neg"": 3, ""data_unreliable"": false}, {""minute"": ""15:19"", ""mid"": 78.4, ""bid"": 78.3, ""risk"": ""NORMAL"", ""action"": ""HOLD"", ""support"": ""NORMAL"", ""n_neg"": 0, ""data_unreliable"": false}]"
NIFTY,2026-08-28,CLOSING_1515_1529,CE,24200.0,15:15,15:29,101.725,101.85,"[{""minute"": ""15:15"", ""mid"": 101.725, ""bid"": 101.6, ""risk"": ""HIGH"", ""action"": ""PREPARE_EXIT"", ""support"": ""CONTRADICTED"", ""n_neg"": 4, ""data_unreliable"": false}, {""minute"": ""15:16"", ""mid"": 100.875, ""bid"": 100.75, ""risk"": ""HIGH"", ""action"": ""PREPARE_EXIT"", ""support"": ""CONTRADICTED"", ""n_neg"": 4, ""data_unreliable"": false}, {""minute"": ""15:17"", ""mid"": 101.675, ""bid"": 101.55, ""risk"": ""ELEVATED"", ""action"": ""CAUTION"", ""support"": ""WEAK"", ""n_neg"": 2, ""data_unreliable"": false}, {""minute"": ""15:18"", ""mid"": 99.825, ""bid"": 99.7, ""risk"": ""HIGH"", ""action"": ""PREPARE_EXIT"", ""support"": ""CONTRADICTED"", ""n_neg"": 6, ""data_unreliable"": false}, {""minute"": ""15:19"", ""mid"": 101.65, ""bid"": 101.55, ""risk"": ""ELEVATED"", ""action"": ""CAUTION"", ""support"": ""WEAK"", ""n_neg"": 3, ""data_unreliable"": false}, {""minute"": ""15:20"", ""mid"": 111.35, ""bid"": 111.2, ""risk"": ""NORMAL"", ""action"": ""HOLD"", ""support"": ""STRONG"", ""n_neg"": 0, ""data_unreliable"": false}, {""minute"": ""15:21"", ""mid"": 112.625, ""bid"": 112.45, ""risk"": ""NORMAL"", ""action"": ""HOLD"", ""support"": ""STRONG"", ""n_neg"": 0, ""data_unreliable"": false}, {""minute"": ""15:22"", ""mid"": 108.425, ""bid"": 108.35, ""risk"": ""EXTREME"", ""action"": ""BREAK_EXIT"", ""support"": ""CONTRADICTED"", ""n_neg"": 5, ""data_unreliable"": false}, {""minute"": ""15:23"", ""mid"": 107.85, ""bid"": 107.7, ""risk"": ""EXTREME"", ""action"": ""BREAK_EXIT"", ""support"": ""CONTRADICTED"", ""n_neg"": 5, ""data_unreliable"": false}, {""minute"": ""15:24"", ""mid"": 110.1, ""bid"": 109.95, ""risk"": ""ELEVATED"", ""action"": ""CAUTION"", ""support"": ""WEAK"", ""n_neg"": 3, ""data_unreliable"": false}, {""minute"": ""15:25"", ""mid"": 110.0, ""bid"": 109.85, ""risk"": ""ELEVATED"", ""action"": ""CAUTION"", ""support"": ""NORMAL"", ""n_neg"": 1, ""data_unreliable"": false}, {""minute"": ""15:26"", ""mid"": 108.5, ""bid"": 108.35, ""risk"": ""HIGH"", ""action"": ""PREPARE_EXIT"", ""support"": ""CONTRADICTED"", ""n_neg"": 5, ""data_unreliable"": false}, {""minute"": ""15:27"", ""mid"": 106.125, ""bid"": 106.0, ""risk"": ""EXTREME"", ""action"": ""BREAK_EXIT"", ""support"": ""CONTRADICTED"", ""n_neg"": 6, ""data_unreliable"": false}, {""minute"": ""15:28"", ""mid"": 111.05000000000001, ""bid"": 110.9, ""risk"": ""NORMAL"", ""action"": ""HOLD"", ""support"": ""STRONG"", ""n_neg"": 0, ""data_unreliable"": false}, {""minute"": ""15:29"", ""mid"": 105.375, ""bid"": 105.3, ""risk"": ""HIGH"", ""action"": ""PREPARE_EXIT"", ""support"": ""CONTRADICTED"", ""n_neg"": 5, ""data_unreliable"": false}]"
NIFTY,2026-08-28,CLOSING_1515_1529,PE,24200.0,15:15,15:29,77.69999999999999,77.8,"[{""minute"": ""15:15"", ""mid"": 77.69999999999999, ""bid"": 77.6, ""risk"": ""ELEVATED"", ""action"": ""CAUTION"", ""support"": ""NORMAL"", ""n_neg"": 2, ""data_unreliable"": false}, {""minute"": ""15:16"", ""mid"": 78.25, ""bid"": 78.15, ""risk"": ""EXTREME"", ""action"": ""BREAK_EXIT"", ""support"": ""CONTRADICTED"", ""n_neg"": 4, ""data_unreliable"": false}, {""minute"": ""15:17"", ""mid"": 77.175, ""bid"": 77.05, ""risk"": ""HIGH"", ""action"": ""PREPARE_EXIT"", ""support"": ""CONTRADICTED"", ""n_neg"": 4, ""data_unreliable"": false}, {""minute"": ""15:18"", ""mid"": 78.05, ""bid"": 78.0, ""risk"": ""ELEVATED"", ""action"": ""CAUTION"", ""support"": ""WEAK"", ""n_neg"": 3, ""data_unreliable"": false}, {""minute"": ""15:19"", ""mid"": 78.4, ""bid"": 78.3, ""risk"": ""NORMAL"", ""action"": ""HOLD"", ""support"": ""NORMAL"", ""n_neg"": 0, ""data_unreliable"": false}, {""minute"": ""15:20"", ""mid"": 68.275, ""bid"": 68.2, ""risk"": ""EXTREME"", ""action"": ""BREAK_EXIT"", ""support"": ""CONTRADICTED"", ""n_neg"": 8, ""data_unreliable"": false}, {""minute"": ""15:21"", ""mid"": 64.44999999999999, ""bid"": 64.35, ""risk"": ""EXTREME"", ""action"": ""BREAK_EXIT"", ""support"": ""CONTRADICTED"", ""n_neg"": 7, ""data_unreliable"": false}, {""minute"": ""15:22"", ""mid"": 67.6, ""bid"": 67.5, ""risk"": ""ELEVATED"", ""action"": ""CAUTION"", ""support"": ""NORMAL"", ""n_neg"": 2, ""data_unreliable"": false}, {""minute"": ""15:23"", ""mid"": 69.5, ""bid"": 69.4, ""risk"": ""NORMAL"", ""action"": ""HOLD"", ""support"": ""STRONG"", ""n_neg"": 0, ""data_unreliable"": false}, {""minute"": ""15:24"", ""mid"": 69.475, ""bid"": 69.4, ""risk"": ""ELEVATED"", ""action"": ""CAUTION"", ""support"": ""NORMAL"", ""n_neg"": 2, ""data_unreliable"": false}, {""minute"": ""15:25"", ""mid"": 67.25, ""bid"": 67.15, ""risk"": ""EXTREME"", ""action"": ""BREAK_EXIT"", ""support"": ""CONTRADICTED"", ""n_neg"": 7, ""data_unreliable"": false}, {""minute"": ""15:26"", ""mid"": 68.125, ""bid"": 68.1, ""risk"": ""HIGH"", ""action"": ""PREPARE_EXIT"", ""support"": ""CONTRADICTED"", ""n_neg"": 5, ""data_unreliable"": false}, {""minute"": ""15:27"", ""mid"": 69.475, ""bid"": 69.35, ""risk"": ""NORMAL"", ""action"": ""HOLD"", ""support"": ""STRONG"", ""n_neg"": 0, ""data_unreliable"": false}, {""minute"": ""15:28"", ""mid"": 63.85, ""bid"": 63.75, ""risk"": ""EXTREME"", ""action"": ""BREAK_EXIT"", ""support"": ""CONTRADICTED"", ""n_neg"": 6, ""data_unreliable"": false}, {""minute"": ""15:29"", ""mid"": 67.575, ""bid"": 67.45, ""risk"": ""EXTREME"", ""action"": ""BREAK_EXIT"", ""support"": ""CONTRADICTED"", ""n_neg"": 5, ""data_unreliable"": false}]"
SENSEX,2026-08-28,11D_SHAPED_1500_1519,CE,77400.0,15:00,15:19,374.875,375.4,"[{""minute"": ""15:00"", ""mid"": 374.875, ""bid"": 374.35, ""risk"": ""EXTREME"", ""action"": ""BREAK_EXIT"", ""support"": ""CONTRADICTED"", ""n_neg"": 8, ""data_unreliable"": false}, {""minute"": ""15:01"", ""mid"": 373.125, ""bid"": 372.65, ""risk"": ""EXTREME"", ""action"": ""BREAK_EXIT"", ""support"": ""CONTRADICTED"", ""n_neg"": 5, ""data_unreliable"": false}, {""minute"": ""15:02"", ""mid"": 359.625, ""bid"": 359.1, ""risk"": ""EXTREME"", ""action"": ""BREAK_EXIT"", ""support"": ""CONTRADICTED"", ""n_neg"": 6, ""data_unreliable"": false}, {""minute"": ""15:03"", ""mid"": 362.92499999999995, ""bid"": 362.45, ""risk"": ""EXTREME"", ""action"": ""BREAK_EXIT"", ""support"": ""CONTRADICTED"", ""n_neg"": 6, ""data_unreliable"": false}, {""minute"": ""15:04"", ""mid"": 366.875, ""bid"": 366.55, ""risk"": ""NORMAL"", ""action"": ""HOLD"", ""support"": ""NORMAL"", ""n_neg"": 1, ""data_unreliable"": false}, {""minute"": ""15:05"", ""mid"": 365.7, ""bid"": 365.25, ""risk"": ""ELEVATED"", ""action"": ""CAUTION"", ""support"": ""NORMAL"", ""n_neg"": 1, ""data_unreliable"": false}, {""minute"": ""15:06"", ""mid"": 370.625, ""bid"": 370.25, ""risk"": ""LOW"", ""action"": ""HOLD"", ""support"": ""STRONG"", ""n_neg"": 0, ""data_unreliable"": false}, {""minute"": ""15:07"", ""mid"": 376.3, ""bid"": 375.85, ""risk"": ""LOW"", ""action"": ""HOLD"", ""support"": ""STRONG"", ""n_neg"": 0, ""data_unreliable"": false}, {""minute"": ""15:08"", ""mid"": 379.95000000000005, ""bid"": 379.6, ""risk"": ""LOW"", ""action"": ""HOLD"", ""support"": ""STRONG"", ""n_neg"": 0, ""data_unreliable"": false}, {""minute"": ""15:09"", ""mid"": 405.5, ""bid"": 404.95, ""risk"": ""LOW"", ""action"": ""HOLD"", ""support"": ""STRONG"", ""n_neg"": 0, ""data_unreliable"": false}, {""minute"": ""15:10"", ""mid"": 405.825, ""bid"": 405.25, ""risk"": ""LOW"", ""action"": ""HOLD"", ""support"": ""STRONG"", ""n_neg"": 0, ""data_unreliable"": false}, {""minute"": ""15:11"", ""mid"": 413.54999999999995, ""bid"": 413.15, ""risk"": ""LOW"", ""action"": ""HOLD"", ""support"": ""STRONG"", ""n_neg"": 0, ""data_unreliable"": false}, {""minute"": ""15:12"", ""mid"": 454.9, ""bid"": 454.1, ""risk"": ""LOW"", ""action"": ""HOLD"", ""support"": ""STRONG"", ""n_neg"": 0, ""data_unreliable"": false}, {""minute"": ""15:13"", ""mid"": 440.54999999999995, ""bid"": 439.95, ""risk"": ""ELEVATED"", ""action"": ""CAUTION"", ""support"": ""NORMAL"", ""n_neg"": 1, ""data_unreliable"": false}, {""minute"": ""15:14"", ""mid"": 443.825, ""bid"": 443.15, ""risk"": ""EXTREME"", ""action"": ""BREAK_EXIT"", ""support"": ""CONTRADICTED"", ""n_neg"": 6, ""data_unreliable"": false}, {""minute"": ""15:15"", ""mid"": 453.375, ""bid"": 452.7, ""risk"": ""LOW"", ""action"": ""HOLD"", ""support"": ""STRONG"", ""n_neg"": 0, ""data_unreliable"": false}, {""minute"": ""15:16"", ""mid"": 445.725, ""bid"": 445.1, ""risk"": ""ELEVATED"", ""action"": ""CAUTION"", ""support"": ""NORMAL"", ""n_neg"": 1, ""data_unreliable"": false}, {""minute"": ""15:17"", ""mid"": 450.475, ""bid"": 449.8, ""risk"": ""ELEVATED"", ""action"": ""CAUTION"", ""support"": ""WEAK"", ""n_neg"": 2, ""data_unreliable"": false}, {""minute"": ""15:18"", ""mid"": 440.5, ""bid"": 439.9, ""risk"": ""EXTREME"", ""action"": ""BREAK_EXIT"", ""support"": ""CONTRADICTED"", ""n_neg"": 6, ""data_unreliable"": false}, {""minute"": ""15:19"", ""mid"": 444.425, ""bid"": 444.35, ""risk"": ""EXTREME"", ""action"": ""BREAK_EXIT"", ""support"": ""CONTRADICTED"", ""n_neg"": 5, ""data_unreliable"": false}]"
SENSEX,2026-08-28,11D_SHAPED_1500_1519,PE,77400.0,15:00,15:19,419.67499999999995,419.95,"[{""minute"": ""15:00"", ""mid"": 419.67499999999995, ""bid"": 419.4, ""risk"": ""LOW"", ""action"": ""HOLD"", ""support"": ""STRONG"", ""n_neg"": 0, ""data_unreliable"": false}, {""minute"": ""15:01"", ""mid"": 416.375, ""bid"": 416.0, ""risk"": ""ELEVATED"", ""action"": ""CAUTION"", ""support"": ""NORMAL"", ""n_neg"": 1, ""data_unreliable"": false}, {""minute"": ""15:02"", ""mid"": 437.75, ""bid"": 437.15, ""risk"": ""NORMAL"", ""action"": ""HOLD"", ""support"": ""NORMAL"", ""n_neg"": 1, ""data_unreliable"": false}, {""minute"": ""15:03"", ""mid"": 435.675, ""bid"": 435.35, ""risk"": ""ELEVATED"", ""action"": ""CAUTION"", ""support"": ""NORMAL"", ""n_neg"": 1, ""data_unreliable"": false}, {""minute"": ""15:04"", ""mid"": 432.6, ""bid"": 432.2, ""risk"": ""HIGH"", ""action"": ""PREPARE_EXIT"", ""support"": ""CONTRADICTED"", ""n_neg"": 4, ""data_unreliable"": false}, {""minute"": ""15:05"", ""mid"": 437.75, ""bid"": 437.2, ""risk"": ""NORMAL"", ""action"": ""HOLD"", ""support"": ""NORMAL"", ""n_neg"": 1, ""data_unreliable"": false}, {""minute"": ""15:06"", ""mid"": 432.25, ""bid"": 431.65, ""risk"": ""EXTREME"", ""action"": ""BREAK_EXIT"", ""support"": ""CONTRADICTED"", ""n_neg"": 6, ""data_unreliable"": false}, {""minute"": ""15:07"", ""mid"": 421.575, ""bid"": 421.25, ""risk"": ""EXTREME"", ""action"": ""BREAK_EXIT"", ""support"": ""CONTRADICTED"", ""n_neg"": 7, ""data_unreliable"": false}, {""minute"": ""15:08"", ""mid"": 418.875, ""bid"": 418.5, ""risk"": ""EXTREME"", ""action"": ""BREAK_EXIT"", ""support"": ""CONTRADICTED"", ""n_neg"": 7, ""data_unreliable"": false}, {""minute"": ""15:09"", ""mid"": 388.975, ""bid"": 388.5, ""risk"": ""EXTREME"", ""action"": ""BREAK_EXIT"", ""support"": ""CONTRADICTED"", ""n_neg"": 8, ""data_unreliable"": false}, {""minute"": ""15:10"", ""mid"": 395.025, ""bid"": 394.75, ""risk"": ""EXTREME"", ""action"": ""BREAK_EXIT"", ""support"": ""CONTRADICTED"", ""n_neg"": 5, ""data_unreliable"": false}, {""minute"": ""15:11"", ""mid"": 385.3, ""bid"": 384.85, ""risk"": ""EXTREME"", ""action"": ""BREAK_EXIT"", ""support"": ""CONTRADICTED"", ""n_neg"": 6, ""data_unreliable"": false}, {""minute"": ""15:12"", ""mid"": 343.1, ""bid"": 342.6, ""risk"": ""EXTREME"", ""action"": ""BREAK_EXIT"", ""support"": ""CONTRADICTED"", ""n_neg"": 8, ""data_unreliable"": false}, {""minute"": ""15:13"", ""mid"": 345.85, ""bid"": 345.4, ""risk"": ""EXTREME"", ""action"": ""BREAK_EXIT"", ""support"": ""CONTRADICTED"", ""n_neg"": 7, ""data_unreliable"": false}, {""minute"": ""15:14"", ""mid"": 351.0, ""bid"": 350.75, ""risk"": ""NORMAL"", ""action"": ""HOLD"", ""support"": ""NORMAL"", ""n_neg"": 1, ""data_unreliable"": false}, {""minute"": ""15:15"", ""mid"": 342.0, ""bid"": 341.5, ""risk"": ""EXTREME"", ""action"": ""BREAK_EXIT"", ""support"": ""CONTRADICTED"", ""n_neg"": 7, ""data_unreliable"": false}, {""minute"": ""15:16"", ""mid"": 346.3, ""bid"": 345.8, ""risk"": ""EXTREME"", ""action"": ""BREAK_EXIT"", ""support"": ""CONTRADICTED"", ""n_neg"": 5, ""data_unreliable"": false}, {""minute"": ""15:17"", ""mid"": 344.175, ""bid"": 343.8, ""risk"": ""HIGH"", ""action"": ""PREPARE_EXIT"", ""support"": ""CONTRADICTED"", ""n_neg"": 3, ""data_unreliable"": false}, {""minute"": ""15:18"", ""mid"": 352.9, ""bid"": 352.35, ""risk"": ""NORMAL"", ""action"": ""HOLD"", ""support"": ""NORMAL"", ""n_neg"": 1, ""data_unreliable"": false}, {""minute"": ""15:19"", ""mid"": 348.975, ""bid"": 348.4, ""risk"": ""ELEVATED"", ""action"": ""CAUTION"", ""support"": ""NORMAL"", ""n_neg"": 2, ""data_unreliable"": false}]"
SENSEX,2026-08-28,CLOSING_1515_1529,CE,77500.0,15:15,15:29,399.1,399.65,"[{""minute"": ""15:15"", ""mid"": 399.1, ""bid"": 398.55, ""risk"": ""NORMAL"", ""action"": ""HOLD"", ""support"": ""NORMAL"", ""n_neg"": 1, ""data_unreliable"": false}, {""minute"": ""15:16"", ""mid"": 390.67499999999995, ""bid"": 390.2, ""risk"": ""ELEVATED"", ""action"": ""CAUTION"", ""support"": ""NORMAL"", ""n_neg"": 1, ""data_unreliable"": false}, {""minute"": ""15:17"", ""mid"": 396.4, ""bid"": 395.8, ""risk"": ""ELEVATED"", ""action"": ""CAUTION"", ""support"": ""NORMAL"", ""n_neg"": 1, ""data_unreliable"": false}, {""minute"": ""15:18"", ""mid"": 387.025, ""bid"": 386.35, ""risk"": ""EXTREME"", ""action"": ""BREAK_EXIT"", ""support"": ""CONTRADICTED"", ""n_neg"": 6, ""data_unreliable"": false}, {""minute"": ""15:19"", ""mid"": 390.875, ""bid"": 390.25, ""risk"": ""HIGH"", ""action"": ""PREPARE_EXIT"", ""support"": ""CONTRADICTED"", ""n_neg"": 4, ""data_unreliable"": false}, {""minute"": ""15:20"", ""mid"": 420.25, ""bid"": 419.6, ""risk"": ""NORMAL"", ""action"": ""HOLD"", ""support"": ""STRONG"", ""n_neg"": 0, ""data_unreliable"": false}, {""minute"": ""15:21"", ""mid"": 417.325, ""bid"": 416.75, ""risk"": ""ELEVATED"", ""action"": ""CAUTION"", ""support"": ""NORMAL"", ""n_neg"": 1, ""data_unreliable"": false}, {""minute"": ""15:22"", ""mid"": 405.475, ""bid"": 404.85, ""risk"": ""HIGH"", ""action"": ""PREPARE_EXIT"", ""support"": ""CONTRADICTED"", ""n_neg"": 5, ""data_unreliable"": false}, {""minute"": ""15:23"", ""mid"": 400.5, ""bid"": 400.0, ""risk"": ""HIGH"", ""action"": ""PREPARE_EXIT"", ""support"": ""CONTRADICTED"", ""n_neg"": 4, ""data_unreliable"": false}, {""minute"": ""15:24"", ""mid"": 406.25, ""bid"": 406.05, ""risk"": ""NORMAL"", ""action"": ""HOLD"", ""support"": ""NORMAL"", ""n_neg"": 1, ""data_unreliable"": false}, {""minute"": ""15:25"", ""mid"": 405.725, ""bid"": 405.1, ""risk"": ""ELEVATED"", ""action"": ""CAUTION"", ""support"": ""NORMAL"", ""n_neg"": 1, ""data_unreliable"": false}, {""minute"": ""15:26"", ""mid"": 398.92499999999995, ""bid"": 398.2, ""risk"": ""EXTREME"", ""action"": ""BREAK_EXIT"", ""support"": ""CONTRADICTED"", ""n_neg"": 5, ""data_unreliable"": false}, {""minute"": ""15:27"", ""mid"": 392.95, ""bid"": 392.25, ""risk"": ""HIGH"", ""action"": ""PREPARE_EXIT"", ""support"": ""CONTRADICTED"", ""n_neg"": 4, ""data_unreliable"": false}, {""minute"": ""15:28"", ""mid"": 405.575, ""bid"": 405.15, ""risk"": ""NORMAL"", ""action"": ""HOLD"", ""support"": ""STRONG"", ""n_neg"": 0, ""data_unreliable"": false}, {""minute"": ""15:29"", ""mid"": 387.925, ""bid"": 387.35, ""risk"": ""HIGH"", ""action"": ""PREPARE_EXIT"", ""support"": ""CONTRADICTED"", ""n_neg"": 5, ""data_unreliable"": false}]"
SENSEX,2026-08-28,CLOSING_1515_1529,PE,77500.0,15:15,15:29,386.375,387.0,"[{""minute"": ""15:15"", ""mid"": 386.375, ""bid"": 385.75, ""risk"": ""EXTREME"", ""action"": ""BREAK_EXIT"", ""support"": ""CONTRADICTED"", ""n_neg"": 6, ""data_unreliable"": false}, {""minute"": ""15:16"", ""mid"": 392.025, ""bid"": 391.4, ""risk"": ""HIGH"", ""action"": ""PREPARE_EXIT"", ""support"": ""CONTRADICTED"", ""n_neg"": 3, ""data_unreliable"": false}, {""minute"": ""15:17"", ""mid"": 389.85, ""bid"": 389.3, ""risk"": ""ELEVATED"", ""action"": ""CAUTION"", ""support"": ""WEAK"", ""n_neg"": 2, ""data_unreliable"": false}, {""minute"": ""15:18"", ""mid"": 399.05, ""bid"": 398.5, ""risk"": ""NORMAL"", ""action"": ""HOLD"", ""support"": ""STRONG"", ""n_neg"": 0, ""data_unreliable"": false}, {""minute"": ""15:19"", ""mid"": 398.075, ""bid"": 397.5, ""risk"": ""ELEVATED"", ""action"": ""CAUTION"", ""support"": ""NORMAL"", ""n_neg"": 1, ""data_unreliable"": false}, {""minute"": ""15:20"", ""mid"": 357.125, ""bid"": 356.8, ""risk"": ""EXTREME"", ""action"": ""BREAK_EXIT"", ""support"": ""CONTRADICTED"", ""n_neg"": 8, ""data_unreliable"": false}, {""minute"": ""15:21"", ""mid"": 349.475, ""bid"": 348.9, ""risk"": ""EXTREME"", ""action"": ""BREAK_EXIT"", ""support"": ""CONTRADICTED"", ""n_neg"": 8, ""data_unreliable"": false}, {""minute"": ""15:22"", ""mid"": 367.5, ""bid"": 366.9, ""risk"": ""NORMAL"", ""action"": ""HOLD"", ""support"": ""NORMAL"", ""n_neg"": 1, ""data_unreliable"": false}, {""minute"": ""15:23"", ""mid"": 367.825, ""bid"": 367.4, ""risk"": ""NORMAL"", ""action"": ""HOLD"", ""support"": ""STRONG"", ""n_neg"": 0, ""data_unreliable"": false}, {""minute"": ""15:24"", ""mid"": 363.6, ""bid"": 363.1, ""risk"": ""EXTREME"", ""action"": ""BREAK_EXIT"", ""support"": ""CONTRADICTED"", ""n_neg"": 5, ""data_unreliable"": false}, {""minute"": ""15:25"", ""mid"": 362.35, ""bid"": 361.75, ""risk"": ""EXTREME"", ""action"": ""BREAK_EXIT"", ""support"": ""CONTRADICTED"", ""n_neg"": 5, ""data_unreliable"": false}, {""minute"": ""15:26"", ""mid"": 366.125, ""bid"": 365.85, ""risk"": ""NORMAL"", ""action"": ""HOLD"", ""support"": ""NORMAL"", ""n_neg"": 0, ""data_unreliable"": false}, {""minute"": ""15:27"", ""mid"": 376.0, ""bid"": 375.45, ""risk"": ""NORMAL"", ""action"": ""HOLD"", ""support"": ""STRONG"", ""n_neg"": 0, ""data_unreliable"": false}, {""minute"": ""15:28"", ""mid"": 355.55, ""bid"": 355.25, ""risk"": ""EXTREME"", ""action"": ""BREAK_EXIT"", ""support"": ""CONTRADICTED"", ""n_neg"": 7, ""data_unreliable"": false}, {""minute"": ""15:29"", ""mid"": 368.725, ""bid"": 368.2, ""risk"": ""HIGH"", ""action"": ""PREPARE_EXIT"", ""support"": ""CONTRADICTED"", ""n_neg"": 3, ""data_unreliable"": false}]"
NIFTY,2026-08-31,11D_SHAPED_1500_1519,CE,24150.0,15:00,15:19,65.425,65.5,"[{""minute"": ""15:00"", ""mid"": 65.425, ""bid"": 65.35, ""risk"": ""EXTREME"", ""action"": ""BREAK_EXIT"", ""support"": ""CONTRADICTED"", ""n_neg"": 9, ""data_unreliable"": false}, {""minute"": ""15:01"", ""mid"": 72.525, ""bid"": 72.45, ""risk"": ""EXTREME"", ""action"": ""BREAK_EXIT"", ""support"": ""CONTRADICTED"", ""n_neg"": 6, ""data_unreliable"": false}, {""minute"": ""15:02"", ""mid"": 75.1, ""bid"": 75.0, ""risk"": ""NORMAL"", ""action"": ""HOLD"", ""support"": ""NORMAL"", ""n_neg"": 1, ""data_unreliable"": false}, {""minute"": ""15:03"", ""mid"": 72.075, ""bid"": 72.0, ""risk"": ""HIGH"", ""action"": ""PREPARE_EXIT"", ""support"": ""CONTRADICTED"", ""n_neg"": 3, ""data_unreliable"": false}, {""minute"": ""15:04"", ""mid"": 68.75, ""bid"": 68.65, ""risk"": ""EXTREME"", ""action"": ""BREAK_EXIT"", ""support"": ""CONTRADICTED"", ""n_neg"": 7, ""data_unreliable"": false}, {""minute"": ""15:05"", ""mid"": 60.15, ""bid"": 60.05, ""risk"": ""EXTREME"", ""action"": ""BREAK_EXIT"", ""support"": ""CONTRADICTED"", ""n_neg"": 7, ""data_unreliable"": false}, {""minute"": ""15:06"", ""mid"": 61.25, ""bid"": 61.2, ""risk"": ""EXTREME"", ""action"": ""BREAK_EXIT"", ""support"": ""CONTRADICTED"", ""n_neg"": 6, ""data_unreliable"": false}, {""minute"": ""15:07"", ""mid"": 65.9, ""bid"": 65.8, ""risk"": ""NORMAL"", ""action"": ""HOLD"", ""support"": ""NORMAL"", ""n_neg"": 1, ""data_unreliable"": false}, {""minute"": ""15:08"", ""mid"": 67.8, ""bid"": 67.75, ""risk"": ""LOW"", ""action"": ""HOLD"", ""support"": ""STRONG"", ""n_neg"": 0, ""data_unreliable"": false}, {""minute"": ""15:09"", ""mid"": 67.275, ""bid"": 67.2, ""risk"": ""ELEVATED"", ""action"": ""CAUTION"", ""support"": ""NORMAL"", ""n_neg"": 1, ""data_unreliable"": false}, {""minute"": ""15:10"", ""mid"": 67.975, ""bid"": 67.9, ""risk"": ""NORMAL"", ""action"": ""HOLD"", ""support"": ""NORMAL"", ""n_neg"": 0, ""data_unreliable"": false}, {""minute"": ""15:11"", ""mid"": 65.1, ""bid"": 65.0, ""risk"": ""HIGH"", ""action"": ""PREPARE_EXIT"", ""support"": ""CONTRADICTED"", ""n_neg"": 5, ""data_unreliable"": false}, {""minute"": ""15:12"", ""mid"": 62.7, ""bid"": 62.6, ""risk"": ""EXTREME"", ""action"": ""BREAK_EXIT"", ""support"": ""CONTRADICTED"", ""n_neg"": 7, ""data_unreliable"": false}, {""minute"": ""15:13"", ""mid"": 59.9, ""bid"": 59.8, ""risk"": ""EXTREME"", ""action"": ""BREAK_EXIT"", ""support"": ""CONTRADICTED"", ""n_neg"": 8, ""data_unreliable"": false}, {""minute"": ""15:14"", ""mid"": 61.05, ""bid"": 61.0, ""risk"": ""HIGH"", ""action"": ""PREPARE_EXIT"", ""support"": ""CONTRADICTED"", ""n_neg"": 4, ""data_unreliable"": false}, {""minute"": ""15:15"", ""mid"": 56.325, ""bid"": 56.25, ""risk"": ""EXTREME"", ""action"": ""BREAK_EXIT"", ""support"": ""CONTRADICTED"", ""n_neg"": 8, ""data_unreliable"": false}, {""minute"": ""15:16"", ""mid"": 54.05, ""bid"": 53.95, ""risk"": ""EXTREME"", ""action"": ""BREAK_EXIT"", ""support"": ""CONTRADICTED"", ""n_neg"": 8, ""data_unreliable"": false}, {""minute"": ""15:17"", ""mid"": 54.825, ""bid"": 54.75, ""risk"": ""EXTREME"", ""action"": ""BREAK_EXIT"", ""support"": ""CONTRADICTED"", ""n_neg"": 5, ""data_unreliable"": false}, {""minute"": ""15:18"", ""mid"": 54.675, ""bid"": 54.6, ""risk"": ""ELEVATED"", ""action"": ""CAUTION"", ""support"": ""NORMAL"", ""n_neg"": 2, ""data_unreliable"": false}, {""minute"": ""15:19"", ""mid"": 55.925, ""bid"": 55.85, ""risk"": ""NORMAL"", ""action"": ""HOLD"", ""support"": ""STRONG"", ""n_neg"": 0, ""data_unreliable"": false}]"
NIFTY,2026-08-31,11D_SHAPED_1500_1519,PE,24150.0,15:00,15:19,90.6,90.65,"[{""minute"": ""15:00"", ""mid"": 90.6, ""bid"": 90.55, ""risk"": ""LOW"", ""action"": ""HOLD"", ""support"": ""STRONG"", ""n_neg"": 0, ""data_unreliable"": false}, {""minute"": ""15:01"", ""mid"": 84.55000000000001, ""bid"": 84.45, ""risk"": ""ELEVATED"", ""action"": ""CAUTION"", ""support"": ""NORMAL"", ""n_neg"": 2, ""data_unreliable"": false}, {""minute"": ""15:02"", ""mid"": 81.5, ""bid"": 81.4, ""risk"": ""EXTREME"", ""action"": ""BREAK_EXIT"", ""support"": ""CONTRADICTED"", ""n_neg"": 5, ""data_unreliable"": false}, {""minute"": ""15:03"", ""mid"": 84.475, ""bid"": 84.35, ""risk"": ""ELEVATED"", ""action"": ""CAUTION"", ""support"": ""WEAK"", ""n_neg"": 5, ""data_unreliable"": false}, {""minute"": ""15:04"", ""mid"": 86.475, ""bid"": 86.35, ""risk"": ""NORMAL"", ""action"": ""HOLD"", ""support"": ""NORMAL"", ""n_neg"": 1, ""data_unreliable"": false}, {""minute"": ""15:05"", ""mid"": 94.425, ""bid"": 94.3, ""risk"": ""NORMAL"", ""action"": ""HOLD"", ""support"": ""NORMAL"", ""n_neg"": 1, ""data_unreliable"": false}, {""minute"": ""15:06"", ""mid"": 92.30000000000001, ""bid"": 92.15, ""risk"": ""ELEVATED"", ""action"": ""CAUTION"", ""support"": ""NORMAL"", ""n_neg"": 2, ""data_unreliable"": false}, {""minute"": ""15:07"", ""mid"": 86.125, ""bid"": 86.0, ""risk"": ""EXTREME"", ""action"": ""BREAK_EXIT"", ""support"": ""CONTRADICTED"", ""n_neg"": 6, ""data_unreliable"": false}, {""minute"": ""15:08"", ""mid"": 83.1, ""bid"": 83.0, ""risk"": ""EXTREME"", ""action"": ""BREAK_EXIT"", ""support"": ""CONTRADICTED"", ""n_neg"": 8, ""data_unreliable"": false}, {""minute"": ""15:09"", ""mid"": 83.275, ""bid"": 83.2, ""risk"": ""EXTREME"", ""action"": ""BREAK_EXIT"", ""support"": ""CONTRADICTED"", ""n_neg"": 7, ""data_unreliable"": false}, {""minute"": ""15:10"", ""mid"": 83.75, ""bid"": 83.65, ""risk"": ""ELEVATED"", ""action"": ""CAUTION"", ""support"": ""WEAK"", ""n_neg"": 2, ""data_unreliable"": false}, {""minute"": ""15:11"", ""mid"": 85.875, ""bid"": 85.75, ""risk"": ""NORMAL"", ""action"": ""HOLD"", ""support"": ""NORMAL"", ""n_neg"": 1, ""data_unreliable"": false}, {""minute"": ""15:12"", ""mid"": 86.875, ""bid"": 86.75, ""risk"": ""NORMAL"", ""action"": ""HOLD"", ""support"": ""NORMAL"", ""n_neg"": 1, ""data_unreliable"": false}, {""minute"": ""15:13"", ""mid"": 89.80000000000001, ""bid"": 89.7, ""risk"": ""NORMAL"", ""action"": ""HOLD"", ""support"": ""NORMAL"", ""n_neg"": 1, ""data_unreliable"": false}, {""minute"": ""15:14"", ""mid"": 88.225, ""bid"": 88.15, ""risk"": ""ELEVATED"", ""action"": ""CAUTION"", ""support"": ""NORMAL"", ""n_neg"": 2, ""data_unreliable"": false}, {""minute"": ""15:15"", ""mid"": 92.375, ""bid"": 92.25, ""risk"": ""NORMAL"", ""action"": ""HOLD"", ""support"": ""NORMAL"", ""n_neg"": 1, ""data_unreliable"": false}, {""minute"": ""15:16"", ""mid"": 94.325, ""bid"": 94.25, ""risk"": ""NORMAL"", ""action"": ""HOLD"", ""support"": ""STRONG"", ""n_neg"": 0, ""data_unreliable"": false}, {""minute"": ""15:17"", ""mid"": 91.475, ""bid"": 91.35, ""risk"": ""HIGH"", ""action"": ""PREPARE_EXIT"", ""support"": ""NORMAL"", ""n_neg"": 4, ""data_unreliable"": false}, {""minute"": ""15:18"", ""mid"": 90.275, ""bid"": 90.15, ""risk"": ""EXTREME"", ""action"": ""BREAK_EXIT"", ""support"": ""CONTRADICTED"", ""n_neg"": 7, ""data_unreliable"": false}, {""minute"": ""15:19"", ""mid"": 90.075, ""bid"": 90.0, ""risk"": ""EXTREME"", ""action"": ""BREAK_EXIT"", ""support"": ""CONTRADICTED"", ""n_neg"": 6, ""data_unreliable"": false}]"
NIFTY,2026-08-31,CLOSING_1515_1529,CE,24100.0,15:15,15:29,80.55000000000001,80.65,"[{""minute"": ""15:15"", ""mid"": 80.55000000000001, ""bid"": 80.45, ""risk"": ""EXTREME"", ""action"": ""BREAK_EXIT"", ""support"": ""CONTRADICTED"", ""n_neg"": 9, ""data_unreliable"": false}, {""minute"": ""15:16"", ""mid"": 79.275, ""bid"": 79.2, ""risk"": ""EXTREME"", ""action"": ""BREAK_EXIT"", ""support"": ""CONTRADICTED"", ""n_neg"": 8, ""data_unreliable"": false}, {""minute"": ""15:17"", ""mid"": 80.15, ""bid"": 80.05, ""risk"": ""ELEVATED"", ""action"": ""CAUTION"", ""support"": ""WEAK"", ""n_neg"": 3, ""data_unreliable"": false}, {""minute"": ""15:18"", ""mid"": 80.2, ""bid"": 80.15, ""risk"": ""NORMAL"", ""action"": ""HOLD"", ""support"": ""STRONG"", ""n_neg"": 0, ""data_unreliable"": false}, {""minute"": ""15:19"", ""mid"": 82.225, ""bid"": 82.1, ""risk"": ""NORMAL"", ""action"": ""HOLD"", ""support"": ""STRONG"", ""n_neg"": 0, ""data_unreliable"": false}, {""minute"": ""15:20"", ""mid"": 107.925, ""bid"": 107.75, ""risk"": ""NORMAL"", ""action"": ""HOLD"", ""support"": ""STRONG"", ""n_neg"": 0, ""data_unreliable"": false}, {""minute"": ""15:21"", ""mid"": 81.875, ""bid"": 81.75, ""risk"": ""HIGH"", ""action"": ""PREPARE_EXIT"", ""support"": ""NORMAL"", ""n_neg"": 3, ""data_unreliable"": false}, {""minute"": ""15:22"", ""mid"": 83.825, ""bid"": 83.7, ""risk"": ""HIGH"", ""action"": ""PREPARE_EXIT"", ""support"": ""CONTRADICTED"", ""n_neg"": 5, ""data_unreliable"": false}, {""minute"": ""15:23"", ""mid"": 74.425, ""bid"": 74.3, ""risk"": ""EXTREME"", ""action"": ""BREAK_EXIT"", ""support"": ""CONTRADICTED"", ""n_neg"": 8, ""data_unreliable"": false}, {""minute"": ""15:24"", ""mid"": 72.025, ""bid"": 71.9, ""risk"": ""EXTREME"", ""action"": ""BREAK_EXIT"", ""support"": ""CONTRADICTED"", ""n_neg"": 6, ""data_unreliable"": false}, {""minute"": ""15:25"", ""mid"": 72.925, ""bid"": 72.85, ""risk"": ""HIGH"", ""action"": ""PREPARE_EXIT"", ""support"": ""CONTRADICTED"", ""n_neg"": 4, ""data_unreliable"": false}, {""minute"": ""15:26"", ""mid"": 68.4, ""bid"": 68.3, ""risk"": ""HIGH"", ""action"": ""PREPARE_EXIT"", ""support"": ""CONTRADICTED"", ""n_neg"": 5, ""data_unreliable"": false}, {""minute"": ""15:27"", ""mid"": 68.375, ""bid"": 68.25, ""risk"": ""EXTREME"", ""action"": ""BREAK_EXIT"", ""support"": ""CONTRADICTED"", ""n_neg"": 5, ""data_unreliable"": false}, {""minute"": ""15:28"", ""mid"": 62.5, ""bid"": 62.4, ""risk"": ""EXTREME"", ""action"": ""BREAK_EXIT"", ""support"": ""CONTRADICTED"", ""n_neg"": 7, ""data_unreliable"": false}, {""minute"": ""15:29"", ""mid"": 66.85, ""bid"": 66.75, ""risk"": ""EXTREME"", ""action"": ""BREAK_EXIT"", ""support"": ""CONTRADICTED"", ""n_neg"": 5, ""data_unreliable"": false}]"
NIFTY,2026-08-31,CLOSING_1515_1529,PE,24100.0,15:15,15:29,68.875,68.95,"[{""minute"": ""15:15"", ""mid"": 68.875, ""bid"": 68.8, ""risk"": ""LOW"", ""action"": ""HOLD"", ""support"": ""STRONG"", ""n_neg"": 0, ""data_unreliable"": false}, {""minute"": ""15:16"", ""mid"": 69.9, ""bid"": 69.8, ""risk"": ""NORMAL"", ""action"": ""HOLD"", ""support"": ""STRONG"", ""n_neg"": 0, ""data_unreliable"": false}, {""minute"": ""15:17"", ""mid"": 67.675, ""bid"": 67.6, ""risk"": ""EXTREME"", ""action"": ""BREAK_EXIT"", ""support"": ""CONTRADICTED"", ""n_neg"": 5, ""data_unreliable"": false}, {""minute"": ""15:18"", ""mid"": 66.19999999999999, ""bid"": 66.1, ""risk"": ""EXTREME"", ""action"": ""BREAK_EXIT"", ""support"": ""CONTRADICTED"", ""n_neg"": 7, ""data_unreliable"": false}, {""minute"": ""15:19"", ""mid"": 65.55000000000001, ""bid"": 65.45, ""risk"": ""EXTREME"", ""action"": ""BREAK_EXIT"", ""support"": ""CONTRADICTED"", ""n_neg"": 5, ""data_unreliable"": false}, {""minute"": ""15:20"", ""mid"": 45.6, ""bid"": 45.5, ""risk"": ""EXTREME"", ""action"": ""BREAK_EXIT"", ""support"": ""CONTRADICTED"", ""n_neg"": 9, ""data_unreliable"": false}, {""minute"": ""15:21"", ""mid"": 63.7, ""bid"": 63.6, ""risk"": ""EXTREME"", ""action"": ""BREAK_EXIT"", ""support"": ""CONTRADICTED"", ""n_neg"": 4, ""data_unreliable"": false}, {""minute"": ""15:22"", ""mid"": 58.25, ""bid"": 58.2, ""risk"": ""ELEVATED"", ""action"": ""CAUTION"", ""support"": ""NORMAL"", ""n_neg"": 2, ""data_unreliable"": false}, {""minute"": ""15:23"", ""mid"": 65.525, ""bid"": 65.4, ""risk"": ""NORMAL"", ""action"": ""HOLD"", ""support"": ""NORMAL"", ""n_neg"": 1, ""data_unreliable"": false}, {""minute"": ""15:24"", ""mid"": 65.30000000000001, ""bid"": 65.2, ""risk"": ""ELEVATED"", ""action"": ""CAUTION"", ""support"": ""NORMAL"", ""n_neg"": 1, ""data_unreliable"": false}, {""minute"": ""15:25"", ""mid"": 62.85, ""bid"": 62.75, ""risk"": ""EXTREME"", ""action"": ""BREAK_EXIT"", ""support"": ""CONTRADICTED"", ""n_neg"": 7, ""data_unreliable"": false}, {""minute"": ""15:26"", ""mid"": 62.075, ""bid"": 62.0, ""risk"": ""HIGH"", ""action"": ""PREPARE_EXIT"", ""support"": ""CONTRADICTED"", ""n_neg"": 5, ""data_unreliable"": false}, {""minute"": ""15:27"", ""mid"": 63.125, ""bid"": 63.05, ""risk"": ""NORMAL"", ""action"": ""HOLD"", ""support"": ""NORMAL"", ""n_neg"": 1, ""data_unreliable"": false}, {""minute"": ""15:28"", ""mid"": 69.19999999999999, ""bid"": 69.1, ""risk"": ""NORMAL"", ""action"": ""HOLD"", ""support"": ""STRONG"", ""n_neg"": 0, ""data_unreliable"": false}, {""minute"": ""15:29"", ""mid"": 62.7, ""bid"": 62.6, ""risk"": ""HIGH"", ""action"": ""PREPARE_EXIT"", ""support"": ""NORMAL"", ""n_neg"": 3, ""data_unreliable"": false}]"
SENSEX,2026-08-31,11D_SHAPED_1500_1519,CE,77200.0,15:00,15:19,389.5,390.15,"[{""minute"": ""15:00"", ""mid"": 389.5, ""bid"": 388.85, ""risk"": ""EXTREME"", ""action"": ""BREAK_EXIT"", ""support"": ""CONTRADICTED"", ""n_neg"": 7, ""data_unreliable"": false}, {""minute"": ""15:01"", ""mid"": 399.29999999999995, ""bid"": 398.7, ""risk"": ""EXTREME"", ""action"": ""BREAK_EXIT"", ""support"": ""CONTRADICTED"", ""n_neg"": 6, ""data_unreliable"": false}, {""minute"": ""15:02"", ""mid"": 408.45, ""bid"": 407.9, ""risk"": ""NORMAL"", ""action"": ""HOLD"", ""support"": ""NORMAL"", ""n_neg"": 1, ""data_unreliable"": false}, {""minute"": ""15:03"", ""mid"": 397.775, ""bid"": 397.25, ""risk"": ""ELEVATED"", ""action"": ""CAUTION"", ""support"": ""WEAK"", ""n_neg"": 2, ""data_unreliable"": false}, {""minute"": ""15:04"", ""mid"": 385.8, ""bid"": 385.35, ""risk"": ""EXTREME"", ""action"": ""BREAK_EXIT"", ""support"": ""CONTRADICTED"", ""n_neg"": 8, ""data_unreliable"": false}, {""minute"": ""15:05"", ""mid"": 365.3, ""bid"": 365.0, ""risk"": ""EXTREME"", ""action"": ""BREAK_EXIT"", ""support"": ""CONTRADICTED"", ""n_neg"": 7, ""data_unreliable"": false}, {""minute"": ""15:06"", ""mid"": 369.5, ""bid"": 369.0, ""risk"": ""EXTREME"", ""action"": ""BREAK_EXIT"", ""support"": ""CONTRADICTED"", ""n_neg"": 5, ""data_unreliable"": false}, {""minute"": ""15:07"", ""mid"": 376.75, ""bid"": 376.2, ""risk"": ""NORMAL"", ""action"": ""HOLD"", ""support"": ""NORMAL"", ""n_neg"": 1, ""data_unreliable"": false}, {""minute"": ""15:08"", ""mid"": 393.925, ""bid"": 393.3, ""risk"": ""LOW"", ""action"": ""HOLD"", ""support"": ""STRONG"", ""n_neg"": 0, ""data_unreliable"": false}, {""minute"": ""15:09"", ""mid"": 389.79999999999995, ""bid"": 389.65, ""risk"": ""ELEVATED"", ""action"": ""CAUTION"", ""support"": ""NORMAL"", ""n_neg"": 1, ""data_unreliable"": false}, {""minute"": ""15:10"", ""mid"": 389.45, ""bid"": 389.15, ""risk"": ""HIGH"", ""action"": ""PREPARE_EXIT"", ""support"": ""CONTRADICTED"", ""n_neg"": 4, ""data_unreliable"": false}, {""minute"": ""15:11"", ""mid"": 385.325, ""bid"": 384.75, ""risk"": ""HIGH"", ""action"": ""PREPARE_EXIT"", ""support"": ""CONTRADICTED"", ""n_neg"": 5, ""data_unreliable"": false}, {""minute"": ""15:12"", ""mid"": 380.625, ""bid"": 380.25, ""risk"": ""EXTREME"", ""action"": ""BREAK_EXIT"", ""support"": ""CONTRADICTED"", ""n_neg"": 5, ""data_unreliable"": false}, {""minute"": ""15:13"", ""mid"": 370.3, ""bid"": 370.0, ""risk"": ""EXTREME"", ""action"": ""BREAK_EXIT"", ""support"": ""CONTRADICTED"", ""n_neg"": 7, ""data_unreliable"": false}, {""minute"": ""15:14"", ""mid"": 375.6, ""bid"": 375.1, ""risk"": ""EXTREME"", ""action"": ""BREAK_EXIT"", ""support"": ""CONTRADICTED"", ""n_neg"": 5, ""data_unreliable"": false}, {""minute"": ""15:15"", ""mid"": 361.0, ""bid"": 360.55, ""risk"": ""EXTREME"", ""action"": ""BREAK_EXIT"", ""support"": ""CONTRADICTED"", ""n_neg"": 6, ""data_unreliable"": false}, {""minute"": ""15:16"", ""mid"": 352.175, ""bid"": 351.6, ""risk"": ""EXTREME"", ""action"": ""BREAK_EXIT"", ""support"": ""CONTRADICTED"", ""n_neg"": 6, ""data_unreliable"": false}, {""minute"": ""15:17"", ""mid"": 358.45000000000005, ""bid"": 357.85, ""risk"": ""ELEVATED"", ""action"": ""CAUTION"", ""support"": ""WEAK"", ""n_neg"": 4, ""data_unreliable"": false}, {""minute"": ""15:18"", ""mid"": 359.1, ""bid"": 358.6, ""risk"": ""NORMAL"", ""action"": ""HOLD"", ""support"": ""NORMAL"", ""n_neg"": 1, ""data_unreliable"": false}, {""minute"": ""15:19"", ""mid"": 357.15, ""bid"": 356.6, ""risk"": ""ELEVATED"", ""action"": ""CAUTION"", ""support"": ""WEAK"", ""n_neg"": 2, ""data_unreliable"": false}]"
SENSEX,2026-08-31,11D_SHAPED_1500_1519,PE,77200.0,15:00,15:19,348.4,348.45,"[{""minute"": ""15:00"", ""mid"": 348.4, ""bid"": 348.35, ""risk"": ""LOW"", ""action"": ""HOLD"", ""support"": ""STRONG"", ""n_neg"": 0, ""data_unreliable"": false}, {""minute"": ""15:01"", ""mid"": 339.675, ""bid"": 339.35, ""risk"": ""ELEVATED"", ""action"": ""CAUTION"", ""support"": ""NORMAL"", ""n_neg"": 2, ""data_unreliable"": false}, {""minute"": ""15:02"", ""mid"": 335.075, ""bid"": 334.65, ""risk"": ""EXTREME"", ""action"": ""BREAK_EXIT"", ""support"": ""CONTRADICTED"", ""n_neg"": 5, ""data_unreliable"": false}, {""minute"": ""15:03"", ""mid"": 343.0, ""bid"": 342.85, ""risk"": ""ELEVATED"", ""action"": ""CAUTION"", ""support"": ""WEAK"", ""n_neg"": 2, ""data_unreliable"": false}, {""minute"": ""15:04"", ""mid"": 347.65, ""bid"": 347.25, ""risk"": ""NORMAL"", ""action"": ""HOLD"", ""support"": ""NORMAL"", ""n_neg"": 1, ""data_unreliable"": false}, {""minute"": ""15:05"", ""mid"": 361.375, ""bid"": 360.8, ""risk"": ""NORMAL"", ""action"": ""HOLD"", ""support"": ""NORMAL"", ""n_neg"": 1, ""data_unreliable"": false}, {""minute"": ""15:06"", ""mid"": 354.475, ""bid"": 354.05, ""risk"": ""ELEVATED"", ""action"": ""CAUTION"", ""support"": ""NORMAL"", ""n_neg"": 2, ""data_unreliable"": false}, {""minute"": ""15:07"", ""mid"": 351.15, ""bid"": 350.75, ""risk"": ""HIGH"", ""action"": ""PREPARE_EXIT"", ""support"": ""CONTRADICTED"", ""n_neg"": 5, ""data_unreliable"": false}, {""minute"": ""15:08"", ""mid"": 337.025, ""bid"": 336.55, ""risk"": ""EXTREME"", ""action"": ""BREAK_EXIT"", ""support"": ""CONTRADICTED"", ""n_neg"": 6, ""data_unreliable"": false}, {""minute"": ""15:09"", ""mid"": 339.275, ""bid"": 338.8, ""risk"": ""EXTREME"", ""action"": ""BREAK_EXIT"", ""support"": ""CONTRADICTED"", ""n_neg"": 6, ""data_unreliable"": false}, {""minute"": ""15:10"", ""mid"": 342.15, ""bid"": 341.75, ""risk"": ""ELEVATED"", ""action"": ""CAUTION"", ""support"": ""NORMAL"", ""n_neg"": 2, ""data_unreliable"": false}, {""minute"": ""15:11"", ""mid"": 347.025, ""bid"": 346.55, ""risk"": ""NORMAL"", ""action"": ""HOLD"", ""support"": ""NORMAL"", ""n_neg"": 1, ""data_unreliable"": false}, {""minute"": ""15:12"", ""mid"": 348.55, ""bid"": 348.05, ""risk"": ""NORMAL"", ""action"": ""HOLD"", ""support"": ""NORMAL"", ""n_neg"": 1, ""data_unreliable"": false}, {""minute"": ""15:13"", ""mid"": 351.675, ""bid"": 351.35, ""risk"": ""NORMAL"", ""action"": ""HOLD"", ""support"": ""NORMAL"", ""n_neg"": 1, ""data_unreliable"": false}, {""minute"": ""15:14"", ""mid"": 350.875, ""bid"": 350.6, ""risk"": ""ELEVATED"", ""action"": ""CAUTION"", ""support"": ""NORMAL"", ""n_neg"": 2, ""data_unreliable"": false}, {""minute"": ""15:15"", ""mid"": 361.425, ""bid"": 361.0, ""risk"": ""NORMAL"", ""action"": ""HOLD"", ""support"": ""NORMAL"", ""n_neg"": 1, ""data_unreliable"": false}, {""minute"": ""15:16"", ""mid"": 366.15, ""bid"": 365.65, ""risk"": ""NORMAL"", ""action"": ""HOLD"", ""support"": ""NORMAL"", ""n_neg"": 1, ""data_unreliable"": false}, {""minute"": ""15:17"", ""mid"": 358.975, ""bid"": 358.4, ""risk"": ""HIGH"", ""action"": ""PREPARE_EXIT"", ""support"": ""CONTRADICTED"", ""n_neg"": 3, ""data_unreliable"": false}, {""minute"": ""15:18"", ""mid"": 351.475, ""bid"": 351.0, ""risk"": ""EXTREME"", ""action"": ""BREAK_EXIT"", ""support"": ""CONTRADICTED"", ""n_neg"": 9, ""data_unreliable"": false}, {""minute"": ""15:19"", ""mid"": 359.35, ""bid"": 358.95, ""risk"": ""ELEVATED"", ""action"": ""CAUTION"", ""support"": ""WEAK"", ""n_neg"": 2, ""data_unreliable"": false}]"
SENSEX,2026-08-31,CLOSING_1515_1529,CE,77200.0,15:15,15:29,361.0,361.45,"[{""minute"": ""15:15"", ""mid"": 361.0, ""bid"": 360.55, ""risk"": ""EXTREME"", ""action"": ""BREAK_EXIT"", ""support"": ""CONTRADICTED"", ""n_neg"": 6, ""data_unreliable"": false}, {""minute"": ""15:16"", ""mid"": 352.175, ""bid"": 351.6, ""risk"": ""EXTREME"", ""action"": ""BREAK_EXIT"", ""support"": ""CONTRADICTED"", ""n_neg"": 6, ""data_unreliable"": false}, {""minute"": ""15:17"", ""mid"": 358.45000000000005, ""bid"": 357.85, ""risk"": ""ELEVATED"", ""action"": ""CAUTION"", ""support"": ""WEAK"", ""n_neg"": 4, ""data_unreliable"": false}, {""minute"": ""15:18"", ""mid"": 359.1, ""bid"": 358.6, ""risk"": ""NORMAL"", ""action"": ""HOLD"", ""support"": ""NORMAL"", ""n_neg"": 1, ""data_unreliable"": false}, {""minute"": ""15:19"", ""mid"": 357.15, ""bid"": 356.6, ""risk"": ""ELEVATED"", ""action"": ""CAUTION"", ""support"": ""WEAK"", ""n_neg"": 2, ""data_unreliable"": false}, {""minute"": ""15:20"", ""mid"": 401.6, ""bid"": 400.8, ""risk"": ""NORMAL"", ""action"": ""HOLD"", ""support"": ""NORMAL"", ""n_neg"": 1, ""data_unreliable"": false}, {""minute"": ""15:21"", ""mid"": 373.25, ""bid"": 372.55, ""risk"": ""ELEVATED"", ""action"": ""CAUTION"", ""support"": ""NORMAL"", ""n_neg"": 2, ""data_unreliable"": false}, {""minute"": ""15:22"", ""mid"": 369.025, ""bid"": 368.45, ""risk"": ""HIGH"", ""action"": ""PREPARE_EXIT"", ""support"": ""CONTRADICTED"", ""n_neg"": 5, ""data_unreliable"": false}, {""minute"": ""15:23"", ""mid"": 339.65, ""bid"": 339.15, ""risk"": ""EXTREME"", ""action"": ""BREAK_EXIT"", ""support"": ""CONTRADICTED"", ""n_neg"": 7, ""data_unreliable"": false}, {""minute"": ""15:24"", ""mid"": 342.15, ""bid"": 341.55, ""risk"": ""EXTREME"", ""action"": ""BREAK_EXIT"", ""support"": ""CONTRADICTED"", ""n_neg"": 6, ""data_unreliable"": false}, {""minute"": ""15:25"", ""mid"": 341.375, ""bid"": 341.0, ""risk"": ""ELEVATED"", ""action"": ""CAUTION"", ""support"": ""WEAK"", ""n_neg"": 2, ""data_unreliable"": false}, {""minute"": ""15:26"", ""mid"": 342.375, ""bid"": 341.85, ""risk"": ""NORMAL"", ""action"": ""HOLD"", ""support"": ""NORMAL"", ""n_neg"": 0, ""data_unreliable"": false}, {""minute"": ""15:27"", ""mid"": 336.725, ""bid"": 336.35, ""risk"": ""HIGH"", ""action"": ""PREPARE_EXIT"", ""support"": ""CONTRADICTED"", ""n_neg"": 4, ""data_unreliable"": false}, {""minute"": ""15:28"", ""mid"": 320.67499999999995, ""bid"": 320.15, ""risk"": ""EXTREME"", ""action"": ""BREAK_EXIT"", ""support"": ""CONTRADICTED"", ""n_neg"": 7, ""data_unreliable"": false}, {""minute"": ""15:29"", ""mid"": 330.32500000000005, ""bid"": 329.8, ""risk"": ""EXTREME"", ""action"": ""BREAK_EXIT"", ""support"": ""CONTRADICTED"", ""n_neg"": 6, ""data_unreliable"": false}]"
SENSEX,2026-08-31,CLOSING_1515_1529,PE,77200.0,15:15,15:29,361.425,361.85,"[{""minute"": ""15:15"", ""mid"": 361.425, ""bid"": 361.0, ""risk"": ""LOW"", ""action"": ""HOLD"", ""support"": ""STRONG"", ""n_neg"": 0, ""data_unreliable"": false}, {""minute"": ""15:16"", ""mid"": 366.15, ""bid"": 365.65, ""risk"": ""NORMAL"", ""action"": ""HOLD"", ""support"": ""STRONG"", ""n_neg"": 0, ""data_unreliable"": false}, {""minute"": ""15:17"", ""mid"": 358.975, ""bid"": 358.4, ""risk"": ""ELEVATED"", ""action"": ""CAUTION"", ""support"": ""WEAK"", ""n_neg"": 2, ""data_unreliable"": false}, {""minute"": ""15:18"", ""mid"": 351.475, ""bid"": 351.0, ""risk"": ""EXTREME"", ""action"": ""BREAK_EXIT"", ""support"": ""CONTRADICTED"", ""n_neg"": 8, ""data_unreliable"": false}, {""minute"": ""15:19"", ""mid"": 359.35, ""bid"": 358.95, ""risk"": ""NORMAL"", ""action"": ""HOLD"", ""support"": ""NORMAL"", ""n_neg"": 1, ""data_unreliable"": false}, {""minute"": ""15:20"", ""mid"": 314.125, ""bid"": 312.05, ""risk"": ""EXTREME"", ""action"": ""BREAK_EXIT"", ""support"": ""CONTRADICTED"", ""n_neg"": 9, ""data_unreliable"": false}, {""minute"": ""15:21"", ""mid"": 334.75, ""bid"": 334.2, ""risk"": ""EXTREME"", ""action"": ""BREAK_EXIT"", ""support"": ""CONTRADICTED"", ""n_neg"": 8, ""data_unreliable"": false}, {""minute"": ""15:22"", ""mid"": 332.15, ""bid"": 332.0, ""risk"": ""ELEVATED"", ""action"": ""CAUTION"", ""support"": ""NORMAL"", ""n_neg"": 2, ""data_unreliable"": false}, {""minute"": ""15:23"", ""mid"": 351.85, ""bid"": 351.15, ""risk"": ""NORMAL"", ""action"": ""HOLD"", ""support"": ""NORMAL"", ""n_neg"": 1, ""data_unreliable"": false}, {""minute"": ""15:24"", ""mid"": 358.20000000000005, ""bid"": 357.6, ""risk"": ""NORMAL"", ""action"": ""HOLD"", ""support"": ""STRONG"", ""n_neg"": 0, ""data_unreliable"": false}, {""minute"": ""15:25"", ""mid"": 350.825, ""bid"": 350.2, ""risk"": ""HIGH"", ""action"": ""PREPARE_EXIT"", ""support"": ""CONTRADICTED"", ""n_neg"": 3, ""data_unreliable"": false}, {""minute"": ""15:26"", ""mid"": 344.92499999999995, ""bid"": 344.4, ""risk"": ""EXTREME"", ""action"": ""BREAK_EXIT"", ""support"": ""CONTRADICTED"", ""n_neg"": 5, ""data_unreliable"": false}, {""minute"": ""15:27"", ""mid"": 346.20000000000005, ""bid"": 345.55, ""risk"": ""HIGH"", ""action"": ""PREPARE_EXIT"", ""support"": ""CONTRADICTED"", ""n_neg"": 5, ""data_unreliable"": false}, {""minute"": ""15:28"", ""mid"": 361.70000000000005, ""bid"": 361.1, ""risk"": ""NORMAL"", ""action"": ""HOLD"", ""support"": ""STRONG"", ""n_neg"": 0, ""data_unreliable"": false}, {""minute"": ""15:29"", ""mid"": 348.525, ""bid"": 348.0, ""risk"": ""ELEVATED"", ""action"": ""CAUTION"", ""support"": ""NORMAL"", ""n_neg"": 1, ""data_unreliable"": false}]"
NIFTY,2026-09-01,11D_SHAPED_1500_1519,CE,24000.0,15:00,15:19,28.575000000000003,28.6,"[{""minute"": ""15:00"", ""mid"": 28.575000000000003, ""bid"": 28.55, ""risk"": ""EXTREME"", ""action"": ""BREAK_EXIT"", ""support"": ""CONTRADICTED"", ""n_neg"": 7, ""data_unreliable"": false}, {""minute"": ""15:01"", ""mid"": 26.5, ""bid"": 26.45, ""risk"": ""EXTREME"", ""action"": ""BREAK_EXIT"", ""support"": ""CONTRADICTED"", ""n_neg"": 7, ""data_unreliable"": false}, {""minute"": ""15:02"", ""mid"": 25.825000000000003, ""bid"": 25.8, ""risk"": ""EXTREME"", ""action"": ""BREAK_EXIT"", ""support"": ""CONTRADICTED"", ""n_neg"": 7, ""data_unreliable"": false}, {""minute"": ""15:03"", ""mid"": 26.15, ""bid"": 26.1, ""risk"": ""EXTREME"", ""action"": ""BREAK_EXIT"", ""support"": ""CONTRADICTED"", ""n_neg"": 6, ""data_unreliable"": false}, {""minute"": ""15:04"", ""mid"": 23.1, ""bid"": 23.05, ""risk"": ""EXTREME"", ""action"": ""BREAK_EXIT"", ""support"": ""CONTRADICTED"", ""n_neg"": 6, ""data_unreliable"": false}, {""minute"": ""15:05"", ""mid"": 27.25, ""bid"": 27.2, ""risk"": ""NORMAL"", ""action"": ""HOLD"", ""support"": ""NORMAL"", ""n_neg"": 1, ""data_unreliable"": false}, {""minute"": ""15:06"", ""mid"": 29.3, ""bid"": 29.25, ""risk"": ""NORMAL"", ""action"": ""HOLD"", ""support"": ""NORMAL"", ""n_neg"": 1, ""data_unreliable"": false}, {""minute"": ""15:07"", ""mid"": 26.5, ""bid"": 26.45, ""risk"": ""EXTREME"", ""action"": ""BREAK_EXIT"", ""support"": ""CONTRADICTED"", ""n_neg"": 6, ""data_unreliable"": false}, {""minute"": ""15:08"", ""mid"": 26.4, ""bid"": 26.35, ""risk"": ""EXTREME"", ""action"": ""BREAK_EXIT"", ""support"": ""CONTRADICTED"", ""n_neg"": 6, ""data_unreliable"": false}, {""minute"": ""15:09"", ""mid"": 25.65, ""bid"": 25.6, ""risk"": ""EXTREME"", ""action"": ""BREAK_EXIT"", ""support"": ""CONTRADICTED"", ""n_neg"": 7, ""data_unreliable"": false}, {""minute"": ""15:10"", ""mid"": 26.85, ""bid"": 26.8, ""risk"": ""ELEVATED"", ""action"": ""CAUTION"", ""support"": ""NORMAL"", ""n_neg"": 3, ""data_unreliable"": false}, {""minute"": ""15:11"", ""mid"": 29.625, ""bid"": 29.6, ""risk"": ""LOW"", ""action"": ""HOLD"", ""support"": ""STRONG"", ""n_neg"": 0, ""data_unreliable"": false}, {""minute"": ""15:12"", ""mid"": 29.325000000000003, ""bid"": 29.3, ""risk"": ""ELEVATED"", ""action"": ""CAUTION"", ""support"": ""NORMAL"", ""n_neg"": 1, ""data_unreliable"": false}, {""minute"": ""15:13"", ""mid"": 29.6, ""bid"": 29.55, ""risk"": ""ELEVATED"", ""action"": ""CAUTION"", ""support"": ""WEAK"", ""n_neg"": 3, ""data_unreliable"": false}, {""minute"": ""15:14"", ""mid"": 33.925, ""bid"": 33.85, ""risk"": ""NORMAL"", ""action"": ""HOLD"", ""support"": ""NORMAL"", ""n_neg"": 1, ""data_unreliable"": false}, {""minute"": ""15:15"", ""mid"": 25.525, ""bid"": 25.45, ""risk"": ""EXTREME"", ""action"": ""BREAK_EXIT"", ""support"": ""CONTRADICTED"", ""n_neg"": 7, ""data_unreliable"": false}, {""minute"": ""15:16"", ""mid"": 24.775, ""bid"": 24.7, ""risk"": ""EXTREME"", ""action"": ""BREAK_EXIT"", ""support"": ""CONTRADICTED"", ""n_neg"": 8, ""data_unreliable"": false}, {""minute"": ""15:17"", ""mid"": 26.15, ""bid"": 26.1, ""risk"": ""HIGH"", ""action"": ""PREPARE_EXIT"", ""support"": ""CONTRADICTED"", ""n_neg"": 4, ""data_unreliable"": false}, {""minute"": ""15:18"", ""mid"": 33.675, ""bid"": 33.6, ""risk"": ""NORMAL"", ""action"": ""HOLD"", ""support"": ""NORMAL"", ""n_neg"": 1, ""data_unreliable"": false}, {""minute"": ""15:19"", ""mid"": 31.325, ""bid"": 31.25, ""risk"": ""ELEVATED"", ""action"": ""CAUTION"", ""support"": ""NORMAL"", ""n_neg"": 2, ""data_unreliable"": false}]"
NIFTY,2026-09-01,11D_SHAPED_1500_1519,PE,24000.0,15:00,15:19,36.725,36.75,"[{""minute"": ""15:00"", ""mid"": 36.725, ""bid"": 36.7, ""risk"": ""LOW"", ""action"": ""HOLD"", ""support"": ""STRONG"", ""n_neg"": 0, ""data_unreliable"": false}, {""minute"": ""15:01"", ""mid"": 38.275000000000006, ""bid"": 38.2, ""risk"": ""NORMAL"", ""action"": ""HOLD"", ""support"": ""NORMAL"", ""n_neg"": 1, ""data_unreliable"": false}, {""minute"": ""15:02"", ""mid"": 37.849999999999994, ""bid"": 37.8, ""risk"": ""ELEVATED"", ""action"": ""CAUTION"", ""support"": ""NORMAL"", ""n_neg"": 2, ""data_unreliable"": false}, {""minute"": ""15:03"", ""mid"": 38.349999999999994, ""bid"": 38.3, ""risk"": ""NORMAL"", ""action"": ""HOLD"", ""support"": ""NORMAL"", ""n_neg"": 1, ""data_unreliable"": false}, {""minute"": ""15:04"", ""mid"": 38.224999999999994, ""bid"": 38.15, ""risk"": ""ELEVATED"", ""action"": ""CAUTION"", ""support"": ""NORMAL"", ""n_neg"": 2, ""data_unreliable"": false}, {""minute"": ""15:05"", ""mid"": 34.3, ""bid"": 34.25, ""risk"": ""EXTREME"", ""action"": ""BREAK_EXIT"", ""support"": ""CONTRADICTED"", ""n_neg"": 8, ""data_unreliable"": false}, {""minute"": ""15:06"", ""mid"": 32.099999999999994, ""bid"": 32.05, ""risk"": ""EXTREME"", ""action"": ""BREAK_EXIT"", ""support"": ""CONTRADICTED"", ""n_neg"": 6, ""data_unreliable"": false}, {""minute"": ""15:07"", ""mid"": 35.099999999999994, ""bid"": 35.05, ""risk"": ""ELEVATED"", ""action"": ""CAUTION"", ""support"": ""NORMAL"", ""n_neg"": 2, ""data_unreliable"": false}, {""minute"": ""15:08"", ""mid"": 36.599999999999994, ""bid"": 36.55, ""risk"": ""NORMAL"", ""action"": ""HOLD"", ""support"": ""NORMAL"", ""n_neg"": 1, ""data_unreliable"": false}, {""minute"": ""15:09"", ""mid"": 39.675, ""bid"": 39.6, ""risk"": ""NORMAL"", ""action"": ""HOLD"", ""support"": ""NORMAL"", ""n_neg"": 1, ""data_unreliable"": false}, {""minute"": ""15:10"", ""mid"": 40.400000000000006, ""bid"": 40.35, ""risk"": ""ELEVATED"", ""action"": ""CAUTION"", ""support"": ""NORMAL"", ""n_neg"": 2, ""data_unreliable"": false}, {""minute"": ""15:11"", ""mid"": 37.075, ""bid"": 37.0, ""risk"": ""HIGH"", ""action"": ""PREPARE_EXIT"", ""support"": ""CONTRADICTED"", ""n_neg"": 5, ""data_unreliable"": false}, {""minute"": ""15:12"", ""mid"": 38.349999999999994, ""bid"": 38.3, ""risk"": ""EXTREME"", ""action"": ""BREAK_EXIT"", ""support"": ""CONTRADICTED"", ""n_neg"": 5, ""data_unreliable"": false}, {""minute"": ""15:13"", ""mid"": 39.8, ""bid"": 39.75, ""risk"": ""ELEVATED"", ""action"": ""CAUTION"", ""support"": ""NORMAL"", ""n_neg"": 2, ""data_unreliable"": false}, {""minute"": ""15:14"", ""mid"": 33.849999999999994, ""bid"": 33.8, ""risk"": ""EXTREME"", ""action"": ""BREAK_EXIT"", ""support"": ""CONTRADICTED"", ""n_neg"": 8, ""data_unreliable"": false}, {""minute"": ""15:15"", ""mid"": 38.9, ""bid"": 38.8, ""risk"": ""HIGH"", ""action"": ""PREPARE_EXIT"", ""support"": ""NORMAL"", ""n_neg"": 4, ""data_unreliable"": false}, {""minute"": ""15:16"", ""mid"": 41.875, ""bid"": 41.8, ""risk"": ""NORMAL"", ""action"": ""HOLD"", ""support"": ""NORMAL"", ""n_neg"": 1, ""data_unreliable"": false}, {""minute"": ""15:17"", ""mid"": 42.3, ""bid"": 42.2, ""risk"": ""ELEVATED"", ""action"": ""CAUTION"", ""support"": ""NORMAL"", ""n_neg"": 2, ""data_unreliable"": false}, {""minute"": ""15:18"", ""mid"": 34.400000000000006, ""bid"": 34.35, ""risk"": ""EXTREME"", ""action"": ""BREAK_EXIT"", ""support"": ""CONTRADICTED"", ""n_neg"": 8, ""data_unreliable"": false}, {""minute"": ""15:19"", ""mid"": 35.775, ""bid"": 35.75, ""risk"": ""EXTREME"", ""action"": ""BREAK_EXIT"", ""support"": ""CONTRADICTED"", ""n_neg"": 7, ""data_unreliable"": false}]"
NIFTY,2026-09-01,CLOSING_1515_1529,CE,24000.0,15:15,15:29,25.525,25.6,"[{""minute"": ""15:15"", ""mid"": 25.525, ""bid"": 25.45, ""risk"": ""EXTREME"", ""action"": ""BREAK_EXIT"", ""support"": ""CONTRADICTED"", ""n_neg"": 6, ""data_unreliable"": false}, {""minute"": ""15:16"", ""mid"": 24.775, ""bid"": 24.7, ""risk"": ""EXTREME"", ""action"": ""BREAK_EXIT"", ""support"": ""CONTRADICTED"", ""n_neg"": 7, ""data_unreliable"": false}, {""minute"": ""15:17"", ""mid"": 26.15, ""bid"": 26.1, ""risk"": ""ELEVATED"", ""action"": ""CAUTION"", ""support"": ""WEAK"", ""n_neg"": 3, ""data_unreliable"": false}, {""minute"": ""15:18"", ""mid"": 33.675, ""bid"": 33.6, ""risk"": ""NORMAL"", ""action"": ""HOLD"", ""support"": ""STRONG"", ""n_neg"": 0, ""data_unreliable"": false}, {""minute"": ""15:19"", ""mid"": 31.325, ""bid"": 31.25, ""risk"": ""ELEVATED"", ""action"": ""CAUTION"", ""support"": ""NORMAL"", ""n_neg"": 1, ""data_unreliable"": false}, {""minute"": ""15:20"", ""mid"": 49.725, ""bid"": 49.7, ""risk"": ""NORMAL"", ""action"": ""HOLD"", ""support"": ""STRONG"", ""n_neg"": 0, ""data_unreliable"": false}, {""minute"": ""15:21"", ""mid"": 49.7, ""bid"": 49.65, ""risk"": ""ELEVATED"", ""action"": ""CAUTION"", ""support"": ""NORMAL"", ""n_neg"": 1, ""data_unreliable"": false}, {""minute"": ""15:22"", ""mid"": 67.225, ""bid"": 67.1, ""risk"": ""NORMAL"", ""action"": ""HOLD"", ""support"": ""STRONG"", ""n_neg"": 0, ""data_unreliable"": false}, {""minute"": ""15:23"", ""mid"": 58.7, ""bid"": 58.6, ""risk"": ""ELEVATED"", ""action"": ""CAUTION"", ""support"": ""NORMAL"", ""n_neg"": 1, ""data_unreliable"": false}, {""minute"": ""15:24"", ""mid"": 74.80000000000001, ""bid"": 74.7, ""risk"": ""NORMAL"", ""action"": ""HOLD"", ""support"": ""STRONG"", ""n_neg"": 0, ""data_unreliable"": false}, {""minute"": ""15:25"", ""mid"": 72.375, ""bid"": 72.3, ""risk"": ""ELEVATED"", ""action"": ""CAUTION"", ""support"": ""NORMAL"", ""n_neg"": 1, ""data_unreliable"": false}, {""minute"": ""15:26"", ""mid"": 61.5, ""bid"": 61.4, ""risk"": ""EXTREME"", ""action"": ""BREAK_EXIT"", ""support"": ""CONTRADICTED"", ""n_neg"": 6, ""data_unreliable"": false}, {""minute"": ""15:27"", ""mid"": 65.875, ""bid"": 65.8, ""risk"": ""HIGH"", ""action"": ""PREPARE_EXIT"", ""support"": ""CONTRADICTED"", ""n_neg"": 4, ""data_unreliable"": false}, {""minute"": ""15:28"", ""mid"": 56.724999999999994, ""bid"": 56.65, ""risk"": ""HIGH"", ""action"": ""PREPARE_EXIT"", ""support"": ""CONTRADICTED"", ""n_neg"": 6, ""data_unreliable"": false}, {""minute"": ""15:29"", ""mid"": 55.125, ""bid"": 55.05, ""risk"": ""HIGH"", ""action"": ""PREPARE_EXIT"", ""support"": ""CONTRADICTED"", ""n_neg"": 4, ""data_unreliable"": false}]"
NIFTY,2026-09-01,CLOSING_1515_1529,PE,24000.0,15:15,15:29,38.9,39.0,"[{""minute"": ""15:15"", ""mid"": 38.9, ""bid"": 38.8, ""risk"": ""HIGH"", ""action"": ""PREPARE_EXIT"", ""support"": ""NORMAL"", ""n_neg"": 3, ""data_unreliable"": false}, {""minute"": ""15:16"", ""mid"": 41.875, ""bid"": 41.8, ""risk"": ""NORMAL"", ""action"": ""HOLD"", ""support"": ""STRONG"", ""n_neg"": 0, ""data_unreliable"": false}, {""minute"": ""15:17"", ""mid"": 42.3, ""bid"": 42.2, ""risk"": ""ELEVATED"", ""action"": ""CAUTION"", ""support"": ""NORMAL"", ""n_neg"": 1, ""data_unreliable"": false}, {""minute"": ""15:18"", ""mid"": 34.400000000000006, ""bid"": 34.35, ""risk"": ""EXTREME"", ""action"": ""BREAK_EXIT"", ""support"": ""CONTRADICTED"", ""n_neg"": 7, ""data_unreliable"": false}, {""minute"": ""15:19"", ""mid"": 35.775, ""bid"": 35.75, ""risk"": ""EXTREME"", ""action"": ""BREAK_EXIT"", ""support"": ""CONTRADICTED"", ""n_neg"": 7, ""data_unreliable"": false}, {""minute"": ""15:20"", ""mid"": 13.649999999999999, ""bid"": 13.6, ""risk"": ""EXTREME"", ""action"": ""BREAK_EXIT"", ""support"": ""CONTRADICTED"", ""n_neg"": 8, ""data_unreliable"": false}, {""minute"": ""15:21"", ""mid"": 8.8, ""bid"": 8.75, ""risk"": ""EXTREME"", ""action"": ""BREAK_EXIT"", ""support"": ""CONTRADICTED"", ""n_neg"": 7, ""data_unreliable"": false}, {""minute"": ""15:22"", ""mid"": 2.525, ""bid"": 2.5, ""risk"": ""EXTREME"", ""action"": ""BREAK_EXIT"", ""support"": ""CONTRADICTED"", ""n_neg"": 6, ""data_unreliable"": false}, {""minute"": ""15:23"", ""mid"": 3.425, ""bid"": 3.4, ""risk"": ""EXTREME"", ""action"": ""BREAK_EXIT"", ""support"": ""CONTRADICTED"", ""n_neg"": 5, ""data_unreliable"": false}, {""minute"": ""15:24"", ""mid"": 1.025, ""bid"": 1.0, ""risk"": ""EXTREME"", ""action"": ""BREAK_EXIT"", ""support"": ""CONTRADICTED"", ""n_neg"": 6, ""data_unreliable"": false}, {""minute"": ""15:25"", ""mid"": 0.725, ""bid"": 0.7, ""risk"": ""EXTREME"", ""action"": ""BREAK_EXIT"", ""support"": ""CONTRADICTED"", ""n_neg"": 5, ""data_unreliable"": false}, {""minute"": ""15:26"", ""mid"": 1.025, ""bid"": 1.0, ""risk"": ""ELEVATED"", ""action"": ""CAUTION"", ""support"": ""NORMAL"", ""n_neg"": 2, ""data_unreliable"": false}, {""minute"": ""15:27"", ""mid"": 0.375, ""bid"": 0.35, ""risk"": ""EXTREME"", ""action"": ""BREAK_EXIT"", ""support"": ""CONTRADICTED"", ""n_neg"": 6, ""data_unreliable"": false}, {""minute"": ""15:28"", ""mid"": 0.625, ""bid"": 0.6, ""risk"": ""EXTREME"", ""action"": ""BREAK_EXIT"", ""support"": ""CONTRADICTED"", ""n_neg"": 6, ""data_unreliable"": false}, {""minute"": ""15:29"", ""mid"": 0.225, ""bid"": 0.2, ""risk"": ""EXTREME"", ""action"": ""BREAK_EXIT"", ""support"": ""CONTRADICTED"", ""n_neg"": 8, ""data_unreliable"": false}]"
SENSEX,2026-09-01,11D_SHAPED_1500_1519,CE,76800.0,15:00,15:19,280.475,280.85,"[{""minute"": ""15:00"", ""mid"": 280.475, ""bid"": 280.1, ""risk"": ""EXTREME"", ""action"": ""BREAK_EXIT"", ""support"": ""CONTRADICTED"", ""n_neg"": 6, ""data_unreliable"": false}, {""minute"": ""15:01"", ""mid"": 272.67499999999995, ""bid"": 272.4, ""risk"": ""EXTREME"", ""action"": ""BREAK_EXIT"", ""support"": ""CONTRADICTED"", ""n_neg"": 7, ""data_unreliable"": false}, {""minute"": ""15:02"", ""mid"": 278.65, ""bid"": 278.35, ""risk"": ""ELEVATED"", ""action"": ""CAUTION"", ""support"": ""WEAK"", ""n_neg"": 2, ""data_unreliable"": false}, {""minute"": ""15:03"", ""mid"": 269.625, ""bid"": 269.3, ""risk"": ""HIGH"", ""action"": ""PREPARE_EXIT"", ""support"": ""CONTRADICTED"", ""n_neg"": 4, ""data_unreliable"": false}, {""minute"": ""15:04"", ""mid"": 269.17499999999995, ""bid"": 268.95, ""risk"": ""HIGH"", ""action"": ""PREPARE_EXIT"", ""support"": ""CONTRADICTED"", ""n_neg"": 4, ""data_unreliable"": false}, {""minute"": ""15:05"", ""mid"": 272.925, ""bid"": 272.5, ""risk"": ""NORMAL"", ""action"": ""HOLD"", ""support"": ""NORMAL"", ""n_neg"": 1, ""data_unreliable"": false}, {""minute"": ""15:06"", ""mid"": 278.85, ""bid"": 278.55, ""risk"": ""LOW"", ""action"": ""HOLD"", ""support"": ""STRONG"", ""n_neg"": 0, ""data_unreliable"": false}, {""minute"": ""15:07"", ""mid"": 274.175, ""bid"": 273.8, ""risk"": ""ELEVATED"", ""action"": ""CAUTION"", ""support"": ""NORMAL"", ""n_neg"": 1, ""data_unreliable"": false}, {""minute"": ""15:08"", ""mid"": 269.625, ""bid"": 269.2, ""risk"": ""HIGH"", ""action"": ""PREPARE_EXIT"", ""support"": ""CONTRADICTED"", ""n_neg"": 4, ""data_unreliable"": false}, {""minute"": ""15:09"", ""mid"": 267.225, ""bid"": 266.85, ""risk"": ""HIGH"", ""action"": ""PREPARE_EXIT"", ""support"": ""CONTRADICTED"", ""n_neg"": 4, ""data_unreliable"": false}, {""minute"": ""15:10"", ""mid"": 262.875, ""bid"": 262.55, ""risk"": ""HIGH"", ""action"": ""PREPARE_EXIT"", ""support"": ""CONTRADICTED"", ""n_neg"": 5, ""data_unreliable"": false}, {""minute"": ""15:11"", ""mid"": 266.29999999999995, ""bid"": 265.95, ""risk"": ""ELEVATED"", ""action"": ""CAUTION"", ""support"": ""WEAK"", ""n_neg"": 3, ""data_unreliable"": false}, {""minute"": ""15:12"", ""mid"": 273.0, ""bid"": 272.6, ""risk"": ""LOW"", ""action"": ""HOLD"", ""support"": ""STRONG"", ""n_neg"": 0, ""data_unreliable"": false}, {""minute"": ""15:13"", ""mid"": 271.6, ""bid"": 271.25, ""risk"": ""ELEVATED"", ""action"": ""CAUTION"", ""support"": ""NORMAL"", ""n_neg"": 1, ""data_unreliable"": false}, {""minute"": ""15:14"", ""mid"": 276.575, ""bid"": 276.15, ""risk"": ""LOW"", ""action"": ""HOLD"", ""support"": ""STRONG"", ""n_neg"": 0, ""data_unreliable"": false}, {""minute"": ""15:15"", ""mid"": 277.45, ""bid"": 277.0, ""risk"": ""LOW"", ""action"": ""HOLD"", ""support"": ""STRONG"", ""n_neg"": 0, ""data_unreliable"": false}, {""minute"": ""15:16"", ""mid"": 272.20000000000005, ""bid"": 271.85, ""risk"": ""EXTREME"", ""action"": ""BREAK_EXIT"", ""support"": ""CONTRADICTED"", ""n_neg"": 5, ""data_unreliable"": false}, {""minute"": ""15:17"", ""mid"": 273.675, ""bid"": 273.3, ""risk"": ""EXTREME"", ""action"": ""BREAK_EXIT"", ""support"": ""CONTRADICTED"", ""n_neg"": 5, ""data_unreliable"": false}, {""minute"": ""15:18"", ""mid"": 271.79999999999995, ""bid"": 271.45, ""risk"": ""HIGH"", ""action"": ""PREPARE_EXIT"", ""support"": ""CONTRADICTED"", ""n_neg"": 4, ""data_unreliable"": false}, {""minute"": ""15:19"", ""mid"": 271.175, ""bid"": 270.85, ""risk"": ""ELEVATED"", ""action"": ""CAUTION"", ""support"": ""WEAK"", ""n_neg"": 3, ""data_unreliable"": false}]"
SENSEX,2026-09-01,11D_SHAPED_1500_1519,PE,76800.0,15:00,15:19,293.57500000000005,293.8,"[{""minute"": ""15:00"", ""mid"": 293.57500000000005, ""bid"": 293.35, ""risk"": ""LOW"", ""action"": ""HOLD"", ""support"": ""STRONG"", ""n_neg"": 0, ""data_unreliable"": false}, {""minute"": ""15:01"", ""mid"": 298.79999999999995, ""bid"": 298.45, ""risk"": ""NORMAL"", ""action"": ""HOLD"", ""support"": ""NORMAL"", ""n_neg"": 1, ""data_unreliable"": false}, {""minute"": ""15:02"", ""mid"": 293.25, ""bid"": 292.85, ""risk"": ""HIGH"", ""action"": ""PREPARE_EXIT"", ""support"": ""CONTRADICTED"", ""n_neg"": 3, ""data_unreliable"": false}, {""minute"": ""15:03"", ""mid"": 301.70000000000005, ""bid"": 301.35, ""risk"": ""NORMAL"", ""action"": ""HOLD"", ""support"": ""NORMAL"", ""n_neg"": 1, ""data_unreliable"": false}, {""minute"": ""15:04"", ""mid"": 304.025, ""bid"": 303.6, ""risk"": ""NORMAL"", ""action"": ""HOLD"", ""support"": ""NORMAL"", ""n_neg"": 1, ""data_unreliable"": false}, {""minute"": ""15:05"", ""mid"": 297.975, ""bid"": 297.55, ""risk"": ""EXTREME"", ""action"": ""BREAK_EXIT"", ""support"": ""CONTRADICTED"", ""n_neg"": 6, ""data_unreliable"": false}, {""minute"": ""15:06"", ""mid"": 293.125, ""bid"": 292.8, ""risk"": ""EXTREME"", ""action"": ""BREAK_EXIT"", ""support"": ""CONTRADICTED"", ""n_neg"": 6, ""data_unreliable"": false}, {""minute"": ""15:07"", ""mid"": 296.0, ""bid"": 295.65, ""risk"": ""HIGH"", ""action"": ""PREPARE_EXIT"", ""support"": ""CONTRADICTED"", ""n_neg"": 4, ""data_unreliable"": false}, {""minute"": ""15:08"", ""mid"": 302.325, ""bid"": 301.95, ""risk"": ""NORMAL"", ""action"": ""HOLD"", ""support"": ""NORMAL"", ""n_neg"": 1, ""data_unreliable"": false}, {""minute"": ""15:09"", ""mid"": 302.79999999999995, ""bid"": 302.4, ""risk"": ""NORMAL"", ""action"": ""HOLD"", ""support"": ""NORMAL"", ""n_neg"": 1, ""data_unreliable"": false}, {""minute"": ""15:10"", ""mid"": 308.70000000000005, ""bid"": 308.35, ""risk"": ""LOW"", ""action"": ""HOLD"", ""support"": ""STRONG"", ""n_neg"": 0, ""data_unreliable"": false}, {""minute"": ""15:11"", ""mid"": 307.925, ""bid"": 307.5, ""risk"": ""ELEVATED"", ""action"": ""CAUTION"", ""support"": ""NORMAL"", ""n_neg"": 2, ""data_unreliable"": false}, {""minute"": ""15:12"", ""mid"": 302.175, ""bid"": 301.75, ""risk"": ""EXTREME"", ""action"": ""BREAK_EXIT"", ""support"": ""CONTRADICTED"", ""n_neg"": 6, ""data_unreliable"": false}, {""minute"": ""15:13"", ""mid"": 304.325, ""bid"": 304.0, ""risk"": ""EXTREME"", ""action"": ""BREAK_EXIT"", ""support"": ""CONTRADICTED"", ""n_neg"": 6, ""data_unreliable"": false}, {""minute"": ""15:14"", ""mid"": 297.15, ""bid"": 296.6, ""risk"": ""EXTREME"", ""action"": ""BREAK_EXIT"", ""support"": ""CONTRADICTED"", ""n_neg"": 6, ""data_unreliable"": false}, {""minute"": ""15:15"", ""mid"": 295.225, ""bid"": 295.05, ""risk"": ""EXTREME"", ""action"": ""BREAK_EXIT"", ""support"": ""CONTRADICTED"", ""n_neg"": 6, ""data_unreliable"": false}, {""minute"": ""15:16"", ""mid"": 296.79999999999995, ""bid"": 296.4, ""risk"": ""ELEVATED"", ""action"": ""CAUTION"", ""support"": ""WEAK"", ""n_neg"": 5, ""data_unreliable"": false}, {""minute"": ""15:17"", ""mid"": 296.0, ""bid"": 295.55, ""risk"": ""ELEVATED"", ""action"": ""CAUTION"", ""support"": ""NORMAL"", ""n_neg"": 2, ""data_unreliable"": false}, {""minute"": ""15:18"", ""mid"": 291.95, ""bid"": 291.45, ""risk"": ""EXTREME"", ""action"": ""BREAK_EXIT"", ""support"": ""CONTRADICTED"", ""n_neg"": 7, ""data_unreliable"": false}, {""minute"": ""15:19"", ""mid"": 296.3, ""bid"": 295.85, ""risk"": ""NORMAL"", ""action"": ""HOLD"", ""support"": ""NORMAL"", ""n_neg"": 1, ""data_unreliable"": false}]"
SENSEX,2026-09-01,CLOSING_1515_1529,CE,76800.0,15:15,15:29,277.45,277.9,"[{""minute"": ""15:15"", ""mid"": 277.45, ""bid"": 277.0, ""risk"": ""LOW"", ""action"": ""HOLD"", ""support"": ""STRONG"", ""n_neg"": 0, ""data_unreliable"": false}, {""minute"": ""15:16"", ""mid"": 272.20000000000005, ""bid"": 271.85, ""risk"": ""EXTREME"", ""action"": ""BREAK_EXIT"", ""support"": ""CONTRADICTED"", ""n_neg"": 5, ""data_unreliable"": false}, {""minute"": ""15:17"", ""mid"": 273.675, ""bid"": 273.3, ""risk"": ""EXTREME"", ""action"": ""BREAK_EXIT"", ""support"": ""CONTRADICTED"", ""n_neg"": 5, ""data_unreliable"": false}, {""minute"": ""15:18"", ""mid"": 271.79999999999995, ""bid"": 271.45, ""risk"": ""HIGH"", ""action"": ""PREPARE_EXIT"", ""support"": ""CONTRADICTED"", ""n_neg"": 4, ""data_unreliable"": false}, {""minute"": ""15:19"", ""mid"": 271.175, ""bid"": 270.85, ""risk"": ""ELEVATED"", ""action"": ""CAUTION"", ""support"": ""WEAK"", ""n_neg"": 3, ""data_unreliable"": false}, {""minute"": ""15:20"", ""mid"": 269.625, ""bid"": 269.2, ""risk"": ""HIGH"", ""action"": ""PREPARE_EXIT"", ""support"": ""CONTRADICTED"", ""n_neg"": 4, ""data_unreliable"": false}, {""minute"": ""15:21"", ""mid"": 271.925, ""bid"": 271.5, ""risk"": ""NORMAL"", ""action"": ""HOLD"", ""support"": ""NORMAL"", ""n_neg"": 0, ""data_unreliable"": false}, {""minute"": ""15:22"", ""mid"": 259.6, ""bid"": 259.1, ""risk"": ""EXTREME"", ""action"": ""BREAK_EXIT"", ""support"": ""CONTRADICTED"", ""n_neg"": 7, ""data_unreliable"": false}, {""minute"": ""15:23"", ""mid"": 271.07500000000005, ""bid"": 270.6, ""risk"": ""NORMAL"", ""action"": ""HOLD"", ""support"": ""NORMAL"", ""n_neg"": 0, ""data_unreliable"": false}, {""minute"": ""15:24"", ""mid"": 272.92499999999995, ""bid"": 272.45, ""risk"": ""NORMAL"", ""action"": ""HOLD"", ""support"": ""STRONG"", ""n_neg"": 0, ""data_unreliable"": false}, {""minute"": ""15:25"", ""mid"": 268.3, ""bid"": 267.85, ""risk"": ""ELEVATED"", ""action"": ""CAUTION"", ""support"": ""WEAK"", ""n_neg"": 3, ""data_unreliable"": false}, {""minute"": ""15:26"", ""mid"": 265.025, ""bid"": 264.55, ""risk"": ""EXTREME"", ""action"": ""BREAK_EXIT"", ""support"": ""CONTRADICTED"", ""n_neg"": 5, ""data_unreliable"": false}, {""minute"": ""15:27"", ""mid"": 267.0, ""bid"": 266.6, ""risk"": ""ELEVATED"", ""action"": ""CAUTION"", ""support"": ""WEAK"", ""n_neg"": 3, ""data_unreliable"": false}, {""minute"": ""15:28"", ""mid"": 267.65, ""bid"": 267.45, ""risk"": ""ELEVATED"", ""action"": ""CAUTION"", ""support"": ""WEAK"", ""n_neg"": 1, ""data_unreliable"": false}, {""minute"": ""15:29"", ""mid"": 274.425, ""bid"": 274.1, ""risk"": ""NORMAL"", ""action"": ""HOLD"", ""support"": ""STRONG"", ""n_neg"": 0, ""data_unreliable"": false}]"
SENSEX,2026-09-01,CLOSING_1515_1529,PE,76800.0,15:15,15:29,295.225,295.4,"[{""minute"": ""15:15"", ""mid"": 295.225, ""bid"": 295.05, ""risk"": ""EXTREME"", ""action"": ""BREAK_EXIT"", ""support"": ""CONTRADICTED"", ""n_neg"": 6, ""data_unreliable"": false}, {""minute"": ""15:16"", ""mid"": 296.79999999999995, ""bid"": 296.4, ""risk"": ""ELEVATED"", ""action"": ""CAUTION"", ""support"": ""WEAK"", ""n_neg"": 5, ""data_unreliable"": false}, {""minute"": ""15:17"", ""mid"": 296.0, ""bid"": 295.55, ""risk"": ""ELEVATED"", ""action"": ""CAUTION"", ""support"": ""NORMAL"", ""n_neg"": 2, ""data_unreliable"": false}, {""minute"": ""15:18"", ""mid"": 291.95, ""bid"": 291.45, ""risk"": ""EXTREME"", ""action"": ""BREAK_EXIT"", ""support"": ""CONTRADICTED"", ""n_neg"": 7, ""data_unreliable"": false}, {""minute"": ""15:19"", ""mid"": 296.3, ""bid"": 295.85, ""risk"": ""NORMAL"", ""action"": ""HOLD"", ""support"": ""NORMAL"", ""n_neg"": 1, ""data_unreliable"": false}, {""minute"": ""15:20"", ""mid"": 288.8, ""bid"": 288.3, ""risk"": ""HIGH"", ""action"": ""PREPARE_EXIT"", ""support"": ""CONTRADICTED"", ""n_neg"": 5, ""data_unreliable"": false}, {""minute"": ""15:21"", ""mid"": 283.425, ""bid"": 283.1, ""risk"": ""EXTREME"", ""action"": ""BREAK_EXIT"", ""support"": ""CONTRADICTED"", ""n_neg"": 7, ""data_unreliable"": false}, {""minute"": ""15:22"", ""mid"": 293.7, ""bid"": 293.25, ""risk"": ""ELEVATED"", ""action"": ""CAUTION"", ""support"": ""NORMAL"", ""n_neg"": 2, ""data_unreliable"": false}, {""minute"": ""15:23"", ""mid"": 285.025, ""bid"": 284.55, ""risk"": ""HIGH"", ""action"": ""PREPARE_EXIT"", ""support"": ""CONTRADICTED"", ""n_neg"": 3, ""data_unreliable"": false}, {""minute"": ""15:24"", ""mid"": 278.925, ""bid"": 278.5, ""risk"": ""EXTREME"", ""action"": ""BREAK_EXIT"", ""support"": ""CONTRADICTED"", ""n_neg"": 7, ""data_unreliable"": false}, {""minute"": ""15:25"", ""mid"": 280.125, ""bid"": 279.75, ""risk"": ""HIGH"", ""action"": ""PREPARE_EXIT"", ""support"": ""CONTRADICTED"", ""n_neg"": 5, ""data_unreliable"": false}, {""minute"": ""15:26"", ""mid"": 274.95, ""bid"": 274.4, ""risk"": ""HIGH"", ""action"": ""PREPARE_EXIT"", ""support"": ""CONTRADICTED"", ""n_neg"": 5, ""data_unreliable"": false}, {""minute"": ""15:27"", ""mid"": 280.45000000000005, ""bid"": 280.05, ""risk"": ""NORMAL"", ""action"": ""HOLD"", ""support"": ""NORMAL"", ""n_neg"": 1, ""data_unreliable"": false}, {""minute"": ""15:28"", ""mid"": 280.3, ""bid"": 280.1, ""risk"": ""ELEVATED"", ""action"": ""CAUTION"", ""support"": ""NORMAL"", ""n_neg"": 1, ""data_unreliable"": false}, {""minute"": ""15:29"", ""mid"": 268.95, ""bid"": 268.9, ""risk"": ""EXTREME"", ""action"": ""BREAK_EXIT"", ""support"": ""CONTRADICTED"", ""n_neg"": 7, ""data_unreliable"": false}]"
NIFTY,2026-09-02,11D_SHAPED_1500_1519,CE,23900.0,15:00,15:19,140.775,140.9,"[{""minute"": ""15:00"", ""mid"": 140.775, ""bid"": 140.65, ""risk"": ""ELEVATED"", ""action"": ""CAUTION"", ""support"": ""NORMAL"", ""n_neg"": 1, ""data_unreliable"": false}, {""minute"": ""15:01"", ""mid"": 138.6, ""bid"": 138.45, ""risk"": ""HIGH"", ""action"": ""PREPARE_EXIT"", ""support"": ""CONTRADICTED"", ""n_neg"": 4, ""data_unreliable"": false}, {""minute"": ""15:02"", ""mid"": 133.5, ""bid"": 133.4, ""risk"": ""EXTREME"", ""action"": ""BREAK_EXIT"", ""support"": ""CONTRADICTED"", ""n_neg"": 6, ""data_unreliable"": false}, {""minute"": ""15:03"", ""mid"": 134.64999999999998, ""bid"": 134.6, ""risk"": ""EXTREME"", ""action"": ""BREAK_EXIT"", ""support"": ""CONTRADICTED"", ""n_neg"": 5, ""data_unreliable"": false}, {""minute"": ""15:04"", ""mid"": 130.7, ""bid"": 130.65, ""risk"": ""HIGH"", ""action"": ""PREPARE_EXIT"", ""support"": ""CONTRADICTED"", ""n_neg"": 5, ""data_unreliable"": false}, {""minute"": ""15:05"", ""mid"": 129.875, ""bid"": 129.75, ""risk"": ""EXTREME"", ""action"": ""BREAK_EXIT"", ""support"": ""CONTRADICTED"", ""n_neg"": 5, ""data_unreliable"": false}, {""minute"": ""15:06"", ""mid"": 131.02499999999998, ""bid"": 130.95, ""risk"": ""NORMAL"", ""action"": ""HOLD"", ""support"": ""NORMAL"", ""n_neg"": 1, ""data_unreliable"": false}, {""minute"": ""15:07"", ""mid"": 130.375, ""bid"": 130.2, ""risk"": ""ELEVATED"", ""action"": ""CAUTION"", ""support"": ""WEAK"", ""n_neg"": 2, ""data_unreliable"": false}, {""minute"": ""15:08"", ""mid"": 132.625, ""bid"": 132.45, ""risk"": ""LOW"", ""action"": ""HOLD"", ""support"": ""STRONG"", ""n_neg"": 0, ""data_unreliable"": false}, {""minute"": ""15:09"", ""mid"": 133.6, ""bid"": 133.45, ""risk"": ""LOW"", ""action"": ""HOLD"", ""support"": ""STRONG"", ""n_neg"": 0, ""data_unreliable"": false}, {""minute"": ""15:10"", ""mid"": 140.375, ""bid"": 140.2, ""risk"": ""LOW"", ""action"": ""HOLD"", ""support"": ""STRONG"", ""n_neg"": 0, ""data_unreliable"": false}, {""minute"": ""15:11"", ""mid"": 144.22500000000002, ""bid"": 144.05, ""risk"": ""LOW"", ""action"": ""HOLD"", ""support"": ""STRONG"", ""n_neg"": 0, ""data_unreliable"": false}, {""minute"": ""15:12"", ""mid"": 143.8, ""bid"": 143.65, ""risk"": ""ELEVATED"", ""action"": ""CAUTION"", ""support"": ""NORMAL"", ""n_neg"": 1, ""data_unreliable"": false}, {""minute"": ""15:13"", ""mid"": 141.925, ""bid"": 141.8, ""risk"": ""ELEVATED"", ""action"": ""CAUTION"", ""support"": ""WEAK"", ""n_neg"": 4, ""data_unreliable"": false}, {""minute"": ""15:14"", ""mid"": 141.325, ""bid"": 141.15, ""risk"": ""HIGH"", ""action"": ""PREPARE_EXIT"", ""support"": ""CONTRADICTED"", ""n_neg"": 4, ""data_unreliable"": false}, {""minute"": ""15:15"", ""mid"": 141.625, ""bid"": 141.45, ""risk"": ""ELEVATED"", ""action"": ""CAUTION"", ""support"": ""WEAK"", ""n_neg"": 2, ""data_unreliable"": false}, {""minute"": ""15:16"", ""mid"": 141.125, ""bid"": 140.95, ""risk"": ""HIGH"", ""action"": ""PREPARE_EXIT"", ""support"": ""CONTRADICTED"", ""n_neg"": 5, ""data_unreliable"": false}, {""minute"": ""15:17"", ""mid"": 140.125, ""bid"": 140.0, ""risk"": ""EXTREME"", ""action"": ""BREAK_EXIT"", ""support"": ""CONTRADICTED"", ""n_neg"": 6, ""data_unreliable"": false}, {""minute"": ""15:18"", ""mid"": 140.22500000000002, ""bid"": 140.05, ""risk"": ""HIGH"", ""action"": ""PREPARE_EXIT"", ""support"": ""CONTRADICTED"", ""n_neg"": 4, ""data_unreliable"": false}, {""minute"": ""15:19"", ""mid"": 139.02499999999998, ""bid"": 138.95, ""risk"": ""EXTREME"", ""action"": ""BREAK_EXIT"", ""support"": ""CONTRADICTED"", ""n_neg"": 5, ""data_unreliable"": false}]"
NIFTY,2026-09-02,11D_SHAPED_1500_1519,PE,23900.0,15:00,15:19,118.5,118.65,"[{""minute"": ""15:00"", ""mid"": 118.5, ""bid"": 118.35, ""risk"": ""ELEVATED"", ""action"": ""CAUTION"", ""support"": ""WEAK"", ""n_neg"": 2, ""data_unreliable"": false}, {""minute"": ""15:01"", ""mid"": 120.5, ""bid"": 120.35, ""risk"": ""LOW"", ""action"": ""HOLD"", ""support"": ""STRONG"", ""n_neg"": 0, ""data_unreliable"": false}, {""minute"": ""15:02"", ""mid"": 123.9, ""bid"": 123.75, ""risk"": ""LOW"", ""action"": ""HOLD"", ""support"": ""STRONG"", ""n_neg"": 0, ""data_unreliable"": false}, {""minute"": ""15:03"", ""mid"": 124.65, ""bid"": 124.5, ""risk"": ""LOW"", ""action"": ""HOLD"", ""support"": ""STRONG"", ""n_neg"": 0, ""data_unreliable"": false}, {""minute"": ""15:04"", ""mid"": 127.025, ""bid"": 126.85, ""risk"": ""LOW"", ""action"": ""HOLD"", ""support"": ""STRONG"", ""n_neg"": 0, ""data_unreliable"": false}, {""minute"": ""15:05"", ""mid"": 128.075, ""bid"": 127.9, ""risk"": ""LOW"", ""action"": ""HOLD"", ""support"": ""STRONG"", ""n_neg"": 0, ""data_unreliable"": false}, {""minute"": ""15:06"", ""mid"": 126.625, ""bid"": 126.5, ""risk"": ""ELEVATED"", ""action"": ""CAUTION"", ""support"": ""WEAK"", ""n_neg"": 2, ""data_unreliable"": false}, {""minute"": ""15:07"", ""mid"": 127.5, ""bid"": 127.45, ""risk"": ""ELEVATED"", ""action"": ""CAUTION"", ""support"": ""WEAK"", ""n_neg"": 2, ""data_unreliable"": false}, {""minute"": ""15:08"", ""mid"": 125.275, ""bid"": 125.1, ""risk"": ""EXTREME"", ""action"": ""BREAK_EXIT"", ""support"": ""CONTRADICTED"", ""n_neg"": 6, ""data_unreliable"": false}, {""minute"": ""15:09"", ""mid"": 123.725, ""bid"": 123.55, ""risk"": ""HIGH"", ""action"": ""PREPARE_EXIT"", ""support"": ""CONTRADICTED"", ""n_neg"": 4, ""data_unreliable"": false}, {""minute"": ""15:10"", ""mid"": 117.75, ""bid"": 117.6, ""risk"": ""EXTREME"", ""action"": ""BREAK_EXIT"", ""support"": ""CONTRADICTED"", ""n_neg"": 7, ""data_unreliable"": false}, {""minute"": ""15:11"", ""mid"": 113.825, ""bid"": 113.7, ""risk"": ""EXTREME"", ""action"": ""BREAK_EXIT"", ""support"": ""CONTRADICTED"", ""n_neg"": 6, ""data_unreliable"": false}, {""minute"": ""15:12"", ""mid"": 112.9, ""bid"": 112.75, ""risk"": ""EXTREME"", ""action"": ""BREAK_EXIT"", ""support"": ""CONTRADICTED"", ""n_neg"": 5, ""data_unreliable"": false}, {""minute"": ""15:13"", ""mid"": 115.375, ""bid"": 115.25, ""risk"": ""NORMAL"", ""action"": ""HOLD"", ""support"": ""NORMAL"", ""n_neg"": 1, ""data_unreliable"": false}, {""minute"": ""15:14"", ""mid"": 116.55000000000001, ""bid"": 116.4, ""risk"": ""LOW"", ""action"": ""HOLD"", ""support"": ""STRONG"", ""n_neg"": 0, ""data_unreliable"": false}, {""minute"": ""15:15"", ""mid"": 115.425, ""bid"": 115.3, ""risk"": ""ELEVATED"", ""action"": ""CAUTION"", ""support"": ""NORMAL"", ""n_neg"": 1, ""data_unreliable"": false}, {""minute"": ""15:16"", ""mid"": 115.125, ""bid"": 115.0, ""risk"": ""HIGH"", ""action"": ""PREPARE_EXIT"", ""support"": ""CONTRADICTED"", ""n_neg"": 3, ""data_unreliable"": false}, {""minute"": ""15:17"", ""mid"": 116.075, ""bid"": 115.95, ""risk"": ""NORMAL"", ""action"": ""HOLD"", ""support"": ""NORMAL"", ""n_neg"": 0, ""data_unreliable"": false}, {""minute"": ""15:18"", ""mid"": 115.875, ""bid"": 115.75, ""risk"": ""ELEVATED"", ""action"": ""CAUTION"", ""support"": ""NORMAL"", ""n_neg"": 1, ""data_unreliable"": false}, {""minute"": ""15:19"", ""mid"": 117.80000000000001, ""bid"": 117.65, ""risk"": ""NORMAL"", ""action"": ""HOLD"", ""support"": ""STRONG"", ""n_neg"": 0, ""data_unreliable"": false}]"
NIFTY,2026-09-02,CLOSING_1515_1529,CE,23950.0,15:15,15:29,115.825,115.95,"[{""minute"": ""15:15"", ""mid"": 115.825, ""bid"": 115.7, ""risk"": ""NORMAL"", ""action"": ""HOLD"", ""support"": ""NORMAL"", ""n_neg"": 1, ""data_unreliable"": false}, {""minute"": ""15:16"", ""mid"": 115.375, ""bid"": 115.25, ""risk"": ""HIGH"", ""action"": ""PREPARE_EXIT"", ""support"": ""CONTRADICTED"", ""n_neg"": 3, ""data_unreliable"": false}, {""minute"": ""15:17"", ""mid"": 114.35, ""bid"": 114.2, ""risk"": ""EXTREME"", ""action"": ""BREAK_EXIT"", ""support"": ""CONTRADICTED"", ""n_neg"": 5, ""data_unreliable"": false}, {""minute"": ""15:18"", ""mid"": 114.425, ""bid"": 114.35, ""risk"": ""HIGH"", ""action"": ""PREPARE_EXIT"", ""support"": ""CONTRADICTED"", ""n_neg"": 3, ""data_unreliable"": false}, {""minute"": ""15:19"", ""mid"": 113.35, ""bid"": 113.25, ""risk"": ""HIGH"", ""action"": ""PREPARE_EXIT"", ""support"": ""CONTRADICTED"", ""n_neg"": 3, ""data_unreliable"": false}, {""minute"": ""15:20"", ""mid"": 114.55000000000001, ""bid"": 114.45, ""risk"": ""NORMAL"", ""action"": ""HOLD"", ""support"": ""STRONG"", ""n_neg"": 0, ""data_unreliable"": false}, {""minute"": ""15:21"", ""mid"": 113.05000000000001, ""bid"": 112.9, ""risk"": ""HIGH"", ""action"": ""PREPARE_EXIT"", ""support"": ""CONTRADICTED"", ""n_neg"": 4, ""data_unreliable"": false}, {""minute"": ""15:22"", ""mid"": 113.475, ""bid"": 113.4, ""risk"": ""ELEVATED"", ""action"": ""CAUTION"", ""support"": ""WEAK"", ""n_neg"": 1, ""data_unreliable"": false}, {""minute"": ""15:23"", ""mid"": 114.175, ""bid"": 114.1, ""risk"": ""NORMAL"", ""action"": ""HOLD"", ""support"": ""NORMAL"", ""n_neg"": 0, ""data_unreliable"": false}, {""minute"": ""15:24"", ""mid"": 113.825, ""bid"": 113.65, ""risk"": ""ELEVATED"", ""action"": ""CAUTION"", ""support"": ""NORMAL"", ""n_neg"": 1, ""data_unreliable"": false}, {""minute"": ""15:25"", ""mid"": 111.375, ""bid"": 111.35, ""risk"": ""EXTREME"", ""action"": ""BREAK_EXIT"", ""support"": ""CONTRADICTED"", ""n_neg"": 6, ""data_unreliable"": false}, {""minute"": ""15:26"", ""mid"": 108.475, ""bid"": 108.35, ""risk"": ""EXTREME"", ""action"": ""BREAK_EXIT"", ""support"": ""CONTRADICTED"", ""n_neg"": 7, ""data_unreliable"": false}, {""minute"": ""15:27"", ""mid"": 105.675, ""bid"": 105.55, ""risk"": ""EXTREME"", ""action"": ""BREAK_EXIT"", ""support"": ""CONTRADICTED"", ""n_neg"": 5, ""data_unreliable"": false}, {""minute"": ""15:28"", ""mid"": 106.35, ""bid"": 106.2, ""risk"": ""EXTREME"", ""action"": ""BREAK_EXIT"", ""support"": ""CONTRADICTED"", ""n_neg"": 5, ""data_unreliable"": false}, {""minute"": ""15:29"", ""mid"": 109.44999999999999, ""bid"": 109.3, ""risk"": ""NORMAL"", ""action"": ""HOLD"", ""support"": ""STRONG"", ""n_neg"": 0, ""data_unreliable"": false}]"
NIFTY,2026-09-02,CLOSING_1515_1529,PE,23950.0,15:15,15:29,139.325,139.5,"[{""minute"": ""15:15"", ""mid"": 139.325, ""bid"": 139.15, ""risk"": ""ELEVATED"", ""action"": ""CAUTION"", ""support"": ""NORMAL"", ""n_neg"": 1, ""data_unreliable"": false}, {""minute"": ""15:16"", ""mid"": 139.075, ""bid"": 139.0, ""risk"": ""HIGH"", ""action"": ""PREPARE_EXIT"", ""support"": ""CONTRADICTED"", ""n_neg"": 3, ""data_unreliable"": false}, {""minute"": ""15:17"", ""mid"": 140.3, ""bid"": 140.2, ""risk"": ""NORMAL"", ""action"": ""HOLD"", ""support"": ""NORMAL"", ""n_neg"": 0, ""data_unreliable"": false}, {""minute"": ""15:18"", ""mid"": 139.675, ""bid"": 139.5, ""risk"": ""ELEVATED"", ""action"": ""CAUTION"", ""support"": ""NORMAL"", ""n_neg"": 1, ""data_unreliable"": false}, {""minute"": ""15:19"", ""mid"": 141.6, ""bid"": 141.45, ""risk"": ""NORMAL"", ""action"": ""HOLD"", ""support"": ""NORMAL"", ""n_neg"": 0, ""data_unreliable"": false}, {""minute"": ""15:20"", ""mid"": 137.9, ""bid"": 137.8, ""risk"": ""EXTREME"", ""action"": ""BREAK_EXIT"", ""support"": ""CONTRADICTED"", ""n_neg"": 6, ""data_unreliable"": false}, {""minute"": ""15:21"", ""mid"": 140.5, ""bid"": 140.35, ""risk"": ""ELEVATED"", ""action"": ""CAUTION"", ""support"": ""WEAK"", ""n_neg"": 2, ""data_unreliable"": false}, {""minute"": ""15:22"", ""mid"": 138.45, ""bid"": 138.3, ""risk"": ""ELEVATED"", ""action"": ""CAUTION"", ""support"": ""WEAK"", ""n_neg"": 2, ""data_unreliable"": false}, {""minute"": ""15:23"", ""mid"": 136.975, ""bid"": 136.85, ""risk"": ""EXTREME"", ""action"": ""BREAK_EXIT"", ""support"": ""CONTRADICTED"", ""n_neg"": 4, ""data_unreliable"": false}, {""minute"": ""15:24"", ""mid"": 137.27499999999998, ""bid"": 137.1, ""risk"": ""HIGH"", ""action"": ""PREPARE_EXIT"", ""support"": ""CONTRADICTED"", ""n_neg"": 3, ""data_unreliable"": false}, {""minute"": ""15:25"", ""mid"": 139.925, ""bid"": 139.85, ""risk"": ""NORMAL"", ""action"": ""HOLD"", ""support"": ""STRONG"", ""n_neg"": 0, ""data_unreliable"": false}, {""minute"": ""15:26"", ""mid"": 141.825, ""bid"": 141.65, ""risk"": ""NORMAL"", ""action"": ""HOLD"", ""support"": ""STRONG"", ""n_neg"": 0, ""data_unreliable"": false}, {""minute"": ""15:27"", ""mid"": 143.575, ""bid"": 143.4, ""risk"": ""NORMAL"", ""action"": ""HOLD"", ""support"": ""STRONG"", ""n_neg"": 0, ""data_unreliable"": false}, {""minute"": ""15:28"", ""mid"": 142.25, ""bid"": 142.1, ""risk"": ""ELEVATED"", ""action"": ""CAUTION"", ""support"": ""NORMAL"", ""n_neg"": 1, ""data_unreliable"": false}, {""minute"": ""15:29"", ""mid"": 137.95, ""bid"": 137.75, ""risk"": ""EXTREME"", ""action"": ""BREAK_EXIT"", ""support"": ""CONTRADICTED"", ""n_neg"": 6, ""data_unreliable"": false}]"
SENSEX,2026-09-02,11D_SHAPED_1500_1519,CE,76500.0,15:00,15:19,214.2,214.5,"[{""minute"": ""15:00"", ""mid"": 214.2, ""bid"": 213.9, ""risk"": ""ELEVATED"", ""action"": ""CAUTION"", ""support"": ""NORMAL"", ""n_neg"": 1, ""data_unreliable"": false}, {""minute"": ""15:01"", ""mid"": 203.025, ""bid"": 202.8, ""risk"": ""EXTREME"", ""action"": ""BREAK_EXIT"", ""support"": ""CONTRADICTED"", ""n_neg"": 7, ""data_unreliable"": false}, {""minute"": ""15:02"", ""mid"": 196.35, ""bid"": 196.1, ""risk"": ""HIGH"", ""action"": ""PREPARE_EXIT"", ""support"": ""CONTRADICTED"", ""n_neg"": 4, ""data_unreliable"": false}, {""minute"": ""15:03"", ""mid"": 203.35, ""bid"": 203.1, ""risk"": ""NORMAL"", ""action"": ""HOLD"", ""support"": ""NORMAL"", ""n_neg"": 1, ""data_unreliable"": false}, {""minute"": ""15:04"", ""mid"": 192.425, ""bid"": 192.2, ""risk"": ""EXTREME"", ""action"": ""BREAK_EXIT"", ""support"": ""CONTRADICTED"", ""n_neg"": 7, ""data_unreliable"": false}, {""minute"": ""15:05"", ""mid"": 193.175, ""bid"": 192.95, ""risk"": ""HIGH"", ""action"": ""PREPARE_EXIT"", ""support"": ""CONTRADICTED"", ""n_neg"": 4, ""data_unreliable"": false}, {""minute"": ""15:06"", ""mid"": 196.52499999999998, ""bid"": 196.35, ""risk"": ""NORMAL"", ""action"": ""HOLD"", ""support"": ""NORMAL"", ""n_neg"": 1, ""data_unreliable"": false}, {""minute"": ""15:07"", ""mid"": 196.1, ""bid"": 195.85, ""risk"": ""ELEVATED"", ""action"": ""CAUTION"", ""support"": ""NORMAL"", ""n_neg"": 1, ""data_unreliable"": false}, {""minute"": ""15:08"", ""mid"": 197.8, ""bid"": 197.5, ""risk"": ""NORMAL"", ""action"": ""HOLD"", ""support"": ""NORMAL"", ""n_neg"": 0, ""data_unreliable"": false}, {""minute"": ""15:09"", ""mid"": 200.9, ""bid"": 200.65, ""risk"": ""LOW"", ""action"": ""HOLD"", ""support"": ""STRONG"", ""n_neg"": 0, ""data_unreliable"": false}, {""minute"": ""15:10"", ""mid"": 220.625, ""bid"": 220.3, ""risk"": ""LOW"", ""action"": ""HOLD"", ""support"": ""STRONG"", ""n_neg"": 0, ""data_unreliable"": false}, {""minute"": ""15:11"", ""mid"": 239.5, ""bid"": 239.1, ""risk"": ""LOW"", ""action"": ""HOLD"", ""support"": ""STRONG"", ""n_neg"": 0, ""data_unreliable"": false}, {""minute"": ""15:12"", ""mid"": 243.02499999999998, ""bid"": 242.85, ""risk"": ""LOW"", ""action"": ""HOLD"", ""support"": ""STRONG"", ""n_neg"": 0, ""data_unreliable"": false}, {""minute"": ""15:13"", ""mid"": 234.05, ""bid"": 233.7, ""risk"": ""EXTREME"", ""action"": ""BREAK_EXIT"", ""support"": ""CONTRADICTED"", ""n_neg"": 6, ""data_unreliable"": false}, {""minute"": ""15:14"", ""mid"": 224.075, ""bid"": 223.7, ""risk"": ""EXTREME"", ""action"": ""BREAK_EXIT"", ""support"": ""CONTRADICTED"", ""n_neg"": 8, ""data_unreliable"": false}, {""minute"": ""15:15"", ""mid"": 223.875, ""bid"": 223.5, ""risk"": ""EXTREME"", ""action"": ""BREAK_EXIT"", ""support"": ""CONTRADICTED"", ""n_neg"": 6, ""data_unreliable"": false}, {""minute"": ""15:16"", ""mid"": 219.4, ""bid"": 219.05, ""risk"": ""EXTREME"", ""action"": ""BREAK_EXIT"", ""support"": ""CONTRADICTED"", ""n_neg"": 7, ""data_unreliable"": false}, {""minute"": ""15:17"", ""mid"": 221.375, ""bid"": 221.05, ""risk"": ""EXTREME"", ""action"": ""BREAK_EXIT"", ""support"": ""CONTRADICTED"", ""n_neg"": 6, ""data_unreliable"": false}, {""minute"": ""15:18"", ""mid"": 223.125, ""bid"": 222.75, ""risk"": ""NORMAL"", ""action"": ""HOLD"", ""support"": ""STRONG"", ""n_neg"": 0, ""data_unreliable"": false}, {""minute"": ""15:19"", ""mid"": 222.725, ""bid"": 222.35, ""risk"": ""ELEVATED"", ""action"": ""CAUTION"", ""support"": ""NORMAL"", ""n_neg"": 1, ""data_unreliable"": false}]"
SENSEX,2026-09-02,11D_SHAPED_1500_1519,PE,76500.0,15:00,15:19,238.22500000000002,238.55,"[{""minute"": ""15:00"", ""mid"": 238.22500000000002, ""bid"": 237.9, ""risk"": ""NORMAL"", ""action"": ""HOLD"", ""support"": ""NORMAL"", ""n_neg"": 1, ""data_unreliable"": false}, {""minute"": ""15:01"", ""mid"": 252.8, ""bid"": 252.45, ""risk"": ""LOW"", ""action"": ""HOLD"", ""support"": ""STRONG"", ""n_neg"": 0, ""data_unreliable"": false}, {""minute"": ""15:02"", ""mid"": 257.79999999999995, ""bid"": 257.45, ""risk"": ""LOW"", ""action"": ""HOLD"", ""support"": ""STRONG"", ""n_neg"": 0, ""data_unreliable"": false}, {""minute"": ""15:03"", ""mid"": 244.35, ""bid"": 244.0, ""risk"": ""EXTREME"", ""action"": ""BREAK_EXIT"", ""support"": ""CONTRADICTED"", ""n_neg"": 6, ""data_unreliable"": false}, {""minute"": ""15:04"", ""mid"": 258.45000000000005, ""bid"": 258.1, ""risk"": ""LOW"", ""action"": ""HOLD"", ""support"": ""STRONG"", ""n_neg"": 0, ""data_unreliable"": false}, {""minute"": ""15:05"", ""mid"": 259.8, ""bid"": 259.5, ""risk"": ""LOW"", ""action"": ""HOLD"", ""support"": ""STRONG"", ""n_neg"": 0, ""data_unreliable"": false}, {""minute"": ""15:06"", ""mid"": 253.47500000000002, ""bid"": 253.15, ""risk"": ""ELEVATED"", ""action"": ""CAUTION"", ""support"": ""WEAK"", ""n_neg"": 4, ""data_unreliable"": false}, {""minute"": ""15:07"", ""mid"": 253.15, ""bid"": 252.75, ""risk"": ""EXTREME"", ""action"": ""BREAK_EXIT"", ""support"": ""CONTRADICTED"", ""n_neg"": 6, ""data_unreliable"": false}, {""minute"": ""15:08"", ""mid"": 252.125, ""bid"": 251.75, ""risk"": ""HIGH"", ""action"": ""PREPARE_EXIT"", ""support"": ""CONTRADICTED"", ""n_neg"": 4, ""data_unreliable"": false}, {""minute"": ""15:09"", ""mid"": 250.1, ""bid"": 250.0, ""risk"": ""EXTREME"", ""action"": ""BREAK_EXIT"", ""support"": ""CONTRADICTED"", ""n_neg"": 7, ""data_unreliable"": false}, {""minute"": ""15:10"", ""mid"": 227.75, ""bid"": 227.45, ""risk"": ""EXTREME"", ""action"": ""BREAK_EXIT"", ""support"": ""CONTRADICTED"", ""n_neg"": 8, ""data_unreliable"": false}, {""minute"": ""15:11"", ""mid"": 209.8, ""bid"": 209.45, ""risk"": ""EXTREME"", ""action"": ""BREAK_EXIT"", ""support"": ""CONTRADICTED"", ""n_neg"": 6, ""data_unreliable"": false}, {""minute"": ""15:12"", ""mid"": 205.77499999999998, ""bid"": 205.45, ""risk"": ""EXTREME"", ""action"": ""BREAK_EXIT"", ""support"": ""CONTRADICTED"", ""n_neg"": 5, ""data_unreliable"": false}, {""minute"": ""15:13"", ""mid"": 213.1, ""bid"": 212.75, ""risk"": ""NORMAL"", ""action"": ""HOLD"", ""support"": ""NORMAL"", ""n_neg"": 1, ""data_unreliable"": false}, {""minute"": ""15:14"", ""mid"": 221.0, ""bid"": 220.65, ""risk"": ""LOW"", ""action"": ""HOLD"", ""support"": ""STRONG"", ""n_neg"": 0, ""data_unreliable"": false}, {""minute"": ""15:15"", ""mid"": 221.75, ""bid"": 221.5, ""risk"": ""LOW"", ""action"": ""HOLD"", ""support"": ""STRONG"", ""n_neg"": 0, ""data_unreliable"": false}, {""minute"": ""15:16"", ""mid"": 224.64999999999998, ""bid"": 224.35, ""risk"": ""NORMAL"", ""action"": ""HOLD"", ""support"": ""STRONG"", ""n_neg"": 0, ""data_unreliable"": false}, {""minute"": ""15:17"", ""mid"": 222.025, ""bid"": 221.8, ""risk"": ""ELEVATED"", ""action"": ""CAUTION"", ""support"": ""NORMAL"", ""n_neg"": 1, ""data_unreliable"": false}, {""minute"": ""15:18"", ""mid"": 218.85000000000002, ""bid"": 218.55, ""risk"": ""EXTREME"", ""action"": ""BREAK_EXIT"", ""support"": ""CONTRADICTED"", ""n_neg"": 7, ""data_unreliable"": false}, {""minute"": ""15:19"", ""mid"": 218.3, ""bid"": 217.95, ""risk"": ""EXTREME"", ""action"": ""BREAK_EXIT"", ""support"": ""CONTRADICTED"", ""n_neg"": 4, ""data_unreliable"": false}]"
SENSEX,2026-09-02,CLOSING_1515_1529,CE,76500.0,15:15,15:29,223.875,224.25,"[{""minute"": ""15:15"", ""mid"": 223.875, ""bid"": 223.5, ""risk"": ""EXTREME"", ""action"": ""BREAK_EXIT"", ""support"": ""CONTRADICTED"", ""n_neg"": 6, ""data_unreliable"": false}, {""minute"": ""15:16"", ""mid"": 219.4, ""bid"": 219.05, ""risk"": ""EXTREME"", ""action"": ""BREAK_EXIT"", ""support"": ""CONTRADICTED"", ""n_neg"": 7, ""data_unreliable"": false}, {""minute"": ""15:17"", ""mid"": 221.375, ""bid"": 221.05, ""risk"": ""EXTREME"", ""action"": ""BREAK_EXIT"", ""support"": ""CONTRADICTED"", ""n_neg"": 6, ""data_unreliable"": false}, {""minute"": ""15:18"", ""mid"": 223.125, ""bid"": 222.75, ""risk"": ""NORMAL"", ""action"": ""HOLD"", ""support"": ""STRONG"", ""n_neg"": 0, ""data_unreliable"": false}, {""minute"": ""15:19"", ""mid"": 222.725, ""bid"": 222.35, ""risk"": ""ELEVATED"", ""action"": ""CAUTION"", ""support"": ""NORMAL"", ""n_neg"": 1, ""data_unreliable"": false}, {""minute"": ""15:20"", ""mid"": 229.77499999999998, ""bid"": 229.45, ""risk"": ""NORMAL"", ""action"": ""HOLD"", ""support"": ""STRONG"", ""n_neg"": 0, ""data_unreliable"": false}, {""minute"": ""15:21"", ""mid"": 223.8, ""bid"": 223.6, ""risk"": ""ELEVATED"", ""action"": ""CAUTION"", ""support"": ""WEAK"", ""n_neg"": 2, ""data_unreliable"": false}, {""minute"": ""15:22"", ""mid"": 222.7, ""bid"": 222.55, ""risk"": ""EXTREME"", ""action"": ""BREAK_EXIT"", ""support"": ""CONTRADICTED"", ""n_neg"": 5, ""data_unreliable"": false}, {""minute"": ""15:23"", ""mid"": 227.075, ""bid"": 226.75, ""risk"": ""NORMAL"", ""action"": ""HOLD"", ""support"": ""NORMAL"", ""n_neg"": 1, ""data_unreliable"": false}, {""minute"": ""15:24"", ""mid"": 225.325, ""bid"": 225.05, ""risk"": ""ELEVATED"", ""action"": ""CAUTION"", ""support"": ""NORMAL"", ""n_neg"": 1, ""data_unreliable"": false}, {""minute"": ""15:25"", ""mid"": 212.8, ""bid"": 212.45, ""risk"": ""EXTREME"", ""action"": ""BREAK_EXIT"", ""support"": ""CONTRADICTED"", ""n_neg"": 8, ""data_unreliable"": false}, {""minute"": ""15:26"", ""mid"": 194.3, ""bid"": 194.0, ""risk"": ""EXTREME"", ""action"": ""BREAK_EXIT"", ""support"": ""CONTRADICTED"", ""n_neg"": 8, ""data_unreliable"": false}, {""minute"": ""15:27"", ""mid"": 190.05, ""bid"": 189.75, ""risk"": ""EXTREME"", ""action"": ""BREAK_EXIT"", ""support"": ""CONTRADICTED"", ""n_neg"": 6, ""data_unreliable"": false}, {""minute"": ""15:28"", ""mid"": 189.575, ""bid"": 189.4, ""risk"": ""EXTREME"", ""action"": ""BREAK_EXIT"", ""support"": ""CONTRADICTED"", ""n_neg"": 6, ""data_unreliable"": false}, {""minute"": ""15:29"", ""mid"": 223.425, ""bid"": 223.05, ""risk"": ""NORMAL"", ""action"": ""HOLD"", ""support"": ""STRONG"", ""n_neg"": 0, ""data_unreliable"": false}]"
SENSEX,2026-09-02,CLOSING_1515_1529,PE,76500.0,15:15,15:29,221.75,222.0,"[{""minute"": ""15:15"", ""mid"": 221.75, ""bid"": 221.5, ""risk"": ""LOW"", ""action"": ""HOLD"", ""support"": ""STRONG"", ""n_neg"": 0, ""data_unreliable"": false}, {""minute"": ""15:16"", ""mid"": 224.64999999999998, ""bid"": 224.35, ""risk"": ""NORMAL"", ""action"": ""HOLD"", ""support"": ""STRONG"", ""n_neg"": 0, ""data_unreliable"": false}, {""minute"": ""15:17"", ""mid"": 222.025, ""bid"": 221.8, ""risk"": ""ELEVATED"", ""action"": ""CAUTION"", ""support"": ""NORMAL"", ""n_neg"": 1, ""data_unreliable"": false}, {""minute"": ""15:18"", ""mid"": 218.85000000000002, ""bid"": 218.55, ""risk"": ""EXTREME"", ""action"": ""BREAK_EXIT"", ""support"": ""CONTRADICTED"", ""n_neg"": 7, ""data_unreliable"": false}, {""minute"": ""15:19"", ""mid"": 218.3, ""bid"": 217.95, ""risk"": ""EXTREME"", ""action"": ""BREAK_EXIT"", ""support"": ""CONTRADICTED"", ""n_neg"": 4, ""data_unreliable"": false}, {""minute"": ""15:20"", ""mid"": 208.925, ""bid"": 208.6, ""risk"": ""HIGH"", ""action"": ""PREPARE_EXIT"", ""support"": ""CONTRADICTED"", ""n_neg"": 6, ""data_unreliable"": false}, {""minute"": ""15:21"", ""mid"": 220.5, ""bid"": 220.2, ""risk"": ""NORMAL"", ""action"": ""HOLD"", ""support"": ""NORMAL"", ""n_neg"": 0, ""data_unreliable"": false}, {""minute"": ""15:22"", ""mid"": 215.5, ""bid"": 215.4, ""risk"": ""ELEVATED"", ""action"": ""CAUTION"", ""support"": ""NORMAL"", ""n_neg"": 2, ""data_unreliable"": false}, {""minute"": ""15:23"", ""mid"": 208.275, ""bid"": 208.05, ""risk"": ""HIGH"", ""action"": ""PREPARE_EXIT"", ""support"": ""CONTRADICTED"", ""n_neg"": 6, ""data_unreliable"": false}, {""minute"": ""15:24"", ""mid"": 207.525, ""bid"": 207.3, ""risk"": ""EXTREME"", ""action"": ""BREAK_EXIT"", ""support"": ""CONTRADICTED"", ""n_neg"": 5, ""data_unreliable"": false}, {""minute"": ""15:25"", ""mid"": 213.85000000000002, ""bid"": 213.55, ""risk"": ""NORMAL"", ""action"": ""HOLD"", ""support"": ""NORMAL"", ""n_neg"": 1, ""data_unreliable"": false}, {""minute"": ""15:26"", ""mid"": 228.075, ""bid"": 227.7, ""risk"": ""NORMAL"", ""action"": ""HOLD"", ""support"": ""STRONG"", ""n_neg"": 0, ""data_unreliable"": false}, {""minute"": ""15:27"", ""mid"": 231.85, ""bid"": 231.5, ""risk"": ""NORMAL"", ""action"": ""HOLD"", ""support"": ""STRONG"", ""n_neg"": 0, ""data_unreliable"": false}, {""minute"": ""15:28"", ""mid"": 229.6, ""bid"": 229.25, ""risk"": ""ELEVATED"", ""action"": ""CAUTION"", ""support"": ""NORMAL"", ""n_neg"": 1, ""data_unreliable"": false}, {""minute"": ""15:29"", ""mid"": 198.125, ""bid"": 197.85, ""risk"": ""EXTREME"", ""action"": ""BREAK_EXIT"", ""support"": ""CONTRADICTED"", ""n_neg"": 6, ""data_unreliable"": false}]"
NIFTY,2026-09-03,11D_SHAPED_1500_1519,CE,23950.0,15:00,15:19,104.9,104.95,"[{""minute"": ""15:00"", ""mid"": 104.9, ""bid"": 104.85, ""risk"": ""HIGH"", ""action"": ""PREPARE_EXIT"", ""support"": ""CONTRADICTED"", ""n_neg"": 3, ""data_unreliable"": false}, {""minute"": ""15:01"", ""mid"": 107.425, ""bid"": 107.3, ""risk"": ""ELEVATED"", ""action"": ""CAUTION"", ""support"": ""NORMAL"", ""n_neg"": 2, ""data_unreliable"": false}, {""minute"": ""15:02"", ""mid"": 105.65, ""bid"": 105.5, ""risk"": ""HIGH"", ""action"": ""PREPARE_EXIT"", ""support"": ""CONTRADICTED"", ""n_neg"": 3, ""data_unreliable"": false}, {""minute"": ""15:03"", ""mid"": 106.975, ""bid"": 106.95, ""risk"": ""ELEVATED"", ""action"": ""CAUTION"", ""support"": ""WEAK"", ""n_neg"": 3, ""data_unreliable"": false}, {""minute"": ""15:04"", ""mid"": 105.775, ""bid"": 105.7, ""risk"": ""ELEVATED"", ""action"": ""CAUTION"", ""support"": ""WEAK"", ""n_neg"": 2, ""data_unreliable"": false}, {""minute"": ""15:05"", ""mid"": 102.425, ""bid"": 102.35, ""risk"": ""EXTREME"", ""action"": ""BREAK_EXIT"", ""support"": ""CONTRADICTED"", ""n_neg"": 6, ""data_unreliable"": false}, {""minute"": ""15:06"", ""mid"": 102.775, ""bid"": 102.65, ""risk"": ""EXTREME"", ""action"": ""BREAK_EXIT"", ""support"": ""CONTRADICTED"", ""n_neg"": 6, ""data_unreliable"": false}, {""minute"": ""15:07"", ""mid"": 101.65, ""bid"": 101.6, ""risk"": ""HIGH"", ""action"": ""PREPARE_EXIT"", ""support"": ""CONTRADICTED"", ""n_neg"": 3, ""data_unreliable"": false}, {""minute"": ""15:08"", ""mid"": 100.425, ""bid"": 100.3, ""risk"": ""EXTREME"", ""action"": ""BREAK_EXIT"", ""support"": ""CONTRADICTED"", ""n_neg"": 6, ""data_unreliable"": false}, {""minute"": ""15:09"", ""mid"": 101.775, ""bid"": 101.65, ""risk"": ""ELEVATED"", ""action"": ""CAUTION"", ""support"": ""WEAK"", ""n_neg"": 2, ""data_unreliable"": false}, {""minute"": ""15:10"", ""mid"": 104.125, ""bid"": 104.0, ""risk"": ""NORMAL"", ""action"": ""HOLD"", ""support"": ""NORMAL"", ""n_neg"": 1, ""data_unreliable"": false}, {""minute"": ""15:11"", ""mid"": 104.85, ""bid"": 104.75, ""risk"": ""NORMAL"", ""action"": ""HOLD"", ""support"": ""NORMAL"", ""n_neg"": 1, ""data_unreliable"": false}, {""minute"": ""15:12"", ""mid"": 106.19999999999999, ""bid"": 106.05, ""risk"": ""NORMAL"", ""action"": ""HOLD"", ""support"": ""NORMAL"", ""n_neg"": 1, ""data_unreliable"": false}, {""minute"": ""15:13"", ""mid"": 105.975, ""bid"": 105.85, ""risk"": ""ELEVATED"", ""action"": ""CAUTION"", ""support"": ""NORMAL"", ""n_neg"": 2, ""data_unreliable"": false}, {""minute"": ""15:14"", ""mid"": 108.725, ""bid"": 108.6, ""risk"": ""NORMAL"", ""action"": ""HOLD"", ""support"": ""NORMAL"", ""n_neg"": 1, ""data_unreliable"": false}, {""minute"": ""15:15"", ""mid"": 107.80000000000001, ""bid"": 107.7, ""risk"": ""ELEVATED"", ""action"": ""CAUTION"", ""support"": ""NORMAL"", ""n_neg"": 2, ""data_unreliable"": false}, {""minute"": ""15:16"", ""mid"": 107.975, ""bid"": 107.85, ""risk"": ""ELEVATED"", ""action"": ""CAUTION"", ""support"": ""NORMAL"", ""n_neg"": 2, ""data_unreliable"": false}, {""minute"": ""15:17"", ""mid"": 108.825, ""bid"": 108.65, ""risk"": ""NORMAL"", ""action"": ""HOLD"", ""support"": ""NORMAL"", ""n_neg"": 1, ""data_unreliable"": false}, {""minute"": ""15:18"", ""mid"": 108.025, ""bid"": 107.9, ""risk"": ""ELEVATED"", ""action"": ""CAUTION"", ""support"": ""WEAK"", ""n_neg"": 2, ""data_unreliable"": false}, {""minute"": ""15:19"", ""mid"": 108.075, ""bid"": 107.95, ""risk"": ""ELEVATED"", ""action"": ""CAUTION"", ""support"": ""WEAK"", ""n_neg"": 2, ""data_unreliable"": false}]"
NIFTY,2026-09-03,11D_SHAPED_1500_1519,PE,23950.0,15:00,15:19,114.475,114.6,"[{""minute"": ""15:00"", ""mid"": 114.475, ""bid"": 114.35, ""risk"": ""NORMAL"", ""action"": ""HOLD"", ""support"": ""NORMAL"", ""n_neg"": 0, ""data_unreliable"": false}, {""minute"": ""15:01"", ""mid"": 110.125, ""bid"": 110.0, ""risk"": ""EXTREME"", ""action"": ""BREAK_EXIT"", ""support"": ""CONTRADICTED"", ""n_neg"": 5, ""data_unreliable"": false}, {""minute"": ""15:02"", ""mid"": 113.125, ""bid"": 113.0, ""risk"": ""HIGH"", ""action"": ""PREPARE_EXIT"", ""support"": ""CONTRADICTED"", ""n_neg"": 3, ""data_unreliable"": false}, {""minute"": ""15:03"", ""mid"": 111.55000000000001, ""bid"": 111.45, ""risk"": ""ELEVATED"", ""action"": ""CAUTION"", ""support"": ""NORMAL"", ""n_neg"": 2, ""data_unreliable"": false}, {""minute"": ""15:04"", ""mid"": 112.69999999999999, ""bid"": 112.6, ""risk"": ""ELEVATED"", ""action"": ""CAUTION"", ""support"": ""WEAK"", ""n_neg"": 2, ""data_unreliable"": false}, {""minute"": ""15:05"", ""mid"": 115.925, ""bid"": 115.8, ""risk"": ""LOW"", ""action"": ""HOLD"", ""support"": ""STRONG"", ""n_neg"": 0, ""data_unreliable"": false}, {""minute"": ""15:06"", ""mid"": 114.65, ""bid"": 114.6, ""risk"": ""ELEVATED"", ""action"": ""CAUTION"", ""support"": ""NORMAL"", ""n_neg"": 1, ""data_unreliable"": false}, {""minute"": ""15:07"", ""mid"": 114.1, ""bid"": 114.05, ""risk"": ""HIGH"", ""action"": ""PREPARE_EXIT"", ""support"": ""CONTRADICTED"", ""n_neg"": 3, ""data_unreliable"": false}, {""minute"": ""15:08"", ""mid"": 115.1, ""bid"": 115.0, ""risk"": ""NORMAL"", ""action"": ""HOLD"", ""support"": ""NORMAL"", ""n_neg"": 1, ""data_unreliable"": false}, {""minute"": ""15:09"", ""mid"": 113.85, ""bid"": 113.75, ""risk"": ""HIGH"", ""action"": ""PREPARE_EXIT"", ""support"": ""CONTRADICTED"", ""n_neg"": 3, ""data_unreliable"": false}, {""minute"": ""15:10"", ""mid"": 109.45, ""bid"": 109.4, ""risk"": ""EXTREME"", ""action"": ""BREAK_EXIT"", ""support"": ""CONTRADICTED"", ""n_neg"": 6, ""data_unreliable"": false}, {""minute"": ""15:11"", ""mid"": 109.30000000000001, ""bid"": 109.2, ""risk"": ""EXTREME"", ""action"": ""BREAK_EXIT"", ""support"": ""CONTRADICTED"", ""n_neg"": 6, ""data_unreliable"": false}, {""minute"": ""15:12"", ""mid"": 106.475, ""bid"": 106.45, ""risk"": ""EXTREME"", ""action"": ""BREAK_EXIT"", ""support"": ""CONTRADICTED"", ""n_neg"": 7, ""data_unreliable"": false}, {""minute"": ""15:13"", ""mid"": 107.44999999999999, ""bid"": 107.35, ""risk"": ""EXTREME"", ""action"": ""BREAK_EXIT"", ""support"": ""CONTRADICTED"", ""n_neg"": 7, ""data_unreliable"": false}, {""minute"": ""15:14"", ""mid"": 104.5, ""bid"": 104.4, ""risk"": ""HIGH"", ""action"": ""PREPARE_EXIT"", ""support"": ""CONTRADICTED"", ""n_neg"": 5, ""data_unreliable"": false}, {""minute"": ""15:15"", ""mid"": 103.80000000000001, ""bid"": 103.7, ""risk"": ""EXTREME"", ""action"": ""BREAK_EXIT"", ""support"": ""CONTRADICTED"", ""n_neg"": 6, ""data_unreliable"": false}, {""minute"": ""15:16"", ""mid"": 103.375, ""bid"": 103.3, ""risk"": ""HIGH"", ""action"": ""PREPARE_EXIT"", ""support"": ""CONTRADICTED"", ""n_neg"": 3, ""data_unreliable"": false}, {""minute"": ""15:17"", ""mid"": 103.5, ""bid"": 103.4, ""risk"": ""HIGH"", ""action"": ""PREPARE_EXIT"", ""support"": ""CONTRADICTED"", ""n_neg"": 3, ""data_unreliable"": false}, {""minute"": ""15:18"", ""mid"": 103.925, ""bid"": 103.85, ""risk"": ""NORMAL"", ""action"": ""HOLD"", ""support"": ""NORMAL"", ""n_neg"": 0, ""data_unreliable"": false}, {""minute"": ""15:19"", ""mid"": 102.65, ""bid"": 102.55, ""risk"": ""HIGH"", ""action"": ""PREPARE_EXIT"", ""support"": ""CONTRADICTED"", ""n_neg"": 5, ""data_unreliable"": false}]"
NIFTY,2026-09-03,CLOSING_1515_1529,CE,23950.0,15:15,15:29,107.80000000000001,107.9,"[{""minute"": ""15:15"", ""mid"": 107.80000000000001, ""bid"": 107.7, ""risk"": ""ELEVATED"", ""action"": ""CAUTION"", ""support"": ""NORMAL"", ""n_neg"": 1, ""data_unreliable"": false}, {""minute"": ""15:16"", ""mid"": 107.975, ""bid"": 107.85, ""risk"": ""NORMAL"", ""action"": ""HOLD"", ""support"": ""NORMAL"", ""n_neg"": 1, ""data_unreliable"": false}, {""minute"": ""15:17"", ""mid"": 108.825, ""bid"": 108.65, ""risk"": ""NORMAL"", ""action"": ""HOLD"", ""support"": ""NORMAL"", ""n_neg"": 1, ""data_unreliable"": false}, {""minute"": ""15:18"", ""mid"": 108.025, ""bid"": 107.9, ""risk"": ""ELEVATED"", ""action"": ""CAUTION"", ""support"": ""WEAK"", ""n_neg"": 1, ""data_unreliable"": false}, {""minute"": ""15:19"", ""mid"": 108.075, ""bid"": 107.95, ""risk"": ""NORMAL"", ""action"": ""HOLD"", ""support"": ""NORMAL"", ""n_neg"": 1, ""data_unreliable"": false}, {""minute"": ""15:20"", ""mid"": 105.57499999999999, ""bid"": 105.55, ""risk"": ""EXTREME"", ""action"": ""BREAK_EXIT"", ""support"": ""CONTRADICTED"", ""n_neg"": 6, ""data_unreliable"": false}, {""minute"": ""15:21"", ""mid"": 98.75, ""bid"": 98.6, ""risk"": ""EXTREME"", ""action"": ""BREAK_EXIT"", ""support"": ""CONTRADICTED"", ""n_neg"": 9, ""data_unreliable"": false}, {""minute"": ""15:22"", ""mid"": 99.92500000000001, ""bid"": 99.9, ""risk"": ""HIGH"", ""action"": ""PREPARE_EXIT"", ""support"": ""CONTRADICTED"", ""n_neg"": 4, ""data_unreliable"": false}, {""minute"": ""15:23"", ""mid"": 99.975, ""bid"": 99.95, ""risk"": ""NORMAL"", ""action"": ""HOLD"", ""support"": ""NORMAL"", ""n_neg"": 1, ""data_unreliable"": false}, {""minute"": ""15:24"", ""mid"": 99.925, ""bid"": 99.85, ""risk"": ""NORMAL"", ""action"": ""HOLD"", ""support"": ""NORMAL"", ""n_neg"": 1, ""data_unreliable"": false}, {""minute"": ""15:25"", ""mid"": 97.4, ""bid"": 97.35, ""risk"": ""EXTREME"", ""action"": ""BREAK_EXIT"", ""support"": ""CONTRADICTED"", ""n_neg"": 6, ""data_unreliable"": false}, {""minute"": ""15:26"", ""mid"": 96.925, ""bid"": 96.85, ""risk"": ""EXTREME"", ""action"": ""BREAK_EXIT"", ""support"": ""CONTRADICTED"", ""n_neg"": 6, ""data_unreliable"": false}, {""minute"": ""15:27"", ""mid"": 96.175, ""bid"": 96.05, ""risk"": ""HIGH"", ""action"": ""PREPARE_EXIT"", ""support"": ""CONTRADICTED"", ""n_neg"": 4, ""data_unreliable"": false}, {""minute"": ""15:28"", ""mid"": 90.875, ""bid"": 90.8, ""risk"": ""EXTREME"", ""action"": ""BREAK_EXIT"", ""support"": ""CONTRADICTED"", ""n_neg"": 7, ""data_unreliable"": false}, {""minute"": ""15:29"", ""mid"": 90.15, ""bid"": 90.1, ""risk"": ""EXTREME"", ""action"": ""BREAK_EXIT"", ""support"": ""CONTRADICTED"", ""n_neg"": 6, ""data_unreliable"": false}]"
NIFTY,2026-09-03,CLOSING_1515_1529,PE,23950.0,15:15,15:29,103.80000000000001,103.9,"[{""minute"": ""15:15"", ""mid"": 103.80000000000001, ""bid"": 103.7, ""risk"": ""EXTREME"", ""action"": ""BREAK_EXIT"", ""support"": ""CONTRADICTED"", ""n_neg"": 6, ""data_unreliable"": false}, {""minute"": ""15:16"", ""mid"": 103.375, ""bid"": 103.3, ""risk"": ""HIGH"", ""action"": ""PREPARE_EXIT"", ""support"": ""CONTRADICTED"", ""n_neg"": 3, ""data_unreliable"": false}, {""minute"": ""15:17"", ""mid"": 103.5, ""bid"": 103.4, ""risk"": ""HIGH"", ""action"": ""PREPARE_EXIT"", ""support"": ""CONTRADICTED"", ""n_neg"": 3, ""data_unreliable"": false}, {""minute"": ""15:18"", ""mid"": 103.925, ""bid"": 103.85, ""risk"": ""NORMAL"", ""action"": ""HOLD"", ""support"": ""NORMAL"", ""n_neg"": 0, ""data_unreliable"": false}, {""minute"": ""15:19"", ""mid"": 102.65, ""bid"": 102.55, ""risk"": ""HIGH"", ""action"": ""PREPARE_EXIT"", ""support"": ""CONTRADICTED"", ""n_neg"": 5, ""data_unreliable"": false}, {""minute"": ""15:20"", ""mid"": 104.4, ""bid"": 104.3, ""risk"": ""NORMAL"", ""action"": ""HOLD"", ""support"": ""STRONG"", ""n_neg"": 0, ""data_unreliable"": false}, {""minute"": ""15:21"", ""mid"": 112.5, ""bid"": 112.4, ""risk"": ""NORMAL"", ""action"": ""HOLD"", ""support"": ""STRONG"", ""n_neg"": 0, ""data_unreliable"": false}, {""minute"": ""15:22"", ""mid"": 112.175, ""bid"": 112.05, ""risk"": ""ELEVATED"", ""action"": ""CAUTION"", ""support"": ""NORMAL"", ""n_neg"": 1, ""data_unreliable"": false}, {""minute"": ""15:23"", ""mid"": 111.69999999999999, ""bid"": 111.55, ""risk"": ""HIGH"", ""action"": ""PREPARE_EXIT"", ""support"": ""CONTRADICTED"", ""n_neg"": 4, ""data_unreliable"": false}, {""minute"": ""15:24"", ""mid"": 112.25, ""bid"": 112.2, ""risk"": ""NORMAL"", ""action"": ""HOLD"", ""support"": ""NORMAL"", ""n_neg"": 0, ""data_unreliable"": false}, {""minute"": ""15:25"", ""mid"": 114.375, ""bid"": 114.3, ""risk"": ""NORMAL"", ""action"": ""HOLD"", ""support"": ""STRONG"", ""n_neg"": 0, ""data_unreliable"": false}, {""minute"": ""15:26"", ""mid"": 113.725, ""bid"": 113.65, ""risk"": ""ELEVATED"", ""action"": ""CAUTION"", ""support"": ""NORMAL"", ""n_neg"": 1, ""data_unreliable"": false}, {""minute"": ""15:27"", ""mid"": 116.225, ""bid"": 116.15, ""risk"": ""NORMAL"", ""action"": ""HOLD"", ""support"": ""STRONG"", ""n_neg"": 0, ""data_unreliable"": false}, {""minute"": ""15:28"", ""mid"": 121.30000000000001, ""bid"": 121.15, ""risk"": ""NORMAL"", ""action"": ""HOLD"", ""support"": ""STRONG"", ""n_neg"": 0, ""data_unreliable"": false}, {""minute"": ""15:29"", ""mid"": 125.5, ""bid"": 125.4, ""risk"": ""NORMAL"", ""action"": ""HOLD"", ""support"": ""STRONG"", ""n_neg"": 0, ""data_unreliable"": false}]"
SENSEX,2026-09-03,11D_SHAPED_1500_1519,CE,76600.0,15:00,15:19,114.075,114.25,"[{""minute"": ""15:00"", ""mid"": 114.075, ""bid"": 113.9, ""risk"": ""ELEVATED"", ""action"": ""CAUTION"", ""support"": ""NORMAL"", ""n_neg"": 2, ""data_unreliable"": false}, {""minute"": ""15:01"", ""mid"": 114.225, ""bid"": 114.1, ""risk"": ""HIGH"", ""action"": ""PREPARE_EXIT"", ""support"": ""CONTRADICTED"", ""n_neg"": 4, ""data_unreliable"": false}, {""minute"": ""15:02"", ""mid"": 105.975, ""bid"": 105.8, ""risk"": ""EXTREME"", ""action"": ""BREAK_EXIT"", ""support"": ""CONTRADICTED"", ""n_neg"": 8, ""data_unreliable"": false}, {""minute"": ""15:03"", ""mid"": 110.575, ""bid"": 110.45, ""risk"": ""HIGH"", ""action"": ""PREPARE_EXIT"", ""support"": ""CONTRADICTED"", ""n_neg"": 4, ""data_unreliable"": false}, {""minute"": ""15:04"", ""mid"": 97.475, ""bid"": 97.4, ""risk"": ""EXTREME"", ""action"": ""BREAK_EXIT"", ""support"": ""CONTRADICTED"", ""n_neg"": 9, ""data_unreliable"": false}, {""minute"": ""15:05"", ""mid"": 78.69999999999999, ""bid"": 78.55, ""risk"": ""EXTREME"", ""action"": ""BREAK_EXIT"", ""support"": ""CONTRADICTED"", ""n_neg"": 7, ""data_unreliable"": false}, {""minute"": ""15:06"", ""mid"": 83.75, ""bid"": 83.6, ""risk"": ""EXTREME"", ""action"": ""BREAK_EXIT"", ""support"": ""CONTRADICTED"", ""n_neg"": 5, ""data_unreliable"": false}, {""minute"": ""15:07"", ""mid"": 88.44999999999999, ""bid"": 88.35, ""risk"": ""NORMAL"", ""action"": ""HOLD"", ""support"": ""NORMAL"", ""n_neg"": 1, ""data_unreliable"": false}, {""minute"": ""15:08"", ""mid"": 90.80000000000001, ""bid"": 90.7, ""risk"": ""LOW"", ""action"": ""HOLD"", ""support"": ""STRONG"", ""n_neg"": 0, ""data_unreliable"": false}, {""minute"": ""15:09"", ""mid"": 90.175, ""bid"": 90.05, ""risk"": ""ELEVATED"", ""action"": ""CAUTION"", ""support"": ""NORMAL"", ""n_neg"": 2, ""data_unreliable"": false}, {""minute"": ""15:10"", ""mid"": 110.25, ""bid"": 110.1, ""risk"": ""LOW"", ""action"": ""HOLD"", ""support"": ""STRONG"", ""n_neg"": 0, ""data_unreliable"": false}, {""minute"": ""15:11"", ""mid"": 106.025, ""bid"": 105.9, ""risk"": ""ELEVATED"", ""action"": ""CAUTION"", ""support"": ""NORMAL"", ""n_neg"": 1, ""data_unreliable"": false}, {""minute"": ""15:12"", ""mid"": 113.85, ""bid"": 113.75, ""risk"": ""ELEVATED"", ""action"": ""CAUTION"", ""support"": ""NORMAL"", ""n_neg"": 1, ""data_unreliable"": false}, {""minute"": ""15:13"", ""mid"": 113.975, ""bid"": 113.8, ""risk"": ""ELEVATED"", ""action"": ""CAUTION"", ""support"": ""NORMAL"", ""n_neg"": 1, ""data_unreliable"": false}, {""minute"": ""15:14"", ""mid"": 157.35, ""bid"": 157.1, ""risk"": ""LOW"", ""action"": ""HOLD"", ""support"": ""STRONG"", ""n_neg"": 0, ""data_unreliable"": false}, {""minute"": ""15:15"", ""mid"": 135.7, ""bid"": 135.45, ""risk"": ""ELEVATED"", ""action"": ""CAUTION"", ""support"": ""NORMAL"", ""n_neg"": 1, ""data_unreliable"": false}, {""minute"": ""15:16"", ""mid"": 141.1, ""bid"": 140.95, ""risk"": ""EXTREME"", ""action"": ""BREAK_EXIT"", ""support"": ""CONTRADICTED"", ""n_neg"": 7, ""data_unreliable"": false}, {""minute"": ""15:17"", ""mid"": 128.95, ""bid"": 128.75, ""risk"": ""EXTREME"", ""action"": ""BREAK_EXIT"", ""support"": ""CONTRADICTED"", ""n_neg"": 6, ""data_unreliable"": false}, {""minute"": ""15:18"", ""mid"": 139.375, ""bid"": 139.15, ""risk"": ""HIGH"", ""action"": ""PREPARE_EXIT"", ""support"": ""CONTRADICTED"", ""n_neg"": 4, ""data_unreliable"": false}, {""minute"": ""15:19"", ""mid"": 141.025, ""bid"": 140.8, ""risk"": ""NORMAL"", ""action"": ""HOLD"", ""support"": ""STRONG"", ""n_neg"": 0, ""data_unreliable"": false}]"
SENSEX,2026-09-03,11D_SHAPED_1500_1519,PE,76600.0,15:00,15:19,115.55000000000001,115.7,"[{""minute"": ""15:00"", ""mid"": 115.55000000000001, ""bid"": 115.4, ""risk"": ""EXTREME"", ""action"": ""BREAK_EXIT"", ""support"": ""CONTRADICTED"", ""n_neg"": 7, ""data_unreliable"": false}, {""minute"": ""15:01"", ""mid"": 115.425, ""bid"": 115.3, ""risk"": ""ELEVATED"", ""action"": ""CAUTION"", ""support"": ""NORMAL"", ""n_neg"": 2, ""data_unreliable"": false}, {""minute"": ""15:02"", ""mid"": 117.675, ""bid"": 117.5, ""risk"": ""LOW"", ""action"": ""HOLD"", ""support"": ""STRONG"", ""n_neg"": 0, ""data_unreliable"": false}, {""minute"": ""15:03"", ""mid"": 112.175, ""bid"": 112.0, ""risk"": ""HIGH"", ""action"": ""PREPARE_EXIT"", ""support"": ""CONTRADICTED"", ""n_neg"": 5, ""data_unreliable"": false}, {""minute"": ""15:04"", ""mid"": 121.85, ""bid"": 121.65, ""risk"": ""LOW"", ""action"": ""HOLD"", ""support"": ""STRONG"", ""n_neg"": 0, ""data_unreliable"": false}, {""minute"": ""15:05"", ""mid"": 149.4, ""bid"": 149.15, ""risk"": ""LOW"", ""action"": ""HOLD"", ""support"": ""STRONG"", ""n_neg"": 0, ""data_unreliable"": false}, {""minute"": ""15:06"", ""mid"": 136.425, ""bid"": 136.25, ""risk"": ""ELEVATED"", ""action"": ""CAUTION"", ""support"": ""NORMAL"", ""n_neg"": 1, ""data_unreliable"": false}, {""minute"": ""15:07"", ""mid"": 133.97500000000002, ""bid"": 133.9, ""risk"": ""EXTREME"", ""action"": ""BREAK_EXIT"", ""support"": ""CONTRADICTED"", ""n_neg"": 7, ""data_unreliable"": false}, {""minute"": ""15:08"", ""mid"": 136.55, ""bid"": 136.4, ""risk"": ""ELEVATED"", ""action"": ""CAUTION"", ""support"": ""WEAK"", ""n_neg"": 3, ""data_unreliable"": false}, {""minute"": ""15:09"", ""mid"": 136.0, ""bid"": 135.8, ""risk"": ""ELEVATED"", ""action"": ""CAUTION"", ""support"": ""WEAK"", ""n_neg"": 2, ""data_unreliable"": false}, {""minute"": ""15:10"", ""mid"": 112.125, ""bid"": 111.95, ""risk"": ""EXTREME"", ""action"": ""BREAK_EXIT"", ""support"": ""CONTRADICTED"", ""n_neg"": 7, ""data_unreliable"": false}, {""minute"": ""15:11"", ""mid"": 119.75, ""bid"": 119.6, ""risk"": ""HIGH"", ""action"": ""PREPARE_EXIT"", ""support"": ""CONTRADICTED"", ""n_neg"": 4, ""data_unreliable"": false}, {""minute"": ""15:12"", ""mid"": 116.575, ""bid"": 116.45, ""risk"": ""HIGH"", ""action"": ""PREPARE_EXIT"", ""support"": ""CONTRADICTED"", ""n_neg"": 3, ""data_unreliable"": false}, {""minute"": ""15:13"", ""mid"": 121.925, ""bid"": 121.8, ""risk"": ""ELEVATED"", ""action"": ""CAUTION"", ""support"": ""NORMAL"", ""n_neg"": 2, ""data_unreliable"": false}, {""minute"": ""15:14"", ""mid"": 87.80000000000001, ""bid"": 87.65, ""risk"": ""EXTREME"", ""action"": ""BREAK_EXIT"", ""support"": ""CONTRADICTED"", ""n_neg"": 6, ""data_unreliable"": false}, {""minute"": ""15:15"", ""mid"": 101.575, ""bid"": 101.4, ""risk"": ""EXTREME"", ""action"": ""BREAK_EXIT"", ""support"": ""CONTRADICTED"", ""n_neg"": 6, ""data_unreliable"": false}, {""minute"": ""15:16"", ""mid"": 99.775, ""bid"": 99.7, ""risk"": ""ELEVATED"", ""action"": ""CAUTION"", ""support"": ""NORMAL"", ""n_neg"": 2, ""data_unreliable"": false}, {""minute"": ""15:17"", ""mid"": 108.075, ""bid"": 107.95, ""risk"": ""NORMAL"", ""action"": ""HOLD"", ""support"": ""STRONG"", ""n_neg"": 0, ""data_unreliable"": false}, {""minute"": ""15:18"", ""mid"": 103.9, ""bid"": 103.75, ""risk"": ""ELEVATED"", ""action"": ""CAUTION"", ""support"": ""NORMAL"", ""n_neg"": 1, ""data_unreliable"": false}, {""minute"": ""15:19"", ""mid"": 104.625, ""bid"": 104.45, ""risk"": ""HIGH"", ""action"": ""PREPARE_EXIT"", ""support"": ""CONTRADICTED"", ""n_neg"": 4, ""data_unreliable"": false}]"
SENSEX,2026-09-03,CLOSING_1515_1529,CE,76600.0,15:15,15:29,135.7,135.95,"[{""minute"": ""15:15"", ""mid"": 135.7, ""bid"": 135.45, ""risk"": ""ELEVATED"", ""action"": ""CAUTION"", ""support"": ""NORMAL"", ""n_neg"": 1, ""data_unreliable"": false}, {""minute"": ""15:16"", ""mid"": 141.1, ""bid"": 140.95, ""risk"": ""EXTREME"", ""action"": ""BREAK_EXIT"", ""support"": ""CONTRADICTED"", ""n_neg"": 7, ""data_unreliable"": false}, {""minute"": ""15:17"", ""mid"": 128.95, ""bid"": 128.75, ""risk"": ""EXTREME"", ""action"": ""BREAK_EXIT"", ""support"": ""CONTRADICTED"", ""n_neg"": 6, ""data_unreliable"": false}, {""minute"": ""15:18"", ""mid"": 139.375, ""bid"": 139.15, ""risk"": ""HIGH"", ""action"": ""PREPARE_EXIT"", ""support"": ""CONTRADICTED"", ""n_neg"": 4, ""data_unreliable"": false}, {""minute"": ""15:19"", ""mid"": 141.025, ""bid"": 140.8, ""risk"": ""NORMAL"", ""action"": ""HOLD"", ""support"": ""STRONG"", ""n_neg"": 0, ""data_unreliable"": false}, {""minute"": ""15:20"", ""mid"": 49.05, ""bid"": 48.95, ""risk"": ""EXTREME"", ""action"": ""BREAK_EXIT"", ""support"": ""CONTRADICTED"", ""n_neg"": 9, ""data_unreliable"": false}, {""minute"": ""15:21"", ""mid"": 25.125, ""bid"": 25.05, ""risk"": ""EXTREME"", ""action"": ""BREAK_EXIT"", ""support"": ""CONTRADICTED"", ""n_neg"": 8, ""data_unreliable"": false}, {""minute"": ""15:22"", ""mid"": 20.625, ""bid"": 20.6, ""risk"": ""EXTREME"", ""action"": ""BREAK_EXIT"", ""support"": ""CONTRADICTED"", ""n_neg"": 5, ""data_unreliable"": false}, {""minute"": ""15:23"", ""mid"": 11.725, ""bid"": 11.7, ""risk"": ""EXTREME"", ""action"": ""BREAK_EXIT"", ""support"": ""CONTRADICTED"", ""n_neg"": 6, ""data_unreliable"": false}, {""minute"": ""15:24"", ""mid"": 12.025, ""bid"": 12.0, ""risk"": ""EXTREME"", ""action"": ""BREAK_EXIT"", ""support"": ""CONTRADICTED"", ""n_neg"": 5, ""data_unreliable"": false}, {""minute"": ""15:25"", ""mid"": 3.925, ""bid"": 3.9, ""risk"": ""EXTREME"", ""action"": ""BREAK_EXIT"", ""support"": ""CONTRADICTED"", ""n_neg"": 7, ""data_unreliable"": false}, {""minute"": ""15:26"", ""mid"": 2.125, ""bid"": 2.1, ""risk"": ""EXTREME"", ""action"": ""BREAK_EXIT"", ""support"": ""CONTRADICTED"", ""n_neg"": 7, ""data_unreliable"": false}, {""minute"": ""15:27"", ""mid"": 2.575, ""bid"": 2.55, ""risk"": ""EXTREME"", ""action"": ""BREAK_EXIT"", ""support"": ""CONTRADICTED"", ""n_neg"": 5, ""data_unreliable"": false}, {""minute"": ""15:28"", ""mid"": 1.125, ""bid"": 1.1, ""risk"": ""EXTREME"", ""action"": ""BREAK_EXIT"", ""support"": ""CONTRADICTED"", ""n_neg"": 7, ""data_unreliable"": false}, {""minute"": ""15:29"", ""mid"": 0.125, ""bid"": 0.1, ""risk"": ""EXTREME"", ""action"": ""BREAK_EXIT"", ""support"": ""CONTRADICTED"", ""n_neg"": 6, ""data_unreliable"": false}]"
SENSEX,2026-09-03,CLOSING_1515_1529,PE,76600.0,15:15,15:29,101.575,101.75,"[{""minute"": ""15:15"", ""mid"": 101.575, ""bid"": 101.4, ""risk"": ""EXTREME"", ""action"": ""BREAK_EXIT"", ""support"": ""CONTRADICTED"", ""n_neg"": 6, ""data_unreliable"": false}, {""minute"": ""15:16"", ""mid"": 99.775, ""bid"": 99.7, ""risk"": ""ELEVATED"", ""action"": ""CAUTION"", ""support"": ""NORMAL"", ""n_neg"": 2, ""data_unreliable"": false}, {""minute"": ""15:17"", ""mid"": 108.075, ""bid"": 107.95, ""risk"": ""NORMAL"", ""action"": ""HOLD"", ""support"": ""STRONG"", ""n_neg"": 0, ""data_unreliable"": false}, {""minute"": ""15:18"", ""mid"": 103.9, ""bid"": 103.75, ""risk"": ""ELEVATED"", ""action"": ""CAUTION"", ""support"": ""NORMAL"", ""n_neg"": 1, ""data_unreliable"": false}, {""minute"": ""15:19"", ""mid"": 104.625, ""bid"": 104.45, ""risk"": ""HIGH"", ""action"": ""PREPARE_EXIT"", ""support"": ""CONTRADICTED"", ""n_neg"": 4, ""data_unreliable"": false}, {""minute"": ""15:20"", ""mid"": 165.125, ""bid"": 165.05, ""risk"": ""NORMAL"", ""action"": ""HOLD"", ""support"": ""STRONG"", ""n_neg"": 0, ""data_unreliable"": false}, {""minute"": ""15:21"", ""mid"": 246.85, ""bid"": 245.75, ""risk"": ""NORMAL"", ""action"": ""HOLD"", ""support"": ""NORMAL"", ""n_neg"": 1, ""data_unreliable"": false}, {""minute"": ""15:22"", ""mid"": 266.0, ""bid"": 265.3, ""risk"": ""NORMAL"", ""action"": ""HOLD"", ""support"": ""NORMAL"", ""n_neg"": 1, ""data_unreliable"": false}, {""minute"": ""15:23"", ""mid"": 300.54999999999995, ""bid"": 299.95, ""risk"": ""NORMAL"", ""action"": ""HOLD"", ""support"": ""STRONG"", ""n_neg"": 0, ""data_unreliable"": false}, {""minute"": ""15:24"", ""mid"": 278.79999999999995, ""bid"": 278.45, ""risk"": ""ELEVATED"", ""action"": ""CAUTION"", ""support"": ""NORMAL"", ""n_neg"": 1, ""data_unreliable"": false}, {""minute"": ""15:25"", ""mid"": 324.375, ""bid"": 323.75, ""risk"": ""NORMAL"", ""action"": ""HOLD"", ""support"": ""STRONG"", ""n_neg"": 0, ""data_unreliable"": false}, {""minute"": ""15:26"", ""mid"": 395.625, ""bid"": 394.2, ""risk"": ""NORMAL"", ""action"": ""HOLD"", ""support"": ""NORMAL"", ""n_neg"": 1, ""data_unreliable"": false}, {""minute"": ""15:27"", ""mid"": 455.075, ""bid"": 454.15, ""risk"": ""NORMAL"", ""action"": ""HOLD"", ""support"": ""STRONG"", ""n_neg"": 0, ""data_unreliable"": false}, {""minute"": ""15:28"", ""mid"": 444.225, ""bid"": 441.55, ""risk"": ""ELEVATED"", ""action"": ""CAUTION"", ""support"": ""NORMAL"", ""n_neg"": 2, ""data_unreliable"": false}, {""minute"": ""15:29"", ""mid"": 446.875, ""bid"": 446.4, ""risk"": ""HIGH"", ""action"": ""PREPARE_EXIT"", ""support"": ""CONTRADICTED"", ""n_neg"": 5, ""data_unreliable"": false}]"
NIFTY,2026-09-04,11D_SHAPED_1500_1519,CE,23950.0,15:00,15:19,100.425,100.55,"[{""minute"": ""15:00"", ""mid"": 100.425, ""bid"": 100.3, ""risk"": ""ELEVATED"", ""action"": ""CAUTION"", ""support"": ""WEAK"", ""n_neg"": 4, ""data_unreliable"": false}, {""minute"": ""15:01"", ""mid"": 100.475, ""bid"": 100.4, ""risk"": ""EXTREME"", ""action"": ""BREAK_EXIT"", ""support"": ""CONTRADICTED"", ""n_neg"": 5, ""data_unreliable"": false}, {""minute"": ""15:02"", ""mid"": 101.625, ""bid"": 101.55, ""risk"": ""NORMAL"", ""action"": ""HOLD"", ""support"": ""NORMAL"", ""n_neg"": 1, ""data_unreliable"": false}, {""minute"": ""15:03"", ""mid"": 101.15, ""bid"": 101.05, ""risk"": ""ELEVATED"", ""action"": ""CAUTION"", ""support"": ""NORMAL"", ""n_neg"": 1, ""data_unreliable"": false}, {""minute"": ""15:04"", ""mid"": 100.075, ""bid"": 99.95, ""risk"": ""HIGH"", ""action"": ""PREPARE_EXIT"", ""support"": ""CONTRADICTED"", ""n_neg"": 5, ""data_unreliable"": false}, {""minute"": ""15:05"", ""mid"": 99.375, ""bid"": 99.35, ""risk"": ""EXTREME"", ""action"": ""BREAK_EXIT"", ""support"": ""CONTRADICTED"", ""n_neg"": 6, ""data_unreliable"": false}, {""minute"": ""15:06"", ""mid"": 101.175, ""bid"": 101.05, ""risk"": ""LOW"", ""action"": ""HOLD"", ""support"": ""STRONG"", ""n_neg"": 0, ""data_unreliable"": false}, {""minute"": ""15:07"", ""mid"": 100.825, ""bid"": 100.75, ""risk"": ""ELEVATED"", ""action"": ""CAUTION"", ""support"": ""NORMAL"", ""n_neg"": 1, ""data_unreliable"": false}, {""minute"": ""15:08"", ""mid"": 101.075, ""bid"": 101.0, ""risk"": ""ELEVATED"", ""action"": ""CAUTION"", ""support"": ""WEAK"", ""n_neg"": 2, ""data_unreliable"": false}, {""minute"": ""15:09"", ""mid"": 101.32499999999999, ""bid"": 101.3, ""risk"": ""NORMAL"", ""action"": ""HOLD"", ""support"": ""NORMAL"", ""n_neg"": 0, ""data_unreliable"": false}, {""minute"": ""15:10"", ""mid"": 101.375, ""bid"": 101.3, ""risk"": ""ELEVATED"", ""action"": ""CAUTION"", ""support"": ""NORMAL"", ""n_neg"": 2, ""data_unreliable"": false}, {""minute"": ""15:11"", ""mid"": 101.75, ""bid"": 101.6, ""risk"": ""NORMAL"", ""action"": ""HOLD"", ""support"": ""NORMAL"", ""n_neg"": 0, ""data_unreliable"": false}, {""minute"": ""15:12"", ""mid"": 103.1, ""bid"": 103.05, ""risk"": ""LOW"", ""action"": ""HOLD"", ""support"": ""STRONG"", ""n_neg"": 0, ""data_unreliable"": false}, {""minute"": ""15:13"", ""mid"": 104.55, ""bid"": 104.5, ""risk"": ""LOW"", ""action"": ""HOLD"", ""support"": ""STRONG"", ""n_neg"": 0, ""data_unreliable"": false}, {""minute"": ""15:14"", ""mid"": 102.25, ""bid"": 102.1, ""risk"": ""HIGH"", ""action"": ""PREPARE_EXIT"", ""support"": ""CONTRADICTED"", ""n_neg"": 4, ""data_unreliable"": false}, {""minute"": ""15:15"", ""mid"": 102.85, ""bid"": 102.75, ""risk"": ""HIGH"", ""action"": ""PREPARE_EXIT"", ""support"": ""CONTRADICTED"", ""n_neg"": 3, ""data_unreliable"": false}, {""minute"": ""15:16"", ""mid"": 101.825, ""bid"": 101.75, ""risk"": ""HIGH"", ""action"": ""PREPARE_EXIT"", ""support"": ""CONTRADICTED"", ""n_neg"": 4, ""data_unreliable"": false}, {""minute"": ""15:17"", ""mid"": 104.225, ""bid"": 104.1, ""risk"": ""NORMAL"", ""action"": ""HOLD"", ""support"": ""STRONG"", ""n_neg"": 0, ""data_unreliable"": false}, {""minute"": ""15:18"", ""mid"": 102.9, ""bid"": 102.85, ""risk"": ""ELEVATED"", ""action"": ""CAUTION"", ""support"": ""NORMAL"", ""n_neg"": 1, ""data_unreliable"": false}, {""minute"": ""15:19"", ""mid"": 101.925, ""bid"": 101.8, ""risk"": ""EXTREME"", ""action"": ""BREAK_EXIT"", ""support"": ""CONTRADICTED"", ""n_neg"": 5, ""data_unreliable"": false}]"
NIFTY,2026-09-04,11D_SHAPED_1500_1519,PE,23950.0,15:00,15:19,77.725,77.75,"[{""minute"": ""15:00"", ""mid"": 77.725, ""bid"": 77.7, ""risk"": ""LOW"", ""action"": ""HOLD"", ""support"": ""STRONG"", ""n_neg"": 0, ""data_unreliable"": false}, {""minute"": ""15:01"", ""mid"": 77.875, ""bid"": 77.8, ""risk"": ""NORMAL"", ""action"": ""HOLD"", ""support"": ""NORMAL"", ""n_neg"": 1, ""data_unreliable"": false}, {""minute"": ""15:02"", ""mid"": 77.525, ""bid"": 77.45, ""risk"": ""HIGH"", ""action"": ""PREPARE_EXIT"", ""support"": ""CONTRADICTED"", ""n_neg"": 5, ""data_unreliable"": false}, {""minute"": ""15:03"", ""mid"": 78.075, ""bid"": 78.0, ""risk"": ""NORMAL"", ""action"": ""HOLD"", ""support"": ""NORMAL"", ""n_neg"": 1, ""data_unreliable"": false}, {""minute"": ""15:04"", ""mid"": 79.075, ""bid"": 78.95, ""risk"": ""NORMAL"", ""action"": ""HOLD"", ""support"": ""NORMAL"", ""n_neg"": 1, ""data_unreliable"": false}, {""minute"": ""15:05"", ""mid"": 80.05, ""bid"": 80.0, ""risk"": ""NORMAL"", ""action"": ""HOLD"", ""support"": ""NORMAL"", ""n_neg"": 1, ""data_unreliable"": false}, {""minute"": ""15:06"", ""mid"": 78.05000000000001, ""bid"": 77.95, ""risk"": ""HIGH"", ""action"": ""PREPARE_EXIT"", ""support"": ""CONTRADICTED"", ""n_neg"": 6, ""data_unreliable"": false}, {""minute"": ""15:07"", ""mid"": 78.075, ""bid"": 78.0, ""risk"": ""EXTREME"", ""action"": ""BREAK_EXIT"", ""support"": ""CONTRADICTED"", ""n_neg"": 6, ""data_unreliable"": false}, {""minute"": ""15:08"", ""mid"": 77.7, ""bid"": 77.65, ""risk"": ""HIGH"", ""action"": ""PREPARE_EXIT"", ""support"": ""CONTRADICTED"", ""n_neg"": 3, ""data_unreliable"": false}, {""minute"": ""15:09"", ""mid"": 78.5, ""bid"": 78.45, ""risk"": ""NORMAL"", ""action"": ""HOLD"", ""support"": ""NORMAL"", ""n_neg"": 1, ""data_unreliable"": false}, {""minute"": ""15:10"", ""mid"": 79.19999999999999, ""bid"": 79.1, ""risk"": ""NORMAL"", ""action"": ""HOLD"", ""support"": ""NORMAL"", ""n_neg"": 1, ""data_unreliable"": false}, {""minute"": ""15:11"", ""mid"": 78.475, ""bid"": 78.45, ""risk"": ""ELEVATED"", ""action"": ""CAUTION"", ""support"": ""NORMAL"", ""n_neg"": 1, ""data_unreliable"": false}, {""minute"": ""15:12"", ""mid"": 76.45, ""bid"": 76.4, ""risk"": ""EXTREME"", ""action"": ""BREAK_EXIT"", ""support"": ""CONTRADICTED"", ""n_neg"": 8, ""data_unreliable"": false}, {""minute"": ""15:13"", ""mid"": 75.35, ""bid"": 75.3, ""risk"": ""EXTREME"", ""action"": ""BREAK_EXIT"", ""support"": ""CONTRADICTED"", ""n_neg"": 6, ""data_unreliable"": false}, {""minute"": ""15:14"", ""mid"": 77.425, ""bid"": 77.35, ""risk"": ""ELEVATED"", ""action"": ""CAUTION"", ""support"": ""NORMAL"", ""n_neg"": 2, ""data_unreliable"": false}, {""minute"": ""15:15"", ""mid"": 75.575, ""bid"": 75.5, ""risk"": ""HIGH"", ""action"": ""PREPARE_EXIT"", ""support"": ""CONTRADICTED"", ""n_neg"": 3, ""data_unreliable"": false}, {""minute"": ""15:16"", ""mid"": 76.075, ""bid"": 76.0, ""risk"": ""EXTREME"", ""action"": ""BREAK_EXIT"", ""support"": ""CONTRADICTED"", ""n_neg"": 4, ""data_unreliable"": false}, {""minute"": ""15:17"", ""mid"": 74.35, ""bid"": 74.25, ""risk"": ""EXTREME"", ""action"": ""BREAK_EXIT"", ""support"": ""CONTRADICTED"", ""n_neg"": 8, ""data_unreliable"": false}, {""minute"": ""15:18"", ""mid"": 75.425, ""bid"": 75.35, ""risk"": ""HIGH"", ""action"": ""PREPARE_EXIT"", ""support"": ""CONTRADICTED"", ""n_neg"": 5, ""data_unreliable"": false}, {""minute"": ""15:19"", ""mid"": 75.65, ""bid"": 75.6, ""risk"": ""ELEVATED"", ""action"": ""CAUTION"", ""support"": ""NORMAL"", ""n_neg"": 2, ""data_unreliable"": false}]"
NIFTY,2026-09-04,CLOSING_1515_1529,CE,24000.0,15:15,15:29,76.8,76.85,"[{""minute"": ""15:15"", ""mid"": 76.8, ""bid"": 76.75, ""risk"": ""EXTREME"", ""action"": ""BREAK_EXIT"", ""support"": ""CONTRADICTED"", ""n_neg"": 4, ""data_unreliable"": false}, {""minute"": ""15:16"", ""mid"": 75.94999999999999, ""bid"": 75.85, ""risk"": ""HIGH"", ""action"": ""PREPARE_EXIT"", ""support"": ""CONTRADICTED"", ""n_neg"": 5, ""data_unreliable"": false}, {""minute"": ""15:17"", ""mid"": 77.775, ""bid"": 77.65, ""risk"": ""NORMAL"", ""action"": ""HOLD"", ""support"": ""NORMAL"", ""n_neg"": 1, ""data_unreliable"": false}, {""minute"": ""15:18"", ""mid"": 76.80000000000001, ""bid"": 76.7, ""risk"": ""ELEVATED"", ""action"": ""CAUTION"", ""support"": ""NORMAL"", ""n_neg"": 2, ""data_unreliable"": false}, {""minute"": ""15:19"", ""mid"": 75.75, ""bid"": 75.65, ""risk"": ""EXTREME"", ""action"": ""BREAK_EXIT"", ""support"": ""CONTRADICTED"", ""n_neg"": 6, ""data_unreliable"": false}, {""minute"": ""15:20"", ""mid"": 61.625, ""bid"": 61.45, ""risk"": ""EXTREME"", ""action"": ""BREAK_EXIT"", ""support"": ""CONTRADICTED"", ""n_neg"": 9, ""data_unreliable"": false}, {""minute"": ""15:21"", ""mid"": 68.825, ""bid"": 68.75, ""risk"": ""EXTREME"", ""action"": ""BREAK_EXIT"", ""support"": ""CONTRADICTED"", ""n_neg"": 8, ""data_unreliable"": false}, {""minute"": ""15:22"", ""mid"": 66.7, ""bid"": 66.65, ""risk"": ""ELEVATED"", ""action"": ""CAUTION"", ""support"": ""NORMAL"", ""n_neg"": 2, ""data_unreliable"": false}, {""minute"": ""15:23"", ""mid"": 66.35, ""bid"": 66.3, ""risk"": ""EXTREME"", ""action"": ""BREAK_EXIT"", ""support"": ""CONTRADICTED"", ""n_neg"": 4, ""data_unreliable"": false}, {""minute"": ""15:24"", ""mid"": 66.275, ""bid"": 66.2, ""risk"": ""ELEVATED"", ""action"": ""CAUTION"", ""support"": ""WEAK"", ""n_neg"": 5, ""data_unreliable"": false}, {""minute"": ""15:25"", ""mid"": 66.175, ""bid"": 66.1, ""risk"": ""ELEVATED"", ""action"": ""CAUTION"", ""support"": ""WEAK"", ""n_neg"": 5, ""data_unreliable"": false}, {""minute"": ""15:26"", ""mid"": 67.025, ""bid"": 66.95, ""risk"": ""NORMAL"", ""action"": ""HOLD"", ""support"": ""NORMAL"", ""n_neg"": 1, ""data_unreliable"": false}, {""minute"": ""15:27"", ""mid"": 68.25, ""bid"": 68.15, ""risk"": ""NORMAL"", ""action"": ""HOLD"", ""support"": ""NORMAL"", ""n_neg"": 1, ""data_unreliable"": false}, {""minute"": ""15:28"", ""mid"": 68.475, ""bid"": 68.4, ""risk"": ""NORMAL"", ""action"": ""HOLD"", ""support"": ""NORMAL"", ""n_neg"": 1, ""data_unreliable"": false}, {""minute"": ""15:29"", ""mid"": 63.175, ""bid"": 63.15, ""risk"": ""EXTREME"", ""action"": ""BREAK_EXIT"", ""support"": ""CONTRADICTED"", ""n_neg"": 6, ""data_unreliable"": false}]"
NIFTY,2026-09-04,CLOSING_1515_1529,PE,24000.0,15:15,15:29,99.5,99.55,"[{""minute"": ""15:15"", ""mid"": 99.5, ""bid"": 99.45, ""risk"": ""ELEVATED"", ""action"": ""CAUTION"", ""support"": ""NORMAL"", ""n_neg"": 1, ""data_unreliable"": false}, {""minute"": ""15:16"", ""mid"": 100.05000000000001, ""bid"": 99.95, ""risk"": ""HIGH"", ""action"": ""PREPARE_EXIT"", ""support"": ""CONTRADICTED"", ""n_neg"": 3, ""data_unreliable"": false}, {""minute"": ""15:17"", ""mid"": 97.875, ""bid"": 97.75, ""risk"": ""EXTREME"", ""action"": ""BREAK_EXIT"", ""support"": ""CONTRADICTED"", ""n_neg"": 8, ""data_unreliable"": false}, {""minute"": ""15:18"", ""mid"": 99.0, ""bid"": 98.9, ""risk"": ""EXTREME"", ""action"": ""BREAK_EXIT"", ""support"": ""CONTRADICTED"", ""n_neg"": 7, ""data_unreliable"": false}, {""minute"": ""15:19"", ""mid"": 99.55, ""bid"": 99.5, ""risk"": ""NORMAL"", ""action"": ""HOLD"", ""support"": ""STRONG"", ""n_neg"": 0, ""data_unreliable"": false}, {""minute"": ""15:20"", ""mid"": 114.67500000000001, ""bid"": 114.45, ""risk"": ""NORMAL"", ""action"": ""HOLD"", ""support"": ""NORMAL"", ""n_neg"": 1, ""data_unreliable"": false}, {""minute"": ""15:21"", ""mid"": 108.35, ""bid"": 108.25, ""risk"": ""ELEVATED"", ""action"": ""CAUTION"", ""support"": ""NORMAL"", ""n_neg"": 2, ""data_unreliable"": false}, {""minute"": ""15:22"", ""mid"": 108.85, ""bid"": 108.75, ""risk"": ""EXTREME"", ""action"": ""BREAK_EXIT"", ""support"": ""CONTRADICTED"", ""n_neg"": 7, ""data_unreliable"": false}, {""minute"": ""15:23"", ""mid"": 108.075, ""bid"": 107.95, ""risk"": ""HIGH"", ""action"": ""PREPARE_EXIT"", ""support"": ""CONTRADICTED"", ""n_neg"": 4, ""data_unreliable"": false}, {""minute"": ""15:24"", ""mid"": 108.30000000000001, ""bid"": 108.15, ""risk"": ""ELEVATED"", ""action"": ""CAUTION"", ""support"": ""WEAK"", ""n_neg"": 3, ""data_unreliable"": false}, {""minute"": ""15:25"", ""mid"": 107.1, ""bid"": 106.95, ""risk"": ""HIGH"", ""action"": ""PREPARE_EXIT"", ""support"": ""CONTRADICTED"", ""n_neg"": 5, ""data_unreliable"": false}, {""minute"": ""15:26"", ""mid"": 104.475, ""bid"": 104.4, ""risk"": ""EXTREME"", ""action"": ""BREAK_EXIT"", ""support"": ""CONTRADICTED"", ""n_neg"": 7, ""data_unreliable"": false}, {""minute"": ""15:27"", ""mid"": 103.825, ""bid"": 103.75, ""risk"": ""EXTREME"", ""action"": ""BREAK_EXIT"", ""support"": ""CONTRADICTED"", ""n_neg"": 5, ""data_unreliable"": false}, {""minute"": ""15:28"", ""mid"": 102.25, ""bid"": 102.15, ""risk"": ""EXTREME"", ""action"": ""BREAK_EXIT"", ""support"": ""CONTRADICTED"", ""n_neg"": 9, ""data_unreliable"": false}, {""minute"": ""15:29"", ""mid"": 108.85, ""bid"": 108.8, ""risk"": ""NORMAL"", ""action"": ""HOLD"", ""support"": ""STRONG"", ""n_neg"": 0, ""data_unreliable"": false}]"
SENSEX,2026-09-04,11D_SHAPED_1500_1519,CE,76800.0,15:00,15:19,407.57500000000005,408.05,"[{""minute"": ""15:00"", ""mid"": 407.57500000000005, ""bid"": 407.1, ""risk"": ""HIGH"", ""action"": ""PREPARE_EXIT"", ""support"": ""CONTRADICTED"", ""n_neg"": 3, ""data_unreliable"": false}, {""minute"": ""15:01"", ""mid"": 404.375, ""bid"": 403.95, ""risk"": ""HIGH"", ""action"": ""PREPARE_EXIT"", ""support"": ""CONTRADICTED"", ""n_neg"": 4, ""data_unreliable"": false}, {""minute"": ""15:02"", ""mid"": 410.42499999999995, ""bid"": 409.95, ""risk"": ""NORMAL"", ""action"": ""HOLD"", ""support"": ""NORMAL"", ""n_neg"": 1, ""data_unreliable"": false}, {""minute"": ""15:03"", ""mid"": 408.025, ""bid"": 407.55, ""risk"": ""ELEVATED"", ""action"": ""CAUTION"", ""support"": ""NORMAL"", ""n_neg"": 1, ""data_unreliable"": false}, {""minute"": ""15:04"", ""mid"": 405.5, ""bid"": 405.2, ""risk"": ""ELEVATED"", ""action"": ""CAUTION"", ""support"": ""WEAK"", ""n_neg"": 3, ""data_unreliable"": false}, {""minute"": ""15:05"", ""mid"": 402.3, ""bid"": 401.8, ""risk"": ""EXTREME"", ""action"": ""BREAK_EXIT"", ""support"": ""CONTRADICTED"", ""n_neg"": 6, ""data_unreliable"": false}, {""minute"": ""15:06"", ""mid"": 410.975, ""bid"": 410.95, ""risk"": ""LOW"", ""action"": ""HOLD"", ""support"": ""STRONG"", ""n_neg"": 0, ""data_unreliable"": false}, {""minute"": ""15:07"", ""mid"": 408.70000000000005, ""bid"": 408.6, ""risk"": ""ELEVATED"", ""action"": ""CAUTION"", ""support"": ""NORMAL"", ""n_neg"": 1, ""data_unreliable"": false}, {""minute"": ""15:08"", ""mid"": 404.42499999999995, ""bid"": 403.9, ""risk"": ""EXTREME"", ""action"": ""BREAK_EXIT"", ""support"": ""CONTRADICTED"", ""n_neg"": 6, ""data_unreliable"": false}, {""minute"": ""15:09"", ""mid"": 405.32500000000005, ""bid"": 404.85, ""risk"": ""HIGH"", ""action"": ""PREPARE_EXIT"", ""support"": ""CONTRADICTED"", ""n_neg"": 4, ""data_unreliable"": false}, {""minute"": ""15:10"", ""mid"": 401.54999999999995, ""bid"": 401.2, ""risk"": ""EXTREME"", ""action"": ""BREAK_EXIT"", ""support"": ""CONTRADICTED"", ""n_neg"": 5, ""data_unreliable"": false}, {""minute"": ""15:11"", ""mid"": 404.65, ""bid"": 404.35, ""risk"": ""NORMAL"", ""action"": ""HOLD"", ""support"": ""NORMAL"", ""n_neg"": 0, ""data_unreliable"": false}, {""minute"": ""15:12"", ""mid"": 404.725, ""bid"": 404.25, ""risk"": ""NORMAL"", ""action"": ""HOLD"", ""support"": ""NORMAL"", ""n_neg"": 0, ""data_unreliable"": false}, {""minute"": ""15:13"", ""mid"": 404.79999999999995, ""bid"": 404.2, ""risk"": ""NORMAL"", ""action"": ""HOLD"", ""support"": ""NORMAL"", ""n_neg"": 0, ""data_unreliable"": false}, {""minute"": ""15:14"", ""mid"": 403.5, ""bid"": 403.2, ""risk"": ""ELEVATED"", ""action"": ""CAUTION"", ""support"": ""WEAK"", ""n_neg"": 1, ""data_unreliable"": false}, {""minute"": ""15:15"", ""mid"": 402.9, ""bid"": 402.8, ""risk"": ""NORMAL"", ""action"": ""HOLD"", ""support"": ""NORMAL"", ""n_neg"": 1, ""data_unreliable"": false}, {""minute"": ""15:16"", ""mid"": 407.9, ""bid"": 407.4, ""risk"": ""NORMAL"", ""action"": ""HOLD"", ""support"": ""STRONG"", ""n_neg"": 0, ""data_unreliable"": false}, {""minute"": ""15:17"", ""mid"": 406.6, ""bid"": 406.2, ""risk"": ""ELEVATED"", ""action"": ""CAUTION"", ""support"": ""NORMAL"", ""n_neg"": 1, ""data_unreliable"": false}, {""minute"": ""15:18"", ""mid"": 405.7, ""bid"": 405.2, ""risk"": ""NORMAL"", ""action"": ""HOLD"", ""support"": ""NORMAL"", ""n_neg"": 1, ""data_unreliable"": false}, {""minute"": ""15:19"", ""mid"": 405.67499999999995, ""bid"": 405.4, ""risk"": ""ELEVATED"", ""action"": ""CAUTION"", ""support"": ""WEAK"", ""n_neg"": 3, ""data_unreliable"": false}]"
SENSEX,2026-09-04,11D_SHAPED_1500_1519,PE,76800.0,15:00,15:19,411.1,411.55,"[{""minute"": ""15:00"", ""mid"": 411.1, ""bid"": 410.65, ""risk"": ""NORMAL"", ""action"": ""HOLD"", ""support"": ""NORMAL"", ""n_neg"": 1, ""data_unreliable"": false}, {""minute"": ""15:01"", ""mid"": 413.45, ""bid"": 413.0, ""risk"": ""LOW"", ""action"": ""HOLD"", ""support"": ""STRONG"", ""n_neg"": 0, ""data_unreliable"": false}, {""minute"": ""15:02"", ""mid"": 407.375, ""bid"": 406.85, ""risk"": ""ELEVATED"", ""action"": ""CAUTION"", ""support"": ""WEAK"", ""n_neg"": 2, ""data_unreliable"": false}, {""minute"": ""15:03"", ""mid"": 409.4, ""bid"": 409.15, ""risk"": ""HIGH"", ""action"": ""PREPARE_EXIT"", ""support"": ""CONTRADICTED"", ""n_neg"": 3, ""data_unreliable"": false}, {""minute"": ""15:04"", ""mid"": 413.725, ""bid"": 413.2, ""risk"": ""LOW"", ""action"": ""HOLD"", ""support"": ""STRONG"", ""n_neg"": 0, ""data_unreliable"": false}, {""minute"": ""15:05"", ""mid"": 417.7, ""bid"": 417.2, ""risk"": ""LOW"", ""action"": ""HOLD"", ""support"": ""STRONG"", ""n_neg"": 0, ""data_unreliable"": false}, {""minute"": ""15:06"", ""mid"": 407.07500000000005, ""bid"": 406.55, ""risk"": ""EXTREME"", ""action"": ""BREAK_EXIT"", ""support"": ""CONTRADICTED"", ""n_neg"": 6, ""data_unreliable"": false}, {""minute"": ""15:07"", ""mid"": 409.4, ""bid"": 409.15, ""risk"": ""EXTREME"", ""action"": ""BREAK_EXIT"", ""support"": ""CONTRADICTED"", ""n_neg"": 5, ""data_unreliable"": false}, {""minute"": ""15:08"", ""mid"": 414.54999999999995, ""bid"": 414.2, ""risk"": ""NORMAL"", ""action"": ""HOLD"", ""support"": ""NORMAL"", ""n_neg"": 1, ""data_unreliable"": false}, {""minute"": ""15:09"", ""mid"": 413.275, ""bid"": 412.7, ""risk"": ""ELEVATED"", ""action"": ""CAUTION"", ""support"": ""NORMAL"", ""n_neg"": 1, ""data_unreliable"": false}, {""minute"": ""15:10"", ""mid"": 420.275, ""bid"": 419.9, ""risk"": ""LOW"", ""action"": ""HOLD"", ""support"": ""STRONG"", ""n_neg"": 0, ""data_unreliable"": false}, {""minute"": ""15:11"", ""mid"": 416.42499999999995, ""bid"": 415.9, ""risk"": ""ELEVATED"", ""action"": ""CAUTION"", ""support"": ""WEAK"", ""n_neg"": 1, ""data_unreliable"": false}, {""minute"": ""15:12"", ""mid"": 415.675, ""bid"": 415.3, ""risk"": ""EXTREME"", ""action"": ""BREAK_EXIT"", ""support"": ""CONTRADICTED"", ""n_neg"": 4, ""data_unreliable"": false}, {""minute"": ""15:13"", ""mid"": 413.525, ""bid"": 413.0, ""risk"": ""HIGH"", ""action"": ""PREPARE_EXIT"", ""support"": ""CONTRADICTED"", ""n_neg"": 5, ""data_unreliable"": false}, {""minute"": ""15:14"", ""mid"": 416.92499999999995, ""bid"": 416.4, ""risk"": ""NORMAL"", ""action"": ""HOLD"", ""support"": ""NORMAL"", ""n_neg"": 0, ""data_unreliable"": false}, {""minute"": ""15:15"", ""mid"": 415.025, ""bid"": 414.45, ""risk"": ""ELEVATED"", ""action"": ""CAUTION"", ""support"": ""WEAK"", ""n_neg"": 1, ""data_unreliable"": false}, {""minute"": ""15:16"", ""mid"": 406.82500000000005, ""bid"": 406.3, ""risk"": ""EXTREME"", ""action"": ""BREAK_EXIT"", ""support"": ""CONTRADICTED"", ""n_neg"": 6, ""data_unreliable"": false}, {""minute"": ""15:17"", ""mid"": 409.82500000000005, ""bid"": 409.55, ""risk"": ""HIGH"", ""action"": ""PREPARE_EXIT"", ""support"": ""CONTRADICTED"", ""n_neg"": 3, ""data_unreliable"": false}, {""minute"": ""15:18"", ""mid"": 408.625, ""bid"": 408.15, ""risk"": ""ELEVATED"", ""action"": ""CAUTION"", ""support"": ""WEAK"", ""n_neg"": 2, ""data_unreliable"": false}, {""minute"": ""15:19"", ""mid"": 410.175, ""bid"": 409.6, ""risk"": ""NORMAL"", ""action"": ""HOLD"", ""support"": ""NORMAL"", ""n_neg"": 0, ""data_unreliable"": false}]"
SENSEX,2026-09-04,CLOSING_1515_1529,CE,76800.0,15:15,15:29,402.9,403.0,"[{""minute"": ""15:15"", ""mid"": 402.9, ""bid"": 402.8, ""risk"": ""NORMAL"", ""action"": ""HOLD"", ""support"": ""NORMAL"", ""n_neg"": 1, ""data_unreliable"": false}, {""minute"": ""15:16"", ""mid"": 407.9, ""bid"": 407.4, ""risk"": ""NORMAL"", ""action"": ""HOLD"", ""support"": ""NORMAL"", ""n_neg"": 1, ""data_unreliable"": false}, {""minute"": ""15:17"", ""mid"": 406.6, ""bid"": 406.2, ""risk"": ""ELEVATED"", ""action"": ""CAUTION"", ""support"": ""NORMAL"", ""n_neg"": 2, ""data_unreliable"": false}, {""minute"": ""15:18"", ""mid"": 405.7, ""bid"": 405.2, ""risk"": ""ELEVATED"", ""action"": ""CAUTION"", ""support"": ""WEAK"", ""n_neg"": 2, ""data_unreliable"": false}, {""minute"": ""15:19"", ""mid"": 405.67499999999995, ""bid"": 405.4, ""risk"": ""ELEVATED"", ""action"": ""CAUTION"", ""support"": ""WEAK"", ""n_neg"": 4, ""data_unreliable"": false}, {""minute"": ""15:20"", ""mid"": 366.4, ""bid"": 366.05, ""risk"": ""EXTREME"", ""action"": ""BREAK_EXIT"", ""support"": ""CONTRADICTED"", ""n_neg"": 10, ""data_unreliable"": false}, {""minute"": ""15:21"", ""mid"": 376.275, ""bid"": 375.8, ""risk"": ""EXTREME"", ""action"": ""BREAK_EXIT"", ""support"": ""CONTRADICTED"", ""n_neg"": 8, ""data_unreliable"": false}, {""minute"": ""15:22"", ""mid"": 369.05, ""bid"": 368.5, ""risk"": ""HIGH"", ""action"": ""PREPARE_EXIT"", ""support"": ""NORMAL"", ""n_neg"": 3, ""data_unreliable"": false}, {""minute"": ""15:23"", ""mid"": 372.625, ""bid"": 372.05, ""risk"": ""ELEVATED"", ""action"": ""CAUTION"", ""support"": ""NORMAL"", ""n_neg"": 4, ""data_unreliable"": false}, {""minute"": ""15:24"", ""mid"": 371.5, ""bid"": 370.95, ""risk"": ""HIGH"", ""action"": ""PREPARE_EXIT"", ""support"": ""CONTRADICTED"", ""n_neg"": 3, ""data_unreliable"": false}, {""minute"": ""15:25"", ""mid"": 367.45000000000005, ""bid"": 367.1, ""risk"": ""EXTREME"", ""action"": ""BREAK_EXIT"", ""support"": ""CONTRADICTED"", ""n_neg"": 6, ""data_unreliable"": false}, {""minute"": ""15:26"", ""mid"": 372.225, ""bid"": 371.75, ""risk"": ""NORMAL"", ""action"": ""HOLD"", ""support"": ""NORMAL"", ""n_neg"": 1, ""data_unreliable"": false}, {""minute"": ""15:27"", ""mid"": 384.2, ""bid"": 383.65, ""risk"": ""NORMAL"", ""action"": ""HOLD"", ""support"": ""NORMAL"", ""n_neg"": 1, ""data_unreliable"": false}, {""minute"": ""15:28"", ""mid"": 375.025, ""bid"": 374.5, ""risk"": ""ELEVATED"", ""action"": ""CAUTION"", ""support"": ""NORMAL"", ""n_neg"": 2, ""data_unreliable"": false}, {""minute"": ""15:29"", ""mid"": 363.625, ""bid"": 363.25, ""risk"": ""EXTREME"", ""action"": ""BREAK_EXIT"", ""support"": ""CONTRADICTED"", ""n_neg"": 8, ""data_unreliable"": false}]"
SENSEX,2026-09-04,CLOSING_1515_1529,PE,76800.0,15:15,15:29,415.025,415.6,"[{""minute"": ""15:15"", ""mid"": 415.025, ""bid"": 414.45, ""risk"": ""ELEVATED"", ""action"": ""CAUTION"", ""support"": ""WEAK"", ""n_neg"": 1, ""data_unreliable"": false}, {""minute"": ""15:16"", ""mid"": 406.82500000000005, ""bid"": 406.3, ""risk"": ""EXTREME"", ""action"": ""BREAK_EXIT"", ""support"": ""CONTRADICTED"", ""n_neg"": 6, ""data_unreliable"": false}, {""minute"": ""15:17"", ""mid"": 409.82500000000005, ""bid"": 409.55, ""risk"": ""HIGH"", ""action"": ""PREPARE_EXIT"", ""support"": ""CONTRADICTED"", ""n_neg"": 3, ""data_unreliable"": false}, {""minute"": ""15:18"", ""mid"": 408.625, ""bid"": 408.15, ""risk"": ""ELEVATED"", ""action"": ""CAUTION"", ""support"": ""WEAK"", ""n_neg"": 2, ""data_unreliable"": false}, {""minute"": ""15:19"", ""mid"": 410.175, ""bid"": 409.6, ""risk"": ""NORMAL"", ""action"": ""HOLD"", ""support"": ""NORMAL"", ""n_neg"": 0, ""data_unreliable"": false}, {""minute"": ""15:20"", ""mid"": 442.975, ""bid"": 442.4, ""risk"": ""NORMAL"", ""action"": ""HOLD"", ""support"": ""STRONG"", ""n_neg"": 0, ""data_unreliable"": false}, {""minute"": ""15:21"", ""mid"": 435.79999999999995, ""bid"": 435.2, ""risk"": ""ELEVATED"", ""action"": ""CAUTION"", ""support"": ""NORMAL"", ""n_neg"": 1, ""data_unreliable"": false}, {""minute"": ""15:22"", ""mid"": 431.65, ""bid"": 431.2, ""risk"": ""EXTREME"", ""action"": ""BREAK_EXIT"", ""support"": ""CONTRADICTED"", ""n_neg"": 4, ""data_unreliable"": false}, {""minute"": ""15:23"", ""mid"": 422.82500000000005, ""bid"": 422.55, ""risk"": ""EXTREME"", ""action"": ""BREAK_EXIT"", ""support"": ""CONTRADICTED"", ""n_neg"": 7, ""data_unreliable"": false}, {""minute"": ""15:24"", ""mid"": 426.65, ""bid"": 426.2, ""risk"": ""EXTREME"", ""action"": ""BREAK_EXIT"", ""support"": ""CONTRADICTED"", ""n_neg"": 6, ""data_unreliable"": false}, {""minute"": ""15:25"", ""mid"": 428.57500000000005, ""bid"": 428.05, ""risk"": ""NORMAL"", ""action"": ""HOLD"", ""support"": ""NORMAL"", ""n_neg"": 1, ""data_unreliable"": false}, {""minute"": ""15:26"", ""mid"": 416.15, ""bid"": 415.6, ""risk"": ""EXTREME"", ""action"": ""BREAK_EXIT"", ""support"": ""CONTRADICTED"", ""n_neg"": 5, ""data_unreliable"": false}, {""minute"": ""15:27"", ""mid"": 408.575, ""bid"": 408.0, ""risk"": ""EXTREME"", ""action"": ""BREAK_EXIT"", ""support"": ""CONTRADICTED"", ""n_neg"": 7, ""data_unreliable"": false}, {""minute"": ""15:28"", ""mid"": 411.45, ""bid"": 411.0, ""risk"": ""EXTREME"", ""action"": ""BREAK_EXIT"", ""support"": ""CONTRADICTED"", ""n_neg"": 5, ""data_unreliable"": false}, {""minute"": ""15:29"", ""mid"": 423.2, ""bid"": 422.7, ""risk"": ""NORMAL"", ""action"": ""HOLD"", ""support"": ""STRONG"", ""n_neg"": 0, ""data_unreliable"": false}]"
NIFTY,2026-09-07,11D_SHAPED_1500_1519,CE,23800.0,15:00,15:19,71.975,72.1,"[{""minute"": ""15:00"", ""mid"": 71.975, ""bid"": 71.85, ""risk"": ""HIGH"", ""action"": ""PREPARE_EXIT"", ""support"": ""CONTRADICTED"", ""n_neg"": 3, ""data_unreliable"": false}, {""minute"": ""15:01"", ""mid"": 74.80000000000001, ""bid"": 74.7, ""risk"": ""LOW"", ""action"": ""HOLD"", ""support"": ""STRONG"", ""n_neg"": 0, ""data_unreliable"": false}, {""minute"": ""15:02"", ""mid"": 74.425, ""bid"": 74.35, ""risk"": ""ELEVATED"", ""action"": ""CAUTION"", ""support"": ""NORMAL"", ""n_neg"": 1, ""data_unreliable"": false}, {""minute"": ""15:03"", ""mid"": 75.9, ""bid"": 75.85, ""risk"": ""LOW"", ""action"": ""HOLD"", ""support"": ""STRONG"", ""n_neg"": 0, ""data_unreliable"": false}, {""minute"": ""15:04"", ""mid"": 75.325, ""bid"": 75.25, ""risk"": ""ELEVATED"", ""action"": ""CAUTION"", ""support"": ""NORMAL"", ""n_neg"": 1, ""data_unreliable"": false}, {""minute"": ""15:05"", ""mid"": 73.6, ""bid"": 73.5, ""risk"": ""ELEVATED"", ""action"": ""CAUTION"", ""support"": ""WEAK"", ""n_neg"": 4, ""data_unreliable"": false}, {""minute"": ""15:06"", ""mid"": 74.25, ""bid"": 74.2, ""risk"": ""EXTREME"", ""action"": ""BREAK_EXIT"", ""support"": ""CONTRADICTED"", ""n_neg"": 5, ""data_unreliable"": false}, {""minute"": ""15:07"", ""mid"": 74.05000000000001, ""bid"": 73.95, ""risk"": ""ELEVATED"", ""action"": ""CAUTION"", ""support"": ""WEAK"", ""n_neg"": 2, ""data_unreliable"": false}, {""minute"": ""15:08"", ""mid"": 75.775, ""bid"": 75.7, ""risk"": ""LOW"", ""action"": ""HOLD"", ""support"": ""STRONG"", ""n_neg"": 0, ""data_unreliable"": false}, {""minute"": ""15:09"", ""mid"": 73.32499999999999, ""bid"": 73.3, ""risk"": ""HIGH"", ""action"": ""PREPARE_EXIT"", ""support"": ""CONTRADICTED"", ""n_neg"": 4, ""data_unreliable"": false}, {""minute"": ""15:10"", ""mid"": 72.95, ""bid"": 72.9, ""risk"": ""EXTREME"", ""action"": ""BREAK_EXIT"", ""support"": ""CONTRADICTED"", ""n_neg"": 6, ""data_unreliable"": false}, {""minute"": ""15:11"", ""mid"": 73.775, ""bid"": 73.7, ""risk"": ""NORMAL"", ""action"": ""HOLD"", ""support"": ""NORMAL"", ""n_neg"": 1, ""data_unreliable"": false}, {""minute"": ""15:12"", ""mid"": 75.30000000000001, ""bid"": 75.2, ""risk"": ""LOW"", ""action"": ""HOLD"", ""support"": ""STRONG"", ""n_neg"": 0, ""data_unreliable"": false}, {""minute"": ""15:13"", ""mid"": 75.575, ""bid"": 75.5, ""risk"": ""LOW"", ""action"": ""HOLD"", ""support"": ""STRONG"", ""n_neg"": 0, ""data_unreliable"": false}, {""minute"": ""15:14"", ""mid"": 77.175, ""bid"": 77.1, ""risk"": ""LOW"", ""action"": ""HOLD"", ""support"": ""STRONG"", ""n_neg"": 0, ""data_unreliable"": false}, {""minute"": ""15:15"", ""mid"": 73.125, ""bid"": 73.0, ""risk"": ""EXTREME"", ""action"": ""BREAK_EXIT"", ""support"": ""CONTRADICTED"", ""n_neg"": 7, ""data_unreliable"": false}, {""minute"": ""15:16"", ""mid"": 73.0, ""bid"": 72.9, ""risk"": ""EXTREME"", ""action"": ""BREAK_EXIT"", ""support"": ""CONTRADICTED"", ""n_neg"": 7, ""data_unreliable"": false}, {""minute"": ""15:17"", ""mid"": 72.65, ""bid"": 72.55, ""risk"": ""EXTREME"", ""action"": ""BREAK_EXIT"", ""support"": ""CONTRADICTED"", ""n_neg"": 4, ""data_unreliable"": false}, {""minute"": ""15:18"", ""mid"": 73.125, ""bid"": 73.05, ""risk"": ""NORMAL"", ""action"": ""HOLD"", ""support"": ""NORMAL"", ""n_neg"": 0, ""data_unreliable"": false}, {""minute"": ""15:19"", ""mid"": 67.225, ""bid"": 67.15, ""risk"": ""EXTREME"", ""action"": ""BREAK_EXIT"", ""support"": ""CONTRADICTED"", ""n_neg"": 9, ""data_unreliable"": false}]"
NIFTY,2026-09-07,11D_SHAPED_1500_1519,PE,23800.0,15:00,15:19,60.65,60.75,"[{""minute"": ""15:00"", ""mid"": 60.65, ""bid"": 60.55, ""risk"": ""NORMAL"", ""action"": ""HOLD"", ""support"": ""NORMAL"", ""n_neg"": 2, ""data_unreliable"": false}, {""minute"": ""15:01"", ""mid"": 57.599999999999994, ""bid"": 57.55, ""risk"": ""EXTREME"", ""action"": ""BREAK_EXIT"", ""support"": ""CONTRADICTED"", ""n_neg"": 8, ""data_unreliable"": false}, {""minute"": ""15:02"", ""mid"": 57.5, ""bid"": 57.4, ""risk"": ""EXTREME"", ""action"": ""BREAK_EXIT"", ""support"": ""CONTRADICTED"", ""n_neg"": 7, ""data_unreliable"": false}, {""minute"": ""15:03"", ""mid"": 56.0, ""bid"": 55.9, ""risk"": ""EXTREME"", ""action"": ""BREAK_EXIT"", ""support"": ""CONTRADICTED"", ""n_neg"": 6, ""data_unreliable"": false}, {""minute"": ""15:04"", ""mid"": 56.400000000000006, ""bid"": 56.35, ""risk"": ""EXTREME"", ""action"": ""BREAK_EXIT"", ""support"": ""CONTRADICTED"", ""n_neg"": 6, ""data_unreliable"": false}, {""minute"": ""15:05"", ""mid"": 58.825, ""bid"": 58.75, ""risk"": ""LOW"", ""action"": ""HOLD"", ""support"": ""STRONG"", ""n_neg"": 0, ""data_unreliable"": false}, {""minute"": ""15:06"", ""mid"": 58.425, ""bid"": 58.35, ""risk"": ""ELEVATED"", ""action"": ""CAUTION"", ""support"": ""NORMAL"", ""n_neg"": 1, ""data_unreliable"": false}, {""minute"": ""15:07"", ""mid"": 58.475, ""bid"": 58.45, ""risk"": ""HIGH"", ""action"": ""PREPARE_EXIT"", ""support"": ""CONTRADICTED"", ""n_neg"": 3, ""data_unreliable"": false}, {""minute"": ""15:08"", ""mid"": 56.75, ""bid"": 56.65, ""risk"": ""HIGH"", ""action"": ""PREPARE_EXIT"", ""support"": ""CONTRADICTED"", ""n_neg"": 5, ""data_unreliable"": false}, {""minute"": ""15:09"", ""mid"": 59.474999999999994, ""bid"": 59.4, ""risk"": ""LOW"", ""action"": ""HOLD"", ""support"": ""STRONG"", ""n_neg"": 0, ""data_unreliable"": false}, {""minute"": ""15:10"", ""mid"": 61.349999999999994, ""bid"": 61.3, ""risk"": ""LOW"", ""action"": ""HOLD"", ""support"": ""STRONG"", ""n_neg"": 0, ""data_unreliable"": false}, {""minute"": ""15:11"", ""mid"": 59.95, ""bid"": 59.9, ""risk"": ""ELEVATED"", ""action"": ""CAUTION"", ""support"": ""NORMAL"", ""n_neg"": 1, ""data_unreliable"": false}, {""minute"": ""15:12"", ""mid"": 57.724999999999994, ""bid"": 57.65, ""risk"": ""EXTREME"", ""action"": ""BREAK_EXIT"", ""support"": ""CONTRADICTED"", ""n_neg"": 7, ""data_unreliable"": false}, {""minute"": ""15:13"", ""mid"": 57.724999999999994, ""bid"": 57.65, ""risk"": ""EXTREME"", ""action"": ""BREAK_EXIT"", ""support"": ""CONTRADICTED"", ""n_neg"": 5, ""data_unreliable"": false}, {""minute"": ""15:14"", ""mid"": 56.025, ""bid"": 56.0, ""risk"": ""HIGH"", ""action"": ""PREPARE_EXIT"", ""support"": ""CONTRADICTED"", ""n_neg"": 5, ""data_unreliable"": false}, {""minute"": ""15:15"", ""mid"": 58.825, ""bid"": 58.75, ""risk"": ""LOW"", ""action"": ""HOLD"", ""support"": ""STRONG"", ""n_neg"": 0, ""data_unreliable"": false}, {""minute"": ""15:16"", ""mid"": 59.1, ""bid"": 59.0, ""risk"": ""NORMAL"", ""action"": ""HOLD"", ""support"": ""STRONG"", ""n_neg"": 0, ""data_unreliable"": false}, {""minute"": ""15:17"", ""mid"": 59.275, ""bid"": 59.25, ""risk"": ""NORMAL"", ""action"": ""HOLD"", ""support"": ""NORMAL"", ""n_neg"": 0, ""data_unreliable"": false}, {""minute"": ""15:18"", ""mid"": 58.825, ""bid"": 58.75, ""risk"": ""HIGH"", ""action"": ""PREPARE_EXIT"", ""support"": ""CONTRADICTED"", ""n_neg"": 3, ""data_unreliable"": false}, {""minute"": ""15:19"", ""mid"": 64.075, ""bid"": 64.0, ""risk"": ""NORMAL"", ""action"": ""HOLD"", ""support"": ""STRONG"", ""n_neg"": 0, ""data_unreliable"": false}]"
NIFTY,2026-09-07,CLOSING_1515_1529,CE,23800.0,15:15,15:29,73.125,73.25,"[{""minute"": ""15:15"", ""mid"": 73.125, ""bid"": 73.0, ""risk"": ""EXTREME"", ""action"": ""BREAK_EXIT"", ""support"": ""CONTRADICTED"", ""n_neg"": 7, ""data_unreliable"": false}, {""minute"": ""15:16"", ""mid"": 73.0, ""bid"": 72.9, ""risk"": ""EXTREME"", ""action"": ""BREAK_EXIT"", ""support"": ""CONTRADICTED"", ""n_neg"": 7, ""data_unreliable"": false}, {""minute"": ""15:17"", ""mid"": 72.65, ""bid"": 72.55, ""risk"": ""EXTREME"", ""action"": ""BREAK_EXIT"", ""support"": ""CONTRADICTED"", ""n_neg"": 4, ""data_unreliable"": false}, {""minute"": ""15:18"", ""mid"": 73.125, ""bid"": 73.05, ""risk"": ""NORMAL"", ""action"": ""HOLD"", ""support"": ""NORMAL"", ""n_neg"": 0, ""data_unreliable"": false}, {""minute"": ""15:19"", ""mid"": 67.225, ""bid"": 67.15, ""risk"": ""EXTREME"", ""action"": ""BREAK_EXIT"", ""support"": ""CONTRADICTED"", ""n_neg"": 9, ""data_unreliable"": false}, {""minute"": ""15:20"", ""mid"": 66.05000000000001, ""bid"": 65.95, ""risk"": ""EXTREME"", ""action"": ""BREAK_EXIT"", ""support"": ""CONTRADICTED"", ""n_neg"": 8, ""data_unreliable"": false}, {""minute"": ""15:21"", ""mid"": 66.525, ""bid"": 66.5, ""risk"": ""HIGH"", ""action"": ""PREPARE_EXIT"", ""support"": ""CONTRADICTED"", ""n_neg"": 4, ""data_unreliable"": false}, {""minute"": ""15:22"", ""mid"": 67.475, ""bid"": 67.4, ""risk"": ""NORMAL"", ""action"": ""HOLD"", ""support"": ""STRONG"", ""n_neg"": 0, ""data_unreliable"": false}, {""minute"": ""15:23"", ""mid"": 65.825, ""bid"": 65.75, ""risk"": ""EXTREME"", ""action"": ""BREAK_EXIT"", ""support"": ""CONTRADICTED"", ""n_neg"": 5, ""data_unreliable"": false}, {""minute"": ""15:24"", ""mid"": 64.625, ""bid"": 64.5, ""risk"": ""EXTREME"", ""action"": ""BREAK_EXIT"", ""support"": ""CONTRADICTED"", ""n_neg"": 6, ""data_unreliable"": false}, {""minute"": ""15:25"", ""mid"": 66.25, ""bid"": 66.15, ""risk"": ""NORMAL"", ""action"": ""HOLD"", ""support"": ""NORMAL"", ""n_neg"": 1, ""data_unreliable"": false}, {""minute"": ""15:26"", ""mid"": 61.325, ""bid"": 61.25, ""risk"": ""EXTREME"", ""action"": ""BREAK_EXIT"", ""support"": ""CONTRADICTED"", ""n_neg"": 7, ""data_unreliable"": false}, {""minute"": ""15:27"", ""mid"": 60.275000000000006, ""bid"": 60.2, ""risk"": ""EXTREME"", ""action"": ""BREAK_EXIT"", ""support"": ""CONTRADICTED"", ""n_neg"": 7, ""data_unreliable"": false}, {""minute"": ""15:28"", ""mid"": 58.650000000000006, ""bid"": 58.6, ""risk"": ""HIGH"", ""action"": ""PREPARE_EXIT"", ""support"": ""CONTRADICTED"", ""n_neg"": 5, ""data_unreliable"": false}, {""minute"": ""15:29"", ""mid"": 59.85, ""bid"": 59.75, ""risk"": ""ELEVATED"", ""action"": ""CAUTION"", ""support"": ""NORMAL"", ""n_neg"": 2, ""data_unreliable"": false}]"
NIFTY,2026-09-07,CLOSING_1515_1529,PE,23800.0,15:15,15:29,58.825,58.9,"[{""minute"": ""15:15"", ""mid"": 58.825, ""bid"": 58.75, ""risk"": ""LOW"", ""action"": ""HOLD"", ""support"": ""STRONG"", ""n_neg"": 0, ""data_unreliable"": false}, {""minute"": ""15:16"", ""mid"": 59.1, ""bid"": 59.0, ""risk"": ""NORMAL"", ""action"": ""HOLD"", ""support"": ""STRONG"", ""n_neg"": 0, ""data_unreliable"": false}, {""minute"": ""15:17"", ""mid"": 59.275, ""bid"": 59.25, ""risk"": ""NORMAL"", ""action"": ""HOLD"", ""support"": ""NORMAL"", ""n_neg"": 0, ""data_unreliable"": false}, {""minute"": ""15:18"", ""mid"": 58.825, ""bid"": 58.75, ""risk"": ""HIGH"", ""action"": ""PREPARE_EXIT"", ""support"": ""CONTRADICTED"", ""n_neg"": 3, ""data_unreliable"": false}, {""minute"": ""15:19"", ""mid"": 64.075, ""bid"": 64.0, ""risk"": ""NORMAL"", ""action"": ""HOLD"", ""support"": ""STRONG"", ""n_neg"": 0, ""data_unreliable"": false}, {""minute"": ""15:20"", ""mid"": 62.05, ""bid"": 61.95, ""risk"": ""ELEVATED"", ""action"": ""CAUTION"", ""support"": ""NORMAL"", ""n_neg"": 1, ""data_unreliable"": false}, {""minute"": ""15:21"", ""mid"": 60.849999999999994, ""bid"": 60.8, ""risk"": ""HIGH"", ""action"": ""PREPARE_EXIT"", ""support"": ""CONTRADICTED"", ""n_neg"": 4, ""data_unreliable"": false}, {""minute"": ""15:22"", ""mid"": 59.425, ""bid"": 59.35, ""risk"": ""EXTREME"", ""action"": ""BREAK_EXIT"", ""support"": ""CONTRADICTED"", ""n_neg"": 8, ""data_unreliable"": false}, {""minute"": ""15:23"", ""mid"": 61.15, ""bid"": 61.05, ""risk"": ""NORMAL"", ""action"": ""HOLD"", ""support"": ""NORMAL"", ""n_neg"": 1, ""data_unreliable"": false}, {""minute"": ""15:24"", ""mid"": 61.525000000000006, ""bid"": 61.45, ""risk"": ""NORMAL"", ""action"": ""HOLD"", ""support"": ""STRONG"", ""n_neg"": 0, ""data_unreliable"": false}, {""minute"": ""15:25"", ""mid"": 58.325, ""bid"": 58.25, ""risk"": ""EXTREME"", ""action"": ""BREAK_EXIT"", ""support"": ""CONTRADICTED"", ""n_neg"": 7, ""data_unreliable"": false}, {""minute"": ""15:26"", ""mid"": 61.425, ""bid"": 61.35, ""risk"": ""NORMAL"", ""action"": ""HOLD"", ""support"": ""NORMAL"", ""n_neg"": 1, ""data_unreliable"": false}, {""minute"": ""15:27"", ""mid"": 64.69999999999999, ""bid"": 64.6, ""risk"": ""NORMAL"", ""action"": ""HOLD"", ""support"": ""STRONG"", ""n_neg"": 0, ""data_unreliable"": false}, {""minute"": ""15:28"", ""mid"": 64.725, ""bid"": 64.65, ""risk"": ""NORMAL"", ""action"": ""HOLD"", ""support"": ""STRONG"", ""n_neg"": 0, ""data_unreliable"": false}, {""minute"": ""15:29"", ""mid"": 62.9, ""bid"": 62.8, ""risk"": ""EXTREME"", ""action"": ""BREAK_EXIT"", ""support"": ""CONTRADICTED"", ""n_neg"": 5, ""data_unreliable"": false}]"
SENSEX,2026-09-07,11D_SHAPED_1500_1519,CE,76300.0,15:00,15:19,333.675,334.1,"[{""minute"": ""15:00"", ""mid"": 333.675, ""bid"": 333.25, ""risk"": ""ELEVATED"", ""action"": ""CAUTION"", ""support"": ""WEAK"", ""n_neg"": 2, ""data_unreliable"": false}, {""minute"": ""15:01"", ""mid"": 341.75, ""bid"": 341.5, ""risk"": ""LOW"", ""action"": ""HOLD"", ""support"": ""STRONG"", ""n_neg"": 0, ""data_unreliable"": false}, {""minute"": ""15:02"", ""mid"": 342.75, ""bid"": 342.45, ""risk"": ""LOW"", ""action"": ""HOLD"", ""support"": ""STRONG"", ""n_neg"": 0, ""data_unreliable"": false}, {""minute"": ""15:03"", ""mid"": 347.475, ""bid"": 347.25, ""risk"": ""LOW"", ""action"": ""HOLD"", ""support"": ""STRONG"", ""n_neg"": 0, ""data_unreliable"": false}, {""minute"": ""15:04"", ""mid"": 345.15, ""bid"": 344.7, ""risk"": ""ELEVATED"", ""action"": ""CAUTION"", ""support"": ""NORMAL"", ""n_neg"": 1, ""data_unreliable"": false}, {""minute"": ""15:05"", ""mid"": 340.675, ""bid"": 340.55, ""risk"": ""HIGH"", ""action"": ""PREPARE_EXIT"", ""support"": ""CONTRADICTED"", ""n_neg"": 5, ""data_unreliable"": false}, {""minute"": ""15:06"", ""mid"": 340.70000000000005, ""bid"": 340.35, ""risk"": ""EXTREME"", ""action"": ""BREAK_EXIT"", ""support"": ""CONTRADICTED"", ""n_neg"": 5, ""data_unreliable"": false}, {""minute"": ""15:07"", ""mid"": 342.125, ""bid"": 341.95, ""risk"": ""NORMAL"", ""action"": ""HOLD"", ""support"": ""NORMAL"", ""n_neg"": 1, ""data_unreliable"": false}, {""minute"": ""15:08"", ""mid"": 351.4, ""bid"": 351.2, ""risk"": ""LOW"", ""action"": ""HOLD"", ""support"": ""STRONG"", ""n_neg"": 0, ""data_unreliable"": false}, {""minute"": ""15:09"", ""mid"": 342.525, ""bid"": 342.35, ""risk"": ""ELEVATED"", ""action"": ""CAUTION"", ""support"": ""NORMAL"", ""n_neg"": 1, ""data_unreliable"": false}, {""minute"": ""15:10"", ""mid"": 343.04999999999995, ""bid"": 342.65, ""risk"": ""ELEVATED"", ""action"": ""CAUTION"", ""support"": ""WEAK"", ""n_neg"": 3, ""data_unreliable"": false}, {""minute"": ""15:11"", ""mid"": 343.65, ""bid"": 343.35, ""risk"": ""NORMAL"", ""action"": ""HOLD"", ""support"": ""NORMAL"", ""n_neg"": 1, ""data_unreliable"": false}, {""minute"": ""15:12"", ""mid"": 350.65, ""bid"": 350.2, ""risk"": ""LOW"", ""action"": ""HOLD"", ""support"": ""STRONG"", ""n_neg"": 0, ""data_unreliable"": false}, {""minute"": ""15:13"", ""mid"": 351.925, ""bid"": 351.6, ""risk"": ""LOW"", ""action"": ""HOLD"", ""support"": ""STRONG"", ""n_neg"": 0, ""data_unreliable"": false}, {""minute"": ""15:14"", ""mid"": 354.65, ""bid"": 354.3, ""risk"": ""LOW"", ""action"": ""HOLD"", ""support"": ""STRONG"", ""n_neg"": 0, ""data_unreliable"": false}, {""minute"": ""15:15"", ""mid"": 346.475, ""bid"": 346.0, ""risk"": ""EXTREME"", ""action"": ""BREAK_EXIT"", ""support"": ""CONTRADICTED"", ""n_neg"": 6, ""data_unreliable"": false}, {""minute"": ""15:16"", ""mid"": 342.475, ""bid"": 342.05, ""risk"": ""HIGH"", ""action"": ""PREPARE_EXIT"", ""support"": ""CONTRADICTED"", ""n_neg"": 4, ""data_unreliable"": false}, {""minute"": ""15:17"", ""mid"": 339.625, ""bid"": 339.25, ""risk"": ""EXTREME"", ""action"": ""BREAK_EXIT"", ""support"": ""CONTRADICTED"", ""n_neg"": 5, ""data_unreliable"": false}, {""minute"": ""15:18"", ""mid"": 339.5, ""bid"": 339.05, ""risk"": ""ELEVATED"", ""action"": ""CAUTION"", ""support"": ""WEAK"", ""n_neg"": 3, ""data_unreliable"": false}, {""minute"": ""15:19"", ""mid"": 320.04999999999995, ""bid"": 319.65, ""risk"": ""EXTREME"", ""action"": ""BREAK_EXIT"", ""support"": ""CONTRADICTED"", ""n_neg"": 8, ""data_unreliable"": false}]"
SENSEX,2026-09-07,11D_SHAPED_1500_1519,PE,76300.0,15:00,15:19,371.79999999999995,372.2,"[{""minute"": ""15:00"", ""mid"": 371.79999999999995, ""bid"": 371.4, ""risk"": ""ELEVATED"", ""action"": ""CAUTION"", ""support"": ""WEAK"", ""n_neg"": 3, ""data_unreliable"": false}, {""minute"": ""15:01"", ""mid"": 361.55, ""bid"": 361.1, ""risk"": ""EXTREME"", ""action"": ""BREAK_EXIT"", ""support"": ""CONTRADICTED"", ""n_neg"": 7, ""data_unreliable"": false}, {""minute"": ""15:02"", ""mid"": 364.525, ""bid"": 364.1, ""risk"": ""EXTREME"", ""action"": ""BREAK_EXIT"", ""support"": ""CONTRADICTED"", ""n_neg"": 6, ""data_unreliable"": false}, {""minute"": ""15:03"", ""mid"": 358.325, ""bid"": 358.15, ""risk"": ""EXTREME"", ""action"": ""BREAK_EXIT"", ""support"": ""CONTRADICTED"", ""n_neg"": 5, ""data_unreliable"": false}, {""minute"": ""15:04"", ""mid"": 362.2, ""bid"": 361.75, ""risk"": ""ELEVATED"", ""action"": ""CAUTION"", ""support"": ""WEAK"", ""n_neg"": 1, ""data_unreliable"": false}, {""minute"": ""15:05"", ""mid"": 370.0, ""bid"": 369.6, ""risk"": ""LOW"", ""action"": ""HOLD"", ""support"": ""STRONG"", ""n_neg"": 0, ""data_unreliable"": false}, {""minute"": ""15:06"", ""mid"": 368.5, ""bid"": 368.1, ""risk"": ""ELEVATED"", ""action"": ""CAUTION"", ""support"": ""NORMAL"", ""n_neg"": 1, ""data_unreliable"": false}, {""minute"": ""15:07"", ""mid"": 367.35, ""bid"": 367.15, ""risk"": ""ELEVATED"", ""action"": ""CAUTION"", ""support"": ""NORMAL"", ""n_neg"": 1, ""data_unreliable"": false}, {""minute"": ""15:08"", ""mid"": 358.42499999999995, ""bid"": 357.95, ""risk"": ""HIGH"", ""action"": ""PREPARE_EXIT"", ""support"": ""CONTRADICTED"", ""n_neg"": 5, ""data_unreliable"": false}, {""minute"": ""15:09"", ""mid"": 368.8, ""bid"": 368.6, ""risk"": ""NORMAL"", ""action"": ""HOLD"", ""support"": ""NORMAL"", ""n_neg"": 0, ""data_unreliable"": false}, {""minute"": ""15:10"", ""mid"": 369.725, ""bid"": 369.3, ""risk"": ""LOW"", ""action"": ""HOLD"", ""support"": ""STRONG"", ""n_neg"": 0, ""data_unreliable"": false}, {""minute"": ""15:11"", ""mid"": 367.35, ""bid"": 367.0, ""risk"": ""ELEVATED"", ""action"": ""CAUTION"", ""support"": ""NORMAL"", ""n_neg"": 1, ""data_unreliable"": false}, {""minute"": ""15:12"", ""mid"": 357.92499999999995, ""bid"": 357.45, ""risk"": ""EXTREME"", ""action"": ""BREAK_EXIT"", ""support"": ""CONTRADICTED"", ""n_neg"": 6, ""data_unreliable"": false}, {""minute"": ""15:13"", ""mid"": 358.45, ""bid"": 358.0, ""risk"": ""EXTREME"", ""action"": ""BREAK_EXIT"", ""support"": ""CONTRADICTED"", ""n_neg"": 6, ""data_unreliable"": false}, {""minute"": ""15:14"", ""mid"": 349.82500000000005, ""bid"": 349.3, ""risk"": ""EXTREME"", ""action"": ""BREAK_EXIT"", ""support"": ""CONTRADICTED"", ""n_neg"": 7, ""data_unreliable"": false}, {""minute"": ""15:15"", ""mid"": 359.20000000000005, ""bid"": 358.8, ""risk"": ""NORMAL"", ""action"": ""HOLD"", ""support"": ""NORMAL"", ""n_neg"": 0, ""data_unreliable"": false}, {""minute"": ""15:16"", ""mid"": 364.25, ""bid"": 363.8, ""risk"": ""NORMAL"", ""action"": ""HOLD"", ""support"": ""STRONG"", ""n_neg"": 0, ""data_unreliable"": false}, {""minute"": ""15:17"", ""mid"": 366.575, ""bid"": 366.15, ""risk"": ""NORMAL"", ""action"": ""HOLD"", ""support"": ""STRONG"", ""n_neg"": 0, ""data_unreliable"": false}, {""minute"": ""15:18"", ""mid"": 363.775, ""bid"": 363.5, ""risk"": ""HIGH"", ""action"": ""PREPARE_EXIT"", ""support"": ""CONTRADICTED"", ""n_neg"": 3, ""data_unreliable"": false}, {""minute"": ""15:19"", ""mid"": 379.1, ""bid"": 378.25, ""risk"": ""NORMAL"", ""action"": ""HOLD"", ""support"": ""NORMAL"", ""n_neg"": 1, ""data_unreliable"": false}]"
SENSEX,2026-09-07,CLOSING_1515_1529,CE,76300.0,15:15,15:29,346.475,346.95,"[{""minute"": ""15:15"", ""mid"": 346.475, ""bid"": 346.0, ""risk"": ""EXTREME"", ""action"": ""BREAK_EXIT"", ""support"": ""CONTRADICTED"", ""n_neg"": 6, ""data_unreliable"": false}, {""minute"": ""15:16"", ""mid"": 342.475, ""bid"": 342.05, ""risk"": ""HIGH"", ""action"": ""PREPARE_EXIT"", ""support"": ""CONTRADICTED"", ""n_neg"": 4, ""data_unreliable"": false}, {""minute"": ""15:17"", ""mid"": 339.625, ""bid"": 339.25, ""risk"": ""EXTREME"", ""action"": ""BREAK_EXIT"", ""support"": ""CONTRADICTED"", ""n_neg"": 5, ""data_unreliable"": false}, {""minute"": ""15:18"", ""mid"": 339.5, ""bid"": 339.05, ""risk"": ""ELEVATED"", ""action"": ""CAUTION"", ""support"": ""WEAK"", ""n_neg"": 3, ""data_unreliable"": false}, {""minute"": ""15:19"", ""mid"": 320.04999999999995, ""bid"": 319.65, ""risk"": ""EXTREME"", ""action"": ""BREAK_EXIT"", ""support"": ""CONTRADICTED"", ""n_neg"": 8, ""data_unreliable"": false}, {""minute"": ""15:20"", ""mid"": 325.15, ""bid"": 324.75, ""risk"": ""EXTREME"", ""action"": ""BREAK_EXIT"", ""support"": ""CONTRADICTED"", ""n_neg"": 6, ""data_unreliable"": false}, {""minute"": ""15:21"", ""mid"": 331.32500000000005, ""bid"": 331.05, ""risk"": ""NORMAL"", ""action"": ""HOLD"", ""support"": ""NORMAL"", ""n_neg"": 1, ""data_unreliable"": false}, {""minute"": ""15:22"", ""mid"": 327.85, ""bid"": 327.4, ""risk"": ""ELEVATED"", ""action"": ""CAUTION"", ""support"": ""NORMAL"", ""n_neg"": 1, ""data_unreliable"": false}, {""minute"": ""15:23"", ""mid"": 324.975, ""bid"": 324.5, ""risk"": ""EXTREME"", ""action"": ""BREAK_EXIT"", ""support"": ""CONTRADICTED"", ""n_neg"": 4, ""data_unreliable"": false}, {""minute"": ""15:24"", ""mid"": 328.25, ""bid"": 328.05, ""risk"": ""NORMAL"", ""action"": ""HOLD"", ""support"": ""NORMAL"", ""n_neg"": 1, ""data_unreliable"": false}, {""minute"": ""15:25"", ""mid"": 324.425, ""bid"": 324.1, ""risk"": ""HIGH"", ""action"": ""PREPARE_EXIT"", ""support"": ""CONTRADICTED"", ""n_neg"": 5, ""data_unreliable"": false}, {""minute"": ""15:26"", ""mid"": 323.0, ""bid"": 322.85, ""risk"": ""HIGH"", ""action"": ""PREPARE_EXIT"", ""support"": ""CONTRADICTED"", ""n_neg"": 3, ""data_unreliable"": false}, {""minute"": ""15:27"", ""mid"": 312.57500000000005, ""bid"": 312.1, ""risk"": ""EXTREME"", ""action"": ""BREAK_EXIT"", ""support"": ""CONTRADICTED"", ""n_neg"": 6, ""data_unreliable"": false}, {""minute"": ""15:28"", ""mid"": 308.275, ""bid"": 307.9, ""risk"": ""EXTREME"", ""action"": ""BREAK_EXIT"", ""support"": ""CONTRADICTED"", ""n_neg"": 5, ""data_unreliable"": false}, {""minute"": ""15:29"", ""mid"": 314.275, ""bid"": 313.75, ""risk"": ""NORMAL"", ""action"": ""HOLD"", ""support"": ""NORMAL"", ""n_neg"": 1, ""data_unreliable"": false}]"
SENSEX,2026-09-07,CLOSING_1515_1529,PE,76300.0,15:15,15:29,359.20000000000005,359.6,"[{""minute"": ""15:15"", ""mid"": 359.20000000000005, ""bid"": 358.8, ""risk"": ""NORMAL"", ""action"": ""HOLD"", ""support"": ""NORMAL"", ""n_neg"": 0, ""data_unreliable"": false}, {""minute"": ""15:16"", ""mid"": 364.25, ""bid"": 363.8, ""risk"": ""NORMAL"", ""action"": ""HOLD"", ""support"": ""STRONG"", ""n_neg"": 0, ""data_unreliable"": false}, {""minute"": ""15:17"", ""mid"": 366.575, ""bid"": 366.15, ""risk"": ""NORMAL"", ""action"": ""HOLD"", ""support"": ""STRONG"", ""n_neg"": 0, ""data_unreliable"": false}, {""minute"": ""15:18"", ""mid"": 363.775, ""bid"": 363.5, ""risk"": ""HIGH"", ""action"": ""PREPARE_EXIT"", ""support"": ""CONTRADICTED"", ""n_neg"": 3, ""data_unreliable"": false}, {""minute"": ""15:19"", ""mid"": 379.1, ""bid"": 378.25, ""risk"": ""NORMAL"", ""action"": ""HOLD"", ""support"": ""NORMAL"", ""n_neg"": 1, ""data_unreliable"": false}, {""minute"": ""15:20"", ""mid"": 371.225, ""bid"": 370.55, ""risk"": ""ELEVATED"", ""action"": ""CAUTION"", ""support"": ""NORMAL"", ""n_neg"": 2, ""data_unreliable"": false}, {""minute"": ""15:21"", ""mid"": 368.075, ""bid"": 367.45, ""risk"": ""HIGH"", ""action"": ""PREPARE_EXIT"", ""support"": ""CONTRADICTED"", ""n_neg"": 4, ""data_unreliable"": false}, {""minute"": ""15:22"", ""mid"": 367.45000000000005, ""bid"": 367.05, ""risk"": ""EXTREME"", ""action"": ""BREAK_EXIT"", ""support"": ""CONTRADICTED"", ""n_neg"": 5, ""data_unreliable"": false}, {""minute"": ""15:23"", ""mid"": 366.65, ""bid"": 366.05, ""risk"": ""ELEVATED"", ""action"": ""CAUTION"", ""support"": ""WEAK"", ""n_neg"": 4, ""data_unreliable"": false}, {""minute"": ""15:24"", ""mid"": 356.82500000000005, ""bid"": 356.55, ""risk"": ""EXTREME"", ""action"": ""BREAK_EXIT"", ""support"": ""CONTRADICTED"", ""n_neg"": 5, ""data_unreliable"": false}, {""minute"": ""15:25"", ""mid"": 355.775, ""bid"": 355.2, ""risk"": ""EXTREME"", ""action"": ""BREAK_EXIT"", ""support"": ""CONTRADICTED"", ""n_neg"": 6, ""data_unreliable"": false}, {""minute"": ""15:26"", ""mid"": 352.6, ""bid"": 352.05, ""risk"": ""HIGH"", ""action"": ""PREPARE_EXIT"", ""support"": ""CONTRADICTED"", ""n_neg"": 5, ""data_unreliable"": false}, {""minute"": ""15:27"", ""mid"": 366.875, ""bid"": 366.3, ""risk"": ""NORMAL"", ""action"": ""HOLD"", ""support"": ""STRONG"", ""n_neg"": 0, ""data_unreliable"": false}, {""minute"": ""15:28"", ""mid"": 366.9, ""bid"": 366.55, ""risk"": ""NORMAL"", ""action"": ""HOLD"", ""support"": ""STRONG"", ""n_neg"": 0, ""data_unreliable"": false}, {""minute"": ""15:29"", ""mid"": 357.425, ""bid"": 356.85, ""risk"": ""HIGH"", ""action"": ""PREPARE_EXIT"", ""support"": ""CONTRADICTED"", ""n_neg"": 4, ""data_unreliable"": false}]"
NIFTY,2026-09-08,11D_SHAPED_1500_1519,CE,23650.0,15:00,15:19,45.575,45.65,"[{""minute"": ""15:00"", ""mid"": 45.575, ""bid"": 45.5, ""risk"": ""ELEVATED"", ""action"": ""CAUTION"", ""support"": ""WEAK"", ""n_neg"": 3, ""data_unreliable"": false}, {""minute"": ""15:01"", ""mid"": 45.05, ""bid"": 45.0, ""risk"": ""HIGH"", ""action"": ""PREPARE_EXIT"", ""support"": ""CONTRADICTED"", ""n_neg"": 4, ""data_unreliable"": false}, {""minute"": ""15:02"", ""mid"": 47.474999999999994, ""bid"": 47.4, ""risk"": ""LOW"", ""action"": ""HOLD"", ""support"": ""STRONG"", ""n_neg"": 0, ""data_unreliable"": false}, {""minute"": ""15:03"", ""mid"": 43.224999999999994, ""bid"": 43.15, ""risk"": ""EXTREME"", ""action"": ""BREAK_EXIT"", ""support"": ""CONTRADICTED"", ""n_neg"": 7, ""data_unreliable"": false}, {""minute"": ""15:04"", ""mid"": 44.125, ""bid"": 44.05, ""risk"": ""EXTREME"", ""action"": ""BREAK_EXIT"", ""support"": ""CONTRADICTED"", ""n_neg"": 6, ""data_unreliable"": false}, {""minute"": ""15:05"", ""mid"": 43.475, ""bid"": 43.45, ""risk"": ""HIGH"", ""action"": ""PREPARE_EXIT"", ""support"": ""CONTRADICTED"", ""n_neg"": 4, ""data_unreliable"": false}, {""minute"": ""15:06"", ""mid"": 44.575, ""bid"": 44.5, ""risk"": ""ELEVATED"", ""action"": ""CAUTION"", ""support"": ""NORMAL"", ""n_neg"": 2, ""data_unreliable"": false}, {""minute"": ""15:07"", ""mid"": 47.599999999999994, ""bid"": 47.55, ""risk"": ""LOW"", ""action"": ""HOLD"", ""support"": ""STRONG"", ""n_neg"": 0, ""data_unreliable"": false}, {""minute"": ""15:08"", ""mid"": 43.525, ""bid"": 43.5, ""risk"": ""EXTREME"", ""action"": ""BREAK_EXIT"", ""support"": ""CONTRADICTED"", ""n_neg"": 5, ""data_unreliable"": false}, {""minute"": ""15:09"", ""mid"": 45.325, ""bid"": 45.25, ""risk"": ""HIGH"", ""action"": ""PREPARE_EXIT"", ""support"": ""CONTRADICTED"", ""n_neg"": 4, ""data_unreliable"": false}, {""minute"": ""15:10"", ""mid"": 55.599999999999994, ""bid"": 55.55, ""risk"": ""LOW"", ""action"": ""HOLD"", ""support"": ""STRONG"", ""n_neg"": 0, ""data_unreliable"": false}, {""minute"": ""15:11"", ""mid"": 56.875, ""bid"": 56.8, ""risk"": ""LOW"", ""action"": ""HOLD"", ""support"": ""STRONG"", ""n_neg"": 0, ""data_unreliable"": false}, {""minute"": ""15:12"", ""mid"": 52.95, ""bid"": 52.9, ""risk"": ""HIGH"", ""action"": ""PREPARE_EXIT"", ""support"": ""CONTRADICTED"", ""n_neg"": 5, ""data_unreliable"": false}, {""minute"": ""15:13"", ""mid"": 41.575, ""bid"": 41.5, ""risk"": ""EXTREME"", ""action"": ""BREAK_EXIT"", ""support"": ""CONTRADICTED"", ""n_neg"": 8, ""data_unreliable"": false}, {""minute"": ""15:14"", ""mid"": 33.349999999999994, ""bid"": 33.3, ""risk"": ""EXTREME"", ""action"": ""BREAK_EXIT"", ""support"": ""CONTRADICTED"", ""n_neg"": 8, ""data_unreliable"": false}, {""minute"": ""15:15"", ""mid"": 27.025, ""bid"": 26.95, ""risk"": ""EXTREME"", ""action"": ""BREAK_EXIT"", ""support"": ""CONTRADICTED"", ""n_neg"": 7, ""data_unreliable"": false}, {""minute"": ""15:16"", ""mid"": 17.15, ""bid"": 17.1, ""risk"": ""EXTREME"", ""action"": ""BREAK_EXIT"", ""support"": ""CONTRADICTED"", ""n_neg"": 9, ""data_unreliable"": false}, {""minute"": ""15:17"", ""mid"": 36.325, ""bid"": 36.25, ""risk"": ""NORMAL"", ""action"": ""HOLD"", ""support"": ""STRONG"", ""n_neg"": 0, ""data_unreliable"": false}, {""minute"": ""15:18"", ""mid"": 21.95, ""bid"": 21.9, ""risk"": ""ELEVATED"", ""action"": ""CAUTION"", ""support"": ""NORMAL"", ""n_neg"": 2, ""data_unreliable"": false}, {""minute"": ""15:19"", ""mid"": 29.375, ""bid"": 29.3, ""risk"": ""EXTREME"", ""action"": ""BREAK_EXIT"", ""support"": ""CONTRADICTED"", ""n_neg"": 7, ""data_unreliable"": false}]"
NIFTY,2026-09-08,11D_SHAPED_1500_1519,PE,23650.0,15:00,15:19,31.475,31.55,"[{""minute"": ""15:00"", ""mid"": 31.475, ""bid"": 31.4, ""risk"": ""LOW"", ""action"": ""HOLD"", ""support"": ""STRONG"", ""n_neg"": 0, ""data_unreliable"": false}, {""minute"": ""15:01"", ""mid"": 32.05, ""bid"": 32.0, ""risk"": ""ELEVATED"", ""action"": ""CAUTION"", ""support"": ""NORMAL"", ""n_neg"": 1, ""data_unreliable"": false}, {""minute"": ""15:02"", ""mid"": 30.2, ""bid"": 30.15, ""risk"": ""EXTREME"", ""action"": ""BREAK_EXIT"", ""support"": ""CONTRADICTED"", ""n_neg"": 6, ""data_unreliable"": false}, {""minute"": ""15:03"", ""mid"": 32.5, ""bid"": 32.45, ""risk"": ""LOW"", ""action"": ""HOLD"", ""support"": ""STRONG"", ""n_neg"": 0, ""data_unreliable"": false}, {""minute"": ""15:04"", ""mid"": 31.75, ""bid"": 31.7, ""risk"": ""ELEVATED"", ""action"": ""CAUTION"", ""support"": ""NORMAL"", ""n_neg"": 2, ""data_unreliable"": false}, {""minute"": ""15:05"", ""mid"": 33.224999999999994, ""bid"": 33.15, ""risk"": ""LOW"", ""action"": ""HOLD"", ""support"": ""STRONG"", ""n_neg"": 0, ""data_unreliable"": false}, {""minute"": ""15:06"", ""mid"": 32.875, ""bid"": 32.85, ""risk"": ""ELEVATED"", ""action"": ""CAUTION"", ""support"": ""NORMAL"", ""n_neg"": 2, ""data_unreliable"": false}, {""minute"": ""15:07"", ""mid"": 31.4, ""bid"": 31.35, ""risk"": ""EXTREME"", ""action"": ""BREAK_EXIT"", ""support"": ""CONTRADICTED"", ""n_neg"": 6, ""data_unreliable"": false}, {""minute"": ""15:08"", ""mid"": 33.099999999999994, ""bid"": 33.05, ""risk"": ""NORMAL"", ""action"": ""HOLD"", ""support"": ""NORMAL"", ""n_neg"": 0, ""data_unreliable"": false}, {""minute"": ""15:09"", ""mid"": 32.75, ""bid"": 32.7, ""risk"": ""ELEVATED"", ""action"": ""CAUTION"", ""support"": ""NORMAL"", ""n_neg"": 1, ""data_unreliable"": false}, {""minute"": ""15:10"", ""mid"": 26.775, ""bid"": 26.75, ""risk"": ""EXTREME"", ""action"": ""BREAK_EXIT"", ""support"": ""CONTRADICTED"", ""n_neg"": 6, ""data_unreliable"": false}, {""minute"": ""15:11"", ""mid"": 26.35, ""bid"": 26.3, ""risk"": ""EXTREME"", ""action"": ""BREAK_EXIT"", ""support"": ""CONTRADICTED"", ""n_neg"": 5, ""data_unreliable"": false}, {""minute"": ""15:12"", ""mid"": 30.025, ""bid"": 30.0, ""risk"": ""NORMAL"", ""action"": ""HOLD"", ""support"": ""NORMAL"", ""n_neg"": 1, ""data_unreliable"": false}, {""minute"": ""15:13"", ""mid"": 36.175, ""bid"": 36.1, ""risk"": ""LOW"", ""action"": ""HOLD"", ""support"": ""STRONG"", ""n_neg"": 0, ""data_unreliable"": false}, {""minute"": ""15:14"", ""mid"": 38.275000000000006, ""bid"": 38.2, ""risk"": ""LOW"", ""action"": ""HOLD"", ""support"": ""STRONG"", ""n_neg"": 0, ""data_unreliable"": false}, {""minute"": ""15:15"", ""mid"": 42.425, ""bid"": 42.35, ""risk"": ""LOW"", ""action"": ""HOLD"", ""support"": ""STRONG"", ""n_neg"": 0, ""data_unreliable"": false}, {""minute"": ""15:16"", ""mid"": 45.925, ""bid"": 45.85, ""risk"": ""NORMAL"", ""action"": ""HOLD"", ""support"": ""STRONG"", ""n_neg"": 0, ""data_unreliable"": false}, {""minute"": ""15:17"", ""mid"": 16.15, ""bid"": 16.1, ""risk"": ""EXTREME"", ""action"": ""BREAK_EXIT"", ""support"": ""CONTRADICTED"", ""n_neg"": 8, ""data_unreliable"": false}, {""minute"": ""15:18"", ""mid"": 29.6, ""bid"": 29.55, ""risk"": ""EXTREME"", ""action"": ""BREAK_EXIT"", ""support"": ""CONTRADICTED"", ""n_neg"": 7, ""data_unreliable"": false}, {""minute"": ""15:19"", ""mid"": 25.425, ""bid"": 25.35, ""risk"": ""ELEVATED"", ""action"": ""CAUTION"", ""support"": ""NORMAL"", ""n_neg"": 2, ""data_unreliable"": false}]"
NIFTY,2026-09-08,CLOSING_1515_1529,CE,23650.0,15:15,15:29,27.025,27.1,"[{""minute"": ""15:15"", ""mid"": 27.025, ""bid"": 26.95, ""risk"": ""EXTREME"", ""action"": ""BREAK_EXIT"", ""support"": ""CONTRADICTED"", ""n_neg"": 6, ""data_unreliable"": false}, {""minute"": ""15:16"", ""mid"": 17.15, ""bid"": 17.1, ""risk"": ""EXTREME"", ""action"": ""BREAK_EXIT"", ""support"": ""CONTRADICTED"", ""n_neg"": 8, ""data_unreliable"": false}, {""minute"": ""15:17"", ""mid"": 36.325, ""bid"": 36.25, ""risk"": ""NORMAL"", ""action"": ""HOLD"", ""support"": ""STRONG"", ""n_neg"": 0, ""data_unreliable"": false}, {""minute"": ""15:18"", ""mid"": 21.95, ""bid"": 21.9, ""risk"": ""ELEVATED"", ""action"": ""CAUTION"", ""support"": ""NORMAL"", ""n_neg"": 2, ""data_unreliable"": false}, {""minute"": ""15:19"", ""mid"": 29.375, ""bid"": 29.3, ""risk"": ""EXTREME"", ""action"": ""BREAK_EXIT"", ""support"": ""CONTRADICTED"", ""n_neg"": 6, ""data_unreliable"": false}, {""minute"": ""15:20"", ""mid"": 2.775, ""bid"": 2.75, ""risk"": ""EXTREME"", ""action"": ""BREAK_EXIT"", ""support"": ""CONTRADICTED"", ""n_neg"": 8, ""data_unreliable"": false}, {""minute"": ""15:21"", ""mid"": 1.5750000000000002, ""bid"": 1.55, ""risk"": ""EXTREME"", ""action"": ""BREAK_EXIT"", ""support"": ""CONTRADICTED"", ""n_neg"": 6, ""data_unreliable"": false}, {""minute"": ""15:22"", ""mid"": 1.375, ""bid"": 1.35, ""risk"": ""EXTREME"", ""action"": ""BREAK_EXIT"", ""support"": ""CONTRADICTED"", ""n_neg"": 6, ""data_unreliable"": false}, {""minute"": ""15:23"", ""mid"": 1.4249999999999998, ""bid"": 1.4, ""risk"": ""HIGH"", ""action"": ""PREPARE_EXIT"", ""support"": ""CONTRADICTED"", ""n_neg"": 4, ""data_unreliable"": false}, {""minute"": ""15:24"", ""mid"": 0.825, ""bid"": 0.8, ""risk"": ""EXTREME"", ""action"": ""BREAK_EXIT"", ""support"": ""CONTRADICTED"", ""n_neg"": 6, ""data_unreliable"": false}, {""minute"": ""15:25"", ""mid"": 1.225, ""bid"": 1.2, ""risk"": ""HIGH"", ""action"": ""PREPARE_EXIT"", ""support"": ""CONTRADICTED"", ""n_neg"": 5, ""data_unreliable"": false}, {""minute"": ""15:26"", ""mid"": 0.825, ""bid"": 0.8, ""risk"": ""EXTREME"", ""action"": ""BREAK_EXIT"", ""support"": ""CONTRADICTED"", ""n_neg"": 4, ""data_unreliable"": false}, {""minute"": ""15:27"", ""mid"": 3.775, ""bid"": 3.75, ""risk"": ""NORMAL"", ""action"": ""HOLD"", ""support"": ""NORMAL"", ""n_neg"": 1, ""data_unreliable"": false}, {""minute"": ""15:28"", ""mid"": 0.925, ""bid"": 0.9, ""risk"": ""HIGH"", ""action"": ""PREPARE_EXIT"", ""support"": ""NORMAL"", ""n_neg"": 3, ""data_unreliable"": false}, {""minute"": ""15:29"", ""mid"": 0.125, ""bid"": 0.1, ""risk"": ""EXTREME"", ""action"": ""BREAK_EXIT"", ""support"": ""CONTRADICTED"", ""n_neg"": 8, ""data_unreliable"": false}]"
NIFTY,2026-09-08,CLOSING_1515_1529,PE,23650.0,15:15,15:29,42.425,42.5,"[{""minute"": ""15:15"", ""mid"": 42.425, ""bid"": 42.35, ""risk"": ""LOW"", ""action"": ""HOLD"", ""support"": ""STRONG"", ""n_neg"": 0, ""data_unreliable"": false}, {""minute"": ""15:16"", ""mid"": 45.925, ""bid"": 45.85, ""risk"": ""NORMAL"", ""action"": ""HOLD"", ""support"": ""STRONG"", ""n_neg"": 0, ""data_unreliable"": false}, {""minute"": ""15:17"", ""mid"": 16.15, ""bid"": 16.1, ""risk"": ""EXTREME"", ""action"": ""BREAK_EXIT"", ""support"": ""CONTRADICTED"", ""n_neg"": 9, ""data_unreliable"": false}, {""minute"": ""15:18"", ""mid"": 29.6, ""bid"": 29.55, ""risk"": ""EXTREME"", ""action"": ""BREAK_EXIT"", ""support"": ""CONTRADICTED"", ""n_neg"": 7, ""data_unreliable"": false}, {""minute"": ""15:19"", ""mid"": 25.425, ""bid"": 25.35, ""risk"": ""HIGH"", ""action"": ""PREPARE_EXIT"", ""support"": ""NORMAL"", ""n_neg"": 3, ""data_unreliable"": false}, {""minute"": ""15:20"", ""mid"": 64.175, ""bid"": 64.05, ""risk"": ""NORMAL"", ""action"": ""HOLD"", ""support"": ""STRONG"", ""n_neg"": 0, ""data_unreliable"": false}, {""minute"": ""15:21"", ""mid"": 91.4, ""bid"": 91.25, ""risk"": ""NORMAL"", ""action"": ""HOLD"", ""support"": ""STRONG"", ""n_neg"": 0, ""data_unreliable"": false}, {""minute"": ""15:22"", ""mid"": 80.625, ""bid"": 80.45, ""risk"": ""ELEVATED"", ""action"": ""CAUTION"", ""support"": ""NORMAL"", ""n_neg"": 1, ""data_unreliable"": false}, {""minute"": ""15:23"", ""mid"": 72.925, ""bid"": 72.8, ""risk"": ""EXTREME"", ""action"": ""BREAK_EXIT"", ""support"": ""CONTRADICTED"", ""n_neg"": 5, ""data_unreliable"": false}, {""minute"": ""15:24"", ""mid"": 71.725, ""bid"": 71.65, ""risk"": ""HIGH"", ""action"": ""PREPARE_EXIT"", ""support"": ""CONTRADICTED"", ""n_neg"": 6, ""data_unreliable"": false}, {""minute"": ""15:25"", ""mid"": 52.625, ""bid"": 52.55, ""risk"": ""EXTREME"", ""action"": ""BREAK_EXIT"", ""support"": ""CONTRADICTED"", ""n_neg"": 8, ""data_unreliable"": false}, {""minute"": ""15:26"", ""mid"": 47.25, ""bid"": 47.15, ""risk"": ""EXTREME"", ""action"": ""BREAK_EXIT"", ""support"": ""CONTRADICTED"", ""n_neg"": 6, ""data_unreliable"": false}, {""minute"": ""15:27"", ""mid"": 12.725000000000001, ""bid"": 12.65, ""risk"": ""EXTREME"", ""action"": ""BREAK_EXIT"", ""support"": ""CONTRADICTED"", ""n_neg"": 10, ""data_unreliable"": false}, {""minute"": ""15:28"", ""mid"": 15.3, ""bid"": 15.25, ""risk"": ""EXTREME"", ""action"": ""BREAK_EXIT"", ""support"": ""CONTRADICTED"", ""n_neg"": 8, ""data_unreliable"": false}, {""minute"": ""15:29"", ""mid"": 15.05, ""bid"": 15.0, ""risk"": ""HIGH"", ""action"": ""PREPARE_EXIT"", ""support"": ""NORMAL"", ""n_neg"": 3, ""data_unreliable"": false}]"
SENSEX,2026-09-08,11D_SHAPED_1500_1519,CE,75800.0,15:00,15:19,262.425,262.6,"[{""minute"": ""15:00"", ""mid"": 262.425, ""bid"": 262.25, ""risk"": ""ELEVATED"", ""action"": ""CAUTION"", ""support"": ""WEAK"", ""n_neg"": 3, ""data_unreliable"": false}, {""minute"": ""15:01"", ""mid"": 266.6, ""bid"": 266.45, ""risk"": ""NORMAL"", ""action"": ""HOLD"", ""support"": ""NORMAL"", ""n_neg"": 1, ""data_unreliable"": false}, {""minute"": ""15:02"", ""mid"": 271.875, ""bid"": 271.7, ""risk"": ""LOW"", ""action"": ""HOLD"", ""support"": ""STRONG"", ""n_neg"": 0, ""data_unreliable"": false}, {""minute"": ""15:03"", ""mid"": 264.32500000000005, ""bid"": 264.05, ""risk"": ""HIGH"", ""action"": ""PREPARE_EXIT"", ""support"": ""CONTRADICTED"", ""n_neg"": 4, ""data_unreliable"": false}, {""minute"": ""15:04"", ""mid"": 266.20000000000005, ""bid"": 266.1, ""risk"": ""HIGH"", ""action"": ""PREPARE_EXIT"", ""support"": ""CONTRADICTED"", ""n_neg"": 4, ""data_unreliable"": false}, {""minute"": ""15:05"", ""mid"": 263.925, ""bid"": 263.6, ""risk"": ""EXTREME"", ""action"": ""BREAK_EXIT"", ""support"": ""CONTRADICTED"", ""n_neg"": 4, ""data_unreliable"": false}, {""minute"": ""15:06"", ""mid"": 262.325, ""bid"": 262.15, ""risk"": ""EXTREME"", ""action"": ""BREAK_EXIT"", ""support"": ""CONTRADICTED"", ""n_neg"": 4, ""data_unreliable"": false}, {""minute"": ""15:07"", ""mid"": 264.275, ""bid"": 263.95, ""risk"": ""ELEVATED"", ""action"": ""CAUTION"", ""support"": ""NORMAL"", ""n_neg"": 2, ""data_unreliable"": false}, {""minute"": ""15:08"", ""mid"": 258.1, ""bid"": 257.75, ""risk"": ""EXTREME"", ""action"": ""BREAK_EXIT"", ""support"": ""CONTRADICTED"", ""n_neg"": 6, ""data_unreliable"": false}, {""minute"": ""15:09"", ""mid"": 259.325, ""bid"": 259.15, ""risk"": ""EXTREME"", ""action"": ""BREAK_EXIT"", ""support"": ""CONTRADICTED"", ""n_neg"": 4, ""data_unreliable"": false}, {""minute"": ""15:10"", ""mid"": 266.475, ""bid"": 266.1, ""risk"": ""NORMAL"", ""action"": ""HOLD"", ""support"": ""NORMAL"", ""n_neg"": 1, ""data_unreliable"": false}, {""minute"": ""15:11"", ""mid"": 270.95000000000005, ""bid"": 270.6, ""risk"": ""NORMAL"", ""action"": ""HOLD"", ""support"": ""NORMAL"", ""n_neg"": 1, ""data_unreliable"": false}, {""minute"": ""15:12"", ""mid"": 270.85, ""bid"": 270.5, ""risk"": ""HIGH"", ""action"": ""PREPARE_EXIT"", ""support"": ""CONTRADICTED"", ""n_neg"": 3, ""data_unreliable"": false}, {""minute"": ""15:13"", ""mid"": 263.70000000000005, ""bid"": 263.35, ""risk"": ""EXTREME"", ""action"": ""BREAK_EXIT"", ""support"": ""CONTRADICTED"", ""n_neg"": 7, ""data_unreliable"": false}, {""minute"": ""15:14"", ""mid"": 247.2, ""bid"": 246.75, ""risk"": ""EXTREME"", ""action"": ""BREAK_EXIT"", ""support"": ""CONTRADICTED"", ""n_neg"": 7, ""data_unreliable"": false}, {""minute"": ""15:15"", ""mid"": 243.10000000000002, ""bid"": 242.9, ""risk"": ""EXTREME"", ""action"": ""BREAK_EXIT"", ""support"": ""CONTRADICTED"", ""n_neg"": 5, ""data_unreliable"": false}, {""minute"": ""15:16"", ""mid"": 235.45, ""bid"": 235.1, ""risk"": ""EXTREME"", ""action"": ""BREAK_EXIT"", ""support"": ""CONTRADICTED"", ""n_neg"": 9, ""data_unreliable"": false}, {""minute"": ""15:17"", ""mid"": 242.8, ""bid"": 242.3, ""risk"": ""ELEVATED"", ""action"": ""CAUTION"", ""support"": ""WEAK"", ""n_neg"": 4, ""data_unreliable"": false}, {""minute"": ""15:18"", ""mid"": 241.95, ""bid"": 241.65, ""risk"": ""ELEVATED"", ""action"": ""CAUTION"", ""support"": ""NORMAL"", ""n_neg"": 2, ""data_unreliable"": false}, {""minute"": ""15:19"", ""mid"": 240.25, ""bid"": 239.85, ""risk"": ""EXTREME"", ""action"": ""BREAK_EXIT"", ""support"": ""CONTRADICTED"", ""n_neg"": 6, ""data_unreliable"": false}]"
SENSEX,2026-09-08,11D_SHAPED_1500_1519,PE,75800.0,15:00,15:19,299.07500000000005,299.35,"[{""minute"": ""15:00"", ""mid"": 299.07500000000005, ""bid"": 298.8, ""risk"": ""NORMAL"", ""action"": ""HOLD"", ""support"": ""NORMAL"", ""n_neg"": 1, ""data_unreliable"": false}, {""minute"": ""15:01"", ""mid"": 295.675, ""bid"": 295.5, ""risk"": ""ELEVATED"", ""action"": ""CAUTION"", ""support"": ""WEAK"", ""n_neg"": 2, ""data_unreliable"": false}, {""minute"": ""15:02"", ""mid"": 288.29999999999995, ""bid"": 288.2, ""risk"": ""ELEVATED"", ""action"": ""CAUTION"", ""support"": ""WEAK"", ""n_neg"": 4, ""data_unreliable"": false}, {""minute"": ""15:03"", ""mid"": 297.6, ""bid"": 297.25, ""risk"": ""NORMAL"", ""action"": ""HOLD"", ""support"": ""NORMAL"", ""n_neg"": 0, ""data_unreliable"": false}, {""minute"": ""15:04"", ""mid"": 296.85, ""bid"": 296.55, ""risk"": ""ELEVATED"", ""action"": ""CAUTION"", ""support"": ""NORMAL"", ""n_neg"": 1, ""data_unreliable"": false}, {""minute"": ""15:05"", ""mid"": 300.275, ""bid"": 300.05, ""risk"": ""NORMAL"", ""action"": ""HOLD"", ""support"": ""NORMAL"", ""n_neg"": 0, ""data_unreliable"": false}, {""minute"": ""15:06"", ""mid"": 297.225, ""bid"": 297.05, ""risk"": ""ELEVATED"", ""action"": ""CAUTION"", ""support"": ""NORMAL"", ""n_neg"": 1, ""data_unreliable"": false}, {""minute"": ""15:07"", ""mid"": 296.725, ""bid"": 296.35, ""risk"": ""EXTREME"", ""action"": ""BREAK_EXIT"", ""support"": ""CONTRADICTED"", ""n_neg"": 5, ""data_unreliable"": false}, {""minute"": ""15:08"", ""mid"": 299.375, ""bid"": 299.05, ""risk"": ""NORMAL"", ""action"": ""HOLD"", ""support"": ""NORMAL"", ""n_neg"": 0, ""data_unreliable"": false}, {""minute"": ""15:09"", ""mid"": 295.375, ""bid"": 295.1, ""risk"": ""HIGH"", ""action"": ""PREPARE_EXIT"", ""support"": ""CONTRADICTED"", ""n_neg"": 3, ""data_unreliable"": false}, {""minute"": ""15:10"", ""mid"": 284.65, ""bid"": 284.3, ""risk"": ""HIGH"", ""action"": ""PREPARE_EXIT"", ""support"": ""CONTRADICTED"", ""n_neg"": 5, ""data_unreliable"": false}, {""minute"": ""15:11"", ""mid"": 284.3, ""bid"": 284.0, ""risk"": ""HIGH"", ""action"": ""PREPARE_EXIT"", ""support"": ""CONTRADICTED"", ""n_neg"": 4, ""data_unreliable"": false}, {""minute"": ""15:12"", ""mid"": 288.25, ""bid"": 287.85, ""risk"": ""ELEVATED"", ""action"": ""CAUTION"", ""support"": ""WEAK"", ""n_neg"": 2, ""data_unreliable"": false}, {""minute"": ""15:13"", ""mid"": 298.55, ""bid"": 298.25, ""risk"": ""LOW"", ""action"": ""HOLD"", ""support"": ""STRONG"", ""n_neg"": 0, ""data_unreliable"": false}, {""minute"": ""15:14"", ""mid"": 317.625, ""bid"": 317.1, ""risk"": ""NORMAL"", ""action"": ""HOLD"", ""support"": ""NORMAL"", ""n_neg"": 1, ""data_unreliable"": false}, {""minute"": ""15:15"", ""mid"": 322.57500000000005, ""bid"": 322.05, ""risk"": ""NORMAL"", ""action"": ""HOLD"", ""support"": ""NORMAL"", ""n_neg"": 1, ""data_unreliable"": false}, {""minute"": ""15:16"", ""mid"": 321.32500000000005, ""bid"": 320.85, ""risk"": ""ELEVATED"", ""action"": ""CAUTION"", ""support"": ""NORMAL"", ""n_neg"": 2, ""data_unreliable"": false}, {""minute"": ""15:17"", ""mid"": 307.075, ""bid"": 306.7, ""risk"": ""EXTREME"", ""action"": ""BREAK_EXIT"", ""support"": ""CONTRADICTED"", ""n_neg"": 6, ""data_unreliable"": false}, {""minute"": ""15:18"", ""mid"": 310.875, ""bid"": 310.45, ""risk"": ""EXTREME"", ""action"": ""BREAK_EXIT"", ""support"": ""CONTRADICTED"", ""n_neg"": 8, ""data_unreliable"": false}, {""minute"": ""15:19"", ""mid"": 316.54999999999995, ""bid"": 315.95, ""risk"": ""ELEVATED"", ""action"": ""CAUTION"", ""support"": ""NORMAL"", ""n_neg"": 2, ""data_unreliable"": false}]"
SENSEX,2026-09-08,CLOSING_1515_1529,CE,75700.0,15:15,15:29,290.175,290.6,"[{""minute"": ""15:15"", ""mid"": 290.175, ""bid"": 289.75, ""risk"": ""HIGH"", ""action"": ""PREPARE_EXIT"", ""support"": ""CONTRADICTED"", ""n_neg"": 4, ""data_unreliable"": false}, {""minute"": ""15:16"", ""mid"": 283.15, ""bid"": 282.65, ""risk"": ""EXTREME"", ""action"": ""BREAK_EXIT"", ""support"": ""CONTRADICTED"", ""n_neg"": 7, ""data_unreliable"": false}, {""minute"": ""15:17"", ""mid"": 290.25, ""bid"": 289.9, ""risk"": ""NORMAL"", ""action"": ""HOLD"", ""support"": ""NORMAL"", ""n_neg"": 1, ""data_unreliable"": false}, {""minute"": ""15:18"", ""mid"": 289.775, ""bid"": 289.3, ""risk"": ""ELEVATED"", ""action"": ""CAUTION"", ""support"": ""NORMAL"", ""n_neg"": 1, ""data_unreliable"": false}, {""minute"": ""15:19"", ""mid"": 287.35, ""bid"": 286.85, ""risk"": ""HIGH"", ""action"": ""PREPARE_EXIT"", ""support"": ""CONTRADICTED"", ""n_neg"": 4, ""data_unreliable"": false}, {""minute"": ""15:20"", ""mid"": 278.025, ""bid"": 277.45, ""risk"": ""EXTREME"", ""action"": ""BREAK_EXIT"", ""support"": ""CONTRADICTED"", ""n_neg"": 6, ""data_unreliable"": false}, {""minute"": ""15:21"", ""mid"": 272.825, ""bid"": 272.45, ""risk"": ""EXTREME"", ""action"": ""BREAK_EXIT"", ""support"": ""CONTRADICTED"", ""n_neg"": 7, ""data_unreliable"": false}, {""minute"": ""15:22"", ""mid"": 275.725, ""bid"": 275.2, ""risk"": ""ELEVATED"", ""action"": ""CAUTION"", ""support"": ""NORMAL"", ""n_neg"": 2, ""data_unreliable"": false}, {""minute"": ""15:23"", ""mid"": 277.675, ""bid"": 277.3, ""risk"": ""NORMAL"", ""action"": ""HOLD"", ""support"": ""NORMAL"", ""n_neg"": 0, ""data_unreliable"": false}, {""minute"": ""15:24"", ""mid"": 282.45000000000005, ""bid"": 282.05, ""risk"": ""ELEVATED"", ""action"": ""CAUTION"", ""support"": ""NORMAL"", ""n_neg"": 1, ""data_unreliable"": false}, {""minute"": ""15:25"", ""mid"": 285.25, ""bid"": 284.9, ""risk"": ""NORMAL"", ""action"": ""HOLD"", ""support"": ""STRONG"", ""n_neg"": 0, ""data_unreliable"": false}, {""minute"": ""15:26"", ""mid"": 293.875, ""bid"": 293.4, ""risk"": ""NORMAL"", ""action"": ""HOLD"", ""support"": ""STRONG"", ""n_neg"": 0, ""data_unreliable"": false}, {""minute"": ""15:27"", ""mid"": 287.475, ""bid"": 287.05, ""risk"": ""ELEVATED"", ""action"": ""CAUTION"", ""support"": ""NORMAL"", ""n_neg"": 1, ""data_unreliable"": false}, {""minute"": ""15:28"", ""mid"": 288.65, ""bid"": 288.2, ""risk"": ""HIGH"", ""action"": ""PREPARE_EXIT"", ""support"": ""CONTRADICTED"", ""n_neg"": 4, ""data_unreliable"": false}, {""minute"": ""15:29"", ""mid"": 281.20000000000005, ""bid"": 280.8, ""risk"": ""EXTREME"", ""action"": ""BREAK_EXIT"", ""support"": ""CONTRADICTED"", ""n_neg"": 6, ""data_unreliable"": false}]"
SENSEX,2026-09-08,CLOSING_1515_1529,PE,75700.0,15:15,15:29,271.4,271.8,"[{""minute"": ""15:15"", ""mid"": 271.4, ""bid"": 271.0, ""risk"": ""LOW"", ""action"": ""HOLD"", ""support"": ""STRONG"", ""n_neg"": 0, ""data_unreliable"": false}, {""minute"": ""15:16"", ""mid"": 267.225, ""bid"": 266.75, ""risk"": ""ELEVATED"", ""action"": ""CAUTION"", ""support"": ""NORMAL"", ""n_neg"": 1, ""data_unreliable"": false}, {""minute"": ""15:17"", ""mid"": 256.85, ""bid"": 256.4, ""risk"": ""EXTREME"", ""action"": ""BREAK_EXIT"", ""support"": ""CONTRADICTED"", ""n_neg"": 6, ""data_unreliable"": false}, {""minute"": ""15:18"", ""mid"": 259.075, ""bid"": 258.65, ""risk"": ""EXTREME"", ""action"": ""BREAK_EXIT"", ""support"": ""CONTRADICTED"", ""n_neg"": 5, ""data_unreliable"": false}, {""minute"": ""15:19"", ""mid"": 263.275, ""bid"": 262.8, ""risk"": ""NORMAL"", ""action"": ""HOLD"", ""support"": ""NORMAL"", ""n_neg"": 1, ""data_unreliable"": false}, {""minute"": ""15:20"", ""mid"": 272.15, ""bid"": 271.7, ""risk"": ""NORMAL"", ""action"": ""HOLD"", ""support"": ""STRONG"", ""n_neg"": 0, ""data_unreliable"": false}, {""minute"": ""15:21"", ""mid"": 268.7, ""bid"": 268.25, ""risk"": ""ELEVATED"", ""action"": ""CAUTION"", ""support"": ""NORMAL"", ""n_neg"": 1, ""data_unreliable"": false}, {""minute"": ""15:22"", ""mid"": 266.85, ""bid"": 266.45, ""risk"": ""HIGH"", ""action"": ""PREPARE_EXIT"", ""support"": ""CONTRADICTED"", ""n_neg"": 3, ""data_unreliable"": false}, {""minute"": ""15:23"", ""mid"": 270.875, ""bid"": 270.5, ""risk"": ""ELEVATED"", ""action"": ""CAUTION"", ""support"": ""WEAK"", ""n_neg"": 1, ""data_unreliable"": false}, {""minute"": ""15:24"", ""mid"": 272.075, ""bid"": 271.65, ""risk"": ""ELEVATED"", ""action"": ""CAUTION"", ""support"": ""NORMAL"", ""n_neg"": 1, ""data_unreliable"": false}, {""minute"": ""15:25"", ""mid"": 269.475, ""bid"": 269.2, ""risk"": ""ELEVATED"", ""action"": ""CAUTION"", ""support"": ""WEAK"", ""n_neg"": 3, ""data_unreliable"": false}, {""minute"": ""15:26"", ""mid"": 252.175, ""bid"": 251.75, ""risk"": ""EXTREME"", ""action"": ""BREAK_EXIT"", ""support"": ""CONTRADICTED"", ""n_neg"": 8, ""data_unreliable"": false}, {""minute"": ""15:27"", ""mid"": 257.575, ""bid"": 257.2, ""risk"": ""EXTREME"", ""action"": ""BREAK_EXIT"", ""support"": ""CONTRADICTED"", ""n_neg"": 5, ""data_unreliable"": false}, {""minute"": ""15:28"", ""mid"": 257.79999999999995, ""bid"": 257.4, ""risk"": ""NORMAL"", ""action"": ""HOLD"", ""support"": ""NORMAL"", ""n_neg"": 1, ""data_unreliable"": false}, {""minute"": ""15:29"", ""mid"": 263.575, ""bid"": 263.15, ""risk"": ""NORMAL"", ""action"": ""HOLD"", ""support"": ""STRONG"", ""n_neg"": 0, ""data_unreliable"": false}]"
NIFTY,2026-09-09,11D_SHAPED_1500_1519,CE,23550.0,15:00,15:19,121.075,121.15,"[{""minute"": ""15:00"", ""mid"": 121.075, ""bid"": 121.0, ""risk"": ""NORMAL"", ""action"": ""HOLD"", ""support"": ""NORMAL"", ""n_neg"": 1, ""data_unreliable"": false}, {""minute"": ""15:01"", ""mid"": 120.75, ""bid"": 120.7, ""risk"": ""ELEVATED"", ""action"": ""CAUTION"", ""support"": ""WEAK"", ""n_neg"": 2, ""data_unreliable"": false}, {""minute"": ""15:02"", ""mid"": 118.69999999999999, ""bid"": 118.55, ""risk"": ""EXTREME"", ""action"": ""BREAK_EXIT"", ""support"": ""CONTRADICTED"", ""n_neg"": 8, ""data_unreliable"": false}, {""minute"": ""15:03"", ""mid"": 115.175, ""bid"": 115.05, ""risk"": ""EXTREME"", ""action"": ""BREAK_EXIT"", ""support"": ""CONTRADICTED"", ""n_neg"": 8, ""data_unreliable"": false}, {""minute"": ""15:04"", ""mid"": 112.55000000000001, ""bid"": 112.45, ""risk"": ""EXTREME"", ""action"": ""BREAK_EXIT"", ""support"": ""CONTRADICTED"", ""n_neg"": 6, ""data_unreliable"": false}, {""minute"": ""15:05"", ""mid"": 103.65, ""bid"": 103.6, ""risk"": ""EXTREME"", ""action"": ""BREAK_EXIT"", ""support"": ""CONTRADICTED"", ""n_neg"": 7, ""data_unreliable"": false}, {""minute"": ""15:06"", ""mid"": 106.475, ""bid"": 106.35, ""risk"": ""EXTREME"", ""action"": ""BREAK_EXIT"", ""support"": ""CONTRADICTED"", ""n_neg"": 6, ""data_unreliable"": false}, {""minute"": ""15:07"", ""mid"": 106.85, ""bid"": 106.7, ""risk"": ""ELEVATED"", ""action"": ""CAUTION"", ""support"": ""NORMAL"", ""n_neg"": 2, ""data_unreliable"": false}, {""minute"": ""15:08"", ""mid"": 111.625, ""bid"": 111.5, ""risk"": ""NORMAL"", ""action"": ""HOLD"", ""support"": ""NORMAL"", ""n_neg"": 1, ""data_unreliable"": false}, {""minute"": ""15:09"", ""mid"": 111.75, ""bid"": 111.6, ""risk"": ""NORMAL"", ""action"": ""HOLD"", ""support"": ""NORMAL"", ""n_neg"": 1, ""data_unreliable"": false}, {""minute"": ""15:10"", ""mid"": 113.825, ""bid"": 113.75, ""risk"": ""LOW"", ""action"": ""HOLD"", ""support"": ""STRONG"", ""n_neg"": 0, ""data_unreliable"": false}, {""minute"": ""15:11"", ""mid"": 114.0, ""bid"": 113.9, ""risk"": ""LOW"", ""action"": ""HOLD"", ""support"": ""STRONG"", ""n_neg"": 0, ""data_unreliable"": false}, {""minute"": ""15:12"", ""mid"": 112.65, ""bid"": 112.55, ""risk"": ""ELEVATED"", ""action"": ""CAUTION"", ""support"": ""WEAK"", ""n_neg"": 4, ""data_unreliable"": false}, {""minute"": ""15:13"", ""mid"": 111.4, ""bid"": 111.25, ""risk"": ""EXTREME"", ""action"": ""BREAK_EXIT"", ""support"": ""CONTRADICTED"", ""n_neg"": 7, ""data_unreliable"": false}, {""minute"": ""15:14"", ""mid"": 110.69999999999999, ""bid"": 110.6, ""risk"": ""EXTREME"", ""action"": ""BREAK_EXIT"", ""support"": ""CONTRADICTED"", ""n_neg"": 4, ""data_unreliable"": false}, {""minute"": ""15:15"", ""mid"": 111.35, ""bid"": 111.25, ""risk"": ""ELEVATED"", ""action"": ""CAUTION"", ""support"": ""NORMAL"", ""n_neg"": 2, ""data_unreliable"": false}, {""minute"": ""15:16"", ""mid"": 109.925, ""bid"": 109.85, ""risk"": ""HIGH"", ""action"": ""PREPARE_EXIT"", ""support"": ""CONTRADICTED"", ""n_neg"": 4, ""data_unreliable"": false}, {""minute"": ""15:17"", ""mid"": 107.69999999999999, ""bid"": 107.6, ""risk"": ""EXTREME"", ""action"": ""BREAK_EXIT"", ""support"": ""CONTRADICTED"", ""n_neg"": 6, ""data_unreliable"": false}, {""minute"": ""15:18"", ""mid"": 108.85, ""bid"": 108.8, ""risk"": ""HIGH"", ""action"": ""PREPARE_EXIT"", ""support"": ""CONTRADICTED"", ""n_neg"": 3, ""data_unreliable"": false}, {""minute"": ""15:19"", ""mid"": 108.1, ""bid"": 107.95, ""risk"": ""HIGH"", ""action"": ""PREPARE_EXIT"", ""support"": ""CONTRADICTED"", ""n_neg"": 3, ""data_unreliable"": false}]"
NIFTY,2026-09-09,11D_SHAPED_1500_1519,PE,23550.0,15:00,15:19,119.025,119.15,"[{""minute"": ""15:00"", ""mid"": 119.025, ""bid"": 118.9, ""risk"": ""NORMAL"", ""action"": ""HOLD"", ""support"": ""NORMAL"", ""n_neg"": 0, ""data_unreliable"": false}, {""minute"": ""15:01"", ""mid"": 119.19999999999999, ""bid"": 119.1, ""risk"": ""NORMAL"", ""action"": ""HOLD"", ""support"": ""NORMAL"", ""n_neg"": 0, ""data_unreliable"": false}, {""minute"": ""15:02"", ""mid"": 120.675, ""bid"": 120.6, ""risk"": ""LOW"", ""action"": ""HOLD"", ""support"": ""STRONG"", ""n_neg"": 0, ""data_unreliable"": false}, {""minute"": ""15:03"", ""mid"": 124.35, ""bid"": 124.25, ""risk"": ""LOW"", ""action"": ""HOLD"", ""support"": ""STRONG"", ""n_neg"": 0, ""data_unreliable"": false}, {""minute"": ""15:04"", ""mid"": 127.475, ""bid"": 127.3, ""risk"": ""LOW"", ""action"": ""HOLD"", ""support"": ""STRONG"", ""n_neg"": 0, ""data_unreliable"": false}, {""minute"": ""15:05"", ""mid"": 142.77499999999998, ""bid"": 142.6, ""risk"": ""LOW"", ""action"": ""HOLD"", ""support"": ""STRONG"", ""n_neg"": 0, ""data_unreliable"": false}, {""minute"": ""15:06"", ""mid"": 137.47500000000002, ""bid"": 137.4, ""risk"": ""ELEVATED"", ""action"": ""CAUTION"", ""support"": ""NORMAL"", ""n_neg"": 1, ""data_unreliable"": false}, {""minute"": ""15:07"", ""mid"": 136.575, ""bid"": 136.4, ""risk"": ""EXTREME"", ""action"": ""BREAK_EXIT"", ""support"": ""CONTRADICTED"", ""n_neg"": 5, ""data_unreliable"": false}, {""minute"": ""15:08"", ""mid"": 129.65, ""bid"": 129.5, ""risk"": ""EXTREME"", ""action"": ""BREAK_EXIT"", ""support"": ""CONTRADICTED"", ""n_neg"": 7, ""data_unreliable"": false}, {""minute"": ""15:09"", ""mid"": 129.2, ""bid"": 129.05, ""risk"": ""EXTREME"", ""action"": ""BREAK_EXIT"", ""support"": ""CONTRADICTED"", ""n_neg"": 6, ""data_unreliable"": false}, {""minute"": ""15:10"", ""mid"": 128.275, ""bid"": 128.15, ""risk"": ""EXTREME"", ""action"": ""BREAK_EXIT"", ""support"": ""CONTRADICTED"", ""n_neg"": 7, ""data_unreliable"": false}, {""minute"": ""15:11"", ""mid"": 129.4, ""bid"": 129.3, ""risk"": ""ELEVATED"", ""action"": ""CAUTION"", ""support"": ""WEAK"", ""n_neg"": 2, ""data_unreliable"": false}, {""minute"": ""15:12"", ""mid"": 131.925, ""bid"": 131.85, ""risk"": ""LOW"", ""action"": ""HOLD"", ""support"": ""STRONG"", ""n_neg"": 0, ""data_unreliable"": false}, {""minute"": ""15:13"", ""mid"": 132.525, ""bid"": 132.5, ""risk"": ""LOW"", ""action"": ""HOLD"", ""support"": ""STRONG"", ""n_neg"": 0, ""data_unreliable"": false}, {""minute"": ""15:14"", ""mid"": 133.0, ""bid"": 132.9, ""risk"": ""LOW"", ""action"": ""HOLD"", ""support"": ""STRONG"", ""n_neg"": 0, ""data_unreliable"": false}, {""minute"": ""15:15"", ""mid"": 130.75, ""bid"": 130.6, ""risk"": ""EXTREME"", ""action"": ""BREAK_EXIT"", ""support"": ""CONTRADICTED"", ""n_neg"": 5, ""data_unreliable"": false}, {""minute"": ""15:16"", ""mid"": 131.95, ""bid"": 131.85, ""risk"": ""ELEVATED"", ""action"": ""CAUTION"", ""support"": ""WEAK"", ""n_neg"": 2, ""data_unreliable"": false}, {""minute"": ""15:17"", ""mid"": 133.325, ""bid"": 133.25, ""risk"": ""NORMAL"", ""action"": ""HOLD"", ""support"": ""STRONG"", ""n_neg"": 0, ""data_unreliable"": false}, {""minute"": ""15:18"", ""mid"": 132.125, ""bid"": 132.0, ""risk"": ""ELEVATED"", ""action"": ""CAUTION"", ""support"": ""NORMAL"", ""n_neg"": 1, ""data_unreliable"": false}, {""minute"": ""15:19"", ""mid"": 132.825, ""bid"": 132.7, ""risk"": ""NORMAL"", ""action"": ""HOLD"", ""support"": ""NORMAL"", ""n_neg"": 1, ""data_unreliable"": false}]"
NIFTY,2026-09-09,CLOSING_1515_1529,CE,23550.0,15:15,15:29,111.35,111.45,"[{""minute"": ""15:15"", ""mid"": 111.35, ""bid"": 111.25, ""risk"": ""ELEVATED"", ""action"": ""CAUTION"", ""support"": ""NORMAL"", ""n_neg"": 2, ""data_unreliable"": false}, {""minute"": ""15:16"", ""mid"": 109.925, ""bid"": 109.85, ""risk"": ""HIGH"", ""action"": ""PREPARE_EXIT"", ""support"": ""CONTRADICTED"", ""n_neg"": 4, ""data_unreliable"": false}, {""minute"": ""15:17"", ""mid"": 107.69999999999999, ""bid"": 107.6, ""risk"": ""EXTREME"", ""action"": ""BREAK_EXIT"", ""support"": ""CONTRADICTED"", ""n_neg"": 6, ""data_unreliable"": false}, {""minute"": ""15:18"", ""mid"": 108.85, ""bid"": 108.8, ""risk"": ""HIGH"", ""action"": ""PREPARE_EXIT"", ""support"": ""CONTRADICTED"", ""n_neg"": 3, ""data_unreliable"": false}, {""minute"": ""15:19"", ""mid"": 108.1, ""bid"": 107.95, ""risk"": ""HIGH"", ""action"": ""PREPARE_EXIT"", ""support"": ""CONTRADICTED"", ""n_neg"": 3, ""data_unreliable"": false}, {""minute"": ""15:20"", ""mid"": 104.775, ""bid"": 104.7, ""risk"": ""EXTREME"", ""action"": ""BREAK_EXIT"", ""support"": ""CONTRADICTED"", ""n_neg"": 7, ""data_unreliable"": false}, {""minute"": ""15:21"", ""mid"": 105.55, ""bid"": 105.5, ""risk"": ""EXTREME"", ""action"": ""BREAK_EXIT"", ""support"": ""CONTRADICTED"", ""n_neg"": 5, ""data_unreliable"": false}, {""minute"": ""15:22"", ""mid"": 104.675, ""bid"": 104.55, ""risk"": ""ELEVATED"", ""action"": ""CAUTION"", ""support"": ""WEAK"", ""n_neg"": 2, ""data_unreliable"": false}, {""minute"": ""15:23"", ""mid"": 100.125, ""bid"": 100.05, ""risk"": ""EXTREME"", ""action"": ""BREAK_EXIT"", ""support"": ""CONTRADICTED"", ""n_neg"": 6, ""data_unreliable"": false}, {""minute"": ""15:24"", ""mid"": 103.25, ""bid"": 103.15, ""risk"": ""EXTREME"", ""action"": ""BREAK_EXIT"", ""support"": ""CONTRADICTED"", ""n_neg"": 5, ""data_unreliable"": false}, {""minute"": ""15:25"", ""mid"": 103.175, ""bid"": 103.05, ""risk"": ""ELEVATED"", ""action"": ""CAUTION"", ""support"": ""NORMAL"", ""n_neg"": 2, ""data_unreliable"": false}, {""minute"": ""15:26"", ""mid"": 102.15, ""bid"": 102.0, ""risk"": ""HIGH"", ""action"": ""PREPARE_EXIT"", ""support"": ""CONTRADICTED"", ""n_neg"": 5, ""data_unreliable"": false}, {""minute"": ""15:27"", ""mid"": 103.05000000000001, ""bid"": 102.95, ""risk"": ""ELEVATED"", ""action"": ""CAUTION"", ""support"": ""WEAK"", ""n_neg"": 2, ""data_unreliable"": false}, {""minute"": ""15:28"", ""mid"": 100.075, ""bid"": 100.0, ""risk"": ""EXTREME"", ""action"": ""BREAK_EXIT"", ""support"": ""CONTRADICTED"", ""n_neg"": 6, ""data_unreliable"": false}, {""minute"": ""15:29"", ""mid"": 98.4, ""bid"": 98.25, ""risk"": ""EXTREME"", ""action"": ""BREAK_EXIT"", ""support"": ""CONTRADICTED"", ""n_neg"": 6, ""data_unreliable"": false}]"
NIFTY,2026-09-09,CLOSING_1515_1529,PE,23550.0,15:15,15:29,130.75,130.9,"[{""minute"": ""15:15"", ""mid"": 130.75, ""bid"": 130.6, ""risk"": ""EXTREME"", ""action"": ""BREAK_EXIT"", ""support"": ""CONTRADICTED"", ""n_neg"": 5, ""data_unreliable"": false}, {""minute"": ""15:16"", ""mid"": 131.95, ""bid"": 131.85, ""risk"": ""ELEVATED"", ""action"": ""CAUTION"", ""support"": ""WEAK"", ""n_neg"": 2, ""data_unreliable"": false}, {""minute"": ""15:17"", ""mid"": 133.325, ""bid"": 133.25, ""risk"": ""NORMAL"", ""action"": ""HOLD"", ""support"": ""STRONG"", ""n_neg"": 0, ""data_unreliable"": false}, {""minute"": ""15:18"", ""mid"": 132.125, ""bid"": 132.0, ""risk"": ""ELEVATED"", ""action"": ""CAUTION"", ""support"": ""NORMAL"", ""n_neg"": 1, ""data_unreliable"": false}, {""minute"": ""15:19"", ""mid"": 132.825, ""bid"": 132.7, ""risk"": ""NORMAL"", ""action"": ""HOLD"", ""support"": ""NORMAL"", ""n_neg"": 1, ""data_unreliable"": false}, {""minute"": ""15:20"", ""mid"": 135.2, ""bid"": 135.15, ""risk"": ""NORMAL"", ""action"": ""HOLD"", ""support"": ""STRONG"", ""n_neg"": 0, ""data_unreliable"": false}, {""minute"": ""15:21"", ""mid"": 134.825, ""bid"": 134.7, ""risk"": ""ELEVATED"", ""action"": ""CAUTION"", ""support"": ""NORMAL"", ""n_neg"": 1, ""data_unreliable"": false}, {""minute"": ""15:22"", ""mid"": 135.47500000000002, ""bid"": 135.3, ""risk"": ""NORMAL"", ""action"": ""HOLD"", ""support"": ""NORMAL"", ""n_neg"": 0, ""data_unreliable"": false}, {""minute"": ""15:23"", ""mid"": 139.625, ""bid"": 139.45, ""risk"": ""NORMAL"", ""action"": ""HOLD"", ""support"": ""STRONG"", ""n_neg"": 0, ""data_unreliable"": false}, {""minute"": ""15:24"", ""mid"": 139.425, ""bid"": 139.25, ""risk"": ""ELEVATED"", ""action"": ""CAUTION"", ""support"": ""NORMAL"", ""n_neg"": 1, ""data_unreliable"": false}, {""minute"": ""15:25"", ""mid"": 138.375, ""bid"": 138.2, ""risk"": ""EXTREME"", ""action"": ""BREAK_EXIT"", ""support"": ""CONTRADICTED"", ""n_neg"": 5, ""data_unreliable"": false}, {""minute"": ""15:26"", ""mid"": 138.675, ""bid"": 138.55, ""risk"": ""ELEVATED"", ""action"": ""CAUTION"", ""support"": ""WEAK"", ""n_neg"": 4, ""data_unreliable"": false}, {""minute"": ""15:27"", ""mid"": 137.175, ""bid"": 137.1, ""risk"": ""HIGH"", ""action"": ""PREPARE_EXIT"", ""support"": ""CONTRADICTED"", ""n_neg"": 4, ""data_unreliable"": false}, {""minute"": ""15:28"", ""mid"": 139.85, ""bid"": 139.7, ""risk"": ""NORMAL"", ""action"": ""HOLD"", ""support"": ""STRONG"", ""n_neg"": 0, ""data_unreliable"": false}, {""minute"": ""15:29"", ""mid"": 143.0, ""bid"": 142.8, ""risk"": ""NORMAL"", ""action"": ""HOLD"", ""support"": ""STRONG"", ""n_neg"": 0, ""data_unreliable"": false}]"
SENSEX,2026-09-09,11D_SHAPED_1500_1519,CE,75100.0,15:00,15:19,203.625,203.7,"[{""minute"": ""15:00"", ""mid"": 203.625, ""bid"": 203.55, ""risk"": ""LOW"", ""action"": ""HOLD"", ""support"": ""STRONG"", ""n_neg"": 0, ""data_unreliable"": false}, {""minute"": ""15:01"", ""mid"": 203.65, ""bid"": 203.4, ""risk"": ""NORMAL"", ""action"": ""HOLD"", ""support"": ""NORMAL"", ""n_neg"": 1, ""data_unreliable"": false}, {""minute"": ""15:02"", ""mid"": 193.3, ""bid"": 193.05, ""risk"": ""EXTREME"", ""action"": ""BREAK_EXIT"", ""support"": ""CONTRADICTED"", ""n_neg"": 6, ""data_unreliable"": false}, {""minute"": ""15:03"", ""mid"": 180.725, ""bid"": 180.5, ""risk"": ""EXTREME"", ""action"": ""BREAK_EXIT"", ""support"": ""CONTRADICTED"", ""n_neg"": 8, ""data_unreliable"": false}, {""minute"": ""15:04"", ""mid"": 170.1, ""bid"": 170.0, ""risk"": ""EXTREME"", ""action"": ""BREAK_EXIT"", ""support"": ""CONTRADICTED"", ""n_neg"": 7, ""data_unreliable"": false}, {""minute"": ""15:05"", ""mid"": 146.575, ""bid"": 146.35, ""risk"": ""EXTREME"", ""action"": ""BREAK_EXIT"", ""support"": ""CONTRADICTED"", ""n_neg"": 8, ""data_unreliable"": false}, {""minute"": ""15:06"", ""mid"": 153.65, ""bid"": 153.5, ""risk"": ""HIGH"", ""action"": ""PREPARE_EXIT"", ""support"": ""CONTRADICTED"", ""n_neg"": 4, ""data_unreliable"": false}, {""minute"": ""15:07"", ""mid"": 154.775, ""bid"": 154.65, ""risk"": ""ELEVATED"", ""action"": ""CAUTION"", ""support"": ""NORMAL"", ""n_neg"": 2, ""data_unreliable"": false}, {""minute"": ""15:08"", ""mid"": 168.7, ""bid"": 168.5, ""risk"": ""NORMAL"", ""action"": ""HOLD"", ""support"": ""NORMAL"", ""n_neg"": 1, ""data_unreliable"": false}, {""minute"": ""15:09"", ""mid"": 170.7, ""bid"": 170.5, ""risk"": ""NORMAL"", ""action"": ""HOLD"", ""support"": ""NORMAL"", ""n_neg"": 1, ""data_unreliable"": false}, {""minute"": ""15:10"", ""mid"": 173.3, ""bid"": 173.15, ""risk"": ""NORMAL"", ""action"": ""HOLD"", ""support"": ""NORMAL"", ""n_neg"": 1, ""data_unreliable"": false}, {""minute"": ""15:11"", ""mid"": 173.0, ""bid"": 172.9, ""risk"": ""ELEVATED"", ""action"": ""CAUTION"", ""support"": ""NORMAL"", ""n_neg"": 2, ""data_unreliable"": false}, {""minute"": ""15:12"", ""mid"": 166.14999999999998, ""bid"": 165.95, ""risk"": ""EXTREME"", ""action"": ""BREAK_EXIT"", ""support"": ""CONTRADICTED"", ""n_neg"": 7, ""data_unreliable"": false}, {""minute"": ""15:13"", ""mid"": 165.8, ""bid"": 165.6, ""risk"": ""EXTREME"", ""action"": ""BREAK_EXIT"", ""support"": ""CONTRADICTED"", ""n_neg"": 7, ""data_unreliable"": false}, {""minute"": ""15:14"", ""mid"": 164.525, ""bid"": 164.3, ""risk"": ""HIGH"", ""action"": ""PREPARE_EXIT"", ""support"": ""CONTRADICTED"", ""n_neg"": 5, ""data_unreliable"": false}, {""minute"": ""15:15"", ""mid"": 153.925, ""bid"": 153.8, ""risk"": ""EXTREME"", ""action"": ""BREAK_EXIT"", ""support"": ""CONTRADICTED"", ""n_neg"": 9, ""data_unreliable"": false}, {""minute"": ""15:16"", ""mid"": 159.5, ""bid"": 159.3, ""risk"": ""EXTREME"", ""action"": ""BREAK_EXIT"", ""support"": ""CONTRADICTED"", ""n_neg"": 6, ""data_unreliable"": false}, {""minute"": ""15:17"", ""mid"": 151.575, ""bid"": 151.35, ""risk"": ""EXTREME"", ""action"": ""BREAK_EXIT"", ""support"": ""CONTRADICTED"", ""n_neg"": 7, ""data_unreliable"": false}, {""minute"": ""15:18"", ""mid"": 162.0, ""bid"": 161.8, ""risk"": ""ELEVATED"", ""action"": ""CAUTION"", ""support"": ""NORMAL"", ""n_neg"": 2, ""data_unreliable"": false}, {""minute"": ""15:19"", ""mid"": 158.975, ""bid"": 158.75, ""risk"": ""ELEVATED"", ""action"": ""CAUTION"", ""support"": ""NORMAL"", ""n_neg"": 2, ""data_unreliable"": false}]"
SENSEX,2026-09-09,11D_SHAPED_1500_1519,PE,75100.0,15:00,15:19,243.3,243.45,"[{""minute"": ""15:00"", ""mid"": 243.3, ""bid"": 243.15, ""risk"": ""EXTREME"", ""action"": ""BREAK_EXIT"", ""support"": ""CONTRADICTED"", ""n_neg"": 5, ""data_unreliable"": false}, {""minute"": ""15:01"", ""mid"": 243.75, ""bid"": 243.55, ""risk"": ""ELEVATED"", ""action"": ""CAUTION"", ""support"": ""WEAK"", ""n_neg"": 2, ""data_unreliable"": false}, {""minute"": ""15:02"", ""mid"": 253.55, ""bid"": 253.2, ""risk"": ""NORMAL"", ""action"": ""HOLD"", ""support"": ""NORMAL"", ""n_neg"": 1, ""data_unreliable"": false}, {""minute"": ""15:03"", ""mid"": 267.0, ""bid"": 266.8, ""risk"": ""LOW"", ""action"": ""HOLD"", ""support"": ""STRONG"", ""n_neg"": 0, ""data_unreliable"": false}, {""minute"": ""15:04"", ""mid"": 280.975, ""bid"": 280.55, ""risk"": ""NORMAL"", ""action"": ""HOLD"", ""support"": ""NORMAL"", ""n_neg"": 1, ""data_unreliable"": false}, {""minute"": ""15:05"", ""mid"": 332.325, ""bid"": 331.75, ""risk"": ""NORMAL"", ""action"": ""HOLD"", ""support"": ""NORMAL"", ""n_neg"": 1, ""data_unreliable"": false}, {""minute"": ""15:06"", ""mid"": 326.025, ""bid"": 325.6, ""risk"": ""ELEVATED"", ""action"": ""CAUTION"", ""support"": ""NORMAL"", ""n_neg"": 2, ""data_unreliable"": false}, {""minute"": ""15:07"", ""mid"": 322.525, ""bid"": 322.25, ""risk"": ""EXTREME"", ""action"": ""BREAK_EXIT"", ""support"": ""CONTRADICTED"", ""n_neg"": 6, ""data_unreliable"": false}, {""minute"": ""15:08"", ""mid"": 293.20000000000005, ""bid"": 292.85, ""risk"": ""EXTREME"", ""action"": ""BREAK_EXIT"", ""support"": ""CONTRADICTED"", ""n_neg"": 9, ""data_unreliable"": false}, {""minute"": ""15:09"", ""mid"": 294.075, ""bid"": 293.7, ""risk"": ""EXTREME"", ""action"": ""BREAK_EXIT"", ""support"": ""CONTRADICTED"", ""n_neg"": 7, ""data_unreliable"": false}, {""minute"": ""15:10"", ""mid"": 295.85, ""bid"": 295.45, ""risk"": ""HIGH"", ""action"": ""PREPARE_EXIT"", ""support"": ""CONTRADICTED"", ""n_neg"": 4, ""data_unreliable"": false}, {""minute"": ""15:11"", ""mid"": 296.275, ""bid"": 295.85, ""risk"": ""ELEVATED"", ""action"": ""CAUTION"", ""support"": ""WEAK"", ""n_neg"": 2, ""data_unreliable"": false}, {""minute"": ""15:12"", ""mid"": 308.1, ""bid"": 307.8, ""risk"": ""NORMAL"", ""action"": ""HOLD"", ""support"": ""NORMAL"", ""n_neg"": 1, ""data_unreliable"": false}, {""minute"": ""15:13"", ""mid"": 307.35, ""bid"": 306.95, ""risk"": ""ELEVATED"", ""action"": ""CAUTION"", ""support"": ""NORMAL"", ""n_neg"": 2, ""data_unreliable"": false}, {""minute"": ""15:14"", ""mid"": 299.7, ""bid"": 299.4, ""risk"": ""EXTREME"", ""action"": ""BREAK_EXIT"", ""support"": ""CONTRADICTED"", ""n_neg"": 7, ""data_unreliable"": false}, {""minute"": ""15:15"", ""mid"": 315.85, ""bid"": 315.5, ""risk"": ""NORMAL"", ""action"": ""HOLD"", ""support"": ""NORMAL"", ""n_neg"": 1, ""data_unreliable"": false}, {""minute"": ""15:16"", ""mid"": 305.75, ""bid"": 305.4, ""risk"": ""HIGH"", ""action"": ""PREPARE_EXIT"", ""support"": ""NORMAL"", ""n_neg"": 3, ""data_unreliable"": false}, {""minute"": ""15:17"", ""mid"": 318.475, ""bid"": 318.0, ""risk"": ""NORMAL"", ""action"": ""HOLD"", ""support"": ""NORMAL"", ""n_neg"": 1, ""data_unreliable"": false}, {""minute"": ""15:18"", ""mid"": 308.95000000000005, ""bid"": 308.55, ""risk"": ""EXTREME"", ""action"": ""BREAK_EXIT"", ""support"": ""CONTRADICTED"", ""n_neg"": 4, ""data_unreliable"": false}, {""minute"": ""15:19"", ""mid"": 309.825, ""bid"": 309.4, ""risk"": ""EXTREME"", ""action"": ""BREAK_EXIT"", ""support"": ""CONTRADICTED"", ""n_neg"": 7, ""data_unreliable"": false}]"
SENSEX,2026-09-09,CLOSING_1515_1529,CE,74900.0,15:15,15:29,244.8,244.95,"[{""minute"": ""15:15"", ""mid"": 244.8, ""bid"": 244.65, ""risk"": ""EXTREME"", ""action"": ""BREAK_EXIT"", ""support"": ""CONTRADICTED"", ""n_neg"": 9, ""data_unreliable"": false}, {""minute"": ""15:16"", ""mid"": 253.275, ""bid"": 253.0, ""risk"": ""EXTREME"", ""action"": ""BREAK_EXIT"", ""support"": ""CONTRADICTED"", ""n_neg"": 7, ""data_unreliable"": false}, {""minute"": ""15:17"", ""mid"": 243.325, ""bid"": 243.05, ""risk"": ""EXTREME"", ""action"": ""BREAK_EXIT"", ""support"": ""CONTRADICTED"", ""n_neg"": 5, ""data_unreliable"": false}, {""minute"": ""15:18"", ""mid"": 256.1, ""bid"": 255.9, ""risk"": ""ELEVATED"", ""action"": ""CAUTION"", ""support"": ""NORMAL"", ""n_neg"": 1, ""data_unreliable"": false}, {""minute"": ""15:19"", ""mid"": 252.875, ""bid"": 252.5, ""risk"": ""ELEVATED"", ""action"": ""CAUTION"", ""support"": ""NORMAL"", ""n_neg"": 2, ""data_unreliable"": false}, {""minute"": ""15:20"", ""mid"": 237.8, ""bid"": 237.45, ""risk"": ""EXTREME"", ""action"": ""BREAK_EXIT"", ""support"": ""CONTRADICTED"", ""n_neg"": 8, ""data_unreliable"": false}, {""minute"": ""15:21"", ""mid"": 237.75, ""bid"": 237.4, ""risk"": ""EXTREME"", ""action"": ""BREAK_EXIT"", ""support"": ""CONTRADICTED"", ""n_neg"": 8, ""data_unreliable"": false}, {""minute"": ""15:22"", ""mid"": 237.77499999999998, ""bid"": 237.45, ""risk"": ""ELEVATED"", ""action"": ""CAUTION"", ""support"": ""WEAK"", ""n_neg"": 3, ""data_unreliable"": false}, {""minute"": ""15:23"", ""mid"": 216.52499999999998, ""bid"": 216.2, ""risk"": ""EXTREME"", ""action"": ""BREAK_EXIT"", ""support"": ""CONTRADICTED"", ""n_neg"": 8, ""data_unreliable"": false}, {""minute"": ""15:24"", ""mid"": 217.025, ""bid"": 216.75, ""risk"": ""EXTREME"", ""action"": ""BREAK_EXIT"", ""support"": ""CONTRADICTED"", ""n_neg"": 7, ""data_unreliable"": false}, {""minute"": ""15:25"", ""mid"": 217.025, ""bid"": 216.65, ""risk"": ""ELEVATED"", ""action"": ""CAUTION"", ""support"": ""WEAK"", ""n_neg"": 2, ""data_unreliable"": false}, {""minute"": ""15:26"", ""mid"": 217.35, ""bid"": 216.95, ""risk"": ""NORMAL"", ""action"": ""HOLD"", ""support"": ""NORMAL"", ""n_neg"": 1, ""data_unreliable"": false}, {""minute"": ""15:27"", ""mid"": 214.625, ""bid"": 214.4, ""risk"": ""HIGH"", ""action"": ""PREPARE_EXIT"", ""support"": ""CONTRADICTED"", ""n_neg"": 7, ""data_unreliable"": false}, {""minute"": ""15:28"", ""mid"": 205.95, ""bid"": 205.65, ""risk"": ""EXTREME"", ""action"": ""BREAK_EXIT"", ""support"": ""CONTRADICTED"", ""n_neg"": 9, ""data_unreliable"": false}, {""minute"": ""15:29"", ""mid"": 183.5, ""bid"": 183.15, ""risk"": ""EXTREME"", ""action"": ""BREAK_EXIT"", ""support"": ""CONTRADICTED"", ""n_neg"": 8, ""data_unreliable"": false}]"
SENSEX,2026-09-09,CLOSING_1515_1529,PE,74900.0,15:15,15:29,206.95,207.15,"[{""minute"": ""15:15"", ""mid"": 206.95, ""bid"": 206.75, ""risk"": ""LOW"", ""action"": ""HOLD"", ""support"": ""STRONG"", ""n_neg"": 0, ""data_unreliable"": false}, {""minute"": ""15:16"", ""mid"": 198.375, ""bid"": 198.1, ""risk"": ""ELEVATED"", ""action"": ""CAUTION"", ""support"": ""NORMAL"", ""n_neg"": 2, ""data_unreliable"": false}, {""minute"": ""15:17"", ""mid"": 208.675, ""bid"": 208.45, ""risk"": ""NORMAL"", ""action"": ""HOLD"", ""support"": ""NORMAL"", ""n_neg"": 0, ""data_unreliable"": false}, {""minute"": ""15:18"", ""mid"": 202.225, ""bid"": 201.95, ""risk"": ""HIGH"", ""action"": ""PREPARE_EXIT"", ""support"": ""CONTRADICTED"", ""n_neg"": 3, ""data_unreliable"": false}, {""minute"": ""15:19"", ""mid"": 202.825, ""bid"": 202.55, ""risk"": ""HIGH"", ""action"": ""PREPARE_EXIT"", ""support"": ""CONTRADICTED"", ""n_neg"": 4, ""data_unreliable"": false}, {""minute"": ""15:20"", ""mid"": 216.375, ""bid"": 216.15, ""risk"": ""NORMAL"", ""action"": ""HOLD"", ""support"": ""STRONG"", ""n_neg"": 0, ""data_unreliable"": false}, {""minute"": ""15:21"", ""mid"": 209.375, ""bid"": 209.1, ""risk"": ""ELEVATED"", ""action"": ""CAUTION"", ""support"": ""NORMAL"", ""n_neg"": 1, ""data_unreliable"": false}, {""minute"": ""15:22"", ""mid"": 209.4, ""bid"": 209.15, ""risk"": ""HIGH"", ""action"": ""PREPARE_EXIT"", ""support"": ""CONTRADICTED"", ""n_neg"": 3, ""data_unreliable"": false}, {""minute"": ""15:23"", ""mid"": 228.10000000000002, ""bid"": 227.8, ""risk"": ""NORMAL"", ""action"": ""HOLD"", ""support"": ""STRONG"", ""n_neg"": 0, ""data_unreliable"": false}, {""minute"": ""15:24"", ""mid"": 230.65, ""bid"": 230.25, ""risk"": ""NORMAL"", ""action"": ""HOLD"", ""support"": ""NORMAL"", ""n_neg"": 1, ""data_unreliable"": false}, {""minute"": ""15:25"", ""mid"": 229.35, ""bid"": 229.0, ""risk"": ""ELEVATED"", ""action"": ""CAUTION"", ""support"": ""WEAK"", ""n_neg"": 2, ""data_unreliable"": false}, {""minute"": ""15:26"", ""mid"": 229.85, ""bid"": 229.75, ""risk"": ""ELEVATED"", ""action"": ""CAUTION"", ""support"": ""WEAK"", ""n_neg"": 2, ""data_unreliable"": false}, {""minute"": ""15:27"", ""mid"": 227.52499999999998, ""bid"": 227.2, ""risk"": ""HIGH"", ""action"": ""PREPARE_EXIT"", ""support"": ""CONTRADICTED"", ""n_neg"": 4, ""data_unreliable"": false}, {""minute"": ""15:28"", ""mid"": 234.97500000000002, ""bid"": 234.65, ""risk"": ""NORMAL"", ""action"": ""HOLD"", ""support"": ""STRONG"", ""n_neg"": 0, ""data_unreliable"": false}, {""minute"": ""15:29"", ""mid"": 267.625, ""bid"": 267.15, ""risk"": ""NORMAL"", ""action"": ""HOLD"", ""support"": ""NORMAL"", ""n_neg"": 1, ""data_unreliable"": false}]"
NIFTY,2026-09-10,11D_SHAPED_1500_1519,CE,23450.0,15:00,15:19,97.65,97.8,"[{""minute"": ""15:00"", ""mid"": 97.65, ""bid"": 97.5, ""risk"": ""EXTREME"", ""action"": ""BREAK_EXIT"", ""support"": ""CONTRADICTED"", ""n_neg"": 6, ""data_unreliable"": false}, {""minute"": ""15:01"", ""mid"": 92.175, ""bid"": 92.05, ""risk"": ""EXTREME"", ""action"": ""BREAK_EXIT"", ""support"": ""CONTRADICTED"", ""n_neg"": 6, ""data_unreliable"": false}, {""minute"": ""15:02"", ""mid"": 92.675, ""bid"": 92.55, ""risk"": ""EXTREME"", ""action"": ""BREAK_EXIT"", ""support"": ""CONTRADICTED"", ""n_neg"": 5, ""data_unreliable"": false}, {""minute"": ""15:03"", ""mid"": 91.55000000000001, ""bid"": 91.45, ""risk"": ""EXTREME"", ""action"": ""BREAK_EXIT"", ""support"": ""CONTRADICTED"", ""n_neg"": 6, ""data_unreliable"": false}, {""minute"": ""15:04"", ""mid"": 93.15, ""bid"": 93.05, ""risk"": ""NORMAL"", ""action"": ""HOLD"", ""support"": ""NORMAL"", ""n_neg"": 0, ""data_unreliable"": false}, {""minute"": ""15:05"", ""mid"": 93.19999999999999, ""bid"": 93.1, ""risk"": ""LOW"", ""action"": ""HOLD"", ""support"": ""STRONG"", ""n_neg"": 0, ""data_unreliable"": false}, {""minute"": ""15:06"", ""mid"": 91.375, ""bid"": 91.3, ""risk"": ""HIGH"", ""action"": ""PREPARE_EXIT"", ""support"": ""CONTRADICTED"", ""n_neg"": 5, ""data_unreliable"": false}, {""minute"": ""15:07"", ""mid"": 93.525, ""bid"": 93.5, ""risk"": ""NORMAL"", ""action"": ""HOLD"", ""support"": ""NORMAL"", ""n_neg"": 0, ""data_unreliable"": false}, {""minute"": ""15:08"", ""mid"": 92.65, ""bid"": 92.55, ""risk"": ""ELEVATED"", ""action"": ""CAUTION"", ""support"": ""NORMAL"", ""n_neg"": 2, ""data_unreliable"": false}, {""minute"": ""15:09"", ""mid"": 92.80000000000001, ""bid"": 92.7, ""risk"": ""NORMAL"", ""action"": ""HOLD"", ""support"": ""NORMAL"", ""n_neg"": 1, ""data_unreliable"": false}, {""minute"": ""15:10"", ""mid"": 93.125, ""bid"": 93.05, ""risk"": ""NORMAL"", ""action"": ""HOLD"", ""support"": ""NORMAL"", ""n_neg"": 0, ""data_unreliable"": false}, {""minute"": ""15:11"", ""mid"": 94.375, ""bid"": 94.25, ""risk"": ""LOW"", ""action"": ""HOLD"", ""support"": ""STRONG"", ""n_neg"": 0, ""data_unreliable"": false}, {""minute"": ""15:12"", ""mid"": 91.8, ""bid"": 91.75, ""risk"": ""HIGH"", ""action"": ""PREPARE_EXIT"", ""support"": ""CONTRADICTED"", ""n_neg"": 5, ""data_unreliable"": false}, {""minute"": ""15:13"", ""mid"": 92.525, ""bid"": 92.45, ""risk"": ""EXTREME"", ""action"": ""BREAK_EXIT"", ""support"": ""CONTRADICTED"", ""n_neg"": 5, ""data_unreliable"": false}, {""minute"": ""15:14"", ""mid"": 91.575, ""bid"": 91.45, ""risk"": ""HIGH"", ""action"": ""PREPARE_EXIT"", ""support"": ""CONTRADICTED"", ""n_neg"": 3, ""data_unreliable"": false}, {""minute"": ""15:15"", ""mid"": 91.075, ""bid"": 90.95, ""risk"": ""HIGH"", ""action"": ""PREPARE_EXIT"", ""support"": ""CONTRADICTED"", ""n_neg"": 4, ""data_unreliable"": false}, {""minute"": ""15:16"", ""mid"": 94.575, ""bid"": 94.5, ""risk"": ""NORMAL"", ""action"": ""HOLD"", ""support"": ""STRONG"", ""n_neg"": 0, ""data_unreliable"": false}, {""minute"": ""15:17"", ""mid"": 92.475, ""bid"": 92.45, ""risk"": ""ELEVATED"", ""action"": ""CAUTION"", ""support"": ""NORMAL"", ""n_neg"": 1, ""data_unreliable"": false}, {""minute"": ""15:18"", ""mid"": 91.825, ""bid"": 91.7, ""risk"": ""EXTREME"", ""action"": ""BREAK_EXIT"", ""support"": ""CONTRADICTED"", ""n_neg"": 5, ""data_unreliable"": false}, {""minute"": ""15:19"", ""mid"": 91.4, ""bid"": 91.35, ""risk"": ""EXTREME"", ""action"": ""BREAK_EXIT"", ""support"": ""CONTRADICTED"", ""n_neg"": 5, ""data_unreliable"": false}]"
NIFTY,2026-09-10,11D_SHAPED_1500_1519,PE,23450.0,15:00,15:19,110.1,110.25,"[{""minute"": ""15:00"", ""mid"": 110.1, ""bid"": 109.95, ""risk"": ""LOW"", ""action"": ""HOLD"", ""support"": ""STRONG"", ""n_neg"": 0, ""data_unreliable"": false}, {""minute"": ""15:01"", ""mid"": 115.6, ""bid"": 115.45, ""risk"": ""LOW"", ""action"": ""HOLD"", ""support"": ""STRONG"", ""n_neg"": 0, ""data_unreliable"": false}, {""minute"": ""15:02"", ""mid"": 116.9, ""bid"": 116.75, ""risk"": ""LOW"", ""action"": ""HOLD"", ""support"": ""STRONG"", ""n_neg"": 0, ""data_unreliable"": false}, {""minute"": ""15:03"", ""mid"": 117.525, ""bid"": 117.35, ""risk"": ""LOW"", ""action"": ""HOLD"", ""support"": ""STRONG"", ""n_neg"": 0, ""data_unreliable"": false}, {""minute"": ""15:04"", ""mid"": 115.825, ""bid"": 115.75, ""risk"": ""HIGH"", ""action"": ""PREPARE_EXIT"", ""support"": ""CONTRADICTED"", ""n_neg"": 3, ""data_unreliable"": false}, {""minute"": ""15:05"", ""mid"": 116.225, ""bid"": 116.1, ""risk"": ""EXTREME"", ""action"": ""BREAK_EXIT"", ""support"": ""CONTRADICTED"", ""n_neg"": 6, ""data_unreliable"": false}, {""minute"": ""15:06"", ""mid"": 118.675, ""bid"": 118.5, ""risk"": ""LOW"", ""action"": ""HOLD"", ""support"": ""STRONG"", ""n_neg"": 0, ""data_unreliable"": false}, {""minute"": ""15:07"", ""mid"": 114.725, ""bid"": 114.6, ""risk"": ""EXTREME"", ""action"": ""BREAK_EXIT"", ""support"": ""CONTRADICTED"", ""n_neg"": 5, ""data_unreliable"": false}, {""minute"": ""15:08"", ""mid"": 115.425, ""bid"": 115.3, ""risk"": ""EXTREME"", ""action"": ""BREAK_EXIT"", ""support"": ""CONTRADICTED"", ""n_neg"": 6, ""data_unreliable"": false}, {""minute"": ""15:09"", ""mid"": 115.0, ""bid"": 114.9, ""risk"": ""ELEVATED"", ""action"": ""CAUTION"", ""support"": ""WEAK"", ""n_neg"": 2, ""data_unreliable"": false}, {""minute"": ""15:10"", ""mid"": 115.85, ""bid"": 115.75, ""risk"": ""NORMAL"", ""action"": ""HOLD"", ""support"": ""NORMAL"", ""n_neg"": 0, ""data_unreliable"": false}, {""minute"": ""15:11"", ""mid"": 115.25, ""bid"": 115.2, ""risk"": ""HIGH"", ""action"": ""PREPARE_EXIT"", ""support"": ""CONTRADICTED"", ""n_neg"": 4, ""data_unreliable"": false}, {""minute"": ""15:12"", ""mid"": 118.325, ""bid"": 118.2, ""risk"": ""LOW"", ""action"": ""HOLD"", ""support"": ""STRONG"", ""n_neg"": 0, ""data_unreliable"": false}, {""minute"": ""15:13"", ""mid"": 115.25, ""bid"": 115.1, ""risk"": ""HIGH"", ""action"": ""PREPARE_EXIT"", ""support"": ""CONTRADICTED"", ""n_neg"": 3, ""data_unreliable"": false}, {""minute"": ""15:14"", ""mid"": 117.675, ""bid"": 117.6, ""risk"": ""NORMAL"", ""action"": ""HOLD"", ""support"": ""NORMAL"", ""n_neg"": 1, ""data_unreliable"": false}, {""minute"": ""15:15"", ""mid"": 116.425, ""bid"": 116.35, ""risk"": ""ELEVATED"", ""action"": ""CAUTION"", ""support"": ""NORMAL"", ""n_neg"": 2, ""data_unreliable"": false}, {""minute"": ""15:16"", ""mid"": 111.225, ""bid"": 111.1, ""risk"": ""EXTREME"", ""action"": ""BREAK_EXIT"", ""support"": ""CONTRADICTED"", ""n_neg"": 8, ""data_unreliable"": false}, {""minute"": ""15:17"", ""mid"": 115.30000000000001, ""bid"": 115.2, ""risk"": ""HIGH"", ""action"": ""PREPARE_EXIT"", ""support"": ""CONTRADICTED"", ""n_neg"": 4, ""data_unreliable"": false}, {""minute"": ""15:18"", ""mid"": 116.9, ""bid"": 116.75, ""risk"": ""NORMAL"", ""action"": ""HOLD"", ""support"": ""STRONG"", ""n_neg"": 0, ""data_unreliable"": false}, {""minute"": ""15:19"", ""mid"": 116.9, ""bid"": 116.75, ""risk"": ""NORMAL"", ""action"": ""HOLD"", ""support"": ""STRONG"", ""n_neg"": 0, ""data_unreliable"": false}]"
NIFTY,2026-09-10,CLOSING_1515_1529,CE,23400.0,15:15,15:29,116.4,116.5,"[{""minute"": ""15:15"", ""mid"": 116.4, ""bid"": 116.3, ""risk"": ""HIGH"", ""action"": ""PREPARE_EXIT"", ""support"": ""CONTRADICTED"", ""n_neg"": 4, ""data_unreliable"": false}, {""minute"": ""15:16"", ""mid"": 120.55000000000001, ""bid"": 120.45, ""risk"": ""NORMAL"", ""action"": ""HOLD"", ""support"": ""STRONG"", ""n_neg"": 0, ""data_unreliable"": false}, {""minute"": ""15:17"", ""mid"": 118.25, ""bid"": 118.1, ""risk"": ""ELEVATED"", ""action"": ""CAUTION"", ""support"": ""NORMAL"", ""n_neg"": 1, ""data_unreliable"": false}, {""minute"": ""15:18"", ""mid"": 117.55000000000001, ""bid"": 117.4, ""risk"": ""EXTREME"", ""action"": ""BREAK_EXIT"", ""support"": ""CONTRADICTED"", ""n_neg"": 5, ""data_unreliable"": false}, {""minute"": ""15:19"", ""mid"": 116.925, ""bid"": 116.85, ""risk"": ""EXTREME"", ""action"": ""BREAK_EXIT"", ""support"": ""CONTRADICTED"", ""n_neg"": 5, ""data_unreliable"": false}, {""minute"": ""15:20"", ""mid"": 122.19999999999999, ""bid"": 122.1, ""risk"": ""NORMAL"", ""action"": ""HOLD"", ""support"": ""STRONG"", ""n_neg"": 0, ""data_unreliable"": false}, {""minute"": ""15:21"", ""mid"": 125.225, ""bid"": 125.05, ""risk"": ""NORMAL"", ""action"": ""HOLD"", ""support"": ""NORMAL"", ""n_neg"": 1, ""data_unreliable"": false}, {""minute"": ""15:22"", ""mid"": 121.55000000000001, ""bid"": 121.4, ""risk"": ""ELEVATED"", ""action"": ""CAUTION"", ""support"": ""WEAK"", ""n_neg"": 2, ""data_unreliable"": false}, {""minute"": ""15:23"", ""mid"": 127.075, ""bid"": 126.9, ""risk"": ""NORMAL"", ""action"": ""HOLD"", ""support"": ""NORMAL"", ""n_neg"": 1, ""data_unreliable"": false}, {""minute"": ""15:24"", ""mid"": 128.125, ""bid"": 128.0, ""risk"": ""NORMAL"", ""action"": ""HOLD"", ""support"": ""STRONG"", ""n_neg"": 0, ""data_unreliable"": false}, {""minute"": ""15:25"", ""mid"": 126.85, ""bid"": 126.75, ""risk"": ""ELEVATED"", ""action"": ""CAUTION"", ""support"": ""WEAK"", ""n_neg"": 3, ""data_unreliable"": false}, {""minute"": ""15:26"", ""mid"": 125.5, ""bid"": 125.4, ""risk"": ""HIGH"", ""action"": ""PREPARE_EXIT"", ""support"": ""CONTRADICTED"", ""n_neg"": 4, ""data_unreliable"": false}, {""minute"": ""15:27"", ""mid"": 127.275, ""bid"": 127.1, ""risk"": ""ELEVATED"", ""action"": ""CAUTION"", ""support"": ""WEAK"", ""n_neg"": 2, ""data_unreliable"": false}, {""minute"": ""15:28"", ""mid"": 126.825, ""bid"": 126.65, ""risk"": ""ELEVATED"", ""action"": ""CAUTION"", ""support"": ""WEAK"", ""n_neg"": 2, ""data_unreliable"": false}, {""minute"": ""15:29"", ""mid"": 130.39999999999998, ""bid"": 130.2, ""risk"": ""NORMAL"", ""action"": ""HOLD"", ""support"": ""NORMAL"", ""n_neg"": 1, ""data_unreliable"": false}]"
NIFTY,2026-09-10,CLOSING_1515_1529,PE,23400.0,15:15,15:29,92.875,92.95,"[{""minute"": ""15:15"", ""mid"": 92.875, ""bid"": 92.8, ""risk"": ""ELEVATED"", ""action"": ""CAUTION"", ""support"": ""NORMAL"", ""n_neg"": 2, ""data_unreliable"": false}, {""minute"": ""15:16"", ""mid"": 88.65, ""bid"": 88.55, ""risk"": ""EXTREME"", ""action"": ""BREAK_EXIT"", ""support"": ""CONTRADICTED"", ""n_neg"": 8, ""data_unreliable"": false}, {""minute"": ""15:17"", ""mid"": 92.1, ""bid"": 91.95, ""risk"": ""HIGH"", ""action"": ""PREPARE_EXIT"", ""support"": ""CONTRADICTED"", ""n_neg"": 4, ""data_unreliable"": false}, {""minute"": ""15:18"", ""mid"": 93.175, ""bid"": 93.05, ""risk"": ""NORMAL"", ""action"": ""HOLD"", ""support"": ""NORMAL"", ""n_neg"": 1, ""data_unreliable"": false}, {""minute"": ""15:19"", ""mid"": 92.9, ""bid"": 92.8, ""risk"": ""ELEVATED"", ""action"": ""CAUTION"", ""support"": ""NORMAL"", ""n_neg"": 1, ""data_unreliable"": false}, {""minute"": ""15:20"", ""mid"": 85.1, ""bid"": 85.0, ""risk"": ""EXTREME"", ""action"": ""BREAK_EXIT"", ""support"": ""CONTRADICTED"", ""n_neg"": 8, ""data_unreliable"": false}, {""minute"": ""15:21"", ""mid"": 81.475, ""bid"": 81.35, ""risk"": ""EXTREME"", ""action"": ""BREAK_EXIT"", ""support"": ""CONTRADICTED"", ""n_neg"": 9, ""data_unreliable"": false}, {""minute"": ""15:22"", ""mid"": 85.125, ""bid"": 85.05, ""risk"": ""NORMAL"", ""action"": ""HOLD"", ""support"": ""NORMAL"", ""n_neg"": 1, ""data_unreliable"": false}, {""minute"": ""15:23"", ""mid"": 79.15, ""bid"": 79.05, ""risk"": ""EXTREME"", ""action"": ""BREAK_EXIT"", ""support"": ""CONTRADICTED"", ""n_neg"": 6, ""data_unreliable"": false}, {""minute"": ""15:24"", ""mid"": 81.4, ""bid"": 81.3, ""risk"": ""HIGH"", ""action"": ""PREPARE_EXIT"", ""support"": ""CONTRADICTED"", ""n_neg"": 4, ""data_unreliable"": false}, {""minute"": ""15:25"", ""mid"": 81.1, ""bid"": 81.05, ""risk"": ""ELEVATED"", ""action"": ""CAUTION"", ""support"": ""NORMAL"", ""n_neg"": 2, ""data_unreliable"": false}, {""minute"": ""15:26"", ""mid"": 80.44999999999999, ""bid"": 80.35, ""risk"": ""HIGH"", ""action"": ""PREPARE_EXIT"", ""support"": ""CONTRADICTED"", ""n_neg"": 4, ""data_unreliable"": false}, {""minute"": ""15:27"", ""mid"": 80.65, ""bid"": 80.6, ""risk"": ""ELEVATED"", ""action"": ""CAUTION"", ""support"": ""WEAK"", ""n_neg"": 3, ""data_unreliable"": false}, {""minute"": ""15:28"", ""mid"": 80.725, ""bid"": 80.6, ""risk"": ""ELEVATED"", ""action"": ""CAUTION"", ""support"": ""WEAK"", ""n_neg"": 2, ""data_unreliable"": false}, {""minute"": ""15:29"", ""mid"": 78.125, ""bid"": 78.05, ""risk"": ""EXTREME"", ""action"": ""BREAK_EXIT"", ""support"": ""CONTRADICTED"", ""n_neg"": 6, ""data_unreliable"": false}]"
SENSEX,2026-09-10,11D_SHAPED_1500_1519,CE,74600.0,15:00,15:19,165.45,165.7,"[{""minute"": ""15:00"", ""mid"": 165.45, ""bid"": 165.2, ""risk"": ""EXTREME"", ""action"": ""BREAK_EXIT"", ""support"": ""CONTRADICTED"", ""n_neg"": 7, ""data_unreliable"": false}, {""minute"": ""15:01"", ""mid"": 132.675, ""bid"": 132.5, ""risk"": ""EXTREME"", ""action"": ""BREAK_EXIT"", ""support"": ""CONTRADICTED"", ""n_neg"": 8, ""data_unreliable"": false}, {""minute"": ""15:02"", ""mid"": 134.95, ""bid"": 134.8, ""risk"": ""EXTREME"", ""action"": ""BREAK_EXIT"", ""support"": ""CONTRADICTED"", ""n_neg"": 7, ""data_unreliable"": false}, {""minute"": ""15:03"", ""mid"": 135.65, ""bid"": 135.5, ""risk"": ""NORMAL"", ""action"": ""HOLD"", ""support"": ""NORMAL"", ""n_neg"": 1, ""data_unreliable"": false}, {""minute"": ""15:04"", ""mid"": 138.27499999999998, ""bid"": 138.1, ""risk"": ""LOW"", ""action"": ""HOLD"", ""support"": ""STRONG"", ""n_neg"": 0, ""data_unreliable"": false}, {""minute"": ""15:05"", ""mid"": 137.575, ""bid"": 137.4, ""risk"": ""ELEVATED"", ""action"": ""CAUTION"", ""support"": ""NORMAL"", ""n_neg"": 1, ""data_unreliable"": false}, {""minute"": ""15:06"", ""mid"": 123.30000000000001, ""bid"": 123.15, ""risk"": ""EXTREME"", ""action"": ""BREAK_EXIT"", ""support"": ""CONTRADICTED"", ""n_neg"": 7, ""data_unreliable"": false}, {""minute"": ""15:07"", ""mid"": 119.425, ""bid"": 119.25, ""risk"": ""EXTREME"", ""action"": ""BREAK_EXIT"", ""support"": ""CONTRADICTED"", ""n_neg"": 6, ""data_unreliable"": false}, {""minute"": ""15:08"", ""mid"": 119.475, ""bid"": 119.3, ""risk"": ""HIGH"", ""action"": ""PREPARE_EXIT"", ""support"": ""CONTRADICTED"", ""n_neg"": 4, ""data_unreliable"": false}, {""minute"": ""15:09"", ""mid"": 124.80000000000001, ""bid"": 124.7, ""risk"": ""ELEVATED"", ""action"": ""CAUTION"", ""support"": ""NORMAL"", ""n_neg"": 2, ""data_unreliable"": false}, {""minute"": ""15:10"", ""mid"": 117.275, ""bid"": 117.1, ""risk"": ""EXTREME"", ""action"": ""BREAK_EXIT"", ""support"": ""CONTRADICTED"", ""n_neg"": 7, ""data_unreliable"": false}, {""minute"": ""15:11"", ""mid"": 118.025, ""bid"": 117.85, ""risk"": ""EXTREME"", ""action"": ""BREAK_EXIT"", ""support"": ""CONTRADICTED"", ""n_neg"": 5, ""data_unreliable"": false}, {""minute"": ""15:12"", ""mid"": 102.94999999999999, ""bid"": 102.8, ""risk"": ""EXTREME"", ""action"": ""BREAK_EXIT"", ""support"": ""CONTRADICTED"", ""n_neg"": 6, ""data_unreliable"": false}, {""minute"": ""15:13"", ""mid"": 122.6, ""bid"": 122.4, ""risk"": ""ELEVATED"", ""action"": ""CAUTION"", ""support"": ""NORMAL"", ""n_neg"": 3, ""data_unreliable"": false}, {""minute"": ""15:14"", ""mid"": 125.69999999999999, ""bid"": 125.55, ""risk"": ""LOW"", ""action"": ""HOLD"", ""support"": ""STRONG"", ""n_neg"": 0, ""data_unreliable"": false}, {""minute"": ""15:15"", ""mid"": 108.375, ""bid"": 108.2, ""risk"": ""HIGH"", ""action"": ""PREPARE_EXIT"", ""support"": ""CONTRADICTED"", ""n_neg"": 5, ""data_unreliable"": false}, {""minute"": ""15:16"", ""mid"": 116.675, ""bid"": 116.55, ""risk"": ""EXTREME"", ""action"": ""BREAK_EXIT"", ""support"": ""CONTRADICTED"", ""n_neg"": 6, ""data_unreliable"": false}, {""minute"": ""15:17"", ""mid"": 139.3, ""bid"": 139.1, ""risk"": ""NORMAL"", ""action"": ""HOLD"", ""support"": ""STRONG"", ""n_neg"": 0, ""data_unreliable"": false}, {""minute"": ""15:18"", ""mid"": 111.8, ""bid"": 111.5, ""risk"": ""HIGH"", ""action"": ""PREPARE_EXIT"", ""support"": ""NORMAL"", ""n_neg"": 5, ""data_unreliable"": false}, {""minute"": ""15:19"", ""mid"": 120.875, ""bid"": 120.7, ""risk"": ""HIGH"", ""action"": ""PREPARE_EXIT"", ""support"": ""CONTRADICTED"", ""n_neg"": 4, ""data_unreliable"": false}]"
SENSEX,2026-09-10,11D_SHAPED_1500_1519,PE,74600.0,15:00,15:19,129.175,129.3,"[{""minute"": ""15:00"", ""mid"": 129.175, ""bid"": 129.05, ""risk"": ""LOW"", ""action"": ""HOLD"", ""support"": ""STRONG"", ""n_neg"": 0, ""data_unreliable"": false}, {""minute"": ""15:01"", ""mid"": 143.2, ""bid"": 143.05, ""risk"": ""LOW"", ""action"": ""HOLD"", ""support"": ""STRONG"", ""n_neg"": 0, ""data_unreliable"": false}, {""minute"": ""15:02"", ""mid"": 144.8, ""bid"": 144.7, ""risk"": ""LOW"", ""action"": ""HOLD"", ""support"": ""STRONG"", ""n_neg"": 0, ""data_unreliable"": false}, {""minute"": ""15:03"", ""mid"": 143.275, ""bid"": 143.15, ""risk"": ""ELEVATED"", ""action"": ""CAUTION"", ""support"": ""WEAK"", ""n_neg"": 3, ""data_unreliable"": false}, {""minute"": ""15:04"", ""mid"": 138.14999999999998, ""bid"": 137.95, ""risk"": ""EXTREME"", ""action"": ""BREAK_EXIT"", ""support"": ""CONTRADICTED"", ""n_neg"": 8, ""data_unreliable"": false}, {""minute"": ""15:05"", ""mid"": 141.3, ""bid"": 141.1, ""risk"": ""EXTREME"", ""action"": ""BREAK_EXIT"", ""support"": ""CONTRADICTED"", ""n_neg"": 6, ""data_unreliable"": false}, {""minute"": ""15:06"", ""mid"": 150.35000000000002, ""bid"": 150.15, ""risk"": ""LOW"", ""action"": ""HOLD"", ""support"": ""STRONG"", ""n_neg"": 0, ""data_unreliable"": false}, {""minute"": ""15:07"", ""mid"": 141.425, ""bid"": 141.1, ""risk"": ""ELEVATED"", ""action"": ""CAUTION"", ""support"": ""NORMAL"", ""n_neg"": 2, ""data_unreliable"": false}, {""minute"": ""15:08"", ""mid"": 156.075, ""bid"": 155.85, ""risk"": ""LOW"", ""action"": ""HOLD"", ""support"": ""STRONG"", ""n_neg"": 0, ""data_unreliable"": false}, {""minute"": ""15:09"", ""mid"": 155.55, ""bid"": 155.35, ""risk"": ""ELEVATED"", ""action"": ""CAUTION"", ""support"": ""NORMAL"", ""n_neg"": 2, ""data_unreliable"": false}, {""minute"": ""15:10"", ""mid"": 157.2, ""bid"": 157.0, ""risk"": ""LOW"", ""action"": ""HOLD"", ""support"": ""STRONG"", ""n_neg"": 0, ""data_unreliable"": false}, {""minute"": ""15:11"", ""mid"": 156.175, ""bid"": 156.05, ""risk"": ""ELEVATED"", ""action"": ""CAUTION"", ""support"": ""NORMAL"", ""n_neg"": 1, ""data_unreliable"": false}, {""minute"": ""15:12"", ""mid"": 184.05, ""bid"": 183.75, ""risk"": ""NORMAL"", ""action"": ""HOLD"", ""support"": ""NORMAL"", ""n_neg"": 1, ""data_unreliable"": false}, {""minute"": ""15:13"", ""mid"": 165.5, ""bid"": 165.3, ""risk"": ""HIGH"", ""action"": ""PREPARE_EXIT"", ""support"": ""NORMAL"", ""n_neg"": 3, ""data_unreliable"": false}, {""minute"": ""15:14"", ""mid"": 170.975, ""bid"": 170.85, ""risk"": ""HIGH"", ""action"": ""PREPARE_EXIT"", ""support"": ""CONTRADICTED"", ""n_neg"": 4, ""data_unreliable"": false}, {""minute"": ""15:15"", ""mid"": 191.14999999999998, ""bid"": 190.85, ""risk"": ""NORMAL"", ""action"": ""HOLD"", ""support"": ""NORMAL"", ""n_neg"": 1, ""data_unreliable"": false}, {""minute"": ""15:16"", ""mid"": 182.425, ""bid"": 182.1, ""risk"": ""ELEVATED"", ""action"": ""CAUTION"", ""support"": ""NORMAL"", ""n_neg"": 2, ""data_unreliable"": false}, {""minute"": ""15:17"", ""mid"": 130.325, ""bid"": 130.05, ""risk"": ""EXTREME"", ""action"": ""BREAK_EXIT"", ""support"": ""CONTRADICTED"", ""n_neg"": 10, ""data_unreliable"": false}, {""minute"": ""15:18"", ""mid"": 165.175, ""bid"": 164.6, ""risk"": ""EXTREME"", ""action"": ""BREAK_EXIT"", ""support"": ""CONTRADICTED"", ""n_neg"": 7, ""data_unreliable"": false}, {""minute"": ""15:19"", ""mid"": 163.575, ""bid"": 163.35, ""risk"": ""ELEVATED"", ""action"": ""CAUTION"", ""support"": ""NORMAL"", ""n_neg"": 2, ""data_unreliable"": false}]"
SENSEX,2026-09-10,CLOSING_1515_1529,CE,74500.0,15:15,15:29,157.55,157.8,"[{""minute"": ""15:15"", ""mid"": 157.55, ""bid"": 157.3, ""risk"": ""HIGH"", ""action"": ""PREPARE_EXIT"", ""support"": ""CONTRADICTED"", ""n_neg"": 5, ""data_unreliable"": false}, {""minute"": ""15:16"", ""mid"": 165.575, ""bid"": 165.4, ""risk"": ""EXTREME"", ""action"": ""BREAK_EXIT"", ""support"": ""CONTRADICTED"", ""n_neg"": 6, ""data_unreliable"": false}, {""minute"": ""15:17"", ""mid"": 202.575, ""bid"": 201.85, ""risk"": ""NORMAL"", ""action"": ""HOLD"", ""support"": ""NORMAL"", ""n_neg"": 1, ""data_unreliable"": false}, {""minute"": ""15:18"", ""mid"": 164.97500000000002, ""bid"": 164.4, ""risk"": ""HIGH"", ""action"": ""PREPARE_EXIT"", ""support"": ""NORMAL"", ""n_neg"": 3, ""data_unreliable"": false}, {""minute"": ""15:19"", ""mid"": 175.225, ""bid"": 174.7, ""risk"": ""EXTREME"", ""action"": ""BREAK_EXIT"", ""support"": ""CONTRADICTED"", ""n_neg"": 6, ""data_unreliable"": false}, {""minute"": ""15:20"", ""mid"": 334.3, ""bid"": 333.35, ""risk"": ""NORMAL"", ""action"": ""HOLD"", ""support"": ""NORMAL"", ""n_neg"": 1, ""data_unreliable"": false}, {""minute"": ""15:21"", ""mid"": 505.9, ""bid"": 505.25, ""risk"": ""NORMAL"", ""action"": ""HOLD"", ""support"": ""STRONG"", ""n_neg"": 0, ""data_unreliable"": false}, {""minute"": ""15:22"", ""mid"": 209.72500000000002, ""bid"": 209.15, ""risk"": ""EXTREME"", ""action"": ""BREAK_EXIT"", ""support"": ""CONTRADICTED"", ""n_neg"": 9, ""data_unreliable"": false}, {""minute"": ""15:23"", ""mid"": 466.525, ""bid"": 465.7, ""risk"": ""HIGH"", ""action"": ""PREPARE_EXIT"", ""support"": ""NORMAL"", ""n_neg"": 4, ""data_unreliable"": false}, {""minute"": ""15:24"", ""mid"": 434.6, ""bid"": 433.65, ""risk"": ""ELEVATED"", ""action"": ""CAUTION"", ""support"": ""NORMAL"", ""n_neg"": 2, ""data_unreliable"": false}, {""minute"": ""15:25"", ""mid"": 453.725, ""bid"": 452.65, ""risk"": ""HIGH"", ""action"": ""PREPARE_EXIT"", ""support"": ""NORMAL"", ""n_neg"": 4, ""data_unreliable"": false}, {""minute"": ""15:26"", ""mid"": 384.92499999999995, ""bid"": 384.45, ""risk"": ""HIGH"", ""action"": ""PREPARE_EXIT"", ""support"": ""CONTRADICTED"", ""n_neg"": 7, ""data_unreliable"": false}, {""minute"": ""15:27"", ""mid"": 481.775, ""bid"": 480.55, ""risk"": ""NORMAL"", ""action"": ""HOLD"", ""support"": ""NORMAL"", ""n_neg"": 1, ""data_unreliable"": false}, {""minute"": ""15:28"", ""mid"": 528.75, ""bid"": 527.05, ""risk"": ""NORMAL"", ""action"": ""HOLD"", ""support"": ""NORMAL"", ""n_neg"": 1, ""data_unreliable"": false}, {""minute"": ""15:29"", ""mid"": 407.225, ""bid"": 406.55, ""risk"": ""HIGH"", ""action"": ""PREPARE_EXIT"", ""support"": ""NORMAL"", ""n_neg"": 5, ""data_unreliable"": false}]"
SENSEX,2026-09-10,CLOSING_1515_1529,PE,74500.0,15:15,15:29,143.7,143.95,"[{""minute"": ""15:15"", ""mid"": 143.7, ""bid"": 143.45, ""risk"": ""LOW"", ""action"": ""HOLD"", ""support"": ""STRONG"", ""n_neg"": 0, ""data_unreliable"": false}, {""minute"": ""15:16"", ""mid"": 135.675, ""bid"": 135.45, ""risk"": ""ELEVATED"", ""action"": ""CAUTION"", ""support"": ""NORMAL"", ""n_neg"": 1, ""data_unreliable"": false}, {""minute"": ""15:17"", ""mid"": 93.625, ""bid"": 93.4, ""risk"": ""EXTREME"", ""action"": ""BREAK_EXIT"", ""support"": ""CONTRADICTED"", ""n_neg"": 8, ""data_unreliable"": false}, {""minute"": ""15:18"", ""mid"": 124.75, ""bid"": 124.5, ""risk"": ""EXTREME"", ""action"": ""BREAK_EXIT"", ""support"": ""CONTRADICTED"", ""n_neg"": 6, ""data_unreliable"": false}, {""minute"": ""15:19"", ""mid"": 120.225, ""bid"": 120.0, ""risk"": ""ELEVATED"", ""action"": ""CAUTION"", ""support"": ""NORMAL"", ""n_neg"": 2, ""data_unreliable"": false}, {""minute"": ""15:20"", ""mid"": 45.4, ""bid"": 45.3, ""risk"": ""EXTREME"", ""action"": ""BREAK_EXIT"", ""support"": ""CONTRADICTED"", ""n_neg"": 7, ""data_unreliable"": false}, {""minute"": ""15:21"", ""mid"": 12.675, ""bid"": 12.65, ""risk"": ""EXTREME"", ""action"": ""BREAK_EXIT"", ""support"": ""CONTRADICTED"", ""n_neg"": 7, ""data_unreliable"": false}, {""minute"": ""15:22"", ""mid"": 52.625, ""bid"": 52.5, ""risk"": ""NORMAL"", ""action"": ""HOLD"", ""support"": ""NORMAL"", ""n_neg"": 1, ""data_unreliable"": false}, {""minute"": ""15:23"", ""mid"": 10.525, ""bid"": 10.5, ""risk"": ""EXTREME"", ""action"": ""BREAK_EXIT"", ""support"": ""CONTRADICTED"", ""n_neg"": 5, ""data_unreliable"": false}, {""minute"": ""15:24"", ""mid"": 11.025, ""bid"": 11.0, ""risk"": ""EXTREME"", ""action"": ""BREAK_EXIT"", ""support"": ""CONTRADICTED"", ""n_neg"": 5, ""data_unreliable"": false}, {""minute"": ""15:25"", ""mid"": 8.5, ""bid"": 8.45, ""risk"": ""EXTREME"", ""action"": ""BREAK_EXIT"", ""support"": ""CONTRADICTED"", ""n_neg"": 7, ""data_unreliable"": false}, {""minute"": ""15:26"", ""mid"": 5.525, ""bid"": 5.5, ""risk"": ""EXTREME"", ""action"": ""BREAK_EXIT"", ""support"": ""CONTRADICTED"", ""n_neg"": 9, ""data_unreliable"": false}, {""minute"": ""15:27"", ""mid"": 2.075, ""bid"": 2.05, ""risk"": ""EXTREME"", ""action"": ""BREAK_EXIT"", ""support"": ""CONTRADICTED"", ""n_neg"": 7, ""data_unreliable"": false}, {""minute"": ""15:28"", ""mid"": 2.1500000000000004, ""bid"": 2.1, ""risk"": ""EXTREME"", ""action"": ""BREAK_EXIT"", ""support"": ""CONTRADICTED"", ""n_neg"": 6, ""data_unreliable"": false}, {""minute"": ""15:29"", ""mid"": 0.675, ""bid"": 0.65, ""risk"": ""EXTREME"", ""action"": ""BREAK_EXIT"", ""support"": ""CONTRADICTED"", ""n_neg"": 7, ""data_unreliable"": false}]"
NIFTY,2026-09-11,11D_SHAPED_1500_1519,CE,23450.0,15:00,15:19,98.95,99.0,"[{""minute"": ""15:00"", ""mid"": 98.95, ""bid"": 98.9, ""risk"": ""EXTREME"", ""action"": ""BREAK_EXIT"", ""support"": ""CONTRADICTED"", ""n_neg"": 7, ""data_unreliable"": false}, {""minute"": ""15:01"", ""mid"": 98.75, ""bid"": 98.65, ""risk"": ""EXTREME"", ""action"": ""BREAK_EXIT"", ""support"": ""CONTRADICTED"", ""n_neg"": 7, ""data_unreliable"": false}, {""minute"": ""15:02"", ""mid"": 95.19999999999999, ""bid"": 95.1, ""risk"": ""EXTREME"", ""action"": ""BREAK_EXIT"", ""support"": ""CONTRADICTED"", ""n_neg"": 8, ""data_unreliable"": false}, {""minute"": ""15:03"", ""mid"": 96.475, ""bid"": 96.4, ""risk"": ""EXTREME"", ""action"": ""BREAK_EXIT"", ""support"": ""CONTRADICTED"", ""n_neg"": 6, ""data_unreliable"": false}, {""minute"": ""15:04"", ""mid"": 91.15, ""bid"": 91.0, ""risk"": ""EXTREME"", ""action"": ""BREAK_EXIT"", ""support"": ""CONTRADICTED"", ""n_neg"": 6, ""data_unreliable"": false}, {""minute"": ""15:05"", ""mid"": 84.625, ""bid"": 84.5, ""risk"": ""EXTREME"", ""action"": ""BREAK_EXIT"", ""support"": ""CONTRADICTED"", ""n_neg"": 8, ""data_unreliable"": false}, {""minute"": ""15:06"", ""mid"": 90.625, ""bid"": 90.5, ""risk"": ""HIGH"", ""action"": ""PREPARE_EXIT"", ""support"": ""CONTRADICTED"", ""n_neg"": 5, ""data_unreliable"": false}, {""minute"": ""15:07"", ""mid"": 89.4, ""bid"": 89.3, ""risk"": ""HIGH"", ""action"": ""PREPARE_EXIT"", ""support"": ""NORMAL"", ""n_neg"": 3, ""data_unreliable"": false}, {""minute"": ""15:08"", ""mid"": 92.025, ""bid"": 91.9, ""risk"": ""NORMAL"", ""action"": ""HOLD"", ""support"": ""NORMAL"", ""n_neg"": 1, ""data_unreliable"": false}, {""minute"": ""15:09"", ""mid"": 93.875, ""bid"": 93.75, ""risk"": ""NORMAL"", ""action"": ""HOLD"", ""support"": ""NORMAL"", ""n_neg"": 1, ""data_unreliable"": false}, {""minute"": ""15:10"", ""mid"": 97.025, ""bid"": 96.9, ""risk"": ""NORMAL"", ""action"": ""HOLD"", ""support"": ""NORMAL"", ""n_neg"": 1, ""data_unreliable"": false}, {""minute"": ""15:11"", ""mid"": 99.1, ""bid"": 99.0, ""risk"": ""NORMAL"", ""action"": ""HOLD"", ""support"": ""NORMAL"", ""n_neg"": 1, ""data_unreliable"": false}, {""minute"": ""15:12"", ""mid"": 103.375, ""bid"": 103.25, ""risk"": ""NORMAL"", ""action"": ""HOLD"", ""support"": ""NORMAL"", ""n_neg"": 1, ""data_unreliable"": false}, {""minute"": ""15:13"", ""mid"": 99.1, ""bid"": 99.0, ""risk"": ""ELEVATED"", ""action"": ""CAUTION"", ""support"": ""NORMAL"", ""n_neg"": 2, ""data_unreliable"": false}, {""minute"": ""15:14"", ""mid"": 102.0, ""bid"": 101.85, ""risk"": ""HIGH"", ""action"": ""PREPARE_EXIT"", ""support"": ""CONTRADICTED"", ""n_neg"": 4, ""data_unreliable"": false}, {""minute"": ""15:15"", ""mid"": 110.25, ""bid"": 110.05, ""risk"": ""NORMAL"", ""action"": ""HOLD"", ""support"": ""NORMAL"", ""n_neg"": 1, ""data_unreliable"": false}, {""minute"": ""15:16"", ""mid"": 103.75, ""bid"": 103.65, ""risk"": ""ELEVATED"", ""action"": ""CAUTION"", ""support"": ""NORMAL"", ""n_neg"": 2, ""data_unreliable"": false}, {""minute"": ""15:17"", ""mid"": 102.69999999999999, ""bid"": 102.55, ""risk"": ""EXTREME"", ""action"": ""BREAK_EXIT"", ""support"": ""CONTRADICTED"", ""n_neg"": 7, ""data_unreliable"": false}, {""minute"": ""15:18"", ""mid"": 99.69999999999999, ""bid"": 99.6, ""risk"": ""EXTREME"", ""action"": ""BREAK_EXIT"", ""support"": ""CONTRADICTED"", ""n_neg"": 8, ""data_unreliable"": false}, {""minute"": ""15:19"", ""mid"": 101.075, ""bid"": 100.95, ""risk"": ""EXTREME"", ""action"": ""BREAK_EXIT"", ""support"": ""CONTRADICTED"", ""n_neg"": 6, ""data_unreliable"": false}]"
NIFTY,2026-09-11,11D_SHAPED_1500_1519,PE,23450.0,15:00,15:19,109.80000000000001,109.9,"[{""minute"": ""15:00"", ""mid"": 109.80000000000001, ""bid"": 109.7, ""risk"": ""LOW"", ""action"": ""HOLD"", ""support"": ""STRONG"", ""n_neg"": 0, ""data_unreliable"": false}, {""minute"": ""15:01"", ""mid"": 110.55000000000001, ""bid"": 110.4, ""risk"": ""LOW"", ""action"": ""HOLD"", ""support"": ""STRONG"", ""n_neg"": 0, ""data_unreliable"": false}, {""minute"": ""15:02"", ""mid"": 113.025, ""bid"": 112.9, ""risk"": ""LOW"", ""action"": ""HOLD"", ""support"": ""STRONG"", ""n_neg"": 0, ""data_unreliable"": false}, {""minute"": ""15:03"", ""mid"": 111.725, ""bid"": 111.6, ""risk"": ""ELEVATED"", ""action"": ""CAUTION"", ""support"": ""NORMAL"", ""n_neg"": 1, ""data_unreliable"": false}, {""minute"": ""15:04"", ""mid"": 117.1, ""bid"": 116.95, ""risk"": ""LOW"", ""action"": ""HOLD"", ""support"": ""STRONG"", ""n_neg"": 0, ""data_unreliable"": false}, {""minute"": ""15:05"", ""mid"": 124.94999999999999, ""bid"": 124.85, ""risk"": ""LOW"", ""action"": ""HOLD"", ""support"": ""STRONG"", ""n_neg"": 0, ""data_unreliable"": false}, {""minute"": ""15:06"", ""mid"": 117.65, ""bid"": 117.5, ""risk"": ""ELEVATED"", ""action"": ""CAUTION"", ""support"": ""NORMAL"", ""n_neg"": 1, ""data_unreliable"": false}, {""minute"": ""15:07"", ""mid"": 118.69999999999999, ""bid"": 118.55, ""risk"": ""EXTREME"", ""action"": ""BREAK_EXIT"", ""support"": ""CONTRADICTED"", ""n_neg"": 5, ""data_unreliable"": false}, {""minute"": ""15:08"", ""mid"": 115.0, ""bid"": 114.9, ""risk"": ""EXTREME"", ""action"": ""BREAK_EXIT"", ""support"": ""CONTRADICTED"", ""n_neg"": 7, ""data_unreliable"": false}, {""minute"": ""15:09"", ""mid"": 113.575, ""bid"": 113.45, ""risk"": ""EXTREME"", ""action"": ""BREAK_EXIT"", ""support"": ""CONTRADICTED"", ""n_neg"": 7, ""data_unreliable"": false}, {""minute"": ""15:10"", ""mid"": 112.35, ""bid"": 112.2, ""risk"": ""EXTREME"", ""action"": ""BREAK_EXIT"", ""support"": ""CONTRADICTED"", ""n_neg"": 5, ""data_unreliable"": false}, {""minute"": ""15:11"", ""mid"": 111.1, ""bid"": 110.95, ""risk"": ""EXTREME"", ""action"": ""BREAK_EXIT"", ""support"": ""CONTRADICTED"", ""n_neg"": 5, ""data_unreliable"": false}, {""minute"": ""15:12"", ""mid"": 104.0, ""bid"": 103.85, ""risk"": ""EXTREME"", ""action"": ""BREAK_EXIT"", ""support"": ""CONTRADICTED"", ""n_neg"": 7, ""data_unreliable"": false}, {""minute"": ""15:13"", ""mid"": 107.25, ""bid"": 107.1, ""risk"": ""EXTREME"", ""action"": ""BREAK_EXIT"", ""support"": ""CONTRADICTED"", ""n_neg"": 6, ""data_unreliable"": false}, {""minute"": ""15:14"", ""mid"": 102.44999999999999, ""bid"": 102.3, ""risk"": ""HIGH"", ""action"": ""PREPARE_EXIT"", ""support"": ""CONTRADICTED"", ""n_neg"": 6, ""data_unreliable"": false}, {""minute"": ""15:15"", ""mid"": 94.275, ""bid"": 94.15, ""risk"": ""EXTREME"", ""action"": ""BREAK_EXIT"", ""support"": ""CONTRADICTED"", ""n_neg"": 7, ""data_unreliable"": false}, {""minute"": ""15:16"", ""mid"": 99.25, ""bid"": 99.15, ""risk"": ""EXTREME"", ""action"": ""BREAK_EXIT"", ""support"": ""CONTRADICTED"", ""n_neg"": 7, ""data_unreliable"": false}, {""minute"": ""15:17"", ""mid"": 98.80000000000001, ""bid"": 98.7, ""risk"": ""ELEVATED"", ""action"": ""CAUTION"", ""support"": ""NORMAL"", ""n_neg"": 1, ""data_unreliable"": false}, {""minute"": ""15:18"", ""mid"": 101.85, ""bid"": 101.8, ""risk"": ""NORMAL"", ""action"": ""HOLD"", ""support"": ""STRONG"", ""n_neg"": 0, ""data_unreliable"": false}, {""minute"": ""15:19"", ""mid"": 100.30000000000001, ""bid"": 100.2, ""risk"": ""ELEVATED"", ""action"": ""CAUTION"", ""support"": ""NORMAL"", ""n_neg"": 1, ""data_unreliable"": false}]"
NIFTY,2026-09-11,CLOSING_1515_1529,CE,23450.0,15:15,15:29,110.25,110.45,"[{""minute"": ""15:15"", ""mid"": 110.25, ""bid"": 110.05, ""risk"": ""LOW"", ""action"": ""HOLD"", ""support"": ""STRONG"", ""n_neg"": 0, ""data_unreliable"": false}, {""minute"": ""15:16"", ""mid"": 103.75, ""bid"": 103.65, ""risk"": ""ELEVATED"", ""action"": ""CAUTION"", ""support"": ""NORMAL"", ""n_neg"": 1, ""data_unreliable"": false}, {""minute"": ""15:17"", ""mid"": 102.69999999999999, ""bid"": 102.55, ""risk"": ""EXTREME"", ""action"": ""BREAK_EXIT"", ""support"": ""CONTRADICTED"", ""n_neg"": 6, ""data_unreliable"": false}, {""minute"": ""15:18"", ""mid"": 99.69999999999999, ""bid"": 99.6, ""risk"": ""EXTREME"", ""action"": ""BREAK_EXIT"", ""support"": ""CONTRADICTED"", ""n_neg"": 7, ""data_unreliable"": false}, {""minute"": ""15:19"", ""mid"": 101.075, ""bid"": 100.95, ""risk"": ""EXTREME"", ""action"": ""BREAK_EXIT"", ""support"": ""CONTRADICTED"", ""n_neg"": 5, ""data_unreliable"": false}, {""minute"": ""15:20"", ""mid"": 104.825, ""bid"": 104.65, ""risk"": ""NORMAL"", ""action"": ""HOLD"", ""support"": ""STRONG"", ""n_neg"": 0, ""data_unreliable"": false}, {""minute"": ""15:21"", ""mid"": 103.075, ""bid"": 102.9, ""risk"": ""ELEVATED"", ""action"": ""CAUTION"", ""support"": ""NORMAL"", ""n_neg"": 1, ""data_unreliable"": false}, {""minute"": ""15:22"", ""mid"": 100.35, ""bid"": 100.3, ""risk"": ""EXTREME"", ""action"": ""BREAK_EXIT"", ""support"": ""CONTRADICTED"", ""n_neg"": 5, ""data_unreliable"": false}, {""minute"": ""15:23"", ""mid"": 95.175, ""bid"": 95.05, ""risk"": ""EXTREME"", ""action"": ""BREAK_EXIT"", ""support"": ""CONTRADICTED"", ""n_neg"": 8, ""data_unreliable"": false}, {""minute"": ""15:24"", ""mid"": 95.625, ""bid"": 95.5, ""risk"": ""EXTREME"", ""action"": ""BREAK_EXIT"", ""support"": ""CONTRADICTED"", ""n_neg"": 5, ""data_unreliable"": false}, {""minute"": ""15:25"", ""mid"": 90.55, ""bid"": 90.5, ""risk"": ""EXTREME"", ""action"": ""BREAK_EXIT"", ""support"": ""CONTRADICTED"", ""n_neg"": 7, ""data_unreliable"": false}, {""minute"": ""15:26"", ""mid"": 92.225, ""bid"": 92.1, ""risk"": ""EXTREME"", ""action"": ""BREAK_EXIT"", ""support"": ""CONTRADICTED"", ""n_neg"": 5, ""data_unreliable"": false}, {""minute"": ""15:27"", ""mid"": 94.075, ""bid"": 94.0, ""risk"": ""NORMAL"", ""action"": ""HOLD"", ""support"": ""NORMAL"", ""n_neg"": 1, ""data_unreliable"": false}, {""minute"": ""15:28"", ""mid"": 90.875, ""bid"": 90.75, ""risk"": ""HIGH"", ""action"": ""PREPARE_EXIT"", ""support"": ""CONTRADICTED"", ""n_neg"": 4, ""data_unreliable"": false}, {""minute"": ""15:29"", ""mid"": 87.625, ""bid"": 87.5, ""risk"": ""EXTREME"", ""action"": ""BREAK_EXIT"", ""support"": ""CONTRADICTED"", ""n_neg"": 6, ""data_unreliable"": false}]"
NIFTY,2026-09-11,CLOSING_1515_1529,PE,23450.0,15:15,15:29,94.275,94.4,"[{""minute"": ""15:15"", ""mid"": 94.275, ""bid"": 94.15, ""risk"": ""EXTREME"", ""action"": ""BREAK_EXIT"", ""support"": ""CONTRADICTED"", ""n_neg"": 7, ""data_unreliable"": false}, {""minute"": ""15:16"", ""mid"": 99.25, ""bid"": 99.15, ""risk"": ""EXTREME"", ""action"": ""BREAK_EXIT"", ""support"": ""CONTRADICTED"", ""n_neg"": 7, ""data_unreliable"": false}, {""minute"": ""15:17"", ""mid"": 98.80000000000001, ""bid"": 98.7, ""risk"": ""ELEVATED"", ""action"": ""CAUTION"", ""support"": ""NORMAL"", ""n_neg"": 1, ""data_unreliable"": false}, {""minute"": ""15:18"", ""mid"": 101.85, ""bid"": 101.8, ""risk"": ""NORMAL"", ""action"": ""HOLD"", ""support"": ""STRONG"", ""n_neg"": 0, ""data_unreliable"": false}, {""minute"": ""15:19"", ""mid"": 100.30000000000001, ""bid"": 100.2, ""risk"": ""ELEVATED"", ""action"": ""CAUTION"", ""support"": ""NORMAL"", ""n_neg"": 1, ""data_unreliable"": false}, {""minute"": ""15:20"", ""mid"": 95.025, ""bid"": 94.9, ""risk"": ""EXTREME"", ""action"": ""BREAK_EXIT"", ""support"": ""CONTRADICTED"", ""n_neg"": 8, ""data_unreliable"": false}, {""minute"": ""15:21"", ""mid"": 95.575, ""bid"": 95.45, ""risk"": ""EXTREME"", ""action"": ""BREAK_EXIT"", ""support"": ""CONTRADICTED"", ""n_neg"": 5, ""data_unreliable"": false}, {""minute"": ""15:22"", ""mid"": 95.25, ""bid"": 95.15, ""risk"": ""ELEVATED"", ""action"": ""CAUTION"", ""support"": ""NORMAL"", ""n_neg"": 2, ""data_unreliable"": false}, {""minute"": ""15:23"", ""mid"": 101.19999999999999, ""bid"": 101.05, ""risk"": ""NORMAL"", ""action"": ""HOLD"", ""support"": ""STRONG"", ""n_neg"": 0, ""data_unreliable"": false}, {""minute"": ""15:24"", ""mid"": 101.25, ""bid"": 101.1, ""risk"": ""NORMAL"", ""action"": ""HOLD"", ""support"": ""STRONG"", ""n_neg"": 0, ""data_unreliable"": false}, {""minute"": ""15:25"", ""mid"": 107.69999999999999, ""bid"": 107.55, ""risk"": ""NORMAL"", ""action"": ""HOLD"", ""support"": ""STRONG"", ""n_neg"": 0, ""data_unreliable"": false}, {""minute"": ""15:26"", ""mid"": 104.075, ""bid"": 104.0, ""risk"": ""ELEVATED"", ""action"": ""CAUTION"", ""support"": ""NORMAL"", ""n_neg"": 1, ""data_unreliable"": false}, {""minute"": ""15:27"", ""mid"": 101.44999999999999, ""bid"": 101.3, ""risk"": ""EXTREME"", ""action"": ""BREAK_EXIT"", ""support"": ""CONTRADICTED"", ""n_neg"": 6, ""data_unreliable"": false}, {""minute"": ""15:28"", ""mid"": 103.075, ""bid"": 102.95, ""risk"": ""ELEVATED"", ""action"": ""CAUTION"", ""support"": ""WEAK"", ""n_neg"": 3, ""data_unreliable"": false}, {""minute"": ""15:29"", ""mid"": 106.35, ""bid"": 106.2, ""risk"": ""NORMAL"", ""action"": ""HOLD"", ""support"": ""STRONG"", ""n_neg"": 0, ""data_unreliable"": false}]"
SENSEX,2026-09-11,11D_SHAPED_1500_1519,CE,74900.0,15:00,15:19,488.85,489.45,"[{""minute"": ""15:00"", ""mid"": 488.85, ""bid"": 488.25, ""risk"": ""EXTREME"", ""action"": ""BREAK_EXIT"", ""support"": ""CONTRADICTED"", ""n_neg"": 6, ""data_unreliable"": false}, {""minute"": ""15:01"", ""mid"": 485.0, ""bid"": 484.45, ""risk"": ""EXTREME"", ""action"": ""BREAK_EXIT"", ""support"": ""CONTRADICTED"", ""n_neg"": 5, ""data_unreliable"": false}, {""minute"": ""15:02"", ""mid"": 468.85, ""bid"": 468.35, ""risk"": ""EXTREME"", ""action"": ""BREAK_EXIT"", ""support"": ""CONTRADICTED"", ""n_neg"": 7, ""data_unreliable"": false}, {""minute"": ""15:03"", ""mid"": 471.6, ""bid"": 471.45, ""risk"": ""EXTREME"", ""action"": ""BREAK_EXIT"", ""support"": ""CONTRADICTED"", ""n_neg"": 6, ""data_unreliable"": false}, {""minute"": ""15:04"", ""mid"": 458.925, ""bid"": 458.35, ""risk"": ""EXTREME"", ""action"": ""BREAK_EXIT"", ""support"": ""CONTRADICTED"", ""n_neg"": 8, ""data_unreliable"": false}, {""minute"": ""15:05"", ""mid"": 446.35, ""bid"": 445.8, ""risk"": ""EXTREME"", ""action"": ""BREAK_EXIT"", ""support"": ""CONTRADICTED"", ""n_neg"": 5, ""data_unreliable"": false}, {""minute"": ""15:06"", ""mid"": 448.5, ""bid"": 447.9, ""risk"": ""HIGH"", ""action"": ""PREPARE_EXIT"", ""support"": ""CONTRADICTED"", ""n_neg"": 4, ""data_unreliable"": false}, {""minute"": ""15:07"", ""mid"": 459.6, ""bid"": 459.2, ""risk"": ""LOW"", ""action"": ""HOLD"", ""support"": ""STRONG"", ""n_neg"": 0, ""data_unreliable"": false}, {""minute"": ""15:08"", ""mid"": 466.1, ""bid"": 465.45, ""risk"": ""LOW"", ""action"": ""HOLD"", ""support"": ""STRONG"", ""n_neg"": 0, ""data_unreliable"": false}, {""minute"": ""15:09"", ""mid"": 476.5, ""bid"": 476.0, ""risk"": ""LOW"", ""action"": ""HOLD"", ""support"": ""STRONG"", ""n_neg"": 0, ""data_unreliable"": false}, {""minute"": ""15:10"", ""mid"": 482.42499999999995, ""bid"": 482.4, ""risk"": ""LOW"", ""action"": ""HOLD"", ""support"": ""STRONG"", ""n_neg"": 0, ""data_unreliable"": false}, {""minute"": ""15:11"", ""mid"": 488.175, ""bid"": 487.75, ""risk"": ""LOW"", ""action"": ""HOLD"", ""support"": ""STRONG"", ""n_neg"": 0, ""data_unreliable"": false}, {""minute"": ""15:12"", ""mid"": 500.775, ""bid"": 500.35, ""risk"": ""LOW"", ""action"": ""HOLD"", ""support"": ""STRONG"", ""n_neg"": 0, ""data_unreliable"": false}, {""minute"": ""15:13"", ""mid"": 489.075, ""bid"": 488.4, ""risk"": ""ELEVATED"", ""action"": ""CAUTION"", ""support"": ""NORMAL"", ""n_neg"": 1, ""data_unreliable"": false}, {""minute"": ""15:14"", ""mid"": 498.65, ""bid"": 498.0, ""risk"": ""NORMAL"", ""action"": ""HOLD"", ""support"": ""NORMAL"", ""n_neg"": 0, ""data_unreliable"": false}, {""minute"": ""15:15"", ""mid"": 501.75, ""bid"": 501.5, ""risk"": ""LOW"", ""action"": ""HOLD"", ""support"": ""STRONG"", ""n_neg"": 0, ""data_unreliable"": false}, {""minute"": ""15:16"", ""mid"": 503.025, ""bid"": 502.25, ""risk"": ""NORMAL"", ""action"": ""HOLD"", ""support"": ""STRONG"", ""n_neg"": 0, ""data_unreliable"": false}, {""minute"": ""15:17"", ""mid"": 502.775, ""bid"": 502.05, ""risk"": ""ELEVATED"", ""action"": ""CAUTION"", ""support"": ""NORMAL"", ""n_neg"": 1, ""data_unreliable"": false}, {""minute"": ""15:18"", ""mid"": 494.375, ""bid"": 493.8, ""risk"": ""EXTREME"", ""action"": ""BREAK_EXIT"", ""support"": ""CONTRADICTED"", ""n_neg"": 7, ""data_unreliable"": false}, {""minute"": ""15:19"", ""mid"": 492.6, ""bid"": 492.15, ""risk"": ""EXTREME"", ""action"": ""BREAK_EXIT"", ""support"": ""CONTRADICTED"", ""n_neg"": 6, ""data_unreliable"": false}]"
SENSEX,2026-09-11,11D_SHAPED_1500_1519,PE,74900.0,15:00,15:19,478.525,479.05,"[{""minute"": ""15:00"", ""mid"": 478.525, ""bid"": 478.0, ""risk"": ""LOW"", ""action"": ""HOLD"", ""support"": ""STRONG"", ""n_neg"": 0, ""data_unreliable"": false}, {""minute"": ""15:01"", ""mid"": 482.1, ""bid"": 481.8, ""risk"": ""LOW"", ""action"": ""HOLD"", ""support"": ""STRONG"", ""n_neg"": 0, ""data_unreliable"": false}, {""minute"": ""15:02"", ""mid"": 493.79999999999995, ""bid"": 493.2, ""risk"": ""LOW"", ""action"": ""HOLD"", ""support"": ""STRONG"", ""n_neg"": 0, ""data_unreliable"": false}, {""minute"": ""15:03"", ""mid"": 492.29999999999995, ""bid"": 491.65, ""risk"": ""ELEVATED"", ""action"": ""CAUTION"", ""support"": ""NORMAL"", ""n_neg"": 1, ""data_unreliable"": false}, {""minute"": ""15:04"", ""mid"": 500.79999999999995, ""bid"": 500.15, ""risk"": ""LOW"", ""action"": ""HOLD"", ""support"": ""STRONG"", ""n_neg"": 0, ""data_unreliable"": false}, {""minute"": ""15:05"", ""mid"": 512.225, ""bid"": 511.7, ""risk"": ""LOW"", ""action"": ""HOLD"", ""support"": ""STRONG"", ""n_neg"": 0, ""data_unreliable"": false}, {""minute"": ""15:06"", ""mid"": 511.825, ""bid"": 511.35, ""risk"": ""ELEVATED"", ""action"": ""CAUTION"", ""support"": ""NORMAL"", ""n_neg"": 1, ""data_unreliable"": false}, {""minute"": ""15:07"", ""mid"": 504.275, ""bid"": 504.0, ""risk"": ""ELEVATED"", ""action"": ""CAUTION"", ""support"": ""WEAK"", ""n_neg"": 4, ""data_unreliable"": false}, {""minute"": ""15:08"", ""mid"": 497.925, ""bid"": 497.35, ""risk"": ""HIGH"", ""action"": ""PREPARE_EXIT"", ""support"": ""CONTRADICTED"", ""n_neg"": 4, ""data_unreliable"": false}, {""minute"": ""15:09"", ""mid"": 490.17499999999995, ""bid"": 489.65, ""risk"": ""EXTREME"", ""action"": ""BREAK_EXIT"", ""support"": ""CONTRADICTED"", ""n_neg"": 5, ""data_unreliable"": false}, {""minute"": ""15:10"", ""mid"": 486.875, ""bid"": 486.3, ""risk"": ""EXTREME"", ""action"": ""BREAK_EXIT"", ""support"": ""CONTRADICTED"", ""n_neg"": 5, ""data_unreliable"": false}, {""minute"": ""15:11"", ""mid"": 482.175, ""bid"": 482.0, ""risk"": ""EXTREME"", ""action"": ""BREAK_EXIT"", ""support"": ""CONTRADICTED"", ""n_neg"": 5, ""data_unreliable"": false}, {""minute"": ""15:12"", ""mid"": 459.375, ""bid"": 458.85, ""risk"": ""EXTREME"", ""action"": ""BREAK_EXIT"", ""support"": ""CONTRADICTED"", ""n_neg"": 6, ""data_unreliable"": false}, {""minute"": ""15:13"", ""mid"": 476.04999999999995, ""bid"": 475.45, ""risk"": ""EXTREME"", ""action"": ""BREAK_EXIT"", ""support"": ""CONTRADICTED"", ""n_neg"": 4, ""data_unreliable"": false}, {""minute"": ""15:14"", ""mid"": 459.375, ""bid"": 458.85, ""risk"": ""ELEVATED"", ""action"": ""CAUTION"", ""support"": ""WEAK"", ""n_neg"": 2, ""data_unreliable"": false}, {""minute"": ""15:15"", ""mid"": 446.5, ""bid"": 446.1, ""risk"": ""EXTREME"", ""action"": ""BREAK_EXIT"", ""support"": ""CONTRADICTED"", ""n_neg"": 6, ""data_unreliable"": false}, {""minute"": ""15:16"", ""mid"": 442.95, ""bid"": 442.25, ""risk"": ""EXTREME"", ""action"": ""BREAK_EXIT"", ""support"": ""CONTRADICTED"", ""n_neg"": 4, ""data_unreliable"": false}, {""minute"": ""15:17"", ""mid"": 443.625, ""bid"": 443.05, ""risk"": ""NORMAL"", ""action"": ""HOLD"", ""support"": ""NORMAL"", ""n_neg"": 0, ""data_unreliable"": false}, {""minute"": ""15:18"", ""mid"": 454.4, ""bid"": 453.8, ""risk"": ""NORMAL"", ""action"": ""HOLD"", ""support"": ""STRONG"", ""n_neg"": 0, ""data_unreliable"": false}, {""minute"": ""15:19"", ""mid"": 454.2, ""bid"": 453.4, ""risk"": ""ELEVATED"", ""action"": ""CAUTION"", ""support"": ""NORMAL"", ""n_neg"": 2, ""data_unreliable"": false}]"
SENSEX,2026-09-11,CLOSING_1515_1529,CE,75000.0,15:15,15:29,450.54999999999995,450.7,"[{""minute"": ""15:15"", ""mid"": 450.54999999999995, ""bid"": 450.4, ""risk"": ""LOW"", ""action"": ""HOLD"", ""support"": ""STRONG"", ""n_neg"": 0, ""data_unreliable"": false}, {""minute"": ""15:16"", ""mid"": 451.65, ""bid"": 450.9, ""risk"": ""NORMAL"", ""action"": ""HOLD"", ""support"": ""NORMAL"", ""n_neg"": 1, ""data_unreliable"": false}, {""minute"": ""15:17"", ""mid"": 449.125, ""bid"": 448.45, ""risk"": ""HIGH"", ""action"": ""PREPARE_EXIT"", ""support"": ""CONTRADICTED"", ""n_neg"": 5, ""data_unreliable"": false}, {""minute"": ""15:18"", ""mid"": 440.475, ""bid"": 439.9, ""risk"": ""EXTREME"", ""action"": ""BREAK_EXIT"", ""support"": ""CONTRADICTED"", ""n_neg"": 8, ""data_unreliable"": false}, {""minute"": ""15:19"", ""mid"": 439.32500000000005, ""bid"": 438.8, ""risk"": ""EXTREME"", ""action"": ""BREAK_EXIT"", ""support"": ""CONTRADICTED"", ""n_neg"": 7, ""data_unreliable"": false}, {""minute"": ""15:20"", ""mid"": 449.825, ""bid"": 449.15, ""risk"": ""NORMAL"", ""action"": ""HOLD"", ""support"": ""NORMAL"", ""n_neg"": 1, ""data_unreliable"": false}, {""minute"": ""15:21"", ""mid"": 452.55, ""bid"": 452.1, ""risk"": ""NORMAL"", ""action"": ""HOLD"", ""support"": ""NORMAL"", ""n_neg"": 1, ""data_unreliable"": false}, {""minute"": ""15:22"", ""mid"": 441.275, ""bid"": 440.9, ""risk"": ""EXTREME"", ""action"": ""BREAK_EXIT"", ""support"": ""CONTRADICTED"", ""n_neg"": 6, ""data_unreliable"": false}, {""minute"": ""15:23"", ""mid"": 426.775, ""bid"": 426.0, ""risk"": ""EXTREME"", ""action"": ""BREAK_EXIT"", ""support"": ""CONTRADICTED"", ""n_neg"": 8, ""data_unreliable"": false}, {""minute"": ""15:24"", ""mid"": 424.875, ""bid"": 424.25, ""risk"": ""EXTREME"", ""action"": ""BREAK_EXIT"", ""support"": ""CONTRADICTED"", ""n_neg"": 6, ""data_unreliable"": false}, {""minute"": ""15:25"", ""mid"": 409.65, ""bid"": 409.0, ""risk"": ""EXTREME"", ""action"": ""BREAK_EXIT"", ""support"": ""CONTRADICTED"", ""n_neg"": 7, ""data_unreliable"": false}, {""minute"": ""15:26"", ""mid"": 411.975, ""bid"": 411.5, ""risk"": ""EXTREME"", ""action"": ""BREAK_EXIT"", ""support"": ""CONTRADICTED"", ""n_neg"": 7, ""data_unreliable"": false}, {""minute"": ""15:27"", ""mid"": 420.775, ""bid"": 420.15, ""risk"": ""ELEVATED"", ""action"": ""CAUTION"", ""support"": ""NORMAL"", ""n_neg"": 2, ""data_unreliable"": false}, {""minute"": ""15:28"", ""mid"": 413.375, ""bid"": 412.85, ""risk"": ""ELEVATED"", ""action"": ""CAUTION"", ""support"": ""WEAK"", ""n_neg"": 2, ""data_unreliable"": false}, {""minute"": ""15:29"", ""mid"": 397.92499999999995, ""bid"": 397.2, ""risk"": ""EXTREME"", ""action"": ""BREAK_EXIT"", ""support"": ""CONTRADICTED"", ""n_neg"": 7, ""data_unreliable"": false}]"
SENSEX,2026-09-11,CLOSING_1515_1529,PE,75000.0,15:15,15:29,498.4,498.8,"[{""minute"": ""15:15"", ""mid"": 498.4, ""bid"": 498.0, ""risk"": ""EXTREME"", ""action"": ""BREAK_EXIT"", ""support"": ""CONTRADICTED"", ""n_neg"": 5, ""data_unreliable"": false}, {""minute"": ""15:16"", ""mid"": 489.175, ""bid"": 488.5, ""risk"": ""EXTREME"", ""action"": ""BREAK_EXIT"", ""support"": ""CONTRADICTED"", ""n_neg"": 8, ""data_unreliable"": false}, {""minute"": ""15:17"", ""mid"": 489.1, ""bid"": 488.4, ""risk"": ""EXTREME"", ""action"": ""BREAK_EXIT"", ""support"": ""CONTRADICTED"", ""n_neg"": 6, ""data_unreliable"": false}, {""minute"": ""15:18"", ""mid"": 501.15, ""bid"": 500.4, ""risk"": ""NORMAL"", ""action"": ""HOLD"", ""support"": ""NORMAL"", ""n_neg"": 1, ""data_unreliable"": false}, {""minute"": ""15:19"", ""mid"": 500.225, ""bid"": 499.65, ""risk"": ""ELEVATED"", ""action"": ""CAUTION"", ""support"": ""NORMAL"", ""n_neg"": 1, ""data_unreliable"": false}, {""minute"": ""15:20"", ""mid"": 486.625, ""bid"": 485.9, ""risk"": ""EXTREME"", ""action"": ""BREAK_EXIT"", ""support"": ""CONTRADICTED"", ""n_neg"": 8, ""data_unreliable"": false}, {""minute"": ""15:21"", ""mid"": 490.375, ""bid"": 490.0, ""risk"": ""HIGH"", ""action"": ""PREPARE_EXIT"", ""support"": ""CONTRADICTED"", ""n_neg"": 4, ""data_unreliable"": false}, {""minute"": ""15:22"", ""mid"": 492.0, ""bid"": 491.25, ""risk"": ""ELEVATED"", ""action"": ""CAUTION"", ""support"": ""NORMAL"", ""n_neg"": 2, ""data_unreliable"": false}, {""minute"": ""15:23"", ""mid"": 501.275, ""bid"": 500.55, ""risk"": ""NORMAL"", ""action"": ""HOLD"", ""support"": ""NORMAL"", ""n_neg"": 1, ""data_unreliable"": false}, {""minute"": ""15:24"", ""mid"": 501.625, ""bid"": 500.7, ""risk"": ""NORMAL"", ""action"": ""HOLD"", ""support"": ""NORMAL"", ""n_neg"": 1, ""data_unreliable"": false}, {""minute"": ""15:25"", ""mid"": 516.425, ""bid"": 515.85, ""risk"": ""NORMAL"", ""action"": ""HOLD"", ""support"": ""STRONG"", ""n_neg"": 0, ""data_unreliable"": false}, {""minute"": ""15:26"", ""mid"": 506.9, ""bid"": 506.2, ""risk"": ""ELEVATED"", ""action"": ""CAUTION"", ""support"": ""NORMAL"", ""n_neg"": 2, ""data_unreliable"": false}, {""minute"": ""15:27"", ""mid"": 505.875, ""bid"": 505.2, ""risk"": ""EXTREME"", ""action"": ""BREAK_EXIT"", ""support"": ""CONTRADICTED"", ""n_neg"": 5, ""data_unreliable"": false}, {""minute"": ""15:28"", ""mid"": 510.025, ""bid"": 509.4, ""risk"": ""ELEVATED"", ""action"": ""CAUTION"", ""support"": ""WEAK"", ""n_neg"": 2, ""data_unreliable"": false}, {""minute"": ""15:29"", ""mid"": 523.175, ""bid"": 522.45, ""risk"": ""NORMAL"", ""action"": ""HOLD"", ""support"": ""NORMAL"", ""n_neg"": 1, ""data_unreliable"": false}]"
NIFTY,2026-09-15,11D_SHAPED_1500_1519,CE,23200.0,15:00,15:19,40.25,40.3,"[{""minute"": ""15:00"", ""mid"": 40.25, ""bid"": 40.2, ""risk"": ""HIGH"", ""action"": ""PREPARE_EXIT"", ""support"": ""CONTRADICTED"", ""n_neg"": 4, ""data_unreliable"": false}, {""minute"": ""15:01"", ""mid"": 37.900000000000006, ""bid"": 37.85, ""risk"": ""EXTREME"", ""action"": ""BREAK_EXIT"", ""support"": ""CONTRADICTED"", ""n_neg"": 5, ""data_unreliable"": false}, {""minute"": ""15:02"", ""mid"": 39.2, ""bid"": 39.15, ""risk"": ""HIGH"", ""action"": ""PREPARE_EXIT"", ""support"": ""CONTRADICTED"", ""n_neg"": 4, ""data_unreliable"": false}, {""minute"": ""15:03"", ""mid"": 40.900000000000006, ""bid"": 40.85, ""risk"": ""LOW"", ""action"": ""HOLD"", ""support"": ""STRONG"", ""n_neg"": 0, ""data_unreliable"": false}, {""minute"": ""15:04"", ""mid"": 43.575, ""bid"": 43.5, ""risk"": ""LOW"", ""action"": ""HOLD"", ""support"": ""STRONG"", ""n_neg"": 0, ""data_unreliable"": false}, {""minute"": ""15:05"", ""mid"": 44.375, ""bid"": 44.3, ""risk"": ""LOW"", ""action"": ""HOLD"", ""support"": ""STRONG"", ""n_neg"": 0, ""data_unreliable"": false}, {""minute"": ""15:06"", ""mid"": 38.8, ""bid"": 38.75, ""risk"": ""EXTREME"", ""action"": ""BREAK_EXIT"", ""support"": ""CONTRADICTED"", ""n_neg"": 6, ""data_unreliable"": false}, {""minute"": ""15:07"", ""mid"": 45.599999999999994, ""bid"": 45.55, ""risk"": ""LOW"", ""action"": ""HOLD"", ""support"": ""STRONG"", ""n_neg"": 0, ""data_unreliable"": false}, {""minute"": ""15:08"", ""mid"": 42.925, ""bid"": 42.9, ""risk"": ""ELEVATED"", ""action"": ""CAUTION"", ""support"": ""NORMAL"", ""n_neg"": 2, ""data_unreliable"": false}, {""minute"": ""15:09"", ""mid"": 40.925, ""bid"": 40.9, ""risk"": ""HIGH"", ""action"": ""PREPARE_EXIT"", ""support"": ""CONTRADICTED"", ""n_neg"": 4, ""data_unreliable"": false}, {""minute"": ""15:10"", ""mid"": 42.2, ""bid"": 42.15, ""risk"": ""EXTREME"", ""action"": ""BREAK_EXIT"", ""support"": ""CONTRADICTED"", ""n_neg"": 6, ""data_unreliable"": false}, {""minute"": ""15:11"", ""mid"": 51.5, ""bid"": 51.4, ""risk"": ""NORMAL"", ""action"": ""HOLD"", ""support"": ""NORMAL"", ""n_neg"": 1, ""data_unreliable"": false}, {""minute"": ""15:12"", ""mid"": 48.400000000000006, ""bid"": 48.35, ""risk"": ""ELEVATED"", ""action"": ""CAUTION"", ""support"": ""NORMAL"", ""n_neg"": 1, ""data_unreliable"": false}, {""minute"": ""15:13"", ""mid"": 52.075, ""bid"": 52.0, ""risk"": ""ELEVATED"", ""action"": ""CAUTION"", ""support"": ""NORMAL"", ""n_neg"": 2, ""data_unreliable"": false}, {""minute"": ""15:14"", ""mid"": 50.099999999999994, ""bid"": 50.05, ""risk"": ""ELEVATED"", ""action"": ""CAUTION"", ""support"": ""NORMAL"", ""n_neg"": 2, ""data_unreliable"": false}, {""minute"": ""15:15"", ""mid"": 39.775000000000006, ""bid"": 39.7, ""risk"": ""EXTREME"", ""action"": ""BREAK_EXIT"", ""support"": ""CONTRADICTED"", ""n_neg"": 10, ""data_unreliable"": false}, {""minute"": ""15:16"", ""mid"": 45.474999999999994, ""bid"": 45.4, ""risk"": ""EXTREME"", ""action"": ""BREAK_EXIT"", ""support"": ""CONTRADICTED"", ""n_neg"": 4, ""data_unreliable"": false}, {""minute"": ""15:17"", ""mid"": 40.175, ""bid"": 40.1, ""risk"": ""HIGH"", ""action"": ""PREPARE_EXIT"", ""support"": ""NORMAL"", ""n_neg"": 3, ""data_unreliable"": false}, {""minute"": ""15:18"", ""mid"": 37.724999999999994, ""bid"": 37.65, ""risk"": ""EXTREME"", ""action"": ""BREAK_EXIT"", ""support"": ""CONTRADICTED"", ""n_neg"": 8, ""data_unreliable"": false}, {""minute"": ""15:19"", ""mid"": 39.05, ""bid"": 39.0, ""risk"": ""EXTREME"", ""action"": ""BREAK_EXIT"", ""support"": ""CONTRADICTED"", ""n_neg"": 5, ""data_unreliable"": false}]"
NIFTY,2026-09-15,11D_SHAPED_1500_1519,PE,23200.0,15:00,15:19,57.15,57.25,"[{""minute"": ""15:00"", ""mid"": 57.15, ""bid"": 57.05, ""risk"": ""ELEVATED"", ""action"": ""CAUTION"", ""support"": ""NORMAL"", ""n_neg"": 1, ""data_unreliable"": false}, {""minute"": ""15:01"", ""mid"": 58.1, ""bid"": 58.0, ""risk"": ""LOW"", ""action"": ""HOLD"", ""support"": ""STRONG"", ""n_neg"": 0, ""data_unreliable"": false}, {""minute"": ""15:02"", ""mid"": 55.425, ""bid"": 55.35, ""risk"": ""HIGH"", ""action"": ""PREPARE_EXIT"", ""support"": ""CONTRADICTED"", ""n_neg"": 5, ""data_unreliable"": false}, {""minute"": ""15:03"", ""mid"": 54.525000000000006, ""bid"": 54.45, ""risk"": ""EXTREME"", ""action"": ""BREAK_EXIT"", ""support"": ""CONTRADICTED"", ""n_neg"": 7, ""data_unreliable"": false}, {""minute"": ""15:04"", ""mid"": 51.425, ""bid"": 51.35, ""risk"": ""EXTREME"", ""action"": ""BREAK_EXIT"", ""support"": ""CONTRADICTED"", ""n_neg"": 8, ""data_unreliable"": false}, {""minute"": ""15:05"", ""mid"": 52.474999999999994, ""bid"": 52.4, ""risk"": ""EXTREME"", ""action"": ""BREAK_EXIT"", ""support"": ""CONTRADICTED"", ""n_neg"": 5, ""data_unreliable"": false}, {""minute"": ""15:06"", ""mid"": 55.975, ""bid"": 55.95, ""risk"": ""LOW"", ""action"": ""HOLD"", ""support"": ""STRONG"", ""n_neg"": 0, ""data_unreliable"": false}, {""minute"": ""15:07"", ""mid"": 49.175, ""bid"": 49.1, ""risk"": ""EXTREME"", ""action"": ""BREAK_EXIT"", ""support"": ""CONTRADICTED"", ""n_neg"": 7, ""data_unreliable"": false}, {""minute"": ""15:08"", ""mid"": 51.849999999999994, ""bid"": 51.8, ""risk"": ""EXTREME"", ""action"": ""BREAK_EXIT"", ""support"": ""CONTRADICTED"", ""n_neg"": 5, ""data_unreliable"": false}, {""minute"": ""15:09"", ""mid"": 54.15, ""bid"": 54.05, ""risk"": ""NORMAL"", ""action"": ""HOLD"", ""support"": ""NORMAL"", ""n_neg"": 1, ""data_unreliable"": false}, {""minute"": ""15:10"", ""mid"": 54.675, ""bid"": 54.65, ""risk"": ""LOW"", ""action"": ""HOLD"", ""support"": ""STRONG"", ""n_neg"": 0, ""data_unreliable"": false}, {""minute"": ""15:11"", ""mid"": 45.025000000000006, ""bid"": 44.95, ""risk"": ""EXTREME"", ""action"": ""BREAK_EXIT"", ""support"": ""CONTRADICTED"", ""n_neg"": 6, ""data_unreliable"": false}, {""minute"": ""15:12"", ""mid"": 49.900000000000006, ""bid"": 49.85, ""risk"": ""EXTREME"", ""action"": ""BREAK_EXIT"", ""support"": ""CONTRADICTED"", ""n_neg"": 5, ""data_unreliable"": false}, {""minute"": ""15:13"", ""mid"": 46.325, ""bid"": 46.3, ""risk"": ""HIGH"", ""action"": ""PREPARE_EXIT"", ""support"": ""CONTRADICTED"", ""n_neg"": 3, ""data_unreliable"": false}, {""minute"": ""15:14"", ""mid"": 48.650000000000006, ""bid"": 48.6, ""risk"": ""ELEVATED"", ""action"": ""CAUTION"", ""support"": ""WEAK"", ""n_neg"": 3, ""data_unreliable"": false}, {""minute"": ""15:15"", ""mid"": 54.85, ""bid"": 54.75, ""risk"": ""LOW"", ""action"": ""HOLD"", ""support"": ""STRONG"", ""n_neg"": 0, ""data_unreliable"": false}, {""minute"": ""15:16"", ""mid"": 44.875, ""bid"": 44.8, ""risk"": ""HIGH"", ""action"": ""PREPARE_EXIT"", ""support"": ""CONTRADICTED"", ""n_neg"": 5, ""data_unreliable"": false}, {""minute"": ""15:17"", ""mid"": 45.474999999999994, ""bid"": 45.4, ""risk"": ""EXTREME"", ""action"": ""BREAK_EXIT"", ""support"": ""CONTRADICTED"", ""n_neg"": 7, ""data_unreliable"": false}, {""minute"": ""15:18"", ""mid"": 50.8, ""bid"": 50.7, ""risk"": ""NORMAL"", ""action"": ""HOLD"", ""support"": ""NORMAL"", ""n_neg"": 1, ""data_unreliable"": false}, {""minute"": ""15:19"", ""mid"": 52.825, ""bid"": 52.75, ""risk"": ""NORMAL"", ""action"": ""HOLD"", ""support"": ""STRONG"", ""n_neg"": 0, ""data_unreliable"": false}]"
NIFTY,2026-09-15,CLOSING_1515_1529,CE,23200.0,15:15,15:29,39.775000000000006,39.85,"[{""minute"": ""15:15"", ""mid"": 39.775000000000006, ""bid"": 39.7, ""risk"": ""EXTREME"", ""action"": ""BREAK_EXIT"", ""support"": ""CONTRADICTED"", ""n_neg"": 9, ""data_unreliable"": false}, {""minute"": ""15:16"", ""mid"": 45.474999999999994, ""bid"": 45.4, ""risk"": ""EXTREME"", ""action"": ""BREAK_EXIT"", ""support"": ""CONTRADICTED"", ""n_neg"": 4, ""data_unreliable"": false}, {""minute"": ""15:17"", ""mid"": 40.175, ""bid"": 40.1, ""risk"": ""ELEVATED"", ""action"": ""CAUTION"", ""support"": ""NORMAL"", ""n_neg"": 2, ""data_unreliable"": false}, {""minute"": ""15:18"", ""mid"": 37.724999999999994, ""bid"": 37.65, ""risk"": ""EXTREME"", ""action"": ""BREAK_EXIT"", ""support"": ""CONTRADICTED"", ""n_neg"": 7, ""data_unreliable"": false}, {""minute"": ""15:19"", ""mid"": 39.05, ""bid"": 39.0, ""risk"": ""EXTREME"", ""action"": ""BREAK_EXIT"", ""support"": ""CONTRADICTED"", ""n_neg"": 5, ""data_unreliable"": false}, {""minute"": ""15:20"", ""mid"": 12.675, ""bid"": 12.65, ""risk"": ""EXTREME"", ""action"": ""BREAK_EXIT"", ""support"": ""CONTRADICTED"", ""n_neg"": 8, ""data_unreliable"": false}, {""minute"": ""15:21"", ""mid"": 7.8, ""bid"": 7.75, ""risk"": ""EXTREME"", ""action"": ""BREAK_EXIT"", ""support"": ""CONTRADICTED"", ""n_neg"": 8, ""data_unreliable"": false}, {""minute"": ""15:22"", ""mid"": 8.8, ""bid"": 8.75, ""risk"": ""EXTREME"", ""action"": ""BREAK_EXIT"", ""support"": ""CONTRADICTED"", ""n_neg"": 6, ""data_unreliable"": false}, {""minute"": ""15:23"", ""mid"": 7.074999999999999, ""bid"": 7.05, ""risk"": ""EXTREME"", ""action"": ""BREAK_EXIT"", ""support"": ""CONTRADICTED"", ""n_neg"": 6, ""data_unreliable"": false}, {""minute"": ""15:24"", ""mid"": 5.85, ""bid"": 5.8, ""risk"": ""EXTREME"", ""action"": ""BREAK_EXIT"", ""support"": ""CONTRADICTED"", ""n_neg"": 6, ""data_unreliable"": false}, {""minute"": ""15:25"", ""mid"": 2.075, ""bid"": 2.05, ""risk"": ""EXTREME"", ""action"": ""BREAK_EXIT"", ""support"": ""CONTRADICTED"", ""n_neg"": 7, ""data_unreliable"": false}, {""minute"": ""15:26"", ""mid"": 1.1749999999999998, ""bid"": 1.15, ""risk"": ""EXTREME"", ""action"": ""BREAK_EXIT"", ""support"": ""CONTRADICTED"", ""n_neg"": 6, ""data_unreliable"": false}, {""minute"": ""15:27"", ""mid"": 1.025, ""bid"": 1.0, ""risk"": ""EXTREME"", ""action"": ""BREAK_EXIT"", ""support"": ""CONTRADICTED"", ""n_neg"": 6, ""data_unreliable"": false}, {""minute"": ""15:28"", ""mid"": 0.575, ""bid"": 0.55, ""risk"": ""EXTREME"", ""action"": ""BREAK_EXIT"", ""support"": ""CONTRADICTED"", ""n_neg"": 7, ""data_unreliable"": false}, {""minute"": ""15:29"", ""mid"": 0.07500000000000001, ""bid"": 0.05, ""risk"": ""EXTREME"", ""action"": ""BREAK_EXIT"", ""support"": ""CONTRADICTED"", ""n_neg"": 7, ""data_unreliable"": false}]"
NIFTY,2026-09-15,CLOSING_1515_1529,PE,23200.0,15:15,15:29,54.85,54.95,"[{""minute"": ""15:15"", ""mid"": 54.85, ""bid"": 54.75, ""risk"": ""LOW"", ""action"": ""HOLD"", ""support"": ""STRONG"", ""n_neg"": 0, ""data_unreliable"": false}, {""minute"": ""15:16"", ""mid"": 44.875, ""bid"": 44.8, ""risk"": ""HIGH"", ""action"": ""PREPARE_EXIT"", ""support"": ""CONTRADICTED"", ""n_neg"": 5, ""data_unreliable"": false}, {""minute"": ""15:17"", ""mid"": 45.474999999999994, ""bid"": 45.4, ""risk"": ""EXTREME"", ""action"": ""BREAK_EXIT"", ""support"": ""CONTRADICTED"", ""n_neg"": 7, ""data_unreliable"": false}, {""minute"": ""15:18"", ""mid"": 50.8, ""bid"": 50.7, ""risk"": ""NORMAL"", ""action"": ""HOLD"", ""support"": ""NORMAL"", ""n_neg"": 1, ""data_unreliable"": false}, {""minute"": ""15:19"", ""mid"": 52.825, ""bid"": 52.75, ""risk"": ""NORMAL"", ""action"": ""HOLD"", ""support"": ""STRONG"", ""n_neg"": 0, ""data_unreliable"": false}, {""minute"": ""15:20"", ""mid"": 73.6, ""bid"": 73.5, ""risk"": ""NORMAL"", ""action"": ""HOLD"", ""support"": ""STRONG"", ""n_neg"": 0, ""data_unreliable"": false}, {""minute"": ""15:21"", ""mid"": 90.125, ""bid"": 89.95, ""risk"": ""NORMAL"", ""action"": ""HOLD"", ""support"": ""STRONG"", ""n_neg"": 0, ""data_unreliable"": false}, {""minute"": ""15:22"", ""mid"": 81.125, ""bid"": 80.95, ""risk"": ""ELEVATED"", ""action"": ""CAUTION"", ""support"": ""NORMAL"", ""n_neg"": 1, ""data_unreliable"": false}, {""minute"": ""15:23"", ""mid"": 85.15, ""bid"": 85.0, ""risk"": ""HIGH"", ""action"": ""PREPARE_EXIT"", ""support"": ""NORMAL"", ""n_neg"": 4, ""data_unreliable"": false}, {""minute"": ""15:24"", ""mid"": 73.35, ""bid"": 73.2, ""risk"": ""HIGH"", ""action"": ""PREPARE_EXIT"", ""support"": ""CONTRADICTED"", ""n_neg"": 6, ""data_unreliable"": false}, {""minute"": ""15:25"", ""mid"": 69.94999999999999, ""bid"": 69.8, ""risk"": ""HIGH"", ""action"": ""PREPARE_EXIT"", ""support"": ""CONTRADICTED"", ""n_neg"": 6, ""data_unreliable"": false}, {""minute"": ""15:26"", ""mid"": 82.4, ""bid"": 82.25, ""risk"": ""NORMAL"", ""action"": ""HOLD"", ""support"": ""NORMAL"", ""n_neg"": 1, ""data_unreliable"": false}, {""minute"": ""15:27"", ""mid"": 71.2, ""bid"": 71.15, ""risk"": ""ELEVATED"", ""action"": ""CAUTION"", ""support"": ""NORMAL"", ""n_neg"": 2, ""data_unreliable"": false}, {""minute"": ""15:28"", ""mid"": 77.25, ""bid"": 77.1, ""risk"": ""ELEVATED"", ""action"": ""CAUTION"", ""support"": ""NORMAL"", ""n_neg"": 3, ""data_unreliable"": false}, {""minute"": ""15:29"", ""mid"": 81.30000000000001, ""bid"": 81.2, ""risk"": ""NORMAL"", ""action"": ""HOLD"", ""support"": ""NORMAL"", ""n_neg"": 1, ""data_unreliable"": false}]"
SENSEX,2026-09-15,11D_SHAPED_1500_1519,CE,74100.0,15:00,15:19,402.15,402.7,"[{""minute"": ""15:00"", ""mid"": 402.15, ""bid"": 401.6, ""risk"": ""HIGH"", ""action"": ""PREPARE_EXIT"", ""support"": ""CONTRADICTED"", ""n_neg"": 4, ""data_unreliable"": false}, {""minute"": ""15:01"", ""mid"": 396.95000000000005, ""bid"": 396.55, ""risk"": ""EXTREME"", ""action"": ""BREAK_EXIT"", ""support"": ""CONTRADICTED"", ""n_neg"": 5, ""data_unreliable"": false}, {""minute"": ""15:02"", ""mid"": 415.20000000000005, ""bid"": 414.8, ""risk"": ""LOW"", ""action"": ""HOLD"", ""support"": ""STRONG"", ""n_neg"": 0, ""data_unreliable"": false}, {""minute"": ""15:03"", ""mid"": 409.15, ""bid"": 408.6, ""risk"": ""ELEVATED"", ""action"": ""CAUTION"", ""support"": ""NORMAL"", ""n_neg"": 1, ""data_unreliable"": false}, {""minute"": ""15:04"", ""mid"": 419.675, ""bid"": 419.35, ""risk"": ""NORMAL"", ""action"": ""HOLD"", ""support"": ""NORMAL"", ""n_neg"": 0, ""data_unreliable"": false}, {""minute"": ""15:05"", ""mid"": 416.15, ""bid"": 415.65, ""risk"": ""ELEVATED"", ""action"": ""CAUTION"", ""support"": ""NORMAL"", ""n_neg"": 1, ""data_unreliable"": false}, {""minute"": ""15:06"", ""mid"": 405.6, ""bid"": 405.1, ""risk"": ""EXTREME"", ""action"": ""BREAK_EXIT"", ""support"": ""CONTRADICTED"", ""n_neg"": 7, ""data_unreliable"": false}, {""minute"": ""15:07"", ""mid"": 424.67499999999995, ""bid"": 424.15, ""risk"": ""LOW"", ""action"": ""HOLD"", ""support"": ""STRONG"", ""n_neg"": 0, ""data_unreliable"": false}, {""minute"": ""15:08"", ""mid"": 412.92499999999995, ""bid"": 412.4, ""risk"": ""ELEVATED"", ""action"": ""CAUTION"", ""support"": ""NORMAL"", ""n_neg"": 2, ""data_unreliable"": false}, {""minute"": ""15:09"", ""mid"": 406.625, ""bid"": 406.4, ""risk"": ""EXTREME"", ""action"": ""BREAK_EXIT"", ""support"": ""CONTRADICTED"", ""n_neg"": 5, ""data_unreliable"": false}, {""minute"": ""15:10"", ""mid"": 405.0, ""bid"": 404.8, ""risk"": ""EXTREME"", ""action"": ""BREAK_EXIT"", ""support"": ""CONTRADICTED"", ""n_neg"": 4, ""data_unreliable"": false}, {""minute"": ""15:11"", ""mid"": 415.975, ""bid"": 415.95, ""risk"": ""LOW"", ""action"": ""HOLD"", ""support"": ""STRONG"", ""n_neg"": 0, ""data_unreliable"": false}, {""minute"": ""15:12"", ""mid"": 419.375, ""bid"": 418.85, ""risk"": ""LOW"", ""action"": ""HOLD"", ""support"": ""STRONG"", ""n_neg"": 0, ""data_unreliable"": false}, {""minute"": ""15:13"", ""mid"": 423.70000000000005, ""bid"": 423.35, ""risk"": ""LOW"", ""action"": ""HOLD"", ""support"": ""STRONG"", ""n_neg"": 0, ""data_unreliable"": false}, {""minute"": ""15:14"", ""mid"": 413.2, ""bid"": 412.75, ""risk"": ""EXTREME"", ""action"": ""BREAK_EXIT"", ""support"": ""CONTRADICTED"", ""n_neg"": 6, ""data_unreliable"": false}, {""minute"": ""15:15"", ""mid"": 396.4, ""bid"": 396.15, ""risk"": ""EXTREME"", ""action"": ""BREAK_EXIT"", ""support"": ""CONTRADICTED"", ""n_neg"": 7, ""data_unreliable"": false}, {""minute"": ""15:16"", ""mid"": 392.4, ""bid"": 391.85, ""risk"": ""EXTREME"", ""action"": ""BREAK_EXIT"", ""support"": ""CONTRADICTED"", ""n_neg"": 5, ""data_unreliable"": false}, {""minute"": ""15:17"", ""mid"": 377.425, ""bid"": 376.8, ""risk"": ""EXTREME"", ""action"": ""BREAK_EXIT"", ""support"": ""CONTRADICTED"", ""n_neg"": 7, ""data_unreliable"": false}, {""minute"": ""15:18"", ""mid"": 382.5, ""bid"": 381.6, ""risk"": ""EXTREME"", ""action"": ""BREAK_EXIT"", ""support"": ""CONTRADICTED"", ""n_neg"": 7, ""data_unreliable"": false}, {""minute"": ""15:19"", ""mid"": 386.975, ""bid"": 386.35, ""risk"": ""NORMAL"", ""action"": ""HOLD"", ""support"": ""NORMAL"", ""n_neg"": 1, ""data_unreliable"": false}]"
SENSEX,2026-09-15,11D_SHAPED_1500_1519,PE,74100.0,15:00,15:19,382.2,382.7,"[{""minute"": ""15:00"", ""mid"": 382.2, ""bid"": 381.7, ""risk"": ""ELEVATED"", ""action"": ""CAUTION"", ""support"": ""NORMAL"", ""n_neg"": 1, ""data_unreliable"": false}, {""minute"": ""15:01"", ""mid"": 384.4, ""bid"": 383.9, ""risk"": ""ELEVATED"", ""action"": ""CAUTION"", ""support"": ""NORMAL"", ""n_neg"": 2, ""data_unreliable"": false}, {""minute"": ""15:02"", ""mid"": 370.65, ""bid"": 370.3, ""risk"": ""EXTREME"", ""action"": ""BREAK_EXIT"", ""support"": ""CONTRADICTED"", ""n_neg"": 6, ""data_unreliable"": false}, {""minute"": ""15:03"", ""mid"": 379.375, ""bid"": 378.9, ""risk"": ""HIGH"", ""action"": ""PREPARE_EXIT"", ""support"": ""CONTRADICTED"", ""n_neg"": 4, ""data_unreliable"": false}, {""minute"": ""15:04"", ""mid"": 373.675, ""bid"": 373.25, ""risk"": ""HIGH"", ""action"": ""PREPARE_EXIT"", ""support"": ""CONTRADICTED"", ""n_neg"": 3, ""data_unreliable"": false}, {""minute"": ""15:05"", ""mid"": 373.7, ""bid"": 373.15, ""risk"": ""HIGH"", ""action"": ""PREPARE_EXIT"", ""support"": ""CONTRADICTED"", ""n_neg"": 4, ""data_unreliable"": false}, {""minute"": ""15:06"", ""mid"": 379.325, ""bid"": 378.9, ""risk"": ""LOW"", ""action"": ""HOLD"", ""support"": ""STRONG"", ""n_neg"": 0, ""data_unreliable"": false}, {""minute"": ""15:07"", ""mid"": 364.475, ""bid"": 364.0, ""risk"": ""HIGH"", ""action"": ""PREPARE_EXIT"", ""support"": ""CONTRADICTED"", ""n_neg"": 5, ""data_unreliable"": false}, {""minute"": ""15:08"", ""mid"": 369.6, ""bid"": 369.25, ""risk"": ""EXTREME"", ""action"": ""BREAK_EXIT"", ""support"": ""CONTRADICTED"", ""n_neg"": 6, ""data_unreliable"": false}, {""minute"": ""15:09"", ""mid"": 374.125, ""bid"": 373.8, ""risk"": ""NORMAL"", ""action"": ""HOLD"", ""support"": ""NORMAL"", ""n_neg"": 1, ""data_unreliable"": false}, {""minute"": ""15:10"", ""mid"": 372.85, ""bid"": 372.75, ""risk"": ""ELEVATED"", ""action"": ""CAUTION"", ""support"": ""NORMAL"", ""n_neg"": 1, ""data_unreliable"": false}, {""minute"": ""15:11"", ""mid"": 366.425, ""bid"": 366.0, ""risk"": ""HIGH"", ""action"": ""PREPARE_EXIT"", ""support"": ""CONTRADICTED"", ""n_neg"": 5, ""data_unreliable"": false}, {""minute"": ""15:12"", ""mid"": 362.475, ""bid"": 362.1, ""risk"": ""EXTREME"", ""action"": ""BREAK_EXIT"", ""support"": ""CONTRADICTED"", ""n_neg"": 5, ""data_unreliable"": false}, {""minute"": ""15:13"", ""mid"": 360.375, ""bid"": 360.2, ""risk"": ""HIGH"", ""action"": ""PREPARE_EXIT"", ""support"": ""CONTRADICTED"", ""n_neg"": 4, ""data_unreliable"": false}, {""minute"": ""15:14"", ""mid"": 366.55, ""bid"": 366.25, ""risk"": ""LOW"", ""action"": ""HOLD"", ""support"": ""STRONG"", ""n_neg"": 0, ""data_unreliable"": false}, {""minute"": ""15:15"", ""mid"": 375.15, ""bid"": 374.6, ""risk"": ""LOW"", ""action"": ""HOLD"", ""support"": ""STRONG"", ""n_neg"": 0, ""data_unreliable"": false}, {""minute"": ""15:16"", ""mid"": 359.35, ""bid"": 358.75, ""risk"": ""ELEVATED"", ""action"": ""CAUTION"", ""support"": ""NORMAL"", ""n_neg"": 3, ""data_unreliable"": false}, {""minute"": ""15:17"", ""mid"": 368.1, ""bid"": 367.25, ""risk"": ""HIGH"", ""action"": ""PREPARE_EXIT"", ""support"": ""CONTRADICTED"", ""n_neg"": 3, ""data_unreliable"": false}, {""minute"": ""15:18"", ""mid"": 367.2, ""bid"": 366.5, ""risk"": ""ELEVATED"", ""action"": ""CAUTION"", ""support"": ""NORMAL"", ""n_neg"": 2, ""data_unreliable"": false}, {""minute"": ""15:19"", ""mid"": 358.85, ""bid"": 358.2, ""risk"": ""ELEVATED"", ""action"": ""CAUTION"", ""support"": ""WEAK"", ""n_neg"": 4, ""data_unreliable"": false}]"
SENSEX,2026-09-15,CLOSING_1515_1529,CE,74100.0,15:15,15:29,396.4,396.65,"[{""minute"": ""15:15"", ""mid"": 396.4, ""bid"": 396.15, ""risk"": ""EXTREME"", ""action"": ""BREAK_EXIT"", ""support"": ""CONTRADICTED"", ""n_neg"": 7, ""data_unreliable"": false}, {""minute"": ""15:16"", ""mid"": 392.4, ""bid"": 391.85, ""risk"": ""EXTREME"", ""action"": ""BREAK_EXIT"", ""support"": ""CONTRADICTED"", ""n_neg"": 6, ""data_unreliable"": false}, {""minute"": ""15:17"", ""mid"": 377.425, ""bid"": 376.8, ""risk"": ""EXTREME"", ""action"": ""BREAK_EXIT"", ""support"": ""CONTRADICTED"", ""n_neg"": 8, ""data_unreliable"": false}, {""minute"": ""15:18"", ""mid"": 382.5, ""bid"": 381.6, ""risk"": ""EXTREME"", ""action"": ""BREAK_EXIT"", ""support"": ""CONTRADICTED"", ""n_neg"": 7, ""data_unreliable"": false}, {""minute"": ""15:19"", ""mid"": 386.975, ""bid"": 386.35, ""risk"": ""ELEVATED"", ""action"": ""CAUTION"", ""support"": ""NORMAL"", ""n_neg"": 2, ""data_unreliable"": false}, {""minute"": ""15:20"", ""mid"": 383.75, ""bid"": 383.1, ""risk"": ""ELEVATED"", ""action"": ""CAUTION"", ""support"": ""NORMAL"", ""n_neg"": 2, ""data_unreliable"": false}, {""minute"": ""15:21"", ""mid"": 386.475, ""bid"": 386.05, ""risk"": ""NORMAL"", ""action"": ""HOLD"", ""support"": ""NORMAL"", ""n_neg"": 1, ""data_unreliable"": false}, {""minute"": ""15:22"", ""mid"": 376.95000000000005, ""bid"": 376.3, ""risk"": ""EXTREME"", ""action"": ""BREAK_EXIT"", ""support"": ""CONTRADICTED"", ""n_neg"": 8, ""data_unreliable"": false}, {""minute"": ""15:23"", ""mid"": 376.4, ""bid"": 375.7, ""risk"": ""EXTREME"", ""action"": ""BREAK_EXIT"", ""support"": ""CONTRADICTED"", ""n_neg"": 7, ""data_unreliable"": false}, {""minute"": ""15:24"", ""mid"": 383.0, ""bid"": 382.3, ""risk"": ""ELEVATED"", ""action"": ""CAUTION"", ""support"": ""NORMAL"", ""n_neg"": 2, ""data_unreliable"": false}, {""minute"": ""15:25"", ""mid"": 381.025, ""bid"": 380.5, ""risk"": ""ELEVATED"", ""action"": ""CAUTION"", ""support"": ""NORMAL"", ""n_neg"": 2, ""data_unreliable"": false}, {""minute"": ""15:26"", ""mid"": 370.25, ""bid"": 369.2, ""risk"": ""HIGH"", ""action"": ""PREPARE_EXIT"", ""support"": ""CONTRADICTED"", ""n_neg"": 6, ""data_unreliable"": false}, {""minute"": ""15:27"", ""mid"": 387.975, ""bid"": 387.35, ""risk"": ""NORMAL"", ""action"": ""HOLD"", ""support"": ""NORMAL"", ""n_neg"": 1, ""data_unreliable"": false}, {""minute"": ""15:28"", ""mid"": 387.375, ""bid"": 386.75, ""risk"": ""HIGH"", ""action"": ""PREPARE_EXIT"", ""support"": ""NORMAL"", ""n_neg"": 3, ""data_unreliable"": false}, {""minute"": ""15:29"", ""mid"": 378.0, ""bid"": 377.4, ""risk"": ""HIGH"", ""action"": ""PREPARE_EXIT"", ""support"": ""CONTRADICTED"", ""n_neg"": 5, ""data_unreliable"": false}]"
SENSEX,2026-09-15,CLOSING_1515_1529,PE,74100.0,15:15,15:29,375.15,375.7,"[{""minute"": ""15:15"", ""mid"": 375.15, ""bid"": 374.6, ""risk"": ""LOW"", ""action"": ""HOLD"", ""support"": ""STRONG"", ""n_neg"": 0, ""data_unreliable"": false}, {""minute"": ""15:16"", ""mid"": 359.35, ""bid"": 358.75, ""risk"": ""ELEVATED"", ""action"": ""CAUTION"", ""support"": ""NORMAL"", ""n_neg"": 3, ""data_unreliable"": false}, {""minute"": ""15:17"", ""mid"": 368.1, ""bid"": 367.25, ""risk"": ""HIGH"", ""action"": ""PREPARE_EXIT"", ""support"": ""CONTRADICTED"", ""n_neg"": 3, ""data_unreliable"": false}, {""minute"": ""15:18"", ""mid"": 367.2, ""bid"": 366.5, ""risk"": ""ELEVATED"", ""action"": ""CAUTION"", ""support"": ""NORMAL"", ""n_neg"": 2, ""data_unreliable"": false}, {""minute"": ""15:19"", ""mid"": 358.85, ""bid"": 358.2, ""risk"": ""ELEVATED"", ""action"": ""CAUTION"", ""support"": ""WEAK"", ""n_neg"": 4, ""data_unreliable"": false}, {""minute"": ""15:20"", ""mid"": 363.2, ""bid"": 362.5, ""risk"": ""EXTREME"", ""action"": ""BREAK_EXIT"", ""support"": ""CONTRADICTED"", ""n_neg"": 5, ""data_unreliable"": false}, {""minute"": ""15:21"", ""mid"": 358.5, ""bid"": 357.85, ""risk"": ""ELEVATED"", ""action"": ""CAUTION"", ""support"": ""WEAK"", ""n_neg"": 2, ""data_unreliable"": false}, {""minute"": ""15:22"", ""mid"": 370.425, ""bid"": 369.6, ""risk"": ""NORMAL"", ""action"": ""HOLD"", ""support"": ""NORMAL"", ""n_neg"": 1, ""data_unreliable"": false}, {""minute"": ""15:23"", ""mid"": 369.8, ""bid"": 369.1, ""risk"": ""ELEVATED"", ""action"": ""CAUTION"", ""support"": ""NORMAL"", ""n_neg"": 1, ""data_unreliable"": false}, {""minute"": ""15:24"", ""mid"": 366.775, ""bid"": 366.15, ""risk"": ""ELEVATED"", ""action"": ""CAUTION"", ""support"": ""WEAK"", ""n_neg"": 3, ""data_unreliable"": false}, {""minute"": ""15:25"", ""mid"": 364.45, ""bid"": 363.9, ""risk"": ""EXTREME"", ""action"": ""BREAK_EXIT"", ""support"": ""CONTRADICTED"", ""n_neg"": 6, ""data_unreliable"": false}, {""minute"": ""15:26"", ""mid"": 355.6, ""bid"": 355.0, ""risk"": ""HIGH"", ""action"": ""PREPARE_EXIT"", ""support"": ""CONTRADICTED"", ""n_neg"": 5, ""data_unreliable"": false}, {""minute"": ""15:27"", ""mid"": 348.975, ""bid"": 348.4, ""risk"": ""EXTREME"", ""action"": ""BREAK_EXIT"", ""support"": ""CONTRADICTED"", ""n_neg"": 6, ""data_unreliable"": false}, {""minute"": ""15:28"", ""mid"": 360.3, ""bid"": 359.85, ""risk"": ""ELEVATED"", ""action"": ""CAUTION"", ""support"": ""WEAK"", ""n_neg"": 3, ""data_unreliable"": false}, {""minute"": ""15:29"", ""mid"": 368.20000000000005, ""bid"": 367.55, ""risk"": ""NORMAL"", ""action"": ""HOLD"", ""support"": ""STRONG"", ""n_neg"": 0, ""data_unreliable"": false}]"
NIFTY,2026-09-16,11D_SHAPED_1500_1519,CE,23250.0,15:00,15:19,145.325,145.5,"[{""minute"": ""15:00"", ""mid"": 145.325, ""bid"": 145.15, ""risk"": ""EXTREME"", ""action"": ""BREAK_EXIT"", ""support"": ""CONTRADICTED"", ""n_neg"": 6, ""data_unreliable"": false}, {""minute"": ""15:01"", ""mid"": 152.14999999999998, ""bid"": 151.95, ""risk"": ""EXTREME"", ""action"": ""BREAK_EXIT"", ""support"": ""CONTRADICTED"", ""n_neg"": 5, ""data_unreliable"": false}, {""minute"": ""15:02"", ""mid"": 154.325, ""bid"": 154.2, ""risk"": ""NORMAL"", ""action"": ""HOLD"", ""support"": ""NORMAL"", ""n_neg"": 1, ""data_unreliable"": false}, {""minute"": ""15:03"", ""mid"": 151.975, ""bid"": 151.85, ""risk"": ""HIGH"", ""action"": ""PREPARE_EXIT"", ""support"": ""CONTRADICTED"", ""n_neg"": 4, ""data_unreliable"": false}, {""minute"": ""15:04"", ""mid"": 150.775, ""bid"": 150.65, ""risk"": ""EXTREME"", ""action"": ""BREAK_EXIT"", ""support"": ""CONTRADICTED"", ""n_neg"": 5, ""data_unreliable"": false}, {""minute"": ""15:05"", ""mid"": 149.95, ""bid"": 149.75, ""risk"": ""EXTREME"", ""action"": ""BREAK_EXIT"", ""support"": ""CONTRADICTED"", ""n_neg"": 5, ""data_unreliable"": false}, {""minute"": ""15:06"", ""mid"": 144.575, ""bid"": 144.4, ""risk"": ""EXTREME"", ""action"": ""BREAK_EXIT"", ""support"": ""CONTRADICTED"", ""n_neg"": 6, ""data_unreliable"": false}, {""minute"": ""15:07"", ""mid"": 148.95, ""bid"": 148.75, ""risk"": ""ELEVATED"", ""action"": ""CAUTION"", ""support"": ""WEAK"", ""n_neg"": 3, ""data_unreliable"": false}, {""minute"": ""15:08"", ""mid"": 149.52499999999998, ""bid"": 149.35, ""risk"": ""LOW"", ""action"": ""HOLD"", ""support"": ""STRONG"", ""n_neg"": 0, ""data_unreliable"": false}, {""minute"": ""15:09"", ""mid"": 148.65, ""bid"": 148.5, ""risk"": ""HIGH"", ""action"": ""PREPARE_EXIT"", ""support"": ""CONTRADICTED"", ""n_neg"": 3, ""data_unreliable"": false}, {""minute"": ""15:10"", ""mid"": 152.35000000000002, ""bid"": 152.15, ""risk"": ""LOW"", ""action"": ""HOLD"", ""support"": ""STRONG"", ""n_neg"": 0, ""data_unreliable"": false}, {""minute"": ""15:11"", ""mid"": 150.375, ""bid"": 150.2, ""risk"": ""ELEVATED"", ""action"": ""CAUTION"", ""support"": ""NORMAL"", ""n_neg"": 1, ""data_unreliable"": false}, {""minute"": ""15:12"", ""mid"": 151.0, ""bid"": 150.8, ""risk"": ""ELEVATED"", ""action"": ""CAUTION"", ""support"": ""NORMAL"", ""n_neg"": 2, ""data_unreliable"": false}, {""minute"": ""15:13"", ""mid"": 148.9, ""bid"": 148.8, ""risk"": ""EXTREME"", ""action"": ""BREAK_EXIT"", ""support"": ""CONTRADICTED"", ""n_neg"": 5, ""data_unreliable"": false}, {""minute"": ""15:14"", ""mid"": 149.2, ""bid"": 149.05, ""risk"": ""EXTREME"", ""action"": ""BREAK_EXIT"", ""support"": ""CONTRADICTED"", ""n_neg"": 4, ""data_unreliable"": false}, {""minute"": ""15:15"", ""mid"": 153.72500000000002, ""bid"": 153.55, ""risk"": ""LOW"", ""action"": ""HOLD"", ""support"": ""STRONG"", ""n_neg"": 0, ""data_unreliable"": false}, {""minute"": ""15:16"", ""mid"": 152.95, ""bid"": 152.8, ""risk"": ""ELEVATED"", ""action"": ""CAUTION"", ""support"": ""NORMAL"", ""n_neg"": 1, ""data_unreliable"": false}, {""minute"": ""15:17"", ""mid"": 151.15, ""bid"": 151.0, ""risk"": ""ELEVATED"", ""action"": ""CAUTION"", ""support"": ""WEAK"", ""n_neg"": 4, ""data_unreliable"": false}, {""minute"": ""15:18"", ""mid"": 149.675, ""bid"": 149.5, ""risk"": ""EXTREME"", ""action"": ""BREAK_EXIT"", ""support"": ""CONTRADICTED"", ""n_neg"": 6, ""data_unreliable"": false}, {""minute"": ""15:19"", ""mid"": 149.95, ""bid"": 149.75, ""risk"": ""HIGH"", ""action"": ""PREPARE_EXIT"", ""support"": ""CONTRADICTED"", ""n_neg"": 4, ""data_unreliable"": false}]"
NIFTY,2026-09-16,11D_SHAPED_1500_1519,PE,23250.0,15:00,15:19,164.75,164.95,"[{""minute"": ""15:00"", ""mid"": 164.75, ""bid"": 164.55, ""risk"": ""LOW"", ""action"": ""HOLD"", ""support"": ""STRONG"", ""n_neg"": 0, ""data_unreliable"": false}, {""minute"": ""15:01"", ""mid"": 158.39999999999998, ""bid"": 158.2, ""risk"": ""ELEVATED"", ""action"": ""CAUTION"", ""support"": ""NORMAL"", ""n_neg"": 1, ""data_unreliable"": false}, {""minute"": ""15:02"", ""mid"": 155.14999999999998, ""bid"": 154.95, ""risk"": ""EXTREME"", ""action"": ""BREAK_EXIT"", ""support"": ""CONTRADICTED"", ""n_neg"": 5, ""data_unreliable"": false}, {""minute"": ""15:03"", ""mid"": 157.575, ""bid"": 157.35, ""risk"": ""ELEVATED"", ""action"": ""CAUTION"", ""support"": ""WEAK"", ""n_neg"": 4, ""data_unreliable"": false}, {""minute"": ""15:04"", ""mid"": 158.7, ""bid"": 158.6, ""risk"": ""LOW"", ""action"": ""HOLD"", ""support"": ""STRONG"", ""n_neg"": 0, ""data_unreliable"": false}, {""minute"": ""15:05"", ""mid"": 158.6, ""bid"": 158.45, ""risk"": ""ELEVATED"", ""action"": ""CAUTION"", ""support"": ""NORMAL"", ""n_neg"": 1, ""data_unreliable"": false}, {""minute"": ""15:06"", ""mid"": 162.775, ""bid"": 162.65, ""risk"": ""LOW"", ""action"": ""HOLD"", ""support"": ""STRONG"", ""n_neg"": 0, ""data_unreliable"": false}, {""minute"": ""15:07"", ""mid"": 157.8, ""bid"": 157.6, ""risk"": ""HIGH"", ""action"": ""PREPARE_EXIT"", ""support"": ""CONTRADICTED"", ""n_neg"": 3, ""data_unreliable"": false}, {""minute"": ""15:08"", ""mid"": 157.60000000000002, ""bid"": 157.4, ""risk"": ""HIGH"", ""action"": ""PREPARE_EXIT"", ""support"": ""CONTRADICTED"", ""n_neg"": 4, ""data_unreliable"": false}, {""minute"": ""15:09"", ""mid"": 158.95, ""bid"": 158.8, ""risk"": ""NORMAL"", ""action"": ""HOLD"", ""support"": ""NORMAL"", ""n_neg"": 1, ""data_unreliable"": false}, {""minute"": ""15:10"", ""mid"": 156.39999999999998, ""bid"": 156.2, ""risk"": ""HIGH"", ""action"": ""PREPARE_EXIT"", ""support"": ""CONTRADICTED"", ""n_neg"": 4, ""data_unreliable"": false}, {""minute"": ""15:11"", ""mid"": 159.925, ""bid"": 159.8, ""risk"": ""ELEVATED"", ""action"": ""CAUTION"", ""support"": ""NORMAL"", ""n_neg"": 1, ""data_unreliable"": false}, {""minute"": ""15:12"", ""mid"": 158.77499999999998, ""bid"": 158.6, ""risk"": ""ELEVATED"", ""action"": ""CAUTION"", ""support"": ""NORMAL"", ""n_neg"": 1, ""data_unreliable"": false}, {""minute"": ""15:13"", ""mid"": 160.0, ""bid"": 159.95, ""risk"": ""NORMAL"", ""action"": ""HOLD"", ""support"": ""NORMAL"", ""n_neg"": 0, ""data_unreliable"": false}, {""minute"": ""15:14"", ""mid"": 160.10000000000002, ""bid"": 159.9, ""risk"": ""NORMAL"", ""action"": ""HOLD"", ""support"": ""NORMAL"", ""n_neg"": 0, ""data_unreliable"": false}, {""minute"": ""15:15"", ""mid"": 152.675, ""bid"": 152.45, ""risk"": ""EXTREME"", ""action"": ""BREAK_EXIT"", ""support"": ""CONTRADICTED"", ""n_neg"": 8, ""data_unreliable"": false}, {""minute"": ""15:16"", ""mid"": 153.0, ""bid"": 152.8, ""risk"": ""EXTREME"", ""action"": ""BREAK_EXIT"", ""support"": ""CONTRADICTED"", ""n_neg"": 7, ""data_unreliable"": false}, {""minute"": ""15:17"", ""mid"": 155.5, ""bid"": 155.3, ""risk"": ""NORMAL"", ""action"": ""HOLD"", ""support"": ""NORMAL"", ""n_neg"": 1, ""data_unreliable"": false}, {""minute"": ""15:18"", ""mid"": 158.425, ""bid"": 158.25, ""risk"": ""NORMAL"", ""action"": ""HOLD"", ""support"": ""STRONG"", ""n_neg"": 0, ""data_unreliable"": false}, {""minute"": ""15:19"", ""mid"": 157.425, ""bid"": 157.25, ""risk"": ""ELEVATED"", ""action"": ""CAUTION"", ""support"": ""NORMAL"", ""n_neg"": 1, ""data_unreliable"": false}]"
NIFTY,2026-09-16,CLOSING_1515_1529,CE,23250.0,15:15,15:29,153.72500000000002,153.9,"[{""minute"": ""15:15"", ""mid"": 153.72500000000002, ""bid"": 153.55, ""risk"": ""LOW"", ""action"": ""HOLD"", ""support"": ""STRONG"", ""n_neg"": 0, ""data_unreliable"": false}, {""minute"": ""15:16"", ""mid"": 152.95, ""bid"": 152.8, ""risk"": ""ELEVATED"", ""action"": ""CAUTION"", ""support"": ""NORMAL"", ""n_neg"": 1, ""data_unreliable"": false}, {""minute"": ""15:17"", ""mid"": 151.15, ""bid"": 151.0, ""risk"": ""ELEVATED"", ""action"": ""CAUTION"", ""support"": ""WEAK"", ""n_neg"": 4, ""data_unreliable"": false}, {""minute"": ""15:18"", ""mid"": 149.675, ""bid"": 149.5, ""risk"": ""EXTREME"", ""action"": ""BREAK_EXIT"", ""support"": ""CONTRADICTED"", ""n_neg"": 6, ""data_unreliable"": false}, {""minute"": ""15:19"", ""mid"": 149.95, ""bid"": 149.75, ""risk"": ""HIGH"", ""action"": ""PREPARE_EXIT"", ""support"": ""CONTRADICTED"", ""n_neg"": 4, ""data_unreliable"": false}, {""minute"": ""15:20"", ""mid"": 148.25, ""bid"": 148.1, ""risk"": ""EXTREME"", ""action"": ""BREAK_EXIT"", ""support"": ""CONTRADICTED"", ""n_neg"": 5, ""data_unreliable"": false}, {""minute"": ""15:21"", ""mid"": 150.725, ""bid"": 150.6, ""risk"": ""NORMAL"", ""action"": ""HOLD"", ""support"": ""STRONG"", ""n_neg"": 0, ""data_unreliable"": false}, {""minute"": ""15:22"", ""mid"": 151.375, ""bid"": 151.3, ""risk"": ""NORMAL"", ""action"": ""HOLD"", ""support"": ""STRONG"", ""n_neg"": 0, ""data_unreliable"": false}, {""minute"": ""15:23"", ""mid"": 151.1, ""bid"": 151.0, ""risk"": ""ELEVATED"", ""action"": ""CAUTION"", ""support"": ""NORMAL"", ""n_neg"": 1, ""data_unreliable"": false}, {""minute"": ""15:24"", ""mid"": 150.64999999999998, ""bid"": 150.45, ""risk"": ""HIGH"", ""action"": ""PREPARE_EXIT"", ""support"": ""CONTRADICTED"", ""n_neg"": 3, ""data_unreliable"": false}, {""minute"": ""15:25"", ""mid"": 150.325, ""bid"": 150.15, ""risk"": ""ELEVATED"", ""action"": ""CAUTION"", ""support"": ""WEAK"", ""n_neg"": 2, ""data_unreliable"": false}, {""minute"": ""15:26"", ""mid"": 146.85000000000002, ""bid"": 146.65, ""risk"": ""EXTREME"", ""action"": ""BREAK_EXIT"", ""support"": ""CONTRADICTED"", ""n_neg"": 5, ""data_unreliable"": false}, {""minute"": ""15:27"", ""mid"": 147.72500000000002, ""bid"": 147.55, ""risk"": ""EXTREME"", ""action"": ""BREAK_EXIT"", ""support"": ""CONTRADICTED"", ""n_neg"": 5, ""data_unreliable"": false}, {""minute"": ""15:28"", ""mid"": 146.77499999999998, ""bid"": 146.6, ""risk"": ""HIGH"", ""action"": ""PREPARE_EXIT"", ""support"": ""CONTRADICTED"", ""n_neg"": 3, ""data_unreliable"": false}, {""minute"": ""15:29"", ""mid"": 144.45, ""bid"": 144.25, ""risk"": ""EXTREME"", ""action"": ""BREAK_EXIT"", ""support"": ""CONTRADICTED"", ""n_neg"": 5, ""data_unreliable"": false}]"
NIFTY,2026-09-16,CLOSING_1515_1529,PE,23250.0,15:15,15:29,152.675,152.9,"[{""minute"": ""15:15"", ""mid"": 152.675, ""bid"": 152.45, ""risk"": ""EXTREME"", ""action"": ""BREAK_EXIT"", ""support"": ""CONTRADICTED"", ""n_neg"": 8, ""data_unreliable"": false}, {""minute"": ""15:16"", ""mid"": 153.0, ""bid"": 152.8, ""risk"": ""EXTREME"", ""action"": ""BREAK_EXIT"", ""support"": ""CONTRADICTED"", ""n_neg"": 7, ""data_unreliable"": false}, {""minute"": ""15:17"", ""mid"": 155.5, ""bid"": 155.3, ""risk"": ""NORMAL"", ""action"": ""HOLD"", ""support"": ""NORMAL"", ""n_neg"": 1, ""data_unreliable"": false}, {""minute"": ""15:18"", ""mid"": 158.425, ""bid"": 158.25, ""risk"": ""NORMAL"", ""action"": ""HOLD"", ""support"": ""STRONG"", ""n_neg"": 0, ""data_unreliable"": false}, {""minute"": ""15:19"", ""mid"": 157.425, ""bid"": 157.25, ""risk"": ""ELEVATED"", ""action"": ""CAUTION"", ""support"": ""NORMAL"", ""n_neg"": 1, ""data_unreliable"": false}, {""minute"": ""15:20"", ""mid"": 158.625, ""bid"": 158.45, ""risk"": ""NORMAL"", ""action"": ""HOLD"", ""support"": ""STRONG"", ""n_neg"": 0, ""data_unreliable"": false}, {""minute"": ""15:21"", ""mid"": 154.825, ""bid"": 154.75, ""risk"": ""EXTREME"", ""action"": ""BREAK_EXIT"", ""support"": ""CONTRADICTED"", ""n_neg"": 6, ""data_unreliable"": false}, {""minute"": ""15:22"", ""mid"": 152.925, ""bid"": 152.7, ""risk"": ""EXTREME"", ""action"": ""BREAK_EXIT"", ""support"": ""CONTRADICTED"", ""n_neg"": 6, ""data_unreliable"": false}, {""minute"": ""15:23"", ""mid"": 153.175, ""bid"": 153.05, ""risk"": ""EXTREME"", ""action"": ""BREAK_EXIT"", ""support"": ""CONTRADICTED"", ""n_neg"": 5, ""data_unreliable"": false}, {""minute"": ""15:24"", ""mid"": 153.8, ""bid"": 153.6, ""risk"": ""NORMAL"", ""action"": ""HOLD"", ""support"": ""NORMAL"", ""n_neg"": 1, ""data_unreliable"": false}, {""minute"": ""15:25"", ""mid"": 153.5, ""bid"": 153.3, ""risk"": ""ELEVATED"", ""action"": ""CAUTION"", ""support"": ""WEAK"", ""n_neg"": 1, ""data_unreliable"": false}, {""minute"": ""15:26"", ""mid"": 155.02499999999998, ""bid"": 154.85, ""risk"": ""NORMAL"", ""action"": ""HOLD"", ""support"": ""STRONG"", ""n_neg"": 0, ""data_unreliable"": false}, {""minute"": ""15:27"", ""mid"": 154.75, ""bid"": 154.7, ""risk"": ""ELEVATED"", ""action"": ""CAUTION"", ""support"": ""NORMAL"", ""n_neg"": 1, ""data_unreliable"": false}, {""minute"": ""15:28"", ""mid"": 154.425, ""bid"": 154.25, ""risk"": ""NORMAL"", ""action"": ""HOLD"", ""support"": ""NORMAL"", ""n_neg"": 0, ""data_unreliable"": false}, {""minute"": ""15:29"", ""mid"": 155.825, ""bid"": 155.65, ""risk"": ""NORMAL"", ""action"": ""HOLD"", ""support"": ""STRONG"", ""n_neg"": 0, ""data_unreliable"": false}]"
SENSEX,2026-09-16,11D_SHAPED_1500_1519,CE,74300.0,15:00,15:19,282.325,282.75,"[{""minute"": ""15:00"", ""mid"": 282.325, ""bid"": 281.9, ""risk"": ""EXTREME"", ""action"": ""BREAK_EXIT"", ""support"": ""CONTRADICTED"", ""n_neg"": 7, ""data_unreliable"": false}, {""minute"": ""15:01"", ""mid"": 290.625, ""bid"": 290.2, ""risk"": ""EXTREME"", ""action"": ""BREAK_EXIT"", ""support"": ""CONTRADICTED"", ""n_neg"": 5, ""data_unreliable"": false}, {""minute"": ""15:02"", ""mid"": 297.9, ""bid"": 297.55, ""risk"": ""NORMAL"", ""action"": ""HOLD"", ""support"": ""NORMAL"", ""n_neg"": 1, ""data_unreliable"": false}, {""minute"": ""15:03"", ""mid"": 296.325, ""bid"": 295.95, ""risk"": ""ELEVATED"", ""action"": ""CAUTION"", ""support"": ""NORMAL"", ""n_neg"": 1, ""data_unreliable"": false}, {""minute"": ""15:04"", ""mid"": 297.57500000000005, ""bid"": 297.3, ""risk"": ""NORMAL"", ""action"": ""HOLD"", ""support"": ""NORMAL"", ""n_neg"": 1, ""data_unreliable"": false}, {""minute"": ""15:05"", ""mid"": 291.825, ""bid"": 291.5, ""risk"": ""EXTREME"", ""action"": ""BREAK_EXIT"", ""support"": ""CONTRADICTED"", ""n_neg"": 5, ""data_unreliable"": false}, {""minute"": ""15:06"", ""mid"": 277.125, ""bid"": 277.0, ""risk"": ""HIGH"", ""action"": ""PREPARE_EXIT"", ""support"": ""CONTRADICTED"", ""n_neg"": 6, ""data_unreliable"": false}, {""minute"": ""15:07"", ""mid"": 287.025, ""bid"": 286.9, ""risk"": ""EXTREME"", ""action"": ""BREAK_EXIT"", ""support"": ""CONTRADICTED"", ""n_neg"": 5, ""data_unreliable"": false}, {""minute"": ""15:08"", ""mid"": 283.725, ""bid"": 283.35, ""risk"": ""ELEVATED"", ""action"": ""CAUTION"", ""support"": ""NORMAL"", ""n_neg"": 1, ""data_unreliable"": false}, {""minute"": ""15:09"", ""mid"": 282.9, ""bid"": 282.6, ""risk"": ""ELEVATED"", ""action"": ""CAUTION"", ""support"": ""WEAK"", ""n_neg"": 3, ""data_unreliable"": false}, {""minute"": ""15:10"", ""mid"": 289.975, ""bid"": 289.55, ""risk"": ""LOW"", ""action"": ""HOLD"", ""support"": ""STRONG"", ""n_neg"": 0, ""data_unreliable"": false}, {""minute"": ""15:11"", ""mid"": 284.775, ""bid"": 284.4, ""risk"": ""ELEVATED"", ""action"": ""CAUTION"", ""support"": ""WEAK"", ""n_neg"": 2, ""data_unreliable"": false}, {""minute"": ""15:12"", ""mid"": 283.05, ""bid"": 282.8, ""risk"": ""HIGH"", ""action"": ""PREPARE_EXIT"", ""support"": ""CONTRADICTED"", ""n_neg"": 4, ""data_unreliable"": false}, {""minute"": ""15:13"", ""mid"": 279.55, ""bid"": 279.25, ""risk"": ""EXTREME"", ""action"": ""BREAK_EXIT"", ""support"": ""CONTRADICTED"", ""n_neg"": 6, ""data_unreliable"": false}, {""minute"": ""15:14"", ""mid"": 281.425, ""bid"": 281.05, ""risk"": ""ELEVATED"", ""action"": ""CAUTION"", ""support"": ""WEAK"", ""n_neg"": 2, ""data_unreliable"": false}, {""minute"": ""15:15"", ""mid"": 278.7, ""bid"": 278.4, ""risk"": ""HIGH"", ""action"": ""PREPARE_EXIT"", ""support"": ""CONTRADICTED"", ""n_neg"": 5, ""data_unreliable"": false}, {""minute"": ""15:16"", ""mid"": 296.325, ""bid"": 296.0, ""risk"": ""NORMAL"", ""action"": ""HOLD"", ""support"": ""STRONG"", ""n_neg"": 0, ""data_unreliable"": false}, {""minute"": ""15:17"", ""mid"": 297.65, ""bid"": 297.25, ""risk"": ""NORMAL"", ""action"": ""HOLD"", ""support"": ""STRONG"", ""n_neg"": 0, ""data_unreliable"": false}, {""minute"": ""15:18"", ""mid"": 293.55, ""bid"": 293.3, ""risk"": ""HIGH"", ""action"": ""PREPARE_EXIT"", ""support"": ""CONTRADICTED"", ""n_neg"": 4, ""data_unreliable"": false}, {""minute"": ""15:19"", ""mid"": 290.65, ""bid"": 290.25, ""risk"": ""EXTREME"", ""action"": ""BREAK_EXIT"", ""support"": ""CONTRADICTED"", ""n_neg"": 5, ""data_unreliable"": false}]"
SENSEX,2026-09-16,11D_SHAPED_1500_1519,PE,74300.0,15:00,15:19,314.85,315.3,"[{""minute"": ""15:00"", ""mid"": 314.85, ""bid"": 314.4, ""risk"": ""LOW"", ""action"": ""HOLD"", ""support"": ""STRONG"", ""n_neg"": 0, ""data_unreliable"": false}, {""minute"": ""15:01"", ""mid"": 307.45, ""bid"": 307.2, ""risk"": ""ELEVATED"", ""action"": ""CAUTION"", ""support"": ""NORMAL"", ""n_neg"": 1, ""data_unreliable"": false}, {""minute"": ""15:02"", ""mid"": 299.25, ""bid"": 299.0, ""risk"": ""HIGH"", ""action"": ""PREPARE_EXIT"", ""support"": ""CONTRADICTED"", ""n_neg"": 5, ""data_unreliable"": false}, {""minute"": ""15:03"", ""mid"": 302.725, ""bid"": 302.4, ""risk"": ""EXTREME"", ""action"": ""BREAK_EXIT"", ""support"": ""CONTRADICTED"", ""n_neg"": 6, ""data_unreliable"": false}, {""minute"": ""15:04"", ""mid"": 299.95000000000005, ""bid"": 299.6, ""risk"": ""ELEVATED"", ""action"": ""CAUTION"", ""support"": ""WEAK"", ""n_neg"": 2, ""data_unreliable"": false}, {""minute"": ""15:05"", ""mid"": 304.35, ""bid"": 304.0, ""risk"": ""LOW"", ""action"": ""HOLD"", ""support"": ""STRONG"", ""n_neg"": 0, ""data_unreliable"": false}, {""minute"": ""15:06"", ""mid"": 317.875, ""bid"": 317.4, ""risk"": ""LOW"", ""action"": ""HOLD"", ""support"": ""STRONG"", ""n_neg"": 0, ""data_unreliable"": false}, {""minute"": ""15:07"", ""mid"": 306.775, ""bid"": 306.4, ""risk"": ""ELEVATED"", ""action"": ""CAUTION"", ""support"": ""NORMAL"", ""n_neg"": 1, ""data_unreliable"": false}, {""minute"": ""15:08"", ""mid"": 311.92499999999995, ""bid"": 311.7, ""risk"": ""HIGH"", ""action"": ""PREPARE_EXIT"", ""support"": ""CONTRADICTED"", ""n_neg"": 4, ""data_unreliable"": false}, {""minute"": ""15:09"", ""mid"": 313.975, ""bid"": 313.65, ""risk"": ""NORMAL"", ""action"": ""HOLD"", ""support"": ""NORMAL"", ""n_neg"": 1, ""data_unreliable"": false}, {""minute"": ""15:10"", ""mid"": 310.875, ""bid"": 310.55, ""risk"": ""ELEVATED"", ""action"": ""CAUTION"", ""support"": ""WEAK"", ""n_neg"": 3, ""data_unreliable"": false}, {""minute"": ""15:11"", ""mid"": 318.475, ""bid"": 318.15, ""risk"": ""NORMAL"", ""action"": ""HOLD"", ""support"": ""NORMAL"", ""n_neg"": 0, ""data_unreliable"": false}, {""minute"": ""15:12"", ""mid"": 316.425, ""bid"": 316.0, ""risk"": ""ELEVATED"", ""action"": ""CAUTION"", ""support"": ""NORMAL"", ""n_neg"": 1, ""data_unreliable"": false}, {""minute"": ""15:13"", ""mid"": 319.825, ""bid"": 319.4, ""risk"": ""LOW"", ""action"": ""HOLD"", ""support"": ""STRONG"", ""n_neg"": 0, ""data_unreliable"": false}, {""minute"": ""15:14"", ""mid"": 318.95, ""bid"": 318.7, ""risk"": ""ELEVATED"", ""action"": ""CAUTION"", ""support"": ""NORMAL"", ""n_neg"": 1, ""data_unreliable"": false}, {""minute"": ""15:15"", ""mid"": 318.625, ""bid"": 318.3, ""risk"": ""ELEVATED"", ""action"": ""CAUTION"", ""support"": ""WEAK"", ""n_neg"": 2, ""data_unreliable"": false}, {""minute"": ""15:16"", ""mid"": 294.7, ""bid"": 294.4, ""risk"": ""EXTREME"", ""action"": ""BREAK_EXIT"", ""support"": ""CONTRADICTED"", ""n_neg"": 8, ""data_unreliable"": false}, {""minute"": ""15:17"", ""mid"": 298.15, ""bid"": 297.75, ""risk"": ""EXTREME"", ""action"": ""BREAK_EXIT"", ""support"": ""CONTRADICTED"", ""n_neg"": 5, ""data_unreliable"": false}, {""minute"": ""15:18"", ""mid"": 303.025, ""bid"": 302.7, ""risk"": ""NORMAL"", ""action"": ""HOLD"", ""support"": ""NORMAL"", ""n_neg"": 1, ""data_unreliable"": false}, {""minute"": ""15:19"", ""mid"": 307.275, ""bid"": 306.85, ""risk"": ""NORMAL"", ""action"": ""HOLD"", ""support"": ""STRONG"", ""n_neg"": 0, ""data_unreliable"": false}]"
SENSEX,2026-09-16,CLOSING_1515_1529,CE,74300.0,15:15,15:29,278.7,279.0,"[{""minute"": ""15:15"", ""mid"": 278.7, ""bid"": 278.4, ""risk"": ""HIGH"", ""action"": ""PREPARE_EXIT"", ""support"": ""CONTRADICTED"", ""n_neg"": 5, ""data_unreliable"": false}, {""minute"": ""15:16"", ""mid"": 296.325, ""bid"": 296.0, ""risk"": ""NORMAL"", ""action"": ""HOLD"", ""support"": ""STRONG"", ""n_neg"": 0, ""data_unreliable"": false}, {""minute"": ""15:17"", ""mid"": 297.65, ""bid"": 297.25, ""risk"": ""NORMAL"", ""action"": ""HOLD"", ""support"": ""STRONG"", ""n_neg"": 0, ""data_unreliable"": false}, {""minute"": ""15:18"", ""mid"": 293.55, ""bid"": 293.3, ""risk"": ""HIGH"", ""action"": ""PREPARE_EXIT"", ""support"": ""CONTRADICTED"", ""n_neg"": 4, ""data_unreliable"": false}, {""minute"": ""15:19"", ""mid"": 290.65, ""bid"": 290.25, ""risk"": ""EXTREME"", ""action"": ""BREAK_EXIT"", ""support"": ""CONTRADICTED"", ""n_neg"": 5, ""data_unreliable"": false}, {""minute"": ""15:20"", ""mid"": 303.0, ""bid"": 302.55, ""risk"": ""NORMAL"", ""action"": ""HOLD"", ""support"": ""STRONG"", ""n_neg"": 0, ""data_unreliable"": false}, {""minute"": ""15:21"", ""mid"": 296.575, ""bid"": 296.15, ""risk"": ""ELEVATED"", ""action"": ""CAUTION"", ""support"": ""NORMAL"", ""n_neg"": 1, ""data_unreliable"": false}, {""minute"": ""15:22"", ""mid"": 311.25, ""bid"": 311.05, ""risk"": ""NORMAL"", ""action"": ""HOLD"", ""support"": ""STRONG"", ""n_neg"": 0, ""data_unreliable"": false}, {""minute"": ""15:23"", ""mid"": 299.225, ""bid"": 298.8, ""risk"": ""ELEVATED"", ""action"": ""CAUTION"", ""support"": ""NORMAL"", ""n_neg"": 2, ""data_unreliable"": false}, {""minute"": ""15:24"", ""mid"": 290.275, ""bid"": 289.85, ""risk"": ""EXTREME"", ""action"": ""BREAK_EXIT"", ""support"": ""CONTRADICTED"", ""n_neg"": 7, ""data_unreliable"": false}, {""minute"": ""15:25"", ""mid"": 292.25, ""bid"": 292.0, ""risk"": ""EXTREME"", ""action"": ""BREAK_EXIT"", ""support"": ""CONTRADICTED"", ""n_neg"": 7, ""data_unreliable"": false}, {""minute"": ""15:26"", ""mid"": 278.65, ""bid"": 278.3, ""risk"": ""EXTREME"", ""action"": ""BREAK_EXIT"", ""support"": ""CONTRADICTED"", ""n_neg"": 8, ""data_unreliable"": false}, {""minute"": ""15:27"", ""mid"": 278.79999999999995, ""bid"": 278.7, ""risk"": ""EXTREME"", ""action"": ""BREAK_EXIT"", ""support"": ""CONTRADICTED"", ""n_neg"": 6, ""data_unreliable"": false}, {""minute"": ""15:28"", ""mid"": 271.25, ""bid"": 271.15, ""risk"": ""EXTREME"", ""action"": ""BREAK_EXIT"", ""support"": ""CONTRADICTED"", ""n_neg"": 7, ""data_unreliable"": false}, {""minute"": ""15:29"", ""mid"": 264.85, ""bid"": 264.5, ""risk"": ""EXTREME"", ""action"": ""BREAK_EXIT"", ""support"": ""CONTRADICTED"", ""n_neg"": 7, ""data_unreliable"": false}]"
SENSEX,2026-09-16,CLOSING_1515_1529,PE,74300.0,15:15,15:29,318.625,318.95,"[{""minute"": ""15:15"", ""mid"": 318.625, ""bid"": 318.3, ""risk"": ""ELEVATED"", ""action"": ""CAUTION"", ""support"": ""WEAK"", ""n_neg"": 2, ""data_unreliable"": false}, {""minute"": ""15:16"", ""mid"": 294.7, ""bid"": 294.4, ""risk"": ""EXTREME"", ""action"": ""BREAK_EXIT"", ""support"": ""CONTRADICTED"", ""n_neg"": 8, ""data_unreliable"": false}, {""minute"": ""15:17"", ""mid"": 298.15, ""bid"": 297.75, ""risk"": ""EXTREME"", ""action"": ""BREAK_EXIT"", ""support"": ""CONTRADICTED"", ""n_neg"": 5, ""data_unreliable"": false}, {""minute"": ""15:18"", ""mid"": 303.025, ""bid"": 302.7, ""risk"": ""NORMAL"", ""action"": ""HOLD"", ""support"": ""NORMAL"", ""n_neg"": 1, ""data_unreliable"": false}, {""minute"": ""15:19"", ""mid"": 307.275, ""bid"": 306.85, ""risk"": ""NORMAL"", ""action"": ""HOLD"", ""support"": ""STRONG"", ""n_neg"": 0, ""data_unreliable"": false}, {""minute"": ""15:20"", ""mid"": 290.4, ""bid"": 290.15, ""risk"": ""EXTREME"", ""action"": ""BREAK_EXIT"", ""support"": ""CONTRADICTED"", ""n_neg"": 9, ""data_unreliable"": false}, {""minute"": ""15:21"", ""mid"": 292.70000000000005, ""bid"": 292.3, ""risk"": ""EXTREME"", ""action"": ""BREAK_EXIT"", ""support"": ""CONTRADICTED"", ""n_neg"": 6, ""data_unreliable"": false}, {""minute"": ""15:22"", ""mid"": 273.7, ""bid"": 273.25, ""risk"": ""EXTREME"", ""action"": ""BREAK_EXIT"", ""support"": ""CONTRADICTED"", ""n_neg"": 8, ""data_unreliable"": false}, {""minute"": ""15:23"", ""mid"": 286.575, ""bid"": 286.2, ""risk"": ""EXTREME"", ""action"": ""BREAK_EXIT"", ""support"": ""CONTRADICTED"", ""n_neg"": 4, ""data_unreliable"": false}, {""minute"": ""15:24"", ""mid"": 292.82500000000005, ""bid"": 292.55, ""risk"": ""NORMAL"", ""action"": ""HOLD"", ""support"": ""STRONG"", ""n_neg"": 0, ""data_unreliable"": false}, {""minute"": ""15:25"", ""mid"": 291.425, ""bid"": 291.1, ""risk"": ""ELEVATED"", ""action"": ""CAUTION"", ""support"": ""NORMAL"", ""n_neg"": 1, ""data_unreliable"": false}, {""minute"": ""15:26"", ""mid"": 301.475, ""bid"": 301.25, ""risk"": ""NORMAL"", ""action"": ""HOLD"", ""support"": ""STRONG"", ""n_neg"": 0, ""data_unreliable"": false}, {""minute"": ""15:27"", ""mid"": 297.65, ""bid"": 297.15, ""risk"": ""ELEVATED"", ""action"": ""CAUTION"", ""support"": ""NORMAL"", ""n_neg"": 2, ""data_unreliable"": false}, {""minute"": ""15:28"", ""mid"": 298.375, ""bid"": 297.95, ""risk"": ""HIGH"", ""action"": ""PREPARE_EXIT"", ""support"": ""NORMAL"", ""n_neg"": 3, ""data_unreliable"": false}, {""minute"": ""15:29"", ""mid"": 306.25, ""bid"": 305.95, ""risk"": ""NORMAL"", ""action"": ""HOLD"", ""support"": ""STRONG"", ""n_neg"": 0, ""data_unreliable"": false}]"
NIFTY,2026-09-17,11D_SHAPED_1500_1519,CE,23300.0,15:00,15:19,110.25,110.4,"[{""minute"": ""15:00"", ""mid"": 110.25, ""bid"": 110.1, ""risk"": ""EXTREME"", ""action"": ""BREAK_EXIT"", ""support"": ""CONTRADICTED"", ""n_neg"": 6, ""data_unreliable"": false}, {""minute"": ""15:01"", ""mid"": 114.6, ""bid"": 114.45, ""risk"": ""LOW"", ""action"": ""HOLD"", ""support"": ""STRONG"", ""n_neg"": 0, ""data_unreliable"": false}, {""minute"": ""15:02"", ""mid"": 113.95, ""bid"": 113.9, ""risk"": ""ELEVATED"", ""action"": ""CAUTION"", ""support"": ""NORMAL"", ""n_neg"": 1, ""data_unreliable"": false}, {""minute"": ""15:03"", ""mid"": 115.875, ""bid"": 115.75, ""risk"": ""LOW"", ""action"": ""HOLD"", ""support"": ""STRONG"", ""n_neg"": 0, ""data_unreliable"": false}, {""minute"": ""15:04"", ""mid"": 116.05000000000001, ""bid"": 115.9, ""risk"": ""LOW"", ""action"": ""HOLD"", ""support"": ""STRONG"", ""n_neg"": 0, ""data_unreliable"": false}, {""minute"": ""15:05"", ""mid"": 114.475, ""bid"": 114.35, ""risk"": ""HIGH"", ""action"": ""PREPARE_EXIT"", ""support"": ""CONTRADICTED"", ""n_neg"": 4, ""data_unreliable"": false}, {""minute"": ""15:06"", ""mid"": 115.025, ""bid"": 114.9, ""risk"": ""ELEVATED"", ""action"": ""CAUTION"", ""support"": ""WEAK"", ""n_neg"": 3, ""data_unreliable"": false}, {""minute"": ""15:07"", ""mid"": 116.35, ""bid"": 116.2, ""risk"": ""LOW"", ""action"": ""HOLD"", ""support"": ""STRONG"", ""n_neg"": 0, ""data_unreliable"": false}, {""minute"": ""15:08"", ""mid"": 114.425, ""bid"": 114.3, ""risk"": ""ELEVATED"", ""action"": ""CAUTION"", ""support"": ""WEAK"", ""n_neg"": 2, ""data_unreliable"": false}, {""minute"": ""15:09"", ""mid"": 115.775, ""bid"": 115.65, ""risk"": ""ELEVATED"", ""action"": ""CAUTION"", ""support"": ""WEAK"", ""n_neg"": 3, ""data_unreliable"": false}, {""minute"": ""15:10"", ""mid"": 116.475, ""bid"": 116.35, ""risk"": ""NORMAL"", ""action"": ""HOLD"", ""support"": ""NORMAL"", ""n_neg"": 0, ""data_unreliable"": false}, {""minute"": ""15:11"", ""mid"": 116.85, ""bid"": 116.8, ""risk"": ""ELEVATED"", ""action"": ""CAUTION"", ""support"": ""NORMAL"", ""n_neg"": 2, ""data_unreliable"": false}, {""minute"": ""15:12"", ""mid"": 117.05000000000001, ""bid"": 116.95, ""risk"": ""NORMAL"", ""action"": ""HOLD"", ""support"": ""NORMAL"", ""n_neg"": 0, ""data_unreliable"": false}, {""minute"": ""15:13"", ""mid"": 120.4, ""bid"": 120.25, ""risk"": ""LOW"", ""action"": ""HOLD"", ""support"": ""STRONG"", ""n_neg"": 0, ""data_unreliable"": false}, {""minute"": ""15:14"", ""mid"": 120.775, ""bid"": 120.75, ""risk"": ""LOW"", ""action"": ""HOLD"", ""support"": ""STRONG"", ""n_neg"": 0, ""data_unreliable"": false}, {""minute"": ""15:15"", ""mid"": 120.1, ""bid"": 120.0, ""risk"": ""ELEVATED"", ""action"": ""CAUTION"", ""support"": ""WEAK"", ""n_neg"": 2, ""data_unreliable"": false}, {""minute"": ""15:16"", ""mid"": 121.175, ""bid"": 121.1, ""risk"": ""NORMAL"", ""action"": ""HOLD"", ""support"": ""STRONG"", ""n_neg"": 0, ""data_unreliable"": false}, {""minute"": ""15:17"", ""mid"": 120.525, ""bid"": 120.35, ""risk"": ""ELEVATED"", ""action"": ""CAUTION"", ""support"": ""NORMAL"", ""n_neg"": 1, ""data_unreliable"": false}, {""minute"": ""15:18"", ""mid"": 119.675, ""bid"": 119.5, ""risk"": ""HIGH"", ""action"": ""PREPARE_EXIT"", ""support"": ""CONTRADICTED"", ""n_neg"": 4, ""data_unreliable"": false}, {""minute"": ""15:19"", ""mid"": 121.8, ""bid"": 121.6, ""risk"": ""NORMAL"", ""action"": ""HOLD"", ""support"": ""NORMAL"", ""n_neg"": 0, ""data_unreliable"": false}]"
NIFTY,2026-09-17,11D_SHAPED_1500_1519,PE,23300.0,15:00,15:19,125.725,125.9,"[{""minute"": ""15:00"", ""mid"": 125.725, ""bid"": 125.55, ""risk"": ""LOW"", ""action"": ""HOLD"", ""support"": ""STRONG"", ""n_neg"": 0, ""data_unreliable"": false}, {""minute"": ""15:01"", ""mid"": 119.775, ""bid"": 119.6, ""risk"": ""EXTREME"", ""action"": ""BREAK_EXIT"", ""support"": ""CONTRADICTED"", ""n_neg"": 6, ""data_unreliable"": false}, {""minute"": ""15:02"", ""mid"": 120.55000000000001, ""bid"": 120.4, ""risk"": ""EXTREME"", ""action"": ""BREAK_EXIT"", ""support"": ""CONTRADICTED"", ""n_neg"": 6, ""data_unreliable"": false}, {""minute"": ""15:03"", ""mid"": 117.44999999999999, ""bid"": 117.35, ""risk"": ""EXTREME"", ""action"": ""BREAK_EXIT"", ""support"": ""CONTRADICTED"", ""n_neg"": 7, ""data_unreliable"": false}, {""minute"": ""15:04"", ""mid"": 116.625, ""bid"": 116.5, ""risk"": ""EXTREME"", ""action"": ""BREAK_EXIT"", ""support"": ""CONTRADICTED"", ""n_neg"": 7, ""data_unreliable"": false}, {""minute"": ""15:05"", ""mid"": 117.1, ""bid"": 116.95, ""risk"": ""NORMAL"", ""action"": ""HOLD"", ""support"": ""NORMAL"", ""n_neg"": 1, ""data_unreliable"": false}, {""minute"": ""15:06"", ""mid"": 115.94999999999999, ""bid"": 115.8, ""risk"": ""HIGH"", ""action"": ""PREPARE_EXIT"", ""support"": ""CONTRADICTED"", ""n_neg"": 4, ""data_unreliable"": false}, {""minute"": ""15:07"", ""mid"": 113.875, ""bid"": 113.8, ""risk"": ""EXTREME"", ""action"": ""BREAK_EXIT"", ""support"": ""CONTRADICTED"", ""n_neg"": 7, ""data_unreliable"": false}, {""minute"": ""15:08"", ""mid"": 115.9, ""bid"": 115.8, ""risk"": ""NORMAL"", ""action"": ""HOLD"", ""support"": ""NORMAL"", ""n_neg"": 1, ""data_unreliable"": false}, {""minute"": ""15:09"", ""mid"": 116.225, ""bid"": 116.05, ""risk"": ""NORMAL"", ""action"": ""HOLD"", ""support"": ""NORMAL"", ""n_neg"": 0, ""data_unreliable"": false}, {""minute"": ""15:10"", ""mid"": 116.75, ""bid"": 116.65, ""risk"": ""ELEVATED"", ""action"": ""CAUTION"", ""support"": ""NORMAL"", ""n_neg"": 2, ""data_unreliable"": false}, {""minute"": ""15:11"", ""mid"": 118.575, ""bid"": 118.45, ""risk"": ""LOW"", ""action"": ""HOLD"", ""support"": ""STRONG"", ""n_neg"": 0, ""data_unreliable"": false}, {""minute"": ""15:12"", ""mid"": 116.975, ""bid"": 116.85, ""risk"": ""ELEVATED"", ""action"": ""CAUTION"", ""support"": ""NORMAL"", ""n_neg"": 1, ""data_unreliable"": false}, {""minute"": ""15:13"", ""mid"": 111.9, ""bid"": 111.75, ""risk"": ""EXTREME"", ""action"": ""BREAK_EXIT"", ""support"": ""CONTRADICTED"", ""n_neg"": 6, ""data_unreliable"": false}, {""minute"": ""15:14"", ""mid"": 111.875, ""bid"": 111.85, ""risk"": ""EXTREME"", ""action"": ""BREAK_EXIT"", ""support"": ""CONTRADICTED"", ""n_neg"": 6, ""data_unreliable"": false}, {""minute"": ""15:15"", ""mid"": 111.325, ""bid"": 111.2, ""risk"": ""HIGH"", ""action"": ""PREPARE_EXIT"", ""support"": ""CONTRADICTED"", ""n_neg"": 4, ""data_unreliable"": false}, {""minute"": ""15:16"", ""mid"": 107.55000000000001, ""bid"": 107.4, ""risk"": ""EXTREME"", ""action"": ""BREAK_EXIT"", ""support"": ""CONTRADICTED"", ""n_neg"": 5, ""data_unreliable"": false}, {""minute"": ""15:17"", ""mid"": 109.875, ""bid"": 109.75, ""risk"": ""EXTREME"", ""action"": ""BREAK_EXIT"", ""support"": ""CONTRADICTED"", ""n_neg"": 4, ""data_unreliable"": false}, {""minute"": ""15:18"", ""mid"": 111.9, ""bid"": 111.75, ""risk"": ""NORMAL"", ""action"": ""HOLD"", ""support"": ""STRONG"", ""n_neg"": 0, ""data_unreliable"": false}, {""minute"": ""15:19"", ""mid"": 110.775, ""bid"": 110.65, ""risk"": ""ELEVATED"", ""action"": ""CAUTION"", ""support"": ""WEAK"", ""n_neg"": 2, ""data_unreliable"": false}]"
NIFTY,2026-09-17,CLOSING_1515_1529,CE,23300.0,15:15,15:29,120.1,120.2,"[{""minute"": ""15:15"", ""mid"": 120.1, ""bid"": 120.0, ""risk"": ""ELEVATED"", ""action"": ""CAUTION"", ""support"": ""WEAK"", ""n_neg"": 2, ""data_unreliable"": false}, {""minute"": ""15:16"", ""mid"": 121.175, ""bid"": 121.1, ""risk"": ""NORMAL"", ""action"": ""HOLD"", ""support"": ""STRONG"", ""n_neg"": 0, ""data_unreliable"": false}, {""minute"": ""15:17"", ""mid"": 120.525, ""bid"": 120.35, ""risk"": ""ELEVATED"", ""action"": ""CAUTION"", ""support"": ""NORMAL"", ""n_neg"": 2, ""data_unreliable"": false}, {""minute"": ""15:18"", ""mid"": 119.675, ""bid"": 119.5, ""risk"": ""EXTREME"", ""action"": ""BREAK_EXIT"", ""support"": ""CONTRADICTED"", ""n_neg"": 5, ""data_unreliable"": false}, {""minute"": ""15:19"", ""mid"": 121.8, ""bid"": 121.6, ""risk"": ""NORMAL"", ""action"": ""HOLD"", ""support"": ""NORMAL"", ""n_neg"": 1, ""data_unreliable"": false}, {""minute"": ""15:20"", ""mid"": 121.65, ""bid"": 121.5, ""risk"": ""ELEVATED"", ""action"": ""CAUTION"", ""support"": ""NORMAL"", ""n_neg"": 1, ""data_unreliable"": false}, {""minute"": ""15:21"", ""mid"": 118.15, ""bid"": 118.0, ""risk"": ""EXTREME"", ""action"": ""BREAK_EXIT"", ""support"": ""CONTRADICTED"", ""n_neg"": 7, ""data_unreliable"": false}, {""minute"": ""15:22"", ""mid"": 119.15, ""bid"": 119.05, ""risk"": ""HIGH"", ""action"": ""PREPARE_EXIT"", ""support"": ""CONTRADICTED"", ""n_neg"": 4, ""data_unreliable"": false}, {""minute"": ""15:23"", ""mid"": 117.55000000000001, ""bid"": 117.4, ""risk"": ""EXTREME"", ""action"": ""BREAK_EXIT"", ""support"": ""CONTRADICTED"", ""n_neg"": 6, ""data_unreliable"": false}, {""minute"": ""15:24"", ""mid"": 119.19999999999999, ""bid"": 119.05, ""risk"": ""NORMAL"", ""action"": ""HOLD"", ""support"": ""NORMAL"", ""n_neg"": 1, ""data_unreliable"": false}, {""minute"": ""15:25"", ""mid"": 121.075, ""bid"": 120.95, ""risk"": ""NORMAL"", ""action"": ""HOLD"", ""support"": ""STRONG"", ""n_neg"": 0, ""data_unreliable"": false}, {""minute"": ""15:26"", ""mid"": 118.425, ""bid"": 118.3, ""risk"": ""ELEVATED"", ""action"": ""CAUTION"", ""support"": ""WEAK"", ""n_neg"": 2, ""data_unreliable"": false}, {""minute"": ""15:27"", ""mid"": 118.775, ""bid"": 118.65, ""risk"": ""HIGH"", ""action"": ""PREPARE_EXIT"", ""support"": ""CONTRADICTED"", ""n_neg"": 4, ""data_unreliable"": false}, {""minute"": ""15:28"", ""mid"": 119.05000000000001, ""bid"": 118.9, ""risk"": ""ELEVATED"", ""action"": ""CAUTION"", ""support"": ""WEAK"", ""n_neg"": 2, ""data_unreliable"": false}, {""minute"": ""15:29"", ""mid"": 116.425, ""bid"": 116.25, ""risk"": ""EXTREME"", ""action"": ""BREAK_EXIT"", ""support"": ""CONTRADICTED"", ""n_neg"": 6, ""data_unreliable"": false}]"
NIFTY,2026-09-17,CLOSING_1515_1529,PE,23300.0,15:15,15:29,111.325,111.45,"[{""minute"": ""15:15"", ""mid"": 111.325, ""bid"": 111.2, ""risk"": ""HIGH"", ""action"": ""PREPARE_EXIT"", ""support"": ""CONTRADICTED"", ""n_neg"": 4, ""data_unreliable"": false}, {""minute"": ""15:16"", ""mid"": 107.55000000000001, ""bid"": 107.4, ""risk"": ""EXTREME"", ""action"": ""BREAK_EXIT"", ""support"": ""CONTRADICTED"", ""n_neg"": 5, ""data_unreliable"": false}, {""minute"": ""15:17"", ""mid"": 109.875, ""bid"": 109.75, ""risk"": ""EXTREME"", ""action"": ""BREAK_EXIT"", ""support"": ""CONTRADICTED"", ""n_neg"": 4, ""data_unreliable"": false}, {""minute"": ""15:18"", ""mid"": 111.9, ""bid"": 111.75, ""risk"": ""NORMAL"", ""action"": ""HOLD"", ""support"": ""STRONG"", ""n_neg"": 0, ""data_unreliable"": false}, {""minute"": ""15:19"", ""mid"": 110.775, ""bid"": 110.65, ""risk"": ""ELEVATED"", ""action"": ""CAUTION"", ""support"": ""WEAK"", ""n_neg"": 2, ""data_unreliable"": false}, {""minute"": ""15:20"", ""mid"": 108.25, ""bid"": 108.15, ""risk"": ""EXTREME"", ""action"": ""BREAK_EXIT"", ""support"": ""CONTRADICTED"", ""n_neg"": 8, ""data_unreliable"": false}, {""minute"": ""15:21"", ""mid"": 109.875, ""bid"": 109.7, ""risk"": ""ELEVATED"", ""action"": ""CAUTION"", ""support"": ""NORMAL"", ""n_neg"": 2, ""data_unreliable"": false}, {""minute"": ""15:22"", ""mid"": 110.775, ""bid"": 110.75, ""risk"": ""NORMAL"", ""action"": ""HOLD"", ""support"": ""STRONG"", ""n_neg"": 0, ""data_unreliable"": false}, {""minute"": ""15:23"", ""mid"": 111.69999999999999, ""bid"": 111.6, ""risk"": ""NORMAL"", ""action"": ""HOLD"", ""support"": ""STRONG"", ""n_neg"": 0, ""data_unreliable"": false}, {""minute"": ""15:24"", ""mid"": 111.125, ""bid"": 111.0, ""risk"": ""ELEVATED"", ""action"": ""CAUTION"", ""support"": ""NORMAL"", ""n_neg"": 1, ""data_unreliable"": false}, {""minute"": ""15:25"", ""mid"": 107.725, ""bid"": 107.65, ""risk"": ""EXTREME"", ""action"": ""BREAK_EXIT"", ""support"": ""CONTRADICTED"", ""n_neg"": 6, ""data_unreliable"": false}, {""minute"": ""15:26"", ""mid"": 110.275, ""bid"": 110.15, ""risk"": ""ELEVATED"", ""action"": ""CAUTION"", ""support"": ""WEAK"", ""n_neg"": 2, ""data_unreliable"": false}, {""minute"": ""15:27"", ""mid"": 110.15, ""bid"": 110.0, ""risk"": ""ELEVATED"", ""action"": ""CAUTION"", ""support"": ""NORMAL"", ""n_neg"": 2, ""data_unreliable"": false}, {""minute"": ""15:28"", ""mid"": 109.85, ""bid"": 109.75, ""risk"": ""NORMAL"", ""action"": ""HOLD"", ""support"": ""NORMAL"", ""n_neg"": 1, ""data_unreliable"": false}, {""minute"": ""15:29"", ""mid"": 112.275, ""bid"": 112.1, ""risk"": ""NORMAL"", ""action"": ""HOLD"", ""support"": ""STRONG"", ""n_neg"": 0, ""data_unreliable"": false}]"
SENSEX,2026-09-17,11D_SHAPED_1500_1519,CE,74400.0,15:00,15:19,145.55,145.75,"[{""minute"": ""15:00"", ""mid"": 145.55, ""bid"": 145.35, ""risk"": ""EXTREME"", ""action"": ""BREAK_EXIT"", ""support"": ""CONTRADICTED"", ""n_neg"": 7, ""data_unreliable"": false}, {""minute"": ""15:01"", ""mid"": 160.0, ""bid"": 159.75, ""risk"": ""LOW"", ""action"": ""HOLD"", ""support"": ""STRONG"", ""n_neg"": 0, ""data_unreliable"": false}, {""minute"": ""15:02"", ""mid"": 148.025, ""bid"": 147.8, ""risk"": ""ELEVATED"", ""action"": ""CAUTION"", ""support"": ""NORMAL"", ""n_neg"": 2, ""data_unreliable"": false}, {""minute"": ""15:03"", ""mid"": 156.475, ""bid"": 156.35, ""risk"": ""HIGH"", ""action"": ""PREPARE_EXIT"", ""support"": ""NORMAL"", ""n_neg"": 4, ""data_unreliable"": false}, {""minute"": ""15:04"", ""mid"": 153.775, ""bid"": 153.55, ""risk"": ""ELEVATED"", ""action"": ""CAUTION"", ""support"": ""NORMAL"", ""n_neg"": 2, ""data_unreliable"": false}, {""minute"": ""15:05"", ""mid"": 145.72500000000002, ""bid"": 145.55, ""risk"": ""EXTREME"", ""action"": ""BREAK_EXIT"", ""support"": ""CONTRADICTED"", ""n_neg"": 5, ""data_unreliable"": false}, {""minute"": ""15:06"", ""mid"": 141.5, ""bid"": 141.3, ""risk"": ""EXTREME"", ""action"": ""BREAK_EXIT"", ""support"": ""CONTRADICTED"", ""n_neg"": 6, ""data_unreliable"": false}, {""minute"": ""15:07"", ""mid"": 156.375, ""bid"": 156.15, ""risk"": ""LOW"", ""action"": ""HOLD"", ""support"": ""STRONG"", ""n_neg"": 0, ""data_unreliable"": false}, {""minute"": ""15:08"", ""mid"": 142.8, ""bid"": 142.7, ""risk"": ""HIGH"", ""action"": ""PREPARE_EXIT"", ""support"": ""CONTRADICTED"", ""n_neg"": 4, ""data_unreliable"": false}, {""minute"": ""15:09"", ""mid"": 150.975, ""bid"": 150.75, ""risk"": ""HIGH"", ""action"": ""PREPARE_EXIT"", ""support"": ""CONTRADICTED"", ""n_neg"": 4, ""data_unreliable"": false}, {""minute"": ""15:10"", ""mid"": 148.3, ""bid"": 148.1, ""risk"": ""ELEVATED"", ""action"": ""CAUTION"", ""support"": ""NORMAL"", ""n_neg"": 2, ""data_unreliable"": false}, {""minute"": ""15:11"", ""mid"": 149.2, ""bid"": 149.1, ""risk"": ""ELEVATED"", ""action"": ""CAUTION"", ""support"": ""WEAK"", ""n_neg"": 3, ""data_unreliable"": false}, {""minute"": ""15:12"", ""mid"": 141.05, ""bid"": 140.9, ""risk"": ""EXTREME"", ""action"": ""BREAK_EXIT"", ""support"": ""CONTRADICTED"", ""n_neg"": 6, ""data_unreliable"": false}, {""minute"": ""15:13"", ""mid"": 151.52499999999998, ""bid"": 151.35, ""risk"": ""LOW"", ""action"": ""HOLD"", ""support"": ""STRONG"", ""n_neg"": 0, ""data_unreliable"": false}, {""minute"": ""15:14"", ""mid"": 163.85, ""bid"": 163.7, ""risk"": ""LOW"", ""action"": ""HOLD"", ""support"": ""STRONG"", ""n_neg"": 0, ""data_unreliable"": false}, {""minute"": ""15:15"", ""mid"": 180.35, ""bid"": 180.1, ""risk"": ""LOW"", ""action"": ""HOLD"", ""support"": ""STRONG"", ""n_neg"": 0, ""data_unreliable"": false}, {""minute"": ""15:16"", ""mid"": 157.3, ""bid"": 157.05, ""risk"": ""EXTREME"", ""action"": ""BREAK_EXIT"", ""support"": ""CONTRADICTED"", ""n_neg"": 6, ""data_unreliable"": false}, {""minute"": ""15:17"", ""mid"": 168.975, ""bid"": 168.7, ""risk"": ""HIGH"", ""action"": ""PREPARE_EXIT"", ""support"": ""CONTRADICTED"", ""n_neg"": 4, ""data_unreliable"": false}, {""minute"": ""15:18"", ""mid"": 178.575, ""bid"": 178.3, ""risk"": ""NORMAL"", ""action"": ""HOLD"", ""support"": ""NORMAL"", ""n_neg"": 1, ""data_unreliable"": false}, {""minute"": ""15:19"", ""mid"": 167.775, ""bid"": 167.55, ""risk"": ""ELEVATED"", ""action"": ""CAUTION"", ""support"": ""NORMAL"", ""n_neg"": 2, ""data_unreliable"": false}]"
SENSEX,2026-09-17,11D_SHAPED_1500_1519,PE,74400.0,15:00,15:19,173.475,173.75,"[{""minute"": ""15:00"", ""mid"": 173.475, ""bid"": 173.2, ""risk"": ""LOW"", ""action"": ""HOLD"", ""support"": ""STRONG"", ""n_neg"": 0, ""data_unreliable"": false}, {""minute"": ""15:01"", ""mid"": 144.75, ""bid"": 144.55, ""risk"": ""EXTREME"", ""action"": ""BREAK_EXIT"", ""support"": ""CONTRADICTED"", ""n_neg"": 8, ""data_unreliable"": false}, {""minute"": ""15:02"", ""mid"": 150.575, ""bid"": 150.4, ""risk"": ""EXTREME"", ""action"": ""BREAK_EXIT"", ""support"": ""CONTRADICTED"", ""n_neg"": 8, ""data_unreliable"": false}, {""minute"": ""15:03"", ""mid"": 138.10000000000002, ""bid"": 137.9, ""risk"": ""EXTREME"", ""action"": ""BREAK_EXIT"", ""support"": ""CONTRADICTED"", ""n_neg"": 6, ""data_unreliable"": false}, {""minute"": ""15:04"", ""mid"": 140.5, ""bid"": 140.3, ""risk"": ""EXTREME"", ""action"": ""BREAK_EXIT"", ""support"": ""CONTRADICTED"", ""n_neg"": 7, ""data_unreliable"": false}, {""minute"": ""15:05"", ""mid"": 136.3, ""bid"": 136.15, ""risk"": ""HIGH"", ""action"": ""PREPARE_EXIT"", ""support"": ""CONTRADICTED"", ""n_neg"": 5, ""data_unreliable"": false}, {""minute"": ""15:06"", ""mid"": 141.05, ""bid"": 140.85, ""risk"": ""LOW"", ""action"": ""HOLD"", ""support"": ""STRONG"", ""n_neg"": 0, ""data_unreliable"": false}, {""minute"": ""15:07"", ""mid"": 137.2, ""bid"": 137.0, ""risk"": ""ELEVATED"", ""action"": ""CAUTION"", ""support"": ""WEAK"", ""n_neg"": 3, ""data_unreliable"": false}, {""minute"": ""15:08"", ""mid"": 151.8, ""bid"": 151.6, ""risk"": ""LOW"", ""action"": ""HOLD"", ""support"": ""STRONG"", ""n_neg"": 0, ""data_unreliable"": false}, {""minute"": ""15:09"", ""mid"": 142.775, ""bid"": 142.65, ""risk"": ""ELEVATED"", ""action"": ""CAUTION"", ""support"": ""NORMAL"", ""n_neg"": 1, ""data_unreliable"": false}, {""minute"": ""15:10"", ""mid"": 149.7, ""bid"": 149.5, ""risk"": ""HIGH"", ""action"": ""PREPARE_EXIT"", ""support"": ""CONTRADICTED"", ""n_neg"": 4, ""data_unreliable"": false}, {""minute"": ""15:11"", ""mid"": 151.60000000000002, ""bid"": 151.4, ""risk"": ""LOW"", ""action"": ""HOLD"", ""support"": ""STRONG"", ""n_neg"": 0, ""data_unreliable"": false}, {""minute"": ""15:12"", ""mid"": 155.475, ""bid"": 155.25, ""risk"": ""LOW"", ""action"": ""HOLD"", ""support"": ""STRONG"", ""n_neg"": 0, ""data_unreliable"": false}, {""minute"": ""15:13"", ""mid"": 145.95, ""bid"": 145.75, ""risk"": ""EXTREME"", ""action"": ""BREAK_EXIT"", ""support"": ""CONTRADICTED"", ""n_neg"": 7, ""data_unreliable"": false}, {""minute"": ""15:14"", ""mid"": 139.825, ""bid"": 139.65, ""risk"": ""EXTREME"", ""action"": ""BREAK_EXIT"", ""support"": ""CONTRADICTED"", ""n_neg"": 5, ""data_unreliable"": false}, {""minute"": ""15:15"", ""mid"": 126.35, ""bid"": 126.25, ""risk"": ""EXTREME"", ""action"": ""BREAK_EXIT"", ""support"": ""CONTRADICTED"", ""n_neg"": 8, ""data_unreliable"": false}, {""minute"": ""15:16"", ""mid"": 148.625, ""bid"": 148.25, ""risk"": ""NORMAL"", ""action"": ""HOLD"", ""support"": ""NORMAL"", ""n_neg"": 1, ""data_unreliable"": false}, {""minute"": ""15:17"", ""mid"": 141.425, ""bid"": 141.25, ""risk"": ""ELEVATED"", ""action"": ""CAUTION"", ""support"": ""NORMAL"", ""n_neg"": 1, ""data_unreliable"": false}, {""minute"": ""15:18"", ""mid"": 131.05, ""bid"": 130.85, ""risk"": ""EXTREME"", ""action"": ""BREAK_EXIT"", ""support"": ""CONTRADICTED"", ""n_neg"": 6, ""data_unreliable"": false}, {""minute"": ""15:19"", ""mid"": 137.95, ""bid"": 137.75, ""risk"": ""EXTREME"", ""action"": ""BREAK_EXIT"", ""support"": ""CONTRADICTED"", ""n_neg"": 4, ""data_unreliable"": false}]"
SENSEX,2026-09-17,CLOSING_1515_1529,CE,74500.0,15:15,15:29,130.875,131.1,"[{""minute"": ""15:15"", ""mid"": 130.875, ""bid"": 130.65, ""risk"": ""LOW"", ""action"": ""HOLD"", ""support"": ""STRONG"", ""n_neg"": 0, ""data_unreliable"": false}, {""minute"": ""15:16"", ""mid"": 112.65, ""bid"": 112.5, ""risk"": ""HIGH"", ""action"": ""PREPARE_EXIT"", ""support"": ""CONTRADICTED"", ""n_neg"": 5, ""data_unreliable"": false}, {""minute"": ""15:17"", ""mid"": 123.975, ""bid"": 123.8, ""risk"": ""EXTREME"", ""action"": ""BREAK_EXIT"", ""support"": ""CONTRADICTED"", ""n_neg"": 5, ""data_unreliable"": false}, {""minute"": ""15:18"", ""mid"": 130.1, ""bid"": 129.85, ""risk"": ""NORMAL"", ""action"": ""HOLD"", ""support"": ""NORMAL"", ""n_neg"": 1, ""data_unreliable"": false}, {""minute"": ""15:19"", ""mid"": 121.175, ""bid"": 121.0, ""risk"": ""ELEVATED"", ""action"": ""CAUTION"", ""support"": ""NORMAL"", ""n_neg"": 3, ""data_unreliable"": false}, {""minute"": ""15:20"", ""mid"": 72.975, ""bid"": 72.7, ""risk"": ""EXTREME"", ""action"": ""BREAK_EXIT"", ""support"": ""CONTRADICTED"", ""n_neg"": 10, ""data_unreliable"": false}, {""minute"": ""15:21"", ""mid"": 80.025, ""bid"": 79.9, ""risk"": ""HIGH"", ""action"": ""PREPARE_EXIT"", ""support"": ""CONTRADICTED"", ""n_neg"": 4, ""data_unreliable"": false}, {""minute"": ""15:22"", ""mid"": 51.7, ""bid"": 51.65, ""risk"": ""HIGH"", ""action"": ""PREPARE_EXIT"", ""support"": ""CONTRADICTED"", ""n_neg"": 5, ""data_unreliable"": false}, {""minute"": ""15:23"", ""mid"": 31.025, ""bid"": 30.95, ""risk"": ""EXTREME"", ""action"": ""BREAK_EXIT"", ""support"": ""CONTRADICTED"", ""n_neg"": 9, ""data_unreliable"": false}, {""minute"": ""15:24"", ""mid"": 47.65, ""bid"": 47.4, ""risk"": ""EXTREME"", ""action"": ""BREAK_EXIT"", ""support"": ""CONTRADICTED"", ""n_neg"": 7, ""data_unreliable"": false}, {""minute"": ""15:25"", ""mid"": 77.225, ""bid"": 77.15, ""risk"": ""NORMAL"", ""action"": ""HOLD"", ""support"": ""STRONG"", ""n_neg"": 0, ""data_unreliable"": false}, {""minute"": ""15:26"", ""mid"": 13.325, ""bid"": 13.25, ""risk"": ""EXTREME"", ""action"": ""BREAK_EXIT"", ""support"": ""CONTRADICTED"", ""n_neg"": 7, ""data_unreliable"": false}, {""minute"": ""15:27"", ""mid"": 21.0, ""bid"": 20.95, ""risk"": ""EXTREME"", ""action"": ""BREAK_EXIT"", ""support"": ""CONTRADICTED"", ""n_neg"": 7, ""data_unreliable"": false}, {""minute"": ""15:28"", ""mid"": 1.625, ""bid"": 1.6, ""risk"": ""EXTREME"", ""action"": ""BREAK_EXIT"", ""support"": ""CONTRADICTED"", ""n_neg"": 7, ""data_unreliable"": false}, {""minute"": ""15:29"", ""mid"": 0.07500000000000001, ""bid"": 0.05, ""risk"": ""EXTREME"", ""action"": ""BREAK_EXIT"", ""support"": ""CONTRADICTED"", ""n_neg"": 7, ""data_unreliable"": false}]"
SENSEX,2026-09-17,CLOSING_1515_1529,PE,74500.0,15:15,15:29,175.75,175.95,"[{""minute"": ""15:15"", ""mid"": 175.75, ""bid"": 175.55, ""risk"": ""EXTREME"", ""action"": ""BREAK_EXIT"", ""support"": ""CONTRADICTED"", ""n_neg"": 9, ""data_unreliable"": false}, {""minute"": ""15:16"", ""mid"": 202.725, ""bid"": 202.5, ""risk"": ""NORMAL"", ""action"": ""HOLD"", ""support"": ""STRONG"", ""n_neg"": 0, ""data_unreliable"": false}, {""minute"": ""15:17"", ""mid"": 195.4, ""bid"": 195.0, ""risk"": ""ELEVATED"", ""action"": ""CAUTION"", ""support"": ""NORMAL"", ""n_neg"": 2, ""data_unreliable"": false}, {""minute"": ""15:18"", ""mid"": 184.625, ""bid"": 184.4, ""risk"": ""EXTREME"", ""action"": ""BREAK_EXIT"", ""support"": ""CONTRADICTED"", ""n_neg"": 6, ""data_unreliable"": false}, {""minute"": ""15:19"", ""mid"": 192.025, ""bid"": 191.8, ""risk"": ""HIGH"", ""action"": ""PREPARE_EXIT"", ""support"": ""CONTRADICTED"", ""n_neg"": 4, ""data_unreliable"": false}, {""minute"": ""15:20"", ""mid"": 188.85, ""bid"": 188.5, ""risk"": ""HIGH"", ""action"": ""PREPARE_EXIT"", ""support"": ""NORMAL"", ""n_neg"": 3, ""data_unreliable"": false}, {""minute"": ""15:21"", ""mid"": 127.625, ""bid"": 126.65, ""risk"": ""HIGH"", ""action"": ""PREPARE_EXIT"", ""support"": ""CONTRADICTED"", ""n_neg"": 6, ""data_unreliable"": false}, {""minute"": ""15:22"", ""mid"": 102.325, ""bid"": 102.15, ""risk"": ""EXTREME"", ""action"": ""BREAK_EXIT"", ""support"": ""CONTRADICTED"", ""n_neg"": 7, ""data_unreliable"": false}, {""minute"": ""15:23"", ""mid"": 141.25, ""bid"": 140.9, ""risk"": ""ELEVATED"", ""action"": ""CAUTION"", ""support"": ""NORMAL"", ""n_neg"": 2, ""data_unreliable"": false}, {""minute"": ""15:24"", ""mid"": 103.675, ""bid"": 103.3, ""risk"": ""HIGH"", ""action"": ""PREPARE_EXIT"", ""support"": ""NORMAL"", ""n_neg"": 3, ""data_unreliable"": false}, {""minute"": ""15:25"", ""mid"": 45.175, ""bid"": 44.85, ""risk"": ""EXTREME"", ""action"": ""BREAK_EXIT"", ""support"": ""CONTRADICTED"", ""n_neg"": 9, ""data_unreliable"": false}, {""minute"": ""15:26"", ""mid"": 101.25, ""bid"": 101.1, ""risk"": ""HIGH"", ""action"": ""PREPARE_EXIT"", ""support"": ""CONTRADICTED"", ""n_neg"": 3, ""data_unreliable"": false}, {""minute"": ""15:27"", ""mid"": 63.3, ""bid"": 63.05, ""risk"": ""HIGH"", ""action"": ""PREPARE_EXIT"", ""support"": ""NORMAL"", ""n_neg"": 3, ""data_unreliable"": false}, {""minute"": ""15:28"", ""mid"": 185.10000000000002, ""bid"": 184.8, ""risk"": ""NORMAL"", ""action"": ""HOLD"", ""support"": ""STRONG"", ""n_neg"": 0, ""data_unreliable"": false}, {""minute"": ""15:29"", ""mid"": 185.225, ""bid"": 185.0, ""risk"": ""NORMAL"", ""action"": ""HOLD"", ""support"": ""STRONG"", ""n_neg"": 0, ""data_unreliable"": false}]"
NIFTY,2026-09-18,11D_SHAPED_1500_1519,CE,23350.0,15:00,15:19,103.19999999999999,103.35,"[{""minute"": ""15:00"", ""mid"": 103.19999999999999, ""bid"": 103.05, ""risk"": ""EXTREME"", ""action"": ""BREAK_EXIT"", ""support"": ""CONTRADICTED"", ""n_neg"": 7, ""data_unreliable"": false}, {""minute"": ""15:01"", ""mid"": 100.4, ""bid"": 100.25, ""risk"": ""EXTREME"", ""action"": ""BREAK_EXIT"", ""support"": ""CONTRADICTED"", ""n_neg"": 6, ""data_unreliable"": false}, {""minute"": ""15:02"", ""mid"": 102.75, ""bid"": 102.6, ""risk"": ""NORMAL"", ""action"": ""HOLD"", ""support"": ""NORMAL"", ""n_neg"": 1, ""data_unreliable"": false}, {""minute"": ""15:03"", ""mid"": 103.05000000000001, ""bid"": 102.9, ""risk"": ""LOW"", ""action"": ""HOLD"", ""support"": ""STRONG"", ""n_neg"": 0, ""data_unreliable"": false}, {""minute"": ""15:04"", ""mid"": 103.125, ""bid"": 103.0, ""risk"": ""NORMAL"", ""action"": ""HOLD"", ""support"": ""NORMAL"", ""n_neg"": 0, ""data_unreliable"": false}, {""minute"": ""15:05"", ""mid"": 100.775, ""bid"": 100.7, ""risk"": ""HIGH"", ""action"": ""PREPARE_EXIT"", ""support"": ""CONTRADICTED"", ""n_neg"": 5, ""data_unreliable"": false}, {""minute"": ""15:06"", ""mid"": 102.65, ""bid"": 102.6, ""risk"": ""ELEVATED"", ""action"": ""CAUTION"", ""support"": ""WEAK"", ""n_neg"": 2, ""data_unreliable"": false}, {""minute"": ""15:07"", ""mid"": 99.575, ""bid"": 99.45, ""risk"": ""EXTREME"", ""action"": ""BREAK_EXIT"", ""support"": ""CONTRADICTED"", ""n_neg"": 6, ""data_unreliable"": false}, {""minute"": ""15:08"", ""mid"": 95.075, ""bid"": 94.95, ""risk"": ""EXTREME"", ""action"": ""BREAK_EXIT"", ""support"": ""CONTRADICTED"", ""n_neg"": 6, ""data_unreliable"": false}, {""minute"": ""15:09"", ""mid"": 91.925, ""bid"": 91.8, ""risk"": ""EXTREME"", ""action"": ""BREAK_EXIT"", ""support"": ""CONTRADICTED"", ""n_neg"": 6, ""data_unreliable"": false}, {""minute"": ""15:10"", ""mid"": 93.69999999999999, ""bid"": 93.6, ""risk"": ""HIGH"", ""action"": ""PREPARE_EXIT"", ""support"": ""CONTRADICTED"", ""n_neg"": 4, ""data_unreliable"": false}, {""minute"": ""15:11"", ""mid"": 95.325, ""bid"": 95.2, ""risk"": ""LOW"", ""action"": ""HOLD"", ""support"": ""STRONG"", ""n_neg"": 0, ""data_unreliable"": false}, {""minute"": ""15:12"", ""mid"": 95.625, ""bid"": 95.5, ""risk"": ""LOW"", ""action"": ""HOLD"", ""support"": ""STRONG"", ""n_neg"": 0, ""data_unreliable"": false}, {""minute"": ""15:13"", ""mid"": 96.35, ""bid"": 96.25, ""risk"": ""LOW"", ""action"": ""HOLD"", ""support"": ""STRONG"", ""n_neg"": 0, ""data_unreliable"": false}, {""minute"": ""15:14"", ""mid"": 94.575, ""bid"": 94.5, ""risk"": ""HIGH"", ""action"": ""PREPARE_EXIT"", ""support"": ""CONTRADICTED"", ""n_neg"": 5, ""data_unreliable"": false}, {""minute"": ""15:15"", ""mid"": 96.075, ""bid"": 96.0, ""risk"": ""ELEVATED"", ""action"": ""CAUTION"", ""support"": ""WEAK"", ""n_neg"": 2, ""data_unreliable"": false}, {""minute"": ""15:16"", ""mid"": 94.85, ""bid"": 94.7, ""risk"": ""ELEVATED"", ""action"": ""CAUTION"", ""support"": ""WEAK"", ""n_neg"": 1, ""data_unreliable"": false}, {""minute"": ""15:17"", ""mid"": 94.275, ""bid"": 94.2, ""risk"": ""HIGH"", ""action"": ""PREPARE_EXIT"", ""support"": ""CONTRADICTED"", ""n_neg"": 4, ""data_unreliable"": false}, {""minute"": ""15:18"", ""mid"": 90.025, ""bid"": 89.9, ""risk"": ""EXTREME"", ""action"": ""BREAK_EXIT"", ""support"": ""CONTRADICTED"", ""n_neg"": 7, ""data_unreliable"": false}, {""minute"": ""15:19"", ""mid"": 92.05000000000001, ""bid"": 91.95, ""risk"": ""EXTREME"", ""action"": ""BREAK_EXIT"", ""support"": ""CONTRADICTED"", ""n_neg"": 5, ""data_unreliable"": false}]"
NIFTY,2026-09-18,11D_SHAPED_1500_1519,PE,23350.0,15:00,15:19,78.775,78.9,"[{""minute"": ""15:00"", ""mid"": 78.775, ""bid"": 78.65, ""risk"": ""LOW"", ""action"": ""HOLD"", ""support"": ""STRONG"", ""n_neg"": 0, ""data_unreliable"": false}, {""minute"": ""15:01"", ""mid"": 81.1, ""bid"": 81.05, ""risk"": ""LOW"", ""action"": ""HOLD"", ""support"": ""STRONG"", ""n_neg"": 0, ""data_unreliable"": false}, {""minute"": ""15:02"", ""mid"": 79.125, ""bid"": 79.1, ""risk"": ""ELEVATED"", ""action"": ""CAUTION"", ""support"": ""NORMAL"", ""n_neg"": 1, ""data_unreliable"": false}, {""minute"": ""15:03"", ""mid"": 78.44999999999999, ""bid"": 78.35, ""risk"": ""ELEVATED"", ""action"": ""CAUTION"", ""support"": ""WEAK"", ""n_neg"": 3, ""data_unreliable"": false}, {""minute"": ""15:04"", ""mid"": 78.80000000000001, ""bid"": 78.7, ""risk"": ""ELEVATED"", ""action"": ""CAUTION"", ""support"": ""WEAK"", ""n_neg"": 2, ""data_unreliable"": false}, {""minute"": ""15:05"", ""mid"": 80.19999999999999, ""bid"": 80.1, ""risk"": ""LOW"", ""action"": ""HOLD"", ""support"": ""STRONG"", ""n_neg"": 0, ""data_unreliable"": false}, {""minute"": ""15:06"", ""mid"": 78.19999999999999, ""bid"": 78.1, ""risk"": ""HIGH"", ""action"": ""PREPARE_EXIT"", ""support"": ""CONTRADICTED"", ""n_neg"": 3, ""data_unreliable"": false}, {""minute"": ""15:07"", ""mid"": 81.275, ""bid"": 81.15, ""risk"": ""LOW"", ""action"": ""HOLD"", ""support"": ""STRONG"", ""n_neg"": 0, ""data_unreliable"": false}, {""minute"": ""15:08"", ""mid"": 84.775, ""bid"": 84.7, ""risk"": ""LOW"", ""action"": ""HOLD"", ""support"": ""STRONG"", ""n_neg"": 0, ""data_unreliable"": false}, {""minute"": ""15:09"", ""mid"": 87.325, ""bid"": 87.2, ""risk"": ""LOW"", ""action"": ""HOLD"", ""support"": ""STRONG"", ""n_neg"": 0, ""data_unreliable"": false}, {""minute"": ""15:10"", ""mid"": 87.225, ""bid"": 87.15, ""risk"": ""ELEVATED"", ""action"": ""CAUTION"", ""support"": ""NORMAL"", ""n_neg"": 1, ""data_unreliable"": false}, {""minute"": ""15:11"", ""mid"": 85.25, ""bid"": 85.1, ""risk"": ""ELEVATED"", ""action"": ""CAUTION"", ""support"": ""WEAK"", ""n_neg"": 4, ""data_unreliable"": false}, {""minute"": ""15:12"", ""mid"": 84.975, ""bid"": 84.9, ""risk"": ""EXTREME"", ""action"": ""BREAK_EXIT"", ""support"": ""CONTRADICTED"", ""n_neg"": 5, ""data_unreliable"": false}, {""minute"": ""15:13"", ""mid"": 82.475, ""bid"": 82.35, ""risk"": ""EXTREME"", ""action"": ""BREAK_EXIT"", ""support"": ""CONTRADICTED"", ""n_neg"": 7, ""data_unreliable"": false}, {""minute"": ""15:14"", ""mid"": 84.425, ""bid"": 84.35, ""risk"": ""ELEVATED"", ""action"": ""CAUTION"", ""support"": ""WEAK"", ""n_neg"": 3, ""data_unreliable"": false}, {""minute"": ""15:15"", ""mid"": 82.1, ""bid"": 82.0, ""risk"": ""HIGH"", ""action"": ""PREPARE_EXIT"", ""support"": ""CONTRADICTED"", ""n_neg"": 3, ""data_unreliable"": false}, {""minute"": ""15:16"", ""mid"": 84.05000000000001, ""bid"": 83.95, ""risk"": ""NORMAL"", ""action"": ""HOLD"", ""support"": ""NORMAL"", ""n_neg"": 1, ""data_unreliable"": false}, {""minute"": ""15:17"", ""mid"": 84.75, ""bid"": 84.65, ""risk"": ""NORMAL"", ""action"": ""HOLD"", ""support"": ""STRONG"", ""n_neg"": 0, ""data_unreliable"": false}, {""minute"": ""15:18"", ""mid"": 87.55, ""bid"": 87.5, ""risk"": ""NORMAL"", ""action"": ""HOLD"", ""support"": ""STRONG"", ""n_neg"": 0, ""data_unreliable"": false}, {""minute"": ""15:19"", ""mid"": 85.125, ""bid"": 85.0, ""risk"": ""ELEVATED"", ""action"": ""CAUTION"", ""support"": ""NORMAL"", ""n_neg"": 1, ""data_unreliable"": false}]"
NIFTY,2026-09-18,CLOSING_1515_1529,CE,23350.0,15:15,15:29,96.075,96.15,"[{""minute"": ""15:15"", ""mid"": 96.075, ""bid"": 96.0, ""risk"": ""ELEVATED"", ""action"": ""CAUTION"", ""support"": ""WEAK"", ""n_neg"": 2, ""data_unreliable"": false}, {""minute"": ""15:16"", ""mid"": 94.85, ""bid"": 94.7, ""risk"": ""ELEVATED"", ""action"": ""CAUTION"", ""support"": ""WEAK"", ""n_neg"": 2, ""data_unreliable"": false}, {""minute"": ""15:17"", ""mid"": 94.275, ""bid"": 94.2, ""risk"": ""HIGH"", ""action"": ""PREPARE_EXIT"", ""support"": ""CONTRADICTED"", ""n_neg"": 4, ""data_unreliable"": false}, {""minute"": ""15:18"", ""mid"": 90.025, ""bid"": 89.9, ""risk"": ""EXTREME"", ""action"": ""BREAK_EXIT"", ""support"": ""CONTRADICTED"", ""n_neg"": 8, ""data_unreliable"": false}, {""minute"": ""15:19"", ""mid"": 92.05000000000001, ""bid"": 91.95, ""risk"": ""EXTREME"", ""action"": ""BREAK_EXIT"", ""support"": ""CONTRADICTED"", ""n_neg"": 5, ""data_unreliable"": false}, {""minute"": ""15:20"", ""mid"": 88.325, ""bid"": 88.2, ""risk"": ""EXTREME"", ""action"": ""BREAK_EXIT"", ""support"": ""CONTRADICTED"", ""n_neg"": 8, ""data_unreliable"": false}, {""minute"": ""15:21"", ""mid"": 89.275, ""bid"": 89.15, ""risk"": ""EXTREME"", ""action"": ""BREAK_EXIT"", ""support"": ""CONTRADICTED"", ""n_neg"": 6, ""data_unreliable"": false}, {""minute"": ""15:22"", ""mid"": 88.525, ""bid"": 88.45, ""risk"": ""ELEVATED"", ""action"": ""CAUTION"", ""support"": ""NORMAL"", ""n_neg"": 2, ""data_unreliable"": false}, {""minute"": ""15:23"", ""mid"": 87.875, ""bid"": 87.75, ""risk"": ""EXTREME"", ""action"": ""BREAK_EXIT"", ""support"": ""CONTRADICTED"", ""n_neg"": 6, ""data_unreliable"": false}, {""minute"": ""15:24"", ""mid"": 86.5, ""bid"": 86.45, ""risk"": ""EXTREME"", ""action"": ""BREAK_EXIT"", ""support"": ""CONTRADICTED"", ""n_neg"": 7, ""data_unreliable"": false}, {""minute"": ""15:25"", ""mid"": 87.9, ""bid"": 87.8, ""risk"": ""NORMAL"", ""action"": ""HOLD"", ""support"": ""NORMAL"", ""n_neg"": 1, ""data_unreliable"": false}, {""minute"": ""15:26"", ""mid"": 88.4, ""bid"": 88.3, ""risk"": ""NORMAL"", ""action"": ""HOLD"", ""support"": ""STRONG"", ""n_neg"": 0, ""data_unreliable"": false}, {""minute"": ""15:27"", ""mid"": 93.6, ""bid"": 93.45, ""risk"": ""NORMAL"", ""action"": ""HOLD"", ""support"": ""NORMAL"", ""n_neg"": 1, ""data_unreliable"": false}, {""minute"": ""15:28"", ""mid"": 94.725, ""bid"": 94.6, ""risk"": ""NORMAL"", ""action"": ""HOLD"", ""support"": ""NORMAL"", ""n_neg"": 1, ""data_unreliable"": false}, {""minute"": ""15:29"", ""mid"": 93.475, ""bid"": 93.35, ""risk"": ""HIGH"", ""action"": ""PREPARE_EXIT"", ""support"": ""CONTRADICTED"", ""n_neg"": 4, ""data_unreliable"": false}]"
NIFTY,2026-09-18,CLOSING_1515_1529,PE,23350.0,15:15,15:29,82.1,82.2,"[{""minute"": ""15:15"", ""mid"": 82.1, ""bid"": 82.0, ""risk"": ""HIGH"", ""action"": ""PREPARE_EXIT"", ""support"": ""CONTRADICTED"", ""n_neg"": 3, ""data_unreliable"": false}, {""minute"": ""15:16"", ""mid"": 84.05000000000001, ""bid"": 83.95, ""risk"": ""NORMAL"", ""action"": ""HOLD"", ""support"": ""NORMAL"", ""n_neg"": 1, ""data_unreliable"": false}, {""minute"": ""15:17"", ""mid"": 84.75, ""bid"": 84.65, ""risk"": ""NORMAL"", ""action"": ""HOLD"", ""support"": ""STRONG"", ""n_neg"": 0, ""data_unreliable"": false}, {""minute"": ""15:18"", ""mid"": 87.55, ""bid"": 87.5, ""risk"": ""NORMAL"", ""action"": ""HOLD"", ""support"": ""STRONG"", ""n_neg"": 0, ""data_unreliable"": false}, {""minute"": ""15:19"", ""mid"": 85.125, ""bid"": 85.0, ""risk"": ""ELEVATED"", ""action"": ""CAUTION"", ""support"": ""NORMAL"", ""n_neg"": 1, ""data_unreliable"": false}, {""minute"": ""15:20"", ""mid"": 88.19999999999999, ""bid"": 88.1, ""risk"": ""NORMAL"", ""action"": ""HOLD"", ""support"": ""STRONG"", ""n_neg"": 0, ""data_unreliable"": false}, {""minute"": ""15:21"", ""mid"": 86.5, ""bid"": 86.4, ""risk"": ""ELEVATED"", ""action"": ""CAUTION"", ""support"": ""NORMAL"", ""n_neg"": 2, ""data_unreliable"": false}, {""minute"": ""15:22"", ""mid"": 86.025, ""bid"": 86.0, ""risk"": ""EXTREME"", ""action"": ""BREAK_EXIT"", ""support"": ""CONTRADICTED"", ""n_neg"": 4, ""data_unreliable"": false}, {""minute"": ""15:23"", ""mid"": 87.05, ""bid"": 87.0, ""risk"": ""NORMAL"", ""action"": ""HOLD"", ""support"": ""NORMAL"", ""n_neg"": 1, ""data_unreliable"": false}, {""minute"": ""15:24"", ""mid"": 88.125, ""bid"": 88.0, ""risk"": ""NORMAL"", ""action"": ""HOLD"", ""support"": ""STRONG"", ""n_neg"": 0, ""data_unreliable"": false}, {""minute"": ""15:25"", ""mid"": 87.1, ""bid"": 87.05, ""risk"": ""ELEVATED"", ""action"": ""CAUTION"", ""support"": ""NORMAL"", ""n_neg"": 1, ""data_unreliable"": false}, {""minute"": ""15:26"", ""mid"": 85.475, ""bid"": 85.35, ""risk"": ""EXTREME"", ""action"": ""BREAK_EXIT"", ""support"": ""CONTRADICTED"", ""n_neg"": 7, ""data_unreliable"": false}, {""minute"": ""15:27"", ""mid"": 80.65, ""bid"": 80.55, ""risk"": ""EXTREME"", ""action"": ""BREAK_EXIT"", ""support"": ""CONTRADICTED"", ""n_neg"": 8, ""data_unreliable"": false}, {""minute"": ""15:28"", ""mid"": 79.975, ""bid"": 79.95, ""risk"": ""EXTREME"", ""action"": ""BREAK_EXIT"", ""support"": ""CONTRADICTED"", ""n_neg"": 5, ""data_unreliable"": false}, {""minute"": ""15:29"", ""mid"": 83.025, ""bid"": 82.9, ""risk"": ""NORMAL"", ""action"": ""HOLD"", ""support"": ""NORMAL"", ""n_neg"": 1, ""data_unreliable"": false}]"
SENSEX,2026-09-18,11D_SHAPED_1500_1519,CE,74700.0,15:00,15:19,409.42499999999995,409.95,"[{""minute"": ""15:00"", ""mid"": 409.42499999999995, ""bid"": 408.9, ""risk"": ""HIGH"", ""action"": ""PREPARE_EXIT"", ""support"": ""CONTRADICTED"", ""n_neg"": 5, ""data_unreliable"": false}, {""minute"": ""15:01"", ""mid"": 399.25, ""bid"": 398.75, ""risk"": ""EXTREME"", ""action"": ""BREAK_EXIT"", ""support"": ""CONTRADICTED"", ""n_neg"": 6, ""data_unreliable"": false}, {""minute"": ""15:02"", ""mid"": 411.725, ""bid"": 411.15, ""risk"": ""NORMAL"", ""action"": ""HOLD"", ""support"": ""NORMAL"", ""n_neg"": 1, ""data_unreliable"": false}, {""minute"": ""15:03"", ""mid"": 411.82500000000005, ""bid"": 411.3, ""risk"": ""LOW"", ""action"": ""HOLD"", ""support"": ""STRONG"", ""n_neg"": 0, ""data_unreliable"": false}, {""minute"": ""15:04"", ""mid"": 410.79999999999995, ""bid"": 410.4, ""risk"": ""ELEVATED"", ""action"": ""CAUTION"", ""support"": ""WEAK"", ""n_neg"": 2, ""data_unreliable"": false}, {""minute"": ""15:05"", ""mid"": 403.67499999999995, ""bid"": 403.2, ""risk"": ""HIGH"", ""action"": ""PREPARE_EXIT"", ""support"": ""CONTRADICTED"", ""n_neg"": 5, ""data_unreliable"": false}, {""minute"": ""15:06"", ""mid"": 412.125, ""bid"": 411.55, ""risk"": ""NORMAL"", ""action"": ""HOLD"", ""support"": ""NORMAL"", ""n_neg"": 0, ""data_unreliable"": false}, {""minute"": ""15:07"", ""mid"": 396.5, ""bid"": 396.2, ""risk"": ""EXTREME"", ""action"": ""BREAK_EXIT"", ""support"": ""CONTRADICTED"", ""n_neg"": 6, ""data_unreliable"": false}, {""minute"": ""15:08"", ""mid"": 383.725, ""bid"": 383.2, ""risk"": ""EXTREME"", ""action"": ""BREAK_EXIT"", ""support"": ""CONTRADICTED"", ""n_neg"": 5, ""data_unreliable"": false}, {""minute"": ""15:09"", ""mid"": 371.025, ""bid"": 370.5, ""risk"": ""EXTREME"", ""action"": ""BREAK_EXIT"", ""support"": ""CONTRADICTED"", ""n_neg"": 6, ""data_unreliable"": false}, {""minute"": ""15:10"", ""mid"": 377.525, ""bid"": 377.1, ""risk"": ""EXTREME"", ""action"": ""BREAK_EXIT"", ""support"": ""CONTRADICTED"", ""n_neg"": 5, ""data_unreliable"": false}, {""minute"": ""15:11"", ""mid"": 381.525, ""bid"": 381.05, ""risk"": ""NORMAL"", ""action"": ""HOLD"", ""support"": ""NORMAL"", ""n_neg"": 1, ""data_unreliable"": false}, {""minute"": ""15:12"", ""mid"": 380.225, ""bid"": 380.05, ""risk"": ""ELEVATED"", ""action"": ""CAUTION"", ""support"": ""NORMAL"", ""n_neg"": 1, ""data_unreliable"": false}, {""minute"": ""15:13"", ""mid"": 384.92499999999995, ""bid"": 384.4, ""risk"": ""LOW"", ""action"": ""HOLD"", ""support"": ""STRONG"", ""n_neg"": 0, ""data_unreliable"": false}, {""minute"": ""15:14"", ""mid"": 377.025, ""bid"": 376.65, ""risk"": ""HIGH"", ""action"": ""PREPARE_EXIT"", ""support"": ""CONTRADICTED"", ""n_neg"": 4, ""data_unreliable"": false}, {""minute"": ""15:15"", ""mid"": 381.775, ""bid"": 381.25, ""risk"": ""ELEVATED"", ""action"": ""CAUTION"", ""support"": ""WEAK"", ""n_neg"": 3, ""data_unreliable"": false}, {""minute"": ""15:16"", ""mid"": 380.8, ""bid"": 380.6, ""risk"": ""ELEVATED"", ""action"": ""CAUTION"", ""support"": ""NORMAL"", ""n_neg"": 2, ""data_unreliable"": false}, {""minute"": ""15:17"", ""mid"": 379.75, ""bid"": 379.25, ""risk"": ""ELEVATED"", ""action"": ""CAUTION"", ""support"": ""WEAK"", ""n_neg"": 2, ""data_unreliable"": false}, {""minute"": ""15:18"", ""mid"": 367.625, ""bid"": 367.05, ""risk"": ""EXTREME"", ""action"": ""BREAK_EXIT"", ""support"": ""CONTRADICTED"", ""n_neg"": 6, ""data_unreliable"": false}, {""minute"": ""15:19"", ""mid"": 374.5, ""bid"": 374.05, ""risk"": ""EXTREME"", ""action"": ""BREAK_EXIT"", ""support"": ""CONTRADICTED"", ""n_neg"": 6, ""data_unreliable"": false}]"
SENSEX,2026-09-18,11D_SHAPED_1500_1519,PE,74700.0,15:00,15:19,411.525,412.0,"[{""minute"": ""15:00"", ""mid"": 411.525, ""bid"": 411.05, ""risk"": ""LOW"", ""action"": ""HOLD"", ""support"": ""STRONG"", ""n_neg"": 0, ""data_unreliable"": false}, {""minute"": ""15:01"", ""mid"": 419.925, ""bid"": 419.35, ""risk"": ""LOW"", ""action"": ""HOLD"", ""support"": ""STRONG"", ""n_neg"": 0, ""data_unreliable"": false}, {""minute"": ""15:02"", ""mid"": 411.15, ""bid"": 410.85, ""risk"": ""ELEVATED"", ""action"": ""CAUTION"", ""support"": ""WEAK"", ""n_neg"": 2, ""data_unreliable"": false}, {""minute"": ""15:03"", ""mid"": 411.425, ""bid"": 411.0, ""risk"": ""EXTREME"", ""action"": ""BREAK_EXIT"", ""support"": ""CONTRADICTED"", ""n_neg"": 6, ""data_unreliable"": false}, {""minute"": ""15:04"", ""mid"": 414.225, ""bid"": 413.7, ""risk"": ""NORMAL"", ""action"": ""HOLD"", ""support"": ""NORMAL"", ""n_neg"": 1, ""data_unreliable"": false}, {""minute"": ""15:05"", ""mid"": 418.79999999999995, ""bid"": 418.4, ""risk"": ""LOW"", ""action"": ""HOLD"", ""support"": ""STRONG"", ""n_neg"": 0, ""data_unreliable"": false}, {""minute"": ""15:06"", ""mid"": 406.67499999999995, ""bid"": 406.15, ""risk"": ""EXTREME"", ""action"": ""BREAK_EXIT"", ""support"": ""CONTRADICTED"", ""n_neg"": 5, ""data_unreliable"": false}, {""minute"": ""15:07"", ""mid"": 421.45000000000005, ""bid"": 421.1, ""risk"": ""LOW"", ""action"": ""HOLD"", ""support"": ""STRONG"", ""n_neg"": 0, ""data_unreliable"": false}, {""minute"": ""15:08"", ""mid"": 430.125, ""bid"": 429.5, ""risk"": ""LOW"", ""action"": ""HOLD"", ""support"": ""STRONG"", ""n_neg"": 0, ""data_unreliable"": false}, {""minute"": ""15:09"", ""mid"": 437.5, ""bid"": 436.9, ""risk"": ""LOW"", ""action"": ""HOLD"", ""support"": ""STRONG"", ""n_neg"": 0, ""data_unreliable"": false}, {""minute"": ""15:10"", ""mid"": 434.95000000000005, ""bid"": 434.8, ""risk"": ""ELEVATED"", ""action"": ""CAUTION"", ""support"": ""NORMAL"", ""n_neg"": 1, ""data_unreliable"": false}, {""minute"": ""15:11"", ""mid"": 433.32500000000005, ""bid"": 432.8, ""risk"": ""ELEVATED"", ""action"": ""CAUTION"", ""support"": ""WEAK"", ""n_neg"": 3, ""data_unreliable"": false}, {""minute"": ""15:12"", ""mid"": 432.5, ""bid"": 432.0, ""risk"": ""HIGH"", ""action"": ""PREPARE_EXIT"", ""support"": ""CONTRADICTED"", ""n_neg"": 3, ""data_unreliable"": false}, {""minute"": ""15:13"", ""mid"": 420.45000000000005, ""bid"": 419.85, ""risk"": ""EXTREME"", ""action"": ""BREAK_EXIT"", ""support"": ""CONTRADICTED"", ""n_neg"": 5, ""data_unreliable"": false}, {""minute"": ""15:14"", ""mid"": 432.32500000000005, ""bid"": 431.85, ""risk"": ""ELEVATED"", ""action"": ""CAUTION"", ""support"": ""WEAK"", ""n_neg"": 2, ""data_unreliable"": false}, {""minute"": ""15:15"", ""mid"": 424.8, ""bid"": 424.3, ""risk"": ""ELEVATED"", ""action"": ""CAUTION"", ""support"": ""NORMAL"", ""n_neg"": 2, ""data_unreliable"": false}, {""minute"": ""15:16"", ""mid"": 427.175, ""bid"": 426.55, ""risk"": ""EXTREME"", ""action"": ""BREAK_EXIT"", ""support"": ""CONTRADICTED"", ""n_neg"": 5, ""data_unreliable"": false}, {""minute"": ""15:17"", ""mid"": 428.67499999999995, ""bid"": 428.2, ""risk"": ""NORMAL"", ""action"": ""HOLD"", ""support"": ""NORMAL"", ""n_neg"": 1, ""data_unreliable"": false}, {""minute"": ""15:18"", ""mid"": 437.225, ""bid"": 436.65, ""risk"": ""NORMAL"", ""action"": ""HOLD"", ""support"": ""STRONG"", ""n_neg"": 0, ""data_unreliable"": false}, {""minute"": ""15:19"", ""mid"": 429.42499999999995, ""bid"": 428.9, ""risk"": ""ELEVATED"", ""action"": ""CAUTION"", ""support"": ""NORMAL"", ""n_neg"": 1, ""data_unreliable"": false}]"
SENSEX,2026-09-18,CLOSING_1515_1529,CE,74700.0,15:15,15:29,381.775,382.3,"[{""minute"": ""15:15"", ""mid"": 381.775, ""bid"": 381.25, ""risk"": ""ELEVATED"", ""action"": ""CAUTION"", ""support"": ""WEAK"", ""n_neg"": 3, ""data_unreliable"": false}, {""minute"": ""15:16"", ""mid"": 380.8, ""bid"": 380.6, ""risk"": ""ELEVATED"", ""action"": ""CAUTION"", ""support"": ""NORMAL"", ""n_neg"": 2, ""data_unreliable"": false}, {""minute"": ""15:17"", ""mid"": 379.75, ""bid"": 379.25, ""risk"": ""ELEVATED"", ""action"": ""CAUTION"", ""support"": ""WEAK"", ""n_neg"": 2, ""data_unreliable"": false}, {""minute"": ""15:18"", ""mid"": 367.625, ""bid"": 367.05, ""risk"": ""EXTREME"", ""action"": ""BREAK_EXIT"", ""support"": ""CONTRADICTED"", ""n_neg"": 6, ""data_unreliable"": false}, {""minute"": ""15:19"", ""mid"": 374.5, ""bid"": 374.05, ""risk"": ""EXTREME"", ""action"": ""BREAK_EXIT"", ""support"": ""CONTRADICTED"", ""n_neg"": 6, ""data_unreliable"": false}, {""minute"": ""15:20"", ""mid"": 366.675, ""bid"": 366.35, ""risk"": ""HIGH"", ""action"": ""PREPARE_EXIT"", ""support"": ""CONTRADICTED"", ""n_neg"": 3, ""data_unreliable"": false}, {""minute"": ""15:21"", ""mid"": 372.4, ""bid"": 371.95, ""risk"": ""NORMAL"", ""action"": ""HOLD"", ""support"": ""NORMAL"", ""n_neg"": 1, ""data_unreliable"": false}, {""minute"": ""15:22"", ""mid"": 366.225, ""bid"": 365.7, ""risk"": ""HIGH"", ""action"": ""PREPARE_EXIT"", ""support"": ""CONTRADICTED"", ""n_neg"": 4, ""data_unreliable"": false}, {""minute"": ""15:23"", ""mid"": 365.7, ""bid"": 365.45, ""risk"": ""EXTREME"", ""action"": ""BREAK_EXIT"", ""support"": ""CONTRADICTED"", ""n_neg"": 4, ""data_unreliable"": false}, {""minute"": ""15:24"", ""mid"": 360.275, ""bid"": 359.75, ""risk"": ""EXTREME"", ""action"": ""BREAK_EXIT"", ""support"": ""CONTRADICTED"", ""n_neg"": 7, ""data_unreliable"": false}, {""minute"": ""15:25"", ""mid"": 364.275, ""bid"": 364.1, ""risk"": ""ELEVATED"", ""action"": ""CAUTION"", ""support"": ""WEAK"", ""n_neg"": 3, ""data_unreliable"": false}, {""minute"": ""15:26"", ""mid"": 361.7, ""bid"": 361.5, ""risk"": ""ELEVATED"", ""action"": ""CAUTION"", ""support"": ""NORMAL"", ""n_neg"": 2, ""data_unreliable"": false}, {""minute"": ""15:27"", ""mid"": 375.0, ""bid"": 374.5, ""risk"": ""NORMAL"", ""action"": ""HOLD"", ""support"": ""STRONG"", ""n_neg"": 0, ""data_unreliable"": false}, {""minute"": ""15:28"", ""mid"": 380.6, ""bid"": 380.2, ""risk"": ""NORMAL"", ""action"": ""HOLD"", ""support"": ""STRONG"", ""n_neg"": 0, ""data_unreliable"": false}, {""minute"": ""15:29"", ""mid"": 379.55, ""bid"": 379.1, ""risk"": ""ELEVATED"", ""action"": ""CAUTION"", ""support"": ""NORMAL"", ""n_neg"": 3, ""data_unreliable"": false}]"
SENSEX,2026-09-18,CLOSING_1515_1529,PE,74700.0,15:15,15:29,424.8,425.3,"[{""minute"": ""15:15"", ""mid"": 424.8, ""bid"": 424.3, ""risk"": ""ELEVATED"", ""action"": ""CAUTION"", ""support"": ""NORMAL"", ""n_neg"": 2, ""data_unreliable"": false}, {""minute"": ""15:16"", ""mid"": 427.175, ""bid"": 426.55, ""risk"": ""EXTREME"", ""action"": ""BREAK_EXIT"", ""support"": ""CONTRADICTED"", ""n_neg"": 5, ""data_unreliable"": false}, {""minute"": ""15:17"", ""mid"": 428.67499999999995, ""bid"": 428.2, ""risk"": ""NORMAL"", ""action"": ""HOLD"", ""support"": ""NORMAL"", ""n_neg"": 1, ""data_unreliable"": false}, {""minute"": ""15:18"", ""mid"": 437.225, ""bid"": 436.65, ""risk"": ""NORMAL"", ""action"": ""HOLD"", ""support"": ""STRONG"", ""n_neg"": 0, ""data_unreliable"": false}, {""minute"": ""15:19"", ""mid"": 429.42499999999995, ""bid"": 428.9, ""risk"": ""ELEVATED"", ""action"": ""CAUTION"", ""support"": ""NORMAL"", ""n_neg"": 1, ""data_unreliable"": false}, {""minute"": ""15:20"", ""mid"": 435.425, ""bid"": 434.8, ""risk"": ""NORMAL"", ""action"": ""HOLD"", ""support"": ""NORMAL"", ""n_neg"": 1, ""data_unreliable"": false}, {""minute"": ""15:21"", ""mid"": 430.2, ""bid"": 429.7, ""risk"": ""ELEVATED"", ""action"": ""CAUTION"", ""support"": ""WEAK"", ""n_neg"": 2, ""data_unreliable"": false}, {""minute"": ""15:22"", ""mid"": 429.9, ""bid"": 429.4, ""risk"": ""HIGH"", ""action"": ""PREPARE_EXIT"", ""support"": ""CONTRADICTED"", ""n_neg"": 3, ""data_unreliable"": false}, {""minute"": ""15:23"", ""mid"": 429.175, ""bid"": 429.0, ""risk"": ""ELEVATED"", ""action"": ""CAUTION"", ""support"": ""WEAK"", ""n_neg"": 4, ""data_unreliable"": false}, {""minute"": ""15:24"", ""mid"": 434.5, ""bid"": 434.0, ""risk"": ""NORMAL"", ""action"": ""HOLD"", ""support"": ""STRONG"", ""n_neg"": 0, ""data_unreliable"": false}, {""minute"": ""15:25"", ""mid"": 427.5, ""bid"": 427.1, ""risk"": ""HIGH"", ""action"": ""PREPARE_EXIT"", ""support"": ""CONTRADICTED"", ""n_neg"": 3, ""data_unreliable"": false}, {""minute"": ""15:26"", ""mid"": 423.65, ""bid"": 423.35, ""risk"": ""EXTREME"", ""action"": ""BREAK_EXIT"", ""support"": ""CONTRADICTED"", ""n_neg"": 4, ""data_unreliable"": false}, {""minute"": ""15:27"", ""mid"": 410.67499999999995, ""bid"": 410.15, ""risk"": ""EXTREME"", ""action"": ""BREAK_EXIT"", ""support"": ""CONTRADICTED"", ""n_neg"": 7, ""data_unreliable"": false}, {""minute"": ""15:28"", ""mid"": 408.775, ""bid"": 408.2, ""risk"": ""EXTREME"", ""action"": ""BREAK_EXIT"", ""support"": ""CONTRADICTED"", ""n_neg"": 5, ""data_unreliable"": false}, {""minute"": ""15:29"", ""mid"": 423.125, ""bid"": 422.75, ""risk"": ""ELEVATED"", ""action"": ""CAUTION"", ""support"": ""NORMAL"", ""n_neg"": 1, ""data_unreliable"": false}]"
