date,symbol,variant,i,dir,by,conflict,time,window,mode,expiry,cls,fade,lag_bars,onset_age_s,approved,reasons,confirm_delay_s,pnl1,mfe1,mae1,tmae1,spread1,t05_1,t1_1,t2_1,good1,hit1first1,remain1,optcons1,delay_to_entry1,pnl2,mfe2,mae2,tmae2,spread2,t05_2,t1_2,t2_2,good2,hit1first2,remain2,optcons2,delay_to_entry2,dim_A_futures_strength,dim_B_futures_acceleration,dim_C_option_acceleration,dim_D_direction_agreement,dim_E_lead_lag_bars(+ = option first),dim_F_liquidity(-spread),dim_G_earlyness(-onset age s),dim_H_reversal_risk(-retrace),dim_I_time_remaining_s
2026-09-17,NIFTY,10s,14,-1,OPTION,False,14:56:15,PRE 14:55-15:00,PRE,False,FALSE_OPTION_MOVE,False,,60,False,"['WINDOW', 'NOT_EARLY', 'NO_DIRECTIONAL_AGREEMENT', 'OPTION_NOT_RESPONDING']",,-0.20678246484698098,5.004135649296937,-1.0339123242349046,5.0,0.2484,30,35,110,True,False,0.8315217391303295,0.27220630372492854,65,0.8340283569641368,5.879899916597162,-0.2085070892410342,10.0,0.2087,15,25,30,True,True,0.8016304347825453,0.1604584527220638,70,59.1,23.6,0.14143510702393014,1.0,,-0.289,-60,-0.0,1125
2026-09-17,NIFTY,10s,16,1,OPTION,False,14:56:25,PRE 14:55-15:00,PRE,False,FALSE_OPTION_MOVE,False,,0,False,"['WINDOW', 'NO_DIRECTIONAL_AGREEMENT', 'OPTION_NOT_RESPONDING']",,-0.6468305304010349,0.08624407072013308,-6.338939197930149,230.0,0.2591,,,,False,False,,0.757575757575755,5,-0.9883970777825454,-0.9883970777825454,-6.660936828534594,225.0,0.2582,,,,False,False,,1.0,10,50.8,0.0,1.0896282294882584,1.0,,-0.2584,0,-0.0,1115
2026-09-17,NIFTY,10s,26,-1,OPTION,False,14:57:15,PRE 14:55-15:00,PRE,False,SYNCHRONIZED,False,1,60,False,"['WINDOW', 'NOT_EARLY', 'NO_DIRECTIONAL_AGREEMENT', 'OPTION_NOT_RESPONDING']",,-0.728450020234716,2.751922298664513,-3.682719546742207,270.0,0.2431,120,,,False,False,0.3164556962025462,0.4948805460750861,65,-0.16280016280015355,3.337403337403345,-3.133903133903129,265.0,0.2853,45,115,,False,False,0.3797468354430555,0.3959044368600677,70,88.0,20.7,0.6555138257954418,1.0,1,-0.2439,-60,-0.0,1065
2026-09-17,NIFTY,10s,29,1,OPTION,False,14:57:30,PRE 14:55-15:00,PRE,False,FALSE_OPTION_MOVE,False,,10,False,"['WINDOW', 'NO_DIRECTIONAL_AGREEMENT', 'OPTION_NOT_RESPONDING']",,-0.39543057996485315,0.6590509666080844,-4.569420035149387,165.0,0.264,70,,,False,False,1.0,0.44736842105263475,15,-1.0475774770842452,0.087298123090361,-5.194238323876039,160.0,0.1747,,,,False,False,1.0,0.8354430379746828,20,45.0,0.0,0.03961857979817662,1.0,,-0.1311,-10,-0.1500000000014552,1050
2026-09-17,NIFTY,10s,44,1,OPTION,False,14:58:45,PRE 14:55-15:00,PRE,False,UNDERLYING_LEAD,False,-6,60,False,"['WINDOW', 'NOT_EARLY', 'NO_DIRECTIONAL_AGREEMENT', 'OPTION_NOT_RESPONDING']",,-0.17613386173492104,2.1136063408190275,-4.359313077939237,90.0,0.0881,,,,False,False,1.0,0.3066666666666682,65,-0.8802816901408451,2.0686619718309935,-4.401408450704226,85.0,0.2203,,,,False,False,0.9831460674159783,0.3,70,71.2,0.0,0.9486866191299809,1.0,-6,-0.1747,-60,-0.0,975
2026-09-17,NIFTY,10s,45,-1,FUTURES,False,14:58:50,PRE 14:55-15:00,PRE,False,SYNCHRONIZED,False,0,10,False,"['WINDOW', 'NO_DIRECTIONAL_AGREEMENT', 'OPTION_NOT_RESPONDING']",,-0.856443719412722,3.5481239804241502,-5.301794453507341,255.0,0.1224,25,25,80,True,True,0.569999999999709,0.2043478260869585,15,0.7796471070988945,4.185473943373006,-4.718916700861715,250.0,0.2465,5,15,20,True,True,0.8799999999999273,0.060869565217392785,20,95.0,93.2,2.14807167835598,0.0,0,-0.2041,-10,-0.0,970
2026-09-17,NIFTY,10s,60,-1,OPTION,False,15:00:05,15:00-15:03,MODE_A,False,SYNCHRONIZED,False,0,50,False,"['NOT_EARLY', 'OPTION_NOT_RESPONDING', 'EXTENDED']",,-0.07984031936127291,1.3572854291417187,-7.30538922155689,180.0,0.1998,10,10,,True,True,0.3575129533678971,0.5380116959064332,55,-0.1993620414673046,1.2360446570972863,-7.41626794258374,175.0,0.2395,5,5,,True,True,0.3575129533678971,0.5672514619883046,60,73.8,34.7,0.15812322334085882,1.0,0,-0.2,-50,-0.0,895
2026-09-17,NIFTY,10s,65,1,OPTION,False,15:00:30,15:00-15:03,MODE_A,False,FALSE_OPTION_MOVE,False,,0,True,[],10,-0.13286093888397313,2.701505757307349,-1.1957484499557205,255.0,0.2661,5,25,,True,True,0.7854984894257966,0.5457627118644075,15,-0.43782837127845886,1.532399299474606,-2.320490367775837,250.0,0.1753,120,,,False,False,0.5196374622355845,0.7288135593220338,20,59.1,0.0,0.31291802125835555,1.0,,-0.1353,0,-0.0,870
2026-09-17,NIFTY,10s,83,-1,OPTION,False,15:02:00,15:00-15:03,MODE_A,False,FALSE_OPTION_MOVE,False,,30,True,[],0,-1.6359918200409,0.04089979550102017,-7.525562372188141,300.0,0.2457,,,,False,False,0.0,0.893129770992364,35,-1.9168026101141882,-0.6117455138662317,-8.401305057096247,300.0,0.245,,,,False,False,0.0,1.0,40,62.8,4.3,0.5156738070310471,1.0,,-0.2469,-30,-0.0,780
2026-09-17,NIFTY,10s,91,1,BOTH,False,15:02:40,15:00-15:03,MODE_A,False,OPTION_LEAD,False,4,35,False,"['NOT_EARLY', 'NO_DIRECTIONAL_AGREEMENT', 'OPTION_NOT_RESPONDING']",,-0.2607561929595803,1.8687527162103483,-3.0421555845284662,135.0,0.2611,25,,,False,False,0.7630853994490949,0.494845360824744,40,-0.2607561929595803,1.8687527162103483,-3.0421555845284662,130.0,0.2175,20,,,False,False,0.7438016528925023,0.5,45,95.2,25.4,-0.2908486528179478,1.0,4,-0.2178,-35,-0.0,740
2026-09-17,NIFTY,10s,103,-1,OPTION,False,15:03:40,15:03-15:06,MODE_A,False,FALSE_OPTION_MOVE,False,,10,True,[],0,-1.35021097046413,2.320675105485232,-5.232067510548526,205.0,0.2535,60,70,75,False,False,1.0,0.4126213592233005,15,-1.682085786375105,1.9764507989907438,-5.550883095037854,200.0,0.2105,60,70,,False,False,1.0,0.49514563106796283,20,21.1,0.0,-1.090586203261453,1.0,,-0.2528,-10,-0.0,680
2026-09-17,NIFTY,10s,107,1,OPTION,False,15:04:00,15:03-15:06,MODE_A,False,SYNCHRONIZED,False,0,60,False,"['NOT_EARLY', 'NO_DIRECTIONAL_AGREEMENT', 'OPTION_NOT_RESPONDING']",,0.21607605877268796,1.296456352636128,-3.586862575626625,55.0,0.2596,,,,False,False,0.5833333333334055,0.3739130434782619,65,0.6073752711496772,1.691973969631239,-3.210412147505425,50.0,0.3041,10,,,False,False,0.6269841269841339,0.208695652173916,70,44.4,39.6,0.2151123983489896,1.0,0,-0.1294,-60,-0.0,660
2026-09-17,NIFTY,10s,115,-1,BOTH,False,15:04:40,15:03-15:06,MODE_A,False,SYNCHRONIZED,False,1,10,True,[],0,1.5069066555043926,1.5069066555043926,-5.9857681038091295,145.0,0.2515,15,15,,True,True,0.06766917293242543,0.5631578947368415,15,1.0837849103793222,1.0837849103793222,-6.377657357232184,140.0,0.2504,10,10,,True,True,0.03759398496239779,0.6684210526315784,20,97.6,89.0,-0.755337104778805,1.0,1,-0.2938,-10,-0.0,620
2026-09-17,NIFTY,10s,119,1,BOTH,True,15:05:00,15:03-15:06,MODE_A,False,OPTION_RESPONSE_LAG,False,,10,False,"['NO_DIRECTIONAL_AGREEMENT', 'OPTION_NOT_RESPONDING']",,0.4021447721179523,4.736371760500444,0.4021447721179523,5.0,0.2685,10,10,15,True,True,1.0,0.008849557522123404,15,4.177777777777781,4.177777777777781,0.800000000000005,35.0,0.1334,5,10,75,True,True,1.0,0.12831858407079566,20,90.1,89.0,-0.7098816212161596,0.0,,-0.2686,-10,-0.0,600
2026-09-17,NIFTY,10s,127,-1,OPTION,False,15:05:40,15:03-15:06,MODE_A,False,FALSE_OPTION_MOVE,False,,10,True,[],0,-1.0130856901646288,-0.2532714225411542,-5.192064162093716,85.0,0.169,,,,False,False,0.8358208955227122,1.0,15,-1.4887282007656317,0.5104210974053667,-4.466184602296895,80.0,0.2129,,,,False,False,0.8358208955227122,0.49230769230769056,20,40.9,0.0,-0.3064561274158376,1.0,,-0.2109,-10,-0.0,560
2026-09-17,NIFTY,10s,139,1,FUTURES,False,15:06:40,15:06-15:09,MODE_A,False,SYNCHRONIZED,False,0,10,False,"['NO_DIRECTIONAL_AGREEMENT', 'OPTION_NOT_RESPONDING']",,-1.517121803207629,1.9072388383181644,-1.517121803207629,80.0,0.1735,15,20,,True,True,0.6137566137566381,0.4166666666666664,15,-1.517121803207629,1.9072388383181644,-1.517121803207629,75.0,0.2604,10,15,,True,True,0.6084656084653274,0.40476190476190516,20,92.7,77.0,-0.7854635824491657,1.0,0,-0.2172,-10,-0.0,500
2026-09-17,NIFTY,10s,154,-1,BOTH,False,15:07:55,15:06-15:09,MODE_A,False,OPTION_LEAD,False,5,10,True,[],0,1.1678200692041598,3.8927335640138407,-1.7301038062283738,40.0,0.1732,5,5,,True,True,0.3617021276596733,0.3935483870967738,15,-0.5121638924455898,2.5181391378574376,-3.0303030303030396,35.0,0.1709,120,,,False,False,0.6755319148933576,0.5935483870967735,20,97.4,92.6,-0.9831014876114891,1.0,5,-0.215,-10,-0.0,425
2026-09-17,NIFTY,10s,163,1,OPTION,False,15:08:40,15:06-15:09,MODE_A,False,SYNCHRONIZED,False,-2,45,False,"['NOT_EARLY', 'NO_DIRECTIONAL_AGREEMENT', 'OPTION_NOT_RESPONDING']",,-0.6493506493506493,4.112554112554113,-0.9090909090909066,50.0,0.1733,25,25,,True,True,0.6713286713287745,0.24812030075188035,50,-0.735294117647054,4.022491349480974,-0.9948096885813076,45.0,0.1732,20,20,,True,True,0.6866666666668607,0.26315789473684187,55,49.3,0.0,-0.2860273650922818,1.0,-2,-0.2585,-45,-0.9500000000043656,380
2026-09-17,NIFTY,10s,172,-1,OPTION,False,15:09:25,15:09-15:12,MODE_A,False,FALSE_OPTION_MOVE,False,,55,False,['NOT_EARLY'],,-0.04262574595055171,2.387041773231029,-5.370843989769818,300.0,0.2134,35,,,False,False,0.5828220858894665,0.5310077519379838,60,-0.6811409110259661,2.2562792677735133,-6.939123031077059,300.0,0.1704,30,,,False,False,0.31288343558267695,0.5581395348837198,65,22.6,40.2,0.6942655595668588,1.0,,-0.3011,-55,-0.5,335
2026-09-17,NIFTY,10s,182,1,OPTION,False,15:10:15,15:09-15:12,MODE_A,False,SYNCHRONIZED,False,-1,40,False,"['NOT_EARLY', 'NO_DIRECTIONAL_AGREEMENT', 'OPTION_NOT_RESPONDING']",,-0.12875536480687183,6.351931330472108,-1.7596566523605126,105.0,0.2148,10,,,False,False,0.7148288973381579,0.19414893617021295,45,0.08576329331047045,6.260720411663819,-1.84391080617495,100.0,0.2146,5,,,False,False,0.5703422053231308,0.20478723404255275,50,62.8,25.4,-0.07078816070827154,1.0,-1,-0.2142,-40,-0.0,285
2026-09-17,NIFTY,10s,202,-1,FUTURES,False,15:11:55,15:09-15:12,MODE_A,False,SYNCHRONIZED,False,0,35,False,"['NOT_EARLY', 'OPTION_NOT_RESPONDING']",,-2.036575228595181,-0.16625103906899655,-12.302576891105566,290.0,0.2497,,,,False,False,0.2962962962962963,0.979797979797981,40,-2.036575228595181,-1.122194513715706,-12.302576891105566,285.0,0.1664,,,,False,False,0.14814814814814814,1.0,45,91.3,78.7,0.08162801128523833,1.0,0,-0.2092,-35,-0.0,185
2026-09-17,NIFTY,10s,206,1,BOTH,False,15:12:15,15:12-15:15,MODE_A,False,SYNCHRONIZED,False,-1,10,True,[],0,0.6454388984509466,6.626506024096387,0.3012048192771036,40.0,0.2585,5,20,60,True,True,1.0,0.15733333333333271,15,-0.17072129748186327,5.7618437900128034,-0.5121638924455898,35.0,0.2136,20,55,60,True,True,0.7859154929575826,0.26133333333333364,20,90.9,69.5,0.40968782574838614,1.0,-1,-0.172,-10,-0.0,165
2026-09-17,NIFTY,10s,219,1,OPTION,False,15:13:20,15:12-15:15,MODE_A,False,SYNCHRONIZED,False,0,60,False,"['NOT_EARLY', 'OPTION_NOT_RESPONDING']",,-1.078390709249272,2.7789299046039058,-1.41020323517213,100.0,0.2492,65,70,70,False,False,0.43733333333337215,0.5506329113924058,65,1.2922050854522693,3.293038766152566,-0.9170487703209742,95.0,0.1669,50,60,65,True,True,0.4613333333334109,0.4810126582278474,70,27.3,49.9,1.4012738853503233,1.0,0,-0.2513,-60,-0.0,100
2026-09-17,NIFTY,10s,231,1,OPTION,False,15:14:20,15:12-15:15,MODE_A,False,UNDERLYING_LEAD,False,-11,60,False,"['NOT_EARLY', 'OPTION_NOT_RESPONDING']",,0.5794701986754991,2.566225165562921,-1.6142384105960288,40.0,0.0414,10,10,15,True,True,0.6160714285715185,0.35204081632653195,65,-0.823045267489712,1.9753086419753134,-2.181069958847741,35.0,0.2472,5,5,,True,True,0.6830357142857998,0.46938775510203967,70,68.3,0.0,0.12192607311862069,1.0,-11,-0.2067,-60,-2.25,40
2026-09-17,NIFTY,10s,237,-1,OPTION,False,15:14:50,15:12-15:15,MODE_A,False,FALSE_OPTION_MOVE,False,,10,True,[],0,-4.3262730959891815,1.7575484452456085,-4.912122577737723,115.0,0.1804,5,10,,True,True,0.02970297029660175,0.5116279069767419,15,-1.4298480786416519,0.8936550491510277,-5.719392314566582,110.0,0.1789,5,,,False,False,0.6534653465346035,0.7325581395348822,20,39.2,0.0,-2.292041319198535,1.0,,-0.2726,-10,-0.1500000000014552,10
2026-09-17,NIFTY,10s,257,1,OPTION,False,15:16:30,MODE B 15:15-15:30,MODE_B,False,SYNCHRONIZED,False,1,55,False,"['WINDOW', 'NOT_EARLY', 'NO_DIRECTIONAL_AGREEMENT', 'OPTION_NOT_RESPONDING']",,-0.12234910277323938,0.4078303425774878,-3.8743882544861337,285.0,0.245,,,,False,False,0.43269230769224715,0.7686567164179126,60,-1.474201474201472,0.819000819000819,-3.480753480753481,280.0,0.246,,,,False,False,0.4423076923074905,0.6194029850746288,65,74.5,52.5,-0.11104820424938533,1.0,1,-0.2046,-55,-0.0,-90
2026-09-17,NIFTY,10s,268,-1,OPTION,False,15:17:25,MODE B 15:15-15:30,MODE_B,False,SYNCHRONIZED,False,0,35,False,"['WINDOW', 'NOT_EARLY', 'OPTION_NOT_RESPONDING']",,-0.7233273056057841,1.446654611211581,-2.622061482820969,250.0,0.2263,50,55,,True,False,0.567164179104591,0.7265917602996249,40,-0.317748524739,1.8610985020426665,-2.2242396731729484,245.0,0.1363,30,45,,True,True,0.5970149253731776,0.6666666666666674,45,43.2,12.4,0.12860004376441803,1.0,0,-0.2275,-35,-0.0,-145
2026-09-17,NIFTY,10s,284,1,OPTION,False,15:18:45,MODE B 15:15-15:30,MODE_B,False,UNDERLYING_LEAD,False,-4,40,False,"['WINDOW', 'NOT_EARLY', 'NO_DIRECTIONAL_AGREEMENT', 'OPTION_NOT_RESPONDING']",,0.08237232289950108,1.4003294892915887,-4.5304777594728165,285.0,0.2887,15,40,,True,True,0.26506024096428843,0.4838709677419355,45,0.2061855670103093,1.525773195876284,-4.4123711340206135,280.0,0.0412,10,35,,True,True,0.1927710843379831,0.4838709677419355,50,5.3,43.5,0.18330374790699566,1.0,-4,-0.0824,-40,-0.5999999999985448,-225
2026-09-17,NIFTY,10s,302,1,OPTION,False,15:20:15,MODE B 15:15-15:30,MODE_B,False,UNDERLYING_LEAD,False,-4,25,False,"['WINDOW', 'OPTION_NOT_RESPONDING']",,-2.216748768472909,-0.2463054187192095,-4.844006568144493,195.0,0.2466,,,,False,False,0.4,1.0,30,-2.216748768472909,-0.3284072249589421,-4.844006568144493,190.0,0.2466,,,,False,False,0.41999999999970894,1.0,35,53.6,14.8,0.8708986709522073,1.0,-4,-0.2051,-25,-0.0,-315
2026-09-17,NIFTY,10s,306,-1,OPTION,False,15:20:35,MODE B 15:15-15:30,MODE_B,False,UNDERLYING_LEAD,False,-9,60,False,"['WINDOW', 'NOT_EARLY', 'NO_DIRECTIONAL_AGREEMENT', 'OPTION_NOT_RESPONDING']",,-0.9981851179673398,2.8584392014518976,-2.268602540834846,60.0,0.1817,110,,,False,False,0.6026490066219964,0.36744186046511523,65,-0.4107713372889118,3.468735737106342,-1.6887266088543993,55.0,0.1827,75,100,,False,False,0.6556291390725254,0.24651162790697728,70,54.5,52.5,1.9651844237675047,1.0,-9,-0.227,-60,-1.6500000000014552,-335
2026-09-17,NIFTY,10s,318,1,BOTH,False,15:21:35,MODE B 15:15-15:30,MODE_B,False,SYNCHRONIZED,False,-1,10,False,"['WINDOW', 'NO_DIRECTIONAL_AGREEMENT', 'OPTION_NOT_RESPONDING']",,-1.9126819126819103,0.4158004158004158,-3.617463617463613,115.0,0.1665,,,,False,False,0.5810810810811542,0.7586206896551756,15,-1.5853149770546446,0.7509386733416819,-3.29578639966624,110.0,0.2088,,,,False,False,0.6283783783787604,0.6120689655172402,20,90.1,69.4,0.5255363212653885,1.0,-1,-0.1253,-10,-0.0,-395
2026-09-17,NIFTY,10s,323,-1,OPTION,False,15:22:00,MODE B 15:15-15:30,MODE_B,False,UNDERLYING_LEAD,False,-4,60,False,"['WINDOW', 'NOT_EARLY', 'NO_DIRECTIONAL_AGREEMENT', 'OPTION_NOT_RESPONDING']",,2.462380300957582,3.3743730050159493,-1.7327861377109035,180.0,0.2283,15,20,85,True,True,0.7244094488188345,0.29955947136563943,65,2.5114155251141552,3.515981735159812,-1.5981735159817352,175.0,0.2743,10,15,80,True,True,0.5905511811024975,0.26872246696035107,70,37.4,0.0,0.315194538927551,1.0,-4,-0.2715,-60,-3.0499999999992724,-420
2026-09-17,NIFTY,10s,341,-1,OPTION,False,15:23:30,MODE B 15:15-15:30,MODE_B,False,FALSE_OPTION_MOVE,False,,35,False,"['WINDOW', 'NOT_EARLY', 'NO_DIRECTIONAL_AGREEMENT', 'OPTION_NOT_RESPONDING']",,-1.1438627364716334,-0.5719313682358167,-5.191377034755834,90.0,0.2643,,,,False,False,0.0,1.0,40,-0.08869179600886413,0.22172949002217296,-4.434589800443459,85.0,0.2664,,,,False,False,0.06666666666577738,0.8173913043478241,45,39.2,32.5,0.5802862804663297,1.0,,-0.266,-35,-0.0,-510
2026-09-17,NIFTY,10s,344,1,OPTION,False,15:23:45,MODE B 15:15-15:30,MODE_B,False,FALSE_OPTION_MOVE,False,,10,False,"['WINDOW', 'NO_DIRECTIONAL_AGREEMENT', 'OPTION_NOT_RESPONDING']",,1.5737983836665321,2.722245852828586,-0.6805614632071435,300.0,0.2129,10,20,55,True,True,0.8502202643174178,0.28272251308900453,15,2.602389078498291,3.0290102389078473,-0.9385665529010311,300.0,0.2563,5,10,35,True,True,0.9162995594716113,0.20418848167539183,20,71.2,12.1,-0.07107197608521332,1.0,,-0.2543,-10,-0.0,-525
2026-09-17,NIFTY,10s,381,-1,FUTURES,False,15:26:50,MODE B 15:15-15:30,MODE_B,False,OPTION_LEAD,False,4,55,False,"['WINDOW', 'NOT_EARLY', 'NO_DIRECTIONAL_AGREEMENT', 'OPTION_NOT_RESPONDING']",,-0.5869074492099374,2.0767494356659117,-1.625282167042887,20.0,0.226,105,120,,False,False,0.7961783439492867,0.42857142857142855,60,0.13586956521738358,2.400362318840572,-1.3134057971014519,15.0,0.2721,100,110,,False,False,0.25477707006408684,0.34285714285714286,65,95.5,87.1,-0.5886521685439077,0.0,4,-0.1358,-55,-0.0,-710
2026-09-17,NIFTY,10s,387,1,FUTURES,False,15:27:20,MODE B 15:15-15:30,MODE_B,False,OPTION_RESPONSE_LAG,False,,20,False,"['WINDOW', 'NO_DIRECTIONAL_AGREEMENT', 'OPTION_NOT_RESPONDING']",,-0.04205214465938719,0.25231286795626334,-2.7333894028595456,135.0,0.2105,,,,False,False,0.0,0.5961538461538518,25,-0.46063651591290733,-0.2512562814070447,-3.1407035175879394,130.0,0.1676,,,,False,False,0.0,1.0,30,99.3,31.1,-1.0046107737742105,0.0,,-0.1679,-20,-0.0,-740
2026-09-17,NIFTY,10s,403,-1,FUTURES,False,15:28:40,MODE B 15:15-15:30,MODE_B,False,SYNCHRONIZED,False,0,5,False,"['WINDOW', 'OPTION_NOT_RESPONDING']",,1.5758667266996849,1.80099054479964,0.18009905447996655,15.0,0.2254,5,10,,True,True,0.1395348837210614,0.41333333333333255,10,0.8042895442359174,1.027703306523674,-0.580875781948173,10.0,0.1341,5,50,,True,True,0.06976744186109472,0.6533333333333341,15,90.6,97.1,0.3141205035764765,1.0,0,-0.2689,-5,-0.0,-820
2026-09-17,NIFTY,5s,16,1,OPTION,False,14:56:25,PRE 14:55-15:00,PRE,False,FALSE_OPTION_MOVE,False,,0,False,"['WINDOW', 'NO_DIRECTIONAL_AGREEMENT', 'OPTION_NOT_RESPONDING']",,-0.6468305304010349,0.08624407072013308,-6.338939197930149,230.0,0.2591,,,,False,False,,0.757575757575755,5,-0.9883970777825454,-0.9883970777825454,-6.660936828534594,225.0,0.2582,,,,False,False,,1.0,10,50.8,0.0,1.0896282294882584,1.0,,-0.2584,0,-0.0,1115
2026-09-17,NIFTY,5s,26,-1,OPTION,False,14:57:15,PRE 14:55-15:00,PRE,False,SYNCHRONIZED,False,1,60,False,"['WINDOW', 'NOT_EARLY', 'NO_DIRECTIONAL_AGREEMENT', 'OPTION_NOT_RESPONDING']",,-0.728450020234716,2.751922298664513,-3.682719546742207,270.0,0.2431,120,,,False,False,0.3164556962025462,0.4948805460750861,65,-0.16280016280015355,3.337403337403345,-3.133903133903129,265.0,0.2853,45,115,,False,False,0.3797468354430555,0.3959044368600677,70,88.0,20.7,0.6555138257954418,1.0,1,-0.2439,-60,-0.0,1065
2026-09-17,NIFTY,5s,39,1,OPTION,False,14:58:20,PRE 14:55-15:00,PRE,False,UNDERLYING_LEAD,False,-6,45,False,"['WINDOW', 'NOT_EARLY', 'NO_DIRECTIONAL_AGREEMENT', 'OPTION_NOT_RESPONDING']",,0.3982300884955777,2.610619469026551,-3.893805309734518,115.0,0.2658,20,20,,True,True,0.45714285714285713,0.13333333333333333,50,0.04409171075837492,2.248677248677246,-4.232804232804242,110.0,0.2649,15,,,False,False,0.5133689839572213,0.24000000000000152,55,80.9,21.7,1.5796420456236624,1.0,-6,-0.0878,-45,-0.0,1000
2026-09-17,NIFTY,5s,45,-1,FUTURES,False,14:58:50,PRE 14:55-15:00,PRE,False,SYNCHRONIZED,False,0,10,False,"['WINDOW', 'NO_DIRECTIONAL_AGREEMENT', 'OPTION_NOT_RESPONDING']",,-0.856443719412722,3.5481239804241502,-5.301794453507341,255.0,0.1224,25,25,80,True,True,0.569999999999709,0.2043478260869585,15,0.7796471070988945,4.185473943373006,-4.718916700861715,250.0,0.2465,5,15,20,True,True,0.8799999999999273,0.060869565217392785,20,95.0,93.2,2.14807167835598,0.0,0,-0.2041,-10,-0.0,970
2026-09-17,NIFTY,5s,63,-1,OPTION,False,15:00:20,15:00-15:03,MODE_A,False,SYNCHRONIZED,False,2,60,False,"['NOT_EARLY', 'NO_DIRECTIONAL_AGREEMENT', 'OPTION_NOT_RESPONDING', 'EXTENDED']",,-0.8320126782884287,-0.8320126782884287,-8.003169572107772,165.0,0.2777,,,,False,False,0.25786163522001065,1.0,65,-1.0761259465922746,-0.5579912315663633,-7.453168593064972,160.0,0.2394,,,,False,False,-0.0,1.0,70,73.1,70.8,1.3771458082835284,1.0,2,-0.236,-60,-0.0,880
2026-09-17,NIFTY,5s,67,1,FUTURES,False,15:00:40,15:00-15:03,MODE_A,False,OPTION_LEAD,False,3,10,True,[],0,1.6386182462356018,2.701505757307349,-1.1957484499557205,255.0,0.2661,5,25,,True,True,0.7854984894257966,0.5457627118644075,15,-0.43782837127845886,1.532399299474606,-2.320490367775837,250.0,0.1753,120,,,False,False,0.5196374622355845,0.7288135593220338,20,95.7,94.6,0.5630069630244167,1.0,3,-0.2685,-10,-0.0,860
2026-09-17,NIFTY,5s,83,-1,OPTION,False,15:02:00,15:00-15:03,MODE_A,False,FALSE_OPTION_MOVE,False,,30,True,[],0,-1.6359918200409,0.04089979550102017,-7.525562372188141,300.0,0.2457,,,,False,False,0.0,0.893129770992364,35,-1.9168026101141882,-0.6117455138662317,-8.401305057096247,300.0,0.245,,,,False,False,0.0,1.0,40,62.8,4.3,0.5156738070310471,1.0,,-0.2469,-30,-0.0,780
2026-09-17,NIFTY,5s,88,1,OPTION,False,15:02:25,15:00-15:03,MODE_A,False,FALSE_OPTION_MOVE,False,,20,False,['OPTION_NOT_RESPONDING'],,0.7933010136623989,3.305420890260027,-1.6747465843984184,150.0,0.2648,5,10,40,True,True,0.9517684887459784,0.16494845360824703,25,0.0,2.492348054219509,-2.448622649759508,145.0,0.2627,20,35,,True,True,0.7830188679245024,0.35051546391752675,30,21.1,8.4,1.3489901885052995,1.0,,-0.0878,-20,-0.0,755
2026-09-17,NIFTY,5s,102,-1,OPTION,False,15:03:35,15:03-15:06,MODE_A,False,FALSE_OPTION_MOVE,False,,5,True,[],5,-1.35021097046413,2.320675105485232,-5.232067510548526,205.0,0.2535,60,70,75,False,False,1.0,0.4126213592233005,15,-1.682085786375105,1.9764507989907438,-5.550883095037854,200.0,0.2105,60,70,,False,False,1.0,0.49514563106796283,20,29.2,48.9,1.536453283785893,1.0,,-0.2532,-5,-0.0,685
2026-09-17,NIFTY,5s,114,-1,OPTION,False,15:04:35,15:03-15:06,MODE_A,False,FALSE_OPTION_MOVE,False,,5,True,[],5,1.5069066555043926,1.5069066555043926,-5.9857681038091295,145.0,0.2515,15,15,,True,True,0.06766917293242543,0.5631578947368415,15,1.0837849103793222,1.0837849103793222,-6.377657357232184,140.0,0.2504,10,10,,True,True,0.03759398496239779,0.6684210526315784,20,74.5,92.6,1.0253051042323849,1.0,,-0.2954,-5,-0.0,625
2026-09-17,NIFTY,5s,122,1,BOTH,False,15:05:15,15:03-15:06,MODE_A,False,SYNCHRONIZED,False,1,5,True,[],0,-0.5235602094240789,2.2687609075043706,-1.0471204188481578,25.0,0.2184,95,100,110,False,False,0.5193798449612381,0.4911504424778753,10,-0.08733624454147976,2.3580786026200897,-0.9606986899563269,20.0,0.1748,70,95,105,False,False,0.5503875968993319,0.4778761061946915,15,96.4,96.4,0.5300625472910429,1.0,1,-0.2639,-5,-0.0,585
2026-09-17,NIFTY,5s,153,-1,BOTH,False,15:07:50,15:06-15:09,MODE_A,False,OPTION_LEAD,False,5,5,True,[],0,0.47250859106528964,3.1786941580755914,-2.4054982817869512,45.0,0.215,95,,,False,False,0.3617021276596733,0.49354838709677457,10,1.1678200692041598,3.8927335640138407,-1.7301038062283738,40.0,0.1732,5,5,,True,True,0.3617021276596733,0.3935483870967738,15,87.1,97.5,1.5245073273155323,1.0,5,-0.1723,-5,-0.0,430
2026-09-17,NIFTY,5s,158,1,OPTION,False,15:08:15,15:06-15:09,MODE_A,False,SYNCHRONIZED,False,-2,20,True,[],0,0.6578947368421052,4.605263157894736,0.26315789473683965,5.0,0.2635,10,15,50,True,True,0.34375000000035527,0.017699115044246764,25,0.9602793539938965,4.975993016150156,-0.0872981230903486,70.0,0.2185,10,15,45,True,True,0.34265734265754905,0.10150375939849572,30,44.4,34.7,0.9450549450549475,1.0,-2,-0.1306,-20,-0.0,405
2026-09-17,NIFTY,5s,207,-1,FUTURES,False,15:12:20,15:12-15:15,MODE_A,False,OPTION_RESPONSE_LAG,False,,60,False,"['NOT_EARLY', 'NO_DIRECTIONAL_AGREEMENT', 'OPTION_NOT_RESPONDING']",,-0.2134927412467976,-0.2134927412467976,-9.906063193851404,265.0,0.2137,,,,False,False,0.5806451612910797,,65,-0.38445108927808874,-0.17086715079026302,-9.867577958137545,260.0,0.171,,,,False,False,0.0,0.0,70,91.3,95.6,1.4528492959280954,0.0,,-0.2111,-60,-0.0,160
2026-09-17,NIFTY,5s,208,1,BOTH,False,15:12:25,15:12-15:15,MODE_A,False,SYNCHRONIZED,False,2,5,True,[],5,-0.6817213463996568,5.58159352364722,-0.6817213463996568,25.0,0.1279,10,45,50,True,True,0.8640000000000388,0.2880000000000003,15,5.044510385756679,5.044510385756679,-1.1869436201780463,20.0,0.2122,40,40,100,True,False,0.6159999999999612,0.3466666666666667,20,0.0,98.9,1.0121981163106473,1.0,2,-0.2136,-5,-0.0,155
2026-09-17,NIFTY,5s,220,1,OPTION,False,15:13:25,15:12-15:15,MODE_A,False,UNDERLYING_LEAD,False,-5,55,False,"['NOT_EARLY', 'NO_DIRECTIONAL_AGREEMENT', 'OPTION_NOT_RESPONDING']",,1.2922050854522693,3.293038766152566,-0.9170487703209742,95.0,0.1669,50,60,65,True,True,0.5195195195195615,0.43835616438356023,60,-1.2048192771084245,2.949729954299968,-1.2463647694225177,90.0,0.2079,55,60,60,True,False,0.5015015015013703,0.4897260273972589,65,90.8,72.4,-0.5637529473268728,1.0,-5,-0.2492,-55,-0.0,95
2026-09-17,NIFTY,5s,234,1,OPTION,False,15:14:35,15:12-15:15,MODE_A,False,SYNCHRONIZED,False,1,15,True,[],0,-2.4596774193548363,-0.7258064516129078,-4.153225806451617,25.0,0.0807,,,,False,False,0.30198019801977344,1.0,20,-0.6978653530377622,1.0673234811165822,-2.4220032840722516,20.0,0.2466,,,,False,False,0.3861386138615859,0.6227544910179665,25,82.8,91.9,1.0072208253300428,1.0,1,-0.2436,-15,-0.0,25
2026-09-17,NIFTY,5s,236,-1,OPTION,False,15:14:45,15:12-15:15,MODE_A,False,FALSE_OPTION_MOVE,False,,5,True,[],5,-4.912122577737723,1.7575484452456085,-4.912122577737723,115.0,0.1804,5,10,,True,True,0.02970297029660175,0.5116279069767419,15,-5.138516532618409,0.8936550491510277,-5.719392314566582,110.0,0.1789,5,,,False,False,0.6534653465346035,0.7325581395348822,20,16.7,68.9,2.52568116068775,1.0,,-0.1808,-5,-0.0,15
2026-09-17,NIFTY,5s,256,1,OPTION,False,15:16:25,MODE B 15:15-15:30,MODE_B,False,FALSE_OPTION_MOVE,False,,50,False,"['WINDOW', 'NOT_EARLY']",,-1.4309076042518398,0.6541291905151244,-3.638593622240395,290.0,0.2046,,,,False,False,0.4038461538458175,0.7000000000000008,55,-0.12234910277323938,0.4078303425774878,-3.8743882544861337,285.0,0.245,,,,False,False,0.43269230769224715,0.778571428571431,60,43.2,8.4,0.9155179352901142,1.0,,-0.1237,-50,-0.0,-85
2026-09-17,NIFTY,5s,293,1,OPTION,False,15:19:30,MODE B 15:15-15:30,MODE_B,False,FALSE_OPTION_MOVE,False,,50,False,"['WINDOW', 'NOT_EARLY', 'NO_DIRECTIONAL_AGREEMENT', 'OPTION_NOT_RESPONDING']",,-1.179341195607973,-0.2846685644571033,-5.73403822692151,240.0,0.1628,,,,False,False,0.0,1.0,55,-1.0183299389002036,-0.12219959266802907,-5.580448065173112,235.0,0.2447,,,,False,False,0.0,0.9701492537313409,60,53.1,49.6,0.9641565163035708,1.0,,-0.2029,-50,-0.0,-270
2026-09-17,NIFTY,5s,300,-1,OPTION,False,15:20:05,MODE B 15:15-15:30,MODE_B,False,UNDERLYING_LEAD,False,-3,35,False,"['WINDOW', 'NOT_EARLY', 'NO_DIRECTIONAL_AGREEMENT', 'OPTION_NOT_RESPONDING']",,-1.1680143755615429,1.841868823000896,-3.23450134770889,90.0,0.315,,,,False,False,0.8036809815948592,0.43786982248520634,40,-0.5909090909090962,3.0454545454545405,-2.0909090909090886,85.0,0.2275,,,,False,False,0.8895705521470805,0.14201183431952547,45,12.7,55.6,1.2164851267126633,1.0,-3,-0.1781,-35,-1.6500000000014552,-305
2026-09-17,NIFTY,5s,347,1,OPTION,False,15:24:00,MODE B 15:15-15:30,MODE_B,False,FALSE_OPTION_MOVE,False,,25,False,"['WINDOW', 'OPTION_NOT_RESPONDING']",,-0.37831021437579054,1.5132408575031502,-2.3959646910466654,290.0,0.2525,25,40,,True,True,0.9207048458148396,0.5706806282722512,30,-0.5872483221476533,1.3003355704697963,-2.600671140939604,285.0,0.21,35,40,,True,True,0.8546255506609667,0.6282722513089016,35,33.3,44.9,1.5154228339010007,1.0,,-0.2533,-25,-0.8499999999985448,-540
2026-09-17,NIFTY,5s,365,-1,OPTION,False,15:25:30,MODE B 15:15-15:30,MODE_B,False,SYNCHRONIZED,False,-2,35,False,"['WINDOW', 'NOT_EARLY', 'NO_DIRECTIONAL_AGREEMENT', 'OPTION_NOT_RESPONDING']",,0.6469500924214444,4.482439926062841,0.41589648798521517,20.0,0.185,5,15,70,True,True,0.8911917098446513,0.038277511961720356,40,-0.09174311926604983,3.715596330275227,-0.3211009174311874,15.0,0.2296,25,45,,True,True,0.7979274611402284,0.18660287081339624,45,33.4,68.8,1.643112241352947,1.0,-2,-0.2747,-35,-0.7999999999992724,-630
2026-09-17,NIFTY,5s,381,-1,FUTURES,False,15:26:50,MODE B 15:15-15:30,MODE_B,False,OPTION_LEAD,False,4,55,False,"['WINDOW', 'NOT_EARLY', 'NO_DIRECTIONAL_AGREEMENT', 'OPTION_NOT_RESPONDING']",,-0.5869074492099374,2.0767494356659117,-1.625282167042887,20.0,0.226,105,120,,False,False,0.7961783439492867,0.42857142857142855,60,0.13586956521738358,2.400362318840572,-1.3134057971014519,15.0,0.2721,100,110,,False,False,0.25477707006408684,0.34285714285714286,65,95.5,87.1,-0.5886521685439077,0.0,4,-0.1358,-55,-0.0,-710
2026-09-17,NIFTY,5s,382,1,FUTURES,False,15:26:55,MODE B 15:15-15:30,MODE_B,False,OPTION_RESPONSE_LAG,False,,5,False,"['WINDOW', 'NO_DIRECTIONAL_AGREEMENT', 'OPTION_NOT_RESPONDING']",,-0.33627574611181643,0.5464480874316868,-2.774274905422444,160.0,0.1262,15,,,False,False,1.0,0.5,10,0.21043771043771042,0.673400673400671,-2.6515151515151443,155.0,0.2107,10,,,False,False,0.7315789473684976,0.38571428571428407,15,8.9,98.6,-0.3393406279053184,1.0,,-0.253,-5,-0.0,-715
2026-09-17,NIFTY,5s,403,-1,FUTURES,False,15:28:40,MODE B 15:15-15:30,MODE_B,False,SYNCHRONIZED,False,0,5,False,"['WINDOW', 'OPTION_NOT_RESPONDING']",,1.5758667266996849,1.80099054479964,0.18009905447996655,15.0,0.2254,5,10,,True,True,0.1395348837210614,0.41333333333333255,10,0.8042895442359174,1.027703306523674,-0.580875781948173,10.0,0.1341,5,50,,True,True,0.06976744186109472,0.6533333333333341,15,90.6,97.1,0.3141205035764765,1.0,0,-0.2689,-5,-0.0,-820
2026-09-17,NIFTY,5s,407,1,OPTION,False,15:29:00,MODE B 15:15-15:30,MODE_B,False,SYNCHRONIZED,False,0,5,False,"['WINDOW', 'NO_DIRECTIONAL_AGREEMENT', 'OPTION_NOT_RESPONDING']",,-0.7640067911714699,-0.7640067911714699,-1.8251273344651882,35.0,0.1699,,,,False,False,0.1666666666662992,1.0,10,-0.5972696245733812,-0.3412969283276499,-1.322525597269622,30.0,0.2563,,,,False,False,0.7575757575750894,1.0,15,71.2,82.3,1.7388264944764897,1.0,0,-0.2976,-5,-0.0,-840
2026-09-17,SENSEX,10s,14,-1,OPTION,False,14:56:15,PRE 14:55-15:00,PRE,True,UNDERLYING_LEAD,False,-5,55,False,"['WINDOW', 'NOT_EARLY', 'NO_DIRECTIONAL_AGREEMENT', 'OPTION_NOT_RESPONDING']",,5.108556832694764,10.696040868454663,-8.04597701149425,300.0,0.2878,25,25,25,True,False,0.631578947368421,0.3614457831325302,60,5.101373446697177,13.374754741661206,-6.344015696533694,300.0,0.262,15,15,15,True,True,0.7157894736842105,0.22520852641334532,65,88.9,45.5,-0.8570665613759064,1.0,-5,-0.2563,-55,-0.0,1125
2026-09-17,SENSEX,10s,16,1,OPTION,False,14:56:25,PRE 14:55-15:00,PRE,True,FALSE_OPTION_MOVE,False,,10,False,"['WINDOW', 'NO_DIRECTIONAL_AGREEMENT', 'OPTION_NOT_RESPONDING']",,-1.4165159734779953,0.4219409282700353,-11.814345991561177,230.0,0.2112,,,,False,False,0.42307692307606204,0.8485915492957727,15,-2.065868263473047,-0.568862275449095,-12.395209580838316,225.0,0.2398,,,,False,False,0.0,1.0,20,64.7,53.2,1.9150444410703793,1.0,,-0.2693,-10,-0.0,1115
2026-09-17,SENSEX,10s,26,-1,OPTION,False,14:57:15,PRE 14:55-15:00,PRE,True,FALSE_OPTION_MOVE,False,,50,False,"['WINDOW', 'NOT_EARLY', 'NO_DIRECTIONAL_AGREEMENT', 'OPTION_NOT_RESPONDING']",,-3.2713085234093575,4.051620648259304,-18.72749099639855,250.0,0.3307,50,50,50,True,False,0.6360294117647058,0.651913875598086,55,-1.7378048780487771,5.701219512195118,-17.439024390243897,245.0,0.2442,40,40,45,True,False,0.6948529411764706,0.5311004784689005,60,73.2,10.6,3.7846980053006103,1.0,,-0.2706,-50,-0.0,1065
2026-09-17,SENSEX,10s,28,1,OPTION,False,14:57:25,PRE 14:55-15:00,PRE,True,FALSE_OPTION_MOVE,False,,5,False,"['WINDOW', 'NO_DIRECTIONAL_AGREEMENT', 'OPTION_NOT_RESPONDING']",,-1.725200246457185,2.6802218114602554,-10.505237215033894,280.0,0.2159,,,,False,False,0.5030120481929453,0.5275000000000005,10,1.094776352830779,4.253988113856748,-9.13356271504535,275.0,0.2192,5,5,,True,True,1.0,0.2825000000000017,15,40.2,40.0,0.1295554704235824,1.0,,-0.1557,-5,-0.0,1055
2026-09-17,SENSEX,10s,44,1,OPTION,False,14:58:45,PRE 14:55-15:00,PRE,True,UNDERLYING_LEAD,False,-6,60,False,"['WINDOW', 'NOT_EARLY', 'NO_DIRECTIONAL_AGREEMENT', 'OPTION_NOT_RESPONDING']",,-0.8014796547472152,2.7435265104808986,-10.450061652281128,200.0,0.3397,120,,,False,False,0.6088362068966281,0.4815789473684228,65,-1.146575766966219,3.284784629687023,-9.978308026030366,195.0,0.2793,115,115,,False,False,0.6982758620689277,0.3973684210526322,70,72.7,46.5,-3.2073690326562536,1.0,-6,-0.1841,-60,-0.0,975
2026-09-17,SENSEX,10s,51,-1,OPTION,False,14:59:20,PRE 14:55-15:00,PRE,True,OPTION_LEAD,False,3,20,False,"['WINDOW', 'NO_DIRECTIONAL_AGREEMENT', 'OPTION_NOT_RESPONDING']",,-4.008313539192399,2.939429928741086,-20.427553444180525,195.0,0.3271,50,50,55,True,False,0.2486559139784168,0.615114235500879,25,-2.7961515333734246,4.239326518340338,-19.422730006013232,190.0,0.2107,35,35,45,True,False,0.13440860215049558,0.4745166959578209,30,81.0,86.5,1.3875887536462714,1.0,3,-0.2919,-20,-0.0,940
2026-09-17,SENSEX,10s,57,1,OPTION,False,14:59:50,PRE 14:55-15:00,PRE,True,SYNCHRONIZED,False,0,20,False,"['NO_DIRECTIONAL_AGREEMENT', 'OPTION_NOT_RESPONDING']",,-2.8907242693773894,5.876747141041931,-13.850063532401533,295.0,0.2863,50,55,55,True,False,0.745670009115585,0.3758064516129043,25,-0.29344636452558764,8.67297032931204,-13.400717313335498,300.0,0.3266,40,40,40,True,False,0.4475843208753848,0.11290322580645161,30,16.9,15.8,-1.7894149819511513,1.0,0,-0.2845,-20,-0.0,910
2026-09-17,SENSEX,10s,63,-1,OPTION,False,15:00:20,15:00-15:03,MODE_A,True,SYNCHRONIZED,False,1,20,False,"['NO_DIRECTIONAL_AGREEMENT', 'OPTION_NOT_RESPONDING', 'EXTENDED']",,-1.426491994177577,-1.426491994177577,-27.976710334788933,295.0,0.4669,,,,False,False,0.0,1.0,25,-1.8851251840942496,-1.8851251840942496,-27.128129602356406,290.0,0.2654,,,,False,False,0.0,1.0,30,47.2,26.8,-1.4029548827071852,1.0,1,-0.288,-20,-0.0,880
2026-09-17,SENSEX,10s,69,1,OPTION,False,15:00:50,15:00-15:03,MODE_A,True,FALSE_OPTION_MOVE,False,,30,True,[],0,-0.06136851795028802,2.270635164160796,-18.502608162012873,245.0,0.1535,30,30,50,True,False,0.2648287385130205,0.802453987730061,35,0.6489493201483206,2.997527812113717,-17.92336217552534,240.0,0.2785,25,25,30,True,False,0.3751044277361647,0.7411042944785273,40,42.2,40.0,2.3463319603025448,1.0,,-0.2144,-30,-0.0,850
2026-09-17,SENSEX,10s,79,-1,OPTION,False,15:01:40,15:00-15:03,MODE_A,True,SYNCHRONIZED,False,1,10,True,[],0,0.9922041105598908,9.071580439404686,-12.331679659815729,215.0,0.2484,5,10,15,True,True,0.7071524966261618,0.28125000000000056,15,5.3221288515406115,7.773109243697475,-13.375350140056028,210.0,0.2103,5,10,10,True,True,0.8056680161941093,0.37500000000000017,20,79.8,44.1,-3.4703787349789916,1.0,1,-0.2792,-10,-0.0,800
2026-09-17,SENSEX,10s,89,1,OPTION,False,15:02:30,15:00-15:03,MODE_A,True,SYNCHRONIZED,False,0,20,True,[],0,5.4045201441205375,5.4045201441205375,-13.00360301342941,145.0,0.1967,5,5,15,True,True,0.6057142857140639,0.4481658692185008,25,-0.709677419354835,3.806451612903229,-14.322580645161285,140.0,0.2907,10,20,30,True,True,0.49333333333322243,0.5933014354066989,30,65.9,15.8,-2.8222069800156073,1.0,0,-0.2966,-20,-0.0,750
2026-09-17,SENSEX,10s,99,-1,OPTION,False,15:03:20,15:03-15:06,MODE_A,True,FALSE_OPTION_MOVE,False,,10,True,[],0,5.555555555555555,14.148148148148143,-8.370370370370368,115.0,0.2967,10,10,10,True,True,1.0,0.02618453865336689,15,5.947955390334572,14.5724907063197,-8.02973977695167,110.0,0.2978,5,5,5,True,True,0.9676113360328752,0.0012468827930177408,20,26.0,12.3,-0.2812534295453275,1.0,,-0.1086,-10,-0.0,700
2026-09-17,SENSEX,10s,108,1,OPTION,False,15:04:05,15:03-15:06,MODE_A,True,SYNCHRONIZED,False,0,15,True,[],0,0.29801324503310506,3.7417218543046395,-12.052980132450324,50.0,0.1989,10,10,15,True,True,0.6638655462184404,0.18581081081081066,20,0.06607201850016142,3.5018169805087624,-12.25635943178063,45.0,0.1984,5,5,10,True,True,0.6458583433372854,0.23310810810810717,25,84.6,81.1,0.24530849763992202,1.0,0,-0.3216,-15,-0.0,655
2026-09-17,SENSEX,10s,114,-1,OPTION,False,15:04:35,15:03-15:06,MODE_A,True,FALSE_OPTION_MOVE,False,,10,True,[],0,-2.2348232154769807,2.8018679119412866,-17.478318879252836,40.0,0.2003,10,20,20,True,False,0.4584980237153286,0.7546916890080432,15,-0.6440677966101618,4.474576271186437,-16.135593220338983,35.0,0.2716,5,5,5,True,True,0.33003952569170186,0.6233243967828426,20,65.1,49.3,1.9129060771270436,1.0,,-0.2801,-10,-0.0,625
2026-09-17,SENSEX,10s,121,1,OPTION,False,15:05:10,15:03-15:06,MODE_A,True,FALSE_OPTION_MOVE,False,,20,True,[],0,-4.371399525584558,6.167400881057264,-4.947475432056938,25.0,0.2375,80,100,110,False,False,0.6835294117644319,0.6020942408376964,25,-1.6604540833615837,6.167400881057264,-4.947475432056938,20.0,0.2035,75,95,105,False,False,0.6270588235292748,0.6031413612565447,30,26.3,0.0,-2.5730465404016325,1.0,,-0.0714,-20,-0.0,590
2026-09-17,SENSEX,10s,126,-1,OPTION,False,15:05:35,15:03-15:06,MODE_A,True,FALSE_OPTION_MOVE,False,,10,True,[],0,-2.97065139584823,10.773085182534011,-4.509663564781663,10.0,0.215,20,35,,True,False,0.38793103448159066,0.5064000000000005,15,-2.7618364418938266,11.011477761836437,-4.30416068866571,5.0,0.2514,15,30,115,True,False,0.38793103448159066,0.496,20,39.4,35.5,0.5640413115036527,1.0,,-0.2922,-10,-0.0,565
2026-09-17,SENSEX,10s,136,1,OPTION,False,15:06:25,15:06-15:09,MODE_A,True,FALSE_OPTION_MOVE,False,,50,False,['NOT_EARLY'],,1.1398963730569989,8.22107081174439,-2.5215889464594166,110.0,0.2075,5,5,5,True,True,0.8878842676308689,0.2526636225266364,55,5.098960080509892,5.098960080509892,-5.333780610533389,105.0,0.2351,20,30,30,True,False,0.8065099457502009,0.5129375951293763,60,37.0,34.6,2.817634215001058,1.0,,-0.2767,-50,-0.0,515
2026-09-17,SENSEX,10s,148,-1,OPTION,False,15:07:25,15:06-15:09,MODE_A,True,FALSE_OPTION_MOVE,False,,15,False,"['NO_DIRECTIONAL_AGREEMENT', 'OPTION_NOT_RESPONDING']",,6.247742867461182,18.707114481762375,0.3972553268327999,5.0,0.2531,10,10,10,True,True,0.9533106960950718,0.10638297872340426,20,0.8249641319942652,17.89813486370157,0.6456241032998606,175.0,0.2874,5,5,5,True,True,1.0,0.13787234042553134,25,33.3,0.0,1.3814947958698738,1.0,,-0.2146,-15,-1.3499999999912689,455
2026-09-17,SENSEX,10s,161,1,OPTION,False,15:08:30,15:06-15:09,MODE_A,True,SYNCHRONIZED,False,1,10,True,[],0,-0.7728494623655952,5.9139784946236436,-16.263440860215063,200.0,0.3703,5,5,40,True,True,0.7264631043256187,0.4434389140271493,15,-0.3973509933774797,4.370860927152314,-17.483443708609276,195.0,0.1657,35,110,110,False,False,0.586513994910819,0.5852187028657614,20,75.7,39.5,-0.9805796178737232,1.0,1,-0.1029,-10,-0.0,390
2026-09-17,SENSEX,10s,165,-1,OPTION,False,15:08:50,15:06-15:09,MODE_A,True,UNDERLYING_LEAD,False,-5,50,False,['NOT_EARLY'],,-5.273765535774266,10.413167618407794,-9.237487403426268,270.0,0.2691,5,35,70,True,False,0.9195933456560933,0.2599067599067605,55,-6.093906093906098,9.45720945720945,-10.023310023310032,265.0,0.2668,30,65,65,False,False,0.8761552680219793,0.32051282051282026,60,32.7,25.6,-4.378832304320825,1.0,-5,-0.3052,-50,-6.849999999991269,370
2026-09-17,SENSEX,10s,180,-1,OPTION,False,15:10:05,15:09-15:12,MODE_A,True,SYNCHRONIZED,False,2,50,False,"['EXPIRY_ZONE', 'NOT_EARLY', 'NO_DIRECTIONAL_AGREEMENT', 'OPTION_NOT_RESPONDING']",,-2.7579493835171967,6.651524983776769,-24.30240103828682,270.0,0.2924,100,105,105,False,False,0.526642984014215,0.5438972162740896,55,-0.7328447701532275,9.49367088607595,-22.28514323784143,265.0,0.1667,50,50,95,True,False,0.6829484902307369,0.3768736616702349,60,73.4,78.8,0.7865639939030182,1.0,2,-0.2904,-50,-0.0,295
2026-09-17,SENSEX,10s,182,1,OPTION,False,15:10:15,15:09-15:12,MODE_A,True,OPTION_LEAD,False,6,10,False,['EXPIRY_ZONE'],,1.4424689701442315,25.79671251257966,-16.4038913116404,95.0,0.3024,5,5,10,True,True,0.8415716096324345,0.12388888888888863,15,2.442244224422435,23.762376237623762,-17.75577557755776,90.0,0.1982,5,5,5,True,True,0.8643852978452163,0.17999999999999988,20,64.5,59.2,0.6015457578075201,1.0,6,-0.0682,-10,-0.0,285
2026-09-17,SENSEX,10s,196,1,OPTION,False,15:11:25,15:09-15:12,MODE_A,True,FALSE_OPTION_MOVE,False,,5,False,"['EXPIRY_ZONE', 'NO_DIRECTIONAL_AGREEMENT', 'OPTION_NOT_RESPONDING']",,1.2416107382550299,25.838926174496645,-16.3758389261745,25.0,0.0671,5,5,110,True,True,0.9931918301961892,0.042047531992687244,10,-1.5201586252478594,23.925974884335748,-17.64705882352942,20.0,0.2979,105,105,110,False,False,0.9931918301961892,0.09384521633150503,15,14.1,53.5,1.262936042832146,1.0,,-0.1989,-5,-0.0,215
2026-09-17,SENSEX,10s,200,-1,OPTION,False,15:11:45,15:09-15:12,MODE_A,True,FALSE_OPTION_MOVE,False,,60,False,"['EXPIRY_ZONE', 'NOT_EARLY']",,5.657344905175173,5.657344905175173,-25.00803600128576,170.0,0.2253,5,5,5,True,True,0.474237644584519,0.4866760168302947,65,-3.5519125683060078,-1.6089860352155296,-29.174256223436544,165.0,0.2127,,,,False,False,0.0,1.0,70,20.9,19.3,1.2293061269486905,1.0,,-0.2948,-60,-0.0,195
2026-09-17,SENSEX,10s,208,1,OPTION,False,15:12:25,15:12-15:15,MODE_A,True,FALSE_OPTION_MOVE,False,,30,False,"['EXPIRY_ZONE', 'NO_DIRECTIONAL_AGREEMENT', 'OPTION_NOT_RESPONDING']",,0.44765840220386066,29.132231404958688,-3.409090909090901,30.0,0.1378,10,10,10,True,True,0.7821782178217288,0.31940063091482646,35,1.3684570646595962,28.29284981183715,-4.036948340745813,25.0,0.2055,5,5,45,True,True,0.7751517087193538,0.33359621451104104,40,48.4,58.0,5.086358283714937,1.0,,-0.2391,-30,-0.0,155
2026-09-17,SENSEX,10s,215,-1,OPTION,False,15:13:00,15:12-15:15,MODE_A,True,SYNCHRONIZED,False,2,15,False,"['EXPIRY_ZONE', 'NO_DIRECTIONAL_AGREEMENT', 'OPTION_NOT_RESPONDING']",,-1.5146632291330933,-1.5146632291330933,-24.81469545601031,95.0,0.3228,,,,False,False,0.0,1.0,20,-2.4820378837361092,-2.4820378837361092,-23.807968647942516,90.0,0.1961,,,,False,False,1.0,1.0,25,67.2,68.7,4.207162751570771,1.0,2,-0.2253,-15,-0.0,120
2026-09-17,SENSEX,10s,220,1,BOTH,False,15:13:25,15:12-15:15,MODE_A,True,SYNCHRONIZED,False,0,25,False,"['EXPIRY_ZONE', 'NO_DIRECTIONAL_AGREEMENT', 'OPTION_NOT_RESPONDING']",,-0.3799873337555379,18.746041798606708,-6.649778340721976,155.0,0.1902,35,40,45,True,False,0.6098298676749484,0.3605870020964359,30,-3.200253485424595,18.82129277566539,-6.590621039290244,150.0,0.3174,30,35,40,True,False,0.6098298676749484,0.35639412997903575,35,97.1,81.8,-1.2059205329664242,1.0,0,-0.3194,-25,-0.0,95
2026-09-17,SENSEX,10s,227,-1,OPTION,False,15:14:00,15:12-15:15,MODE_A,True,OPTION_LEAD,False,3,30,False,"['EXPIRY_ZONE', 'NO_DIRECTIONAL_AGREEMENT', 'OPTION_NOT_RESPONDING']",,-0.44581618655693117,1.748971193415626,-19.993141289437588,35.0,0.2403,120,120,,False,False,0.0,0.7832699619771868,35,-4.1208791208791204,1.888736263736264,-19.883241758241752,30.0,0.3095,115,115,,False,False,0.0,0.7642585551330804,40,80.6,69.6,-0.5775781151720838,1.0,3,-0.2409,-30,-0.125,60
2026-09-17,SENSEX,10s,234,1,BOTH,False,15:14:35,15:12-15:15,MODE_A,True,OPTION_LEAD,False,10,30,False,"['EXPIRY_ZONE', 'NO_DIRECTIONAL_AGREEMENT', 'OPTION_NOT_RESPONDING']",,-7.671957671957672,12.75132275132275,-22.01058201058201,85.0,0.7968,,,,False,False,0.48301698301701307,0.5826804123711339,35,6.721967963386727,21.910755148741405,-15.67505720823799,80.0,0.1718,5,5,5,True,True,0.6428571428571637,0.35835051546391744,40,95.8,91.9,8.696287761955443,1.0,10,-0.5088,-30,-0.0,25
2026-09-17,SENSEX,10s,239,-1,OPTION,False,15:15:00,MODE B 15:15-15:30,MODE_B,True,SYNCHRONIZED,True,0,20,False,"['WINDOW', 'EXPIRY_ZONE']",,11.330645161290331,19.637096774193544,-15.645161290322584,265.0,0.2422,5,5,5,True,True,0.16414686825133554,0.22134387351778656,25,-6.782106782106786,7.034632034632035,-24.53102453102453,260.0,0.3976,50,50,50,True,False,0.0,0.6790513833992093,30,72.0,53.5,-2.8928938610534694,1.0,0,-0.2122,-20,-0.0,0
2026-09-17,SENSEX,10s,251,1,BOTH,True,15:16:00,MODE B 15:15-15:30,MODE_B,True,OPTION_RESPONSE_LAG,False,,50,False,"['WINDOW', 'EXPIRY_ZONE', 'NOT_EARLY', 'NO_DIRECTIONAL_AGREEMENT', 'OPTION_NOT_RESPONDING', 'EXTENDED']",,3.096600471221807,43.45338269942779,-41.097273645237294,240.0,0.7772,5,5,5,True,True,0.7622377622377622,0.0,55,-0.7815043959622384,38.782155649625516,-43.0153044610876,235.0,0.2608,10,10,10,True,True,0.7440559440556999,0.0,60,95.2,92.7,-3.8012512183387086,0.0,,-0.38,-50,-0.0,-60
2026-09-17,SENSEX,10s,252,-1,OPTION,False,15:16:05,MODE B 15:15-15:30,MODE_B,True,OPTION_LEAD,False,11,5,False,"['WINDOW', 'EXPIRY_ZONE', 'NO_DIRECTIONAL_AGREEMENT', 'OPTION_NOT_RESPONDING']",,1.0256410256410255,1.4358974358974321,-37.94871794871795,300.0,0.2739,5,5,,True,True,0.22496570644743547,0.9015228426395946,10,0.23648648648648263,0.23648648648648263,-43.648648648648646,300.0,0.1691,,,,False,False,0.0,0.9756345177664977,15,34.3,99.2,-5.027848437993563,1.0,11,-0.405,-5,-0.0,-65
2026-09-17,SENSEX,10s,264,1,OPTION,False,15:17:05,MODE B 15:15-15:30,MODE_B,True,OPTION_LEAD,False,3,50,False,"['WINDOW', 'EXPIRY_ZONE', 'NOT_EARLY', 'NO_DIRECTIONAL_AGREEMENT', 'OPTION_NOT_RESPONDING', 'EXTENDED']",,-0.5565319273579313,24.838898652606918,-48.74048037492677,175.0,0.4109,60,60,60,True,False,0.4647887323946107,0.34121235226839486,55,-0.8235294117647093,25.352941176470583,-48.529411764705884,170.0,0.1472,55,55,55,True,False,0.5592377796188359,0.3339687380861609,60,44.9,0.0,3.005776661617327,1.0,3,-0.2609,-50,-13.5,-125
2026-09-17,SENSEX,10s,268,-1,OPTION,False,15:17:25,MODE B 15:15-15:30,MODE_B,True,SYNCHRONIZED,False,0,55,False,"['WINDOW', 'EXPIRY_ZONE', 'NOT_EARLY', 'NO_DIRECTIONAL_AGREEMENT', 'OPTION_NOT_RESPONDING']",,-1.7924853498793674,-1.5856601172009728,-67.14925887624956,280.0,0.2416,,,,False,False,0.08059384941651808,1.0,60,-1.749475157452764,-0.10496850944716983,-66.65500349895032,275.0,0.3154,,,,False,False,0.13573700954390178,0.9620253164556971,65,74.0,58.5,1.8231579324886367,1.0,0,-0.3093,-55,-0.0,-145
2026-09-17,SENSEX,10s,277,1,OPTION,False,15:18:10,MODE B 15:15-15:30,MODE_B,True,SYNCHRONIZED,False,0,45,False,"['WINDOW', 'EXPIRY_ZONE', 'NOT_EARLY', 'NO_DIRECTIONAL_AGREEMENT', 'OPTION_NOT_RESPONDING', 'EXTENDED']",,-4.016620498614958,18.060941828254844,-61.495844875346265,275.0,0.2774,75,75,75,False,False,0.5889967637543481,0.31410916580844483,50,-5.605058924978443,22.506467375682675,-61.4544409313021,300.0,0.4032,70,70,70,False,False,0.7357065803668077,0.17713697219361468,55,80.6,49.4,8.441732481082576,1.0,0,-0.3864,-45,-0.0,-190
2026-09-17,SENSEX,10s,280,-1,OPTION,False,15:18:25,MODE B 15:15-15:30,MODE_B,True,FALSE_OPTION_MOVE,False,,15,False,"['WINDOW', 'EXPIRY_ZONE', 'OPTION_NOT_RESPONDING']",,0.9516837481698472,3.404099560761351,-65.11713030746705,220.0,0.2199,5,25,30,True,True,0.700000000000128,0.6319702602230471,20,-0.7956600361663612,2.1699819168173597,-65.53345388788426,215.0,0.2535,25,25,25,True,False,0.7626373626376185,0.7527881040892181,25,48.1,0.0,-0.9464396110830011,1.0,,-0.146,-15,-0.625,-205
2026-09-17,SENSEX,10s,289,1,OPTION,False,15:19:10,MODE B 15:15-15:30,MODE_B,True,SYNCHRONIZED,False,2,40,False,"['WINDOW', 'EXPIRY_ZONE', 'NOT_EARLY', 'NO_DIRECTIONAL_AGREEMENT', 'OPTION_NOT_RESPONDING']",,-2.7858386535113238,23.67962855484619,-65.69936157864191,250.0,0.2615,15,15,15,True,False,0.6736196319014119,0.2024038461538457,45,1.07238605898124,26.958593982722668,-64.78999106344952,245.0,0.2087,5,5,10,True,True,0.788957055214581,0.11778846153846154,50,66.3,34.3,-0.3503312746437257,1.0,2,-0.2294,-40,-0.0,-250
2026-09-17,SENSEX,10s,295,-1,OPTION,False,15:19:40,MODE B 15:15-15:30,MODE_B,True,SYNCHRONIZED,False,0,10,False,"['WINDOW', 'EXPIRY_ZONE']",,8.736616702355462,12.205567451820128,-83.72591006423983,300.0,0.2144,5,5,5,True,True,0.8319559228648669,0.44148430066603206,15,-4.1617589320769515,2.8661170003926233,-85.0804868472713,295.0,0.3146,15,15,15,True,False,0.4972451790634012,0.8420551855375831,20,87.1,22.2,-17.547906802352752,1.0,0,-0.2982,-10,-0.0,-280
2026-09-17,SENSEX,10s,302,1,OPTION,False,15:20:15,MODE B 15:15-15:30,MODE_B,True,SYNCHRONIZED,False,1,10,False,"['WINDOW', 'EXPIRY_ZONE']",,2.1924482338611355,27.0807957775071,-52.00974421437272,185.0,0.6517,5,5,5,True,True,0.5011235955053563,0.5063245392121432,15,-9.465346534653468,23.96039603960396,-53.18811881188119,180.0,0.3173,55,55,55,True,False,0.28764044943794065,0.5540296349837368,20,77.9,61.2,-21.19743157791563,1.0,1,-0.1718,-10,-0.0,-315
2026-09-17,SENSEX,10s,307,-1,BOTH,False,15:20:40,MODE B 15:15-15:30,MODE_B,True,UNDERLYING_LEAD,False,-9,55,False,"['WINDOW', 'EXPIRY_ZONE', 'NOT_EARLY', 'NO_DIRECTIONAL_AGREEMENT', 'OPTION_NOT_RESPONDING']",,-3.802588996763745,-2.872168284789642,-87.05501618122977,260.0,0.3241,,,,False,False,0.6415562913907903,1.0,60,0.6708595387840647,0.6708595387840647,-86.58280922431865,255.0,0.2939,5,,,False,False,0.6473509933771604,0.9420468557336623,65,92.1,86.5,6.4784660408947445,1.0,-9,-0.2902,-55,-3.3500000000058208,-340
2026-09-17,SENSEX,10s,314,1,OPTION,False,15:21:15,MODE B 15:15-15:30,MODE_B,True,FALSE_OPTION_MOVE,False,,35,False,"['WINDOW', 'EXPIRY_ZONE', 'NOT_EARLY']",,0.6962257237083307,14.694027116159775,-66.17808721143275,290.0,0.4039,5,10,10,True,True,0.5357142857144507,0.6752839796318059,40,1.233224519405163,13.529198404062392,-70.58396808124773,300.0,0.327,5,5,10,True,True,0.19708994709031577,0.6980023501762631,45,35.6,25.4,3.7950659738464507,1.0,,-0.4384,-35,-3.9250000000029104,-375
2026-09-17,SENSEX,10s,320,-1,OPTION,False,15:21:45,MODE B 15:15-15:30,MODE_B,True,SYNCHRONIZED,False,1,5,False,"['WINDOW', 'EXPIRY_ZONE', 'NO_DIRECTIONAL_AGREEMENT', 'OPTION_NOT_RESPONDING']",,5.4327808471454935,72.37569060773481,-88.48987108655618,300.0,0.2766,5,5,5,True,True,0.921276595744846,0.0,10,5.4830287206266295,62.924281984334186,-93.21148825065274,300.0,0.3487,5,5,5,True,True,0.7581560283689595,0.0,15,54.9,81.8,5.462096355030433,1.0,1,-0.3185,-5,-0.0,-405
2026-09-17,SENSEX,10s,326,1,BOTH,False,15:22:15,MODE B 15:15-15:30,MODE_B,True,UNDERLYING_LEAD,False,-11,60,False,"['WINDOW', 'EXPIRY_ZONE', 'NOT_EARLY', 'NO_DIRECTIONAL_AGREEMENT', 'OPTION_NOT_RESPONDING']",,-1.8952618453865395,56.10972568578554,-67.68079800498754,260.0,0.3497,,,,False,False,0.06281833616316093,0.06537828947368433,65,-12.56969082615307,58.64166244298023,-67.15661429295488,255.0,0.3046,,,,False,False,0.06791171477077111,0.039473684210526404,70,92.1,0.0,10.3896102246841,1.0,-11,-0.3994,-60,-0.0,-435
2026-09-17,SENSEX,10s,332,-1,OPTION,False,15:22:45,MODE B 15:15-15:30,MODE_B,True,OPTION_LEAD,False,3,35,False,"['WINDOW', 'EXPIRY_ZONE', 'NOT_EARLY']",,1.2507817385866167,17.073170731707304,-95.1219512195122,245.0,0.1252,5,5,35,True,True,0.32323943661988225,0.695439739413681,40,-22.25647348951911,15.413070283600494,-95.19112207151665,240.0,0.1851,30,30,30,True,False,0.3499999999996721,0.7198697068403911,45,44.7,26.8,6.8432908777521515,1.0,3,-0.4625,-35,-0.0,-465
2026-09-17,SENSEX,10s,342,1,OPTION,False,15:23:35,MODE B 15:15-15:30,MODE_B,True,FALSE_OPTION_MOVE,False,,5,False,"['WINDOW', 'EXPIRY_ZONE']",,12.764505119453917,113.6518771331058,-99.72696245733788,300.0,0.5476,5,5,5,True,True,0.8733812949641963,0.1408811475409836,10,-4.756170981336548,88.44069837447321,-99.75918121613485,295.0,0.5433,20,20,20,True,False,0.8071942446044003,0.2410348360655738,15,81.3,92.2,12.666259058948128,1.0,,-0.1438,-5,-0.0,-515
2026-09-17,SENSEX,10s,350,-1,OPTION,False,15:24:15,MODE B 15:15-15:30,MODE_B,True,UNDERLYING_LEAD,True,-8,60,False,"['WINDOW', 'EXPIRY_ZONE', 'NOT_EARLY', 'NO_DIRECTIONAL_AGREEMENT', 'OPTION_NOT_RESPONDING', 'LIQUIDITY']",,-12.316176470588228,57.26102941176471,-92.83088235294117,155.0,0.3683,,,,False,False,1.0,0.0,65,-12.693498452012394,76.57378740970071,-91.95046439628484,150.0,1.5601,,,,False,False,1.0,0.0,70,36.1,56.5,-8.100828017134473,1.0,-8,-0.3573,-60,-11.57499999999709,-555
2026-09-17,SENSEX,10s,354,1,OPTION,False,15:24:35,MODE B 15:15-15:30,MODE_B,True,OPTION_LEAD,False,4,60,False,"['WINDOW', 'EXPIRY_ZONE', 'NOT_EARLY']",,2.187397975840675,2.187397975840675,-99.93470453803461,280.0,3.4878,5,5,5,True,True,0.4145367412142049,0.9270177447052089,65,-7.755880483153222,-3.8779402415766198,-99.93642720915449,275.0,0.5099,,,,False,False,0.3466453674122943,1.0,70,52.0,0.0,-11.572480083944807,1.0,4,-0.3044,-60,-0.5249999999941792,-575
2026-09-17,SENSEX,10s,362,-1,OPTION,False,15:25:15,MODE B 15:15-15:30,MODE_B,True,FALSE_OPTION_MOVE,True,,0,False,"['WINDOW', 'EXPIRY_ZONE']",,11.347517730496465,304.49172576832154,-81.56028368794327,95.0,0.2367,5,5,5,True,True,0.9968329374503314,0.07327586206896554,5,-3.3826638477801154,261.7336152219873,-83.50951374207189,90.0,0.4237,25,25,25,True,False,0.9738717339663868,0.10883620689655177,10,52.9,0.0,-22.256677152332017,1.0,,-0.2972,0,-0.0,-615
2026-09-17,SENSEX,10s,366,1,OPTION,False,15:25:35,MODE B 15:15-15:30,MODE_B,True,SYNCHRONIZED,False,-1,60,False,"['WINDOW', 'EXPIRY_ZONE', 'NOT_EARLY', 'NO_DIRECTIONAL_AGREEMENT', 'OPTION_NOT_RESPONDING']",,4.932058379466539,30.44791142425768,-99.89934574735783,220.0,0.5045,5,5,5,True,True,0.30742049470018445,0.11677282377919315,65,-48.13218390804598,24.137931034482747,-99.90421455938699,215.0,0.1438,65,65,65,False,False,0.0,0.264685067232838,70,34.3,0.0,26.235777846615633,1.0,-1,-1.1011,-60,-7.375,-635
2026-09-17,SENSEX,10s,374,-1,OPTION,False,15:26:15,MODE B 15:15-15:30,MODE_B,True,OPTION_LEAD,False,3,45,False,"['WINDOW', 'EXPIRY_ZONE', 'NOT_EARLY', 'NO_DIRECTIONAL_AGREEMENT']",,26.881720430107524,129.9731182795699,-89.51612903225808,35.0,0.404,5,5,5,True,True,0.7154526889037445,0.29505813953488375,50,-5.795574288724974,80.29504741833507,-91.78082191780823,30.0,0.5283,10,10,10,True,False,0.7168141592922388,0.44331395348837216,55,42.5,37.6,-18.79411837499786,1.0,3,-1.2973,-45,-0.0,-675
2026-09-17,SENSEX,10s,380,1,OPTION,False,15:26:45,MODE B 15:15-15:30,MODE_B,True,FALSE_OPTION_MOVE,False,,5,False,"['WINDOW', 'EXPIRY_ZONE', 'NO_DIRECTIONAL_AGREEMENT', 'LIQUIDITY']",,2.16791486007095,2.16791486007095,-99.92116673236107,150.0,0.3158,5,5,5,True,True,0.5518867924518459,0.9626598465473145,10,-9.122137404580155,-4.427480916030532,-99.92366412213741,145.0,1.0744,,,,False,False,0.5,1.0,15,22.6,77.2,221.76319478621394,1.0,,-2.0429,-5,-0.0,-705
2026-09-17,SENSEX,10s,386,-1,OPTION,False,15:27:15,MODE B 15:15-15:30,MODE_B,True,FALSE_OPTION_MOVE,False,,15,False,"['WINDOW', 'EXPIRY_ZONE', 'NO_DIRECTIONAL_AGREEMENT', 'OPTION_NOT_RESPONDING']",,-19.777158774373255,376.60167130919217,-42.89693593314763,10.0,0.8392,30,30,30,True,False,0.973929236499183,0.17074663402692777,20,-29.310344827586203,489.99999999999994,-29.310344827586203,5.0,0.692,10,10,10,True,False,1.0,0.1288249694002448,25,35.0,0.0,-177.71450021450025,1.0,,-0.554,-15,-1.1999999999970896,-735
2026-09-17,SENSEX,10s,398,-1,OPTION,False,15:28:15,MODE B 15:15-15:30,MODE_B,True,SYNCHRONIZED,False,2,50,False,"['WINDOW', 'EXPIRY_ZONE', 'NOT_EARLY']",,0.1756440281030345,0.1756440281030345,-0.46838407494145856,15.0,0.2932,,,,False,False,0.3504504504506602,0.9953550099535502,55,-0.5834305717619603,-0.5250875145857676,-0.8168028004667477,10.0,0.1752,,,,False,False,0.3324324324326422,1.0,60,40.6,0.0,-125.40555256744823,1.0,2,-1.8116,-50,-0.47499999999126885,-795
2026-09-17,SENSEX,10s,405,1,OPTION,False,15:28:50,MODE B 15:15-15:30,MODE_B,True,FALSE_OPTION_MOVE,False,,10,False,"['WINDOW', 'EXPIRY_ZONE', 'NO_DIRECTIONAL_AGREEMENT', 'OPTION_NOT_RESPONDING', 'LIQUIDITY']",,-33.33333333333333,-33.33333333333333,-66.66666666666666,25.0,18.1818,,,,False,False,1.0,1.0,15,-19.999999999999996,-19.999999999999996,-60.0,20.0,22.2222,,,,False,False,0.5176470588194206,,20,12.2,0.0,32.22222222222223,1.0,,-18.1818,-10,-1.4749999999912689,-830
2026-09-17,SENSEX,10s,410,-1,OPTION,False,15:29:15,MODE B 15:15-15:30,MODE_B,True,OPTION_LEAD,False,3,55,False,"['WINDOW', 'EXPIRY_ZONE', 'NOT_EARLY', 'OPTION_NOT_RESPONDING']",,-0.23419203747072928,-0.17564402810305113,-0.2927400468384075,35.0,0.2345,,,,False,False,0.10317460317371102,0.998341625207297,60,-0.23419203747072928,-0.17564402810305113,-0.2927400468384075,30.0,0.2345,,,,False,False,0.10052910052882351,0.998341625207297,65,27.4,0.0,0,1.0,3,-0.293,-55,-1.75,-855
2026-09-17,SENSEX,5s,13,-1,OPTION,False,14:56:10,PRE 14:55-15:00,PRE,True,SYNCHRONIZED,False,2,60,False,"['WINDOW', 'NOT_EARLY', 'NO_DIRECTIONAL_AGREEMENT']",,5.343999999999997,10.943999999999997,-7.007999999999994,295.0,0.2563,30,30,30,True,False,0.5919395465994962,0.3675675675675682,65,5.108556832694764,10.696040868454663,-8.04597701149425,300.0,0.2878,25,25,25,True,False,0.6045340050377834,0.37927927927927946,70,47.2,69.6,2.805753024110367,1.0,2,-0.2264,-60,-5.625,1130
2026-09-17,SENSEX,5s,16,1,OPTION,False,14:56:25,PRE 14:55-15:00,PRE,True,FALSE_OPTION_MOVE,False,,10,False,"['WINDOW', 'NO_DIRECTIONAL_AGREEMENT', 'OPTION_NOT_RESPONDING']",,-1.4165159734779953,0.4219409282700353,-11.814345991561177,230.0,0.2112,,,,False,False,0.42307692307606204,0.8485915492957727,15,-2.065868263473047,-0.568862275449095,-12.395209580838316,225.0,0.2398,,,,False,False,0.0,1.0,20,64.7,53.2,1.9150444410703793,1.0,,-0.2693,-10,-0.0,1115
2026-09-17,SENSEX,5s,26,-1,OPTION,False,14:57:15,PRE 14:55-15:00,PRE,True,FALSE_OPTION_MOVE,False,,50,False,"['WINDOW', 'NOT_EARLY', 'NO_DIRECTIONAL_AGREEMENT', 'OPTION_NOT_RESPONDING']",,-3.2713085234093575,4.051620648259304,-18.72749099639855,250.0,0.3307,50,50,50,True,False,0.6360294117647058,0.651913875598086,55,-1.7378048780487771,5.701219512195118,-17.439024390243897,245.0,0.2442,40,40,45,True,False,0.6948529411764706,0.5311004784689005,60,73.2,10.6,3.7846980053006103,1.0,,-0.2706,-50,-0.0,1065
2026-09-17,SENSEX,5s,39,1,OPTION,False,14:58:20,PRE 14:55-15:00,PRE,True,UNDERLYING_LEAD,False,-6,45,False,"['WINDOW', 'NOT_EARLY', 'NO_DIRECTIONAL_AGREEMENT', 'OPTION_NOT_RESPONDING']",,0.7262393432270323,5.241553520682041,-8.27281338806441,225.0,0.158,15,15,15,True,True,0.8085561497329938,0.09210526315789473,50,1.0361067503924684,4.646781789638936,-8.791208791208792,220.0,0.2515,10,10,10,True,True,0.7668449197862207,0.17894736842105444,55,54.9,47.4,1.6653571042601203,1.0,-6,-0.2181,-45,-3.5749999999970896,1000
2026-09-17,SENSEX,5s,48,-1,OPTION,False,14:59:05,PRE 14:55-15:00,PRE,True,OPTION_LEAD,False,3,5,False,"['WINDOW', 'NO_DIRECTIONAL_AGREEMENT', 'OPTION_NOT_RESPONDING']",,1.2507626601586228,5.765710799267839,-18.24283099450885,210.0,0.2443,5,5,10,True,True,0.7056451612901018,0.3040421792618622,10,0.8713942307692238,4.176682692307685,-19.47115384615385,205.0,0.0902,5,5,5,True,True,0.7594086021502999,0.48857644991212595,15,11.0,84.9,3.7838736196064113,1.0,3,-0.2413,-5,-0.0,955
2026-09-17,SENSEX,5s,54,1,OPTION,False,14:59:35,PRE 14:55-15:00,PRE,True,SYNCHRONIZED,False,0,5,False,"['WINDOW', 'NO_DIRECTIONAL_AGREEMENT']",,-1.0679611650485472,7.864077669902916,-7.572815533980576,300.0,0.2268,5,5,10,True,True,0.7265268915223626,0.19193548387096737,10,-3.1368821292775775,5.608365019011403,-11.470215462610915,300.0,0.222,65,65,65,False,False,0.7265268915223626,0.4048387096774197,15,68.4,84.9,1.7713178730019994,1.0,0,-0.1927,-5,-0.0,925
2026-09-17,SENSEX,5s,62,-1,OPTION,False,15:00:15,15:00-15:03,MODE_A,True,SYNCHRONIZED,False,1,15,False,"['OPTION_NOT_RESPONDING', 'EXTENDED']",,-6.154731090020126,-1.668104687949385,-28.846706931262577,300.0,0.288,,,,False,False,0.0,1.0,20,-5.007278020378454,-1.426491994177577,-27.976710334788933,295.0,0.4669,,,,False,False,0.0,1.0,25,61.4,46.9,4.335181628752199,1.0,1,-0.2341,-15,-0.0,885
2026-09-17,SENSEX,5s,67,1,OPTION,False,15:00:40,15:00-15:03,MODE_A,True,FALSE_OPTION_MOVE,False,,20,True,[],0,-0.6305170239596469,5.075662042875165,-16.26733921815888,255.0,0.2525,5,5,5,True,True,0.7493734335839842,0.5852760736196324,25,-0.4588559192413582,1.9577852554298054,-18.751911899663494,250.0,0.2144,35,40,,True,False,0.6783625730994465,0.8245398773006141,30,47.8,35.8,2.4161499012489602,1.0,,-0.2544,-20,-0.0,860
2026-09-17,SENSEX,5s,78,-1,OPTION,False,15:01:35,15:00-15:03,MODE_A,True,FALSE_OPTION_MOVE,False,,5,True,[],5,0.9922041105598908,9.071580439404686,-12.331679659815729,215.0,0.2484,5,10,15,True,True,0.7071524966261618,0.28125000000000056,15,5.3221288515406115,7.773109243697475,-13.375350140056028,210.0,0.2103,5,10,10,True,True,0.8056680161941093,0.37500000000000017,20,33.9,75.7,9.82636698680755,0.0,,-0.2468,-5,-0.0,805
2026-09-17,SENSEX,5s,86,1,OPTION,False,15:02:15,15:00-15:03,MODE_A,True,SYNCHRONIZED,False,0,5,True,[],0,5.054274084124823,9.15875169606513,-9.905020352781541,160.0,0.2377,5,5,5,True,True,0.8017241379309672,0.11164274322169052,10,6.029654036243826,6.029654036243826,-12.487644151565066,155.0,0.2639,15,15,20,True,True,0.6992337164749398,0.387559808612441,15,47.2,79.3,5.433474795709159,1.0,0,-0.2321,-5,-0.0,765
2026-09-17,SENSEX,5s,100,1,OPTION,False,15:03:25,15:03-15:06,MODE_A,True,FALSE_OPTION_MOVE,False,,60,False,"['NOT_EARLY', 'NO_DIRECTIONAL_AGREEMENT', 'OPTION_NOT_RESPONDING']",,-5.680025244556643,-1.1360050489113178,-16.18807194698642,90.0,0.2844,,,,False,False,0.5054347826082228,1.0,65,-3.1746031746031784,1.4901198574668035,-13.96177518626497,85.0,0.292,30,,,False,False,0.5570652173914806,0.48356807511736977,70,24.3,37.0,2.0794016235925272,1.0,,-0.1874,-60,-0.0,695
2026-09-17,SENSEX,5s,102,-1,OPTION,False,15:03:35,15:03-15:06,MODE_A,True,FALSE_OPTION_MOVE,False,,10,True,[],0,-0.48985304408678587,7.837648705388375,-13.43596920923723,100.0,0.2803,60,60,60,True,False,0.6179337231965472,0.4201995012468823,15,6.628652886671406,9.83606557377048,-11.831789023521031,95.0,0.2498,5,5,55,True,True,0.8713450292392021,0.29177057356608477,20,40.0,9.3,4.224233358595274,1.0,,-0.3226,-10,-0.0,685
2026-09-17,SENSEX,5s,114,-1,OPTION,False,15:04:35,15:03-15:06,MODE_A,True,FALSE_OPTION_MOVE,False,,10,True,[],0,-2.2348232154769807,2.8018679119412866,-17.478318879252836,40.0,0.2003,10,20,20,True,False,0.4584980237153286,0.7546916890080432,15,-0.6440677966101618,4.474576271186437,-16.135593220338983,35.0,0.2716,5,5,5,True,True,0.33003952569170186,0.6233243967828426,20,65.1,49.3,1.9129060771270436,1.0,,-0.2801,-10,-0.0,625
2026-09-17,SENSEX,5s,118,1,OPTION,False,15:04:55,15:03-15:06,MODE_A,True,FALSE_OPTION_MOVE,False,,5,False,"['NO_DIRECTIONAL_AGREEMENT', 'OPTION_NOT_RESPONDING']",,5.180180180180185,17.60510510510512,3.678678678678683,5.0,0.3008,5,5,5,True,True,0.8729411764700404,0.0,10,6.35838150289016,13.186416184971097,1.228323699421957,5.0,0.217,5,5,10,True,True,0.8305882352938437,0.11625148279952503,15,45.7,70.9,3.778558464650592,0.0,,-0.2555,-5,-0.0,605
2026-09-17,SENSEX,5s,130,-1,OPTION,False,15:05:55,15:03-15:06,MODE_A,True,FALSE_OPTION_MOVE,False,,30,False,['NO_DIRECTIONAL_AGREEMENT'],,-3.7286931818181817,9.907670454545446,-4.154829545454562,35.0,0.2845,15,100,110,False,False,0.38793103448159066,0.54,35,-3.6260220405261245,10.024884464983998,-4.052612868823332,30.0,0.2848,10,95,105,False,False,0.38793103448159066,0.5351999999999998,40,0.0,0.0,6.3789727679901995,0.0,,-0.2561,-30,-0.0,545
2026-09-17,SENSEX,5s,138,1,OPTION,False,15:06:35,15:06-15:09,MODE_A,True,FALSE_OPTION_MOVE,False,,60,False,"['NOT_EARLY', 'NO_DIRECTIONAL_AGREEMENT', 'OPTION_NOT_RESPONDING']",,5.417227456258419,5.417227456258419,-5.0471063257065945,100.0,0.2021,15,15,25,True,False,0.781193490053572,0.4870624048706237,65,5.729877216916784,6.85538881309687,-3.751705320600273,95.0,0.1365,10,10,10,True,True,0.8643761301988865,0.36834094368340986,70,28.9,28.0,2.921841428040393,1.0,,-0.2351,-60,-0.0,505
2026-09-17,SENSEX,5s,148,-1,OPTION,False,15:07:25,15:06-15:09,MODE_A,True,FALSE_OPTION_MOVE,False,,15,False,"['NO_DIRECTIONAL_AGREEMENT', 'OPTION_NOT_RESPONDING']",,6.247742867461182,18.707114481762375,0.3972553268327999,5.0,0.2531,10,10,10,True,True,0.9533106960950718,0.10638297872340426,20,0.8249641319942652,17.89813486370157,0.6456241032998606,175.0,0.2874,5,5,5,True,True,1.0,0.13787234042553134,25,33.3,0.0,1.3814947958698738,1.0,,-0.2146,-15,-1.3499999999912689,455
2026-09-17,SENSEX,5s,155,1,OPTION,False,15:08:00,15:06-15:09,MODE_A,True,UNDERLYING_LEAD,False,-10,60,False,"['NOT_EARLY', 'NO_DIRECTIONAL_AGREEMENT', 'OPTION_NOT_RESPONDING']",,-2.007485539299074,6.2606328683225705,-15.209254848587953,230.0,0.2726,30,35,35,True,False,0.48275862068919373,0.0,65,-2.1497919556171947,8.28710124826631,-13.592233009708735,225.0,0.1388,20,20,25,True,False,1.0,0.0,70,43.1,80.0,4.665183134658784,1.0,-10,-0.1975,-60,-2.5499999999883585,420
2026-09-17,SENSEX,5s,164,-1,OPTION,False,15:08:45,15:06-15:09,MODE_A,True,OPTION_LEAD,False,6,60,False,"['NOT_EARLY', 'OPTION_NOT_RESPONDING']",,-0.16931933626820184,11.310531662715874,-8.49983068066374,275.0,0.3052,5,10,40,True,True,0.8910540301152156,0.2822665267576083,65,-5.273765535774266,10.413167618407794,-9.237487403426268,270.0,0.2691,5,35,70,True,False,0.8813108945972611,0.3336831059811127,70,36.5,57.2,6.259290158121971,1.0,6,-0.2695,-60,-6.974999999991269,375
2026-09-17,SENSEX,5s,169,1,OPTION,False,15:09:10,15:09-15:12,MODE_A,True,SYNCHRONIZED,False,1,50,False,"['NOT_EARLY', 'NO_DIRECTIONAL_AGREEMENT', 'OPTION_NOT_RESPONDING']",,-6.135170603674537,6.824146981627301,-18.241469816272975,160.0,0.2299,75,75,80,False,False,0.4987277353692526,0.5057208237986264,55,-3.3445945945945867,10.912162162162167,-15.810810810810816,155.0,0.2368,65,65,65,False,False,0.6882951653943097,0.28663793103448193,60,47.1,46.5,2.0195425008327015,1.0,1,-0.2324,-50,-0.125,350
2026-09-17,SENSEX,5s,180,-1,OPTION,False,15:10:05,15:09-15:12,MODE_A,True,SYNCHRONIZED,False,2,50,False,"['EXPIRY_ZONE', 'NOT_EARLY', 'NO_DIRECTIONAL_AGREEMENT', 'OPTION_NOT_RESPONDING']",,-2.7579493835171967,6.651524983776769,-24.30240103828682,270.0,0.2924,100,105,105,False,False,0.526642984014215,0.5438972162740896,55,-0.7328447701532275,9.49367088607595,-22.28514323784143,265.0,0.1667,50,50,95,True,False,0.6829484902307369,0.3768736616702349,60,73.4,78.8,0.7865639939030182,1.0,2,-0.2904,-50,-0.0,295
2026-09-17,SENSEX,5s,184,1,OPTION,False,15:10:25,15:09-15:12,MODE_A,True,OPTION_LEAD,False,6,20,False,['EXPIRY_ZONE'],,0.41800643086817085,20.578778135048232,-19.87138263665595,85.0,0.1931,,,,False,False,0.8403041825094202,0.2688888888888888,25,-1.724688597892058,19.77004152028105,-20.4088150750559,80.0,0.2558,,,,False,False,0.7902408111531218,0.291111111111111,30,24.2,0.0,0.1442523467835899,1.0,6,-0.1982,-20,-0.8999999999941792,275
2026-09-17,SENSEX,5s,196,1,OPTION,False,15:11:25,15:09-15:12,MODE_A,True,FALSE_OPTION_MOVE,False,,5,False,"['EXPIRY_ZONE', 'NO_DIRECTIONAL_AGREEMENT', 'OPTION_NOT_RESPONDING']",,1.2416107382550299,25.838926174496645,-16.3758389261745,25.0,0.0671,5,5,110,True,True,0.9931918301961892,0.042047531992687244,10,-1.5201586252478594,23.925974884335748,-17.64705882352942,20.0,0.2979,105,105,110,False,False,0.9931918301961892,0.09384521633150503,15,14.1,53.5,1.262936042832146,1.0,,-0.1989,-5,-0.0,215
2026-09-17,SENSEX,5s,201,-1,OPTION,False,15:11:50,15:09-15:12,MODE_A,True,OPTION_LEAD,False,11,60,False,"['EXPIRY_ZONE', 'NOT_EARLY']",,-3.5519125683060078,-1.6089860352155296,-29.174256223436544,165.0,0.2127,,,,False,False,0.0,1.0,65,-0.21978021978021622,1.7582417582417655,-26.750392464678175,160.0,0.2515,10,10,,True,True,0.006821282401087072,0.7954911433172315,70,66.3,56.2,0.33927894988224816,1.0,11,-0.2253,-60,-0.0,190
2026-09-17,SENSEX,5s,208,1,OPTION,False,15:12:25,15:12-15:15,MODE_A,True,FALSE_OPTION_MOVE,False,,30,False,"['EXPIRY_ZONE', 'NO_DIRECTIONAL_AGREEMENT', 'OPTION_NOT_RESPONDING']",,0.44765840220386066,29.132231404958688,-3.409090909090901,30.0,0.1378,10,10,10,True,True,0.7821782178217288,0.31940063091482646,35,1.3684570646595962,28.29284981183715,-4.036948340745813,25.0,0.2055,5,5,45,True,True,0.7751517087193538,0.33359621451104104,40,48.4,58.0,5.086358283714937,1.0,,-0.2391,-30,-0.0,155
2026-09-17,SENSEX,5s,213,-1,OPTION,False,15:12:50,15:12-15:15,MODE_A,True,FALSE_OPTION_MOVE,False,,5,False,['EXPIRY_ZONE'],,3.916973552058918,3.916973552058918,-21.89487780381653,105.0,0.2682,5,5,5,True,True,0.8801652892550057,0.42093023255814005,10,-0.5785920925747384,-0.5785920925747384,-25.00803600128576,100.0,0.2253,,,,False,False,0.0,1.0,15,8.7,37.4,6.553467060886379,1.0,,-0.2681,-5,-0.0,130
2026-09-17,SENSEX,5s,220,1,BOTH,False,15:13:25,15:12-15:15,MODE_A,True,SYNCHRONIZED,False,0,25,False,"['EXPIRY_ZONE', 'NO_DIRECTIONAL_AGREEMENT', 'OPTION_NOT_RESPONDING']",,-0.3799873337555379,18.746041798606708,-6.649778340721976,155.0,0.1902,35,40,45,True,False,0.6098298676749484,0.3605870020964359,30,-3.200253485424595,18.82129277566539,-6.590621039290244,150.0,0.3174,30,35,40,True,False,0.6098298676749484,0.35639412997903575,35,97.1,81.8,-1.2059205329664242,1.0,0,-0.3194,-25,-0.0,95
2026-09-17,SENSEX,5s,234,1,BOTH,False,15:14:35,15:12-15:15,MODE_A,True,OPTION_LEAD,False,10,30,False,"['EXPIRY_ZONE', 'NO_DIRECTIONAL_AGREEMENT', 'OPTION_NOT_RESPONDING']",,-7.671957671957672,12.75132275132275,-22.01058201058201,85.0,0.7968,,,,False,False,0.48301698301701307,0.5826804123711339,35,6.721967963386727,21.910755148741405,-15.67505720823799,80.0,0.1718,5,5,5,True,True,0.6428571428571637,0.35835051546391744,40,95.8,91.9,8.696287761955443,1.0,10,-0.5088,-30,-0.0,25
2026-09-17,SENSEX,5s,236,-1,OPTION,False,15:14:45,15:12-15:15,MODE_A,True,SYNCHRONIZED,False,0,5,False,"['EXPIRY_ZONE', 'NO_DIRECTIONAL_AGREEMENT', 'OPTION_NOT_RESPONDING']",,1.3599660008499739,26.094347641308957,-11.092222694432648,280.0,0.1701,5,5,15,True,True,0.8056155507558906,0.022134387351778747,10,-1.5474696779590082,24.090338770388957,-12.505227938101216,275.0,0.2513,10,10,10,True,False,0.4038876889852342,0.08063241106719403,15,64.0,87.8,5.41345494255849,1.0,0,-0.2469,-5,-0.0,15
2026-09-17,SENSEX,5s,250,-1,OPTION,False,15:15:55,MODE B 15:15-15:30,MODE_B,True,FALSE_OPTION_MOVE,False,,0,False,"['WINDOW', 'EXPIRY_ZONE', 'NO_DIRECTIONAL_AGREEMENT']",,0.5098572399728076,0.849762066621346,-32.15499660095173,270.0,0.5453,5,,,False,False,1.0,0.9420880913539965,5,-1.751431458403499,-0.0673627484001309,-33.44560458066689,300.0,0.405,,,,False,False,1.0,0.9893964110929857,10,20.2,0.0,0.5174497963500004,1.0,,-0.2529,0,-0.0,-55
2026-09-17,SENSEX,5s,251,1,BOTH,True,15:16:00,MODE B 15:15-15:30,MODE_B,True,OPTION_RESPONSE_LAG,False,,50,False,"['WINDOW', 'EXPIRY_ZONE', 'NOT_EARLY', 'NO_DIRECTIONAL_AGREEMENT', 'OPTION_NOT_RESPONDING', 'EXTENDED']",,3.096600471221807,43.45338269942779,-41.097273645237294,240.0,0.7772,5,5,5,True,True,0.7622377622377622,0.0,55,-0.7815043959622384,38.782155649625516,-43.0153044610876,235.0,0.2608,10,10,10,True,True,0.7440559440556999,0.0,60,95.2,92.7,-3.8012512183387086,0.0,,-0.38,-50,-0.0,-60
2026-09-17,SENSEX,5s,264,1,OPTION,False,15:17:05,MODE B 15:15-15:30,MODE_B,True,OPTION_LEAD,False,3,50,False,"['WINDOW', 'EXPIRY_ZONE', 'NOT_EARLY', 'NO_DIRECTIONAL_AGREEMENT', 'OPTION_NOT_RESPONDING', 'EXTENDED']",,-0.5565319273579313,24.838898652606918,-48.74048037492677,175.0,0.4109,60,60,60,True,False,0.4647887323946107,0.34121235226839486,55,-0.8235294117647093,25.352941176470583,-48.529411764705884,170.0,0.1472,55,55,55,True,False,0.5592377796188359,0.3339687380861609,60,44.9,0.0,3.005776661617327,1.0,3,-0.2609,-50,-13.5,-125
2026-09-17,SENSEX,5s,277,1,OPTION,False,15:18:10,MODE B 15:15-15:30,MODE_B,True,SYNCHRONIZED,False,0,45,False,"['WINDOW', 'EXPIRY_ZONE', 'NOT_EARLY', 'NO_DIRECTIONAL_AGREEMENT', 'OPTION_NOT_RESPONDING', 'EXTENDED']",,-4.016620498614958,18.060941828254844,-61.495844875346265,275.0,0.2774,75,75,75,False,False,0.5889967637543481,0.31410916580844483,50,-5.605058924978443,22.506467375682675,-61.4544409313021,300.0,0.4032,70,70,70,False,False,0.7357065803668077,0.17713697219361468,55,80.6,49.4,8.441732481082576,1.0,0,-0.3864,-45,-0.0,-190
2026-09-17,SENSEX,5s,278,-1,OPTION,False,15:18:15,MODE B 15:15-15:30,MODE_B,True,FALSE_OPTION_MOVE,False,,5,False,"['WINDOW', 'EXPIRY_ZONE']",,1.0332103321033252,4.243542435424354,-64.8339483394834,230.0,0.7407,5,5,40,True,True,0.7083333333333334,0.5241635687732339,10,-0.5835156819839409,3.026987600291762,-65.24434719183077,225.0,0.146,10,35,35,True,False,0.7604166666666666,0.6728624535315981,15,69.4,70.2,12.680713971314749,0.0,,-0.3035,-5,-0.0,-195
2026-09-17,SENSEX,5s,289,1,OPTION,False,15:19:10,MODE B 15:15-15:30,MODE_B,True,SYNCHRONIZED,False,2,40,False,"['WINDOW', 'EXPIRY_ZONE', 'NOT_EARLY', 'NO_DIRECTIONAL_AGREEMENT', 'OPTION_NOT_RESPONDING']",,-2.7858386535113238,23.67962855484619,-65.69936157864191,250.0,0.2615,15,15,15,True,False,0.6736196319014119,0.2024038461538457,45,1.07238605898124,26.958593982722668,-64.78999106344952,245.0,0.2087,5,5,10,True,True,0.788957055214581,0.11778846153846154,50,66.3,34.3,-0.3503312746437257,1.0,2,-0.2294,-40,-0.0,-250
2026-09-17,SENSEX,5s,294,-1,OPTION,False,15:19:35,MODE B 15:15-15:30,MODE_B,True,SYNCHRONIZED,False,0,5,False,"['WINDOW', 'EXPIRY_ZONE', 'NO_DIRECTIONAL_AGREEMENT', 'OPTION_NOT_RESPONDING']",,-0.8932369204593766,11.441939600170144,-81.88005104210974,300.0,0.2982,10,10,10,True,True,0.7272727272725086,0.4700285442435772,10,8.736616702355462,12.205567451820128,-83.72591006423983,300.0,0.2144,5,5,5,True,True,0.8319559228648669,0.44148430066603206,15,80.6,94.0,39.51286022969867,0.0,0,-0.1244,-5,-0.0,-275
2026-09-17,SENSEX,5s,301,1,OPTION,False,15:20:10,MODE B 15:15-15:30,MODE_B,True,FALSE_OPTION_MOVE,False,,5,False,"['WINDOW', 'EXPIRY_ZONE']",,5.0214592274678065,34.33476394849785,-49.27038626609442,190.0,0.1718,5,5,5,True,True,0.6640449438199632,0.41452837007589455,10,2.1924482338611355,27.0807957775071,-52.00974421437272,185.0,0.6517,5,5,5,True,True,0.5011235955053563,0.5063245392121432,15,77.6,86.7,68.04429310169849,0.0,,-1.7603,-5,-0.0,-310
2026-09-17,SENSEX,5s,306,-1,OPTION,False,15:20:35,MODE B 15:15-15:30,MODE_B,True,UNDERLYING_LEAD,False,-11,60,False,"['WINDOW', 'EXPIRY_ZONE', 'NOT_EARLY', 'NO_DIRECTIONAL_AGREEMENT']",,1.9867549668874218,1.9867549668874218,-86.75496688741721,265.0,0.2902,5,5,,True,True,0.5228346456694747,0.8815368196371396,65,-3.802588996763745,-2.872168284789642,-87.05501618122977,260.0,0.3241,,,,False,False,0.610236220472441,1.0,70,89.0,88.5,15.765299279365307,1.0,-11,-0.2345,-60,-4.75,-335
2026-09-17,SENSEX,5s,313,1,OPTION,False,15:21:10,MODE B 15:15-15:30,MODE_B,True,UNDERLYING_LEAD,False,-7,60,False,"['WINDOW', 'EXPIRY_ZONE', 'NOT_EARLY']",,18.8976377952756,36.92038495188102,-59.623797025371836,295.0,0.4384,5,5,5,True,True,0.745783132530401,0.32863298080689374,65,0.6962257237083307,14.694027116159775,-66.17808721143275,290.0,0.4039,5,10,10,True,True,0.4879518072289157,0.6752839796318059,70,67.5,70.2,-4.787208376559137,1.0,-7,-0.2746,-60,-10.85000000000582,-370
2026-09-17,SENSEX,5s,319,-1,OPTION,False,15:21:40,MODE B 15:15-15:30,MODE_B,True,FALSE_OPTION_MOVE,False,,0,False,"['WINDOW', 'EXPIRY_ZONE', 'NO_DIRECTIONAL_AGREEMENT', 'OPTION_NOT_RESPONDING']",,-13.910969793322735,48.80763116057233,-74.56279809220986,200.0,0.3185,50,50,50,True,False,0.8354609929077188,0.1281512605042016,5,5.4327808471454935,72.37569060773481,-88.48987108655618,300.0,0.2766,5,5,5,True,True,0.921276595744846,0.0,10,78.5,0.0,19.065534819965503,0.0,,-0.5093,0,-0.0,-400
2026-09-17,SENSEX,5s,325,1,BOTH,False,15:22:10,MODE B 15:15-15:30,MODE_B,True,OPTION_RESPONSE_LAG,False,,60,False,"['WINDOW', 'EXPIRY_ZONE', 'NOT_EARLY', 'NO_DIRECTIONAL_AGREEMENT']",,-0.4484304932735313,55.95416043846539,-67.71300448430493,265.0,0.3994,,,,False,False,0.0,0.06661184210526333,65,-1.8952618453865395,56.10972568578554,-67.68079800498754,260.0,0.3497,,,,False,False,0.0578125000001819,0.06537828947368433,70,92.5,89.2,-10.584016747790649,1.0,,-0.4162,-60,-0.0,-430
2026-09-17,SENSEX,5s,332,-1,OPTION,False,15:22:45,MODE B 15:15-15:30,MODE_B,True,OPTION_LEAD,False,3,35,False,"['WINDOW', 'EXPIRY_ZONE', 'NOT_EARLY']",,1.2507817385866167,17.073170731707304,-95.1219512195122,245.0,0.1252,5,5,35,True,True,0.32323943661988225,0.695439739413681,40,-22.25647348951911,15.413070283600494,-95.19112207151665,240.0,0.1851,30,30,30,True,False,0.3499999999996721,0.7198697068403911,45,44.7,26.8,6.8432908777521515,1.0,3,-0.4625,-35,-0.0,-465
2026-09-17,SENSEX,5s,337,1,OPTION,False,15:23:10,MODE B 15:15-15:30,MODE_B,True,OPTION_LEAD,False,3,5,False,"['WINDOW', 'EXPIRY_ZONE', 'NO_DIRECTIONAL_AGREEMENT', 'OPTION_NOT_RESPONDING']",,-12.007874015748039,105.38057742782152,-86.15485564304463,300.0,0.2628,30,30,30,True,False,0.8499999999997575,0.07445589919816722,10,-12.05357142857143,132.88690476190476,-98.13988095238095,300.0,0.2235,15,15,15,True,False,0.9697916666664241,0.0,15,45.9,82.7,10.753592639728494,0.0,3,-0.2441,-5,-0.0,-490
2026-09-17,SENSEX,5s,345,-1,OPTION,False,15:23:50,MODE B 15:15-15:30,MODE_B,True,OPTION_LEAD,False,3,40,False,"['WINDOW', 'EXPIRY_ZONE', 'NOT_EARLY', 'NO_DIRECTIONAL_AGREEMENT', 'OPTION_NOT_RESPONDING']",,-0.37267080745341263,6.273291925465835,-95.15527950310559,180.0,0.1865,,,,False,False,0.5541838134432151,0.7729257641921397,45,-15.093167701863361,6.273291925465835,-95.15527950310559,175.0,0.3734,,,,False,False,0.865569272976883,0.7696506550218338,50,59.7,0.0,6.529780925802858,0.0,3,-0.2979,-40,-8.44999999999709,-530
2026-09-17,SENSEX,5s,351,1,OPTION,False,15:24:20,MODE B 15:15-15:30,MODE_B,True,OPTION_LEAD,False,6,50,False,"['WINDOW', 'EXPIRY_ZONE', 'NOT_EARLY']",,5.236656596173216,57.60322255790534,-99.89929506545822,295.0,0.4036,5,5,5,True,True,0.47625899280583917,0.40778688524590156,55,-6.241067174845162,49.11862791805621,-99.90471653168176,290.0,0.4297,10,10,10,True,False,0.37050359712230213,0.465420081967213,60,47.8,81.8,26.37894142470801,1.0,6,-0.4051,-50,-0.0,-560
2026-09-17,SENSEX,5s,357,-1,OPTION,False,15:24:50,MODE B 15:15-15:30,MODE_B,True,FALSE_OPTION_MOVE,False,,0,False,"['WINDOW', 'EXPIRY_ZONE', 'NO_DIRECTIONAL_AGREEMENT', 'OPTION_NOT_RESPONDING']",,-6.947890818858554,324.5657568238214,-80.64516129032259,120.0,0.4975,25,25,25,True,False,1.0,0.015401953418482373,5,-14.893617021276597,355.05319148936167,-79.25531914893617,115.0,0.2663,20,20,20,True,False,1.0,0.0,10,70.3,0.0,16.576848228224378,0.0,,-0.7453,0,-0.0,-590
2026-09-17,SENSEX,5s,366,1,OPTION,False,15:25:35,MODE B 15:15-15:30,MODE_B,True,SYNCHRONIZED,False,-1,60,False,"['WINDOW', 'EXPIRY_ZONE', 'NOT_EARLY', 'NO_DIRECTIONAL_AGREEMENT', 'OPTION_NOT_RESPONDING']",,4.932058379466539,30.44791142425768,-99.89934574735783,220.0,0.5045,5,5,5,True,True,0.30742049470018445,0.11677282377919315,65,-48.13218390804598,24.137931034482747,-99.90421455938699,215.0,0.1438,65,65,65,False,False,0.0,0.264685067232838,70,34.3,0.0,26.235777846615633,1.0,-1,-1.1011,-60,-7.375,-635
2026-09-17,SENSEX,5s,369,-1,OPTION,False,15:25:50,MODE B 15:15-15:30,MODE_B,True,OPTION_LEAD,False,5,20,False,"['WINDOW', 'EXPIRY_ZONE', 'NO_DIRECTIONAL_AGREEMENT', 'OPTION_NOT_RESPONDING']",,-10.574712643678163,96.66666666666666,-91.0344827586207,60.0,0.115,15,15,15,True,False,0.7222600408438387,0.394396551724138,25,3.979460847240044,119.64056482670087,-89.98716302952504,55.0,0.1285,5,5,5,True,True,0.7719537100068435,0.3290229885057471,30,25.4,66.6,135.6024087537637,1.0,5,-2.2814,-20,-0.0,-650
2026-09-17,SENSEX,5s,380,1,OPTION,False,15:26:45,MODE B 15:15-15:30,MODE_B,True,FALSE_OPTION_MOVE,False,,5,False,"['WINDOW', 'EXPIRY_ZONE', 'NO_DIRECTIONAL_AGREEMENT', 'LIQUIDITY']",,2.16791486007095,2.16791486007095,-99.92116673236107,150.0,0.3158,5,5,5,True,True,0.5518867924518459,0.9626598465473145,10,-9.122137404580155,-4.427480916030532,-99.92366412213741,145.0,1.0744,,,,False,False,0.5,1.0,15,22.6,77.2,221.76319478621394,1.0,,-2.0429,-5,-0.0,-705
2026-09-17,SENSEX,5s,383,-1,OPTION,False,15:27:00,MODE B 15:15-15:30,MODE_B,True,FALSE_OPTION_MOVE,False,,55,False,"['WINDOW', 'EXPIRY_ZONE', 'NOT_EARLY', 'LIQUIDITY']",,171.53846153846152,1216.1538461538462,57.692307692307686,25.0,0.7722,5,5,5,True,True,0.9359649122808039,0.03121175030599755,60,-1.9073569482288906,366.2125340599454,-44.141689373297005,20.0,3.8889,40,40,40,True,False,0.8429824561406573,0.17227662178702569,65,41.7,0.0,104.57739359013244,1.0,,-1.5267,-55,-4.399999999994179,-720
2026-09-17,SENSEX,5s,395,-1,OPTION,False,15:28:00,MODE B 15:15-15:30,MODE_B,True,OPTION_LEAD,False,7,35,False,"['WINDOW', 'EXPIRY_ZONE', 'NOT_EARLY']",,119.69407265774382,227.15105162523903,109.17782026768646,10.0,0.3831,5,5,5,True,True,0.4081081081085276,0.2479469361970941,40,-5.608283002588438,47.62726488352026,-5.608283002588438,5.0,0.8666,10,10,10,True,False,0.32252252252294206,0.6471888818698673,45,10.0,0.0,8.647526150918292,1.0,7,-0.6179,-35,-1.0,-780
2026-09-17,SENSEX,5s,405,1,OPTION,False,15:28:50,MODE B 15:15-15:30,MODE_B,True,FALSE_OPTION_MOVE,False,,10,False,"['WINDOW', 'EXPIRY_ZONE', 'NO_DIRECTIONAL_AGREEMENT', 'OPTION_NOT_RESPONDING', 'LIQUIDITY']",,-33.33333333333333,-33.33333333333333,-66.66666666666666,25.0,18.1818,,,,False,False,1.0,1.0,15,-19.999999999999996,-19.999999999999996,-60.0,20.0,22.2222,,,,False,False,0.5176470588194206,,20,12.2,0.0,32.22222222222223,1.0,,-18.1818,-10,-1.4749999999912689,-830
2026-09-17,SENSEX,5s,407,-1,OPTION,False,15:29:00,MODE B 15:15-15:30,MODE_B,True,OPTION_LEAD,False,6,60,False,"['WINDOW', 'EXPIRY_ZONE', 'NOT_EARLY', 'NO_DIRECTIONAL_AGREEMENT', 'OPTION_NOT_RESPONDING']",,-0.23419203747072928,-0.17564402810305113,-0.2927400468384075,50.0,0.1758,,,,False,False,0.035714285713896815,0.9995906672124438,65,-0.29256875365710944,-0.23405500292569084,-0.35108250438852795,45.0,0.293,,,,False,False,0.07823129251761625,0.9995906672124438,70,25.1,0.0,0.14667921056097202,1.0,6,-0.176,-60,-1.2750000000087311,-840
2026-09-17,NIFTY,CURRENT_12A,70,1,FUTURES_LAST_TRADE,False,15:00:55,15:00-15:03,MODE_A,False,OPTION_LEAD,False,3,25,True,[],0,-0.5709266578831721,1.8445322793148957,-2.020202020202018,240.0,0.2198,30,115,,False,False,0.49848942598189505,0.6779661016949152,30,-0.6145741878841113,1.7998244073748875,-2.0632133450395154,235.0,0.1318,25,110,,False,False,0.5498489425981236,0.6915254237288148,35,95.2,89.4,-1.1973392461197288,1.0,3,-0.2629,-25,-0.0,845
2026-09-17,NIFTY,CURRENT_12A,123,1,FUTURES_LAST_TRADE,False,15:05:20,15:03-15:06,MODE_A,False,SYNCHRONIZED,False,1,10,True,[],0,1.5283842794759825,2.3580786026200897,-0.9606986899563269,20.0,0.1748,70,95,105,False,False,0.5503875968993319,0.4778761061946915,15,-1.088850174216028,2.308362369337984,-1.2195121951219439,15.0,0.1744,85,90,100,False,False,0.4728682170543794,0.5084745762711872,20,97.6,95.0,-0.45247109917313477,1.0,1,-0.2184,-10,-0.0,580
2026-09-17,NIFTY,CURRENT_12A,152,1,FUTURES_LAST_TRADE,False,15:07:45,15:06-15:09,MODE_A,False,SYNCHRONIZED,False,0,60,False,"['NOT_EARLY', 'NO_DIRECTIONAL_AGREEMENT', 'OPTION_NOT_RESPONDING']",,-0.6504770164787511,2.428447528187335,-1.4744145706851717,15.0,0.2605,50,80,,False,False,0.8804347826081197,0.0,65,0.34828036569438897,2.82977797126687,-1.0883761427949499,10.0,0.2616,40,75,,False,False,1.0,0.0,70,75.8,67.5,1.0533630261710003,0.0,0,-0.1286,-60,-0.0,435
2026-09-17,NIFTY,CURRENT_12A,189,1,FUTURES_LAST_TRADE,False,15:10:50,15:09-15:12,MODE_A,False,OPTION_LEAD,False,3,60,False,"['NOT_EARLY', 'NO_DIRECTIONAL_AGREEMENT', 'OPTION_NOT_RESPONDING']",,0.04290004290004046,6.306306306306314,-1.801801801801797,70.0,0.1717,100,110,,False,False,0.9324324324324457,0.16201117318435782,65,0.0,6.16966580976864,-1.9280205655526992,65.0,0.0857,100,105,,False,False,0.9594594594590742,0.18435754189944192,70,40.9,14.8,0.5756494775440752,0.0,3,-0.1281,-60,-0.1500000000014552,250
2026-09-17,NIFTY,CURRENT_12A,220,1,FUTURES_LAST_TRADE,False,15:13:25,15:12-15:15,MODE_A,False,UNDERLYING_LEAD,False,-5,55,False,"['NOT_EARLY', 'NO_DIRECTIONAL_AGREEMENT', 'OPTION_NOT_RESPONDING']",,1.2922050854522693,3.293038766152566,-0.9170487703209742,95.0,0.1669,50,60,65,True,True,0.5195195195195615,0.43835616438356023,60,-1.2048192771084245,2.949729954299968,-1.2463647694225177,90.0,0.2079,55,60,60,True,False,0.5015015015013703,0.4897260273972589,65,90.8,72.4,-0.5637529473268728,1.0,-5,-0.2492,-55,-0.0,95
2026-09-17,NIFTY,CURRENT_12A,247,1,FUTURES_LAST_TRADE,False,15:15:40,MODE B 15:15-15:30,MODE_B,False,SYNCHRONIZED,False,-2,45,False,"['WINDOW', 'NOT_EARLY', 'OPTION_NOT_RESPONDING']",,-0.3735990037359924,2.2000830220008227,-1.2038190120381924,300.0,0.1662,40,45,,True,True,0.5094339622640128,0.319526627218934,50,-0.45605306799336415,2.0729684908789388,-1.326699834162516,295.0,0.2491,40,40,,True,True,0.5094339622640128,0.3431952662721905,55,25.0,24.8,0.27083785182054293,1.0,-2,-0.25,-45,-0.2999999999992724,-40
2026-09-17,NIFTY,CURRENT_12A,387,1,FUTURES_LAST_TRADE,False,15:27:20,MODE B 15:15-15:30,MODE_B,False,OPTION_RESPONSE_LAG,False,,20,False,"['WINDOW', 'NO_DIRECTIONAL_AGREEMENT', 'OPTION_NOT_RESPONDING']",,-0.04205214465938719,0.25231286795626334,-2.7333894028595456,135.0,0.2105,,,,False,False,0.0,0.5961538461538518,25,-0.46063651591290733,-0.2512562814070447,-3.1407035175879394,130.0,0.1676,,,,False,False,0.0,1.0,30,99.3,31.1,-1.0046107737742105,0.0,,-0.1679,-20,-0.0,-740
2026-09-17,SENSEX,CURRENT_12A,365,1,FUTURES_LAST_TRADE,False,15:25:30,MODE B 15:15-15:30,MODE_B,True,OPTION_RESPONSE_LAG,False,,55,False,"['WINDOW', 'EXPIRY_ZONE', 'NOT_EARLY', 'NO_DIRECTIONAL_AGREEMENT']",,-13.403416557161638,13.534822601839675,-99.91239597021465,225.0,1.1011,75,75,75,False,False,0.14840989399340526,0.5251238499646144,60,4.932058379466539,30.44791142425768,-99.89934574735783,220.0,0.5045,5,5,5,True,True,0.30742049470018445,0.11677282377919315,65,67.8,75.7,13.702245430568766,0.0,,-0.2632,-55,-0.0,-630
2026-09-18,NIFTY,10s,14,-1,OPTION,False,14:56:15,PRE 14:55-15:00,PRE,False,SYNCHRONIZED,False,1,50,False,"['WINDOW', 'NOT_EARLY', 'NO_DIRECTIONAL_AGREEMENT', 'OPTION_NOT_RESPONDING']",,-0.6496751624187821,5.997001499250374,-4.7976011994002965,150.0,0.2001,45,45,,True,False,0.5582524271844068,0.24085365853658633,55,1.2588116817724069,6.797583081570997,-4.078549848942595,145.0,0.1512,40,40,50,True,True,0.6423529411763679,0.15243902439024384,60,40.7,0.0,-0.5355219688445851,1.0,1,-0.0503,-50,-0.0,1125
2026-09-18,NIFTY,10s,26,-1,FUTURES,False,14:57:15,PRE 14:55-15:00,PRE,False,UNDERLYING_LEAD,False,-9,60,False,"['WINDOW', 'NOT_EARLY', 'NO_DIRECTIONAL_AGREEMENT', 'OPTION_NOT_RESPONDING']",,-0.7352941176470588,3.9705882352941146,-6.61764705882353,90.0,0.1963,,,,False,False,0.43804034582127854,0.4375000000000007,65,-0.3453379378391656,4.637395165268873,-6.01874691662555,85.0,0.1975,,,,False,False,0.4351585014409168,0.3519736842105262,70,97.1,92.3,0.7165557722202445,1.0,-9,-0.1964,-60,-0.0,1065
2026-09-18,NIFTY,10s,35,1,FUTURES,False,14:58:00,PRE 14:55-15:00,PRE,False,SYNCHRONIZED,False,2,35,False,"['WINDOW', 'NOT_EARLY', 'NO_DIRECTIONAL_AGREEMENT', 'OPTION_NOT_RESPONDING']",,-0.747198007471973,5.977584059775838,-8.219178082191773,190.0,0.3118,25,35,40,True,False,0.7041800643087615,0.20784313725490242,40,7.449494949494937,7.449494949494937,-6.944444444444445,185.0,0.2528,10,20,20,True,True,0.742765273311885,0.0392156862745098,45,94.4,91.9,-0.2507936582691576,1.0,2,-0.1878,-35,-0.0,1020
2026-09-18,NIFTY,10s,43,-1,FUTURES,False,14:58:40,PRE 14:55-15:00,PRE,False,OPTION_RESPONSE_LAG,False,,10,False,"['WINDOW', 'NO_DIRECTIONAL_AGREEMENT', 'OPTION_NOT_RESPONDING']",,-2.8556858745537963,8.15910249872514,-2.8556858745537963,5.0,0.2042,80,80,85,False,False,0.9220779220781,0.0,15,0.6809848088004101,11.105290728129905,0.6286013619696117,10.0,0.2098,5,20,75,True,True,1.0,0.0,20,94.3,91.5,0.12353088900050224,0.0,,-0.252,-10,-0.0,980
2026-09-18,NIFTY,10s,47,1,FUTURES,False,14:59:00,PRE 14:55-15:00,PRE,False,SYNCHRONIZED,False,1,40,False,"['WINDOW', 'NOT_EARLY', 'NO_DIRECTIONAL_AGREEMENT', 'OPTION_NOT_RESPONDING']",,-2.0588235294117645,-0.9999999999999932,-13.29411764705882,130.0,0.2356,,,,False,False,0.0,1.0,45,-0.7705986959098892,-0.533491404860686,-12.625963248369878,125.0,0.2374,,,,False,False,0.024999999999939366,1.0,50,94.4,91.5,0.7045642429252592,0.0,1,-0.2949,-40,-0.0,960
2026-09-18,NIFTY,10s,60,-1,BOTH,False,15:00:05,15:00-15:03,MODE_A,False,SYNCHRONIZED,False,-1,60,False,['NOT_EARLY'],,5.838323353293407,5.838323353293407,1.0978043912175592,5.0,0.0999,5,5,10,True,True,0.5705521472392766,0.39447236180904627,65,1.2807881773398988,4.482758620689652,0.1477832512315327,20.0,0.1972,5,10,35,True,True,0.46830265848672337,0.5201005025125638,70,99.0,82.9,2.3629781237768097,1.0,-1,-0.2506,-60,-0.0,895
2026-09-18,NIFTY,10s,74,-1,OPTION,False,15:01:15,15:00-15:03,MODE_A,False,SYNCHRONIZED,False,1,55,False,"['NOT_EARLY', 'NO_DIRECTIONAL_AGREEMENT', 'OPTION_NOT_RESPONDING']",,-1.977401129943511,-0.1412429378531127,-4.613935969868178,300.0,0.2357,,,,False,False,0.24904214559388363,0.9739583333333334,60,-2.9342167534311487,0.37860861334594553,-4.117368670137254,295.0,0.2369,,,,False,False,0.19157088122606433,0.8593750000000006,65,56.8,77.2,1.1462987086476044,1.0,1,-0.2355,-55,-0.0,825
2026-09-18,NIFTY,10s,77,1,OPTION,False,15:01:30,15:00-15:03,MODE_A,False,FALSE_OPTION_MOVE,False,,5,True,[],5,-0.06565988181222766,1.7071569271175275,-3.2829940906106367,240.0,0.3288,15,15,,True,True,0.7872340425531695,0.5933333333333356,15,-0.984898227183191,1.7071569271175275,-3.2829940906106367,235.0,0.263,10,10,,True,True,0.8652482269502375,0.6,20,14.3,55.9,1.5515896970958225,1.0,,-0.2596,-5,-0.0,810
2026-09-18,NIFTY,10s,89,-1,OPTION,False,15:02:30,15:00-15:03,MODE_A,False,OPTION_LEAD,False,5,5,True,[],5,-2.1624219125420474,2.018260451705919,-2.642960115329169,220.0,0.1443,,,,False,False,0.5714285714284423,0.3767123287671227,15,-2.248803827751191,3.1578947368421026,-3.0622009569378017,215.0,0.1916,120,,,False,False,0.4534161490680928,0.3364485981308427,20,8.6,97.6,0.09391136235715292,1.0,5,-0.2885,-5,-0.0,750
2026-09-18,NIFTY,10s,99,1,OPTION,False,15:03:20,15:03-15:06,MODE_A,False,OPTION_LEAD,False,5,35,False,"['NOT_EARLY', 'OPTION_NOT_RESPONDING']",,-0.9759271307742355,0.7807417046193995,-8.653220559531546,300.0,0.2606,5,,,False,False,0.3898305084743568,0.6190476190476194,40,-1.9317450096587248,-0.9014810045074086,-10.753380553766913,300.0,0.2579,,,,False,False,0.0,1.0,45,84.4,95.5,-0.2671942378759292,1.0,5,-0.1939,-35,-0.0,700
2026-09-18,NIFTY,10s,103,-1,OPTION,False,15:03:40,15:03-15:06,MODE_A,False,FALSE_OPTION_MOVE,False,,10,True,[],0,-0.09629272989888717,7.173808377467504,-2.4554646124217596,155.0,0.241,55,60,115,True,False,0.8382352941176471,0.1932114882506521,15,-1.106301106301112,7.455507455507456,-2.5493025493025545,150.0,0.1926,50,55,110,True,False,0.7352941176470589,0.19849246231155715,20,4.7,4.4,0.31079205349159,1.0,,-0.2409,-10,-0.0,680
2026-09-18,NIFTY,10s,115,-1,FUTURES,False,15:04:40,15:03-15:06,MODE_A,False,UNDERLYING_LEAD,False,-9,60,False,"['NOT_EARLY', 'NO_DIRECTIONAL_AGREEMENT', 'OPTION_NOT_RESPONDING', 'EXTENDED']",,-2.564102564102567,7.407407407407404,-3.798670465337132,95.0,0.095,50,,,False,False,0.6348773841961891,0.2392344497607655,65,-0.28571428571428303,7.714285714285708,-3.5238095238095264,90.0,0.1907,5,,,False,False,0.7411444141689681,0.20574162679425886,70,94.6,78.1,-0.6037113802957957,1.0,-9,-0.0956,-60,-0.0,620
2026-09-18,NIFTY,10s,132,1,BOTH,False,15:06:05,15:06-15:09,MODE_A,False,SYNCHRONIZED,False,2,15,True,[],0,-3.6649214659686007,0.4581151832460658,-12.04188481675393,180.0,0.1965,,,,False,False,0.4,0.8346456692913411,20,-3.6649214659686007,0.4581151832460658,-12.04188481675393,175.0,0.1965,,,,False,False,0.0,0.8346456692913411,25,94.7,94.9,0.7321185681064353,1.0,2,-0.2639,-15,-0.0,535
2026-09-18,NIFTY,10s,143,-1,OPTION,False,15:07:00,15:06-15:09,MODE_A,False,OPTION_LEAD,False,7,45,False,"['NOT_EARLY', 'NO_DIRECTIONAL_AGREEMENT', 'OPTION_NOT_RESPONDING']",,5.198487712665407,7.088846880907372,-0.6143667296786309,5.0,0.2366,40,40,45,True,True,0.844686648501262,0.35208333333333286,50,5.033238366571697,7.597340930674264,0.0,5.0,0.1426,20,35,35,True,True,0.844686648501262,0.3145833333333326,55,57.3,81.3,0.5021784081802199,1.0,7,-0.2377,-45,-0.0,480
2026-09-18,NIFTY,10s,161,-1,OPTION,False,15:08:30,15:06-15:09,MODE_A,False,SYNCHRONIZED,False,0,60,False,"['NOT_EARLY', 'OPTION_NOT_RESPONDING', 'EXTENDED']",,-0.4480286738351255,1.523297491039429,-4.16666666666666,300.0,0.2692,30,35,,True,True,0.44117647058815135,0.7315436241610739,65,1.8884892086330884,1.8884892086330884,-3.8219424460431655,295.0,0.09,20,25,,True,True,0.33006535947725163,0.6912751677852353,70,29.7,46.6,-0.19119983381561534,1.0,0,-0.2709,-60,-0.5,390
2026-09-18,NIFTY,10s,175,1,OPTION,False,15:09:40,15:09-15:12,MODE_A,False,FALSE_OPTION_MOVE,False,,15,False,"['NO_DIRECTIONAL_AGREEMENT', 'OPTION_NOT_RESPONDING']",,0.3671071953010279,4.258443465491933,-0.5139500734214307,295.0,0.0734,10,25,25,True,True,0.8953488372091154,0.2091503267973855,20,0.29197080291971217,3.64963503649635,-1.094890510948905,290.0,0.1461,20,20,85,True,True,0.9069767441856924,0.3071895424836603,25,0.0,12.8,0.13987563008867065,1.0,,-0.145,-15,-0.0,320
2026-09-18,NIFTY,10s,183,-1,OPTION,False,15:10:20,15:09-15:12,MODE_A,False,FALSE_OPTION_MOVE,False,,0,False,"['NO_DIRECTIONAL_AGREEMENT', 'OPTION_NOT_RESPONDING']",,-0.22251891410769914,0.8455718736092595,-4.8064085447262945,190.0,0.1336,15,,,False,False,1.0,0.5392156862745104,5,-0.3555555555555606,0.7111111111111086,-4.933333333333331,185.0,0.267,10,,,False,False,0.9775280898871536,0.5686274509803884,10,53.2,0.0,0.5796941398502624,1.0,,-0.1328,0,-0.0,280
2026-09-18,NIFTY,10s,193,1,OPTION,False,15:11:10,15:09-15:12,MODE_A,False,OPTION_LEAD,False,4,10,True,[],0,-0.14265335235377222,1.283880171184031,-3.35235378031383,205.0,0.1428,15,,,False,False,0.7679324894514483,0.6379310344827586,15,-0.4975124378109372,0.9239516702203351,-3.6958066808813,200.0,0.2134,115,,,False,False,0.7383966244723575,0.7155172413793134,20,83.9,80.3,0.2874317816341213,1.0,4,-0.2153,-10,-0.0,230
2026-09-18,NIFTY,10s,207,1,FUTURES,False,15:12:20,15:12-15:15,MODE_A,False,SYNCHRONIZED,False,1,15,False,"['NO_DIRECTIONAL_AGREEMENT', 'OPTION_NOT_RESPONDING']",,-1.4861995753715658,0.4953998584571752,-4.104741684359527,135.0,0.0708,,,,False,False,0.6404494382020772,0.6200000000000045,20,-0.4291845493562394,1.57367668097281,-3.0758226037196073,130.0,0.0716,45,45,,True,False,0.4831460674153583,0.02000000000000455,25,97.6,86.9,-1.0713264023007945,1.0,1,-0.1426,-15,-0.0,160
2026-09-18,NIFTY,10s,211,-1,FUTURES,False,15:12:40,15:12-15:15,MODE_A,False,SYNCHRONIZED,False,-1,20,True,[],10,-4.609929078014187,-1.0195035460992832,-5.186170212765952,40.0,0.2663,,,,False,False,-0.0,1.0,35,-3.6274070756829477,0.0,-4.20958351992835,35.0,0.2691,,,,False,False,-0.0,0.8656716417910479,40,96.6,86.9,0.0434599399735322,1.0,-1,-0.2237,-20,-0.0,140
2026-09-18,NIFTY,10s,219,1,BOTH,False,15:13:20,15:12-15:15,MODE_A,False,OPTION_LEAD,False,3,30,True,[],0,-0.7730147575544783,-0.21082220660577045,-8.292340126493333,300.0,0.211,,,,False,False,0.48660714285700946,0.9922480620155065,35,-0.7773851590105967,0.35335689045936397,-7.773851590106007,295.0,0.2122,,,,False,False,0.5089285714284438,0.8682170542635665,40,97.9,0.0,-1.3275211573014192,1.0,3,-0.211,-30,-0.0,100
2026-09-18,NIFTY,10s,229,-1,OPTION,False,15:14:10,15:12-15:15,MODE_A,False,FALSE_OPTION_MOVE,False,,5,True,[],5,-0.5459508644222097,2.5022747952684257,-2.365787079162883,75.0,0.2277,15,15,,True,True,1.0,0.4826086956521749,15,0.3651300775901467,2.829758101323604,-2.053856686444546,70.0,0.2285,10,10,,True,True,1.0,0.4217391304347821,20,87.6,90.6,0.7967113665053375,1.0,,-0.0902,-5,-0.0,50
2026-09-18,NIFTY,10s,232,1,BOTH,False,15:14:25,15:12-15:15,MODE_A,False,UNDERLYING_LEAD,False,-3,45,False,"['NOT_EARLY', 'NO_DIRECTIONAL_AGREEMENT', 'OPTION_NOT_RESPONDING']",,-1.94805194805194,1.370851370851375,-6.349206349206337,270.0,0.2167,50,55,,True,False,0.0,0.38028169014084223,50,-0.5139500734214307,3.1571218795888485,-4.698972099853141,265.0,0.2205,40,40,40,True,True,0.5308641975304206,0.0,55,97.5,76.6,-0.2968208837857885,1.0,-3,-0.2876,-45,-0.0,35
2026-09-18,NIFTY,10s,274,-1,OPTION,False,15:17:55,MODE B 15:15-15:30,MODE_B,False,UNDERLYING_LEAD,False,-8,60,False,"['WINDOW', 'NOT_EARLY', 'NO_DIRECTIONAL_AGREEMENT', 'OPTION_NOT_RESPONDING']",,-0.6323396567299032,3.4778681120144483,-1.219512195121959,105.0,0.1808,15,15,,True,True,0.8184931506850629,0.24770642201834744,65,-0.224517287831163,2.873821284238889,-1.796138302649304,100.0,0.1348,10,20,,True,True,0.8013698630138283,0.37155963302752376,70,14.3,0.0,-0.506153914658251,1.0,-8,-0.2699,-60,-1.5999999999985448,-175
2026-09-18,NIFTY,10s,289,1,OPTION,False,15:19:10,MODE B 15:15-15:30,MODE_B,False,FALSE_OPTION_MOVE,False,,20,False,['WINDOW'],,-1.2066365007541435,1.5837104072398147,-6.108597285067869,300.0,0.2265,5,10,,True,True,0.9021739130433665,0.5151515151515129,25,-2.2388059701492535,0.522388059701484,-7.08955223880597,295.0,0.1494,25,,,False,False,0.8913043478261385,0.80808080808081,30,33.7,0.0,0.33716128451969407,1.0,,-0.2265,-20,-0.5499999999992724,-250
2026-09-18,NIFTY,10s,298,-1,OPTION,False,15:19:55,MODE B 15:15-15:30,MODE_B,False,NO_CLEAR_ONSET,False,,5,False,"['WINDOW', 'OPTION_NOT_RESPONDING']",,0.6329113924050659,4.06871609403255,-0.678119349005425,75.0,0.2263,5,20,25,True,True,0.7404580152671798,0.173160173160173,10,-0.35810205908684484,3.04386750223813,-1.6562220232766414,70.0,0.2689,15,20,25,True,False,0.7709923664123155,0.35930735930735946,15,52.0,75.5,0.01946578905722418,1.0,,-0.1806,-5,-0.0,-295
2026-09-18,NIFTY,10s,302,1,FUTURES,False,15:20:15,MODE B 15:15-15:30,MODE_B,False,SYNCHRONIZED,False,1,5,False,"['WINDOW', 'NO_DIRECTIONAL_AGREEMENT', 'OPTION_NOT_RESPONDING']",,-1.0046367851622962,2.241112828438953,-3.78670788253478,235.0,0.3096,45,45,50,True,False,0.0,0.0,10,-1.9455252918287937,2.9571984435797756,-3.11284046692607,230.0,0.3118,40,40,40,True,False,0.9677419354843252,0.0,15,95.9,97.0,-2.763662977859412,1.0,1,-0.2287,-5,-0.0,-315
2026-09-18,NIFTY,10s,315,-1,OPTION,False,15:21:20,MODE B 15:15-15:30,MODE_B,False,UNDERLYING_LEAD,False,-11,60,False,"['WINDOW', 'NOT_EARLY', 'OPTION_NOT_RESPONDING']",,-0.40304523063144004,3.0900134348410107,-0.9404388714733644,290.0,0.314,10,15,,True,True,0.5700934579439443,0.2976744186046501,65,-0.9795191451469228,2.4933214603739957,-4.007123775601069,300.0,0.1783,10,80,,False,False,0.4205607476636658,0.43255813953488426,70,26.6,0.0,1.8415130108495006,1.0,-11,-0.2243,-60,-0.9000000000014552,-380
2026-09-18,NIFTY,10s,333,-1,OPTION,False,15:22:50,MODE B 15:15-15:30,MODE_B,False,UNDERLYING_LEAD,False,-3,60,False,"['WINDOW', 'NOT_EARLY', 'NO_DIRECTIONAL_AGREEMENT', 'OPTION_NOT_RESPONDING']",,-0.1765225066195965,1.5887025595763433,-9.664607237422775,300.0,0.2651,70,80,,False,False,0.37499999999968997,0.4939759036144599,65,0.0,1.7683465959328029,-9.504862953138815,295.0,0.2213,5,65,,False,False,0.9204545454548367,0.45180722891566205,70,12.4,6.5,-0.49718926659837004,1.0,-3,-0.2641,-60,-2.4500000000007276,-470
2026-09-18,NIFTY,10s,355,1,OPTION,False,15:24:40,MODE B 15:15-15:30,MODE_B,False,FALSE_OPTION_MOVE,False,,25,False,"['WINDOW', 'NO_DIRECTIONAL_AGREEMENT', 'OPTION_NOT_RESPONDING']",,-0.1578531965272319,10.734017363851626,-0.3157063930544638,15.0,0.158,20,25,105,True,True,0.9835164835163243,0.1206349206349202,30,4.574132492113563,10.646687697160894,-0.3943217665615142,10.0,0.2369,15,40,100,True,True,0.9120879120879956,0.1238095238095241,35,0.0,12.8,1.1905540169966802,1.0,,-0.1566,-25,-0.1500000000014552,-580
2026-09-18,NIFTY,10s,377,1,OPTION,False,15:26:30,MODE B 15:15-15:30,MODE_B,False,SYNCHRONIZED,False,0,45,False,"['WINDOW', 'NOT_EARLY', 'NO_DIRECTIONAL_AGREEMENT', 'OPTION_NOT_RESPONDING']",,5.147615442846337,6.20741862225588,-0.3785011355034065,5.0,0.2274,20,20,20,True,True,0.7862796833775063,0.34362934362934305,50,5.155420773313103,6.368460955269148,-0.22744503411676376,5.0,0.2277,10,15,15,True,True,0.7915567282323115,0.3281853281853285,55,84.8,15.9,3.0113414157215446,1.0,0,-0.3037,-45,-0.0,-690
2026-09-18,NIFTY,10s,396,-1,OPTION,False,15:28:05,MODE B 15:15-15:30,MODE_B,False,FALSE_OPTION_MOVE,False,,0,False,"['WINDOW', 'NO_DIRECTIONAL_AGREEMENT', 'OPTION_NOT_RESPONDING']",,0.3378378378378461,4.295366795366799,-0.2413127413127413,5.0,0.29,15,20,30,True,True,0.0,0.1782608695652184,5,0.38628681796234254,4.345726702076292,0.38628681796234254,5.0,0.1933,10,15,25,True,True,0.09999999999854481,0.1782608695652184,10,71.7,0.0,0.5316260384557407,1.0,,-0.2403,0,-0.0,-785
2026-09-18,NIFTY,10s,406,1,OPTION,False,15:28:55,MODE B 15:15-15:30,MODE_B,False,UNDERLYING_LEAD,False,-9,60,False,"['WINDOW', 'NOT_EARLY']",,-0.14492753623187582,0.36231884057971014,-1.8840579710144887,30.0,0.2903,,,,False,False,0.722627737226006,0.8347826086956541,65,-0.8633093525179775,-0.6474820143884933,-2.5899280575539527,25.0,0.3604,,,,False,False,0.5255474452553737,1.0,70,33.7,0.0,-1.517167043482833,1.0,-9,-0.2926,-60,-2.849999999998545,-835
2026-09-18,NIFTY,5s,15,-1,FUTURES,False,14:56:20,PRE 14:55-15:00,PRE,False,SYNCHRONIZED,False,1,55,False,"['WINDOW', 'NOT_EARLY', 'NO_DIRECTIONAL_AGREEMENT', 'OPTION_NOT_RESPONDING']",,1.2588116817724069,6.797583081570997,-4.078549848942595,145.0,0.1512,40,40,50,True,True,0.6423529411763679,0.11464968152866142,60,0.6549118387909377,6.851385390428209,-4.030226700251889,140.0,0.2522,35,35,45,True,True,0.6494117647058482,0.10191082802547742,65,96.2,94.3,0.275956551025473,1.0,1,-0.2001,-55,-0.0,1120
2026-09-18,NIFTY,5s,19,1,OPTION,False,14:56:40,PRE 14:55-15:00,PRE,False,SYNCHRONIZED,False,0,20,False,"['WINDOW', 'NO_DIRECTIONAL_AGREEMENT', 'OPTION_NOT_RESPONDING']",,-4.429611650485443,3.2766990291261995,-10.558252427184469,270.0,0.243,120,,,False,False,0.8447488584474324,0.2641509433962261,25,-3.7286063569682115,4.034229828850852,-9.902200488997547,265.0,0.2448,115,115,120,False,False,0.7671232876709826,0.1132075471698122,30,0.0,35.9,1.588388889509694,1.0,0,-0.1209,-20,-0.0,1100
2026-09-18,NIFTY,5s,35,1,FUTURES,False,14:58:00,PRE 14:55-15:00,PRE,False,SYNCHRONIZED,False,2,35,False,"['WINDOW', 'NOT_EARLY', 'NO_DIRECTIONAL_AGREEMENT', 'OPTION_NOT_RESPONDING']",,-0.747198007471973,5.977584059775838,-8.219178082191773,190.0,0.3118,25,35,40,True,False,0.7041800643087615,0.20784313725490242,40,7.449494949494937,7.449494949494937,-6.944444444444445,185.0,0.2528,10,20,20,True,True,0.742765273311885,0.0392156862745098,45,94.4,91.9,-0.2507936582691576,1.0,2,-0.1878,-35,-0.0,1020
2026-09-18,NIFTY,5s,37,-1,OPTION,False,14:58:10,PRE 14:55-15:00,PRE,False,UNDERLYING_LEAD,False,-11,60,False,"['WINDOW', 'NOT_EARLY', 'NO_DIRECTIONAL_AGREEMENT', 'OPTION_NOT_RESPONDING']",,-0.8345606283750558,4.123711340206189,-6.480117820324001,35.0,0.2458,,,,False,False,0.8576779026218708,0.1909090909090904,65,-0.04948045522018521,4.948045522018803,-5.739732805541808,30.0,0.2477,120,120,,False,False,0.8277153558052792,0.045454545454545456,70,26.6,40.1,1.8827955699619632,1.0,-11,-0.1963,-60,-4.0,1010
2026-09-18,NIFTY,5s,47,1,FUTURES,False,14:59:00,PRE 14:55-15:00,PRE,False,SYNCHRONIZED,False,1,40,False,"['WINDOW', 'NOT_EARLY', 'NO_DIRECTIONAL_AGREEMENT', 'OPTION_NOT_RESPONDING']",,-2.0588235294117645,-0.9999999999999932,-13.29411764705882,130.0,0.2356,,,,False,False,0.0,1.0,45,-0.7705986959098892,-0.533491404860686,-12.625963248369878,125.0,0.2374,,,,False,False,0.024999999999939366,1.0,50,94.4,91.5,0.7045642429252592,0.0,1,-0.2949,-40,-0.0,960
2026-09-18,NIFTY,5s,50,-1,FUTURES,False,14:59:15,PRE 14:55-15:00,PRE,False,OPTION_LEAD,False,4,10,False,"['WINDOW', 'NO_DIRECTIONAL_AGREEMENT', 'OPTION_NOT_RESPONDING']",,-0.46201232032854495,8.880903490759744,-0.821355236139642,25.0,0.1541,45,45,45,True,True,0.8939393939393557,0.18244803695150189,15,-0.257201646090535,9.104938271604931,-0.6172839506172927,20.0,0.2575,40,40,40,True,True,0.9978354978355292,0.1593533487297929,20,92.7,86.4,-0.18239014781055513,1.0,4,-0.2068,-10,-0.0,945
2026-09-18,NIFTY,5s,62,-1,OPTION,False,15:00:15,15:00-15:03,MODE_A,False,SYNCHRONIZED,False,2,50,False,"['NOT_EARLY', 'EXTENDED']",,0.14612761811981634,3.312226010716017,-0.974184120798831,15.0,0.1462,30,30,55,True,True,0.48875255623715796,0.6200527704485492,55,0.0,3.1614785992217898,-1.118677042801548,10.0,0.146,25,25,50,True,False,0.34560327198356217,0.6358839050131921,60,92.7,46.6,0.8722821555689517,1.0,2,-0.1972,-50,-0.0,885
2026-09-18,NIFTY,5s,66,1,OPTION,False,15:00:35,15:00-15:03,MODE_A,False,FALSE_OPTION_MOVE,False,,10,False,"['NO_DIRECTIONAL_AGREEMENT', 'OPTION_NOT_RESPONDING']",,-1.883116883116887,0.584415584415588,-4.350649350649343,300.0,0.3252,,,,False,False,0.20000000000194026,0.24999999999999606,15,-1.9467878001297858,0.5191434133679503,-4.412719013627504,295.0,0.1949,,,,False,False,0.0,0.3611111111111019,20,75.8,8.1,2.0187521733281333,1.0,,-0.2572,-10,-0.0,865
2026-09-18,NIFTY,5s,74,-1,OPTION,False,15:01:15,15:00-15:03,MODE_A,False,SYNCHRONIZED,False,1,55,False,"['NOT_EARLY', 'NO_DIRECTIONAL_AGREEMENT', 'OPTION_NOT_RESPONDING']",,-1.977401129943511,-0.1412429378531127,-4.613935969868178,300.0,0.2357,,,,False,False,0.24904214559388363,0.9739583333333334,60,-2.9342167534311487,0.37860861334594553,-4.117368670137254,295.0,0.2369,,,,False,False,0.19157088122606433,0.8593750000000006,65,56.8,77.2,1.1462987086476044,1.0,1,-0.2355,-55,-0.0,825
2026-09-18,NIFTY,5s,82,1,OPTION,False,15:01:55,15:00-15:03,MODE_A,False,FALSE_OPTION_MOVE,False,,30,True,[],0,-2.0887728459529953,1.1096605744125438,-3.851174934725834,220.0,0.2614,20,90,,False,False,0.7163120567375594,0.7200000000000008,35,-1.1206328279498938,2.1094264996704135,-2.900461437046788,215.0,0.198,15,15,85,True,False,0.7234042553190172,0.526666666666669,40,67.5,55.6,2.1427152668273024,1.0,,-0.3239,-30,-0.0,785
2026-09-18,NIFTY,5s,99,1,FUTURES,False,15:03:20,15:03-15:06,MODE_A,False,OPTION_LEAD,False,5,35,False,"['NOT_EARLY', 'OPTION_NOT_RESPONDING']",,-0.9759271307742355,0.7807417046193995,-8.653220559531546,300.0,0.2606,5,,,False,False,0.3898305084743568,0.6190476190476194,40,-1.9317450096587248,-0.9014810045074086,-10.753380553766913,300.0,0.2579,,,,False,False,0.0,1.0,45,84.4,95.5,-0.2671942378759292,1.0,5,-0.1939,-35,-0.0,700
2026-09-18,NIFTY,5s,103,-1,OPTION,False,15:03:40,15:03-15:06,MODE_A,False,FALSE_OPTION_MOVE,False,,10,True,[],0,-0.09629272989888717,7.173808377467504,-2.4554646124217596,155.0,0.241,55,60,115,True,False,0.8382352941176471,0.1932114882506521,15,-1.106301106301112,7.455507455507456,-2.5493025493025545,150.0,0.1926,50,55,110,True,False,0.7352941176470589,0.19849246231155715,20,4.7,4.4,0.31079205349159,1.0,,-0.2409,-10,-0.0,680
2026-09-18,NIFTY,5s,118,-1,OPTION,False,15:04:55,15:03-15:06,MODE_A,False,SYNCHRONIZED,False,2,30,False,"['NO_DIRECTIONAL_AGREEMENT', 'OPTION_NOT_RESPONDING', 'EXTENDED']",,-0.4734848484848485,7.1022727272727275,-4.071969696969695,80.0,0.237,,,,False,False,0.8414634146342491,0.2607655502392338,35,-1.9468186134852776,7.407407407407404,-3.798670465337132,75.0,0.1901,30,,,False,False,0.6097560975609215,0.23444976076555044,40,53.2,81.4,1.2858304142164523,1.0,2,-0.1889,-30,-1.0499999999992724,605
2026-09-18,NIFTY,5s,132,1,BOTH,False,15:06:05,15:06-15:09,MODE_A,False,SYNCHRONIZED,False,2,15,True,[],0,-3.6649214659686007,0.4581151832460658,-12.04188481675393,180.0,0.1965,,,,False,False,0.4,0.8346456692913411,20,-3.6649214659686007,0.4581151832460658,-12.04188481675393,175.0,0.1965,,,,False,False,0.0,0.8346456692913411,25,94.7,94.9,0.7321185681064353,1.0,2,-0.2639,-15,-0.0,535
2026-09-18,NIFTY,5s,140,-1,OPTION,False,15:06:45,15:06-15:09,MODE_A,False,FALSE_OPTION_MOVE,False,,30,True,[],5,5.028735632183907,8.524904214559378,0.6226053639846661,5.0,0.2398,5,10,50,True,True,0.950953678474041,0.2354166666666669,40,5.033238366571697,7.597340930674264,-0.14245014245013435,10.0,0.2377,30,45,45,True,True,0.8392370572206879,0.3104166666666662,45,12.4,15.9,1.8947056568056428,1.0,,-0.2407,-30,-0.0,495
2026-09-18,NIFTY,5s,152,-1,OPTION,False,15:07:45,15:06-15:09,MODE_A,False,SYNCHRONIZED,False,0,50,False,['NOT_EARLY'],,1.9797421731123441,4.327808471454883,0.0920810313075585,30.0,0.2305,15,35,45,True,True,0.6991404011461444,0.48041775456918984,55,-0.22925263640531865,3.897294818890417,-0.3209536909674409,25.0,0.2755,10,35,40,True,True,0.6676217765043535,0.5248041775456923,60,84.6,52.4,1.9323231342973175,1.0,0,-0.2779,-50,-0.0,435
2026-09-18,NIFTY,5s,176,-1,OPTION,False,15:09:45,15:09-15:12,MODE_A,False,FALSE_OPTION_MOVE,False,,55,False,"['NOT_EARLY', 'NO_DIRECTIONAL_AGREEMENT', 'OPTION_NOT_RESPONDING']",,-0.9387572641931133,1.2963790791238292,-4.3808672329012,225.0,0.2686,30,50,,True,True,0.801980198019916,0.31372549019607765,60,-1.8360949395432253,1.4778325123152631,-4.20958351992835,220.0,0.2242,10,25,,True,True,0.6732673267325734,0.24509803921568654,65,0.0,12.8,2.3793528391289946,1.0,,-0.2224,-55,-0.9000000000014552,315
2026-09-18,NIFTY,5s,207,1,FUTURES,False,15:12:20,15:12-15:15,MODE_A,False,SYNCHRONIZED,False,1,15,False,"['NO_DIRECTIONAL_AGREEMENT', 'OPTION_NOT_RESPONDING']",,-1.4861995753715658,0.4953998584571752,-4.104741684359527,135.0,0.0708,,,,False,False,0.6404494382020772,0.6200000000000045,20,-0.4291845493562394,1.57367668097281,-3.0758226037196073,130.0,0.0716,45,45,,True,False,0.4831460674153583,0.02000000000000455,25,97.6,86.9,-1.0713264023007945,1.0,1,-0.1426,-15,-0.0,160
2026-09-18,NIFTY,5s,210,-1,FUTURES,False,15:12:35,15:12-15:15,MODE_A,False,OPTION_LEAD,False,6,15,True,[],0,-3.842716711349429,0.8489722966934661,-4.42359249329759,55.0,0.2237,5,,,False,False,0.18518518518521845,0.6349206349206367,20,-4.567627494456768,0.08869179600886413,-5.14412416851441,50.0,0.222,,,,False,False,0.3086419753086974,0.9047619047619054,25,86.3,96.0,-0.36634470239263495,1.0,6,-0.0898,-15,-0.0,145
2026-09-18,NIFTY,5s,229,-1,OPTION,False,15:14:10,15:12-15:15,MODE_A,False,FALSE_OPTION_MOVE,False,,5,True,[],5,-0.5459508644222097,2.5022747952684257,-2.365787079162883,75.0,0.2277,15,15,,True,True,1.0,0.4826086956521749,15,0.3651300775901467,2.829758101323604,-2.053856686444546,70.0,0.2285,10,10,,True,True,1.0,0.4217391304347821,20,87.6,90.6,0.7967113665053375,1.0,,-0.0902,-5,-0.0,50
2026-09-18,NIFTY,5s,231,1,FUTURES,False,15:14:20,15:12-15:15,MODE_A,False,UNDERLYING_LEAD,False,-3,40,False,"['NOT_EARLY', 'NO_DIRECTIONAL_AGREEMENT', 'OPTION_NOT_RESPONDING']",,-2.440775305096917,0.8614501076812553,-6.819813352476668,275.0,0.2876,60,,,False,False,0.0,0.5633802816901391,45,-1.94805194805194,1.370851370851375,-6.349206349206337,270.0,0.2167,50,55,,True,False,0.0,0.38028169014084223,50,54.7,97.6,1.4554040523450587,1.0,-3,-0.2892,-40,-0.0,40
2026-09-18,NIFTY,5s,273,-1,OPTION,False,15:17:50,MODE B 15:15-15:30,MODE_B,False,UNDERLYING_LEAD,False,-8,55,False,"['WINDOW', 'NOT_EARLY', 'NO_DIRECTIONAL_AGREEMENT', 'OPTION_NOT_RESPONDING']",,-0.1796945193171634,2.9200359389038635,-1.7520215633423204,110.0,0.2699,20,30,,True,True,0.8184931506850629,0.35454545454545505,60,-0.6323396567299032,3.4778681120144483,-1.219512195121959,105.0,0.1808,15,15,,True,True,0.8184931506850629,0.254545454545453,65,35.6,34.1,0.9123879373815373,1.0,-8,-0.2711,-55,-1.2000000000007276,-170
2026-09-18,NIFTY,5s,300,-1,OPTION,False,15:20:05,MODE B 15:15-15:30,MODE_B,False,FALSE_OPTION_MOVE,False,,15,False,"['WINDOW', 'NO_DIRECTIONAL_AGREEMENT', 'OPTION_NOT_RESPONDING']",,0.7239819004524861,4.162895927601805,-0.5882352941176522,65.0,0.1812,5,10,15,True,True,0.6641221374046183,0.160173160173162,20,1.0318528488111185,3.275011215791827,-1.4356213548676613,60.0,0.1347,5,5,15,True,True,1.0,0.3290043290043297,25,45.1,0.0,1.2213778282473104,1.0,,-0.2689,-15,-0.2000000000007276,-305
2026-09-18,NIFTY,5s,301,1,OPTION,False,15:20:10,MODE B 15:15-15:30,MODE_B,False,FALSE_OPTION_MOVE,False,,0,False,"['WINDOW', 'NO_DIRECTIONAL_AGREEMENT', 'OPTION_NOT_RESPONDING']",,-2.8941355674029023,0.7616146230007615,-5.1789794364051875,240.0,0.2287,55,,,False,False,0.0,0.5517241379310368,5,-0.6182380216383395,2.241112828438953,-3.78670788253478,235.0,0.3096,45,45,50,True,False,0.0,0.0,10,29.7,0.0,4.600932087068294,0.0,,-0.3784,0,-0.0,-310
2026-09-18,NIFTY,5s,315,-1,OPTION,False,15:21:20,MODE B 15:15-15:30,MODE_B,False,UNDERLYING_LEAD,False,-11,60,False,"['WINDOW', 'NOT_EARLY', 'OPTION_NOT_RESPONDING']",,-0.40304523063144004,3.0900134348410107,-0.9404388714733644,290.0,0.314,10,15,,True,True,0.5700934579439443,0.2976744186046501,65,-0.9795191451469228,2.4933214603739957,-4.007123775601069,300.0,0.1783,10,80,,False,False,0.4205607476636658,0.43255813953488426,70,26.6,0.0,1.8415130108495006,1.0,-11,-0.2243,-60,-0.9000000000014552,-380
2026-09-18,NIFTY,5s,332,-1,OPTION,False,15:22:45,MODE B 15:15-15:30,MODE_B,False,UNDERLYING_LEAD,False,-3,55,False,"['WINDOW', 'NOT_EARLY', 'OPTION_NOT_RESPONDING']",,-0.6593406593406593,1.186813186813182,-9.45054945054945,300.0,0.2641,75,85,,False,False,0.77272727272716,0.602409638554216,60,-0.1765225066195965,1.5887025595763433,-9.664607237422775,300.0,0.2651,70,80,,False,False,0.37499999999968997,0.4939759036144599,65,33.7,26.7,1.2511778829570208,1.0,-3,-0.177,-55,-2.5500000000029104,-465
2026-09-18,NIFTY,5s,355,1,OPTION,False,15:24:40,MODE B 15:15-15:30,MODE_B,False,FALSE_OPTION_MOVE,False,,25,False,"['WINDOW', 'NO_DIRECTIONAL_AGREEMENT', 'OPTION_NOT_RESPONDING']",,-0.1578531965272319,10.734017363851626,-0.3157063930544638,15.0,0.158,20,25,105,True,True,0.9835164835163243,0.1206349206349202,30,4.574132492113563,10.646687697160894,-0.3943217665615142,10.0,0.2369,15,40,100,True,True,0.9120879120879956,0.1238095238095241,35,0.0,12.8,1.1905540169966802,1.0,,-0.1566,-25,-0.1500000000014552,-580
2026-09-18,NIFTY,5s,356,-1,OPTION,False,15:24:45,MODE B 15:15-15:30,MODE_B,False,UNDERLYING_LEAD,False,-9,50,False,"['WINDOW', 'NOT_EARLY', 'NO_DIRECTIONAL_AGREEMENT', 'OPTION_NOT_RESPONDING']",,-1.2307692307692357,-0.21978021978021978,-10.021978021978027,185.0,0.22,,,,False,False,0.4339622641501793,0.986842105263155,55,-0.8787346221441126,-0.26362038664323123,-10.06151142355009,180.0,0.264,,,,False,False,0.2264150943391046,1.0,60,8.6,19.0,2.9946007287686296,0.0,-9,-0.3088,-50,-0.3000000000029104,-585
2026-09-18,NIFTY,5s,377,1,OPTION,False,15:26:30,MODE B 15:15-15:30,MODE_B,False,SYNCHRONIZED,False,0,45,False,"['WINDOW', 'NOT_EARLY', 'NO_DIRECTIONAL_AGREEMENT', 'OPTION_NOT_RESPONDING']",,5.147615442846337,6.20741862225588,-0.3785011355034065,5.0,0.2274,20,20,20,True,True,0.7862796833775063,0.34362934362934305,50,5.155420773313103,6.368460955269148,-0.22744503411676376,5.0,0.2277,10,15,15,True,True,0.7915567282323115,0.3281853281853285,55,84.8,15.9,3.0113414157215446,1.0,0,-0.3037,-45,-0.0,-690
2026-09-18,NIFTY,5s,383,-1,OPTION,False,15:27:00,MODE B 15:15-15:30,MODE_B,False,SYNCHRONIZED,False,0,5,False,"['WINDOW', 'NO_DIRECTIONAL_AGREEMENT', 'OPTION_NOT_RESPONDING']",,-0.14137606032044436,1.837888784165884,-3.5344015080113103,50.0,0.1887,100,100,,False,False,0.0,0.435064935064935,10,-0.8941176470588261,1.694117647058821,-3.670588235294123,45.0,0.2828,95,95,,False,False,0.0,0.4610389610389595,15,79.7,97.8,4.183233064689038,0.0,0,-0.2825,-5,-0.0,-720
2026-09-18,NIFTY,5s,404,-1,OPTION,False,15:28:45,MODE B 15:15-15:30,MODE_B,False,FALSE_OPTION_MOVE,False,,15,False,"['WINDOW', 'NO_DIRECTIONAL_AGREEMENT', 'OPTION_NOT_RESPONDING']",,0.09289363678587488,0.32512772875057533,-0.8360427310729267,50.0,0.2791,,,,False,False,0.1578947368411647,0.9022222222222227,20,0.046425255338901725,0.27855153203342353,-0.8820798514391855,45.0,0.2789,,,,False,False,0.0,0.9111111111111111,25,61.1,0.0,1.2915168635507484,1.0,,-0.2311,-15,-0.049999999999272404,-825
2026-09-18,NIFTY,5s,405,1,OPTION,False,15:28:50,MODE B 15:15-15:30,MODE_B,False,UNDERLYING_LEAD,False,-9,55,False,"['WINDOW', 'NOT_EARLY']",,-0.07304601899196078,1.168736303871435,-1.095690284879474,35.0,0.2926,5,10,,True,True,0.7956204379559485,0.6434782608695633,60,-0.14492753623187582,0.36231884057971014,-1.8840579710144887,30.0,0.2903,,,,False,False,0.722627737226006,0.8347826086956541,65,7.7,0.0,5.626166286543649,0.0,-9,-0.2208,-55,-2.400000000001455,-830
2026-09-18,SENSEX,10s,21,-1,FUTURES,False,14:56:50,PRE 14:55-15:00,PRE,False,OPTION_RESPONSE_LAG,False,,60,False,"['WINDOW', 'NOT_EARLY', 'OPTION_NOT_RESPONDING']",,0.6078650291527077,3.8704875325641894,-3.6844064011909246,115.0,0.1863,20,,,False,False,0.4079221681723568,0.18476903870162262,65,0.7078107537563698,3.9736744070532724,-3.5887246988699837,110.0,0.1491,10,,,False,False,0.4044475330090495,0.16853932584269682,70,98.0,97.9,-0.12090699964486801,1.0,,-0.1988,-60,-0.0,1090
2026-09-18,SENSEX,10s,24,1,FUTURES,False,14:57:05,PRE 14:55-15:00,PRE,False,OPTION_RESPONSE_LAG,False,,5,False,"['WINDOW', 'NO_DIRECTIONAL_AGREEMENT', 'OPTION_NOT_RESPONDING']",,-0.13164193393968676,4.451890856869308,-4.63140258496889,245.0,0.0718,85,90,95,False,False,0.7464622641509956,0.020278833967045717,10,3.3741594620557187,4.803073967339097,-4.310758885686837,240.0,0.2766,75,80,90,False,False,0.7629716981131878,0.0,15,91.7,89.7,-0.7126553884962887,0.0,,-0.1198,-5,-0.0,1075
2026-09-18,SENSEX,10s,44,1,OPTION,False,14:58:45,PRE 14:55-15:00,PRE,False,SYNCHRONIZED,False,0,30,False,"['WINDOW', 'OPTION_NOT_RESPONDING']",,-2.422580276539829,-0.9256085018855014,-8.93612158610445,145.0,0.2632,,,,False,False,0.0,1.0,35,-1.0830740868763657,-0.10369858278603264,-8.18066597534278,140.0,0.2076,,,,False,False,0.0,0.991755005889281,40,80.6,56.6,0.6366413253168953,1.0,0,-0.2556,-30,-0.0,975
2026-09-18,SENSEX,10s,60,-1,BOTH,False,15:00:05,15:00-15:03,MODE_A,False,SYNCHRONIZED,False,0,50,False,"['NOT_EARLY', 'OPTION_NOT_RESPONDING']",,1.1589199852052738,3.8466280360004843,0.30822340032055234,5.0,0.1604,10,10,40,True,True,0.5280792826807066,0.444350042480885,55,0.6872008835439959,3.362375751625964,0.47858632961099246,125.0,0.1597,5,10,45,True,True,0.4322793770646145,0.5089209855565001,60,95.3,89.2,1.8037503756105637,1.0,0,-0.2599,-50,-0.0,895
2026-09-18,SENSEX,10s,77,1,BOTH,False,15:01:30,15:00-15:03,MODE_A,False,SYNCHRONIZED,False,0,15,True,[],0,0.7965686274509803,1.2377450980392184,-2.2181372549019636,245.0,0.27,20,45,,True,True,0.3314203730268703,0.5872193436960267,20,-0.04898359049718066,1.1633602743081066,-2.2899828557433315,240.0,0.2207,15,100,,False,False,0.35294117647019524,0.6148531951640774,25,96.4,90.9,0.8967157348520569,1.0,0,-0.1346,-15,-0.0,810
2026-09-18,SENSEX,10s,159,-1,FUTURES,False,15:08:20,15:06-15:09,MODE_A,False,OPTION_LEAD,False,4,60,False,"['NOT_EARLY', 'OPTION_NOT_RESPONDING', 'EXTENDED']",,0.825389444315265,2.1855382469193154,-2.348291095094169,295.0,0.2561,10,25,50,True,True,0.5615258408530419,0.42191780821917746,65,1.0440835266821344,1.9721577726218096,-2.5522041763341066,290.0,0.1161,20,20,,True,True,0.49999999999988065,0.4876712328767111,70,95.3,92.5,0.5257896360012696,1.0,4,-0.2091,-60,-0.0,400
2026-09-18,SENSEX,10s,173,1,FUTURES,False,15:09:30,15:09-15:12,MODE_A,False,SYNCHRONIZED,False,0,20,True,[],5,0.8583124257229633,2.0071305955367813,-2.205202693780527,190.0,0.2644,90,110,,False,False,0.09661835748795893,0.48725637181409265,30,1.8089917531258344,2.753391859537117,-1.4897579143389108,185.0,0.2397,25,85,105,False,False,0.26328502415431315,0.3253373313343333,35,94.4,95.0,1.19502383826716,1.0,0,-0.214,-20,-0.0,330
2026-09-18,SENSEX,10s,218,1,OPTION,False,15:13:15,15:12-15:15,MODE_A,False,SYNCHRONIZED,False,2,25,True,[],0,-0.723233888673629,-0.477850962159361,-5.566317964613187,295.0,0.2327,,,,False,False,0.2283372365338956,1.0,30,-0.5698005698005816,-0.2849002849002908,-5.309505309505309,290.0,0.2074,,,,False,False,0.28571428571379887,1.0,35,81.3,72.8,0.7417646998790794,1.0,2,-0.2472,-25,-0.0,105
2026-09-18,SENSEX,10s,303,-1,BOTH,False,15:20:20,MODE B 15:15-15:30,MODE_B,False,SYNCHRONIZED,False,-2,35,False,"['WINDOW', 'NOT_EARLY', 'OPTION_NOT_RESPONDING']",,-1.511681172698127,0.836005497022441,-2.9088410444342747,255.0,0.2523,10,,,False,False,0.34649122807017546,0.712,40,-0.09101251422070017,0.17064846416382254,-3.5494880546075134,250.0,0.2734,,,,False,False,0.14824561403529196,0.8943999999999979,45,93.2,95.0,0.3392646176765435,1.0,-2,-0.2975,-35,-0.0,-320
2026-09-18,SENSEX,10s,312,1,FUTURES,False,15:21:05,MODE B 15:15-15:30,MODE_B,False,UNDERLYING_LEAD,False,-4,25,False,"['WINDOW', 'OPTION_NOT_RESPONDING']",,-2.5521111704970636,-0.1870657402458548,-3.9818278995189678,185.0,0.2274,,,,False,False,0.008466603950754223,0.9863945578231262,30,-2.617171852049676,-1.2685271731873413,-4.0459340365869885,180.0,0.254,,,,False,False,0.0,1.0,35,96.0,74.9,1.0117072581995272,1.0,-4,-0.2431,-25,-0.0,-365
2026-09-18,SENSEX,10s,382,1,OPTION,False,15:26:55,MODE B 15:15-15:30,MODE_B,False,SYNCHRONIZED,False,0,45,False,"['WINDOW', 'NOT_EARLY', 'NO_DIRECTIONAL_AGREEMENT', 'OPTION_NOT_RESPONDING']",,-0.24170807036391406,2.4976500604270053,-0.5774137236471154,180.0,0.2151,5,30,55,True,True,0.635979729729819,0.4999999999999986,50,-0.22642514651037984,1.6648907831646247,-1.3851891315929645,175.0,0.2267,25,50,,True,True,0.5861486486485266,0.6490147783251233,55,85.2,57.3,0.7063486653355904,1.0,0,-0.2401,-45,-0.0,-715
2026-09-18,SENSEX,5s,21,-1,FUTURES,False,14:56:50,PRE 14:55-15:00,PRE,False,OPTION_RESPONSE_LAG,False,,60,False,"['WINDOW', 'NOT_EARLY', 'OPTION_NOT_RESPONDING']",,0.6078650291527077,3.8704875325641894,-3.6844064011909246,115.0,0.1863,20,,,False,False,0.4079221681723568,0.18476903870162262,65,0.7078107537563698,3.9736744070532724,-3.5887246988699837,110.0,0.1491,10,,,False,False,0.4044475330090495,0.16853932584269682,70,98.0,97.9,-0.12090699964486801,1.0,,-0.1988,-60,-0.0,1090
2026-09-18,SENSEX,5s,24,1,FUTURES,False,14:57:05,PRE 14:55-15:00,PRE,False,OPTION_RESPONSE_LAG,False,,5,False,"['WINDOW', 'NO_DIRECTIONAL_AGREEMENT', 'OPTION_NOT_RESPONDING']",,-0.13164193393968676,4.451890856869308,-4.63140258496889,245.0,0.0718,85,90,95,False,False,0.7464622641509956,0.020278833967045717,10,3.3741594620557187,4.803073967339097,-4.310758885686837,240.0,0.2766,75,80,90,False,False,0.7629716981131878,0.0,15,91.7,89.7,-0.7126553884962887,0.0,,-0.1198,-5,-0.0,1075
2026-09-18,SENSEX,5s,45,1,FUTURES,False,14:58:50,PRE 14:55-15:00,PRE,False,SYNCHRONIZED,False,0,35,False,"['WINDOW', 'NOT_EARLY', 'NO_DIRECTIONAL_AGREEMENT', 'OPTION_NOT_RESPONDING']",,-1.0830740868763657,-0.10369858278603264,-8.18066597534278,140.0,0.2076,,,,False,False,0.0,0.991755005889281,40,-4.187817258883244,0.023073373327185683,-8.06414397784956,135.0,0.3004,,,,False,False,0.028571428571442146,0.9564193168433446,45,99.0,93.1,0.17955898321985697,1.0,0,-0.2632,-35,-0.0,970
2026-09-18,SENSEX,5s,60,-1,BOTH,False,15:00:05,15:00-15:03,MODE_A,False,SYNCHRONIZED,False,0,50,False,"['NOT_EARLY', 'OPTION_NOT_RESPONDING']",,1.1589199852052738,3.8466280360004843,0.30822340032055234,5.0,0.1604,10,10,40,True,True,0.5280792826807066,0.444350042480885,55,0.6872008835439959,3.362375751625964,0.47858632961099246,125.0,0.1597,5,10,45,True,True,0.4322793770646145,0.5089209855565001,60,95.3,89.2,1.8037503756105637,1.0,0,-0.2599,-50,-0.0,895
2026-09-18,SENSEX,5s,77,1,FUTURES,False,15:01:30,15:00-15:03,MODE_A,False,SYNCHRONIZED,False,0,15,True,[],0,0.7965686274509803,1.2377450980392184,-2.2181372549019636,245.0,0.27,20,45,,True,True,0.3314203730268703,0.5872193436960267,20,-0.04898359049718066,1.1633602743081066,-2.2899828557433315,240.0,0.2207,15,100,,False,False,0.35294117647019524,0.6148531951640774,25,96.4,90.9,0.8967157348520569,1.0,0,-0.1346,-15,-0.0,810
2026-09-18,SENSEX,5s,159,-1,FUTURES,False,15:08:20,15:06-15:09,MODE_A,False,OPTION_LEAD,False,4,60,False,"['NOT_EARLY', 'OPTION_NOT_RESPONDING', 'EXTENDED']",,0.825389444315265,2.1855382469193154,-2.348291095094169,295.0,0.2561,10,25,50,True,True,0.5615258408530419,0.42191780821917746,65,1.0440835266821344,1.9721577726218096,-2.5522041763341066,290.0,0.1161,20,20,,True,True,0.49999999999988065,0.4876712328767111,70,95.3,92.5,0.5257896360012696,1.0,4,-0.2091,-60,-0.0,400
2026-09-18,SENSEX,5s,173,1,FUTURES,False,15:09:30,15:09-15:12,MODE_A,False,SYNCHRONIZED,False,0,20,True,[],5,0.8583124257229633,2.0071305955367813,-2.205202693780527,190.0,0.2644,90,110,,False,False,0.09661835748795893,0.48725637181409265,30,1.8089917531258344,2.753391859537117,-1.4897579143389108,185.0,0.2397,25,85,105,False,False,0.26328502415431315,0.3253373313343333,35,94.4,95.0,1.19502383826716,1.0,0,-0.214,-20,-0.0,330
2026-09-18,SENSEX,5s,303,-1,BOTH,False,15:20:20,MODE B 15:15-15:30,MODE_B,False,SYNCHRONIZED,False,-2,35,False,"['WINDOW', 'NOT_EARLY', 'OPTION_NOT_RESPONDING']",,-1.511681172698127,0.836005497022441,-2.9088410444342747,255.0,0.2523,10,,,False,False,0.34649122807017546,0.712,40,-0.09101251422070017,0.17064846416382254,-3.5494880546075134,250.0,0.2734,,,,False,False,0.14824561403529196,0.8943999999999979,45,93.2,95.0,0.3392646176765435,1.0,-2,-0.2975,-35,-0.0,-320
2026-09-18,SENSEX,5s,312,1,FUTURES,False,15:21:05,MODE B 15:15-15:30,MODE_B,False,UNDERLYING_LEAD,False,-4,25,False,"['WINDOW', 'OPTION_NOT_RESPONDING']",,-2.5521111704970636,-0.1870657402458548,-3.9818278995189678,185.0,0.2274,,,,False,False,0.008466603950754223,0.9863945578231262,30,-2.617171852049676,-1.2685271731873413,-4.0459340365869885,180.0,0.254,,,,False,False,0.0,1.0,35,96.0,74.9,1.0117072581995272,1.0,-4,-0.2431,-25,-0.0,-365
2026-09-18,SENSEX,5s,377,1,OPTION,False,15:26:30,MODE B 15:15-15:30,MODE_B,False,SYNCHRONIZED,False,0,40,False,"['WINDOW', 'NOT_EARLY', 'NO_DIRECTIONAL_AGREEMENT', 'OPTION_NOT_RESPONDING']",,2.630151843817784,3.4842733188720083,-0.25759219088936786,5.0,0.2307,20,20,55,True,True,0.7387017255542849,0.3238916256157628,45,2.6894865525672307,3.6810649280086807,0.013583265416993893,5.0,0.0679,15,15,45,True,True,0.7674609695970102,0.304187192118227,50,81.5,79.8,1.5477930886427864,1.0,0,-0.1225,-40,-0.0,-690
2026-09-18,SENSEX,5s,392,1,FUTURES,False,15:27:45,MODE B 15:15-15:30,MODE_B,False,SYNCHRONIZED,False,0,60,False,"['WINDOW', 'NOT_EARLY', 'OPTION_NOT_RESPONDING']",,-2.1727679747168818,0.5135633394785327,-2.501975243613379,130.0,0.2769,5,,,False,False,0.07817589576556908,0.7845303867403314,65,-0.5881584106652725,-0.26140373807345446,-3.2283361652071685,125.0,0.2355,,,,False,False,0.0,1.0,70,91.8,89.4,0.05219871461514697,1.0,0,-0.2108,-60,-0.0,-765
2026-09-18,NIFTY,CURRENT_12A,16,-1,FUTURES_LAST_TRADE,False,14:56:25,PRE 14:55-15:00,PRE,False,UNDERLYING_LEAD,False,-8,60,False,"['WINDOW', 'NOT_EARLY', 'OPTION_NOT_RESPONDING']",,0.6549118387909377,6.851385390428209,-4.030226700251889,140.0,0.2522,35,35,45,True,True,0.6494117647058482,0.09324758842443667,65,0.8020050125313255,6.315789473684208,-4.511278195488721,135.0,0.2509,30,30,40,True,False,0.6329411764706224,0.15755627009646248,70,91.2,0.0,-1.253398889537818,0.0,-8,-0.1512,-60,-1.5,1115
2026-09-18,NIFTY,CURRENT_12A,29,-1,FUTURES_LAST_TRADE,False,14:57:30,PRE 14:55-15:00,PRE,False,SYNCHRONIZED,False,2,30,False,"['WINDOW', 'NO_DIRECTIONAL_AGREEMENT', 'OPTION_NOT_RESPONDING']",,-0.5408062930186796,4.27728613569321,-6.342182890855459,75.0,0.1969,,,,False,False,0.6744966442953519,0.39802631578947284,35,-0.14792899408284582,4.585798816568039,-6.065088757396455,70.0,0.2469,,,,False,False,0.5067114093959986,0.3552631578947375,40,4.7,0.0,0.8354111389767345,0.0,2,-0.1971,-30,-0.0,1050
2026-09-18,NIFTY,CURRENT_12A,63,-1,FUTURES_LAST_TRADE,False,15:00:20,15:00-15:03,MODE_A,False,UNDERLYING_LEAD,False,-7,55,False,"['NOT_EARLY', 'OPTION_NOT_RESPONDING']",,0.0,3.1614785992217898,-1.118677042801548,10.0,0.146,25,25,50,True,False,0.34560327198356217,0.6358839050131921,60,-0.48402710551790895,2.6621490803484993,-1.5972894482090914,5.0,0.1938,20,25,45,True,False,0.39183673469381813,0.6860158311345651,65,75.0,0.0,-0.08935068797198964,1.0,-7,-0.1462,-55,-0.4500000000007276,880
2026-09-18,NIFTY,CURRENT_12A,75,-1,FUTURES_LAST_TRADE,False,15:01:20,15:00-15:03,MODE_A,False,UNDERLYING_LEAD,False,-3,60,False,"['NOT_EARLY', 'NO_DIRECTIONAL_AGREEMENT', 'OPTION_NOT_RESPONDING']",,-2.9342167534311487,0.37860861334594553,-4.117368670137254,295.0,0.2369,,,,False,False,0.19157088122606433,0.8474576271186446,65,-0.3885381253035509,3.0111704711024716,-1.6027197668771302,290.0,0.1458,5,20,,True,True,0.23371647509574273,0.2485875706214678,70,68.8,0.0,-1.7213676667053723,1.0,-3,-0.2357,-60,-0.10000000000218279,820
2026-09-18,NIFTY,CURRENT_12A,87,-1,FUTURES_LAST_TRADE,False,15:02:20,15:00-15:03,MODE_A,False,SYNCHRONIZED,True,1,25,False,['NO_DIRECTIONAL_AGREEMENT'],,-0.04833252779120073,2.5132914451425754,-2.078298695021755,235.0,0.1935,10,,,False,False,1.0,0.20833333333333284,30,-2.25636101776285,1.824291886701864,-2.7364378300528167,230.0,0.2885,,,,False,False,0.8921568627445735,0.38888888888888956,35,63.6,0.0,-1.032206500823899,0.0,1,-0.2918,-25,-1.5,760
2026-09-18,NIFTY,CURRENT_12A,174,-1,FUTURES_LAST_TRADE,False,15:09:35,15:09-15:12,MODE_A,False,SYNCHRONIZED,True,-2,60,False,"['NOT_EARLY', 'NO_DIRECTIONAL_AGREEMENT', 'OPTION_NOT_RESPONDING']",,0.9455200360198084,2.0261143628995946,-3.6920306168392565,235.0,0.2705,5,5,60,True,True,0.6296296296296297,0.0,65,-0.5775211017325558,0.6663705019991115,-4.9755664149266945,230.0,0.2224,55,,,False,False,0.6148148148150304,0.5638297872340418,70,49.1,49.8,-0.7975630288664528,0.0,-2,-0.2232,-60,-0.9000000000014552,325
2026-09-18,NIFTY,CURRENT_12A,401,1,FUTURES_LAST_TRADE,False,15:28:30,MODE B 15:15-15:30,MODE_B,False,SYNCHRONIZED,True,-1,55,False,"['WINDOW', 'NOT_EARLY', 'NO_DIRECTIONAL_AGREEMENT', 'OPTION_NOT_RESPONDING']",,-0.7215007215007215,-0.07215007215006805,-4.184704184704172,10.0,0.289,,,,False,False,0.4069767441861154,0.6315789473684226,60,-3.7681159420289774,0.36231884057971014,-3.7681159420289774,5.0,0.2903,,,,False,False,0.5755813953485962,0.0,65,42.4,41.9,-0.0002067311667907079,0.0,-1,-0.2882,-55,-0.0,-810
2026-09-18,SENSEX,CURRENT_12A,36,-1,FUTURES_LAST_TRADE,False,14:58:05,PRE 14:55-15:00,PRE,False,NO_CLEAR_ONSET,False,,0,False,"['WINDOW', 'OPTION_NOT_RESPONDING']",,-1.9535569480280106,2.8750460744563187,-4.607445632141541,40.0,0.1475,,,,False,False,0.7601998334722733,0.15410958904109565,5,-2.936478682884873,2.8750460744563187,-4.607445632141541,35.0,0.2337,,,,False,False,0.7385512073275942,0.14212328767123578,10,45.8,0.0,-0.12350353283798879,0.0,,-0.1731,0,-0.0,1015
2026-09-18,SENSEX,CURRENT_12A,174,-1,FUTURES_LAST_TRADE,False,15:09:35,15:09-15:12,MODE_A,False,SYNCHRONIZED,True,0,50,False,"['NOT_EARLY', 'OPTION_NOT_RESPONDING', 'EXTENDED']",,0.33564814814814553,1.3773148148148122,-2.7777777777777777,220.0,0.2201,25,40,,True,True,0.8983333333328499,0.0,55,-0.12637867647059084,0.6318933823529412,-3.4926470588235268,215.0,0.2531,35,,,False,False,0.5533333333339607,0.31140350877192646,60,97.9,0.0,-0.2937086842647183,0.0,0,-0.2533,-50,-23.04999999998836,325
2026-09-18,SENSEX,CURRENT_12A,186,-1,FUTURES_LAST_TRADE,False,15:10:35,15:09-15:12,MODE_A,False,OPTION_RESPONSE_LAG,False,,55,False,"['NOT_EARLY', 'OPTION_NOT_RESPONDING', 'EXTENDED']",,-1.7319963536918919,-0.19371011850501885,-5.082041932543302,285.0,0.1939,,,,False,False,0.22448979591999824,0.9716312056737605,60,-1.4280818005255342,0.06854792642522824,-4.8326288129784025,280.0,0.08,,,,False,False,0.2393320964752822,0.8439716312056789,65,41.1,56.8,0.366862001124015,1.0,,-0.1941,-55,-0.35000000000582077,265
2026-09-18,SENSEX,CURRENT_12A,324,-1,FUTURES_LAST_TRADE,False,15:22:05,MODE B 15:15-15:30,MODE_B,False,OPTION_RESPONSE_LAG,False,,50,False,"['WINDOW', 'NOT_EARLY', 'NO_DIRECTIONAL_AGREEMENT', 'OPTION_NOT_RESPONDING']",,-0.23367215796237878,1.6357051057366516,-4.837013669821238,285.0,0.2339,35,55,,True,True,0.7330873308731273,0.22194513715710434,55,-0.0467344315924731,1.6357051057366516,-4.837013669821238,280.0,0.2339,30,50,,True,True,0.773677736777765,0.22194513715710434,60,80.7,0.0,-1.1741735992194267,0.0,,-0.1165,-50,-7.600000000005821,-425
2026-09-18,SENSEX,CURRENT_12A,336,-1,FUTURES_LAST_TRADE,False,15:23:05,MODE B 15:15-15:30,MODE_B,False,NO_CLEAR_ONSET,False,,50,False,"['WINDOW', 'NOT_EARLY', 'NO_DIRECTIONAL_AGREEMENT', 'OPTION_NOT_RESPONDING']",,-0.7167630057803521,0.5664739884393037,-6.76300578034682,285.0,0.1967,65,,,False,False,0.4260731319551421,0.5929487179487171,55,-0.6938020351526365,0.5897317298797436,-6.7414431082331125,280.0,0.0578,60,,,False,False,0.3767885532591871,0.6185897435897413,60,57.0,58.9,0.48126029323793046,1.0,,-0.0692,-50,-0.15000000000873115,-485
2026-09-18,SENSEX,CURRENT_12A,348,-1,FUTURES_LAST_TRADE,False,15:24:05,MODE B 15:15-15:30,MODE_B,False,NO_CLEAR_ONSET,False,,35,False,"['WINDOW', 'NOT_EARLY', 'OPTION_NOT_RESPONDING']",,-1.5357967667436438,0.450346420323323,-6.87066974595843,225.0,0.0346,,,,False,False,0.28010471204100723,0.5654205607476676,40,-1.8597175984387606,-0.34439214785902883,-7.415910917231089,220.0,0.1379,,,,False,False,0.0,1.0,45,7.3,30.9,0.17943935003983127,1.0,,-0.3004,-35,-0.5749999999970896,-545
2026-09-18,SENSEX,CURRENT_12A,392,1,FUTURES_LAST_TRADE,False,15:27:45,MODE B 15:15-15:30,MODE_B,False,SYNCHRONIZED,False,0,60,False,"['WINDOW', 'NOT_EARLY', 'OPTION_NOT_RESPONDING']",,-2.1727679747168818,0.5135633394785327,-2.501975243613379,130.0,0.2769,5,,,False,False,0.07817589576556908,0.7845303867403314,65,-0.5881584106652725,-0.26140373807345446,-3.2283361652071685,125.0,0.2355,,,,False,False,0.0,1.0,70,91.8,89.4,0.05219871461514697,1.0,0,-0.2108,-60,-0.0,-765
2026-09-17,NIFTY,RANDOM,180,1,RANDOM,False,15:10:05,15:09-15:12,MODE_A,False,SYNCHRONIZED,True,-1,30,True,[],10,-0.12875536480687183,6.351931330472108,-1.7596566523605126,105.0,0.2148,10,,,False,False,0.7148288973381579,0.19414893617021295,45,0.08576329331047045,6.260720411663819,-1.84391080617495,100.0,0.2146,5,,,False,False,0.5703422053231308,0.20478723404255275,50,27.3,0.0,-0.3464374801688697,0.0,-1,-0.087,-30,-1.2999999999992724,295
2026-09-17,NIFTY,RANDOM,127,-1,RANDOM,False,15:05:40,15:03-15:06,MODE_A,False,FALSE_OPTION_MOVE,False,,10,True,[],0,-1.0130856901646288,-0.2532714225411542,-5.192064162093716,85.0,0.169,,,,False,False,0.8358208955227122,1.0,15,-1.4887282007656317,0.5104210974053667,-4.466184602296895,80.0,0.2129,,,,False,False,0.8358208955227122,0.49230769230769056,20,40.9,0.0,-0.3064561274158376,1.0,,-0.2109,-10,-0.0,560
2026-09-17,NIFTY,RANDOM,227,-1,RANDOM,False,15:14:00,15:12-15:15,MODE_A,False,FALSE_OPTION_MOVE,False,,10,True,[],5,-1.836466987319628,-1.2680367293397365,-7.7393965894184475,160.0,0.3065,,,,False,False,0.8222222222215755,1.0,20,-0.7515473032714363,-0.17683465959327024,-6.719717064544646,155.0,0.177,,,,False,False,0.6888888888885655,1.0,25,54.5,32.2,-0.26496383102063753,1.0,,-0.2641,-10,-0.0,60
2026-09-17,NIFTY,RANDOM,194,-1,RANDOM,False,15:11:15,15:09-15:12,MODE_A,False,OPTION_LEAD,False,3,50,False,"['NOT_EARLY', 'OPTION_NOT_RESPONDING']",,-0.12647554806070108,1.2647554806070826,-8.516020236087684,200.0,0.1688,35,40,,True,True,0.8231707317072441,0.6201117318435755,55,-0.3369839932603249,1.1794439764111133,-9.435551811288965,300.0,0.2108,30,35,,True,True,0.6402439024389676,0.6368715083798889,60,54.1,0.0,-0.19152796031307864,1.0,3,-0.2537,-50,-1.2000000000007276,225
2026-09-17,NIFTY,RANDOM,229,-1,RANDOM,False,15:14:10,15:12-15:15,MODE_A,False,FALSE_OPTION_MOVE,False,,20,False,"['NO_DIRECTIONAL_AGREEMENT', 'OPTION_NOT_RESPONDING']",,-0.7515473032714363,-0.17683465959327024,-6.719717064544646,155.0,0.177,,,,False,False,0.6888888888885655,1.0,25,-2.844444444444447,0.3555555555555606,-6.222222222222222,150.0,0.2225,,,,False,False,0.0,0.45238095238094816,30,45.0,0.0,-2.1676195883225597,1.0,,-0.3065,-20,-1.5999999999985448,50
2026-09-17,NIFTY,RANDOM,148,-1,RANDOM,False,15:07:25,15:06-15:09,MODE_A,False,FALSE_OPTION_MOVE,False,,5,False,"['NO_DIRECTIONAL_AGREEMENT', 'OPTION_NOT_RESPONDING']",,0.5704256252742356,5.397103992979369,-0.30715225976306143,70.0,0.2636,10,20,35,True,True,0.9926470588236356,0.17419354838709605,10,0.39421813403415557,5.212439772229512,-0.4818221638195457,65.0,0.1315,5,15,30,True,True,1.0,0.20967741935483872,15,8.9,12.1,0.284567320149784,1.0,,-0.2627,-5,-0.0,455
2026-09-17,NIFTY,RANDOM,95,1,RANDOM,False,15:03:00,15:03-15:06,MODE_A,False,OPTION_LEAD,False,4,55,False,['NOT_EARLY'],,-0.2181500872600349,2.2687609075043706,-2.6614310645724233,115.0,0.2184,5,5,,True,True,0.658402203856937,0.40721649484536016,60,-1.6344086021505426,0.8172043010752713,-4.043010752688175,110.0,0.2584,,,,False,False,0.5454545454545819,0.7422680412371131,65,46.2,0.0,-0.8033566027910142,1.0,4,-0.1737,-55,-1.4000000000014552,720
2026-09-17,NIFTY,RANDOM,156,-1,RANDOM,False,15:08:05,15:06-15:09,MODE_A,False,OPTION_LEAD,False,5,20,False,"['NO_DIRECTIONAL_AGREEMENT', 'OPTION_NOT_RESPONDING']",,-0.8985879332477511,2.7813436029097134,-2.7813436029097134,30.0,0.2571,115,115,,False,False,0.6808510638298366,0.5483870967741935,25,0.3466204506065784,4.072790294627373,-1.5597920277296458,25.0,0.0867,5,75,110,False,False,0.7606382978723775,0.3741935483870957,30,84.7,0.0,2.0085146703078354,1.0,5,-0.1709,-20,-2.9499999999970896,415
2026-09-17,NIFTY,RANDOM,61,1,RANDOM,False,15:00:10,15:00-15:03,MODE_A,False,NO_CLEAR_ONSET,False,,0,False,"['NO_DIRECTIONAL_AGREEMENT', 'OPTION_NOT_RESPONDING']",,0.49909255898366345,5.217785843920145,-1.451905626134309,5.0,0.2271,20,25,30,True,False,1.0,0.0,5,1.745521359669275,6.522737712448332,0.551217271474514,5.0,0.2299,5,10,20,True,True,1.0,0.0,10,88.0,0.0,0.42399226278884505,0.0,,-0.227,0,-0.0,890
2026-09-17,NIFTY,RANDOM,154,-1,RANDOM,False,15:07:55,15:06-15:09,MODE_A,False,OPTION_LEAD,False,5,10,True,[],0,1.1678200692041598,3.8927335640138407,-1.7301038062283738,40.0,0.1732,5,5,,True,True,0.3617021276596733,0.3935483870967738,15,-0.5121638924455898,2.5181391378574376,-3.0303030303030396,35.0,0.1709,120,,,False,False,0.6755319148933576,0.5935483870967735,20,97.4,92.6,-0.9831014876114891,1.0,5,-0.215,-10,-0.0,425
2026-09-17,NIFTY,RANDOM,182,-1,RANDOM,False,15:10:15,15:09-15:12,MODE_A,False,SYNCHRONIZED,False,2,55,False,"['NOT_EARLY', 'NO_DIRECTIONAL_AGREEMENT', 'OPTION_NOT_RESPONDING']",,-0.3417343015805139,2.6057240495514713,-7.304570696283637,260.0,0.2566,35,60,100,True,False,0.969230769231217,0.418502202643172,60,-1.026957637997423,2.7813436029097134,-7.145913564398796,255.0,0.1713,30,50,90,True,False,1.0,0.392070484581497,65,62.8,0.0,-0.1526866893958604,0.0,2,-0.3001,-55,-3.9500000000007276,285
2026-09-17,NIFTY,RANDOM,129,-1,RANDOM,False,15:05:50,15:03-15:06,MODE_A,False,FALSE_OPTION_MOVE,True,,20,False,"['NO_DIRECTIONAL_AGREEMENT', 'OPTION_NOT_RESPONDING']",,-1.5306122448979569,0.4676870748299417,-4.506802721088434,75.0,0.2128,,,,False,False,0.8656716417909152,0.5230769230769196,25,-1.9889970376639934,0.0,-4.951333051206101,70.0,0.1694,,,,False,False,0.9104477611943054,0.8769230769230751,30,14.6,0.0,-0.6339318836561844,0.0,,-0.2129,-20,-0.2000000000007276,550
2026-09-17,NIFTY,RANDOM,223,1,RANDOM,False,15:13:40,15:12-15:15,MODE_A,False,SYNCHRONIZED,False,0,40,False,"['NOT_EARLY', 'NO_DIRECTIONAL_AGREEMENT', 'OPTION_NOT_RESPONDING']",,-0.0416666666666643,3.250000000000005,-0.9583333333333381,80.0,0.1251,35,45,50,True,True,0.5958188153310202,0.4486301369863004,45,1.4613778705636742,3.4655532359081467,-0.7515657620041801,75.0,0.209,30,40,45,True,True,0.5470383275260865,0.4075342465753418,50,16.7,0.0,-0.8119553684151306,0.0,0,-0.209,-40,-0.7000000000007276,80
2026-09-17,NIFTY,RANDOM,176,1,RANDOM,False,15:09:45,15:09-15:12,MODE_A,False,SYNCHRONIZED,False,-1,10,True,[],0,-0.1730852444829103,7.226308957161409,-0.9519688446559881,135.0,0.26,25,40,,True,True,0.8441064638783996,0.09042553191489447,15,-0.7349762213575517,7.133592736705577,-1.037613488975359,130.0,0.1731,20,35,,True,True,0.7832699619770443,0.10638297872340419,20,88.4,52.5,0.741867374093215,1.0,-1,-0.2599,-10,-0.0,315
2026-09-17,NIFTY,RANDOM,212,-1,RANDOM,False,15:12:45,15:12-15:15,MODE_A,False,OPTION_RESPONSE_LAG,False,,5,False,['OPTION_NOT_RESPONDING'],,-3.870967741935484,0.5161290322580596,-9.247311827956988,240.0,0.2153,10,,,False,False,0.339285714284763,0.5,10,-3.6637931034482754,0.7327586206896503,-9.051724137931034,235.0,0.2157,5,,,False,False,0.3214285714291747,0.35294117647058726,15,85.4,96.8,0.725649968192871,0.0,,-0.1301,-5,-0.0,135
2026-09-17,NIFTY,RANDOM,117,-1,RANDOM,False,15:04:50,15:03-15:06,MODE_A,False,SYNCHRONIZED,False,1,20,False,['NO_DIRECTIONAL_AGREEMENT'],,1.0416666666666665,1.0416666666666665,-6.416666666666669,135.0,0.2503,5,5,,True,True,0.03759398496239779,0.6789473684210514,25,-0.6995884773662505,-0.6995884773662505,-7.572016460905353,130.0,0.206,,,,False,False,0.5864661654136243,1.0,30,22.6,6.3,0.2722069715874982,1.0,1,-0.2504,-20,-0.0,610
2026-09-17,NIFTY,RANDOM,201,1,RANDOM,False,15:11:50,15:09-15:12,MODE_A,False,NO_CLEAR_ONSET,False,,45,False,"['NOT_EARLY', 'NO_DIRECTIONAL_AGREEMENT', 'OPTION_NOT_RESPONDING']",,0.30408340573415166,7.645525629887065,-0.5647263249348319,10.0,0.261,20,30,45,True,True,1.0,0.0,50,-1.037613488975359,7.133592736705577,-1.037613488975359,5.0,0.1731,25,25,45,True,False,1.0,0.020408163265305784,55,40.8,0.0,-0.38815828528602314,0.0,,-0.3034,-45,-1.5499999999992724,190
2026-09-17,NIFTY,RANDOM,59,1,RANDOM,False,15:00:00,15:00-15:03,MODE_A,False,NO_CLEAR_ONSET,False,,0,False,"['NO_DIRECTIONAL_AGREEMENT', 'OPTION_NOT_RESPONDING']",,-0.5424954792043348,4.837251356238706,-1.8083182640144666,15.0,0.181,35,40,45,True,False,1.0,0.0,5,-0.2721088435374124,5.1700680272108865,-1.4965986394557875,10.0,0.227,25,30,35,True,False,1.0,0.0,10,39.2,0.0,-0.823364515670287,0.0,,-0.1796,0,-0.0,900
2026-09-17,NIFTY,RANDOM,218,1,RANDOM,False,15:13:15,15:12-15:15,MODE_A,False,SYNCHRONIZED,False,0,55,False,['NOT_EARLY'],,-0.04182350480970068,3.6386449184441725,-0.5855290673358451,105.0,0.2513,5,60,75,True,True,0.5973333333333721,0.42405063291139317,60,-1.078390709249272,2.7789299046039058,-1.41020323517213,100.0,0.2492,65,70,70,False,False,0.43733333333337215,0.5506329113924058,65,16.7,0.0,-0.10626992561105207,1.0,0,-0.1699,-55,-0.4500000000007276,105
2026-09-17,NIFTY,RANDOM,96,-1,RANDOM,False,15:03:05,15:03-15:06,MODE_A,False,NO_CLEAR_ONSET,False,,10,False,"['NO_DIRECTIONAL_AGREEMENT', 'OPTION_NOT_RESPONDING']",,0.9883970777825576,4.21143102707349,-3.4808766652342045,240.0,0.2151,10,25,90,True,True,1.0,0.0,15,0.7286755250750058,3.943420488641229,-3.7291041577368267,235.0,0.3005,5,20,90,True,True,1.0,0.0,20,42.9,0.0,0.12623812639606996,1.0,,-0.2534,-10,-0.6499999999978172,715
2026-09-17,NIFTY,RANDOM,171,1,RANDOM,False,15:09:20,15:09-15:12,MODE_A,False,FALSE_OPTION_MOVE,False,,35,False,"['NOT_EARLY', 'NO_DIRECTIONAL_AGREEMENT', 'OPTION_NOT_RESPONDING']",,-0.9922346850733439,4.227782571182046,-1.2510785159620386,10.0,0.2159,50,65,,False,False,0.9180327868852264,0.27208480565371174,40,-0.47826086956521496,5.39130434782609,-0.47826086956521496,5.0,0.2176,40,45,60,True,True,1.0,0.13666666666666744,45,14.6,45.0,-0.2567390930058707,0.0,,-0.2146,-35,-0.0,340
2026-09-17,NIFTY,RANDOM,153,-1,RANDOM,False,15:07:50,15:06-15:09,MODE_A,False,OPTION_LEAD,False,5,5,True,[],0,0.47250859106528964,3.1786941580755914,-2.4054982817869512,45.0,0.215,95,,,False,False,0.3617021276596733,0.49354838709677457,10,1.1678200692041598,3.8927335640138407,-1.7301038062283738,40.0,0.1732,5,5,,True,True,0.3617021276596733,0.3935483870967738,15,87.1,97.5,1.5245073273155323,1.0,5,-0.1723,-5,-0.0,430
2026-09-17,NIFTY,RANDOM,100,1,RANDOM,False,15:03:25,15:03-15:06,MODE_A,False,SYNCHRONIZED,False,0,55,False,"['NOT_EARLY', 'NO_DIRECTIONAL_AGREEMENT', 'OPTION_NOT_RESPONDING']",,-0.3442340791738431,0.8605851979345954,-4.001721170395874,90.0,0.2585,,,,False,False,0.5344827586208122,0.6790123456790128,60,-0.08695652173912549,1.9130434782608718,-3.000000000000002,85.0,0.2176,25,,,False,False,0.5517241379311137,0.38888888888888984,65,29.1,12.4,0.021570295101785368,0.0,0,-0.2157,-55,-0.2000000000007276,695
2026-09-17,NIFTY,RANDOM,145,1,RANDOM,False,15:07:10,15:06-15:09,MODE_A,False,SYNCHRONIZED,False,0,40,False,"['NOT_EARLY', 'NO_DIRECTIONAL_AGREEMENT', 'OPTION_NOT_RESPONDING', 'EXTENDED']",,-0.4269854824935952,0.38428693424423815,-2.9888983774551665,50.0,0.2137,,,,False,False,0.2910052910051566,0.8116883116883099,45,-0.38445108927808874,0.42716787697565145,-2.9474583511319974,45.0,0.2566,,,,False,False,0.27513227513237903,0.7922077922077934,50,70.5,59.8,-0.003119684767865172,1.0,0,-0.2556,-40,-0.0,470
2026-09-17,NIFTY,RANDOM,112,1,RANDOM,False,15:04:25,15:03-15:06,MODE_A,False,FALSE_OPTION_MOVE,False,,60,False,"['NOT_EARLY', 'NO_DIRECTIONAL_AGREEMENT', 'OPTION_NOT_RESPONDING']",,-1.639344262295087,1.1216566005176851,-3.7532355478861157,30.0,0.0863,,,,False,False,0.618811881187985,0.47368421052631476,65,-0.5669428696031449,2.224160488443085,-2.7038813781072903,25.0,0.262,,,,False,False,0.7376237623761502,0.0,70,82.1,82.3,-0.9130434782608671,1.0,,-0.2585,-60,-2.650000000001455,635
2026-09-17,NIFTY,RANDOM,74,1,RANDOM,False,15:01:15,15:00-15:03,MODE_A,False,OPTION_LEAD,False,3,45,False,"['NOT_EARLY', 'OPTION_NOT_RESPONDING']",,-0.6581834137779727,1.755155770074594,-2.106186924089518,220.0,0.2196,30,95,,False,False,0.5135951661631646,0.6915254237288148,50,-1.09217999126256,1.310615989515072,-2.5338575797291445,215.0,0.3063,90,105,,False,False,0.4773413897279858,0.7525423728813575,55,33.4,0.0,-0.6359329677359127,1.0,3,-0.1757,-45,-0.9500000000007276,825
2026-09-17,NIFTY,RANDOM,206,1,RANDOM,False,15:12:15,15:12-15:15,MODE_A,False,SYNCHRONIZED,False,-1,10,True,[],0,0.6454388984509466,6.626506024096387,0.3012048192771036,40.0,0.2585,5,20,60,True,True,1.0,0.15733333333333271,15,-0.17072129748186327,5.7618437900128034,-0.5121638924455898,35.0,0.2136,20,55,60,True,True,0.7859154929575826,0.26133333333333364,20,90.9,69.5,0.40968782574838614,1.0,-1,-0.172,-10,-0.0,165
2026-09-17,NIFTY,RANDOM,110,-1,RANDOM,False,15:04:15,15:03-15:06,MODE_A,False,FALSE_OPTION_MOVE,False,,0,False,"['NO_DIRECTIONAL_AGREEMENT', 'OPTION_NOT_RESPONDING']",,1.1543394613082465,3.676784950833687,-3.976058144506204,170.0,0.0855,15,15,30,True,True,0.5294117647060622,0.08673469387755324,5,1.3276231263383274,3.854389721627409,-3.811563169164885,165.0,0.2144,10,10,20,True,True,0.5546218487393056,0.030612244897960307,10,25.8,0.0,-0.5134173502682262,1.0,,-0.2543,0,-0.0,645
2026-09-17,NIFTY,RANDOM,78,1,RANDOM,False,15:01:35,15:00-15:03,MODE_A,False,SYNCHRONIZED,False,0,60,False,"['NOT_EARLY', 'NO_DIRECTIONAL_AGREEMENT', 'OPTION_NOT_RESPONDING']",,-0.04380201489269502,1.5768725361366598,-2.2777047744196306,200.0,0.2193,65,75,,False,False,0.49999999999989486,0.5951219512195144,65,-0.3058103975535243,1.310615989515072,-2.5338575797291445,195.0,0.2187,70,85,,False,False,0.4942196531791695,0.6536585365853675,70,21.1,0.0,-0.5461817673679035,0.0,0,-0.175,-60,-0.049999999999272404,805
2026-09-17,NIFTY,RANDOM,190,-1,RANDOM,False,15:10:55,15:09-15:12,MODE_A,False,OPTION_LEAD,False,3,30,False,"['NO_DIRECTIONAL_AGREEMENT', 'OPTION_NOT_RESPONDING']",,-0.8064516129032282,1.952461799660439,-7.894736842105261,220.0,0.0425,20,55,,True,True,0.6158536585368857,0.45810055865921956,35,-0.8064516129032282,1.952461799660439,-7.894736842105261,215.0,0.1274,15,50,,True,True,0.573170731707355,0.4469273743016751,40,78.6,82.5,0.8107033486456743,1.0,3,-0.1272,-30,-0.0,245
2026-09-17,NIFTY,RANDOM,215,-1,RANDOM,False,15:13:00,15:12-15:15,MODE_A,False,SYNCHRONIZED,False,-1,20,False,"['NO_DIRECTIONAL_AGREEMENT', 'OPTION_NOT_RESPONDING']",,-0.2604166666666642,-0.17361111111111358,-8.420138888888891,225.0,0.0868,,,,False,False,0.5555555555546573,,25,-0.2172024326672459,-0.08688097306689341,-8.340573414422236,220.0,0.1739,,,,False,False,0.7777777777732865,0.0,30,47.4,41.1,1.1645840663366505,1.0,-1,-0.2137,-20,-0.0,120
2026-09-17,NIFTY,RANDOM,162,-1,RANDOM,False,15:08:35,15:06-15:09,MODE_A,False,SYNCHRONIZED,True,2,50,False,"['NOT_EARLY', 'OPTION_NOT_RESPONDING']",,1.5364354697102722,5.443371378402097,-1.8876207199297679,285.0,0.2637,5,5,50,True,True,0.7659574468080824,0.0,55,0.9098786828422852,4.072790294627373,-3.1629116117850997,280.0,0.2169,40,45,80,True,True,0.6117021276594797,0.19591836734693924,60,46.7,47.2,-0.2618345163986861,0.0,2,-0.1745,-50,-3.7999999999956344,385
2026-09-17,NIFTY,RANDOM,81,-1,RANDOM,False,15:01:50,15:00-15:03,MODE_A,False,NO_CLEAR_ONSET,False,,20,True,[],10,-1.6359918200409,0.04089979550102017,-7.525562372188141,300.0,0.2457,,,,False,False,0.0,0.893129770992364,35,-1.9168026101141882,-0.6117455138662317,-8.401305057096247,300.0,0.245,,,,False,False,0.0,1.0,40,51.8,52.5,-0.10607524039095362,0.0,,-0.2937,-20,-0.0,790
2026-09-17,NIFTY,RANDOM,63,1,RANDOM,False,15:00:20,15:00-15:03,MODE_A,False,NO_CLEAR_ONSET,False,,0,False,['NO_DIRECTIONAL_AGREEMENT'],,3.7813211845102557,5.649202733485196,0.9111617312072893,5.0,0.2737,5,10,20,True,True,0.9566666666668122,0.11864406779661017,5,1.4427412082957567,4.553651938683496,0.0,5.0,0.1353,10,15,20,True,True,1.0,0.2847457627118656,10,73.1,0.0,-1.1810335693623506,0.0,,-0.2299,0,-0.0,880
2026-09-17,NIFTY,RANDOM,213,-1,RANDOM,False,15:12:50,15:12-15:15,MODE_A,False,SYNCHRONIZED,False,-1,10,False,['OPTION_NOT_RESPONDING'],,-0.9482758620689606,0.7327586206896503,-9.051724137931034,235.0,0.2157,5,,,False,False,0.3214285714291747,0.35294117647058726,15,-1.8787361229718094,-1.7079419299743808,-9.906063193851404,230.0,0.2137,,,,False,False,0.0,1.0,20,69.1,58.0,0.9969388721578308,1.0,-1,-0.2153,-10,-0.0,130
2026-09-17,NIFTY,RANDOM,189,-1,RANDOM,False,15:10:50,15:09-15:12,MODE_A,False,FALSE_OPTION_MOVE,False,,25,False,['OPTION_NOT_RESPONDING'],,-0.9745762711864454,1.7796610169491478,-8.050847457627118,225.0,0.1272,55,60,,True,True,0.6524390243900086,0.4916201117318433,30,-0.8064516129032282,1.952461799660439,-7.894736842105261,220.0,0.0425,20,55,,True,True,0.6158536585368857,0.45810055865921956,35,40.9,0.0,-0.8789286578856632,1.0,,-0.1707,-25,-1.0999999999985448,250
2026-09-17,NIFTY,RANDOM,116,1,RANDOM,False,15:04:45,15:03-15:06,MODE_A,False,NO_CLEAR_ONSET,False,,0,False,"['NO_DIRECTIONAL_AGREEMENT', 'OPTION_NOT_RESPONDING']",,-1.80457746478873,3.16901408450705,-1.80457746478873,10.0,0.2644,30,95,,False,False,1.0,0.0,5,-1.3704686118479197,3.6251105216622537,-1.3704686118479197,5.0,0.2213,25,25,120,True,False,1.0,0.0,10,95.2,0.0,0.17406014030442882,0.0,,-0.1756,0,-0.0,615
2026-09-17,NIFTY,RANDOM,82,-1,RANDOM,False,15:01:55,15:00-15:03,MODE_A,False,FALSE_OPTION_MOVE,False,,25,True,[],5,-1.6359918200409,0.04089979550102017,-7.525562372188141,300.0,0.2457,,,,False,False,0.0,0.893129770992364,35,-1.9168026101141882,-0.6117455138662317,-8.401305057096247,300.0,0.245,,,,False,False,0.0,1.0,40,69.5,23.6,1.2349396746483006,1.0,,-0.0417,-25,-0.0,785
2026-09-17,NIFTY,RANDOM,167,-1,RANDOM,False,15:09:00,15:09-15:12,MODE_A,False,FALSE_OPTION_MOVE,False,,30,False,"['NO_DIRECTIONAL_AGREEMENT', 'OPTION_NOT_RESPONDING']",,0.4304778303917348,3.4007748600946948,-3.7882049074472715,260.0,0.3018,25,60,,True,False,0.7668711656440349,0.34496124031007647,35,1.3931214627775435,4.57117979973879,-2.699172834131471,255.0,0.2179,15,15,25,True,True,0.7730061349690979,0.15116279069767347,40,29.2,0.0,-0.1088325606405598,1.0,,-0.2603,-30,-0.5,360
2026-09-17,NIFTY,RANDOM,172,-1,RANDOM,False,15:09:25,15:09-15:12,MODE_A,False,FALSE_OPTION_MOVE,False,,55,False,['NOT_EARLY'],,-0.04262574595055171,2.387041773231029,-5.370843989769818,300.0,0.2134,35,,,False,False,0.5828220858894665,0.5310077519379838,60,-0.6811409110259661,2.2562792677735133,-6.939123031077059,300.0,0.1704,30,,,False,False,0.31288343558267695,0.5581395348837198,65,22.6,40.2,0.6942655595668588,1.0,,-0.3011,-55,-0.5,335
2026-09-17,NIFTY,RANDOM,87,-1,RANDOM,False,15:02:20,15:00-15:03,MODE_A,False,SYNCHRONIZED,False,2,50,False,"['NOT_EARLY', 'NO_DIRECTIONAL_AGREEMENT', 'OPTION_NOT_RESPONDING']",,-0.37282518641259554,0.49710024855011953,-6.959403479701744,285.0,0.2489,,,,False,False,0.013333333333139307,0.6111111111111112,55,-1.0695187165775377,-0.24681201151789153,-7.610037021801729,280.0,0.2059,,,,False,False,0.0,1.0,60,22.6,0.0,0.9204042004685933,0.0,2,-0.123,-50,-0.5999999999985448,760
2026-09-17,NIFTY,RANDOM,200,-1,RANDOM,False,15:11:45,15:09-15:12,MODE_A,False,SYNCHRONIZED,False,0,55,False,['NOT_EARLY'],,-0.5464480874316988,0.9667927700714514,-11.30727196300967,300.0,0.2947,10,,,False,False,0.6459627329194034,0.5327868852459021,60,-1.0869565217391282,0.4180602006688963,-11.789297658862873,295.0,0.2092,,,,False,False,0.24223602484483278,0.7622950819672101,65,25.0,32.5,-0.35972162973340627,1.0,0,-0.2116,-55,-1.1499999999978172,195
2026-09-17,NIFTY,RANDOM,93,1,RANDOM,False,15:02:50,15:00-15:03,MODE_A,False,OPTION_LEAD,False,4,45,False,"['NOT_EARLY', 'OPTION_NOT_RESPONDING']",,-0.7782101167315224,1.3402507565931665,-3.5451794206658094,125.0,0.2597,,,,False,False,0.6170798898071531,0.6185567010309285,50,-0.43383947939262474,1.691973969631239,-3.210412147505425,120.0,0.1737,10,,,False,False,0.6942148760331225,0.5463917525773214,55,50.8,66.0,-0.08715068400183565,1.0,4,-0.2175,-45,-1.0499999999992724,730
2026-09-17,NIFTY,RANDOM,139,1,RANDOM,False,15:06:40,15:06-15:09,MODE_A,False,SYNCHRONIZED,False,0,10,False,"['NO_DIRECTIONAL_AGREEMENT', 'OPTION_NOT_RESPONDING']",,-1.517121803207629,1.9072388383181644,-1.517121803207629,80.0,0.1735,15,20,,True,True,0.6137566137566381,0.4166666666666664,15,-1.517121803207629,1.9072388383181644,-1.517121803207629,75.0,0.2604,10,15,,True,True,0.6084656084653274,0.40476190476190516,20,92.7,77.0,-0.7854635824491657,1.0,0,-0.2172,-10,-0.0,500
2026-09-17,NIFTY,RANDOM,216,-1,RANDOM,False,15:13:05,15:12-15:15,MODE_A,False,OPTION_RESPONSE_LAG,False,,25,False,"['NO_DIRECTIONAL_AGREEMENT', 'OPTION_NOT_RESPONDING']",,-2.9105125977410897,-0.08688097306689341,-8.340573414422236,220.0,0.1739,,,,False,False,0.7777777777732865,0.0,30,-2.952670429874082,-0.13026487190621422,-8.380373425966136,215.0,0.2609,,,,False,False,0.0,0.0,35,65.6,0.0,-2.5094612412456714,0.0,,-0.0868,-25,-2.599999999998545,115
2026-09-17,NIFTY,RANDOM,72,-1,RANDOM,False,15:01:05,15:00-15:03,MODE_A,False,NO_CLEAR_ONSET,False,,10,False,"['NO_DIRECTIONAL_AGREEMENT', 'OPTION_NOT_RESPONDING']",,-0.9962640099626425,1.5359070153590655,-3.6114570361145772,120.0,0.2494,50,55,,True,False,1.0,0.0,15,-1.2422360248447204,1.2836438923395421,-3.850931677018638,115.0,0.2488,50,55,,True,False,0.8641975308643528,0.0,20,52.3,32.7,-0.3719781892615068,1.0,,-0.1239,-10,-0.0,835
2026-09-17,NIFTY,RANDOM,102,1,RANDOM,False,15:03:35,15:03-15:06,MODE_A,False,UNDERLYING_LEAD,True,-6,60,False,"['NOT_EARLY', 'OPTION_NOT_RESPONDING']",,-0.2616659398168437,2.224160488443085,-2.7038813781072903,80.0,0.262,20,20,,True,True,0.6530612244899121,0.0952380952380946,65,-0.3902862098872531,1.647875108412841,-3.2523850823937557,75.0,0.0868,35,,,False,False,0.5578231292517226,0.3333333333333333,70,29.2,0.0,-1.16351942560933,0.0,-6,-0.2176,-60,-0.2999999999992724,685
2026-09-17,NIFTY,RANDOM,188,1,RANDOM,False,15:10:45,15:09-15:12,MODE_A,False,OPTION_LEAD,False,3,55,False,"['NOT_EARLY', 'NO_DIRECTIONAL_AGREEMENT', 'OPTION_NOT_RESPONDING']",,-0.725255972696253,5.716723549488057,-2.3464163822525594,75.0,0.1281,115,,,False,False,0.6891891891891848,0.23743016759776528,60,0.04290004290004046,6.306306306306314,-1.801801801801797,70.0,0.1717,100,110,,False,False,0.9324324324324457,0.16201117318435782,65,45.0,10.4,-0.14971435767023356,0.0,3,-0.2138,-55,-0.4000000000014552,255
2026-09-17,NIFTY,RANDOM,80,1,RANDOM,False,15:01:45,15:00-15:03,MODE_A,False,SYNCHRONIZED,False,0,60,False,"['NOT_EARLY', 'NO_DIRECTIONAL_AGREEMENT', 'OPTION_NOT_RESPONDING']",,-0.6530256856769701,0.9577710056595634,-2.8733130169786656,190.0,0.2616,80,,,False,False,0.705454545454785,0.5820895522388078,65,-1.0489510489510514,1.3548951048951023,-2.4912587412587484,185.0,0.2626,60,75,,False,False,0.7625899280577686,0.4477611940298515,70,14.6,22.8,0.5036951229594337,1.0,0,-0.2187,-60,-0.25,795
2026-09-17,NIFTY,RANDOM,161,1,RANDOM,False,15:08:30,15:06-15:09,MODE_A,False,SYNCHRONIZED,False,-2,35,False,"['NOT_EARLY', 'NO_DIRECTIONAL_AGREEMENT']",,-0.3457216940363057,3.9325842696629185,-1.08038029386344,60.0,0.2163,35,35,,True,True,0.46853146853191685,0.2744360902255641,40,-0.7745266781411408,3.4853700516351096,-1.5060240963855422,55.0,0.2585,30,110,,False,False,0.46853146853191685,0.3458646616541346,45,64.4,58.5,-0.19917329290280517,1.0,-2,-0.2178,-35,-0.0,390
2026-09-17,NIFTY,RANDOM,166,-1,RANDOM,False,15:08:55,15:06-15:09,MODE_A,False,FALSE_OPTION_MOVE,False,,25,False,"['NO_DIRECTIONAL_AGREEMENT', 'OPTION_NOT_RESPONDING']",,0.9098786828422852,4.072790294627373,-3.1629116117850997,265.0,0.2603,25,30,65,True,True,0.7668711656440349,0.2325581395348836,30,0.4304778303917348,3.4007748600946948,-3.7882049074472715,260.0,0.3018,25,60,,True,False,0.7668711656440349,0.34496124031007647,35,29.2,0.0,0.43419809375550755,1.0,,-0.2171,-25,-0.5,365
2026-09-17,NIFTY,RANDOM,179,-1,RANDOM,False,15:10:00,15:09-15:12,MODE_A,False,SYNCHRONIZED,False,2,40,False,"['NOT_EARLY', 'OPTION_NOT_RESPONDING']",,-1.4364174059991455,1.4786649767638362,-8.322771440642159,275.0,0.1691,110,115,,False,False,0.7615384615385735,0.6563876651982372,45,-0.7656316461080319,2.1692896639727755,-7.698851552530836,270.0,0.0425,70,105,110,False,False,0.8461538461538461,0.5286343612334804,50,65.3,0.0,0.4501843729504271,0.0,2,-0.2142,-40,-3.7000000000007276,300
2026-09-17,NIFTY,RANDOM,181,1,RANDOM,False,15:10:10,15:09-15:12,MODE_A,False,SYNCHRONIZED,False,-1,35,False,"['NOT_EARLY', 'OPTION_NOT_RESPONDING']",,-0.42789901583226364,6.033376123234927,-2.053915275994858,110.0,0.2142,15,,,False,False,0.6996197718630958,0.23138297872340383,40,-0.12875536480687183,6.351931330472108,-1.7596566523605126,105.0,0.2148,10,,,False,False,0.7148288973381579,0.19414893617021295,45,40.9,67.1,1.1939531425021415,0.0,-1,-0.1726,-35,-0.75,290
2026-09-17,NIFTY,RANDOM,136,1,RANDOM,False,15:06:25,15:06-15:09,MODE_A,False,NO_CLEAR_ONSET,False,,0,False,['OPTION_NOT_RESPONDING'],,0.39284155390659353,2.618943692710607,-0.8293321693583613,95.0,0.131,15,30,40,True,True,1.0,0.23214285714285562,5,-1.5597920277296458,1.8630849220103913,-1.5597920277296458,90.0,0.2603,25,30,,True,True,0.7500000000001109,0.4166666666666664,10,68.3,0.0,-0.04575926063981467,1.0,,-0.2173,0,-0.0,515
2026-09-17,NIFTY,RANDOM,108,1,RANDOM,False,15:04:05,15:03-15:06,MODE_A,False,SYNCHRONIZED,False,0,60,False,"['NOT_EARLY', 'NO_DIRECTIONAL_AGREEMENT', 'OPTION_NOT_RESPONDING']",,0.6073752711496772,1.691973969631239,-3.210412147505425,50.0,0.3041,10,,,False,False,0.6610878661086669,0.208695652173916,65,0.6947459834997805,1.780286582718191,-3.1263569257490307,45.0,0.2609,5,,,False,False,0.5815899581588443,0.18260869565217588,70,64.4,3.0,-0.9538021906751579,1.0,0,-0.2596,-60,-0.0,655
2026-09-17,NIFTY,RANDOM,128,1,RANDOM,False,15:05:45,15:03-15:06,MODE_A,False,SYNCHRONIZED,False,1,35,False,"['NOT_EARLY', 'OPTION_NOT_RESPONDING']",,0.657030223390276,2.9785370127025765,-0.5256241787122282,10.0,0.1315,35,65,75,False,False,0.5155038759690469,0.3958333333333333,40,0.5689277899343594,2.8884026258205666,-0.6126914660831535,5.0,0.1314,30,60,70,True,True,0.5077519379846644,0.41249999999999903,45,14.6,12.4,0.175650190102301,0.0,1,-0.1762,-35,-0.5499999999992724,555
2026-09-17,NIFTY,RANDOM,62,1,RANDOM,False,15:00:15,15:00-15:03,MODE_A,False,NO_CLEAR_ONSET,False,,5,False,"['NO_DIRECTIONAL_AGREEMENT', 'OPTION_NOT_RESPONDING']",,1.745521359669275,6.522737712448332,0.551217271474514,5.0,0.2299,5,10,20,True,True,1.0,0.0,10,0.9111617312072893,5.649202733485196,0.9111617312072893,5.0,0.2737,5,10,20,True,True,1.0,0.0,15,70.5,0.0,0.2939635646452792,0.0,,-0.2271,-5,-0.0,885
2026-09-17,NIFTY,RANDOM,141,1,RANDOM,False,15:06:50,15:06-15:09,MODE_A,False,SYNCHRONIZED,False,0,20,False,['OPTION_NOT_RESPONDING'],,-1.9421665947345708,1.4674147604661225,-1.9421665947345708,70.0,0.2593,10,15,,True,True,0.5502645502647581,0.5,25,-0.17226528854434853,1.2489233419466002,-2.1533161068044793,65.0,0.0862,10,,,False,False,0.4867724867724929,0.5874999999999986,30,25.0,30.6,-0.15196158094686044,1.0,0,-0.2604,-20,-0.3999999999978172,490
2026-09-17,NIFTY,RANDOM,151,-1,RANDOM,False,15:07:40,15:06-15:09,MODE_A,False,FALSE_OPTION_MOVE,False,,0,True,[],10,0.47250859106528964,3.1786941580755914,-2.4054982817869512,45.0,0.215,95,,,False,False,0.462585034013895,0.49354838709677457,15,1.1678200692041598,3.8927335640138407,-1.7301038062283738,40.0,0.1732,5,5,,True,True,0.462585034013895,0.3935483870967738,20,34.8,0.0,0.6568796466727935,1.0,,-0.2606,0,-0.0,440
2026-09-17,NIFTY,RANDOM,69,1,RANDOM,False,15:00:50,15:00-15:03,MODE_A,False,OPTION_LEAD,False,3,20,True,[],0,-0.13129102844639445,1.4879649890590834,-2.3632385120350134,245.0,0.2629,120,,,False,False,0.48338368580062546,0.7288135593220338,25,1.0540184453227956,1.8445322793148957,-2.020202020202018,240.0,0.2198,30,115,,False,False,0.49848942598189505,0.6779661016949152,30,81.9,96.7,0.30248465998997487,1.0,3,-0.1753,-20,-0.0,850
2026-09-17,SENSEX,RANDOM,65,1,RANDOM,False,15:00:30,15:00-15:03,MODE_A,True,FALSE_OPTION_MOVE,False,,10,True,[],0,6.392694063926929,8.70841487279843,-13.372472276581865,265.0,0.294,5,5,5,True,True,0.824561403508789,0.3239263803680979,15,0.09526833915529101,5.843124801524305,-15.655763734518882,260.0,0.2544,10,10,10,True,True,0.7493734335839842,0.5288343558282211,20,65.1,38.3,-0.8092687596674186,1.0,,-0.1311,-10,-0.0,870
2026-09-17,SENSEX,RANDOM,141,-1,RANDOM,False,15:06:50,15:06-15:09,MODE_A,True,FALSE_OPTION_MOVE,False,,10,True,[],0,1.055697124135433,19.657808518383693,-1.2013105205678964,10.0,0.2917,5,5,45,True,True,1.0,0.11550888529886963,15,-2.479338842975219,18.109953287818893,-2.479338842975219,5.0,0.2518,40,40,40,True,False,1.0,0.17447495961227796,20,17.5,0.0,2.04567530844339,1.0,,-0.2891,-10,-0.6999999999970896,490
2026-09-17,SENSEX,RANDOM,230,1,RANDOM,False,15:14:15,15:12-15:15,MODE_A,True,SYNCHRONIZED,False,0,60,False,"['EXPIRY_ZONE', 'NOT_EARLY', 'OPTION_NOT_RESPONDING']",,-0.273390036451998,13.912515188335362,-10.449574726609958,105.0,0.2738,15,15,15,True,True,0.7589869281045637,0.40498442367601245,65,-0.7594167679222358,13.912515188335362,-10.449574726609958,100.0,0.2738,10,10,10,True,True,0.7467320261437788,0.40498442367601245,70,47.1,14.2,0.7885165296536502,1.0,0,-0.276,-60,-7.125,45
2026-09-17,SENSEX,RANDOM,130,-1,RANDOM,False,15:05:55,15:03-15:06,MODE_A,True,FALSE_OPTION_MOVE,False,,30,False,['NO_DIRECTIONAL_AGREEMENT'],,-3.7286931818181817,9.907670454545446,-4.154829545454562,35.0,0.2845,15,100,110,False,False,0.38793103448159066,0.54,35,-3.6260220405261245,10.024884464983998,-4.052612868823332,30.0,0.2848,10,95,105,False,False,0.38793103448159066,0.5351999999999998,40,0.0,0.0,6.3789727679901995,0.0,,-0.2561,-30,-0.0,545
2026-09-17,SENSEX,RANDOM,222,1,RANDOM,False,15:13:35,15:12-15:15,MODE_A,True,SYNCHRONIZED,False,0,35,False,"['EXPIRY_ZONE', 'NOT_EARLY', 'NO_DIRECTIONAL_AGREEMENT', 'OPTION_NOT_RESPONDING']",,2.5473546701502325,22.4689745264533,-3.7230568256041727,145.0,0.2289,5,5,5,True,True,0.6635160680530761,0.259433962264151,40,0.4128294696729156,19.08542394410925,-6.382978723404245,140.0,0.2862,20,20,30,True,False,0.7497164461248846,0.3495807127882597,45,13.2,0.0,-0.8933111500404023,0.0,0,-0.3174,-35,-0.0,85
2026-09-17,SENSEX,RANDOM,89,-1,RANDOM,False,15:02:30,15:00-15:03,MODE_A,True,SYNCHRONIZED,False,1,60,False,"['NOT_EARLY', 'NO_DIRECTIONAL_AGREEMENT', 'OPTION_NOT_RESPONDING']",,-6.457242582897033,7.434554973821994,-13.647469458987782,165.0,0.3146,,,,False,False,0.39556377079499944,0.39538043478260887,65,2.4480712166171976,14.169139465875366,-8.234421364985169,160.0,0.5952,5,5,5,True,True,0.6136783733824438,0.0,70,65.9,0.0,5.077499127954836,0.0,1,-0.2366,-60,-10.075000000011642,750
2026-09-17,SENSEX,RANDOM,117,1,RANDOM,False,15:04:50,15:03-15:06,MODE_A,True,NO_CLEAR_ONSET,False,,0,False,"['NO_DIRECTIONAL_AGREEMENT', 'OPTION_NOT_RESPONDING']",,7.32774334670068,14.218009478672986,-3.1717098067808926,5.0,0.2555,10,15,15,True,False,0.9211764705880984,0.05575326215895533,5,5.180180180180185,17.60510510510512,3.678678678678683,5.0,0.3008,5,5,5,True,True,0.8729411764700404,0.0,10,71.5,0.0,-0.7109032945270419,0.0,,-0.2946,0,-0.0,610
2026-09-17,SENSEX,RANDOM,193,-1,RANDOM,False,15:11:10,15:09-15:12,MODE_A,True,FALSE_OPTION_MOVE,False,,25,False,"['EXPIRY_ZONE', 'OPTION_NOT_RESPONDING']",,-0.5218525766471045,7.208088714938018,-23.90737116764514,205.0,0.294,35,35,40,True,False,0.7308096740275186,0.5178947368421045,30,-2.2258592471358467,7.594108019639931,-23.633387888707034,200.0,0.1638,30,30,35,True,False,0.6666666666664627,0.4989473684210524,35,47.2,22.6,-0.6996294929111542,1.0,,-0.2628,-25,-0.0,230
2026-09-17,SENSEX,RANDOM,187,-1,RANDOM,False,15:10:40,15:09-15:12,MODE_A,True,FALSE_OPTION_MOVE,False,,0,False,"['EXPIRY_ZONE', 'OPTION_NOT_RESPONDING']",,-0.6105834464043457,11.499321573948432,-20.86160108548168,235.0,0.2717,10,10,20,True,True,1.0,0.27052631578947295,5,1.6337644656228765,11.878829135466296,-20.59223961878829,230.0,0.2727,5,5,10,True,True,0.9208025343189116,0.2494736842105256,10,47.7,0.0,-0.7190241636075525,1.0,,-0.2062,0,-0.0,260
2026-09-17,SENSEX,RANDOM,181,-1,RANDOM,False,15:10:10,15:09-15:12,MODE_A,True,SYNCHRONIZED,False,2,55,False,"['EXPIRY_ZONE', 'NOT_EARLY', 'NO_DIRECTIONAL_AGREEMENT', 'OPTION_NOT_RESPONDING']",,-0.7328447701532275,9.49367088607595,-22.28514323784143,265.0,0.1667,50,50,95,True,False,0.6829484902307369,0.3768736616702349,60,-2.043551088777227,10.11725293132328,-21.84254606365159,260.0,0.1676,40,45,55,True,False,0.742451154529254,0.34047109207708737,65,75.2,0.0,-2.986643906539353,1.0,2,-0.2924,-55,-0.17500000000291038,290
2026-09-17,SENSEX,RANDOM,184,1,RANDOM,False,15:10:25,15:09-15:12,MODE_A,True,OPTION_LEAD,False,6,20,False,['EXPIRY_ZONE'],,0.41800643086817085,20.578778135048232,-19.87138263665595,85.0,0.1931,,,,False,False,0.8403041825094202,0.2688888888888888,25,-1.724688597892058,19.77004152028105,-20.4088150750559,80.0,0.2558,,,,False,False,0.7902408111531218,0.291111111111111,30,24.2,0.0,0.1442523467835899,1.0,6,-0.1982,-20,-0.8999999999941792,275
2026-09-17,SENSEX,RANDOM,219,1,RANDOM,False,15:13:20,15:12-15:15,MODE_A,True,SYNCHRONIZED,False,0,60,False,"['EXPIRY_ZONE', 'NOT_EARLY']",,0.5102040816326422,19.579081632653054,-5.994897959183676,160.0,0.3194,5,40,45,True,False,0.5929850200949268,0.3354297693920336,65,-0.3799873337555379,18.746041798606708,-6.649778340721976,155.0,0.1902,35,40,45,True,False,0.5893313847277366,0.3605870020964359,70,66.1,80.5,2.057931349070601,1.0,0,-0.3591,-60,-0.0,100
2026-09-17,SENSEX,RANDOM,149,-1,RANDOM,False,15:07:30,15:06-15:09,MODE_A,True,FALSE_OPTION_MOVE,False,,20,True,[],10,1.703940362087331,16.68441604543841,-0.3904863329783337,165.0,0.2132,5,5,5,True,True,0.9584040747026845,0.18893617021276538,35,5.837912087912088,12.877747252747254,-3.6401098901098785,160.0,0.4129,5,5,15,True,True,0.8421052631580768,0.34553191489361723,40,20.2,28.6,-2.8375689537767697,1.0,,-0.2531,-20,-0.4499999999970896,450
2026-09-17,SENSEX,RANDOM,126,1,RANDOM,False,15:05:35,15:03-15:06,MODE_A,True,FALSE_OPTION_MOVE,False,,45,False,"['NOT_EARLY', 'NO_DIRECTIONAL_AGREEMENT', 'OPTION_NOT_RESPONDING']",,0.49768929968004877,11.375755421258441,0.2132954141485837,40.0,0.2848,10,10,10,True,True,0.6505882352939807,0.31204188481675343,50,-0.10600706713781322,10.706713780918733,-0.3886925795053084,35.0,0.2831,5,5,5,True,True,0.6505882352939807,0.3476439790575921,55,39.4,0.0,1.0691711096123757,0.0,,-0.1416,-45,-1.7750000000087311,565
2026-09-17,SENSEX,RANDOM,172,1,RANDOM,False,15:09:25,15:09-15:12,MODE_A,True,SYNCHRONIZED,True,0,60,False,"['NOT_EARLY', 'NO_DIRECTIONAL_AGREEMENT', 'OPTION_NOT_RESPONDING']",,-0.24398745207388942,14.43011502265599,-13.140467061693966,145.0,0.2792,15,20,30,True,True,1.0,0.0,65,-0.27864855451062737,22.91884360849876,-13.200975269940798,140.0,0.314,10,15,25,True,True,1.0,0.0,70,38.3,70.5,1.1485336303426676,0.0,0,-0.2754,-60,-1.6999999999970896,335
2026-09-17,SENSEX,RANDOM,100,-1,RANDOM,False,15:03:25,15:03-15:06,MODE_A,True,FALSE_OPTION_MOVE,True,,0,True,[],10,-0.48985304408678587,7.837648705388375,-13.43596920923723,100.0,0.2803,60,60,60,True,False,0.6179337231965472,0.4201995012468823,15,6.628652886671406,9.83606557377048,-11.831789023521031,95.0,0.2498,5,5,55,True,True,0.8713450292392021,0.29177057356608477,20,24.3,0.0,-3.7438743794128246,0.0,,-0.2967,0,-0.0,695
2026-09-17,SENSEX,RANDOM,173,-1,RANDOM,False,15:09:30,15:09-15:12,MODE_A,True,SYNCHRONIZED,False,2,15,True,[],0,2.5173898641934493,8.87711162636635,-21.563431599867496,300.0,0.2321,30,30,30,True,False,0.571936056838174,0.41113490364025684,20,2.9607451763140307,9.347970725216221,-22.38855622089155,300.0,0.2999,20,25,25,True,False,0.7717584369447873,0.3811563169164873,25,81.7,89.2,-0.29905169675746246,1.0,2,-0.0662,-15,-0.0,330
2026-09-17,SENSEX,RANDOM,133,-1,RANDOM,False,15:06:10,15:06-15:09,MODE_A,True,FALSE_OPTION_MOVE,False,,45,False,"['NOT_EARLY', 'NO_DIRECTIONAL_AGREEMENT', 'OPTION_NOT_RESPONDING']",,-5.131810193321624,8.787346221441124,-5.131810193321624,20.0,0.2111,95,95,100,False,False,0.38793103448159066,0.588,50,-1.4540167211922936,12.504543802253718,-1.8902217375499981,15.0,0.1455,10,65,80,False,False,0.38793103448159066,0.4391999999999998,55,0.0,0.0,-1.4241082438230501,0.0,,-0.2892,-45,-0.0,530
2026-09-17,SENSEX,RANDOM,216,1,RANDOM,False,15:13:05,15:12-15:15,MODE_A,True,OPTION_LEAD,True,11,60,False,"['EXPIRY_ZONE', 'NOT_EARLY']",,1.1619958988379964,28.161312371838676,0.7518796992481164,175.0,0.2053,5,5,10,True,True,0.8004679144384715,0.1460446247464506,65,3.136593591905569,26.475548060708263,-0.573355817875207,170.0,0.1688,5,5,5,True,True,0.8181818181817474,0.18610547667342817,70,19.1,86.2,6.532361528992864,0.0,11,-0.2099,-60,-1.25,115
2026-09-17,SENSEX,RANDOM,70,-1,RANDOM,False,15:00:55,15:00-15:03,MODE_A,True,NO_CLEAR_ONSET,False,,0,True,[],10,-7.164895440521075,5.519369214946871,-15.186835790195403,250.0,0.3778,5,5,50,True,True,1.0,0.0,15,-8.482595471443044,4.021628928692138,-16.39067252450151,245.0,0.3385,45,45,55,True,False,0.8419811320752839,0.0,20,93.4,0.0,4.401733573113656,0.0,,-0.2695,0,-0.0,845
2026-09-17,SENSEX,RANDOM,235,1,RANDOM,False,15:14:40,15:12-15:15,MODE_A,True,OPTION_LEAD,False,10,35,False,"['EXPIRY_ZONE', 'NOT_EARLY', 'NO_DIRECTIONAL_AGREEMENT', 'OPTION_NOT_RESPONDING']",,6.721967963386727,21.910755148741405,-15.67505720823799,80.0,0.1718,5,5,5,True,True,0.6428571428571637,0.35835051546391744,40,-7.1904127829560585,13.50199733688415,-21.491344873501994,75.0,0.6412,,,,False,False,0.5279720279720554,0.5645360824742267,45,96.9,90.3,-1.7631232278477604,1.0,10,-0.7968,-35,-0.0,20
2026-09-17,SENSEX,RANDOM,143,1,RANDOM,False,15:07:00,15:06-15:09,MODE_A,True,FALSE_OPTION_MOVE,False,,60,False,['NOT_EARLY'],,-3.9278815196394223,0.8692852543464226,-19.768190598840963,290.0,0.1934,5,,,False,False,0.40867992766693445,0.8911671924290224,65,-5.028644175684281,-0.6047103755569628,-20.68746021642266,285.0,0.2869,,,,False,False,0.010849909583668051,1.0,70,52.9,27.6,-2.9119721769557967,1.0,,-0.2992,-60,-0.0,480
2026-09-17,SENSEX,RANDOM,190,-1,RANDOM,False,15:10:55,15:09-15:12,MODE_A,True,FALSE_OPTION_MOVE,False,,10,False,['EXPIRY_ZONE'],,0.6303915063039264,9.057730590577311,-22.594558725945575,220.0,0.2658,5,15,50,True,True,0.9095688748687821,0.4094736842105261,15,-0.0657462195923697,8.053911900065746,-23.30703484549638,215.0,0.2963,45,45,45,True,False,0.8717139852785002,0.4673684210526313,20,41.7,37.8,2.2483310364245357,1.0,,-0.2676,-10,-0.0,245
2026-09-17,SENSEX,RANDOM,224,-1,RANDOM,False,15:13:45,15:12-15:15,MODE_A,True,OPTION_LEAD,False,3,15,False,"['EXPIRY_ZONE', 'NO_DIRECTIONAL_AGREEMENT']",,1.669626998223797,5.39964476021314,-17.12255772646536,50.0,0.2134,5,5,10,True,True,0.8971722365039176,0.40114068441064665,20,1.0797631487286539,3.3437826541274696,-18.739115290839433,45.0,0.314,5,5,,True,True,0.7686375321338146,0.6083650190114066,25,84.9,40.3,-2.1865552581267886,1.0,3,-0.2842,-15,-0.0,75
2026-09-17,SENSEX,RANDOM,113,1,RANDOM,False,15:04:30,15:03-15:06,MODE_A,True,SYNCHRONIZED,False,0,40,False,"['NOT_EARLY', 'NO_DIRECTIONAL_AGREEMENT', 'OPTION_NOT_RESPONDING']",,-5.990783410138246,3.127057274522712,-12.574061882817638,25.0,0.2967,,,,False,False,0.6398559423769005,0.29729729729729937,45,-2.4781849912740044,9.354275741710302,-7.294938917975559,20.0,0.3146,35,35,35,True,False,0.7418967587034453,0.0,50,36.5,0.0,-1.2313499206080456,1.0,0,-0.2892,-40,-0.8500000000058208,630
2026-09-17,SENSEX,RANDOM,131,-1,RANDOM,False,15:06:00,15:06-15:09,MODE_A,True,FALSE_OPTION_MOVE,False,,35,False,"['NOT_EARLY', 'NO_DIRECTIONAL_AGREEMENT', 'OPTION_NOT_RESPONDING']",,-3.6260220405261245,10.024884464983998,-4.052612868823332,30.0,0.2848,10,95,105,False,False,0.38793103448159066,0.5351999999999998,40,-0.8303249097472966,11.732851985559567,-2.5631768953068677,25.0,0.2892,5,5,5,True,True,0.38793103448159066,0.46640000000000054,45,0.0,0.0,0.5509825495432268,1.0,,-0.2845,-35,-0.0,540
2026-09-17,SENSEX,RANDOM,192,-1,RANDOM,False,15:11:05,15:09-15:12,MODE_A,True,FALSE_OPTION_MOVE,False,,20,False,"['EXPIRY_ZONE', 'OPTION_NOT_RESPONDING']",,0.29527559055117364,7.8412073490813565,-23.45800524934383,210.0,0.2628,40,40,45,True,False,0.799158780230919,0.4810526315789467,25,-0.5218525766471045,7.208088714938018,-23.90737116764514,205.0,0.294,35,35,40,True,False,0.7308096740275186,0.5178947368421045,30,28.9,21.7,0.24472494138823775,1.0,,-0.2963,-20,-0.0,235
2026-09-17,SENSEX,RANDOM,124,1,RANDOM,False,15:05:25,15:03-15:06,MODE_A,True,FALSE_OPTION_MOVE,False,,35,False,"['NOT_EARLY', 'NO_DIRECTIONAL_AGREEMENT', 'OPTION_NOT_RESPONDING']",,8.089260808926078,9.239888423988841,-2.196652719665276,10.0,0.1745,20,20,65,True,False,0.6494117647053346,0.4303664921465971,40,0.03538570417550102,10.863411181882515,-0.7430997876857829,5.0,0.1416,15,15,15,True,True,0.6505882352939807,0.3434554973821985,45,45.7,9.3,-0.30529460032708317,1.0,,-0.2381,-35,-0.0,575
2026-09-17,SENSEX,RANDOM,66,1,RANDOM,False,15:00:35,15:00-15:03,MODE_A,True,FALSE_OPTION_MOVE,False,,15,True,[],0,0.09526833915529101,5.843124801524305,-15.655763734518882,260.0,0.2544,10,10,10,True,True,0.7493734335839842,0.5288343558282211,20,-0.6305170239596469,5.075662042875165,-16.26733921815888,255.0,0.2525,5,5,5,True,True,0.7493734335839842,0.5852760736196324,25,59.0,48.2,-1.3542849982929723,1.0,,-0.294,-15,-0.0,865
2026-09-17,SENSEX,RANDOM,59,1,RANDOM,False,15:00:00,15:00-15:03,MODE_A,True,SYNCHRONIZED,True,0,30,False,"['NO_DIRECTIONAL_AGREEMENT', 'OPTION_NOT_RESPONDING']",,-1.0110893672537582,8.70841487279843,-13.372472276581865,295.0,0.2613,35,35,35,True,False,0.8678213309024753,0.11290322580645161,35,-1.2828947368420978,9.638157894736846,-12.631578947368412,290.0,0.1646,25,30,30,True,False,0.995442114858706,0.03387096774193585,40,76.7,84.1,-1.960440344574701,0.0,0,-0.3266,-30,-0.0,900
2026-09-17,SENSEX,RANDOM,238,-1,RANDOM,False,15:14:55,15:12-15:15,MODE_A,True,SYNCHRONIZED,False,0,15,False,"['WINDOW', 'EXPIRY_ZONE']",,4.874947011445528,25.773632895294607,-11.318355235269188,270.0,0.2122,5,5,5,True,True,0.2958963282940623,0.03083003952569197,20,11.330645161290331,19.637096774193544,-15.645161290322584,265.0,0.2422,5,5,5,True,True,0.16414686825133554,0.22134387351778656,25,29.8,86.7,4.824827190250896,0.0,0,-0.2513,-15,-1.1000000000058208,5
2026-09-17,SENSEX,RANDOM,92,-1,RANDOM,False,15:02:45,15:00-15:03,MODE_A,True,UNDERLYING_LEAD,False,-9,55,False,"['NOT_EARLY', 'NO_DIRECTIONAL_AGREEMENT', 'OPTION_NOT_RESPONDING']",,-2.473626773372119,11.967988359403432,-10.00363768643142,150.0,0.182,15,15,50,True,True,1.0,0.14810126582278393,60,-2.1532846715328384,12.335766423357668,-9.70802919708029,145.0,0.5857,10,10,45,True,True,0.9798488664990397,0.11139240506329057,65,59.4,0.0,8.93219997752641,0.0,-9,-0.2892,-55,-14.30000000000291,735
2026-09-17,SENSEX,RANDOM,201,-1,RANDOM,False,15:11:50,15:09-15:12,MODE_A,True,OPTION_LEAD,False,11,60,False,"['EXPIRY_ZONE', 'NOT_EARLY']",,-3.5519125683060078,-1.6089860352155296,-29.174256223436544,165.0,0.2127,,,,False,False,0.0,1.0,65,-0.21978021978021622,1.7582417582417655,-26.750392464678175,160.0,0.2515,10,10,,True,True,0.006821282401087072,0.7954911433172315,70,66.3,56.2,0.33927894988224816,1.0,11,-0.2253,-60,-0.0,190
2026-09-17,SENSEX,RANDOM,127,1,RANDOM,False,15:05:40,15:03-15:06,MODE_A,True,FALSE_OPTION_MOVE,False,,50,False,"['NOT_EARLY', 'NO_DIRECTIONAL_AGREEMENT']",,-0.10600706713781322,10.706713780918733,-0.3886925795053084,35.0,0.2831,5,5,5,True,True,0.6505882352939807,0.3476439790575921,55,-3.093846682708835,7.700240632519778,-3.093846682708835,30.0,0.2409,45,45,45,True,False,0.6505882352939807,0.5141361256544505,60,7.7,0.0,0.9171023552144091,0.0,,-0.2848,-50,-1.7750000000087311,560
2026-09-17,SENSEX,RANDOM,166,1,RANDOM,False,15:08:55,15:06-15:09,MODE_A,True,SYNCHRONIZED,False,1,35,False,"['NOT_EARLY', 'NO_DIRECTIONAL_AGREEMENT', 'OPTION_NOT_RESPONDING']",,0.3738953093134,7.477906186267845,-15.295717199184228,175.0,0.2042,10,10,10,True,True,0.7251908396948713,0.33722627737226146,40,0.10169491525424115,7.9322033898305015,-15.525423728813564,170.0,0.3056,5,5,10,True,True,0.7277353689571067,0.3356258596973865,45,15.7,0.0,-2.244889809284195,0.0,1,-0.3064,-35,-1.5500000000029104,365
2026-09-17,SENSEX,RANDOM,94,-1,RANDOM,False,15:02:55,15:00-15:03,MODE_A,True,FALSE_OPTION_MOVE,False,,5,False,['NO_DIRECTIONAL_AGREEMENT'],,-2.1802325581395348,11.845930232558148,-10.101744186046506,140.0,0.2911,5,5,40,True,True,0.8438177874185209,0.1518987341772152,10,-3.719599427753946,10.08583690987124,-11.516452074391994,135.0,0.179,35,35,90,True,False,0.8590021691975038,0.267088607594937,15,16.1,58.0,0.1770444971770626,0.0,,-0.5857,-5,-0.0,725
2026-09-17,SENSEX,RANDOM,120,-1,RANDOM,False,15:05:05,15:03-15:06,MODE_A,True,FALSE_OPTION_MOVE,False,,40,False,"['NOT_EARLY', 'NO_DIRECTIONAL_AGREEMENT', 'OPTION_NOT_RESPONDING']",,-6.812816188870148,4.3844856661045535,-16.559865092748733,10.0,0.1688,,,,False,False,0.0,0.6450777202072538,45,-10.718152291591489,11.692529772645246,-10.718152291591489,5.0,0.2891,25,45,60,True,False,0.0669291338586647,0.1386010362694293,50,40.8,0.0,-7.094514123183021,1.0,,-0.2316,-40,-3.6000000000058208,595
2026-09-17,SENSEX,RANDOM,110,1,RANDOM,False,15:04:15,15:03-15:06,MODE_A,True,SYNCHRONIZED,True,0,25,True,[],5,-8.461538461538453,0.4166666666666703,-14.871794871794863,35.0,0.2246,,,,False,False,0.41296518607406824,0.8581081081081067,35,-8.373435996150134,0.5133140840551885,-14.7898620468399,30.0,0.2892,,,,False,False,0.4537815126049657,0.8310810810810813,40,37.7,43.2,3.191169413849016,0.0,0,-0.1984,-25,-1.6500000000087311,645
2026-09-17,SENSEX,RANDOM,170,-1,RANDOM,False,15:09:15,15:09-15:12,MODE_A,True,NO_CLEAR_ONSET,False,,0,True,[],5,-1.5692821368948209,9.749582637729546,-9.782971619365613,240.0,0.1336,5,35,40,True,False,0.9396092362345492,0.3629550321199142,10,2.415618795499673,8.769027134348114,-10.589013898080742,235.0,0.0662,35,35,35,True,False,0.5701598579043066,0.4229122055674519,15,64.0,0.0,1.2262858282322857,0.0,,-0.2479,0,-0.0,345
2026-09-17,SENSEX,RANDOM,179,1,RANDOM,False,15:10:00,15:09-15:12,MODE_A,True,SYNCHRONIZED,False,-1,30,False,"['EXPIRY_ZONE', 'NO_DIRECTIONAL_AGREEMENT', 'OPTION_NOT_RESPONDING']",,-0.034458993797369365,29.22122674017919,-14.128187456926259,110.0,0.3106,10,15,15,True,True,1.0,0.03611111111111111,35,0.6872852233676976,28.865979381443296,-14.364261168384884,105.0,0.3098,5,10,10,True,True,1.0,0.04500000000000012,40,11.5,24.4,0.577562969726152,1.0,-1,-0.2366,-30,-0.34999999999126885,300
2026-09-17,SENSEX,RANDOM,74,1,RANDOM,False,15:01:15,15:00-15:03,MODE_A,True,OPTION_LEAD,False,6,55,False,['NOT_EARLY'],,0.09219422249539379,2.427781192378622,-18.37738168408112,220.0,0.277,5,5,10,True,True,0.26817042606542857,0.7852760736196319,60,-6.355932203389831,0.8777239709443203,-19.612590799031466,215.0,0.2728,5,,,False,False,0.13450292397688687,0.9079754601226994,65,20.6,0.0,-4.54789263062236,1.0,6,-0.1871,-55,-1.8000000000029104,825
2026-09-17,SENSEX,RANDOM,125,1,RANDOM,False,15:05:30,15:03-15:06,MODE_A,True,FALSE_OPTION_MOVE,False,,40,False,"['NOT_EARLY', 'NO_DIRECTIONAL_AGREEMENT', 'OPTION_NOT_RESPONDING']",,0.03538570417550102,10.863411181882515,-0.7430997876857829,5.0,0.1416,15,15,15,True,True,0.6505882352939807,0.3434554973821985,45,0.49768929968004877,11.375755421258441,0.2132954141485837,40.0,0.2848,10,10,10,True,True,0.6505882352939807,0.31204188481675343,50,17.7,0.0,-2.2291038660014344,0.0,,-0.1745,-40,-1.75,570
2026-09-17,SENSEX,RANDOM,69,-1,RANDOM,False,15:00:50,15:00-15:03,MODE_A,True,OPTION_RESPONSE_LAG,False,,50,False,"['NOT_EARLY', 'NO_DIRECTIONAL_AGREEMENT', 'OPTION_NOT_RESPONDING']",,0.23545240497813272,3.5317860746720484,-16.784392869155738,265.0,0.2695,10,10,10,True,True,1.0,0.0,55,1.9076305220883494,3.0120481927710845,-17.202141900937082,260.0,0.2681,5,5,,True,True,1.0,0.0,60,42.2,0.0,-6.724936071168093,0.0,,-0.263,-50,-9.625,850
2026-09-17,SENSEX,RANDOM,165,-1,RANDOM,False,15:08:50,15:06-15:09,MODE_A,True,UNDERLYING_LEAD,False,-5,50,False,['NOT_EARLY'],,-5.273765535774266,10.413167618407794,-9.237487403426268,270.0,0.2691,5,35,70,True,False,0.9195933456560933,0.2599067599067605,55,-6.093906093906098,9.45720945720945,-10.023310023310032,265.0,0.2668,30,65,65,False,False,0.8761552680219793,0.32051282051282026,60,32.7,25.6,-4.378832304320825,1.0,-5,-0.3052,-50,-6.849999999991269,370
2026-09-17,SENSEX,RANDOM,169,-1,RANDOM,False,15:09:10,15:09-15:12,MODE_A,True,FALSE_OPTION_MOVE,True,,30,True,[],10,-1.5692821368948209,9.749582637729546,-9.782971619365613,240.0,0.1336,5,35,40,True,False,1.0,0.3065268065268071,45,2.415618795499673,8.769027134348114,-10.589013898080742,235.0,0.0662,35,35,35,True,False,0.6073793755913394,0.3717948717948726,50,47.1,0.0,-2.589237253863626,0.0,,-0.2776,-30,-2.650000000008731,350
2026-09-17,SENSEX,RANDOM,82,1,RANDOM,False,15:01:55,15:00-15:03,MODE_A,True,FALSE_OPTION_MOVE,True,,55,False,"['NOT_EARLY', 'NO_DIRECTIONAL_AGREEMENT', 'OPTION_NOT_RESPONDING']",,-4.580645161290319,3.806451612903229,-14.322580645161285,180.0,0.1937,50,60,70,True,False,1.0,0.0,60,-2.0236087689713322,8.532883642495788,-10.421585160202353,175.0,0.2364,10,10,20,True,False,1.0,0.0,65,30.7,0.0,0.9128826735852509,0.0,,-0.2176,-55,-6.57499999999709,785
2026-09-17,SENSEX,RANDOM,162,-1,RANDOM,False,15:08:35,15:06-15:09,MODE_A,True,OPTION_LEAD,False,8,60,False,"['NOT_EARLY', 'NO_DIRECTIONAL_AGREEMENT', 'OPTION_NOT_RESPONDING']",,0.5239259517988124,14.809640237513088,-5.623471882640595,285.0,0.1048,5,5,5,True,True,0.8927364864868481,0.15301085883514304,65,-5.114401076716012,10.598923283983849,-9.084791386271872,280.0,0.2695,15,45,80,True,False,0.8538851351351904,0.3632773938795661,70,50.2,71.3,-1.5567649947742364,0.0,8,-0.1362,-60,-5.375,385
2026-09-17,SENSEX,RANDOM,109,-1,RANDOM,False,15:04:10,15:03-15:06,MODE_A,True,OPTION_LEAD,False,7,45,False,"['NOT_EARLY', 'NO_DIRECTIONAL_AGREEMENT', 'OPTION_NOT_RESPONDING']",,-2.0049243756595105,8.406612733028483,-12.979247274006333,65.0,0.2113,25,25,25,True,False,0.6081871345025989,0.38528678304239405,50,0.10779734099892611,10.743801652892554,-11.10312612288897,60.0,0.3239,15,15,15,True,True,0.7953216374270864,0.23192019950124737,55,35.0,45.2,7.50827752473657,1.0,7,-0.2817,-45,-7.0,650
2026-09-17,SENSEX,RANDOM,147,1,RANDOM,False,15:07:20,15:06-15:09,MODE_A,True,OPTION_LEAD,False,9,60,False,"['NOT_EARLY', 'NO_DIRECTIONAL_AGREEMENT', 'OPTION_NOT_RESPONDING']",,1.0691613765452685,4.3434680922151685,-16.739057801536926,270.0,0.3012,5,5,5,True,True,0.045207956600371184,0.5481239804241443,65,-3.475154270867161,1.4290354011042659,-19.064631373822667,265.0,0.1951,,,,False,False,0.11030741410448465,0.833605220228386,70,24.3,48.0,0.6220857400128926,0.0,9,-0.192,-60,-0.8000000000029104,460
2026-09-17,SENSEX,RANDOM,153,1,RANDOM,False,15:07:50,15:06-15:09,MODE_A,True,OPTION_LEAD,True,3,60,False,['NOT_EARLY'],,-0.3061224489795841,6.224489795918371,-15.238095238095243,240.0,0.1702,5,5,5,True,True,0.6096938775499484,0.02820512820512879,65,-5.294311081880967,2.69648142058533,-18.053271950016452,235.0,0.1975,,,,False,False,0.11224489795825941,0.5435897435897448,70,42.1,0.0,-3.7703914865733577,0.0,3,-0.1681,-60,-4.7999999999883585,430
2026-09-17,SENSEX,RANDOM,157,-1,RANDOM,False,15:08:10,15:06-15:09,MODE_A,True,FALSE_OPTION_MOVE,False,,35,False,['NOT_EARLY'],,-0.4995004995004995,9.45720945720945,-6.560106560106556,135.0,0.2668,5,5,5,True,True,0.8251689189192607,0.4826974267968053,40,-3.461662892267889,6.340989970883198,-9.220317049498544,130.0,0.2916,,,,False,False,0.618243243243524,0.6379769299023953,45,69.4,31.1,-5.982700921513317,1.0,,-0.3017,-35,-0.0,410
2026-09-17,SENSEX,RANDOM,223,1,RANDOM,False,15:13:40,15:12-15:15,MODE_A,True,SYNCHRONIZED,False,0,40,False,"['EXPIRY_ZONE', 'NOT_EARLY']",,0.4128294696729156,19.08542394410925,-6.382978723404245,140.0,0.2862,20,20,30,True,False,0.7497164461248846,0.3495807127882597,45,-1.6719242902208238,18.29652996845426,-7.003154574132489,135.0,0.2527,20,20,25,True,False,0.6249527410208875,0.3721174004192873,50,54.9,0.0,-2.8087931233060184,0.0,0,-0.2289,-40,-3.5500000000029104,80
2026-09-17,SENSEX,RANDOM,63,-1,RANDOM,False,15:00:20,15:00-15:03,MODE_A,True,SYNCHRONIZED,False,1,20,False,"['NO_DIRECTIONAL_AGREEMENT', 'OPTION_NOT_RESPONDING', 'EXTENDED']",,-1.426491994177577,-1.426491994177577,-27.976710334788933,295.0,0.4669,,,,False,False,0.0,1.0,25,-1.8851251840942496,-1.8851251840942496,-27.128129602356406,290.0,0.2654,,,,False,False,0.0,1.0,30,47.2,26.8,-1.4029548827071852,1.0,1,-0.288,-20,-0.0,880
2026-09-17,SENSEX,RANDOM,220,-1,RANDOM,False,15:13:25,15:12-15:15,MODE_A,True,NO_CLEAR_ONSET,False,,0,False,"['EXPIRY_ZONE', 'NO_DIRECTIONAL_AGREEMENT']",,-1.585065163790067,4.5086297992250834,-17.82317717506163,70.0,0.3175,25,30,30,True,False,1.0,0.4866920152091257,5,1.1059579022475796,5.8508740635033805,-16.767748840528004,65.0,0.3216,5,5,20,True,True,1.0,0.34980988593156054,10,97.1,0.0,-4.235858262980003,0.0,,-0.3325,0,-0.0,95
2026-09-17,SENSEX,RANDOM,226,1,RANDOM,False,15:13:55,15:12-15:15,MODE_A,True,SYNCHRONIZED,False,0,55,False,"['EXPIRY_ZONE', 'NOT_EARLY', 'NO_DIRECTIONAL_AGREEMENT']",,1.0793650793650722,19.047619047619047,-6.412698412698409,125.0,0.2861,5,5,15,True,True,0.7478260869566423,0.35062893081761004,60,0.5015673981191294,17.55485893416928,-7.5862068965517215,120.0,0.1883,5,10,10,True,True,0.7568998109642937,0.3941299790356391,65,76.3,0.0,-2.089292568007999,0.0,0,-0.2883,-55,-2.25,65
2026-09-17,SENSEX,RANDOM,78,-1,RANDOM,False,15:01:35,15:00-15:03,MODE_A,True,FALSE_OPTION_MOVE,False,,5,True,[],5,0.9922041105598908,9.071580439404686,-12.331679659815729,215.0,0.2484,5,10,15,True,True,0.7071524966261618,0.28125000000000056,15,5.3221288515406115,7.773109243697475,-13.375350140056028,210.0,0.2103,5,10,10,True,True,0.8056680161941093,0.37500000000000017,20,33.9,75.7,9.82636698680755,0.0,,-0.2468,-5,-0.0,805
2026-09-17,SENSEX,RANDOM,174,-1,RANDOM,False,15:09:35,15:09-15:12,MODE_A,True,SYNCHRONIZED,False,2,20,False,"['NO_DIRECTIONAL_AGREEMENT', 'OPTION_NOT_RESPONDING']",,-1.9294743845642088,9.347970725216221,-22.38855622089155,300.0,0.2999,20,25,25,True,False,0.7717584369447873,0.3811563169164873,25,1.5207840486650896,11.084825954714434,-21.155795876985458,295.0,0.3724,5,5,15,True,True,0.751332149200659,0.27837259100642403,30,87.8,0.0,-1.117575125364244,1.0,2,-0.2321,-20,-0.04999999998835847,325
2026-09-17,SENSEX,RANDOM,62,1,RANDOM,False,15:00:15,15:00-15:03,MODE_A,True,NO_CLEAR_ONSET,False,,0,False,"['NO_DIRECTIONAL_AGREEMENT', 'OPTION_NOT_RESPONDING']",,7.091714967609959,13.637913399249916,-9.444255028980562,280.0,0.2389,5,5,5,True,True,1.0,0.0,5,5.2911813643926715,10.915141430948424,-11.613976705490842,275.0,0.1999,5,5,15,True,True,1.0,0.0,10,61.4,0.0,-0.2369064034642051,0.0,,-0.3327,0,-0.0,885
2026-09-17,SENSEX,RANDOM,161,1,RANDOM,False,15:08:30,15:06-15:09,MODE_A,True,SYNCHRONIZED,False,1,10,True,[],0,-0.7728494623655952,5.9139784946236436,-16.263440860215063,200.0,0.3703,5,5,40,True,True,0.7264631043256187,0.4434389140271493,15,-0.3973509933774797,4.370860927152314,-17.483443708609276,195.0,0.1657,35,110,110,False,False,0.586513994910819,0.5852187028657614,20,75.7,39.5,-0.9805796178737232,1.0,1,-0.1029,-10,-0.0,390
2026-09-17,SENSEX,RANDOM,186,-1,RANDOM,False,15:10:35,15:09-15:12,MODE_A,True,FALSE_OPTION_MOVE,False,,0,False,"['EXPIRY_ZONE', 'NO_DIRECTIONAL_AGREEMENT']",,0.9268795056642597,12.838997596979052,-19.91074493649159,240.0,0.2062,5,15,15,True,True,1.0,0.1989473684210524,5,-0.6105834464043457,11.499321573948432,-20.86160108548168,235.0,0.2717,10,10,20,True,True,1.0,0.27052631578947295,10,49.6,0.0,5.883137890637897,0.0,,-0.2437,0,-0.0,265
2026-09-18,NIFTY,RANDOM,196,-1,RANDOM,False,15:11:25,15:09-15:12,MODE_A,False,NO_CLEAR_ONSET,False,,0,False,"['NO_DIRECTIONAL_AGREEMENT', 'OPTION_NOT_RESPONDING']",,0.9119927040583675,2.918376652986766,-2.462380300957595,125.0,0.1826,10,25,75,True,True,0.9801980198022655,0.0,5,0.774134790528241,2.777777777777775,-2.5956284153005416,120.0,0.0455,10,20,70,True,True,0.9801980198022655,0.0,10,85.8,0.0,-0.24983259750041564,0.0,,-0.3188,0,-0.0,215
2026-09-18,NIFTY,RANDOM,237,-1,RANDOM,False,15:14:50,15:12-15:15,MODE_A,False,OPTION_LEAD,False,5,25,False,"['WINDOW', 'OPTION_NOT_RESPONDING']",,-0.09004952723997688,1.4407924358397197,-3.376857271499325,40.0,0.2705,,,,False,False,0.7587301587303802,0.5978260869565225,30,-3.460674157303366,1.25842696629214,-3.550561797752812,35.0,0.27,,,,False,False,0.6380952380953393,0.6413043478260853,35,17.1,0.0,-0.17953752625663236,0.0,5,-0.2249,-25,-1.1500000000014552,10
2026-09-18,NIFTY,RANDOM,160,1,RANDOM,False,15:08:25,15:06-15:09,MODE_A,False,NO_CLEAR_ONSET,False,,5,False,"['NO_DIRECTIONAL_AGREEMENT', 'OPTION_NOT_RESPONDING']",,-0.7189072609633357,2.084831056793678,-3.3788641265276698,40.0,0.3601,,,,False,False,0.72222222222211,0.0,10,-0.2888086642599319,2.527075812274368,-2.960288808664256,35.0,0.1445,,,,False,False,1.0,0.0,15,27.9,68.7,-1.3365922992063544,0.0,,-0.2845,-5,-0.0,395
2026-09-18,NIFTY,RANDOM,192,-1,RANDOM,False,15:11:05,15:09-15:12,MODE_A,False,OPTION_LEAD,True,6,45,False,"['NOT_EARLY', 'NO_DIRECTIONAL_AGREEMENT', 'OPTION_NOT_RESPONDING', 'EXTENDED']",,-0.6747638326585694,1.5294646873594138,-3.7786774628879916,145.0,0.3154,95,95,,False,False,0.5526315789470913,0.0,50,-0.45167118337850043,1.9421860885275442,-3.387533875338753,140.0,0.2714,40,90,,False,False,0.5526315789470913,0.0,55,83.0,0.0,-0.22233666309234906,0.0,6,-0.2673,-45,-0.0,235
2026-09-18,NIFTY,RANDOM,231,1,RANDOM,False,15:14:20,15:12-15:15,MODE_A,False,UNDERLYING_LEAD,False,-3,40,False,"['NOT_EARLY', 'NO_DIRECTIONAL_AGREEMENT', 'OPTION_NOT_RESPONDING']",,-2.440775305096917,0.8614501076812553,-6.819813352476668,275.0,0.2876,60,,,False,False,0.0,0.5633802816901391,45,-1.94805194805194,1.370851370851375,-6.349206349206337,270.0,0.2167,50,55,,True,False,0.0,0.38028169014084223,50,54.7,97.6,1.4554040523450587,1.0,-3,-0.2892,-40,-0.0,40
2026-09-18,NIFTY,RANDOM,171,1,RANDOM,False,15:09:20,15:09-15:12,MODE_A,False,FALSE_OPTION_MOVE,False,,10,False,"['NO_DIRECTIONAL_AGREEMENT', 'OPTION_NOT_RESPONDING']",,0.8856088560885526,4.797047970479705,-0.14760147601475176,5.0,0.2956,10,15,45,True,True,1.0,0.0980392156862748,15,0.7369196757553428,4.642593957258668,-0.07369196757553008,200.0,0.2952,5,10,40,True,True,1.0,0.12418300653594659,20,0.0,0.0,0.06988940101777652,1.0,,-0.0733,-10,-0.0,340
2026-09-18,NIFTY,RANDOM,228,-1,RANDOM,False,15:14:05,15:12-15:15,MODE_A,False,FALSE_OPTION_MOVE,False,,0,True,[],10,-0.5459508644222097,2.5022747952684257,-2.365787079162883,75.0,0.2277,15,15,,True,True,1.0,0.4826086956521749,15,0.3651300775901467,2.829758101323604,-2.053856686444546,70.0,0.2285,10,10,,True,True,1.0,0.4217391304347821,20,90.7,0.0,0.1821991044063087,1.0,,-0.2745,0,-0.0,55
2026-09-18,NIFTY,RANDOM,72,1,RANDOM,False,15:01:05,15:00-15:03,MODE_A,False,FALSE_OPTION_MOVE,False,,0,False,"['NO_DIRECTIONAL_AGREEMENT', 'OPTION_NOT_RESPONDING']",,-0.9265387160820686,2.5148908007941837,-2.514890800794165,270.0,0.2651,20,20,70,True,False,0.8749999999997377,0.20754716981132035,5,1.285520974289565,4.803788903924218,-0.3382949932341001,265.0,0.271,10,10,15,True,True,1.0,0.0,10,85.8,0.0,1.95869572600487,1.0,,-0.2646,0,-0.0,835
2026-09-18,NIFTY,RANDOM,86,1,RANDOM,False,15:02:15,15:00-15:03,MODE_A,False,FALSE_OPTION_MOVE,False,,50,False,['NOT_EARLY'],,-1.22897800776197,0.19404915912031784,-4.721862871927544,200.0,0.2591,,,,False,False,0.7234042553190172,0.9066666666666682,55,-0.6531678641410843,1.175702155453959,-3.7883736120182774,195.0,0.2616,55,65,,False,False,0.21276595744683047,0.7066666666666682,60,61.2,62.3,1.7895967149925993,0.0,,-0.198,-50,-2.0500000000029104,765
2026-09-18,NIFTY,RANDOM,200,1,RANDOM,False,15:11:45,15:09-15:12,MODE_A,False,OPTION_LEAD,False,4,45,False,"['NOT_EARLY', 'NO_DIRECTIONAL_AGREEMENT', 'OPTION_NOT_RESPONDING']",,-1.0600706713780919,0.35335689045936397,-4.240282685512367,170.0,0.2122,,,,False,False,0.5400843881852291,0.8534482758620695,50,-0.07137758743754055,1.3561741613133516,-3.283369022127048,165.0,0.0714,30,80,,False,False,0.5400843881852291,0.6293103448275891,55,0.0,0.0,-0.2475372606743881,0.0,4,-0.2835,-45,-0.09999999999854481,195
2026-09-18,NIFTY,RANDOM,205,1,RANDOM,False,15:12:10,15:12-15:15,MODE_A,False,OPTION_RESPONSE_LAG,False,,60,False,"['NOT_EARLY', 'OPTION_NOT_RESPONDING']",,-0.42613636363637974,0.8522727272727191,-3.7642045454545534,145.0,0.071,60,,,False,False,0.8461538461536616,0.49122807017544157,65,-3.4188034188034266,1.1396011396011354,-3.490028490028494,140.0,0.1426,5,60,,True,False,0.3406593406592352,0.33333333333334,70,83.0,0.0,0.10583454021285432,0.0,,-0.1432,-60,-2.75,170
2026-09-18,NIFTY,RANDOM,138,1,RANDOM,False,15:06:35,15:06-15:09,MODE_A,False,SYNCHRONIZED,False,2,45,False,"['NOT_EARLY', 'NO_DIRECTIONAL_AGREEMENT', 'OPTION_NOT_RESPONDING']",,-2.7379400260756306,-1.3037809647979137,-12.385919165580182,150.0,0.2611,,,,False,False,0.0,1.0,50,-1.7774851876234474,-0.32916392363396973,-11.52073732718894,145.0,0.3297,,,,False,False,0.009345794392389908,1.0,55,4.7,0.0,-0.3607075258865117,0.0,2,-0.2635,-45,-0.7999999999992724,505
2026-09-18,NIFTY,RANDOM,148,1,RANDOM,False,15:07:25,15:06-15:09,MODE_A,False,NO_CLEAR_ONSET,False,,0,False,"['NO_DIRECTIONAL_AGREEMENT', 'OPTION_NOT_RESPONDING']",,-2.9034436191762207,-0.4051316677920286,-9.250506414584732,100.0,0.1351,,,,False,False,,,5,-2.640487474610682,-0.3385240352064997,-9.00473933649288,95.0,0.1355,,,,False,False,,,10,13.7,0.0,0.033273801268578374,0.0,,-0.2699,0,-0.0,455
2026-09-18,NIFTY,RANDOM,63,-1,RANDOM,False,15:00:20,15:00-15:03,MODE_A,False,UNDERLYING_LEAD,False,-7,55,False,"['NOT_EARLY', 'OPTION_NOT_RESPONDING']",,0.0,3.1614785992217898,-1.118677042801548,10.0,0.146,25,25,50,True,False,0.34560327198356217,0.6358839050131921,60,-0.48402710551790895,2.6621490803484993,-1.5972894482090914,5.0,0.1938,20,25,45,True,False,0.39183673469381813,0.6860158311345651,65,75.0,0.0,-0.08935068797198964,1.0,-7,-0.1462,-55,-0.4500000000007276,880
2026-09-18,NIFTY,RANDOM,141,1,RANDOM,False,15:06:50,15:06-15:09,MODE_A,False,SYNCHRONIZED,False,2,60,False,"['NOT_EARLY', 'NO_DIRECTIONAL_AGREEMENT', 'OPTION_NOT_RESPONDING']",,-1.9867549668874174,-1.192052980132458,-10.993377483443705,135.0,0.1989,,,,False,False,0.0,1.0,65,-1.1363636363636287,-0.40106951871657376,-10.160427807486624,130.0,0.2677,,,,False,False,0.02941176470547324,1.0,70,50.7,0.0,1.0117493472584747,0.0,2,-0.3297,-60,-1.7000000000007276,490
2026-09-18,NIFTY,RANDOM,186,1,RANDOM,False,15:10:35,15:09-15:12,MODE_A,False,FALSE_OPTION_MOVE,True,,40,False,"['NOT_EARLY', 'NO_DIRECTIONAL_AGREEMENT', 'OPTION_NOT_RESPONDING']",,0.36523009495982467,3.7253469685902076,-1.0226442658875132,240.0,0.2194,20,25,35,True,True,0.9230769230767244,0.0991735537190076,45,0.5856515373352938,3.9531478770131816,-0.8052708638360134,235.0,0.2933,5,20,30,True,True,0.9230769230767244,0.041322314049586896,50,10.4,0.0,-0.5778259299385937,0.0,,-0.0726,-40,-0.10000000000218279,265
2026-09-18,NIFTY,RANDOM,151,-1,RANDOM,False,15:07:40,15:06-15:09,MODE_A,False,OPTION_LEAD,False,3,60,False,['NOT_EARLY'],,3.885291396854767,4.810360777058282,0.23126734505087881,5.0,0.2779,10,20,45,True,True,0.7017045454543758,0.4907407407407406,65,1.9797421731123441,4.327808471454883,0.0920810313075585,30.0,0.2305,15,35,45,True,True,0.6931818181817736,0.539351851851851,70,51.8,35.4,-0.40055493895671207,1.0,3,-0.2357,-60,-0.0,440
2026-09-18,NIFTY,RANDOM,220,1,RANDOM,False,15:13:25,15:12-15:15,MODE_A,False,OPTION_LEAD,False,3,35,False,"['NOT_EARLY', 'OPTION_NOT_RESPONDING']",,-0.7773851590105967,0.35335689045936397,-7.773851590106007,295.0,0.2122,,,,False,False,0.5089285714284438,0.8682170542635665,40,-1.4044943820224718,-0.8426966292134951,-8.497191011235952,300.0,0.2813,,,,False,False,0.4196428571427063,1.0,45,14.3,0.0,-0.21149101163201364,1.0,3,-0.211,-35,-0.2000000000007276,95
2026-09-18,NIFTY,RANDOM,137,1,RANDOM,False,15:06:30,15:06-15:09,MODE_A,False,SYNCHRONIZED,False,2,40,False,"['NOT_EARLY', 'NO_DIRECTIONAL_AGREEMENT', 'OPTION_NOT_RESPONDING']",,-1.8421052631579022,0.6578947368421052,-11.578947368421048,155.0,0.2635,5,,,False,False,0.0090909090907768,0.7606837606837643,45,-2.7379400260756306,-1.3037809647979137,-12.385919165580182,150.0,0.2611,,,,False,False,0.0,1.0,50,12.0,0.0,0.19421831988344157,0.0,2,-0.262,-40,-0.75,510
2026-09-18,NIFTY,RANDOM,102,-1,RANDOM,False,15:03:35,15:03-15:06,MODE_A,False,FALSE_OPTION_MOVE,False,,5,True,[],5,-0.09629272989888717,7.173808377467504,-2.4554646124217596,155.0,0.241,55,60,115,True,False,0.8382352941176471,0.1932114882506521,15,-1.106301106301112,7.455507455507456,-2.5493025493025545,150.0,0.1926,50,55,110,True,False,0.7352941176470589,0.19849246231155715,20,78.2,0.0,1.4428107669675576,0.0,,-0.2435,-5,-0.0,685
2026-09-18,NIFTY,RANDOM,93,-1,RANDOM,False,15:02:50,15:00-15:03,MODE_A,False,OPTION_LEAD,False,5,25,False,"['NO_DIRECTIONAL_AGREEMENT', 'OPTION_NOT_RESPONDING']",,-1.7848528702363804,4.920405209840804,-2.2672455378678325,205.0,0.2415,100,110,120,False,False,0.5823529411765562,0.14682539682539836,30,-1.260911736178465,5.722599418040743,-1.7458777885547985,200.0,0.2428,40,95,105,False,False,0.5833333333333334,0.057251908396946466,35,8.6,0.0,-0.5284839046374173,1.0,5,-0.2398,-25,-0.8500000000021828,730
2026-09-18,NIFTY,RANDOM,181,1,RANDOM,False,15:10:10,15:09-15:12,MODE_A,False,FALSE_OPTION_MOVE,False,,45,False,"['NOT_EARLY', 'NO_DIRECTIONAL_AGREEMENT', 'OPTION_NOT_RESPONDING']",,-0.434782608695648,2.898550724637681,-1.8115942028985508,265.0,0.0725,55,60,70,True,False,0.8953488372091154,0.4444444444444428,50,0.438596491228066,3.8011695906432665,-0.950292397660827,260.0,0.0731,5,5,55,True,True,0.8604651162789616,0.2875816993464046,55,4.7,0.0,1.0550461153375141,1.0,,-0.2156,-45,-0.8499999999985448,290
2026-09-18,NIFTY,RANDOM,116,-1,RANDOM,False,15:04:45,15:03-15:06,MODE_A,False,SYNCHRONIZED,False,2,20,False,"['NO_DIRECTIONAL_AGREEMENT', 'OPTION_NOT_RESPONDING', 'EXTENDED']",,-0.28571428571428303,7.714285714285708,-3.5238095238095264,90.0,0.1907,5,,,False,False,0.8292682926829863,0.20574162679425886,25,-0.8490566037735903,6.6981132075471645,-4.433962264150946,85.0,0.1889,,,,False,False,0.7743902439024147,0.30143540669856506,30,91.5,86.5,0.5498329709036108,1.0,2,-0.095,-20,-0.0,615
2026-09-18,NIFTY,RANDOM,198,1,RANDOM,False,15:11:35,15:09-15:12,MODE_A,False,OPTION_LEAD,False,4,35,False,"['NOT_EARLY', 'NO_DIRECTIONAL_AGREEMENT', 'OPTION_NOT_RESPONDING']",,-1.0600706713780919,0.35335689045936397,-4.240282685512367,180.0,0.1414,,,,False,False,0.5274261603373105,0.8620689655172439,40,-0.9200283085633483,0.4953998584571752,-4.104741684359527,175.0,0.2835,,,,False,False,0.5274261603373105,0.8103448275862073,45,8.6,0.0,-0.10635774019020916,1.0,4,-0.2122,-35,-0.09999999999854481,205
2026-09-18,NIFTY,RANDOM,218,1,RANDOM,False,15:13:15,15:12-15:15,MODE_A,False,OPTION_LEAD,False,3,25,True,[],0,-0.7730147575544783,-0.21082220660577045,-7.87069571328181,295.0,0.211,,,,False,False,0.468749999999797,0.9922480620155065,30,-0.7730147575544783,-0.21082220660577045,-8.292340126493333,300.0,0.211,,,,False,False,0.48660714285700946,0.9922480620155065,35,97.9,96.3,1.1798167666345822,1.0,3,-0.3525,-25,-0.0,105
2026-09-18,NIFTY,RANDOM,123,1,RANDOM,False,15:05:20,15:03-15:06,MODE_A,False,FALSE_OPTION_MOVE,False,,0,False,"['NO_DIRECTIONAL_AGREEMENT', 'OPTION_NOT_RESPONDING']",,-0.7328447701532275,2.2651565622918093,-10.459693537641565,225.0,0.1333,40,45,55,True,False,1.0,0.38842975206611585,5,1.5498652291105006,3.436657681940697,-9.433962264150942,220.0,0.2024,30,35,35,True,True,1.0,0.0991735537190076,10,80.0,0.0,0.8083416402715945,1.0,,-0.2674,0,-0.0,580
2026-09-18,NIFTY,RANDOM,185,-1,RANDOM,False,15:10:30,15:09-15:12,MODE_A,False,FALSE_OPTION_MOVE,False,,10,True,[],10,-0.35273368606702443,-0.35273368606702443,-5.68783068783069,170.0,0.1765,,,,False,False,0.9101123595510671,1.0,25,-0.35366931918655303,-0.13262599469495268,-5.437665782493362,165.0,0.0885,,,,False,False,0.3033707865164773,0.9772727272727284,30,10.4,8.6,0.6424035437120098,0.0,,-0.267,-10,-0.0,270
2026-09-18,NIFTY,RANDOM,70,-1,RANDOM,False,15:00:55,15:00-15:03,MODE_A,False,SYNCHRONIZED,False,-1,60,False,"['NOT_EARLY', 'NO_DIRECTIONAL_AGREEMENT', 'OPTION_NOT_RESPONDING', 'EXTENDED']",,-1.0952380952381007,0.9999999999999972,-3.0476190476190506,140.0,0.2861,15,,,False,False,0.31063829787230945,0.8504155124653731,65,-1.6810758885686843,1.8731988472622505,-2.209414024975982,135.0,0.2404,10,10,,True,True,0.18510638297866147,0.7534626038781156,70,86.3,0.0,-0.8505808053508718,1.0,-1,-0.2393,-60,-0.0,845
2026-09-18,NIFTY,RANDOM,168,-1,RANDOM,False,15:09:05,15:09-15:12,MODE_A,False,UNDERLYING_LEAD,False,-3,60,False,"['NOT_EARLY', 'NO_DIRECTIONAL_AGREEMENT', 'OPTION_NOT_RESPONDING', 'EXTENDED']",,-2.250661959399821,0.0,-5.604589585172104,265.0,0.1767,,,,False,False,0.39351851851841246,0.9456521739130436,65,-0.3991130820399138,0.487804878048778,-5.14412416851441,260.0,0.1331,,,,False,False,0.39351851851841246,0.8315217391304338,70,0.0,0.0,0.042237213169829146,1.0,-3,-0.2665,-60,-0.0,355
2026-09-18,NIFTY,RANDOM,152,-1,RANDOM,False,15:07:45,15:06-15:09,MODE_A,False,SYNCHRONIZED,False,0,50,False,['NOT_EARLY'],,1.9797421731123441,4.327808471454883,0.0920810313075585,30.0,0.2305,15,35,45,True,True,0.6991404011461444,0.48041775456918984,55,-0.22925263640531865,3.897294818890417,-0.3209536909674409,25.0,0.2755,10,35,40,True,True,0.6676217765043535,0.5248041775456923,60,84.6,52.4,1.9323231342973175,1.0,0,-0.2779,-50,-0.0,435
2026-09-18,NIFTY,RANDOM,132,-1,RANDOM,False,15:06:05,15:06-15:09,MODE_A,False,NO_CLEAR_ONSET,False,,0,False,"['NO_DIRECTIONAL_AGREEMENT', 'OPTION_NOT_RESPONDING']",,5.377906976744183,9.78682170542635,-1.8410852713178347,10.0,0.2425,35,50,55,True,False,0.8904494382022242,0.0,5,5.3475935828877015,10.160427807486634,-1.5070491006319857,5.0,0.2434,30,40,45,True,False,1.0,0.0,10,94.7,0.0,-0.7429706269172126,0.0,,-0.1935,0,-0.0,535
2026-09-18,NIFTY,RANDOM,163,-1,RANDOM,False,15:08:40,15:06-15:09,MODE_A,False,SYNCHRONIZED,False,0,60,False,"['NOT_EARLY', 'NO_DIRECTIONAL_AGREEMENT', 'OPTION_NOT_RESPONDING']",,1.7985611510791366,1.8884892086330884,-3.8219424460431655,290.0,0.18,15,20,,True,True,0.3240418118468242,0.6813559322033886,65,-0.491290754801248,1.20589548905761,-4.466279589102277,285.0,0.2236,20,20,,True,True,0.35191637630685874,0.7796610169491526,70,79.4,46.1,-0.9012331801099198,1.0,0,-0.09,-60,-0.0,380
2026-09-18,NIFTY,RANDOM,131,-1,RANDOM,False,15:06:00,15:06-15:09,MODE_A,False,UNDERLYING_LEAD,True,-5,60,False,"['NOT_EARLY', 'NO_DIRECTIONAL_AGREEMENT', 'OPTION_NOT_RESPONDING']",,-0.4833252779120348,9.52150797486708,-2.078298695021755,15.0,0.1935,50,55,60,True,False,1.0,0.0,65,-0.5813953488372176,9.78682170542635,-1.8410852713178347,10.0,0.2425,35,50,55,True,False,0.9296187683284151,0.0,70,40.7,62.3,0.25665916805736644,0.0,-5,-0.1912,-60,-0.7000000000007276,540
2026-09-18,NIFTY,RANDOM,158,1,RANDOM,False,15:08:15,15:06-15:09,MODE_A,False,NO_CLEAR_ONSET,False,,0,False,"['NO_DIRECTIONAL_AGREEMENT', 'OPTION_NOT_RESPONDING']",,-3.0196629213483224,-0.28089887640449834,-5.617977528089887,50.0,0.2813,,,,False,False,1.0,1.0,5,-1.9176136363636482,0.8522727272727191,-4.545454545454549,45.0,0.2845,,,,False,False,1.0,0.0,10,83.0,0.0,-0.1072217740213815,1.0,,-0.2819,0,-0.0,405
2026-09-18,NIFTY,RANDOM,224,-1,RANDOM,False,15:13:45,15:12-15:15,MODE_A,False,SYNCHRONIZED,False,0,10,True,[],0,0.7848568790397125,4.016620498614967,-0.9233610341643583,105.0,0.2311,15,20,20,True,True,0.9377990430620661,0.20434782608695604,15,0.8780036968576735,4.112754158964883,-0.8317929759704303,100.0,0.0925,10,15,15,True,True,0.8899521531099163,0.20000000000000098,20,63.6,0.0,-0.8439131383250927,1.0,0,-0.0922,-10,-0.0,75
2026-09-18,NIFTY,RANDOM,96,1,RANDOM,False,15:03:05,15:03-15:06,MODE_A,False,SYNCHRONIZED,False,2,55,False,"['NOT_EARLY', 'NO_DIRECTIONAL_AGREEMENT', 'OPTION_NOT_RESPONDING']",,-0.32743942370661433,1.440733464309114,-7.793058284217405,295.0,0.1967,5,10,,True,True,0.6590909090908339,0.47959183673469796,60,-0.5191434133679318,0.5191434133679503,-8.63075924724204,290.0,0.325,15,,,False,False,0.8712121212123133,0.7448979591836737,65,14.3,0.0,-0.06746230994038732,1.0,2,-0.2604,-55,-3.75,715
2026-09-18,NIFTY,RANDOM,91,1,RANDOM,False,15:02:40,15:00-15:03,MODE_A,False,SYNCHRONIZED,True,2,30,False,"['NO_DIRECTIONAL_AGREEMENT', 'OPTION_NOT_RESPONDING']",,0.7279947054930472,2.5148908007941837,-4.8312375909993275,300.0,0.2651,10,15,35,True,True,0.8939393939398115,0.14285714285714618,35,0.5948446794447966,2.3793787177792427,-5.155320555188374,300.0,0.331,5,15,30,True,True,0.7651515151515736,0.17346938775510648,40,4.7,0.0,0.7925628746174627,0.0,2,-0.264,-30,-3.4500000000007276,740
2026-09-18,NIFTY,RANDOM,125,-1,RANDOM,False,15:05:30,15:03-15:06,MODE_A,False,SYNCHRONIZED,False,1,60,False,"['NOT_EARLY', 'OPTION_NOT_RESPONDING']",,-2.5943396226415096,6.6981132075471645,-4.433962264150946,45.0,0.1416,,,,False,False,0.6055045871559714,0.23622047244094474,65,-2.9149036201222325,6.535025858015987,-4.748472026328159,40.0,0.2825,,,,False,False,0.5718654434251336,0.2583120204603585,70,7.7,6.5,1.5312387188769645,1.0,1,-0.237,-60,-0.0,570
2026-09-18,NIFTY,RANDOM,67,-1,RANDOM,False,15:00:40,15:00-15:03,MODE_A,False,SYNCHRONIZED,False,-1,50,False,['NOT_EARLY'],,-0.48402710551790895,2.6621490803484993,-1.452081316553727,155.0,0.2908,5,10,30,True,True,0.40663900414937193,0.678947368421053,55,-0.4791566842357451,1.629132726401536,-2.443699089602297,150.0,0.1918,25,25,,True,True,0.29674796747966276,0.7947368421052629,60,29.7,76.6,2.5844494238887568,0.0,-1,-0.1942,-50,-0.5999999999985448,860
2026-09-18,NIFTY,RANDOM,155,1,RANDOM,False,15:08:00,15:06-15:09,MODE_A,False,NO_CLEAR_ONSET,False,,0,False,"['NO_DIRECTIONAL_AGREEMENT', 'OPTION_NOT_RESPONDING']",,0.07077140835102215,0.4953998584571752,-4.88322717622081,65.0,0.3545,,,,False,False,,0.0,5,0.0,0.21171489061398122,-5.151729004940003,60.0,0.2119,,,,False,False,1.0,0.0,10,53.2,0.0,-0.14034433409530356,0.0,,-0.2803,0,-0.0,420
2026-09-18,NIFTY,RANDOM,164,-1,RANDOM,False,15:08:45,15:06-15:09,MODE_A,False,UNDERLYING_LEAD,False,-3,60,False,"['NOT_EARLY', 'OPTION_NOT_RESPONDING', 'EXTENDED']",,-0.491290754801248,1.20589548905761,-4.466279589102277,285.0,0.2236,20,20,,True,True,0.408906882591377,0.7045454545454546,65,1.2550425818018878,1.5688032272523533,-4.123711340206181,280.0,0.2693,10,15,,True,True,0.35222672064799154,0.6272727272727278,70,75.8,55.6,0.224194748527101,1.0,-3,-0.18,-60,-0.0,375
2026-09-18,NIFTY,RANDOM,167,-1,RANDOM,False,15:09:00,15:09-15:12,MODE_A,False,UNDERLYING_LEAD,False,-3,60,False,['NOT_EARLY'],,-0.5323868677906021,0.5323868677905894,-5.1020408163265305,270.0,0.2665,95,,,False,False,0.3901345291481269,0.8043478260869557,65,-2.250661959399821,0.0,-5.604589585172104,265.0,0.1767,,,,False,False,0.38116591928246146,0.9456521739130436,70,40.7,0.0,0.8737744640594363,0.0,-3,-0.268,-60,-0.0,360
2026-09-18,NIFTY,RANDOM,126,-1,RANDOM,False,15:05:35,15:03-15:06,MODE_A,False,UNDERLYING_LEAD,False,-10,60,False,"['NOT_EARLY', 'OPTION_NOT_RESPONDING']",,-2.9149036201222325,6.535025858015987,-4.748472026328159,40.0,0.2825,,,,False,False,0.6071428571429415,0.20329670329670405,65,-2.731983042863877,6.7357512953367795,-4.569006123410277,35.0,0.1414,120,120,,False,False,0.6071428571429415,0.18956043956044033,70,7.7,0.0,-0.6514611553161549,1.0,-10,-0.1416,-60,-0.0,565
2026-09-18,NIFTY,RANDOM,145,1,RANDOM,False,15:07:10,15:06-15:09,MODE_A,False,NO_CLEAR_ONSET,False,,10,False,"['NO_DIRECTIONAL_AGREEMENT', 'OPTION_NOT_RESPONDING']",,-3.425117528542642,-0.4701141705842962,-9.738079247817327,115.0,0.2017,,,,False,False,0.0,1.0,15,-3.2952252858103415,-0.47074646940147186,-9.616677874915927,110.0,0.3368,,,,False,False,0.0,1.0,20,8.6,0.0,1.4105003007983503,0.0,,-0.1341,-10,-0.0,470
2026-09-18,NIFTY,RANDOM,207,1,RANDOM,False,15:12:20,15:12-15:15,MODE_A,False,SYNCHRONIZED,False,1,15,False,"['NO_DIRECTIONAL_AGREEMENT', 'OPTION_NOT_RESPONDING']",,-1.4861995753715658,0.4953998584571752,-4.104741684359527,135.0,0.0708,,,,False,False,0.6404494382020772,0.6200000000000045,20,-0.4291845493562394,1.57367668097281,-3.0758226037196073,130.0,0.0716,45,45,,True,False,0.4831460674153583,0.02000000000000455,25,97.6,86.9,-1.0713264023007945,1.0,1,-0.1426,-15,-0.0,160
2026-09-18,NIFTY,RANDOM,156,-1,RANDOM,False,15:08:05,15:06-15:09,MODE_A,False,SYNCHRONIZED,False,0,60,False,"['NOT_EARLY', 'NO_DIRECTIONAL_AGREEMENT', 'OPTION_NOT_RESPONDING']",,-0.36663611365718746,3.849679193400553,-0.36663611365718746,10.0,0.2754,15,20,25,True,True,0.5580645161291261,0.45288753799392156,65,1.5589179275561695,3.897294818890417,-1.3296652911508509,300.0,0.1376,10,15,20,True,True,0.5258064516129971,0.45592705167173203,70,47.1,11.0,0.3201338332309004,1.0,0,-0.1822,-60,-0.0,415
2026-09-18,NIFTY,RANDOM,212,1,RANDOM,False,15:12:45,15:12-15:15,MODE_A,False,NO_CLEAR_ONSET,False,,5,False,"['NO_DIRECTIONAL_AGREEMENT', 'OPTION_NOT_RESPONDING']",,1.3245033112582654,4.4885945548197155,-1.177336276674021,300.0,0.221,10,10,15,True,True,1.0,0.0,10,1.0271460014673348,4.18195157740278,-1.8341892883345559,300.0,0.2203,5,5,15,True,True,1.0,0.0,15,0.0,69.5,-0.3664549141241157,0.0,,-0.1461,-5,-0.0,135
2026-09-18,NIFTY,RANDOM,157,1,RANDOM,False,15:08:10,15:06-15:09,MODE_A,False,NO_CLEAR_ONSET,False,,0,False,"['NO_DIRECTIONAL_AGREEMENT', 'OPTION_NOT_RESPONDING']",,-2.674173117522859,-0.07037297677691366,-5.418719211822652,55.0,0.2819,,,,False,False,1.0,0.7391304347826184,5,-2.879213483146063,-0.28089887640449834,-5.617977528089887,50.0,0.2813,,,,False,False,1.0,1.0,10,80.9,0.0,1.5107561245409495,0.0,,-0.2119,0,-0.0,410
2026-09-18,NIFTY,RANDOM,161,1,RANDOM,False,15:08:30,15:06-15:09,MODE_A,False,NO_CLEAR_ONSET,False,,10,False,"['NO_DIRECTIONAL_AGREEMENT', 'OPTION_NOT_RESPONDING']",,-0.2888086642599319,2.527075812274368,-2.960288808664256,35.0,0.1445,,,,False,False,1.0,0.0,15,-0.6502890173410446,2.6011560693641576,-2.8901734104046244,30.0,0.217,,,,False,False,1.0,0.0,20,29.7,0.0,-0.11948990962982031,0.0,,-0.3601,-10,-0.25,390
2026-09-18,NIFTY,RANDOM,105,-1,RANDOM,False,15:03:50,15:03-15:06,MODE_A,False,OPTION_LEAD,False,4,20,False,"['NO_DIRECTIONAL_AGREEMENT', 'OPTION_NOT_RESPONDING', 'EXTENDED']",,0.9689922480620154,8.236434108527131,-1.8410852713178347,145.0,0.0969,40,40,60,True,True,0.8815028901734475,0.12814070351758847,25,-0.24084778420038538,7.707129094412332,-2.4084778420038537,140.0,0.2411,40,45,100,True,False,0.8815028901734475,0.17866004962779122,30,94.5,44.8,0.16869212766394637,1.0,4,-0.1926,-20,-0.0,670
2026-09-18,NIFTY,RANDOM,219,1,RANDOM,False,15:13:20,15:12-15:15,MODE_A,False,OPTION_LEAD,False,3,30,True,[],0,-0.7730147575544783,-0.21082220660577045,-8.292340126493333,300.0,0.211,,,,False,False,0.48660714285700946,0.9922480620155065,35,-0.7773851590105967,0.35335689045936397,-7.773851590106007,295.0,0.2122,,,,False,False,0.5089285714284438,0.8682170542635665,40,97.9,0.0,-1.3275211573014192,1.0,3,-0.211,-30,-0.0,100
2026-09-18,NIFTY,RANDOM,111,1,RANDOM,False,15:04:20,15:03-15:06,MODE_A,False,SYNCHRONIZED,False,0,30,True,[],0,-1.8929503916448938,0.19582245430810144,-12.27154046997388,285.0,0.1306,,,,False,False,0.0,0.6000000000000038,35,-1.4426229508196646,0.6557377049180327,-11.86885245901639,280.0,0.2626,110,,,False,False,0.0,0.06666666666668182,40,62.8,0.0,-0.7887839332640835,1.0,0,-0.2601,-30,-0.5,640
2026-09-18,NIFTY,RANDOM,124,1,RANDOM,False,15:05:25,15:03-15:06,MODE_A,False,FALSE_OPTION_MOVE,False,,5,False,"['NO_DIRECTIONAL_AGREEMENT', 'OPTION_NOT_RESPONDING']",,1.5498652291105006,3.436657681940697,-9.433962264150942,220.0,0.2024,30,35,35,True,True,1.0,0.0991735537190076,10,1.6869095816464237,3.5762483130904266,-9.311740890688249,215.0,0.135,20,30,30,True,True,1.0,0.07438016528925454,15,4.3,0.0,-0.5072919274571643,1.0,,-0.1333,-5,-0.0,575
2026-09-18,NIFTY,RANDOM,73,1,RANDOM,False,15:01:10,15:00-15:03,MODE_A,False,FALSE_OPTION_MOVE,False,,5,False,"['NO_DIRECTIONAL_AGREEMENT', 'OPTION_NOT_RESPONDING']",,-0.0676589986468354,4.803788903924218,-0.3382949932341001,265.0,0.271,10,10,15,True,True,1.0,0.0,10,1.148648648648641,4.662162162162166,-0.47297297297296526,260.0,0.2029,5,5,10,True,True,1.0,0.0,15,78.2,88.2,-1.1329921376650083,1.0,,-0.2651,-5,-0.0,830
2026-09-18,NIFTY,RANDOM,183,1,RANDOM,False,15:10:20,15:09-15:12,MODE_A,False,FALSE_OPTION_MOVE,True,,55,False,"['NOT_EARLY', 'NO_DIRECTIONAL_AGREEMENT']",,-0.7942238267147973,2.527075812274368,-2.166064981949458,255.0,0.0722,45,50,75,True,False,0.8604651162789616,0.456521739130433,60,-0.8658008658008577,2.4531024531024572,-2.236652236652233,250.0,0.2167,45,45,,True,False,0.8720930232559615,0.456521739130433,65,53.2,26.7,-0.007501663454779539,0.0,,-0.0731,-55,-0.0,280
2026-09-18,NIFTY,RANDOM,214,1,RANDOM,False,15:12:55,15:12-15:15,MODE_A,False,NO_CLEAR_ONSET,False,,5,False,['NO_DIRECTIONAL_AGREEMENT'],,1.0806916426512967,2.305475504322758,-3.602305475504323,295.0,0.2164,10,15,15,True,True,1.0,0.4496124031007769,10,-1.2195121951219634,1.8651362984218034,-4.017216642754659,290.0,0.2874,10,10,,True,True,1.0,0.5348837209302317,15,80.9,0.0,1.1346885185917672,0.0,,-0.2203,-5,-0.0,125
2026-09-18,NIFTY,RANDOM,201,1,RANDOM,False,15:11:50,15:09-15:12,MODE_A,False,SYNCHRONIZED,False,0,50,False,"['NOT_EARLY', 'NO_DIRECTIONAL_AGREEMENT', 'OPTION_NOT_RESPONDING']",,-0.07137758743754055,1.3561741613133516,-3.283369022127048,165.0,0.0714,30,80,,False,False,0.5400843881852291,0.5473684210526364,55,-0.4975124378109372,0.9239516702203351,-3.6958066808813,160.0,0.2134,75,,,False,False,0.5274261603373105,0.6526315789473732,60,12.0,0.0,0.38934337900734284,0.0,0,-0.2122,-50,-0.24999999999636202,190
2026-09-18,NIFTY,RANDOM,172,1,RANDOM,False,15:09:25,15:09-15:12,MODE_A,False,FALSE_OPTION_MOVE,True,,0,True,[],10,-0.434782608695648,2.898550724637681,-1.8115942028985508,300.0,0.145,30,95,105,False,False,0.8837209302325385,0.4379084967320267,15,0.3671071953010279,4.258443465491933,-0.5139500734214307,295.0,0.0734,10,25,25,True,True,0.8953488372091154,0.2091503267973855,20,52.0,0.0,-1.4717018230626397,0.0,,-0.2956,0,-0.0,335
2026-09-18,NIFTY,RANDOM,65,-1,RANDOM,False,15:00:30,15:00-15:03,MODE_A,False,SYNCHRONIZED,False,-1,40,False,"['NOT_EARLY', 'NO_DIRECTIONAL_AGREEMENT', 'OPTION_NOT_RESPONDING']",,0.8832188420019543,4.07262021589793,-0.09813542688911533,165.0,0.2456,5,10,15,True,True,0.45010615711247864,0.5356200527704492,45,-0.2909796314257974,2.8612997090203716,-1.260911736178465,160.0,0.1942,10,10,35,True,True,0.40041493775926973,0.6631578947368418,50,79.7,0.0,0.3161651480225209,1.0,-1,-0.1938,-40,-1.0999999999985448,870
2026-09-18,NIFTY,RANDOM,170,1,RANDOM,False,15:09:15,15:09-15:12,MODE_A,False,FALSE_OPTION_MOVE,False,,5,False,"['NO_DIRECTIONAL_AGREEMENT', 'OPTION_NOT_RESPONDING']",,0.7331378299120234,4.105571847507327,-0.9530791788856389,5.0,0.0733,20,20,110,True,True,1.0,0.2352941176470573,10,0.8856088560885526,4.797047970479705,-0.14760147601475176,5.0,0.2956,10,15,45,True,True,1.0,0.0980392156862748,15,10.4,0.0,1.0388412618644485,1.0,,-0.2954,-5,-0.0,345
2026-09-18,SENSEX,RANDOM,176,-1,RANDOM,False,15:09:45,15:09-15:12,MODE_A,False,OPTION_RESPONSE_LAG,False,,60,False,"['NOT_EARLY', 'NO_DIRECTIONAL_AGREEMENT', 'OPTION_NOT_RESPONDING', 'EXTENDED']",,-0.4150812867519785,0.9915830739075318,-3.147699757869244,210.0,0.2424,15,,,False,False,0.6166666666660684,0.22695035460993193,65,0.18475750577367467,1.1431870669745932,-3.0023094688221708,205.0,0.2659,10,25,,True,True,0.7616666666670919,0.12765957446808973,70,10.1,87.3,1.340251429064883,1.0,,-0.2531,-60,-22.875,315
2026-09-18,SENSEX,RANDOM,145,-1,RANDOM,False,15:07:10,15:06-15:09,MODE_A,False,OPTION_RESPONSE_LAG,False,,50,False,"['NOT_EARLY', 'OPTION_NOT_RESPONDING']",,4.357117416597418,4.357117416597418,0.1305947999525137,5.0,0.0831,15,30,50,True,True,0.8028753993609852,0.4354243542435424,55,3.6374407582938444,4.1469194312796205,0.16587677725118213,5.0,0.0711,25,25,70,True,True,0.7789137380191321,0.4612546125461255,60,64.8,62.8,-0.3310544333188551,1.0,,-0.2022,-50,-0.0,470
2026-09-18,SENSEX,RANDOM,167,-1,RANDOM,False,15:09:00,15:09-15:12,MODE_A,False,SYNCHRONIZED,False,0,60,False,"['NOT_EARLY', 'OPTION_NOT_RESPONDING', 'EXTENDED']",,-0.7074395253308914,0.2966681880419925,-4.153354632587857,255.0,0.217,,,,False,False,0.04290876242096431,0.837328767123288,65,-1.9895407003183263,-0.06821282401091663,-4.502046384720329,250.0,0.2846,,,,False,False,0.0,0.9366438356164377,70,12.5,0.0,-0.1143693682662131,0.0,0,-0.206,-60,-0.5500000000029104,360
2026-09-18,SENSEX,RANDOM,225,-1,RANDOM,False,15:13:50,15:12-15:15,MODE_A,False,FALSE_OPTION_MOVE,False,,30,False,['OPTION_NOT_RESPONDING'],,0.9056692542930995,2.893436838390956,-2.0230533992001933,90.0,0.2709,10,15,15,True,True,0.831603229527283,0.2325581395348831,35,-0.29243186337583343,2.3277576324716316,-2.561703123172298,85.0,0.2577,10,10,,True,True,0.7750865051901906,0.3706395348837199,40,41.9,0.0,-0.3450128755328091,0.0,,-0.2584,-30,-2.125,70
2026-09-18,SENSEX,RANDOM,198,-1,RANDOM,False,15:11:35,15:09-15:12,MODE_A,False,NO_CLEAR_ONSET,False,,5,False,"['OPTION_NOT_RESPONDING', 'EXTENDED']",,-0.1843105632991617,0.8985139960833952,-4.043312982375305,225.0,0.1383,65,,,False,False,0.9002267573704855,0.303249097472927,10,-0.4592949822023194,0.5741187277528993,-4.351819956366974,220.0,0.1839,60,,,False,False,0.9002267573704855,0.4909747292418814,15,12.3,37.2,0.3009620761205722,1.0,,-0.2538,-5,-0.0,205
2026-09-18,SENSEX,RANDOM,139,-1,RANDOM,False,15:06:40,15:06-15:09,MODE_A,False,NO_CLEAR_ONSET,False,,20,False,"['NO_DIRECTIONAL_AGREEMENT', 'OPTION_NOT_RESPONDING']",,-0.04825672578115301,6.04415490408976,-0.10857763300759768,5.0,0.29,20,20,45,True,True,0.9856230031948882,0.22509225092250923,25,-0.1686950234968041,5.9163754669237285,-0.1686950234968041,5.0,0.2292,15,20,40,True,True,0.9856230031948882,0.24354243542435425,30,26.5,0.0,-0.8078120409270072,1.0,,-0.2678,-20,-1.3000000000029104,500
2026-09-18,SENSEX,RANDOM,120,1,RANDOM,False,15:05:05,15:03-15:06,MODE_A,False,NO_CLEAR_ONSET,False,,10,False,"['NO_DIRECTIONAL_AGREEMENT', 'OPTION_NOT_RESPONDING']",,-0.7957229889344744,2.312569936590827,-8.106427949769978,240.0,0.249,45,55,65,True,True,0.8803418803418803,0.10480349344978077,15,-0.9926789924308227,2.1094428589154983,-8.288869586797363,235.0,0.2112,45,50,65,True,True,0.8153846153848144,0.18122270742357996,20,53.4,0.0,-0.7677019763499275,1.0,,-0.2603,-10,-0.125,595
2026-09-18,SENSEX,RANDOM,159,1,RANDOM,False,15:08:20,15:06-15:09,MODE_A,False,NO_CLEAR_ONSET,False,,0,False,"['NO_DIRECTIONAL_AGREEMENT', 'OPTION_NOT_RESPONDING']",,-1.2142577359968605,0.8617312965139081,-3.499151325238276,45.0,0.2222,,,,False,False,,0.040229885057461126,5,-0.5912495072920773,1.497832085139926,-2.8905531467612664,40.0,0.1446,,,,False,False,1.0,0.0,10,95.3,0.0,1.1315926791675592,0.0,,-0.2606,0,-0.0,400
2026-09-18,SENSEX,RANDOM,81,-1,RANDOM,False,15:01:50,15:00-15:03,MODE_A,False,OPTION_RESPONSE_LAG,False,,20,False,"['NO_DIRECTIONAL_AGREEMENT', 'OPTION_NOT_RESPONDING']",,0.35168566577734384,2.1464952704341416,-1.6007761338831004,265.0,0.1699,45,,,False,False,0.9711934156373903,0.1108545034642023,25,-0.1326419872181248,1.5675871216688775,-2.1584468829132977,260.0,0.2173,,,,False,False,0.6968449931409072,0.3187066974595836,30,44.8,50.0,0.7613463193181524,0.0,,-0.2886,-20,-0.0,790
2026-09-18,SENSEX,RANDOM,226,1,RANDOM,False,15:13:55,15:12-15:15,MODE_A,False,SYNCHRONIZED,False,2,60,False,"['NOT_EARLY', 'NO_DIRECTIONAL_AGREEMENT', 'OPTION_NOT_RESPONDING']",,-2.062663185378584,0.3263707571801566,-4.5430809399477745,255.0,0.1176,,,,False,False,0.5193075898803208,0.8583509513742061,65,-1.5485564304461883,0.8530183727034121,-4.041994750656162,250.0,0.1839,80,,,False,False,0.5858854860188234,0.6786469344608866,70,40.1,0.0,-0.6266891234759525,1.0,2,-0.2082,-60,-3.6499999999941792,65
2026-09-18,SENSEX,RANDOM,214,-1,RANDOM,False,15:12:55,15:12-15:15,MODE_A,False,OPTION_RESPONSE_LAG,False,,40,False,"['NOT_EARLY', 'NO_DIRECTIONAL_AGREEMENT', 'OPTION_NOT_RESPONDING']",,-0.12643678160919802,0.08045977011494776,-4.252873563218391,145.0,0.1841,,,,False,False,0.2804054054052327,0.7932692307692325,45,-0.5280679600505134,-0.045918953047867896,-4.373780277809669,140.0,0.2529,,,,False,False,0.3310810810809482,0.8701923076923053,50,16.7,0.0,-0.5475197537234517,0.0,,-0.1945,-40,-2.5750000000116415,125
2026-09-18,SENSEX,RANDOM,237,-1,RANDOM,False,15:14:50,15:12-15:15,MODE_A,False,FALSE_OPTION_MOVE,False,,60,False,"['WINDOW', 'NOT_EARLY', 'NO_DIRECTIONAL_AGREEMENT', 'OPTION_NOT_RESPONDING']",,-0.5986645176145573,0.7137923094634967,-4.098549389822706,30.0,0.2421,,,,False,False,0.7668038408778033,0.7007575757575734,65,-0.13879250520472422,1.179736294240103,-3.654869303724268,25.0,0.2548,,,,False,False,0.7668038408778033,0.5473484848484846,70,0.0,0.0,-0.14960484457410864,0.0,,-0.2306,-60,-0.07499999999708962,10
2026-09-18,SENSEX,RANDOM,74,-1,RANDOM,False,15:01:15,15:00-15:03,MODE_A,False,SYNCHRONIZED,False,0,60,False,"['NOT_EARLY', 'NO_DIRECTIONAL_AGREEMENT', 'OPTION_NOT_RESPONDING', 'EXTENDED']",,-2.1583591700453164,0.44121154304792887,-3.2435010732172724,300.0,0.2746,,,,False,False,0.04239130434807916,0.8027681660899676,65,-1.9478967495219834,0.6572657743785851,-3.0353728489483722,295.0,0.2752,,,,False,False,0.14347826086969176,0.7404844290657437,70,85.6,72.8,0.7402278025245975,1.0,0,-0.1671,-60,-0.0,825
2026-09-18,SENSEX,RANDOM,151,1,RANDOM,False,15:07:40,15:06-15:09,MODE_A,False,NO_CLEAR_ONSET,False,,0,False,"['NO_DIRECTIONAL_AGREEMENT', 'OPTION_NOT_RESPONDING']",,-0.5374968006142734,-0.5374968006142734,-5.413360634758121,85.0,0.0256,,,,False,False,,,5,-0.3852080123266564,-0.3852080123266564,-5.097586029789411,80.0,0.2057,,,,False,False,1.0,,10,14.2,0.0,-0.05710287300252975,0.0,,-0.2539,0,-0.0,440
2026-09-18,SENSEX,RANDOM,95,-1,RANDOM,False,15:03:00,15:03-15:06,MODE_A,False,NO_CLEAR_ONSET,False,,35,False,"['NOT_EARLY', 'OPTION_NOT_RESPONDING']",,1.418009938189302,4.157071870076349,-1.6604047994182576,195.0,0.182,65,90,110,False,False,0.9501915708811256,0.11397058823529368,40,0.0,3.842435959400671,-1.9574673755437464,190.0,0.2541,85,95,,False,False,0.8821839080455572,0.16789215686274306,45,28.3,0.0,0.2589042885476392,0.0,,-0.2426,-35,-0.9750000000058208,720
2026-09-18,SENSEX,RANDOM,135,-1,RANDOM,False,15:06:20,15:06-15:09,MODE_A,False,NO_CLEAR_ONSET,False,,0,False,['OPTION_NOT_RESPONDING'],,4.697986577181208,7.26052471018914,-0.4758999389871846,5.0,0.2811,20,25,40,True,True,0.9821086261979715,0.08708487084870815,5,5.16397454723445,7.562408223201168,0.40381791483112506,10.0,0.196,15,15,35,True,True,0.9833865814696113,0.058302583025829254,10,60.0,0.0,0.24499680688590408,0.0,,-0.2585,0,-0.0,520
2026-09-18,SENSEX,RANDOM,90,-1,RANDOM,False,15:02:35,15:00-15:03,MODE_A,False,OPTION_RESPONSE_LAG,False,,40,False,"['NOT_EARLY', 'NO_DIRECTIONAL_AGREEMENT', 'OPTION_NOT_RESPONDING']",,-0.7215874924834637,1.8881539386650688,-2.4173180998196058,220.0,0.2408,,,,False,False,0.8140589569165203,0.38297872340425465,45,-0.6498977012877575,2.8162233722469585,-2.346852810205801,215.0,0.1084,120,,,False,False,0.8362919132151634,0.30239099859353064,50,9.4,8.1,-0.3161425323157692,1.0,,-0.2772,-40,-3.25,745
2026-09-18,SENSEX,RANDOM,183,-1,RANDOM,False,15:10:20,15:09-15:12,MODE_A,False,OPTION_RESPONSE_LAG,False,,40,False,"['NOT_EARLY', 'NO_DIRECTIONAL_AGREEMENT', 'OPTION_NOT_RESPONDING', 'EXTENDED']",,-0.18336007334403195,0.3781801512720553,-4.538161815264729,300.0,0.241,,,,False,False,0.7087198515779842,0.6028368794326231,45,-0.18321309973662075,0.2977212870720283,-4.614679949616392,295.0,0.2637,,,,False,False,0.7680890538034397,0.6453900709219864,50,72.9,45.9,-0.12260987341511692,1.0,,-0.1941,-40,-0.0,280
2026-09-18,SENSEX,RANDOM,212,1,RANDOM,False,15:12:45,15:12-15:15,MODE_A,False,NO_CLEAR_ONSET,False,,0,False,['OPTION_NOT_RESPONDING'],,1.037037037037043,4.040404040404041,0.26936026936026936,5.0,0.2562,10,10,20,True,True,1.0,0.0,5,0.5630026809651536,3.5522788203753355,-0.13404825737265416,120.0,0.2013,5,10,20,True,True,0.9740596627756083,0.07553366174055696,10,73.1,0.0,-0.6872221628138067,0.0,,-0.175,0,-0.0,135
2026-09-18,SENSEX,RANDOM,93,-1,RANDOM,False,15:02:50,15:00-15:03,MODE_A,False,OPTION_RESPONSE_LAG,False,,55,False,"['NOT_EARLY', 'NO_DIRECTIONAL_AGREEMENT', 'OPTION_NOT_RESPONDING']",,-0.4598257502420081,3.4002904162633136,-1.815101645692159,205.0,0.218,100,110,,False,False,0.7710843373492156,0.1629213483146059,60,1.6719166464744448,3.5255633632178367,-1.6961473225102979,200.0,0.2426,95,105,115,False,False,0.8072289156626961,0.1320224719101108,65,0.0,0.0,-0.1986878210891552,1.0,,-0.1569,-55,-3.375,730
2026-09-18,SENSEX,RANDOM,130,1,RANDOM,False,15:05:55,15:03-15:06,MODE_A,False,NO_CLEAR_ONSET,False,,15,False,['OPTION_NOT_RESPONDING'],,-1.7744916820702374,1.404805914972271,-8.92174984596426,190.0,0.1233,5,15,,True,True,0.6162988115455384,0.4838709677419364,20,-0.4644341236861486,0.5744316792960072,-9.667562943045713,185.0,0.2692,15,,,False,False,0.3378607809849816,0.7298387096774216,25,61.5,17.3,0.8079958146937151,1.0,,-0.2714,-15,-0.0,545
2026-09-18,SENSEX,RANDOM,62,1,RANDOM,False,15:00:15,15:00-15:03,MODE_A,False,NO_CLEAR_ONSET,False,,0,False,"['NO_DIRECTIONAL_AGREEMENT', 'OPTION_NOT_RESPONDING']",,-1.3222331047992109,1.138589618021556,-2.4363369245837387,55.0,0.098,15,,,False,False,1.0,0.0,5,-1.1770475723393847,1.287395782246199,-2.2927905836194267,50.0,0.2824,10,115,,False,False,1.0,0.0,10,85.6,0.0,-0.21786443326991461,0.0,,-0.2182,0,-0.0,885
2026-09-18,SENSEX,RANDOM,109,-1,RANDOM,False,15:04:10,15:03-15:06,MODE_A,False,NO_CLEAR_ONSET,False,,50,False,"['NOT_EARLY', 'NO_DIRECTIONAL_AGREEMENT', 'OPTION_NOT_RESPONDING', 'EXTENDED']",,-1.5449607724803809,6.095353047676523,-2.0639710319855187,125.0,0.1449,20,35,,True,True,0.9591508523640622,0.1312292358803982,55,-1.4378927017883008,6.210729821169644,-1.9574673755437464,120.0,0.2177,15,25,,True,True,0.9562560308779786,0.1112956810631236,60,8.0,33.7,0.12057308437041535,1.0,,-0.1686,-50,-0.5250000000087311,650
2026-09-18,SENSEX,RANDOM,117,1,RANDOM,False,15:04:50,15:03-15:06,MODE_A,False,NO_CLEAR_ONSET,False,,5,False,"['NO_DIRECTIONAL_AGREEMENT', 'OPTION_NOT_RESPONDING']",,-0.48640558742828355,2.631578947368424,-7.819905213270134,255.0,0.2247,25,65,80,False,False,1.0,0.0,10,-0.7921772496596086,1.856665428889714,-8.515905433840816,250.0,0.2603,65,65,,False,False,0.9806866952784848,0.0,15,67.1,67.7,0.7627138050665118,0.0,,-0.2596,-5,-0.0,610
2026-09-18,SENSEX,RANDOM,222,-1,RANDOM,False,15:13:35,15:12-15:15,MODE_A,False,NO_CLEAR_ONSET,False,,15,False,['OPTION_NOT_RESPONDING'],,-0.8868144690781824,2.077012835472573,-2.8004667444574096,105.0,0.1051,30,30,,True,False,0.7462514417530356,0.450581395348836,20,-0.7473143390938787,2.148528724894906,-2.732368052312001,100.0,0.2221,25,25,,True,True,0.7427912341407112,0.4186046511627922,25,30.4,0.0,-0.7544095371302746,1.0,,-0.2475,-15,-0.5,85
2026-09-18,SENSEX,RANDOM,182,1,RANDOM,False,15:10:15,15:09-15:12,MODE_A,False,SYNCHRONIZED,False,0,60,False,"['NOT_EARLY', 'NO_DIRECTIONAL_AGREEMENT', 'OPTION_NOT_RESPONDING']",,-0.0926538716082125,2.2501654533421576,-1.9722038385175351,150.0,0.1855,50,65,,False,False,0.3133445945944904,0.43806646525679727,65,-0.4746835443038005,1.8591772151898764,-2.347046413502104,145.0,0.198,55,65,,False,False,0.23395270270237842,0.5241691842900306,70,48.1,0.0,-0.8684857984650064,1.0,0,-0.2377,-60,-2.1749999999883585,285
2026-09-18,SENSEX,RANDOM,170,-1,RANDOM,False,15:09:15,15:09-15:12,MODE_A,False,UNDERLYING_LEAD,False,-6,60,False,"['NOT_EARLY', 'NO_DIRECTIONAL_AGREEMENT', 'OPTION_NOT_RESPONDING', 'EXTENDED']",,-0.3306350473150128,0.13681450233723996,-4.229848363926578,240.0,0.274,,,,False,False,0.019057171514774936,0.8498942917547546,65,-0.72677719736543,-0.5337270043152448,-4.6104928457869665,235.0,0.2615,,,,False,False,0.0,1.0,70,25.3,0.0,-0.12063602073112004,1.0,-6,-0.2727,-60,-1.4499999999970896,345
2026-09-18,SENSEX,RANDOM,146,1,RANDOM,False,15:07:15,15:06-15:09,MODE_A,False,NO_CLEAR_ONSET,False,,5,False,"['NO_DIRECTIONAL_AGREEMENT', 'OPTION_NOT_RESPONDING']",,-0.5549249590112217,-0.353134064825319,-6.785218817000878,110.0,0.1136,,,,False,False,,,10,-0.42934713979037475,-0.42934713979037475,-6.667508523803504,105.0,0.2276,,,,False,False,,,15,8.5,9.6,0.11260934349361454,0.0,,-0.1005,-5,-0.0,465
2026-09-18,SENSEX,RANDOM,162,-1,RANDOM,False,15:08:35,15:06-15:09,MODE_A,False,OPTION_LEAD,False,4,60,False,"['NOT_EARLY', 'NO_DIRECTIONAL_AGREEMENT', 'OPTION_NOT_RESPONDING', 'EXTENDED']",,-0.21912120862645337,1.3723907277130638,-3.1253603967247168,280.0,0.2078,10,30,,True,True,0.4974683544302324,0.5757575757575758,65,-0.24213075060531639,1.3490141819439694,-3.147699757869244,275.0,0.2655,5,25,,True,True,0.4991561181434108,0.5742424242424222,70,73.3,36.4,0.21396347174049585,1.0,4,-0.2195,-60,-0.0,385
2026-09-18,SENSEX,RANDOM,140,1,RANDOM,False,15:06:45,15:06-15:09,MODE_A,False,OPTION_RESPONSE_LAG,False,,60,False,"['NOT_EARLY', 'NO_DIRECTIONAL_AGREEMENT', 'OPTION_NOT_RESPONDING']",,-0.44155525573407445,-0.44155525573407445,-9.346252913038137,140.0,0.2825,,,,False,False,0.0,1.0,65,-1.0076185795035553,-1.0076185795035553,-9.179159498648309,135.0,0.2584,,,,False,False,0.0,1.0,70,45.9,9.6,-0.7309422255329874,0.0,,-0.2453,-60,-1.125,495
2026-09-18,SENSEX,RANDOM,227,-1,RANDOM,False,15:14:00,15:12-15:15,MODE_A,False,FALSE_OPTION_MOVE,False,,40,False,['NOT_EARLY'],,-2.9815979501514116,1.8867924528301807,-2.9815979501514116,80.0,0.1865,5,5,,True,True,0.7174163783158806,0.4869186046511615,45,-0.6672802577082453,0.6442705936493223,-4.164749194661763,75.0,0.1958,,,,False,False,0.6412918108420598,0.7936046511627906,50,33.3,24.4,0.8354647694032505,1.0,,-0.2577,-40,-0.6999999999970896,60
2026-09-18,SENSEX,RANDOM,156,1,RANDOM,False,15:08:05,15:06-15:09,MODE_A,False,NO_CLEAR_ONSET,False,,0,False,['OPTION_NOT_RESPONDING'],,-0.661049902786782,-0.49254698639014316,-4.199611147116005,60.0,0.2076,,,,False,False,0.0,1.0,5,0.13065064018813694,0.3135615364515257,-3.436111836947995,55.0,0.1831,,,,False,False,0.0,0.0,10,54.2,0.0,-1.0050251256281495,0.0,,-0.2603,0,-0.0,415
2026-09-18,SENSEX,RANDOM,221,1,RANDOM,False,15:13:30,15:12-15:15,MODE_A,False,SYNCHRONIZED,False,2,40,False,"['NOT_EARLY', 'NO_DIRECTIONAL_AGREEMENT', 'OPTION_NOT_RESPONDING']",,-1.3104969508239293,-0.25950434669780714,-5.125210847281691,280.0,0.0909,,,,False,False,0.3442622950814644,1.0,45,-0.5231493591420351,0.5362280931205889,-4.36829714883599,275.0,0.0916,10,,,False,False,0.485948477751624,0.8165467625899276,50,52.2,0.0,-0.08493284520790462,0.0,2,-0.1951,-40,-2.974999999991269,90
2026-09-18,SENSEX,RANDOM,211,1,RANDOM,False,15:12:40,15:12-15:15,MODE_A,False,NO_CLEAR_ONSET,False,,0,False,"['NO_DIRECTIONAL_AGREEMENT', 'OPTION_NOT_RESPONDING']",,-0.4034427111350188,3.886498117267345,-0.4034427111350188,5.0,0.175,15,20,25,True,True,1.0,0.0,5,0.26936026936026936,4.040404040404041,0.26936026936026936,5.0,0.2562,10,10,20,True,True,1.0,0.0,10,6.5,0.0,-0.15964091169618422,0.0,,-0.1732,0,-0.0,140
2026-09-18,SENSEX,RANDOM,108,1,RANDOM,False,15:04:05,15:03-15:06,MODE_A,False,NO_CLEAR_ONSET,False,,25,False,['OPTION_NOT_RESPONDING'],,-0.6112469437652812,0.5990220048899728,-9.645476772616133,300.0,0.208,,,,False,False,0.898058252425662,0.0,30,-0.853658536585366,0.3536585365853631,-9.865853658536583,295.0,0.1464,,,,False,False,0.7184466019427901,0.3383458646616553,35,42.6,58.5,0.6160694053851936,0.0,,-0.2195,-25,-2.1499999999941792,655
2026-09-18,SENSEX,RANDOM,196,-1,RANDOM,False,15:11:25,15:09-15:12,MODE_A,False,OPTION_RESPONSE_LAG,False,,55,False,"['NOT_EARLY', 'OPTION_NOT_RESPONDING', 'EXTENDED']",,-2.0814061054579094,1.2835337650323801,-3.677150786308968,235.0,0.2315,15,75,,False,False,1.0,0.03610108303249092,60,-0.1728110599078341,0.9101382488479236,-4.032258064516129,230.0,0.2538,70,,,False,False,0.9613526570054151,0.2599277978339362,65,32.1,32.0,-0.4155767747272493,0.0,,-0.1622,-55,-7.199999999982538,215
2026-09-18,SENSEX,RANDOM,235,1,RANDOM,False,15:14:40,15:12-15:15,MODE_A,False,NO_CLEAR_ONSET,False,,30,False,"['NO_DIRECTIONAL_AGREEMENT', 'OPTION_NOT_RESPONDING']",,-0.08005336891261144,2.535023348899266,-2.44162775183455,210.0,0.2538,30,30,40,True,True,0.9940711462452866,0.1054945054945045,35,0.21410410812257769,2.83687943262412,-2.1544225879833947,205.0,0.1473,25,25,35,True,True,0.9940711462452866,0.026373626373627373,40,6.5,0.0,1.1705309839832179,0.0,,-0.2814,-30,-0.02500000000873115,20
2026-09-18,SENSEX,RANDOM,75,1,RANDOM,False,15:01:20,15:00-15:03,MODE_A,False,NO_CLEAR_ONSET,False,,5,True,[],10,-0.14705882352941735,1.2377450980392184,-2.2181372549019636,245.0,0.27,20,45,,True,True,0.3314203730268703,0.5872193436960267,20,0.07347538574577794,1.1633602743081066,-2.2899828557433315,240.0,0.2207,15,100,,False,False,0.35294117647019524,0.6148531951640774,25,77.8,82.6,1.7432912778146346,0.0,,-0.2746,-5,-0.0,820
2026-09-18,SENSEX,RANDOM,118,1,RANDOM,False,15:04:55,15:03-15:06,MODE_A,False,NO_CLEAR_ONSET,False,,0,False,['OPTION_NOT_RESPONDING'],,-0.7921772496596086,1.856665428889714,-8.515905433840816,250.0,0.2603,65,65,,False,False,0.7811965811967801,0.2598253275109193,5,-1.3123684536337776,1.8818868391729515,-8.493252445214809,245.0,0.2603,60,60,,True,False,0.7897435897437888,0.2510917030567688,10,52.2,0.0,-1.0756872197834224,0.0,,-0.2247,0,-0.0,605
2026-09-18,SENSEX,RANDOM,205,-1,RANDOM,False,15:12:10,15:12-15:15,MODE_A,False,NO_CLEAR_ONSET,False,,40,False,"['NOT_EARLY', 'NO_DIRECTIONAL_AGREEMENT', 'OPTION_NOT_RESPONDING', 'EXTENDED']",,-0.10375835831219475,0.9799400507263085,-3.9658750288217637,190.0,0.0577,30,,,False,False,1.0,0.2779783393501817,45,-2.2509523259840702,1.1081611450998528,-3.8439339720650993,185.0,0.2311,25,25,,True,True,0.8820861678002829,0.14440433212996368,50,34.1,0.0,0.040145769394599934,1.0,,-0.2182,-40,-1.8499999999912689,170
2026-09-18,SENSEX,RANDOM,157,-1,RANDOM,False,15:08:10,15:06-15:09,MODE_A,False,OPTION_LEAD,False,4,55,False,"['NOT_EARLY', 'OPTION_NOT_RESPONDING', 'EXTENDED']",,1.2136772085424177,2.579064068152646,-1.1786672890652379,300.0,0.2571,20,35,50,True,True,0.828093911659317,0.37992376111816833,60,-0.4293837762562429,2.007659278171052,-2.51827782290821,300.0,0.2091,30,30,55,True,True,0.5976920015915654,0.5069885641677235,65,47.8,0.0,-1.720633550712125,1.0,4,-0.2572,-55,-1.7250000000058208,410
2026-09-18,SENSEX,RANDOM,127,-1,RANDOM,False,15:05:40,15:03-15:06,MODE_A,False,OPTION_RESPONSE_LAG,False,,60,False,"['NOT_EARLY', 'NO_DIRECTIONAL_AGREEMENT', 'OPTION_NOT_RESPONDING']",,-1.0553776829123653,4.233368907861976,-3.7827582117870246,35.0,0.2493,120,120,,False,False,0.8943686603707054,0.18474758324382407,65,-0.6430102405334577,4.667778042391051,-3.3817575613241226,30.0,0.2623,95,115,,False,False,0.9174536551242406,0.10848549946294438,70,29.0,7.1,0.04731191817605446,1.0,,-0.261,-60,-0.0,560
2026-09-18,SENSEX,RANDOM,91,1,RANDOM,False,15:02:40,15:00-15:03,MODE_A,False,OPTION_RESPONSE_LAG,False,,50,False,"['NOT_EARLY', 'NO_DIRECTIONAL_AGREEMENT', 'OPTION_NOT_RESPONDING']",,0.5638636920813953,1.2625643540083438,-4.241235596960028,300.0,0.1718,15,35,,True,True,0.21266968325810923,0.1328413284132885,55,0.36701737215561536,1.06435037925129,-4.918032786885237,300.0,0.1837,10,30,,True,True,0.20361990950194067,0.24723247232472367,60,0.0,11.5,0.606031229557058,0.0,,-0.1099,-50,-4.099999999991269,740
2026-09-18,SENSEX,RANDOM,171,-1,RANDOM,False,15:09:20,15:09-15:12,MODE_A,False,SYNCHRONIZED,False,0,60,False,"['NOT_EARLY', 'NO_DIRECTIONAL_AGREEMENT', 'OPTION_NOT_RESPONDING', 'EXTENDED']",,-0.72677719736543,-0.5337270043152448,-4.6104928457869665,235.0,0.2615,,,,False,False,0.0,1.0,65,-1.015749828806219,-0.034238758274374365,-4.131476831773573,230.0,0.2285,,,,False,False,0.13492927094690035,0.8919667590027736,70,53.6,0.0,-0.699147524483383,0.0,0,-0.274,-60,-3.125,340
2026-09-18,SENSEX,RANDOM,218,-1,RANDOM,False,15:13:15,15:12-15:15,MODE_A,False,NO_CLEAR_ONSET,False,,0,False,"['NO_DIRECTIONAL_AGREEMENT', 'OPTION_NOT_RESPONDING']",,0.7243795273720487,3.7406483790523692,-1.080631753948465,125.0,0.2497,10,20,50,True,True,1.0,0.0,5,1.1674528301886766,3.1603773584905603,-1.7688679245283019,120.0,0.2716,15,40,45,True,True,1.0,0.0,10,81.3,0.0,-1.9264821065772813,0.0,,-0.2595,0,-0.0,105
2026-09-18,SENSEX,RANDOM,123,-1,RANDOM,False,15:05:20,15:03-15:06,MODE_A,False,OPTION_RESPONSE_LAG,False,,55,False,"['NOT_EARLY', 'OPTION_NOT_RESPONDING']",,-1.3746115228305043,5.068132918957683,-3.012192206550328,55.0,0.2274,15,120,,False,False,0.8862964180085946,0.16728971962616696,60,-1.8789392317754734,4.530859793078847,-3.5081460340111787,50.0,0.2381,115,,,False,False,0.8501478803812449,0.24672897196261553,65,36.8,0.0,0.4997537895513239,0.0,,-0.1792,-55,-3.4249999999883585,580
2026-09-18,SENSEX,RANDOM,199,-1,RANDOM,False,15:11:40,15:09-15:12,MODE_A,False,NO_CLEAR_ONSET,False,,10,False,"['NO_DIRECTIONAL_AGREEMENT', 'OPTION_NOT_RESPONDING', 'EXTENDED']",,-0.4592949822023194,0.5741187277528993,-4.351819956366974,220.0,0.1839,60,,,False,False,0.9002267573704855,0.4909747292418814,15,-0.2532519857258024,0.8288246805571464,-4.109589041095896,215.0,0.1382,55,,,False,False,0.9727891156460161,0.3465703971119177,20,28.1,24.9,-0.2896672350302183,1.0,,-0.1383,-10,-0.0,200
2026-09-18,SENSEX,RANDOM,166,-1,RANDOM,False,15:08:55,15:06-15:09,MODE_A,False,SYNCHRONIZED,False,0,55,False,"['NOT_EARLY', 'OPTION_NOT_RESPONDING', 'EXTENDED']",,-0.034305317324180046,0.5145797598627788,-3.9451114922813035,260.0,0.206,15,,,False,False,0.4561878952123574,0.7739726027397256,60,-1.6316750342309398,0.2966681880419925,-4.153354632587857,255.0,0.217,,,,False,False,0.04290876242096431,0.837328767123288,65,68.0,62.8,-0.906522159421041,1.0,0,-0.2287,-55,-0.0,365
2026-09-18,SENSEX,RANDOM,85,-1,RANDOM,False,15:02:10,15:00-15:03,MODE_A,False,OPTION_RESPONSE_LAG,False,,40,False,"['NOT_EARLY', 'NO_DIRECTIONAL_AGREEMENT', 'OPTION_NOT_RESPONDING']",,-0.30193236714975846,1.7270531400966127,-2.004830917874399,245.0,0.2539,,,,False,False,0.757217847769066,0.25173210161663057,45,0.6336826712161749,2.778454789178644,-1.1211308798440223,240.0,0.2196,10,20,,True,True,0.7776442307692619,0.0,50,25.0,0.0,0.5136760556992039,1.0,,-0.2292,-40,-4.400000000008731,770
2026-09-18,SENSEX,RANDOM,89,-1,RANDOM,False,15:02:30,15:00-15:03,MODE_A,False,OPTION_RESPONSE_LAG,False,,60,False,"['NOT_EARLY', 'NO_DIRECTIONAL_AGREEMENT', 'OPTION_NOT_RESPONDING']",,-0.8785654110001149,1.961728246479729,-2.346852810205801,225.0,0.2772,,,,False,False,0.7888888888888889,0.3563829787234035,65,-0.7215874924834637,1.8881539386650688,-2.4173180998196058,220.0,0.2408,,,,False,False,0.7951273532669938,0.38297872340425465,70,0.0,6.7,-0.10037301402624627,1.0,,-0.2656,-60,-4.400000000008731,750
2026-09-18,SENSEX,RANDOM,185,1,RANDOM,False,15:10:30,15:09-15:12,MODE_A,False,SYNCHRONIZED,False,0,60,False,"['NOT_EARLY', 'NO_DIRECTIONAL_AGREEMENT', 'OPTION_NOT_RESPONDING']",,-0.7804232804232775,2.1825396825396823,-2.037037037037034,135.0,0.1589,35,55,,True,True,0.6672897196252978,0.3023255813953476,65,-0.22633470909333583,2.8491545732925014,-1.3979496738117427,130.0,0.1332,30,30,50,True,True,1.0,0.11627906976744207,70,53.7,33.1,-0.3115899331849611,1.0,0,-0.1187,-60,-3.125,270
2026-09-18,SENSEX,RANDOM,103,1,RANDOM,False,15:03:40,15:03-15:06,MODE_A,False,NO_CLEAR_ONSET,False,,0,False,['OPTION_NOT_RESPONDING'],,-1.4048375274859515,0.5252870754947416,-7.57390666992426,290.0,0.2446,,,,False,False,0.7572815533984697,0.2873563218390827,5,-1.5371477369769455,0.39038672685127873,-8.722703428083445,300.0,0.2565,,,,False,False,0.7766990291248969,0.4080459770114922,10,61.9,0.0,-0.35974723686998245,0.0,,-0.2325,0,-0.0,680
2026-09-18,SENSEX,RANDOM,202,-1,RANDOM,False,15:11:55,15:09-15:12,MODE_A,False,NO_CLEAR_ONSET,False,,25,False,"['NO_DIRECTIONAL_AGREEMENT', 'OPTION_NOT_RESPONDING', 'EXTENDED']",,-0.2646111366774123,0.7708237459733009,-4.164749194661763,205.0,0.1382,45,,,False,False,0.7505668934242338,0.3826714801444086,30,-0.3563218390804624,0.6781609195402273,-4.252873563218391,200.0,0.115,40,,,False,False,0.7551020408167844,0.4476534296028906,35,41.6,57.2,0.5293633022994191,1.0,,-0.1608,-25,-0.0,185
2026-09-18,SENSEX,RANDOM,129,-1,RANDOM,False,15:05:50,15:03-15:06,MODE_A,False,NO_CLEAR_ONSET,False,,25,False,"['NO_DIRECTIONAL_AGREEMENT', 'OPTION_NOT_RESPONDING']",,-0.49037196507595054,5.130965195550768,-2.954192082286813,25.0,0.2035,80,90,110,False,False,1.0,0.0,30,-0.9959203263738846,5.471562275018002,-2.6397888168946486,20.0,0.1681,65,80,105,False,False,1.0,0.0,35,41.9,0.0,-0.3443753334163667,0.0,,-0.2623,-25,-2.0500000000029104,550
2026-09-18,SENSEX,RANDOM,78,-1,RANDOM,False,15:01:35,15:00-15:03,MODE_A,False,UNDERLYING_LEAD,True,-7,60,False,"['NOT_EARLY', 'NO_DIRECTIONAL_AGREEMENT', 'OPTION_NOT_RESPONDING']",,-0.2531035313968932,1.5186211883813316,-2.205616487887196,280.0,0.2413,,,,False,False,0.5173572228445427,0.3490990990991002,65,0.012083131947803617,1.7762203963267196,-1.9574673755437464,275.0,0.133,,,,False,False,0.5296752519596252,0.2747747747747715,70,84.8,97.8,2.533219609315677,0.0,-7,-0.2414,-60,-11.650000000008731,805
2026-09-18,SENSEX,RANDOM,223,-1,RANDOM,False,15:13:40,15:12-15:15,MODE_A,False,FALSE_OPTION_MOVE,False,,20,False,"['NO_DIRECTIONAL_AGREEMENT', 'OPTION_NOT_RESPONDING']",,-2.732368052312001,2.148528724894906,-2.732368052312001,100.0,0.2221,25,25,,True,True,0.7427912341407112,0.4186046511627922,25,0.6334310850439856,2.6158357771260943,-2.287390029325513,95.0,0.2584,15,20,25,True,True,0.8408304498270384,0.3008720930232557,30,47.0,56.1,1.2367529376053437,1.0,,-0.1051,-20,-0.0,80
2026-09-18,SENSEX,RANDOM,138,-1,RANDOM,False,15:06:35,15:06-15:09,MODE_A,False,NO_CLEAR_ONSET,False,,15,False,"['NO_DIRECTIONAL_AGREEMENT', 'OPTION_NOT_RESPONDING']",,5.117296705968142,6.843320773064295,0.46189376443417457,5.0,0.2678,10,20,30,True,True,0.9709265175717734,0.1350553505535052,20,-0.04825672578115301,6.04415490408976,-0.10857763300759768,5.0,0.29,20,20,45,True,True,0.9856230031948882,0.22509225092250923,25,42.9,43.5,0.9609693110145929,1.0,,-0.2675,-15,-0.0,505
2026-09-18,SENSEX,RANDOM,132,1,RANDOM,False,15:06:05,15:06-15:09,MODE_A,False,OPTION_RESPONSE_LAG,False,,25,False,['OPTION_NOT_RESPONDING'],,-1.5158924205378945,0.5990220048899728,-9.645476772616133,180.0,0.0489,10,,,False,False,0.2563667232602539,0.7580645161290318,30,-1.0329323125531655,0.0,-10.18349738728885,175.0,0.1094,,,,False,False,0.0967741935485465,0.9455645161290358,35,71.5,48.7,0.7151527724818735,1.0,,-0.2692,-25,-0.0,535
2026-09-18,SENSEX,RANDOM,94,1,RANDOM,False,15:02:55,15:00-15:03,MODE_A,False,NO_CLEAR_ONSET,False,,50,False,"['NOT_EARLY', 'OPTION_NOT_RESPONDING']",,-1.3588934724581467,0.23052657122057474,-5.957291919437032,300.0,0.1579,,,,False,False,0.49444444444573793,0.756457564575642,55,-1.3229760893312268,0.2670226969292445,-6.869765748270424,300.0,0.2065,,,,False,False,0.5333333333352736,0.7195571955719521,60,41.6,0.0,0.29964519792991606,1.0,,-0.2315,-50,-2.1000000000058208,725
2026-09-18,SENSEX,RANDOM,107,1,RANDOM,False,15:04:00,15:03-15:06,MODE_A,False,NO_CLEAR_ONSET,False,,20,False,"['NO_DIRECTIONAL_AGREEMENT', 'OPTION_NOT_RESPONDING']",,-0.9864815491413985,0.21921812203141572,-9.280233832663505,300.0,0.2195,,,,False,False,0.7475728155338435,0.4586466165413652,25,-1.3325183374083103,0.5990220048899728,-9.645476772616133,300.0,0.208,,,,False,False,0.898058252425662,0.0,30,21.2,0.0,-0.6341996294460085,0.0,,-0.2323,-20,-3.0,660
